timestamp,action,price,balance,regime,reason
1767244500.0,BUY,273196.1724554782,25.5,ranging,3 bullish / 0 bearish votes (need 3) in ranging regime
1767258600.0,SELL,272873.27378428867,49.971042722256904,trending,0 bullish / 3 bearish votes (need 3) in trending regime
1767274800.0,BUY,274539.4533328941,25.571042722256905,trending,3 bullish / 0 bearish votes (need 3) in trending regime
1767286200.0,SELL,276479.20112960733,50.143439970321694,trending,0 bullish / 3 bearish votes (need 3) in trending regime
1767291300.0,BUY,280070.7651123208,25.723439970321692,trending,3 bullish / 0 bearish votes (need 3) in trending regime
1767301200.0,SELL,280523.63401937304,50.18292662900876,ranging,0 bullish / 3 bearish votes (need 3) in ranging regime
1767318900.0,BUY,285090.00020422373,25.81292662900876,trending,3 bullish / 0 bearish votes (need 3) in trending regime
1767327000.0,SELL,299870.23650468,51.446367501659836,-,take-profit hit: 5.2%
1767329700.0,BUY,301221.00291193515,26.286367501659836,trending,3 bullish / 0 bearish votes (need 3) in trending regime
1767337800.0,SELL,318065.929029241,52.85336879643782,-,take-profit hit: 5.6%
1767339600.0,BUY,321466.9205950748,27.273368796437822,trending,3 bullish / 0 bearish votes (need 3) in trending regime
1767350400.0,SELL,338069.34724074823,54.17446918465249,-,take-profit hit: 5.2%
1767350700.0,BUY,338654.6633578248,27.86446918465249,trending,3 bullish / 0 bearish votes (need 3) in trending regime
1767360900.0,SELL,356627.2479028874,55.57075499005707,-,take-profit hit: 5.3%
1767362700.0,BUY,357735.0423241495,28.410754990057068,trending,3 bullish / 0 bearish votes (need 3) in trending regime
1767372900.0,SELL,377232.0099147423,57.05100594987408,-,take-profit hit: 5.5%
1767377400.0,BUY,380296.8406407917,29.32100594987408,trending,3 bullish / 0 bearish votes (need 3) in trending regime
1767380400.0,SELL,378856.93471514346,56.946012726025714,trending,0 bullish / 3 bearish votes (need 3) in trending regime
1767403200.0,BUY,371708.44183599047,29.116012726025716,trending,3 bullish / 0 bearish votes (need 3) in trending regime
1767417900.0,SELL,375943.05348236754,57.26306025267476,trending,0 bullish / 3 bearish votes (need 3) in trending regime
1767422700.0,BUY,375666.8310749042,29.453060252674764,trending,3 bullish / 0 bearish votes (need 3) in trending regime
1767498900.0,SELL,385732.9220457009,58.00823647463949,trending,0 bullish / 3 bearish votes (need 3) in trending regime
1767562800.0,BUY,305728.51481194404,29.728236474639488,trending,3 bullish / 0 bearish votes (need 3) in trending regime
1767572400.0,SELL,305356.5292643561,57.97382767475291,trending,0 bullish / 3 bearish votes (need 3) in trending regime
1767577800.0,BUY,309549.2436260021,29.78382767475291,trending,3 bullish / 0 bearish votes (need 3) in trending regime
1767581700.0,SELL,306767.3705798453,57.72048833445102,trending,0 bullish / 3 bearish votes (need 3) in trending regime
1767609900.0,BUY,309009.5542886746,29.54048833445102,trending,3 bullish / 0 bearish votes (need 3) in trending regime
1767631500.0,SELL,306652.5006385224,57.505537790238265,trending,0 bullish / 3 bearish votes (need 3) in trending regime
1767642600.0,BUY,307016.4284196355,29.585537790238263,trending,3 bullish / 0 bearish votes (need 3) in trending regime
1767657900.0,SELL,314188.1072382597,58.15772853340691,ranging,1 bullish / 3 bearish votes (need 3) in ranging regime
1767659100.0,BUY,313328.5473357068,29.67772853340691,trending,3 bullish / 0 bearish votes (need 3) in trending regime
1767688200.0,SELL,323161.49180410046,59.051494073895014,trending,0 bullish / 3 bearish votes (need 3) in trending regime
1767715800.0,BUY,320485.1846468954,30.321494073895014,trending,3 bullish / 0 bearish votes (need 3) in trending regime
1767720600.0,SELL,324594.6007838427,59.419884037832276,ranging,1 bullish / 3 bearish votes (need 3) in ranging regime
1767722400.0,BUY,324840.1253427863,30.299884037832275,trending,3 bullish / 0 bearish votes (need 3) in trending regime
1767744600.0,SELL,332761.7271728635,60.13000888785943,ranging,1 bullish / 3 bearish votes (need 3) in ranging regime
1767754800.0,BUY,335217.01916739484,30.900008887859432,trending,3 bullish / 0 bearish votes (need 3) in trending regime
1767760500.0,SELL,333246.91118507576,59.95822090267235,trending,0 bullish / 3 bearish votes (need 3) in trending regime
1767783600.0,BUY,328219.54550488334,30.688220902672352,trending,3 bullish / 0 bearish votes (need 3) in trending regime
1767804900.0,SELL,326758.3274594877,59.82791223344627,trending,0 bullish / 3 bearish votes (need 3) in trending regime
1767806700.0,BUY,327597.0828743324,30.87791223344627,trending,3 bullish / 0 bearish votes (need 3) in trending regime
1767824100.0,SELL,335103.471701401,60.49125744591569,ranging,1 bullish / 3 bearish votes (need 3) in ranging regime
1767825000.0,BUY,334385.59973796847,31.021257445915694,trending,3 bullish / 0 bearish votes (need 3) in trending regime
1784662500.0,BUY,270687.0,25.03,trending,3 bullish / 0 bearish votes (need 3) in trending regime
1784676600.0,SELL,270956.0,50.024814379707934,ranging,0 bullish / 3 bearish votes (need 3) in ranging regime
1784677800.0,BUY,271112.0,25.114814379707934,trending,3 bullish / 1 bearish votes (need 3) in trending regime
1784684400.0,SELL,271000.0,50.014523724923194,trending,0 bullish / 3 bearish votes (need 3) in trending regime
1784697900.0,BUY,270217.0,25.084523724923194,trending,3 bullish / 1 bearish votes (need 3) in trending regime
1784699100.0,SELL,270000.0,49.9945034819333,trending,0 bullish / 3 bearish votes (need 3) in trending regime
1784709900.0,BUY,269806.0,25.1545034819333,trending,3 bullish / 0 bearish votes (need 3) in trending regime
1784713800.0,SELL,269320.0,49.94975933243329,trending,1 bullish / 3 bearish votes (need 3) in trending regime
1784718000.0,BUY,269684.0,25.04975933243329,trending,3 bullish / 0 bearish votes (need 3) in trending regime
1784724300.0,SELL,269000.0,49.886605418964194,trending,1 bullish / 3 bearish votes (need 3) in trending regime
1784729100.0,BUY,269658.0,25.136605418964194,trending,3 bullish / 0 bearish votes (need 3) in trending regime
1784731500.0,SELL,268502.0,49.780504357619826,trending,0 bullish / 3 bearish votes (need 3) in trending regime
1784735400.0,BUY,270028.0,25.030504357619826,trending,3 bullish / 0 bearish votes (need 3) in trending regime
1784745900.0,SELL,269307.0,49.71441954419307,trending,0 bullish / 3 bearish votes (need 3) in trending regime
1784757600.0,BUY,269904.0,24.91441954419307,trending,3 bullish / 0 bearish votes (need 3) in trending regime
1784771100.0,SELL,268902.0,49.62235125324518,trending,0 bullish / 3 bearish votes (need 3) in trending regime
1784782500.0,BUY,268301.0,24.85235125324518,trending,3 bullish / 1 bearish votes (need 3) in trending regime
1784783700.0,SELL,268324.0,49.62447465196527,trending,0 bullish / 3 bearish votes (need 3) in trending regime
1784787300.0,BUY,268467.0,24.884474651965274,trending,3 bullish / 0 bearish votes (need 3) in trending regime
1784791200.0,SELL,267583.0,49.54301152986833,trending,1 bullish / 3 bearish votes (need 3) in trending regime
1784796600.0,BUY,268408.0,24.85301152986833,trending,3 bullish / 0 bearish votes (need 3) in trending regime
1784808300.0,SELL,268502.0,49.551658291514784,trending,1 bullish / 3 bearish votes (need 3) in trending regime
1784838600.0,BUY,266751.0,24.941658291514784,trending,3 bullish / 0 bearish votes (need 3) in trending regime
1784852400.0,SELL,266477.0,49.52637951092915,trending,1 bullish / 3 bearish votes (need 3) in trending regime
1784857500.0,BUY,267327.0,24.886379510929146,trending,3 bullish / 0 bearish votes (need 3) in trending regime
1784873700.0,SELL,268495.0,49.63403612623549,trending,1 bullish / 3 bearish votes (need 3) in trending regime
1784874300.0,BUY,268620.0,24.844036126235494,trending,3 bullish / 1 bearish votes (need 3) in trending regime
1784881500.0,SELL,268254.0,49.600259266731356,trending,0 bullish / 3 bearish votes (need 3) in trending regime
1784897100.0,BUY,266459.0,25.010259266731357,ranging,3 bullish / 0 bearish votes (need 3) in ranging regime
1784899800.0,SELL,264370.0,49.407477225216525,trending,0 bullish / 3 bearish votes (need 3) in trending regime
1784908500.0,BUY,263400.0,24.997477225216524,trending,3 bullish / 0 bearish votes (need 3) in trending regime
1784911500.0,SELL,262557.0,49.32935410448759,trending,1 bullish / 3 bearish votes (need 3) in trending regime
1784915100.0,BUY,263576.0,24.79935410448759,trending,3 bullish / 0 bearish votes (need 3) in trending regime
1784929500.0,SELL,263704.0,49.34126656996244,trending,0 bullish / 3 bearish votes (need 3) in trending regime
1784932500.0,BUY,263853.0,24.681266569962443,trending,3 bullish / 1 bearish votes (need 3) in trending regime
1784940900.0,SELL,263701.0,49.32706047793393,trending,1 bullish / 3 bearish votes (need 3) in trending regime
1784951400.0,BUY,263442.0,24.667060477933926,trending,3 bullish / 0 bearish votes (need 3) in trending regime
1784958600.0,SELL,263400.0,49.32312898637222,trending,0 bullish / 3 bearish votes (need 3) in trending regime
1784975400.0,BUY,263094.0,24.69312898637222,trending,3 bullish / 0 bearish votes (need 3) in trending regime
1784996400.0,SELL,264000.0,49.407945743880944,trending,0 bullish / 3 bearish votes (need 3) in trending regime
1785002400.0,BUY,264621.0,24.757945743880946,trending,3 bullish / 1 bearish votes (need 3) in trending regime
1785012300.0,SELL,264566.0,49.40282237876631,trending,1 bullish / 3 bearish votes (need 3) in trending regime
1785018900.0,BUY,264850.0,24.75282237876631,trending,3 bullish / 0 bearish votes (need 3) in trending regime
1785043200.0,SELL,265302.0,49.44489071933644,trending,0 bullish / 3 bearish votes (need 3) in trending regime
1785055200.0,BUY,264993.0,24.744890719336443,trending,3 bullish / 1 bearish votes (need 3) in trending regime
1785071100.0,SELL,265101.0,49.45495740034311,trending,0 bullish / 3 bearish votes (need 3) in trending regime
1785075600.0,BUY,265828.0,24.83495740034311,trending,3 bullish / 0 bearish votes (need 3) in trending regime
1785100200.0,SELL,265984.0,49.469405539741516,trending,0 bullish / 3 bearish votes (need 3) in trending regime
1785101100.0,BUY,266184.0,24.749405539741517,trending,3 bullish / 1 bearish votes (need 3) in trending regime
1785109800.0,SELL,267876.0,49.626538350128314,trending,0 bullish / 3 bearish votes (need 3) in trending regime
1785119700.0,BUY,266214.0,24.926538350128315,trending,3 bullish / 0 bearish votes (need 3) in trending regime
1785137100.0,SELL,266957.0,49.69547574635841,trending,0 bullish / 3 bearish votes (need 3) in trending regime
1785147300.0,BUY,266406.0,24.865475746358413,trending,3 bullish / 0 bearish votes (need 3) in trending regime
1785155100.0,SELL,266002.0,49.65782148932216,trending,0 bullish / 3 bearish votes (need 3) in trending regime
1785159300.0,BUY,267394.0,25.06782148932216,trending,3 bullish / 1 bearish votes (need 3) in trending regime
1785162600.0,SELL,264764.0,49.41596228530113,trending,1 bullish / 3 bearish votes (need 3) in trending regime
1785170100.0,BUY,265797.0,24.875962285301128,trending,3 bullish / 1 bearish votes (need 3) in trending regime
1785185400.0,SELL,266063.0,49.440521027499116,trending,0 bullish / 3 bearish votes (need 3) in trending regime
1785213900.0,BUY,259827.0,24.750521027499115,trending,3 bullish / 0 bearish votes (need 3) in trending regime
1785231000.0,SELL,260712.0,49.52461794583324,ranging,0 bullish / 3 bearish votes (need 3) in ranging regime
1785240300.0,BUY,260962.0,24.914617945833243,trending,3 bullish / 0 bearish votes (need 3) in trending regime
1785245700.0,SELL,259000.0,49.33959169680082,trending,1 bullish / 3 bearish votes (need 3) in trending regime
1785252000.0,BUY,262000.0,25.089591696800817,trending,3 bullish / 1 bearish votes (need 3) in trending regime
1785279600.0,SELL,260785.0,49.227134635732114,trending,1 bullish / 3 bearish votes (need 3) in trending regime
1785283500.0,BUY,261950.0,24.737134635732115,trending,3 bullish / 0 bearish votes (need 3) in trending regime
1785288600.0,SELL,261358.0,49.17178789016998,trending,0 bullish / 3 bearish votes (need 3) in trending regime
1785294600.0,BUY,261522.0,24.71178789016998,trending,3 bullish / 0 bearish votes (need 3) in trending regime
1785298800.0,SELL,260292.0,49.05674670816617,trending,0 bullish / 3 bearish votes (need 3) in trending regime
1785302700.0,BUY,261271.0,24.616746708166172,trending,3 bullish / 0 bearish votes (need 3) in trending regime
1785324600.0,SELL,264126.0,49.323811173797644,trending,0 bullish / 3 bearish votes (need 3) in trending regime
1785333600.0,BUY,264812.0,24.983811173797644,trending,3 bullish / 1 bearish votes (need 3) in trending regime
1785337800.0,SELL,263000.0,49.157262527965884,trending,0 bullish / 3 bearish votes (need 3) in trending regime
1785348300.0,BUY,262547.0,24.917262527965885,trending,3 bullish / 0 bearish votes (need 3) in trending regime
1785355500.0,SELL,260000.0,48.92210737479331,trending,0 bullish / 3 bearish votes (need 3) in trending regime
1785362400.0,BUY,261801.0,24.782107374793313,trending,3 bullish / 1 bearish votes (need 3) in trending regime
1785373200.0,SELL,261066.0,48.85433490639174,trending,0 bullish / 3 bearish votes (need 3) in trending regime
1785376800.0,BUY,263101.0,24.634334906391743,trending,3 bullish / 0 bearish votes (need 3) in trending regime
1785387900.0,SELL,261842.0,48.73843652516172,trending,1 bullish / 3 bearish votes (need 3) in trending regime
1785400800.0,BUY,262677.0,24.468436525161717,trending,3 bullish / 0 bearish votes (need 3) in trending regime
1785419100.0,SELL,265499.0,48.99917477023075,trending,1 bullish / 3 bearish votes (need 3) in trending regime
1785430800.0,BUY,264712.0,24.60917477023075,trending,3 bullish / 0 bearish votes (need 3) in trending regime
1785445800.0,SELL,264606.0,48.989408155948055,trending,1 bullish / 3 bearish votes (need 3) in trending regime
1785450600.0,BUY,265229.0,24.549408155948054,trending,3 bullish / 1 bearish votes (need 3) in trending regime
1785456000.0,SELL,264614.0,48.932737882335445,trending,0 bullish / 3 bearish votes (need 3) in trending regime
1785460200.0,BUY,266366.0,24.692737882335447,trending,3 bullish / 1 bearish votes (need 3) in trending regime
1785465000.0,SELL,263018.0,48.62806115933026,trending,0 bullish / 3 bearish votes (need 3) in trending regime
1785469800.0,BUY,263391.0,24.468061159330258,trending,3 bullish / 0 bearish votes (need 3) in trending regime
1785480300.0,SELL,263071.0,48.59870859982746,trending,1 bullish / 3 bearish votes (need 3) in trending regime
1785498900.0,BUY,261805.0,24.34870859982746,trending,3 bullish / 0 bearish votes (need 3) in trending regime
1785499800.0,SELL,261450.0,48.565826301933996,trending,1 bullish / 3 bearish votes (need 3) in trending regime
1785515100.0,BUY,257948.0,24.445826301933995,trending,3 bullish / 0 bearish votes (need 3) in trending regime
1785526500.0,SELL,258588.0,48.62567092177986,trending,0 bullish / 3 bearish votes (need 3) in trending regime
1785552900.0,BUY,258903.0,24.355670921779858,trending,3 bullish / 0 bearish votes (need 3) in trending regime
1785556800.0,SELL,258679.0,48.604672787343404,trending,0 bullish / 3 bearish votes (need 3) in trending regime
1785562500.0,BUY,258839.0,24.334672787343404,trending,3 bullish / 0 bearish votes (need 3) in trending regime
1785580500.0,SELL,258840.0,48.60476655219337,trending,0 bullish / 3 bearish votes (need 3) in trending regime
1785587400.0,BUY,258922.0,24.31476655219337,trending,3 bullish / 0 bearish votes (need 3) in trending regime
1785591600.0,SELL,258817.0,48.59491628840736,trending,0 bullish / 3 bearish votes (need 3) in trending regime
1785616800.0,BUY,256841.0,24.304916288407362,trending,3 bullish / 0 bearish votes (need 3) in trending regime
1785650100.0,SELL,259891.0,48.883361279666545,trending,0 bullish / 3 bearish votes (need 3) in trending regime
1785654000.0,BUY,260045.0,24.483361279666546,trending,3 bullish / 0 bearish votes (need 3) in trending regime
1785659700.0,SELL,259572.0,48.838979730319316,trending,1 bullish / 3 bearish votes (need 3) in trending regime
1785692700.0,BUY,258708.0,24.508979730319318,trending,3 bullish / 0 bearish votes (need 3) in trending regime
1785712500.0,SELL,258975.0,48.8640895452458,trending,0 bullish / 3 bearish votes (need 3) in trending regime
1785751200.0,BUY,257399.0,24.5340895452458,trending,3 bullish / 0 bearish votes (need 3) in trending regime
1785773400.0,SELL,261119.0,49.21571328892779,trending,0 bullish / 3 bearish votes (need 3) in trending regime
1785779100.0,BUY,261468.0,24.795713288927786,trending,3 bullish / 0 bearish votes (need 3) in trending regime
1785791700.0,SELL,260769.0,49.150429659573525,trending,0 bullish / 3 bearish votes (need 3) in trending regime
1785809400.0,BUY,260948.0,24.720429659573526,trending,3 bullish / 0 bearish votes (need 3) in trending regime
1785823200.0,SELL,260801.0,49.13666749239846,trending,0 bullish / 3 bearish votes (need 3) in trending regime
1785840300.0,BUY,260805.0,24.716667492398457,trending,3 bullish / 1 bearish votes (need 3) in trending regime
1785852600.0,SELL,261016.0,49.1564240921569,trending,0 bullish / 3 bearish votes (need 3) in trending regime
1785868800.0,BUY,263641.0,24.736424092156895,trending,3 bullish / 0 bearish votes (need 3) in trending regime
1785873600.0,SELL,263164.0,49.11224151054023,trending,1 bullish / 3 bearish votes (need 3) in trending regime
1785884100.0,BUY,263481.0,24.62224151054023,trending,3 bullish / 0 bearish votes (need 3) in trending regime
1785889500.0,SELL,261167.0,48.89716011947218,trending,1 bullish / 3 bearish votes (need 3) in trending regime
1785893700.0,BUY,262978.0,24.667160119472182,trending,3 bullish / 0 bearish votes (need 3) in trending regime
1785901200.0,SELL,262494.0,48.852565818808245,trending,0 bullish / 3 bearish votes (need 3) in trending regime
1785909000.0,BUY,263007.0,24.562565818808245,trending,3 bullish / 0 bearish votes (need 3) in trending regime
1785912300.0,SELL,262756.0,48.82938472476892,trending,1 bullish / 3 bearish votes (need 3) in trending regime
1785932100.0,BUY,263150.0,24.50938472476892,trending,3 bullish / 1 bearish votes (need 3) in trending regime
1785936900.0,SELL,263158.0,48.830124074949424,trending,0 bullish / 3 bearish votes (need 3) in trending regime
1785940500.0,BUY,263571.0,24.760124074949424,trending,3 bullish / 0 bearish votes (need 3) in trending regime
1785942600.0,SELL,264500.0,48.91496280910455,ranging,1 bullish / 3 bearish votes (need 3) in ranging regime
1785955200.0,BUY,264788.0,24.554962809104552,trending,3 bullish / 0 bearish votes (need 3) in trending regime
1785967200.0,SELL,264587.0,48.89647118561708,trending,0 bullish / 3 bearish votes (need 3) in trending regime
1785990900.0,BUY,264499.0,24.47647118561708,trending,3 bullish / 0 bearish votes (need 3) in trending regime
1785998700.0,SELL,264943.0,48.93746370354721,trending,0 bullish / 3 bearish votes (need 3) in trending regime
1786008900.0,BUY,264468.0,24.52746370354721,ranging,3 bullish / 1 bearish votes (need 3) in ranging regime
1786010100.0,SELL,264417.0,48.93275647998897,trending,0 bullish / 3 bearish votes (need 3) in trending regime
1786026300.0,BUY,264186.0,24.662756479988968,trending,3 bullish / 0 bearish votes (need 3) in trending regime
1786034700.0,SELL,264206.0,48.93459382186174,trending,0 bullish / 3 bearish votes (need 3) in trending regime
1786039500.0,BUY,263591.0,24.564593821861738,ranging,3 bullish / 1 bearish votes (need 3) in ranging regime
1786042500.0,SELL,263591.0,48.93459382186174,trending,0 bullish / 3 bearish votes (need 3) in trending regime
1786063800.0,BUY,262825.0,24.60459382186174,trending,3 bullish / 0 bearish votes (need 3) in trending regime
1786080000.0,SELL,262506.0,48.905063640181915,trending,1 bullish / 3 bearish votes (need 3) in trending regime
1786084200.0,BUY,263158.0,24.535063640181914,trending,3 bullish / 0 bearish votes (need 3) in trending regime
1786089000.0,SELL,262939.0,48.88478293429419,trending,0 bullish / 3 bearish votes (need 3) in trending regime
1786091100.0,BUY,263200.0,24.464782934294192,trending,3 bullish / 1 bearish votes (need 3) in trending regime
1786111500.0,SELL,265566.0,49.10430314706015,trending,1 bullish / 3 bearish votes (need 3) in trending regime
1786131900.0,BUY,265592.0,24.59430314706015,trending,3 bullish / 0 bearish votes (need 3) in trending regime
1786141800.0,SELL,265272.0,49.074772137089965,trending,1 bullish / 3 bearish votes (need 3) in trending regime
1786151400.0,BUY,265514.0,24.564772137089964,trending,3 bullish / 1 bearish votes (need 3) in trending regime
1786155900.0,SELL,265407.0,49.064894804821236,trending,0 bullish / 3 bearish votes (need 3) in trending regime
1786158600.0,BUY,265451.0,24.554894804821235,trending,3 bullish / 0 bearish votes (need 3) in trending regime
1786176600.0,SELL,265898.0,49.10616784579678,trending,0 bullish / 3 bearish votes (need 3) in trending regime
1786180800.0,BUY,266000.0,24.556167845796782,trending,3 bullish / 0 bearish votes (need 3) in trending regime
1786190100.0,SELL,266054.0,49.111151680383244,trending,0 bullish / 3 bearish votes (need 3) in trending regime
1786197000.0,BUY,265998.0,24.561151680383244,trending,3 bullish / 0 bearish votes (need 3) in trending regime
1786242600.0,SELL,265982.0,49.109674977550895,trending,0 bullish / 3 bearish votes (need 3) in trending regime
1786251900.0,BUY,265489.0,24.559674977550895,trending,3 bullish / 1 bearish votes (need 3) in trending regime
1786252800.0,SELL,265534.0,49.11383616690337,trending,0 bullish / 3 bearish votes (need 3) in trending regime
1786262700.0,BUY,265790.0,24.57383616690337,trending,3 bullish / 1 bearish votes (need 3) in trending regime
1786269000.0,SELL,265801.0,49.11485178073384,trending,0 bullish / 3 bearish votes (need 3) in trending regime
1786271700.0,BUY,265909.0,24.564851780733836,trending,3 bullish / 1 bearish votes (need 3) in trending regime
1786279500.0,SELL,266099.0,49.132393496132714,trending,0 bullish / 3 bearish votes (need 3) in trending regime
1786281300.0,BUY,266274.0,24.582393496132713,trending,3 bullish / 1 bearish votes (need 3) in trending regime
1786309200.0,SELL,266998.0,49.19914503777778,trending,0 bullish / 3 bearish votes (need 3) in trending regime
1786313400.0,BUY,267404.0,24.629145037777782,trending,3 bullish / 1 bearish votes (need 3) in trending regime
1786320000.0,SELL,265895.0,49.06049292337411,trending,0 bullish / 3 bearish votes (need 3) in trending regime
1786341600.0,BUY,265888.0,24.570492923374115,trending,3 bullish / 1 bearish votes (need 3) in trending regime
1786353600.0,SELL,266296.0,49.09807235531538,trending,1 bullish / 3 bearish votes (need 3) in trending regime
1786362600.0,BUY,265999.0,24.54807235531538,trending,3 bullish / 0 bearish votes (need 3) in trending regime
1786366200.0,SELL,265399.0,49.04269620728475,trending,1 bullish / 3 bearish votes (need 3) in trending regime
1786386900.0,BUY,262078.0,24.54269620728475,trending,3 bullish / 0 bearish votes (need 3) in trending regime
1786398600.0,SELL,262413.0,49.074013219777214,trending,0 bullish / 3 bearish votes (need 3) in trending regime
1786410900.0,BUY,262331.0,24.534013219777215,trending,3 bullish / 0 bearish votes (need 3) in trending regime
1786413600.0,SELL,262125.0,49.05474275612633,trending,0 bullish / 3 bearish votes (need 3) in trending regime
1786418400.0,BUY,262567.0,24.564742756126332,trending,3 bullish / 1 bearish votes (need 3) in trending regime
1786427100.0,SELL,262610.0,49.05875342768826,trending,0 bullish / 3 bearish votes (need 3) in trending regime
1786447200.0,BUY,263048.0,24.59875342768826,trending,3 bullish / 0 bearish votes (need 3) in trending regime
1786455300.0,SELL,262313.0,48.99040810668221,trending,1 bullish / 3 bearish votes (need 3) in trending regime
1786472100.0,BUY,260974.0,24.52040810668221,trending,3 bullish / 0 bearish votes (need 3) in trending regime
1786477500.0,SELL,260123.0,48.91061483225641,trending,0 bullish / 3 bearish votes (need 3) in trending regime
1786481100.0,BUY,261143.0,24.530614832256408,trending,3 bullish / 0 bearish votes (need 3) in trending regime
1786491300.0,SELL,261027.0,48.899785210171956,trending,0 bullish / 3 bearish votes (need 3) in trending regime
1786497600.0,BUY,261100.0,24.459785210171955,trending,3 bullish / 0 bearish votes (need 3) in trending regime
1786504800.0,SELL,261296.0,48.91813159086901,trending,1 bullish / 3 bearish votes (need 3) in trending regime
1786513200.0,BUY,261448.0,24.45813159086901,trending,3 bullish / 0 bearish votes (need 3) in trending regime
1786515000.0,SELL,261276.0,48.90203997800526,trending,1 bullish / 3 bearish votes (need 3) in trending regime
1786522200.0,BUY,261155.0,24.492039978005263,trending,3 bullish / 0 bearish votes (need 3) in trending regime
1786539600.0,SELL,262006.0,48.98158243363506,trending,0 bullish / 3 bearish votes (need 3) in trending regime
1786555200.0,BUY,259692.0,24.531582433635062,trending,3 bullish / 0 bearish votes (need 3) in trending regime
1786572000.0,SELL,259871.0,48.99843528239436,trending,0 bullish / 3 bearish votes (need 3) in trending regime
1786581000.0,BUY,260073.0,24.58843528239436,trending,3 bullish / 0 bearish votes (need 3) in trending regime
1786612500.0,SELL,260745.0,49.06150803504458,trending,1 bullish / 3 bearish votes (need 3) in trending regime
1786626900.0,BUY,260818.0,24.631508035044583,trending,3 bullish / 0 bearish votes (need 3) in trending regime
1786637100.0,SELL,259867.0,48.972430862456804,trending,0 bullish / 3 bearish votes (need 3) in trending regime
1786645200.0,BUY,258873.0,24.612430862456804,trending,3 bullish / 0 bearish votes (need 3) in trending regime
1786653900.0,SELL,259514.0,49.03274908799597,trending,0 bullish / 3 bearish votes (need 3) in trending regime
1786660200.0,BUY,260288.0,24.582749087995968,trending,3 bullish / 1 bearish votes (need 3) in trending regime
1786666800.0,SELL,259783.0,48.985312210383476,trending,0 bullish / 3 bearish votes (need 3) in trending regime
1786671300.0,BUY,259784.0,24.495312210383478,trending,3 bullish / 0 bearish votes (need 3) in trending regime
1786681500.0,SELL,259623.0,48.970134639786366,trending,0 bullish / 3 bearish votes (need 3) in trending regime
1786706100.0,BUY,257753.0,24.530134639786365,trending,3 bullish / 0 bearish votes (need 3) in trending regime
1786711500.0,SELL,257603.0,48.95591172094546,trending,1 bullish / 3 bearish votes (need 3) in trending regime
1786719000.0,BUY,257284.0,24.535911720945457,trending,3 bullish / 0 bearish votes (need 3) in trending regime
1786734300.0,SELL,258320.0,49.05424321454786,trending,0 bullish / 3 bearish votes (need 3) in trending regime
1786752300.0,BUY,258352.0,24.57424321454786,trending,3 bullish / 0 bearish votes (need 3) in trending regime
1786773600.0,SELL,258743.0,49.09129220197586,trending,0 bullish / 3 bearish votes (need 3) in trending regime
1786790700.0,BUY,258433.0,24.551292201975862,trending,3 bullish / 0 bearish votes (need 3) in trending regime
1786821000.0,SELL,258829.0,49.128895139681184,trending,0 bullish / 3 bearish votes (need 3) in trending regime
1786835700.0,BUY,258838.0,24.568895139681185,trending,3 bullish / 1 bearish votes (need 3) in trending regime
1786844100.0,SELL,258828.0,49.12794628363996,trending,1 bullish / 3 bearish votes (need 3) in trending regime
1786851300.0,BUY,258990.0,24.577946283639957,trending,3 bullish / 0 bearish votes (need 3) in trending regime
1786859100.0,SELL,258845.0,49.11420154446084,trending,1 bullish / 3 bearish votes (need 3) in trending regime
1786885500.0,BUY,258503.0,24.56420154446084,trending,3 bullish / 0 bearish votes (need 3) in trending regime
1786905900.0,SELL,258504.0,49.114296514345135,trending,0 bullish / 3 bearish votes (need 3) in trending regime
1786912800.0,BUY,258451.0,24.564296514345134,ranging,3 bullish / 1 bearish votes (need 3) in ranging regime
1786913400.0,SELL,258439.0,49.113156646439805,trending,1 bullish / 3 bearish votes (need 3) in trending regime
1786925100.0,BUY,257436.0,24.643156646439806,trending,3 bullish / 0 bearish votes (need 3) in trending regime
1786926300.0,SELL,257251.0,49.09557188750943,trending,0 bullish / 3 bearish votes (need 3) in trending regime
1786929000.0,BUY,258071.0,24.725571887509428,trending,3 bullish / 0 bearish votes (need 3) in trending regime
1786940100.0,SELL,259047.0,49.1877369118632,trending,0 bullish / 3 bearish votes (need 3) in trending regime
1786942200.0,BUY,259131.0,24.6277369118632,trending,3 bullish / 0 bearish votes (need 3) in trending regime
1786945200.0,SELL,258651.0,49.142243319819016,trending,1 bullish / 3 bearish votes (need 3) in trending regime
1786949100.0,BUY,259332.0,24.662243319819016,trending,3 bullish / 0 bearish votes (need 3) in trending regime
1786953300.0,SELL,258868.0,49.09844340310993,trending,0 bullish / 3 bearish votes (need 3) in trending regime
1786965000.0,BUY,258783.0,24.648443403109933,trending,3 bullish / 0 bearish votes (need 3) in trending regime
1786973100.0,SELL,258601.0,49.08124791499827,trending,0 bullish / 3 bearish votes (need 3) in trending regime
1786974300.0,BUY,258863.0,24.64124791499827,trending,3 bullish / 0 bearish votes (need 3) in trending regime
1786990800.0,SELL,261888.0,49.36684686115898,ranging,1 bullish / 3 bearish votes (need 3) in ranging regime
1786991400.0,BUY,261758.0,24.816846861158982,trending,3 bullish / 0 bearish votes (need 3) in trending regime
1786995900.0,SELL,261490.0,49.34171143072324,trending,0 bullish / 3 bearish votes (need 3) in trending regime
1787000100.0,BUY,261635.0,24.741711430723235,trending,3 bullish / 0 bearish votes (need 3) in trending regime
1787008800.0,SELL,261296.0,49.30983725486756,trending,0 bullish / 3 bearish votes (need 3) in trending regime
1787011800.0,BUY,261505.0,24.73983725486756,trending,3 bullish / 0 bearish votes (need 3) in trending regime
1787015400.0,SELL,261157.0,49.27714051866749,trending,0 bullish / 3 bearish votes (need 3) in trending regime
1787028900.0,BUY,260838.0,24.657140518667486,trending,3 bullish / 0 bearish votes (need 3) in trending regime
1787042100.0,SELL,261182.0,49.30961002081058,trending,0 bullish / 3 bearish votes (need 3) in trending regime
1787044200.0,BUY,261179.0,24.679610020810582,trending,3 bullish / 0 bearish votes (need 3) in trending regime
1787058900.0,SELL,261102.0,49.30234867897222,trending,1 bullish / 3 bearish votes (need 3) in trending regime
1787062800.0,BUY,262960.0,24.852348678972223,trending,3 bullish / 1 bearish votes (need 3) in trending regime
1787072400.0,SELL,263302.0,49.334147811920204,trending,0 bullish / 3 bearish votes (need 3) in trending regime
1787076000.0,BUY,262662.0,24.724147811920204,ranging,3 bullish / 1 bearish votes (need 3) in ranging regime
1787085000.0,SELL,262705.0,49.338176677915285,trending,0 bullish / 3 bearish votes (need 3) in trending regime
1787096100.0,BUY,262878.0,24.748176677915286,trending,3 bullish / 1 bearish votes (need 3) in trending regime
1787099100.0,SELL,262235.0,49.27802949937619,trending,0 bullish / 3 bearish votes (need 3) in trending regime
1787123700.0,BUY,261553.0,24.64802949937619,trending,3 bullish / 0 bearish votes (need 3) in trending regime
1787134200.0,SELL,261953.0,49.315696817281164,trending,0 bullish / 3 bearish votes (need 3) in trending regime
1787138400.0,BUY,262332.0,24.695696817281164,trending,3 bullish / 1 bearish votes (need 3) in trending regime
1787153100.0,SELL,276536.0,50.64874989506046,-,take-profit hit: 5.4%
1787153400.0,BUY,276400.0,26.518749895060463,trending,3 bullish / 1 bearish votes (need 3) in trending regime
1787171100.0,SELL,277989.0,50.78747120475656,ranging,1 bullish / 3 bearish votes (need 3) in ranging regime
1787172600.0,BUY,279600.0,25.627471204756556,trending,3 bullish / 1 bearish votes (need 3) in trending regime
1787179500.0,SELL,279537.0,50.78180210604411,trending,0 bullish / 3 bearish votes (need 3) in trending regime
1787184900.0,BUY,280291.0,25.61180210604411,trending,3 bullish / 1 bearish votes (need 3) in trending regime
1787195100.0,SELL,278800.0,50.64791100715046,trending,0 bullish / 3 bearish votes (need 3) in trending regime
1787201400.0,BUY,279266.0,25.447911007150463,trending,3 bullish / 0 bearish votes (need 3) in trending regime
1787229900.0,SELL,287663.0,51.4056273063061,trending,0 bullish / 3 bearish votes (need 3) in trending regime
1784662500.0,BUY,270687.0,25.00503,trending,3 bullish / 0 bearish votes (need 3) in trending regime
1784676600.0,SELL,270956.0,49.97484956532823,ranging,0 bullish / 3 bearish votes (need 3) in ranging regime
1784677800.0,BUY,271112.0,25.06996956532823,trending,3 bullish / 1 bearish votes (need 3) in trending regime
1784684400.0,SELL,271000.0,49.91482158220686,trending,0 bullish / 3 bearish votes (need 3) in trending regime
1784697900.0,BUY,270217.0,25.009941582206864,trending,3 bullish / 1 bearish votes (need 3) in trending regime
1784699100.0,SELL,270000.0,49.84510147222119,trending,0 bullish / 3 bearish votes (need 3) in trending regime
1784709900.0,BUY,269806.0,25.05033147222119,trending,3 bullish / 0 bearish votes (need 3) in trending regime
1784713800.0,SELL,269320.0,49.75098803137851,trending,1 bullish / 3 bearish votes (need 3) in trending regime
1784718000.0,BUY,269684.0,24.926188031378512,trending,3 bullish / 0 bearish votes (need 3) in trending regime
1784724300.0,SELL,269000.0,49.638550648367286,trending,1 bullish / 3 bearish votes (need 3) in trending regime
1784729100.0,BUY,269658.0,24.983920648367288,trending,3 bullish / 0 bearish votes (need 3) in trending regime
1784731500.0,SELL,268502.0,49.48380960304321,trending,0 bullish / 3 bearish votes (need 3) in trending regime
1784735400.0,BUY,270028.0,24.85920960304321,trending,3 bullish / 0 bearish votes (need 3) in trending regime
1784745900.0,SELL,269307.0,49.36899098793663,trending,0 bullish / 3 bearish votes (need 3) in trending regime
1784757600.0,BUY,269904.0,24.71436098793663,trending,3 bullish / 0 bearish votes (need 3) in trending regime
1784771100.0,SELL,268902.0,49.22838524745112,trending,0 bullish / 3 bearish votes (need 3) in trending regime
1784782500.0,BUY,268301.0,24.63381524745112,trending,3 bullish / 1 bearish votes (need 3) in trending regime
1784783700.0,SELL,268324.0,49.18134939499437,trending,0 bullish / 3 bearish votes (need 3) in trending regime
1784787300.0,BUY,268467.0,24.636829394994372,trending,3 bullish / 0 bearish votes (need 3) in trending regime
1784791200.0,SELL,267583.0,49.051651420941695,trending,1 bullish / 3 bearish votes (need 3) in trending regime
1784796600.0,BUY,268408.0,24.577201420941694,trending,3 bullish / 0 bearish votes (need 3) in trending regime
1784808300.0,SELL,268502.0,49.01130556873163,trending,1 bullish / 3 bearish votes (need 3) in trending regime
1784838600.0,BUY,266751.0,24.63695556873163,trending,3 bullish / 0 bearish votes (need 3) in trending regime
1784852400.0,SELL,266477.0,48.93761886540156,trending,1 bullish / 3 bearish votes (need 3) in trending regime
1784857500.0,BUY,267327.0,24.56326886540156,trending,3 bullish / 0 bearish votes (need 3) in trending regime
1784873700.0,SELL,268495.0,48.995202028718396,trending,1 bullish / 3 bearish votes (need 3) in trending regime
1784874300.0,BUY,268620.0,24.500732028718396,trending,3 bullish / 1 bearish votes (need 3) in trending regime
1784881500.0,SELL,268254.0,48.912954516321705,trending,0 bullish / 3 bearish votes (need 3) in trending regime
1784897100.0,BUY,266459.0,24.638704516321706,ranging,3 bullish / 0 bearish votes (need 3) in ranging regime
1784899800.0,SELL,264370.0,48.674528142095284,trending,0 bullish / 3 bearish votes (need 3) in trending regime
1784908500.0,BUY,263400.0,24.610488142095285,trending,3 bullish / 0 bearish votes (need 3) in trending regime
1784911500.0,SELL,262557.0,48.54958612888343,trending,1 bullish / 3 bearish votes (need 3) in trending regime
1784915100.0,BUY,263576.0,24.385446128883434,trending,3 bullish / 0 bearish votes (need 3) in trending regime
1784929500.0,SELL,263704.0,48.51301747619882,trending,0 bullish / 3 bearish votes (need 3) in trending regime
1784932500.0,BUY,263853.0,24.23876747619882,trending,3 bullish / 1 bearish votes (need 3) in trending regime
1784940900.0,SELL,263701.0,48.45056154619233,trending,1 bullish / 3 bearish votes (need 3) in trending regime
1784951400.0,BUY,263442.0,24.206341546192334,trending,3 bullish / 0 bearish votes (need 3) in trending regime
1784958600.0,SELL,263400.0,48.39826406424184,trending,0 bullish / 3 bearish votes (need 3) in trending regime
1784975400.0,BUY,263094.0,24.20409406424184,trending,3 bullish / 0 bearish votes (need 3) in trending regime
1784996400.0,SELL,264000.0,48.433073516452836,trending,0 bullish / 3 bearish votes (need 3) in trending regime
1785002400.0,BUY,264621.0,24.238903516452833,trending,3 bullish / 1 bearish votes (need 3) in trending regime
1785012300.0,SELL,264566.0,48.37971494026274,trending,1 bullish / 3 bearish votes (need 3) in trending regime
1785018900.0,BUY,264850.0,24.215574940262737,trending,3 bullish / 0 bearish votes (need 3) in trending regime
1785043200.0,SELL,265302.0,48.372591703411686,trending,0 bullish / 3 bearish votes (need 3) in trending regime
1785055200.0,BUY,264993.0,24.188431703411688,trending,3 bullish / 1 bearish votes (need 3) in trending regime
1785071100.0,SELL,265101.0,48.33410845653347,trending,0 bullish / 3 bearish votes (need 3) in trending regime
1785075600.0,BUY,265828.0,24.250048456533474,trending,3 bullish / 0 bearish votes (need 3) in trending regime
1785100200.0,SELL,265984.0,48.30009384287351,trending,0 bullish / 3 bearish votes (need 3) in trending regime
1785101100.0,BUY,266184.0,24.13595384287351,trending,3 bullish / 1 bearish votes (need 3) in trending regime
1785109800.0,SELL,267876.0,48.40510643416374,trending,0 bullish / 3 bearish votes (need 3) in trending regime
1785119700.0,BUY,266214.0,24.28100643416374,trending,3 bullish / 0 bearish votes (need 3) in trending regime
1785137100.0,SELL,266957.0,48.42410197496926,trending,0 bullish / 3 bearish votes (need 3) in trending regime
1785147300.0,BUY,266406.0,24.19990197496926,trending,3 bullish / 0 bearish votes (need 3) in trending regime
1785155100.0,SELL,266002.0,48.33903980069391,trending,0 bullish / 3 bearish votes (need 3) in trending regime
1785159300.0,BUY,267394.0,24.38510980069391,trending,3 bullish / 1 bearish votes (need 3) in trending regime
1785162600.0,SELL,264764.0,48.05604750864548,trending,1 bullish / 3 bearish votes (need 3) in trending regime
1785170100.0,BUY,265797.0,24.162177508645478,trending,3 bullish / 1 bearish votes (need 3) in trending regime
1785185400.0,SELL,266063.0,48.03217185090668,trending,0 bullish / 3 bearish votes (need 3) in trending regime
1785213900.0,BUY,259827.0,24.01818185090668,trending,3 bullish / 0 bearish votes (need 3) in trending regime
1785231000.0,SELL,260712.0,48.06582277783113,ranging,0 bullish / 3 bearish votes (need 3) in ranging regime
1785240300.0,BUY,260962.0,24.161942777831133,trending,3 bullish / 0 bearish votes (need 3) in trending regime
1785245700.0,SELL,259000.0,47.83870445194461,trending,1 bullish / 3 bearish votes (need 3) in trending regime
1785252000.0,BUY,262000.0,24.305194451944605,trending,3 bullish / 1 bearish votes (need 3) in trending regime
1785279600.0,SELL,260785.0,47.6827680956469,trending,1 bullish / 3 bearish votes (need 3) in trending regime
1785283500.0,BUY,261950.0,23.9390480956469,trending,3 bullish / 0 bearish votes (need 3) in trending regime
1785288600.0,SELL,261358.0,47.58177513607446,trending,0 bullish / 3 bearish votes (need 3) in trending regime
1785294600.0,BUY,261522.0,23.88810513607446,trending,3 bullish / 0 bearish votes (need 3) in trending regime
1785298800.0,SELL,260292.0,47.423220837086234,trending,0 bullish / 3 bearish votes (need 3) in trending regime
1785302700.0,BUY,261271.0,23.77960083708623,trending,3 bullish / 0 bearish votes (need 3) in trending regime
1785324600.0,SELL,264126.0,47.633826770618846,trending,0 bullish / 3 bearish votes (need 3) in trending regime
1785333600.0,BUY,264812.0,24.100316770618843,trending,3 bullish / 1 bearish votes (need 3) in trending regime
1785337800.0,SELL,263000.0,47.42609834396144,trending,0 bullish / 3 bearish votes (need 3) in trending regime
1785348300.0,BUY,262547.0,24.022718343961444,trending,3 bullish / 0 bearish votes (need 3) in trending regime
1785355500.0,SELL,260000.0,47.15275296633382,trending,0 bullish / 3 bearish votes (need 3) in trending regime
1785362400.0,BUY,261801.0,23.85948296633382,trending,3 bullish / 1 bearish votes (need 3) in trending regime
1785373200.0,SELL,261066.0,47.04094833193594,trending,0 bullish / 3 bearish votes (need 3) in trending regime
1785376800.0,BUY,263101.0,23.697628331935938,trending,3 bullish / 0 bearish votes (need 3) in trending regime
1785387900.0,SELL,261842.0,46.88282825348698,trending,1 bullish / 3 bearish votes (need 3) in trending regime
1785400800.0,BUY,262677.0,23.509478253486975,trending,3 bullish / 0 bearish votes (need 3) in trending regime
1785419100.0,SELL,265499.0,47.08673187047667,trending,1 bullish / 3 bearish votes (need 3) in trending regime
1785430800.0,BUY,264712.0,23.623291870476667,trending,3 bullish / 0 bearish votes (need 3) in trending regime
1785445800.0,SELL,264606.0,47.03047505582528,trending,1 bullish / 3 bearish votes (need 3) in trending regime
1785450600.0,BUY,265229.0,23.53700505582528,trending,3 bullish / 1 bearish votes (need 3) in trending regime
1785456000.0,SELL,264614.0,46.929168391735004,trending,0 bullish / 3 bearish votes (need 3) in trending regime
1785460200.0,BUY,266366.0,23.655918391735003,trending,3 bullish / 1 bearish votes (need 3) in trending regime
1785465000.0,SELL,263018.0,46.59072738199653,trending,0 bullish / 3 bearish votes (need 3) in trending regime
1785469800.0,BUY,263391.0,23.41757738199653,trending,3 bullish / 0 bearish votes (need 3) in trending regime
1785480300.0,SELL,263071.0,46.51633002103887,trending,1 bullish / 3 bearish votes (need 3) in trending regime
1785498900.0,BUY,261805.0,23.28312002103887,trending,3 bullish / 0 bearish votes (need 3) in trending regime
1785499800.0,SELL,261450.0,46.43846940512245,trending,1 bullish / 3 bearish votes (need 3) in trending regime
1785515100.0,BUY,257948.0,23.345399405122446,trending,3 bullish / 0 bearish votes (need 3) in trending regime
1785526500.0,SELL,258588.0,46.449511609287626,trending,0 bullish / 3 bearish votes (need 3) in trending regime
1785552900.0,BUY,258903.0,23.246331609287626,trending,3 bullish / 0 bearish votes (need 3) in trending regime
1785556800.0,SELL,258679.0,46.383116585823245,trending,0 bullish / 3 bearish votes (need 3) in trending regime
1785562500.0,BUY,258839.0,23.199956585823244,trending,3 bullish / 0 bearish votes (need 3) in trending regime
1785580500.0,SELL,258840.0,46.3368859728167,trending,0 bullish / 3 bearish votes (need 3) in trending regime
1785587400.0,BUY,258922.0,23.163735972816703,trending,3 bullish / 0 bearish votes (need 3) in trending regime
1785591600.0,SELL,258817.0,46.281207398381156,trending,0 bullish / 3 bearish votes (need 3) in trending regime
1785616800.0,BUY,256841.0,23.12807739838116,trending,3 bullish / 0 bearish votes (need 3) in trending regime
1785650100.0,SELL,259891.0,46.50934266043044,trending,0 bullish / 3 bearish votes (need 3) in trending regime
1785654000.0,BUY,260045.0,23.27613266043044,trending,3 bullish / 0 bearish votes (need 3) in trending regime
1785659700.0,SELL,259572.0,46.420747838111225,trending,1 bullish / 3 bearish votes (need 3) in trending regime
1785692700.0,BUY,258708.0,23.267617838111228,trending,3 bullish / 0 bearish votes (need 3) in trending regime
1785712500.0,SELL,258975.0,46.39833531978941,trending,0 bullish / 3 bearish votes (need 3) in trending regime
1785751200.0,BUY,257399.0,23.27523531978941,trending,3 bullish / 0 bearish votes (need 3) in trending regime
1785773400.0,SELL,261119.0,46.685648923183365,trending,0 bullish / 3 bearish votes (need 3) in trending regime
1785779100.0,BUY,261468.0,23.492478923183363,trending,3 bullish / 0 bearish votes (need 3) in trending regime
1785791700.0,SELL,260769.0,46.577428944868615,trending,0 bullish / 3 bearish votes (need 3) in trending regime
1785809400.0,BUY,260948.0,23.404278944868615,trending,3 bullish / 0 bearish votes (need 3) in trending regime
1785823200.0,SELL,260801.0,46.51810088199785,trending,0 bullish / 3 bearish votes (need 3) in trending regime
1785840300.0,BUY,260805.0,23.374980881997853,trending,3 bullish / 1 bearish votes (need 3) in trending regime
1785852600.0,SELL,261016.0,46.49054703326029,trending,0 bullish / 3 bearish votes (need 3) in trending regime
1785868800.0,BUY,263641.0,23.377457033260292,trending,3 bullish / 0 bearish votes (need 3) in trending regime
1785873600.0,SELL,263164.0,46.40263256832502,trending,1 bullish / 3 bearish votes (need 3) in trending regime
1785884100.0,BUY,263481.0,23.239492568325016,trending,3 bullish / 0 bearish votes (need 3) in trending regime
1785889500.0,SELL,261167.0,46.15333066526559,trending,1 bullish / 3 bearish votes (need 3) in trending regime
1785893700.0,BUY,262978.0,23.26046066526559,trending,3 bullish / 0 bearish votes (need 3) in trending regime
1785901200.0,SELL,262494.0,46.065541478945825,trending,0 bullish / 3 bearish votes (need 3) in trending regime
1785909000.0,BUY,263007.0,23.142641478945826,trending,3 bullish / 0 bearish votes (need 3) in trending regime
1785912300.0,SELL,262756.0,45.997908782097454,trending,1 bullish / 3 bearish votes (need 3) in trending regime
1785932100.0,BUY,263150.0,23.064998782097454,trending,3 bullish / 1 bearish votes (need 3) in trending regime
1785936900.0,SELL,263158.0,45.952784570507106,trending,0 bullish / 3 bearish votes (need 3) in trending regime
1785940500.0,BUY,263571.0,23.28013457050711,trending,3 bullish / 0 bearish votes (need 3) in trending regime
1785942600.0,SELL,264500.0,45.987238443846735,ranging,1 bullish / 3 bearish votes (need 3) in ranging regime
1785955200.0,BUY,264788.0,23.064338443846736,trending,3 bullish / 0 bearish votes (need 3) in trending regime
1785967200.0,SELL,264587.0,45.924072486552596,trending,0 bullish / 3 bearish votes (need 3) in trending regime
1785990900.0,BUY,264499.0,22.971142486552598,trending,3 bullish / 0 bearish votes (need 3) in trending regime
1785998700.0,SELL,264943.0,45.916665331667325,trending,0 bullish / 3 bearish votes (need 3) in trending regime
1786008900.0,BUY,264468.0,22.993765331667326,ranging,3 bullish / 1 bearish votes (need 3) in ranging regime
1786010100.0,SELL,264417.0,45.86645371249223,trending,0 bullish / 3 bearish votes (need 3) in trending regime
1786026300.0,BUY,264186.0,23.093703712492232,trending,3 bullish / 0 bearish votes (need 3) in trending regime
1786034700.0,SELL,264206.0,45.822674261650775,trending,0 bullish / 3 bearish votes (need 3) in trending regime
1786039500.0,BUY,263591.0,22.979854261650775,ranging,3 bullish / 1 bearish votes (need 3) in ranging regime
1786042500.0,SELL,263591.0,45.777034261650776,trending,0 bullish / 3 bearish votes (need 3) in trending regime
1786063800.0,BUY,262825.0,22.994274261650773,trending,3 bullish / 0 bearish votes (need 3) in trending regime
1786080000.0,SELL,262506.0,45.70391726912723,trending,1 bullish / 3 bearish votes (need 3) in trending regime
1786084200.0,BUY,263158.0,22.90113726912723,trending,3 bullish / 0 bearish votes (need 3) in trending regime
1786089000.0,SELL,262939.0,45.63941871821865,trending,0 bullish / 3 bearish votes (need 3) in trending regime
1786091100.0,BUY,263200.0,22.81661871821865,trending,3 bullish / 1 bearish votes (need 3) in trending regime
1786111500.0,SELL,265566.0,45.79857120758035,trending,1 bullish / 3 bearish votes (need 3) in trending regime
1786131900.0,BUY,265592.0,22.91571120758035,trending,3 bullish / 0 bearish votes (need 3) in trending regime
1786141800.0,SELL,265272.0,45.72533575229555,trending,1 bullish / 3 bearish votes (need 3) in trending regime
1786151400.0,BUY,265514.0,22.86249575229555,trending,3 bullish / 1 bearish votes (need 3) in trending regime
1786155900.0,SELL,265407.0,45.670460620890054,trending,0 bullish / 3 bearish votes (need 3) in trending regime
1786158600.0,BUY,265451.0,22.837650620890056,trending,3 bullish / 0 bearish votes (need 3) in trending regime
1786176600.0,SELL,265898.0,45.663212576279186,trending,0 bullish / 3 bearish votes (need 3) in trending regime
1786180800.0,BUY,266000.0,22.820392576279186,trending,3 bullish / 0 bearish votes (need 3) in trending regime
1786190100.0,SELL,266054.0,45.62220057522656,trending,0 bullish / 3 bearish votes (need 3) in trending regime
1786197000.0,BUY,265998.0,22.78939057522656,trending,3 bullish / 0 bearish votes (need 3) in trending regime
1786242600.0,SELL,265982.0,45.57520990687567,trending,0 bullish / 3 bearish votes (need 3) in trending regime
1786251900.0,BUY,265489.0,22.77242990687567,trending,3 bullish / 1 bearish votes (need 3) in trending regime
1786252800.0,SELL,265534.0,45.53350722262133,trending,0 bullish / 3 bearish votes (need 3) in trending regime
1786262700.0,BUY,265790.0,22.760757222621333,trending,3 bullish / 1 bearish votes (need 3) in trending regime
1786269000.0,SELL,265801.0,45.48894781387759,trending,0 bullish / 3 bearish votes (need 3) in trending regime
1786271700.0,BUY,265909.0,22.72620781387759,trending,3 bullish / 1 bearish votes (need 3) in trending regime
1786279500.0,SELL,266099.0,45.459699981273204,trending,0 bullish / 3 bearish votes (need 3) in trending regime
1786281300.0,BUY,266274.0,22.716979981273205,trending,3 bullish / 1 bearish votes (need 3) in trending regime
1786309200.0,SELL,266998.0,45.47597397032208,trending,0 bullish / 3 bearish votes (need 3) in trending regime
1786313400.0,BUY,267404.0,22.74326397032208,trending,3 bullish / 1 bearish votes (need 3) in trending regime
1786320000.0,SELL,265895.0,45.30252626464079,trending,0 bullish / 3 bearish votes (need 3) in trending regime
1786341600.0,BUY,265888.0,22.65990626464079,trending,3 bullish / 1 bearish votes (need 3) in trending regime
1786353600.0,SELL,266296.0,45.29196150775067,trending,1 bullish / 3 bearish votes (need 3) in trending regime
1786362600.0,BUY,265999.0,22.62932150775067,trending,3 bullish / 0 bearish votes (need 3) in trending regime
1786366200.0,SELL,265399.0,45.19566471445445,trending,1 bullish / 3 bearish votes (need 3) in trending regime
1786386900.0,BUY,262078.0,22.593084714454452,trending,3 bullish / 0 bearish votes (need 3) in trending regime
1786398600.0,SELL,262413.0,45.17933863298252,trending,0 bullish / 3 bearish votes (need 3) in trending regime
1786410900.0,BUY,262331.0,22.56674863298252,trending,3 bullish / 0 bearish votes (need 3) in trending regime
1786413600.0,SELL,262125.0,45.11643718008523,trending,0 bullish / 3 bearish votes (need 3) in trending regime
1786418400.0,BUY,262567.0,22.563907180085227,trending,3 bullish / 1 bearish votes (need 3) in trending regime
1786427100.0,SELL,262610.0,45.075063177221196,trending,0 bullish / 3 bearish votes (need 3) in trending regime
1786447200.0,BUY,263048.0,22.572583177221194,trending,3 bullish / 0 bearish votes (need 3) in trending regime
1786455300.0,SELL,262313.0,44.967353119437064,trending,1 bullish / 3 bearish votes (need 3) in trending regime
1786472100.0,BUY,260974.0,22.484893119437064,trending,3 bullish / 0 bearish votes (need 3) in trending regime
1786477500.0,SELL,260123.0,44.84926741503739,trending,0 bullish / 3 bearish votes (need 3) in trending regime
1786481100.0,BUY,261143.0,22.46690741503739,trending,3 bullish / 0 bearish votes (need 3) in trending regime
1786491300.0,SELL,261027.0,44.79462501145008,trending,0 bullish / 3 bearish votes (need 3) in trending regime
1786497600.0,BUY,261100.0,22.382235011450078,trending,3 bullish / 0 bearish votes (need 3) in trending regime
1786504800.0,SELL,261296.0,44.76663571064579,trending,1 bullish / 3 bearish votes (need 3) in trending regime
1786513200.0,BUY,261448.0,22.36425571064579,trending,3 bullish / 0 bearish votes (need 3) in trending regime
1786515000.0,SELL,261276.0,44.707167200196295,trending,1 bullish / 3 bearish votes (need 3) in trending regime
1786522200.0,BUY,261155.0,22.364847200196294,trending,3 bullish / 0 bearish votes (need 3) in trending regime
1786539600.0,SELL,262006.0,44.73518644731008,trending,0 bullish / 3 bearish votes (need 3) in trending regime
1786555200.0,BUY,259692.0,22.38285644731008,trending,3 bullish / 0 bearish votes (need 3) in trending regime
1786572000.0,SELL,259871.0,44.705902634986245,trending,0 bullish / 3 bearish votes (need 3) in trending regime
1786581000.0,BUY,260073.0,22.413632634986246,trending,3 bullish / 0 bearish votes (need 3) in trending regime
1786612500.0,SELL,260745.0,44.71884832000545,trending,1 bullish / 3 bearish votes (need 3) in trending regime
1786626900.0,BUY,260818.0,22.42657832000545,trending,3 bullish / 0 bearish votes (need 3) in trending regime
1786637100.0,SELL,259867.0,44.593188185543866,trending,0 bullish / 3 bearish votes (need 3) in trending regime
1786645200.0,BUY,258873.0,22.391008185543868,trending,3 bullish / 0 bearish votes (need 3) in trending regime
1786653900.0,SELL,259514.0,44.60369355435405,trending,0 bullish / 3 bearish votes (need 3) in trending regime
1786660200.0,BUY,260288.0,22.341453554354054,trending,3 bullish / 1 bearish votes (need 3) in trending regime
1786666800.0,SELL,259783.0,44.51610757636044,trending,0 bullish / 3 bearish votes (need 3) in trending regime
1786671300.0,BUY,259784.0,22.23384757636044,trending,3 bullish / 0 bearish votes (need 3) in trending regime
1786681500.0,SELL,259623.0,44.457805834066846,trending,0 bullish / 3 bearish votes (need 3) in trending regime
1786706100.0,BUY,257753.0,22.245615834066847,trending,3 bullish / 0 bearish votes (need 3) in trending regime
1786711500.0,SELL,257603.0,44.40052522185283,trending,1 bullish / 3 bearish votes (need 3) in trending regime
1786719000.0,BUY,257284.0,22.228375221852833,trending,3 bullish / 0 bearish votes (need 3) in trending regime
1786734300.0,SELL,258320.0,44.44532696389665,trending,0 bullish / 3 bearish votes (need 3) in trending regime
1786752300.0,BUY,258352.0,22.24314696389665,trending,3 bullish / 0 bearish votes (need 3) in trending regime
1786773600.0,SELL,258743.0,44.43450147348047,trending,0 bullish / 3 bearish votes (need 3) in trending regime
1786790700.0,BUY,258433.0,22.20229147348047,trending,3 bullish / 0 bearish votes (need 3) in trending regime
1786821000.0,SELL,258829.0,44.424080091458826,trending,0 bullish / 3 bearish votes (need 3) in trending regime
1786835700.0,BUY,258838.0,22.191870091458824,trending,3 bullish / 1 bearish votes (need 3) in trending regime
1786844100.0,SELL,258828.0,44.378802883861795,trending,1 bullish / 3 bearish votes (need 3) in trending regime
1786851300.0,BUY,258990.0,22.176622883861796,trending,3 bullish / 0 bearish votes (need 3) in trending regime
1786859100.0,SELL,258845.0,44.32203744774457,trending,1 bullish / 3 bearish votes (need 3) in trending regime
1786885500.0,BUY,258503.0,22.13987744774457,trending,3 bullish / 0 bearish votes (need 3) in trending regime
1786905900.0,SELL,258504.0,44.277803086363846,trending,0 bullish / 3 bearish votes (need 3) in trending regime
1786912800.0,BUY,258451.0,22.125673086363847,ranging,3 bullish / 1 bearish votes (need 3) in ranging regime
1786913400.0,SELL,258439.0,44.23251660768897,trending,1 bullish / 3 bearish votes (need 3) in trending regime
1786925100.0,BUY,257436.0,22.170476607688972,trending,3 bullish / 0 bearish votes (need 3) in trending regime
1786926300.0,SELL,257251.0,44.1726139465227,trending,0 bullish / 3 bearish votes (need 3) in trending regime
1786929000.0,BUY,258071.0,22.2306939465227,trending,3 bullish / 0 bearish votes (need 3) in trending regime
1786940100.0,SELL,259047.0,44.211590404319196,trending,0 bullish / 3 bearish votes (need 3) in trending regime
1786942200.0,BUY,259131.0,22.119520404319196,trending,3 bullish / 0 bearish votes (need 3) in trending regime
1786945200.0,SELL,258651.0,44.126610032460945,trending,1 bullish / 3 bearish votes (need 3) in trending regime
1786949100.0,BUY,259332.0,22.124630032460946,trending,3 bullish / 0 bearish votes (need 3) in trending regime
1786953300.0,SELL,258868.0,44.04336247334753,trending,0 bullish / 3 bearish votes (need 3) in trending regime
1786965000.0,BUY,258783.0,22.091432473347528,trending,3 bullish / 0 bearish votes (need 3) in trending regime
1786973100.0,SELL,258601.0,43.98409470413549,trending,0 bullish / 3 bearish votes (need 3) in trending regime
1786974300.0,BUY,258863.0,22.06219470413549,trending,3 bullish / 0 bearish votes (need 3) in trending regime
1786990800.0,SELL,261888.0,44.19595600953642,ranging,1 bullish / 3 bearish votes (need 3) in ranging regime
1786991400.0,BUY,261758.0,22.193976009536417,trending,3 bullish / 0 bearish votes (need 3) in trending regime
1786995900.0,SELL,261490.0,44.12951436863146,trending,0 bullish / 3 bearish votes (need 3) in trending regime
1787000100.0,BUY,261635.0,22.107514368631463,trending,3 bullish / 0 bearish votes (need 3) in trending regime
1787008800.0,SELL,261296.0,44.05703751347065,trending,0 bullish / 3 bearish votes (need 3) in trending regime
1787011800.0,BUY,261505.0,22.085087513470647,trending,3 bullish / 0 bearish votes (need 3) in trending regime
1787015400.0,SELL,261157.0,43.98395657467407,trending,0 bullish / 3 bearish votes (need 3) in trending regime
1787028900.0,BUY,260838.0,21.981976574674068,trending,3 bullish / 0 bearish votes (need 3) in trending regime
1787042100.0,SELL,261182.0,43.968955387730446,trending,0 bullish / 3 bearish votes (need 3) in trending regime
1787044200.0,BUY,261179.0,21.986995387730445,trending,3 bullish / 0 bearish votes (need 3) in trending regime
1787058900.0,SELL,261102.0,43.918567681368145,trending,1 bullish / 3 bearish votes (need 3) in trending regime
1787062800.0,BUY,262960.0,22.116787681368145,trending,3 bullish / 1 bearish votes (need 3) in trending regime
1787072400.0,SELL,263302.0,43.903305944373926,trending,0 bullish / 3 bearish votes (need 3) in trending regime
1787076000.0,BUY,262662.0,21.98140594437393,ranging,3 bullish / 1 bearish votes (need 3) in ranging regime
1787085000.0,SELL,262705.0,43.86308757513894,trending,0 bullish / 3 bearish votes (need 3) in trending regime
1787096100.0,BUY,262878.0,21.98122757513894,trending,3 bullish / 1 bearish votes (need 3) in trending regime
1787099100.0,SELL,262235.0,43.76595145047274,trending,0 bullish / 3 bearish votes (need 3) in trending regime
1787123700.0,BUY,261553.0,21.87408145047274,trending,3 bullish / 0 bearish votes (need 3) in trending regime
1787134200.0,SELL,261953.0,43.75562438016577,trending,0 bullish / 3 bearish votes (need 3) in trending regime
1787138400.0,BUY,262332.0,21.883774380165768,trending,3 bullish / 1 bearish votes (need 3) in trending regime
1787153100.0,SELL,276536.0,44.893812379342386,-,take-profit hit: 5.4%
1787153400.0,BUY,276400.0,23.482422379342385,trending,3 bullish / 1 bearish votes (need 3) in trending regime
1787171100.0,SELL,277989.0,44.97387869370563,ranging,1 bullish / 3 bearish votes (need 3) in ranging regime
1787172600.0,BUY,279600.0,22.67159869370563,trending,3 bullish / 1 bearish votes (need 3) in trending regime
1787179500.0,SELL,279537.0,44.92430354220349,trending,0 bullish / 3 bearish votes (need 3) in trending regime
1787184900.0,BUY,280291.0,22.63203354220349,trending,3 bullish / 1 bearish votes (need 3) in trending regime
1787195100.0,SELL,278800.0,44.76141737543395,trending,0 bullish / 3 bearish votes (need 3) in trending regime
1787201400.0,BUY,279266.0,22.469147375433952,trending,3 bullish / 0 bearish votes (need 3) in trending regime
1787229900.0,SELL,287663.0,45.38582450401387,trending,0 bullish / 3 bearish votes (need 3) in trending regime
1779485100.0,BUY,302972.0,25.01504,trending,3 bullish / 0 bearish votes (need 3) in trending regime
1779489600.0,SELL,301501.0,49.829014542333944,trending,1 bullish / 3 bearish votes (need 3) in trending regime
1779496800.0,BUY,300355.0,25.154364542333944,ranging,3 bullish / 1 bearish votes (need 3) in ranging regime
1779498000.0,SELL,300000.0,49.75060898640845,trending,0 bullish / 3 bearish votes (need 3) in trending regime
1779501000.0,BUY,301103.0,25.105988986408452,trending,3 bullish / 0 bearish votes (need 3) in trending regime
1779512100.0,SELL,301526.0,49.73592143437476,trending,0 bullish / 3 bearish votes (need 3) in trending regime
1779537300.0,BUY,299801.0,25.071281434374757,trending,3 bullish / 0 bearish votes (need 3) in trending regime
1779539700.0,SELL,299339.0,49.64870861787314,trending,0 bullish / 3 bearish votes (need 3) in trending regime
1779545700.0,BUY,300725.0,24.88396861787314,trending,3 bullish / 0 bearish votes (need 3) in trending regime
1779577500.0,SELL,305453.0,49.9878020629808,trending,0 bullish / 3 bearish votes (need 3) in trending regime
1779580200.0,BUY,306233.0,25.132972062980798,trending,3 bullish / 1 bearish votes (need 3) in trending regime
1779596100.0,SELL,305901.0,49.91124974099068,trending,0 bullish / 3 bearish votes (need 3) in trending regime
1779606300.0,BUY,306512.0,25.026389740990677,trending,3 bullish / 0 bearish votes (need 3) in trending regime
1779610800.0,SELL,306255.0,49.840706311630655,trending,0 bullish / 3 bearish votes (need 3) in trending regime
1779614100.0,BUY,306498.0,24.955846311630655,trending,3 bullish / 0 bearish votes (need 3) in trending regime
1779626700.0,SELL,307473.0,49.86998931165023,trending,0 bullish / 3 bearish votes (need 3) in trending regime
1779648300.0,BUY,305119.0,24.93507931165023,trending,3 bullish / 1 bearish votes (need 3) in trending regime
1779656100.0,SELL,305296.0,49.834605190536834,trending,1 bullish / 3 bearish votes (need 3) in trending regime
1779661500.0,BUY,306311.0,25.189985190536834,trending,3 bullish / 0 bearish votes (need 3) in trending regime
1779670800.0,SELL,305710.0,49.73710762427248,trending,0 bullish / 3 bearish votes (need 3) in trending regime
1779687300.0,BUY,306396.0,25.032427624272483,trending,3 bullish / 0 bearish votes (need 3) in trending regime
1779711600.0,SELL,306092.0,49.66328510752945,trending,0 bullish / 3 bearish votes (need 3) in trending regime
1779717900.0,BUY,306427.0,24.82847510752945,trending,3 bullish / 1 bearish votes (need 3) in trending regime
1779726300.0,SELL,307027.0,49.66219579836283,trending,0 bullish / 3 bearish votes (need 3) in trending regime
1779729000.0,BUY,307432.0,24.937495798362832,trending,3 bullish / 0 bearish votes (need 3) in trending regime
1779734100.0,SELL,307177.0,49.59232882843126,trending,0 bullish / 3 bearish votes (need 3) in trending regime
1779767700.0,BUY,304508.0,24.847608828431266,trending,3 bullish / 0 bearish votes (need 3) in trending regime
1779779400.0,SELL,304635.0,49.553188395470556,trending,1 bullish / 3 bearish votes (need 3) in trending regime
1779784800.0,BUY,304999.0,24.788448395470557,trending,3 bullish / 0 bearish votes (need 3) in trending regime
1779788700.0,SELL,304674.0,49.477372376336064,trending,0 bullish / 3 bearish votes (need 3) in trending regime
1779791100.0,BUY,306367.0,24.842762376336065,trending,3 bullish / 1 bearish votes (need 3) in trending regime
1779797400.0,SELL,305874.0,49.38859003029357,trending,0 bullish / 3 bearish votes (need 3) in trending regime
1779804900.0,BUY,307650.0,25.04427003029357,trending,3 bullish / 1 bearish votes (need 3) in trending regime
1779812700.0,SELL,303778.0,49.03417114857733,trending,0 bullish / 3 bearish votes (need 3) in trending regime
1779816600.0,BUY,301660.0,24.71988114857733,ranging,3 bullish / 1 bearish votes (need 3) in ranging regime
1779818400.0,SELL,301599.0,48.98068427225962,trending,0 bullish / 3 bearish votes (need 3) in trending regime
1779828000.0,BUY,302264.0,24.526254272259624,trending,3 bullish / 0 bearish votes (need 3) in trending regime
1779831300.0,SELL,302201.0,48.926737490803674,trending,0 bullish / 3 bearish votes (need 3) in trending regime
1779838500.0,BUY,303001.0,24.522357490803675,trending,3 bullish / 1 bearish votes (need 3) in trending regime
1779855300.0,SELL,301343.0,48.74470526411135,trending,1 bullish / 3 bearish votes (need 3) in trending regime
1779860400.0,BUY,301475.0,24.46044526411135,trending,3 bullish / 0 bearish votes (need 3) in trending regime
1779874500.0,SELL,302733.0,48.79731657158295,trending,0 bullish / 3 bearish votes (need 3) in trending regime
1779888300.0,BUY,300058.0,24.71325657158295,ranging,3 bullish / 1 bearish votes (need 3) in ranging regime
1779888900.0,SELL,299015.0,48.66564777295068,trending,1 bullish / 3 bearish votes (need 3) in trending regime
1779896400.0,BUY,300291.0,24.551557772950677,trending,3 bullish / 0 bearish votes (need 3) in trending regime
1779900300.0,SELL,299874.0,48.584048574673005,trending,0 bullish / 3 bearish votes (need 3) in trending regime
1779924000.0,BUY,297000.0,24.800288574673004,unknown,3 bullish / 1 bearish votes (need 3) in unknown regime
1779924300.0,SELL,297311.0,48.561383694673005,unknown,0 bullish / 3 bearish votes (need 3) in unknown regime
1779928500.0,BUY,297999.0,25.378223694673004,trending,3 bullish / 0 bearish votes (need 3) in trending regime
1779930900.0,SELL,297000.0,48.43750067211253,trending,0 bullish / 3 bearish votes (need 3) in trending regime
1779964500.0,BUY,293302.0,24.473560672112527,trending,3 bullish / 0 bearish votes (need 3) in trending regime
1779967500.0,SELL,293005.0,48.365403074482785,trending,0 bullish / 3 bearish votes (need 3) in trending regime
1779969900.0,BUY,293402.0,24.251313074482784,trending,3 bullish / 0 bearish votes (need 3) in trending regime
1779976200.0,SELL,291470.0,48.15875333630785,trending,0 bullish / 3 bearish votes (need 3) in trending regime
1779990300.0,BUY,293877.0,24.284903336307853,trending,3 bullish / 1 bearish votes (need 3) in trending regime
1779996300.0,SELL,292940.0,48.03508583102503,trending,0 bullish / 3 bearish votes (need 3) in trending regime
1780005000.0,BUY,294063.0,24.211285831025027,trending,3 bullish / 0 bearish votes (need 3) in trending regime
1780010700.0,SELL,293189.0,47.916819345271975,trending,0 bullish / 3 bearish votes (need 3) in trending regime
1780012800.0,BUY,293214.0,24.083009345271975,trending,3 bullish / 0 bearish votes (need 3) in trending regime
1780020000.0,SELL,292355.0,47.7995153015019,trending,0 bullish / 3 bearish votes (need 3) in trending regime
1780029900.0,BUY,291590.0,23.9056453015019,trending,3 bullish / 0 bearish votes (need 3) in trending regime
1780041600.0,SELL,292672.0,47.840260889690796,trending,0 bullish / 3 bearish votes (need 3) in trending regime
1780044600.0,BUY,292878.0,24.076520889690798,trending,3 bullish / 0 bearish votes (need 3) in trending regime
1780051500.0,SELL,292626.0,47.77237479049591,trending,0 bullish / 3 bearish votes (need 3) in trending regime
1780069200.0,BUY,293608.0,24.35898479049591,trending,3 bullish / 0 bearish votes (need 3) in trending regime
1780082100.0,SELL,292059.0,47.60231858926842,trending,0 bullish / 3 bearish votes (need 3) in trending regime
1780085400.0,BUY,293279.0,23.97871858926842,trending,3 bullish / 0 bearish votes (need 3) in trending regime
1780095300.0,SELL,292727.0,47.510743871678685,trending,0 bullish / 3 bearish votes (need 3) in trending regime
1780105200.0,BUY,292891.0,23.857113871678685,trending,3 bullish / 0 bearish votes (need 3) in trending regime
1780112700.0,SELL,292728.0,47.45034643041214,trending,0 bullish / 3 bearish votes (need 3) in trending regime
1780122000.0,BUY,292630.0,23.73665643041214,trending,3 bullish / 0 bearish votes (need 3) in trending regime
1780126800.0,SELL,292602.0,47.4007019439275,trending,0 bullish / 3 bearish votes (need 3) in trending regime
1780134000.0,BUY,292725.0,23.7070319439275,trending,3 bullish / 0 bearish votes (need 3) in trending regime
1780155900.0,SELL,294343.0,47.48406400880068,trending,0 bullish / 3 bearish votes (need 3) in trending regime
1780167300.0,BUY,294859.0,23.750354008800677,trending,3 bullish / 0 bearish votes (need 3) in trending regime
1780173600.0,SELL,294552.0,47.411982421296145,trending,1 bullish / 3 bearish votes (need 3) in trending regime
1780190100.0,BUY,295574.0,23.798392421296146,trending,3 bullish / 1 bearish votes (need 3) in trending regime
1780208100.0,SELL,295002.0,47.31919629044566,trending,0 bullish / 3 bearish votes (need 3) in trending regime
1780227900.0,BUY,294513.0,23.715616290445663,trending,3 bullish / 0 bearish votes (need 3) in trending regime
1780236900.0,SELL,293051.0,47.15509922471342,trending,1 bullish / 3 bearish votes (need 3) in trending regime
1780245000.0,BUY,292962.0,23.73169922471342,ranging,3 bullish / 0 bearish votes (need 3) in ranging regime
1780245900.0,SELL,292807.0,47.095931159913206,trending,1 bullish / 3 bearish votes (need 3) in trending regime
1780250400.0,BUY,293585.0,23.612471159913206,trending,3 bullish / 0 bearish votes (need 3) in trending regime
1780257000.0,SELL,293155.0,47.014684773347135,trending,0 bullish / 3 bearish votes (need 3) in trending regime
1780260900.0,BUY,293791.0,23.551244773347133,trending,3 bullish / 0 bearish votes (need 3) in trending regime
1780271400.0,SELL,293549.0,46.94851620589613,trending,0 bullish / 3 bearish votes (need 3) in trending regime
1780307400.0,BUY,290594.0,23.625216205896127,trending,3 bullish / 0 bearish votes (need 3) in trending regime
1780308900.0,SELL,290201.0,46.87043674279641,trending,0 bullish / 3 bearish votes (need 3) in trending regime
1780334400.0,BUY,285319.0,23.807396742796406,trending,3 bullish / 0 bearish votes (need 3) in trending regime
1780347900.0,SELL,283888.0,46.70891658718111,trending,1 bullish / 3 bearish votes (need 3) in trending regime
1780355400.0,BUY,284394.0,23.956186587181108,trending,3 bullish / 0 bearish votes (need 3) in trending regime
1780362000.0,SELL,284275.0,46.653955102867094,trending,0 bullish / 3 bearish votes (need 3) in trending regime
1780369500.0,BUY,283114.0,23.87119510286709,trending,3 bullish / 0 bearish votes (need 3) in trending regime
1780376100.0,SELL,282266.0,46.54033116056823,trending,0 bullish / 3 bearish votes (need 3) in trending regime
1780436100.0,BUY,271812.0,23.54736116056823,trending,3 bullish / 0 bearish votes (need 3) in trending regime
1780438500.0,SELL,268889.0,46.24762439276549,trending,1 bullish / 3 bearish votes (need 3) in trending regime
1780446600.0,BUY,268088.0,23.57497439276549,trending,3 bullish / 0 bearish votes (need 3) in trending regime
1780451400.0,SELL,267470.0,46.15016352655738,trending,0 bullish / 3 bearish votes (need 3) in trending regime
1780465200.0,BUY,268549.0,23.51755352655738,trending,3 bullish / 0 bearish votes (need 3) in trending regime
1780477500.0,SELL,268990.0,46.1420355991028,trending,0 bullish / 3 bearish votes (need 3) in trending regime
1780482000.0,BUY,269960.0,23.499415599102797,trending,3 bullish / 0 bearish votes (need 3) in trending regime
1780490100.0,SELL,269000.0,46.01643745419244,trending,0 bullish / 3 bearish votes (need 3) in trending regime
1780516200.0,BUY,262850.0,23.21365745419244,ranging,3 bullish / 1 bearish votes (need 3) in ranging regime
1780516800.0,SELL,262224.0,45.916679167260725,trending,1 bullish / 3 bearish votes (need 3) in trending regime
1780540800.0,BUY,256939.0,24.325109167260724,trending,3 bullish / 1 bearish votes (need 3) in trending regime
1780564800.0,SELL,254889.0,45.70161399630575,trending,0 bullish / 3 bearish votes (need 3) in trending regime
1780577100.0,BUY,257381.0,23.579513996305753,trending,3 bullish / 0 bearish votes (need 3) in trending regime
1780604100.0,SELL,255806.0,45.52231197828578,trending,0 bullish / 3 bearish votes (need 3) in trending regime
1780607400.0,BUY,257270.0,23.200011978285776,trending,3 bullish / 0 bearish votes (need 3) in trending regime
1780621800.0,SELL,255297.0,45.30686461131722,trending,0 bullish / 3 bearish votes (need 3) in trending regime
1780631700.0,BUY,254206.0,23.084664611317223,trending,3 bullish / 0 bearish votes (need 3) in trending regime
1780638900.0,SELL,253002.0,45.157423537542414,trending,1 bullish / 3 bearish votes (need 3) in trending regime
1780651800.0,BUY,255566.0,23.10539353754241,trending,3 bullish / 0 bearish votes (need 3) in trending regime
1780655700.0,SELL,254001.0,44.97859415096517,trending,0 bullish / 3 bearish votes (need 3) in trending regime
1780660200.0,BUY,252001.0,22.986624150965174,ranging,3 bullish / 1 bearish votes (need 3) in ranging regime
1780684800.0,SELL,245693.0,44.38525881824824,trending,1 bullish / 3 bearish votes (need 3) in trending regime
1780698900.0,BUY,252300.0,22.733628818248242,trending,3 bullish / 0 bearish votes (need 3) in trending regime
1780704000.0,SELL,251589.0,44.28110483858118,trending,0 bullish / 3 bearish votes (need 3) in trending regime
1780707900.0,BUY,251243.0,22.57942483858118,trending,3 bullish / 0 bearish votes (need 3) in trending regime
1780712700.0,SELL,249401.0,44.07895583574329,trending,0 bullish / 3 bearish votes (need 3) in trending regime
1780727700.0,BUY,249360.0,22.467365835743287,trending,3 bullish / 0 bearish votes (need 3) in trending regime
1780730700.0,SELL,249101.0,44.013373613293815,trending,0 bullish / 3 bearish votes (need 3) in trending regime
1780746000.0,BUY,248720.0,22.702083613293816,trending,3 bullish / 0 bearish votes (need 3) in trending regime
1780755000.0,SELL,249212.0,44.01286584439707,trending,0 bullish / 3 bearish votes (need 3) in trending regime
1780780200.0,BUY,248617.0,22.46133584439707,trending,3 bullish / 0 bearish votes (need 3) in trending regime
1780800900.0,SELL,250966.0,44.173023629303174,trending,0 bullish / 3 bearish votes (need 3) in trending regime
1780803300.0,BUY,251698.0,22.48135362930317,trending,3 bullish / 0 bearish votes (need 3) in trending regime
1780821900.0,SELL,256399.0,44.53401262409058,ranging,1 bullish / 3 bearish votes (need 3) in ranging regime
1780834200.0,BUY,253450.0,22.62212262409058,ranging,3 bullish / 0 bearish votes (need 3) in ranging regime
1780835400.0,SELL,252045.0,44.369006762776706,trending,1 bullish / 3 bearish votes (need 3) in trending regime
1780849800.0,BUY,253950.0,22.53719676277671,trending,3 bullish / 0 bearish votes (need 3) in trending regime
1780858500.0,SELL,253000.0,44.2438794562203,trending,0 bullish / 3 bearish votes (need 3) in trending regime
1780870200.0,BUY,258000.0,22.862519456220298,trending,3 bullish / 1 bearish votes (need 3) in trending regime
1780882200.0,SELL,256465.0,44.07420281901099,trending,0 bullish / 3 bearish votes (need 3) in trending regime
1780886400.0,BUY,257155.0,22.312462819010992,trending,3 bullish / 0 bearish votes (need 3) in trending regime
1780892100.0,SELL,257070.0,44.02354406650764,trending,0 bullish / 3 bearish votes (need 3) in trending regime
1780899600.0,BUY,257692.0,22.32186406650764,trending,3 bullish / 0 bearish votes (need 3) in trending regime
1780921500.0,SELL,258136.0,44.017501073166756,trending,0 bullish / 3 bearish votes (need 3) in trending regime
1780926000.0,BUY,260095.0,22.596101073166757,trending,3 bullish / 0 bearish votes (need 3) in trending regime
1780938000.0,SELL,259830.0,43.95291930496668,trending,1 bullish / 3 bearish votes (need 3) in trending regime
1780955100.0,BUY,259798.0,22.14112930496668,trending,3 bullish / 0 bearish votes (need 3) in trending regime
1780960500.0,SELL,258000.0,43.758686714954436,trending,0 bullish / 3 bearish votes (need 3) in trending regime
1780970100.0,BUY,255909.0,22.067016714954434,trending,3 bullish / 0 bearish votes (need 3) in trending regime
1780972200.0,SELL,255680.0,43.69597472112069,trending,0 bullish / 3 bearish votes (need 3) in trending regime
1780980900.0,BUY,257924.0,22.07437472112069,trending,3 bullish / 0 bearish votes (need 3) in trending regime
1780989000.0,SELL,257648.0,43.62968404944996,trending,0 bullish / 3 bearish votes (need 3) in trending regime
1781031900.0,BUY,252413.0,22.028104049449965,trending,3 bullish / 1 bearish votes (need 3) in trending regime
1781045700.0,SELL,251465.0,43.50555602418977,trending,0 bullish / 3 bearish votes (need 3) in trending regime
1781066100.0,BUY,249501.0,21.903976024189774,ranging,3 bullish / 0 bearish votes (need 3) in ranging regime
1781067300.0,SELL,249260.0,43.4415721428426,trending,0 bullish / 3 bearish votes (need 3) in trending regime
1781071500.0,BUY,249940.0,21.920072142842603,trending,3 bullish / 0 bearish votes (need 3) in trending regime
1781081100.0,SELL,249500.0,43.360760908146275,trending,1 bullish / 3 bearish votes (need 3) in trending regime
1781094600.0,BUY,251547.0,22.019440908146276,trending,3 bullish / 1 bearish votes (need 3) in trending regime
1781112000.0,SELL,253109.0,43.45037666218032,trending,0 bullish / 3 bearish votes (need 3) in trending regime
1781137200.0,BUY,252130.0,22.129076662180317,trending,3 bullish / 0 bearish votes (need 3) in trending regime
1781148900.0,SELL,254920.0,43.6432407997284,ranging,1 bullish / 3 bearish votes (need 3) in ranging regime
1781150100.0,BUY,255994.0,22.111730799728402,trending,3 bullish / 1 bearish votes (need 3) in trending regime
1781164800.0,SELL,255673.0,43.57327561628661,trending,0 bullish / 3 bearish votes (need 3) in trending regime
1781166900.0,BUY,256341.0,21.94166561628661,trending,3 bullish / 1 bearish votes (need 3) in trending regime
1781180400.0,SELL,255717.0,43.4775039161684,trending,1 bullish / 3 bearish votes (need 3) in trending regime
1781199900.0,BUY,258851.0,22.126173916168405,trending,3 bullish / 1 bearish votes (need 3) in trending regime
1781209500.0,SELL,258172.0,43.37894849011249,trending,1 bullish / 3 bearish votes (need 3) in trending regime
1781213700.0,BUY,258898.0,21.767358490112493,trending,3 bullish / 0 bearish votes (need 3) in trending regime
1781220300.0,SELL,258343.0,43.28953225982103,trending,0 bullish / 3 bearish votes (need 3) in trending regime
1781226300.0,BUY,258388.0,21.78805225982103,ranging,3 bullish / 1 bearish votes (need 3) in ranging regime
1781227200.0,SELL,258000.0,43.21434976589717,trending,1 bullish / 3 bearish votes (need 3) in trending regime
1781240400.0,BUY,258547.0,21.72287976589717,trending,3 bullish / 0 bearish votes (need 3) in trending regime
1781242500.0,SELL,257846.0,43.11325624050333,trending,0 bullish / 3 bearish votes (need 3) in trending regime
1781254200.0,BUY,257946.0,21.711876240503333,trending,3 bullish / 0 bearish votes (need 3) in trending regime
1781261400.0,SELL,258928.0,43.1518084719006,trending,0 bullish / 3 bearish votes (need 3) in trending regime
1781274900.0,BUY,259453.0,21.8605384719006,trending,3 bullish / 1 bearish votes (need 3) in trending regime
1781281200.0,SELL,259559.0,43.11794967959525,trending,0 bullish / 3 bearish votes (need 3) in trending regime
1781310600.0,BUY,258882.0,21.68653967959525,trending,3 bullish / 0 bearish votes (need 3) in trending regime
1781320200.0,SELL,259478.0,43.12437064513168,trending,0 bullish / 3 bearish votes (need 3) in trending regime
1781327400.0,BUY,259109.0,21.602870645131677,trending,3 bullish / 0 bearish votes (need 3) in trending regime
1781346900.0,SELL,259897.0,43.14669086943882,trending,0 bullish / 3 bearish votes (need 3) in trending regime
1781348400.0,BUY,260189.0,21.605170869438822,trending,3 bullish / 0 bearish votes (need 3) in trending regime
1781371500.0,SELL,260879.0,43.160663084405634,trending,0 bullish / 3 bearish votes (need 3) in trending regime
1781381100.0,BUY,261500.0,21.599123084405633,trending,3 bullish / 0 bearish votes (need 3) in trending regime
1781395500.0,SELL,262606.0,43.20859423836357,trending,1 bullish / 3 bearish votes (need 3) in trending regime
1781397600.0,BUY,262994.0,21.647054238363566,trending,3 bullish / 0 bearish votes (need 3) in trending regime
1781411400.0,SELL,263064.0,43.17124171579651,trending,0 bullish / 3 bearish votes (need 3) in trending regime
1781424000.0,BUY,262454.0,21.629721715796514,trending,3 bullish / 0 bearish votes (need 3) in trending regime
1781428800.0,SELL,262160.0,43.10411919802197,trending,1 bullish / 3 bearish votes (need 3) in trending regime
1781465700.0,BUY,259846.0,21.54257919802197,trending,3 bullish / 1 bearish votes (need 3) in trending regime
1781485200.0,SELL,265830.0,43.55658834882668,trending,0 bullish / 3 bearish votes (need 3) in trending regime
1781504400.0,BUY,267551.0,21.88493834882668,trending,3 bullish / 0 bearish votes (need 3) in trending regime
1781508300.0,SELL,267904.0,43.54182424497358,trending,1 bullish / 3 bearish votes (need 3) in trending regime
1781520300.0,BUY,266829.0,21.840144244973583,trending,3 bullish / 0 bearish votes (need 3) in trending regime
1781543400.0,SELL,271701.0,43.893921017063576,trending,0 bullish / 3 bearish votes (need 3) in trending regime
1781568000.0,BUY,269595.0,22.042091017063576,trending,3 bullish / 0 bearish votes (need 3) in trending regime
1781576700.0,SELL,268001.0,43.721318629482205,trending,1 bullish / 3 bearish votes (need 3) in trending regime
1781583600.0,BUY,269290.0,21.989608629482206,trending,3 bullish / 0 bearish votes (need 3) in trending regime
1781586600.0,SELL,269002.0,43.65470345877405,trending,0 bullish / 3 bearish votes (need 3) in trending regime
1781598600.0,BUY,271355.0,21.89296345877405,trending,3 bullish / 1 bearish votes (need 3) in trending regime
1781615100.0,SELL,270021.0,43.5044549863302,trending,1 bullish / 3 bearish votes (need 3) in trending regime
1781624700.0,BUY,268280.0,22.0029749863302,trending,3 bullish / 0 bearish votes (need 3) in trending regime
1781630400.0,SELL,268099.0,43.44701760404304,trending,0 bullish / 3 bearish votes (need 3) in trending regime
1781642400.0,BUY,268327.0,21.82541760404304,trending,3 bullish / 1 bearish votes (need 3) in trending regime
1781647200.0,SELL,267996.0,43.37719914820371,trending,0 bullish / 3 bearish votes (need 3) in trending regime
1781658600.0,BUY,268141.0,21.83567914820371,trending,3 bullish / 0 bearish votes (need 3) in trending regime
1781666400.0,SELL,268001.0,43.322934504452846,trending,0 bullish / 3 bearish votes (need 3) in trending regime
1781680800.0,BUY,267121.0,21.801434504452846,ranging,3 bullish / 1 bearish votes (need 3) in ranging regime
1781682300.0,SELL,267014.0,43.2713309146939,trending,0 bullish / 3 bearish votes (need 3) in trending regime
1781703000.0,BUY,265001.0,21.799880914693897,trending,3 bullish / 0 bearish votes (need 3) in trending regime
1781708700.0,SELL,265913.0,43.30217719338718,trending,0 bullish / 3 bearish votes (need 3) in trending regime
1781711100.0,BUY,267060.0,22.01090719338718,trending,3 bullish / 0 bearish votes (need 3) in trending regime
1781711400.0,SELL,267860.0,43.32328949624047,ranging,1 bullish / 3 bearish votes (need 3) in ranging regime
1781712600.0,BUY,268356.0,21.94192949624047,trending,3 bullish / 0 bearish votes (need 3) in trending regime
1781719200.0,SELL,266130.0,43.10356651274094,trending,1 bullish / 3 bearish votes (need 3) in trending regime
1781740500.0,BUY,263253.0,21.752236512740943,trending,3 bullish / 0 bearish votes (need 3) in trending regime
1781754600.0,SELL,264001.0,43.12145239506707,trending,0 bullish / 3 bearish votes (need 3) in trending regime
1781763000.0,BUY,262444.0,21.720072395067067,trending,3 bullish / 0 bearish votes (need 3) in trending regime
1781778300.0,SELL,263640.0,43.17602710083287,trending,0 bullish / 3 bearish votes (need 3) in trending regime
1781785800.0,BUY,264913.0,21.81468710083287,trending,3 bullish / 1 bearish votes (need 3) in trending regime
1781790900.0,SELL,263801.0,43.043859797756014,trending,1 bullish / 3 bearish votes (need 3) in trending regime
1781813700.0,BUY,260477.0,21.612449797756014,trending,3 bullish / 0 bearish votes (need 3) in trending regime
1781818200.0,SELL,259855.0,42.949965411226685,trending,0 bullish / 3 bearish votes (need 3) in trending regime
1781828100.0,BUY,259343.0,21.478515411226685,trending,3 bullish / 0 bearish votes (need 3) in trending regime
1781834100.0,SELL,259640.0,42.93160541943975,trending,0 bullish / 3 bearish votes (need 3) in trending regime
1781836800.0,BUY,259790.0,21.460155419439747,trending,3 bullish / 0 bearish votes (need 3) in trending regime
1781838900.0,SELL,258002.0,42.74122380967802,trending,1 bullish / 3 bearish votes (need 3) in trending regime
1781849700.0,BUY,259785.0,21.419923809678018,trending,3 bullish / 0 bearish votes (need 3) in trending regime
1781854800.0,SELL,259300.0,42.65889799987376,trending,0 bullish / 3 bearish votes (need 3) in trending regime
1781865900.0,BUY,259018.0,21.377637999873755,trending,3 bullish / 1 bearish votes (need 3) in trending regime
1781873400.0,SELL,260070.0,42.70263901061432,trending,1 bullish / 3 bearish votes (need 3) in trending regime
1781874300.0,BUY,260808.0,21.60155901061432,trending,3 bullish / 1 bearish votes (need 3) in trending regime
1781891700.0,SELL,262025.0,42.758745573143074,trending,0 bullish / 3 bearish votes (need 3) in trending regime
1781901900.0,BUY,261986.0,21.407415573143076,trending,3 bullish / 1 bearish votes (need 3) in trending regime
1781906700.0,SELL,261375.0,42.66638979791081,trending,0 bullish / 3 bearish votes (need 3) in trending regime
1781909700.0,BUY,262387.0,21.44518979791081,trending,3 bullish / 0 bearish votes (need 3) in trending regime
1781913300.0,SELL,263340.0,42.70091204024751,ranging,1 bullish / 3 bearish votes (need 3) in ranging regime
1781916600.0,BUY,263310.0,21.53977204024751,trending,3 bullish / 0 bearish votes (need 3) in trending regime
1781962800.0,SELL,263485.0,42.67266796938047,trending,0 bullish / 3 bearish votes (need 3) in trending regime
1781967000.0,BUY,265417.0,21.551567969380468,trending,3 bullish / 1 bearish votes (need 3) in trending regime
1781977500.0,SELL,265179.0,42.611566473997726,trending,0 bullish / 3 bearish votes (need 3) in trending regime
1781984700.0,BUY,265504.0,21.330306473997723,trending,3 bullish / 1 bearish votes (need 3) in trending regime
1782001800.0,SELL,266743.0,42.66815910077547,trending,0 bullish / 3 bearish votes (need 3) in trending regime
1782012000.0,BUY,267485.0,21.386899100775466,trending,3 bullish / 1 bearish votes (need 3) in trending regime
1782020400.0,SELL,267243.0,42.60642391083958,trending,0 bullish / 3 bearish votes (need 3) in trending regime
1782026700.0,BUY,266472.0,21.345183910839584,ranging,3 bullish / 0 bearish votes (need 3) in ranging regime
1782027300.0,SELL,266760.0,42.586876912730965,trending,0 bullish / 3 bearish votes (need 3) in trending regime
1782035100.0,BUY,266388.0,21.375686912730963,trending,3 bullish / 0 bearish votes (need 3) in trending regime
1782042600.0,SELL,266500.0,42.55339711364091,trending,0 bullish / 3 bearish votes (need 3) in trending regime
1782048300.0,BUY,266365.0,21.41227711364091,trending,3 bullish / 0 bearish votes (need 3) in trending regime
1782053100.0,SELL,265898.0,42.47416585367808,trending,0 bullish / 3 bearish votes (need 3) in trending regime
1782054600.0,BUY,266462.0,21.31302585367808,trending,3 bullish / 0 bearish votes (need 3) in trending regime
1782060600.0,SELL,266242.0,42.41444941170887,trending,0 bullish / 3 bearish votes (need 3) in trending regime
1782071400.0,BUY,266233.0,21.22327941170887,trending,3 bullish / 0 bearish votes (need 3) in trending regime
1782074700.0,SELL,264248.0,42.21442637636014,trending,1 bullish / 3 bearish votes (need 3) in trending regime
1782080400.0,BUY,264028.0,21.36359637636014,trending,3 bullish / 0 bearish votes (need 3) in trending regime
1782084900.0,SELL,262895.0,42.08346982595639,trending,1 bullish / 3 bearish votes (need 3) in trending regime
1782089100.0,BUY,264706.0,21.33273982595639,trending,3 bullish / 0 bearish votes (need 3) in trending regime
1782097500.0,SELL,265276.0,42.08660376753686,trending,1 bullish / 3 bearish votes (need 3) in trending regime
1782113700.0,BUY,267023.0,21.215753767536857,trending,3 bullish / 0 bearish votes (need 3) in trending regime
1782117300.0,SELL,265746.0,41.94529128265728,trending,0 bullish / 3 bearish votes (need 3) in trending regime
1782129000.0,BUY,268482.0,21.19456128265728,trending,3 bullish / 0 bearish votes (need 3) in trending regime
1782140400.0,SELL,270383.0,42.050464286992764,trending,0 bullish / 3 bearish votes (need 3) in trending regime
1782160200.0,BUY,267929.0,21.089524286992763,trending,3 bullish / 0 bearish votes (need 3) in trending regime
1782164100.0,SELL,267352.0,41.96353392805439,trending,1 bullish / 3 bearish votes (need 3) in trending regime
1782176400.0,BUY,266944.0,21.08267392805439,trending,3 bullish / 1 bearish votes (need 3) in trending regime
1782179700.0,SELL,266140.0,41.859049196275436,trending,0 bullish / 3 bearish votes (need 3) in trending regime
1782201000.0,BUY,261861.0,21.018229196275435,trending,3 bullish / 0 bearish votes (need 3) in trending regime
1782202200.0,SELL,261040.0,41.75219854337179,trending,1 bullish / 3 bearish votes (need 3) in trending regime
1782208500.0,BUY,259796.0,20.92138854337179,trending,3 bullish / 0 bearish votes (need 3) in trending regime
1782211200.0,SELL,259361.0,41.675769317479165,trending,1 bullish / 3 bearish votes (need 3) in trending regime
1782215100.0,BUY,260231.0,20.955069317479165,trending,3 bullish / 0 bearish votes (need 3) in trending regime
1782219300.0,SELL,259252.0,41.556572918510554,trending,0 bullish / 3 bearish votes (need 3) in trending regime
1782223200.0,BUY,260330.0,20.996032918510554,trending,3 bullish / 0 bearish votes (need 3) in trending regime
1782227700.0,SELL,259454.0,41.44644575928957,trending,0 bullish / 3 bearish votes (need 3) in trending regime
1782231600.0,BUY,260338.0,20.945965759289567,trending,3 bullish / 0 bearish votes (need 3) in trending regime
1782237900.0,SELL,259336.0,41.32674028594338,trending,1 bullish / 3 bearish votes (need 3) in trending regime
1782251700.0,BUY,259999.0,20.71615028594338,trending,3 bullish / 0 bearish votes (need 3) in trending regime
1782255900.0,SELL,259785.0,41.268630014134644,trending,0 bullish / 3 bearish votes (need 3) in trending regime
1782259200.0,BUY,260284.0,20.708090014134644,trending,3 bullish / 0 bearish votes (need 3) in trending regime
1782267600.0,SELL,260372.0,41.23448748428264,trending,1 bullish / 3 bearish votes (need 3) in trending regime
1782279600.0,BUY,261322.0,20.683957484282637,trending,3 bullish / 1 bearish votes (need 3) in trending regime
1782284100.0,SELL,260645.0,41.14029414231372,trending,0 bullish / 3 bearish votes (need 3) in trending regime
1782304200.0,BUY,261098.0,20.830004142313722,trending,3 bullish / 0 bearish votes (need 3) in trending regime
1782306300.0,SELL,258813.0,40.922323709028134,trending,1 bullish / 3 bearish votes (need 3) in trending regime
1782334200.0,BUY,255003.0,20.952373709028134,trending,3 bullish / 0 bearish votes (need 3) in trending regime
1782350100.0,SELL,253710.0,40.78136782086211,trending,0 bullish / 3 bearish votes (need 3) in trending regime
1782361800.0,BUY,251713.0,20.501107820862106,trending,3 bullish / 0 bearish votes (need 3) in trending regime
1782376800.0,SELL,255212.0,41.02219542809733,trending,0 bullish / 3 bearish votes (need 3) in trending regime
1782393000.0,BUY,253744.0,20.781975428097336,trending,3 bullish / 0 bearish votes (need 3) in trending regime
1782394500.0,SELL,251710.0,40.81983493925819,trending,1 bullish / 3 bearish votes (need 3) in trending regime
1782424500.0,BUY,249126.0,20.609644939258192,trending,3 bullish / 1 bearish votes (need 3) in trending regime
1782428400.0,SELL,247749.0,40.66796987399002,trending,0 bullish / 3 bearish votes (need 3) in trending regime
1782447000.0,BUY,247356.0,20.80812987399002,trending,3 bullish / 0 bearish votes (need 3) in trending regime
1782462000.0,SELL,248012.0,40.68085389087257,trending,0 bullish / 3 bearish votes (need 3) in trending regime
1782476400.0,BUY,245256.0,20.56075389087257,trending,3 bullish / 0 bearish votes (need 3) in trending regime
1782480600.0,SELL,242902.0,40.44792431606095,trending,0 bullish / 3 bearish votes (need 3) in trending regime
1782484500.0,BUY,245566.0,20.97847431606095,trending,3 bullish / 0 bearish votes (need 3) in trending regime
1782492600.0,SELL,247017.0,40.52383551976993,trending,0 bullish / 3 bearish votes (need 3) in trending regime
1782511500.0,BUY,246079.0,20.393725519769934,trending,3 bullish / 0 bearish votes (need 3) in trending regime
1782536400.0,SELL,247650.0,40.61187196257895,trending,1 bullish / 3 bearish votes (need 3) in trending regime
1782544500.0,BUY,247908.0,20.441721962578953,trending,3 bullish / 0 bearish votes (need 3) in trending regime
1782559500.0,SELL,247737.0,40.55768695543921,trending,1 bullish / 3 bearish votes (need 3) in trending regime
1782567600.0,BUY,248855.0,20.367516955439207,trending,3 bullish / 1 bearish votes (need 3) in trending regime
1782579600.0,SELL,248778.0,40.5111122528614,trending,1 bullish / 3 bearish votes (need 3) in trending regime
1782588000.0,BUY,248327.0,20.3509722528614,ranging,3 bullish / 0 bearish votes (need 3) in ranging regime
1782597900.0,SELL,247112.0,40.37239096415739,trending,0 bullish / 3 bearish votes (need 3) in trending regime
1782606900.0,BUY,247013.0,20.28232096415739,trending,3 bullish / 0 bearish votes (need 3) in trending regime
1782615600.0,SELL,247036.0,40.334117863429896,trending,0 bullish / 3 bearish votes (need 3) in trending regime
1782618000.0,BUY,247320.0,20.224027863429896,trending,3 bullish / 0 bearish votes (need 3) in trending regime
1782623700.0,SELL,246503.0,40.22763867019846,trending,1 bullish / 3 bearish votes (need 3) in trending regime
1782632700.0,BUY,247398.0,20.19762867019846,trending,3 bullish / 0 bearish votes (need 3) in trending regime
1782643200.0,SELL,247001.0,40.15554069854954,trending,0 bullish / 3 bearish votes (need 3) in trending regime
1782646500.0,BUY,247521.0,20.125530698549536,trending,3 bullish / 0 bearish votes (need 3) in trending regime
1782651600.0,SELL,246800.0,40.057292173333494,trending,1 bullish / 3 bearish votes (need 3) in trending regime
1782652200.0,BUY,246144.0,20.207462173333496,ranging,3 bullish / 1 bearish votes (need 3) in ranging regime
1782655200.0,SELL,246582.0,40.0528833046225,trending,0 bullish / 3 bearish votes (need 3) in trending regime
1782675900.0,BUY,243807.0,20.173023304622497,ranging,3 bullish / 1 bearish votes (need 3) in ranging regime
1782684900.0,SELL,243780.0,40.01096614137452,trending,1 bullish / 3 bearish votes (need 3) in trending regime
1782691200.0,BUY,244202.0,20.301276141374515,trending,3 bullish / 0 bearish votes (need 3) in trending regime
1782693900.0,SELL,242847.0,39.86244178526769,trending,0 bullish / 3 bearish votes (need 3) in trending regime
1782699000.0,BUY,241680.0,20.29289178526769,ranging,3 bullish / 1 bearish votes (need 3) in ranging regime
1782710400.0,SELL,243222.0,39.94795265046133,trending,0 bullish / 3 bearish votes (need 3) in trending regime
1782714900.0,BUY,244757.0,20.16819265046133,trending,3 bullish / 0 bearish votes (need 3) in trending regime
1782723300.0,SELL,244012.0,39.848346610838355,trending,0 bullish / 3 bearish votes (need 3) in trending regime
1782735000.0,BUY,246749.0,20.288806610838357,trending,3 bullish / 1 bearish votes (need 3) in trending regime
1782741900.0,SELL,241701.0,39.409916331485654,trending,0 bullish / 3 bearish votes (need 3) in trending regime
1782752400.0,BUY,244999.0,19.850376331485656,trending,3 bullish / 1 bearish votes (need 3) in trending regime
1782760800.0,SELL,245506.0,39.41123189726348,trending,0 bullish / 3 bearish votes (need 3) in trending regime
1782771000.0,BUY,245999.0,19.771611897263476,trending,3 bullish / 0 bearish votes (need 3) in trending regime
1782774600.0,SELL,245691.0,39.34745148433497,trending,0 bullish / 3 bearish votes (need 3) in trending regime
1782786000.0,BUY,243509.0,19.797921484334967,trending,3 bullish / 0 bearish votes (need 3) in trending regime
1782792000.0,SELL,243101.0,39.275701638128055,trending,0 bullish / 3 bearish votes (need 3) in trending regime
1782815700.0,BUY,242749.0,19.696141638128058,trending,3 bullish / 0 bearish votes (need 3) in trending regime
1782822000.0,SELL,241555.0,39.14046884112375,trending,1 bullish / 3 bearish votes (need 3) in trending regime
1782846000.0,BUY,240323.0,19.67101884112375,trending,3 bullish / 0 bearish votes (need 3) in trending regime
1782856500.0,SELL,240435.0,39.11062424406063,trending,0 bullish / 3 bearish votes (need 3) in trending regime
1782864600.0,BUY,240488.0,19.54107424406063,trending,3 bullish / 0 bearish votes (need 3) in trending regime
1782865200.0,SELL,239551.0,38.99542883950822,trending,1 bullish / 3 bearish votes (need 3) in trending regime
1782874500.0,BUY,242381.0,19.696148839508222,trending,3 bullish / 0 bearish votes (need 3) in trending regime
1782889200.0,SELL,240892.0,38.83854598383884,trending,0 bullish / 3 bearish votes (need 3) in trending regime
1782893100.0,BUY,241090.0,19.509235983838842,trending,3 bullish / 0 bearish votes (need 3) in trending regime
1782896100.0,SELL,241595.0,38.84033329417937,ranging,0 bullish / 3 bearish votes (need 3) in ranging regime
1782912000.0,BUY,241524.0,19.581093294179375,trending,3 bullish / 1 bearish votes (need 3) in trending regime
1782924300.0,SELL,246400.0,39.18989102856602,trending,0 bullish / 3 bearish votes (need 3) in trending regime
1782929400.0,BUY,246043.0,19.670391028566016,trending,3 bullish / 0 bearish votes (need 3) in trending regime
1782938700.0,SELL,245755.0,39.12808857533629,trending,0 bullish / 3 bearish votes (need 3) in trending regime
1782940500.0,BUY,247499.0,19.68866857533629,trending,3 bullish / 1 bearish votes (need 3) in trending regime
1782947400.0,SELL,247075.0,39.05601269995902,trending,0 bullish / 3 bearish votes (need 3) in trending regime
1782960300.0,BUY,247108.0,19.68666269995902,trending,3 bullish / 0 bearish votes (need 3) in trending regime
1782968400.0,SELL,247875.0,39.077313220176904,trending,0 bullish / 3 bearish votes (need 3) in trending regime
1782982500.0,BUY,246600.0,19.627883220176905,trending,3 bullish / 0 bearish votes (need 3) in trending regime
1782995400.0,SELL,249689.0,39.281596978206096,trending,0 bullish / 3 bearish votes (need 3) in trending regime
1782996300.0,BUY,250736.0,19.872206978206094,trending,3 bullish / 1 bearish votes (need 3) in trending regime
1783004100.0,SELL,251439.0,39.297127244103294,trending,0 bullish / 3 bearish votes (need 3) in trending regime
1783019400.0,BUY,251318.0,19.657507244103293,trending,3 bullish / 1 bearish votes (need 3) in trending regime
1783022100.0,SELL,250859.0,39.222089671227494,trending,0 bullish / 3 bearish votes (need 3) in trending regime
1783027800.0,BUY,250758.0,19.652539671227494,trending,3 bullish / 0 bearish votes (need 3) in trending regime
1783032000.0,SELL,250427.0,39.15720952084346,trending,0 bullish / 3 bearish votes (need 3) in trending regime
1783041900.0,BUY,250520.0,19.68775952084346,trending,3 bullish / 0 bearish votes (need 3) in trending regime
1783050300.0,SELL,249730.0,39.05703643087061,trending,0 bullish / 3 bearish votes (need 3) in trending regime
1783056600.0,BUY,250694.0,19.55755643087061,trending,3 bullish / 0 bearish votes (need 3) in trending regime
1783070100.0,SELL,250967.0,39.039268489555695,trending,0 bullish / 3 bearish votes (need 3) in trending regime
1783076700.0,BUY,252502.0,19.609858489555695,trending,3 bullish / 0 bearish votes (need 3) in trending regime
1783089000.0,SELL,252222.0,38.97894622343503,trending,0 bullish / 3 bearish votes (need 3) in trending regime
1783097700.0,BUY,252745.0,19.56955622343503,trending,3 bullish / 0 bearish votes (need 3) in trending regime
1783128000.0,SELL,254323.0,39.06110559940686,trending,0 bullish / 3 bearish votes (need 3) in trending regime
1783134600.0,BUY,254578.0,19.67173559940686,trending,3 bullish / 1 bearish votes (need 3) in trending regime
1783146000.0,SELL,254156.0,38.990289120449525,trending,0 bullish / 3 bearish votes (need 3) in trending regime
1783151700.0,BUY,254749.0,19.580899120449523,trending,3 bullish / 0 bearish votes (need 3) in trending regime
1783157700.0,SELL,254420.0,38.92649261129738,trending,0 bullish / 3 bearish votes (need 3) in trending regime
1783166400.0,BUY,254566.0,19.467052611297376,trending,3 bullish / 0 bearish votes (need 3) in trending regime
1783204200.0,SELL,257506.0,39.111901975941514,trending,0 bullish / 3 bearish votes (need 3) in trending regime
1783226400.0,BUY,256174.0,19.612421975941512,trending,3 bullish / 1 bearish votes (need 3) in trending regime
1783230000.0,SELL,255700.0,39.03693408099511,trending,0 bullish / 3 bearish votes (need 3) in trending regime
1783234800.0,BUY,255807.0,19.55747408099511,trending,3 bullish / 0 bearish votes (need 3) in trending regime
1783243200.0,SELL,256270.0,39.033200647508146,trending,1 bullish / 3 bearish votes (need 3) in trending regime
1783256100.0,BUY,255656.0,19.553740647508146,trending,3 bullish / 0 bearish votes (need 3) in trending regime
1783263600.0,SELL,256000.0,39.02043902345082,trending,1 bullish / 3 bearish votes (need 3) in trending regime
1783264500.0,BUY,256006.0,19.59102902345082,trending,3 bullish / 0 bearish votes (need 3) in trending regime
1783277400.0,SELL,256066.0,38.98616358646888,ranging,1 bullish / 3 bearish votes (need 3) in ranging regime
1783278900.0,BUY,256109.0,19.516713586468878,trending,3 bullish / 0 bearish votes (need 3) in trending regime
1783285500.0,SELL,255671.0,38.914033278670246,trending,0 bullish / 3 bearish votes (need 3) in trending regime
1783287000.0,BUY,256506.0,19.494633278670246,trending,3 bullish / 1 bearish votes (need 3) in trending regime
1783296900.0,SELL,258733.0,39.04349677426099,trending,0 bullish / 3 bearish votes (need 3) in trending regime
1783301100.0,BUY,259364.0,19.594066774260988,trending,3 bullish / 0 bearish votes (need 3) in trending regime
1783303800.0,SELL,258475.0,38.93810480864509,trending,1 bullish / 3 bearish votes (need 3) in trending regime
1783313400.0,BUY,257904.0,19.548734808645094,trending,3 bullish / 0 bearish votes (need 3) in trending regime
1783315500.0,SELL,257101.0,38.83911542945749,trending,1 bullish / 3 bearish votes (need 3) in trending regime
1783325700.0,BUY,257226.0,19.479775429457494,trending,3 bullish / 0 bearish votes (need 3) in trending regime
1783330200.0,SELL,255889.0,38.700011201657816,trending,0 bullish / 3 bearish votes (need 3) in trending regime
1783335000.0,BUY,256313.0,19.440771201657817,trending,3 bullish / 0 bearish votes (need 3) in trending regime
1783338900.0,SELL,255646.0,38.61151326686715,trending,1 bullish / 3 bearish votes (need 3) in trending regime
1783347300.0,BUY,252748.0,19.64256326686715,trending,3 bullish / 0 bearish votes (need 3) in trending regime
1783361700.0,SELL,259975.0,39.11492199473048,trending,0 bullish / 3 bearish votes (need 3) in trending regime
1783368000.0,BUY,259969.0,19.625451994730483,ranging,3 bullish / 0 bearish votes (need 3) in ranging regime
1783371900.0,SELL,262078.0,39.23377453064822,ranging,1 bullish / 3 bearish votes (need 3) in ranging regime
1783373100.0,BUY,262080.0,19.81437453064822,trending,3 bullish / 0 bearish votes (need 3) in trending regime
1783381500.0,SELL,261533.0,39.154524331472395,trending,0 bullish / 3 bearish votes (need 3) in trending regime
1783385700.0,BUY,262156.0,19.695084331472394,trending,3 bullish / 0 bearish votes (need 3) in trending regime
1783391400.0,SELL,259457.0,38.91570196341674,trending,1 bullish / 3 bearish votes (need 3) in trending regime
1783408800.0,BUY,258851.0,19.516321963416736,trending,3 bullish / 0 bearish votes (need 3) in trending regime
1783411200.0,SELL,257880.0,38.804316545628126,trending,0 bullish / 3 bearish votes (need 3) in trending regime
1783418400.0,BUY,258879.0,19.475006545628126,trending,3 bullish / 1 bearish votes (need 3) in trending regime
1783423800.0,SELL,257944.0,38.6960238601264,trending,0 bullish / 3 bearish votes (need 3) in trending regime
1783428000.0,BUY,259662.0,19.5569038601264,trending,3 bullish / 0 bearish votes (need 3) in trending regime
1783430400.0,SELL,258484.0,38.57112953011277,trending,0 bullish / 3 bearish votes (need 3) in trending regime
1783440000.0,BUY,260879.0,19.582159530112772,trending,3 bullish / 0 bearish votes (need 3) in trending regime
1783450500.0,SELL,260355.0,38.49512460453425,trending,1 bullish / 3 bearish votes (need 3) in trending regime
1783465800.0,BUY,259930.0,19.356004604534245,trending,3 bullish / 0 bearish votes (need 3) in trending regime
1783469700.0,SELL,259510.0,38.426021027417335,trending,0 bullish / 3 bearish votes (need 3) in trending regime
1783471800.0,BUY,260234.0,19.346961027417336,trending,3 bullish / 0 bearish votes (need 3) in trending regime
1783474800.0,SELL,258024.0,38.22619856962935,trending,1 bullish / 3 bearish votes (need 3) in trending regime
1783498500.0,BUY,255127.0,19.327318569629348,ranging,3 bullish / 0 bearish votes (need 3) in ranging regime
1783499100.0,SELL,253628.0,38.07761996211231,trending,1 bullish / 3 bearish votes (need 3) in trending regime
1783510500.0,BUY,254011.0,19.138699962112305,trending,3 bullish / 0 bearish votes (need 3) in trending regime
1783516200.0,SELL,253146.0,37.97541489839459,trending,0 bullish / 3 bearish votes (need 3) in trending regime
1783527600.0,BUY,253305.0,19.146604898394592,trending,3 bullish / 0 bearish votes (need 3) in trending regime
1783544700.0,SELL,254010.0,37.990094651459074,trending,1 bullish / 3 bearish votes (need 3) in trending regime
1783548900.0,BUY,254208.0,19.091214651459076,trending,3 bullish / 0 bearish votes (need 3) in trending regime
1783556100.0,SELL,254312.0,37.96005099586995,trending,1 bullish / 3 bearish votes (need 3) in trending regime
1783561800.0,BUY,253133.0,19.271380995869947,trending,3 bullish / 1 bearish votes (need 3) in trending regime
1783564500.0,SELL,253001.0,37.912984980060074,trending,0 bullish / 3 bearish votes (need 3) in trending regime
1783571400.0,BUY,254072.0,19.054144980060073,trending,3 bullish / 0 bearish votes (need 3) in trending regime
1783590300.0,SELL,256928.0,38.08687190974929,trending,0 bullish / 3 bearish votes (need 3) in trending regime
1783619400.0,BUY,258071.0,19.14795190974929,trending,3 bullish / 1 bearish votes (need 3) in trending regime
1783635600.0,SELL,259106.0,38.12483514916789,trending,1 bullish / 3 bearish votes (need 3) in trending regime
1783643400.0,BUY,258001.0,19.175905149167892,ranging,3 bullish / 1 bearish votes (need 3) in ranging regime
1783645500.0,SELL,257345.0,38.03889137460888,trending,0 bullish / 3 bearish votes (need 3) in trending regime
1783647900.0,BUY,260121.0,19.27014137460888,trending,3 bullish / 1 bearish votes (need 3) in trending regime
1783668000.0,SELL,260000.0,37.99267819401216,trending,0 bullish / 3 bearish votes (need 3) in trending regime
1783671300.0,BUY,261399.0,19.113818194012158,trending,3 bullish / 1 bearish votes (need 3) in trending regime
1783689900.0,SELL,261326.0,37.949696493623094,trending,1 bullish / 3 bearish votes (need 3) in trending regime
1783693200.0,BUY,261001.0,19.200966493623092,trending,3 bullish / 1 bearish votes (need 3) in trending regime
1783693800.0,SELL,261000.0,37.912164803208114,trending,0 bullish / 3 bearish votes (need 3) in trending regime
1783705500.0,BUY,260000.0,19.063334803208114,ranging,3 bullish / 1 bearish votes (need 3) in ranging regime
1783712100.0,SELL,260960.0,37.94396143090042,ranging,0 bullish / 3 bearish votes (need 3) in ranging regime
1783720800.0,BUY,260512.0,18.98502143090042,trending,3 bullish / 0 bearish votes (need 3) in trending regime
1783737900.0,SELL,261079.0,37.94726280074135,trending,0 bullish / 3 bearish votes (need 3) in trending regime
1783741500.0,BUY,261352.0,18.99833280074135,trending,3 bullish / 0 bearish votes (need 3) in trending regime
1783763400.0,SELL,261682.0,37.93328114527286,trending,1 bullish / 3 bearish votes (need 3) in trending regime
1783767900.0,BUY,261795.0,18.954321145272857,trending,3 bullish / 0 bearish votes (need 3) in trending regime
1783772700.0,SELL,261755.0,37.892467119030954,trending,1 bullish / 3 bearish votes (need 3) in trending regime
1783779000.0,BUY,261781.0,18.933527119030952,trending,3 bullish / 0 bearish votes (need 3) in trending regime
1783807500.0,SELL,262047.0,37.87381312076523,trending,0 bullish / 3 bearish votes (need 3) in trending regime
1783825800.0,BUY,260885.0,18.964923120765228,trending,3 bullish / 0 bearish votes (need 3) in trending regime
1783833600.0,SELL,260433.0,37.80333771198359,trending,0 bullish / 3 bearish votes (need 3) in trending regime
1783844400.0,BUY,260746.0,18.954507711983588,trending,3 bullish / 0 bearish votes (need 3) in trending regime
1783848300.0,SELL,260284.0,37.73234734242854,trending,0 bullish / 3 bearish votes (need 3) in trending regime
1783856400.0,BUY,260564.0,18.893527342428538,trending,3 bullish / 1 bearish votes (need 3) in trending regime
1783866000.0,SELL,260188.0,37.667576796075245,trending,1 bullish / 3 bearish votes (need 3) in trending regime
1783868100.0,BUY,261675.0,18.938866796075246,trending,3 bullish / 1 bearish votes (need 3) in trending regime
1783874400.0,SELL,261345.0,37.606585091862,trending,0 bullish / 3 bearish votes (need 3) in trending regime
1783884000.0,BUY,261496.0,18.807805091862,trending,3 bullish / 0 bearish votes (need 3) in trending regime
1783893900.0,SELL,259925.0,37.45631255851541,trending,1 bullish / 3 bearish votes (need 3) in trending regime
1783903500.0,BUY,260741.0,18.997872558515407,trending,3 bullish / 0 bearish votes (need 3) in trending regime
1783910100.0,SELL,258938.0,37.292049167794346,trending,0 bullish / 3 bearish votes (need 3) in trending regime
1783925700.0,BUY,256708.0,18.703479167794345,trending,3 bullish / 0 bearish votes (need 3) in trending regime
1783939500.0,SELL,257425.0,37.30672436369787,trending,1 bullish / 3 bearish votes (need 3) in trending regime
1783954500.0,BUY,256000.0,18.868304363697867,trending,3 bullish / 0 bearish votes (need 3) in trending regime
1783960200.0,SELL,254990.0,37.19728438010412,trending,0 bullish / 3 bearish votes (need 3) in trending regime
1783971300.0,BUY,253924.0,18.63874438010412,trending,3 bullish / 0 bearish votes (need 3) in trending regime
1784010600.0,SELL,256331.0,37.335773267724036,trending,0 bullish / 3 bearish votes (need 3) in trending regime
1784019900.0,BUY,256336.0,18.687143267724036,trending,3 bullish / 0 bearish votes (need 3) in trending regime
1784031600.0,SELL,257325.0,37.37031997817438,ranging,1 bullish / 3 bearish votes (need 3) in ranging regime
1784033100.0,BUY,260190.0,18.94190997817438,trending,3 bullish / 1 bearish votes (need 3) in trending regime
1784040900.0,SELL,262038.0,37.46412628325912,ranging,1 bullish / 3 bearish votes (need 3) in ranging regime
1784042700.0,BUY,262772.0,18.87555628325912,trending,3 bullish / 0 bearish votes (need 3) in trending regime
1784049900.0,SELL,263254.0,37.46101498213115,trending,0 bullish / 3 bearish votes (need 3) in trending regime
1784055300.0,BUY,263285.0,18.752324982131146,trending,3 bullish / 0 bearish votes (need 3) in trending regime
1784059800.0,SELL,263076.0,37.40881338655981,trending,1 bullish / 3 bearish votes (need 3) in trending regime
1784064600.0,BUY,263299.0,18.700123386559806,trending,3 bullish / 0 bearish votes (need 3) in trending regime
1784075400.0,SELL,264457.0,37.45355058784048,trending,0 bullish / 3 bearish votes (need 3) in trending regime
1784089200.0,BUY,263581.0,18.77489058784048,trending,3 bullish / 0 bearish votes (need 3) in trending regime
1784092800.0,SELL,263069.0,37.38002021577269,trending,0 bullish / 3 bearish votes (need 3) in trending regime
1784095800.0,BUY,264499.0,18.77143021577269,trending,3 bullish / 1 bearish votes (need 3) in trending regime
1784100300.0,SELL,262807.0,37.22403891323468,trending,1 bullish / 3 bearish votes (need 3) in trending regime
1784105400.0,BUY,263587.0,18.63546891323468,trending,3 bullish / 0 bearish votes (need 3) in trending regime
1784114100.0,SELL,263734.0,37.19724487191246,trending,0 bullish / 3 bearish votes (need 3) in trending regime
1784116200.0,BUY,263793.0,18.628694871912458,trending,3 bullish / 0 bearish votes (need 3) in trending regime
1784144400.0,SELL,264666.0,37.2214730946098,trending,0 bullish / 3 bearish votes (need 3) in trending regime
1784147400.0,BUY,264984.0,18.652923094609797,trending,3 bullish / 0 bearish votes (need 3) in trending regime
1784151300.0,SELL,264116.0,37.12367018952874,trending,0 bullish / 3 bearish votes (need 3) in trending regime
1784168100.0,BUY,263511.0,18.70527018952874,trending,3 bullish / 0 bearish votes (need 3) in trending regime
1784173500.0,SELL,263288.0,37.07131449432057,trending,0 bullish / 3 bearish votes (need 3) in trending regime
1784178900.0,BUY,263996.0,18.552814494320568,trending,3 bullish / 1 bearish votes (need 3) in trending regime
1784185200.0,SELL,263864.0,37.02507360430708,trending,0 bullish / 3 bearish votes (need 3) in trending regime
1784201100.0,BUY,262073.0,18.576643604307083,trending,3 bullish / 0 bearish votes (need 3) in trending regime
1784206800.0,SELL,261491.0,36.94732601291079,trending,0 bullish / 3 bearish votes (need 3) in trending regime
1784209800.0,BUY,262720.0,18.699096012910793,trending,3 bullish / 0 bearish votes (need 3) in trending regime
1784224200.0,SELL,262001.0,36.86102487927042,trending,0 bullish / 3 bearish votes (need 3) in trending regime
1784250600.0,BUY,261693.0,18.542724879270416,trending,3 bullish / 1 bearish votes (need 3) in trending regime
1784254200.0,SELL,260114.0,36.71411698299501,trending,0 bullish / 3 bearish votes (need 3) in trending regime
1784262000.0,BUY,259269.0,18.425846982995008,ranging,3 bullish / 1 bearish votes (need 3) in ranging regime
1784262900.0,SELL,259538.0,36.696513745083806,trending,0 bullish / 3 bearish votes (need 3) in trending regime
1784283600.0,BUY,258423.0,18.428263745083807,trending,3 bullish / 0 bearish votes (need 3) in trending regime
1784293500.0,SELL,258552.0,36.66911469875279,trending,1 bullish / 3 bearish votes (need 3) in trending regime
1784300100.0,BUY,260002.0,18.631094698752793,trending,3 bullish / 0 bearish votes (need 3) in trending regime
1784321400.0,SELL,262677.0,36.81828595289699,trending,0 bullish / 3 bearish votes (need 3) in trending regime
1784323200.0,BUY,262795.0,18.409895952896992,trending,3 bullish / 0 bearish votes (need 3) in trending regime
1784327700.0,SELL,261922.0,36.72047581332052,trending,1 bullish / 3 bearish votes (need 3) in trending regime
1784333700.0,BUY,262073.0,18.39216581332052,trending,3 bullish / 0 bearish votes (need 3) in trending regime
1784343900.0,SELL,261925.0,36.6735259810982,trending,0 bullish / 3 bearish votes (need 3) in trending regime
1784349300.0,BUY,268906.0,19.346215981098204,trending,3 bullish / 1 bearish votes (need 3) in trending regime
1784383800.0,SELL,264042.0,36.326113986274734,trending,0 bullish / 3 bearish votes (need 3) in trending regime
1784385600.0,BUY,264205.0,18.177983986274736,trending,3 bullish / 0 bearish votes (need 3) in trending regime
1784422800.0,SELL,266802.0,36.46788440352649,trending,0 bullish / 3 bearish votes (need 3) in trending regime
1784438100.0,BUY,266603.0,18.229664403526492,trending,3 bullish / 1 bearish votes (need 3) in trending regime
1784447100.0,SELL,266297.0,36.410552873123606,trending,0 bullish / 3 bearish votes (need 3) in trending regime
1784491200.0,BUY,264367.0,18.232392873123604,trending,3 bullish / 0 bearish votes (need 3) in trending regime
1784498100.0,SELL,264001.0,36.34911660127425,trending,1 bullish / 3 bearish votes (need 3) in trending regime
1784499300.0,BUY,265603.0,18.281066601274247,trending,3 bullish / 1 bearish votes (need 3) in trending regime
1784524200.0,SELL,263314.0,36.15761499229393,trending,1 bullish / 3 bearish votes (need 3) in trending regime
1784535900.0,BUY,263362.0,18.159634992293928,trending,3 bullish / 0 bearish votes (need 3) in trending regime
1784537700.0,SELL,262361.0,36.05338401159056,trending,0 bullish / 3 bearish votes (need 3) in trending regime
1784547900.0,BUY,266212.0,18.19554401159056,trending,3 bullish / 1 bearish votes (need 3) in trending regime
1784553300.0,SELL,265000.0,35.936563950586546,trending,0 bullish / 3 bearish votes (need 3) in trending regime
1784560200.0,BUY,265740.0,18.248893950586545,trending,3 bullish / 1 bearish votes (need 3) in trending regime
1784568000.0,SELL,267962.0,36.048824903623355,trending,0 bullish / 3 bearish votes (need 3) in trending regime
1784570400.0,BUY,268483.0,18.070864903623356,trending,3 bullish / 1 bearish votes (need 3) in trending regime
1784575500.0,SELL,266457.0,35.877512446596285,trending,0 bullish / 3 bearish votes (need 3) in trending regime
1784579400.0,BUY,267061.0,18.009662446596284,trending,3 bullish / 0 bearish votes (need 3) in trending regime
1784599800.0,SELL,267002.0,35.837872909000005,trending,0 bullish / 3 bearish votes (need 3) in trending regime
1784605800.0,BUY,268038.0,18.000052909000004,trending,3 bullish / 0 bearish votes (need 3) in trending regime
1784611800.0,SELL,267859.0,35.79034433267874,trending,0 bullish / 3 bearish votes (need 3) in trending regime
1784613600.0,BUY,270000.0,18.032604332678744,trending,3 bullish / 1 bearish votes (need 3) in trending regime
1784625900.0,SELL,271092.0,35.82654102867875,trending,0 bullish / 3 bearish votes (need 3) in trending regime
1784626800.0,BUY,271139.0,17.918651028678745,trending,3 bullish / 0 bearish votes (need 3) in trending regime
1784632800.0,SELL,270681.0,35.76057198770714,trending,0 bullish / 3 bearish votes (need 3) in trending regime
1784637000.0,BUY,271398.0,17.922751987707137,trending,3 bullish / 1 bearish votes (need 3) in trending regime
1784655900.0,SELL,270317.0,35.654024477040146,trending,1 bullish / 3 bearish votes (need 3) in trending regime
1784662500.0,BUY,270687.0,17.836224477040144,trending,3 bullish / 0 bearish votes (need 3) in trending regime
1784676600.0,SELL,270956.0,35.636095853205234,ranging,0 bullish / 3 bearish votes (need 3) in ranging regime
1784677800.0,BUY,271112.0,17.878355853205235,trending,3 bullish / 1 bearish votes (need 3) in trending regime
1784684400.0,SELL,271000.0,35.59329455012754,trending,0 bullish / 3 bearish votes (need 3) in trending regime
1784697900.0,BUY,270217.0,17.83555455012754,trending,3 bullish / 1 bearish votes (need 3) in trending regime
1784699100.0,SELL,270000.0,35.543582542444824,trending,0 bullish / 3 bearish votes (need 3) in trending regime
1784709900.0,BUY,269806.0,17.865922542444824,trending,3 bullish / 0 bearish votes (need 3) in trending regime
1784713800.0,SELL,269320.0,35.47648349661189,trending,1 bullish / 3 bearish votes (need 3) in trending regime
1784718000.0,BUY,269684.0,17.768793496611888,trending,3 bullish / 0 bearish votes (need 3) in trending regime
1784724300.0,SELL,269000.0,35.39628118590751,trending,1 bullish / 3 bearish votes (need 3) in trending regime
1784729100.0,BUY,269658.0,17.818721185907513,trending,3 bullish / 0 bearish votes (need 3) in trending regime
1784731500.0,SELL,268502.0,35.285958296914785,trending,0 bullish / 3 bearish votes (need 3) in trending regime
1784735400.0,BUY,270028.0,17.728418296914786,trending,3 bullish / 0 bearish votes (need 3) in trending regime
1784745900.0,SELL,269307.0,35.204091690859116,trending,0 bullish / 3 bearish votes (need 3) in trending regime
1784757600.0,BUY,269904.0,17.626531690859117,trending,3 bullish / 0 bearish votes (need 3) in trending regime
1784771100.0,SELL,268902.0,35.10384659126815,trending,0 bullish / 3 bearish votes (need 3) in trending regime
1784782500.0,BUY,268301.0,17.56632659126815,trending,3 bullish / 1 bearish votes (need 3) in trending regime
1784783700.0,SELL,268324.0,35.070306984632325,trending,0 bullish / 3 bearish votes (need 3) in trending regime
1784787300.0,BUY,268467.0,17.572826984632325,trending,3 bullish / 0 bearish votes (need 3) in trending regime
1784791200.0,SELL,267583.0,34.977846928089065,trending,1 bullish / 3 bearish votes (need 3) in trending regime
1784796600.0,BUY,268408.0,17.530416928089064,trending,3 bullish / 0 bearish votes (need 3) in trending regime
1784808300.0,SELL,268502.0,34.949085038354035,trending,1 bullish / 3 bearish votes (need 3) in trending regime
1784838600.0,BUY,266751.0,17.571725038354035,trending,3 bullish / 0 bearish votes (need 3) in trending regime
1784852400.0,SELL,266477.0,34.89655110940906,trending,1 bullish / 3 bearish votes (need 3) in trending regime
1784857500.0,BUY,267327.0,17.51919110940906,trending,3 bullish / 0 bearish votes (need 3) in trending regime
1784873700.0,SELL,268495.0,34.93760423939593,trending,1 bullish / 3 bearish votes (need 3) in trending regime
1784874300.0,BUY,268620.0,17.47015423939593,trending,3 bullish / 1 bearish votes (need 3) in trending regime
1784881500.0,SELL,268254.0,34.878952049313284,trending,0 bullish / 3 bearish votes (need 3) in trending regime
1784897100.0,BUY,266459.0,17.571662049313286,ranging,3 bullish / 0 bearish votes (need 3) in ranging regime
1784899800.0,SELL,264370.0,34.7089565024937,trending,0 bullish / 3 bearish votes (need 3) in trending regime
1784908500.0,BUY,263400.0,17.5418065024937,trending,3 bullish / 0 bearish votes (need 3) in trending regime
1784911500.0,SELL,262557.0,34.61982357709506,trending,1 bullish / 3 bearish votes (need 3) in trending regime
1784915100.0,BUY,263576.0,17.392613577095062,trending,3 bullish / 0 bearish votes (need 3) in trending regime
1784929500.0,SELL,263704.0,34.59375288477102,trending,0 bullish / 3 bearish votes (need 3) in trending regime
1784932500.0,BUY,263853.0,17.286462884771023,trending,3 bullish / 1 bearish votes (need 3) in trending regime
1784940900.0,SELL,263701.0,34.549222450551966,trending,1 bullish / 3 bearish votes (need 3) in trending regime
1784951400.0,BUY,263442.0,17.261952450551966,trending,3 bullish / 0 bearish votes (need 3) in trending regime
1784958600.0,SELL,263400.0,34.511931884355235,trending,0 bullish / 3 bearish votes (need 3) in trending regime
1784975400.0,BUY,263094.0,17.264701884355233,trending,3 bullish / 0 bearish votes (need 3) in trending regime
1784996400.0,SELL,264000.0,34.53674640076382,trending,0 bullish / 3 bearish votes (need 3) in trending regime
1785002400.0,BUY,264621.0,17.289516400763816,trending,3 bullish / 1 bearish votes (need 3) in trending regime
1785012300.0,SELL,264566.0,34.49870882245371,trending,1 bullish / 3 bearish votes (need 3) in trending regime
1785018900.0,BUY,264850.0,17.26148882245371,trending,3 bullish / 0 bearish votes (need 3) in trending regime
1785043200.0,SELL,265302.0,34.4936275408226,trending,0 bullish / 3 bearish votes (need 3) in trending regime
1785055200.0,BUY,264993.0,17.2463975408226,trending,3 bullish / 1 bearish votes (need 3) in trending regime
1785071100.0,SELL,265101.0,34.46618274182791,trending,0 bullish / 3 bearish votes (need 3) in trending regime
1785075600.0,BUY,265828.0,17.289022741827907,trending,3 bullish / 0 bearish votes (need 3) in trending regime
1785100200.0,SELL,265984.0,34.4419229425592,trending,0 bullish / 3 bearish votes (need 3) in trending regime
1785101100.0,BUY,266184.0,17.214712942559203,trending,3 bullish / 1 bearish votes (need 3) in trending regime
1785109800.0,SELL,267876.0,34.51678900287838,trending,0 bullish / 3 bearish votes (need 3) in trending regime
1785119700.0,BUY,266214.0,17.319609002878384,trending,3 bullish / 0 bearish votes (need 3) in trending regime
1785137100.0,SELL,266957.0,34.53033022242356,trending,0 bullish / 3 bearish votes (need 3) in trending regime
1785147300.0,BUY,266406.0,17.253070222423556,trending,3 bullish / 0 bearish votes (need 3) in trending regime
1785155100.0,SELL,266002.0,34.469661911349476,trending,0 bullish / 3 bearish votes (need 3) in trending regime
1785159300.0,BUY,267394.0,17.382591911349476,trending,3 bullish / 1 bearish votes (need 3) in trending regime
1785162600.0,SELL,264764.0,34.26779486474409,trending,1 bullish / 3 bearish votes (need 3) in trending regime
1785170100.0,BUY,265797.0,17.23077486474409,trending,3 bullish / 1 bearish votes (need 3) in trending regime
1785185400.0,SELL,266063.0,34.25077083061278,trending,0 bullish / 3 bearish votes (need 3) in trending regime
1785213900.0,BUY,259827.0,17.12366083061278,trending,3 bullish / 0 bearish votes (need 3) in trending regime
1785231000.0,SELL,260712.0,34.27477113739383,ranging,0 bullish / 3 bearish votes (need 3) in ranging regime
1785240300.0,BUY,260962.0,17.227741137393828,trending,3 bullish / 0 bearish votes (need 3) in trending regime
1785245700.0,SELL,259000.0,34.11280191252584,trending,1 bullish / 3 bearish votes (need 3) in trending regime
1785252000.0,BUY,262000.0,17.32603191252584,trending,3 bullish / 1 bearish votes (need 3) in trending regime
1785279600.0,SELL,260785.0,34.00157040699149,trending,1 bullish / 3 bearish votes (need 3) in trending regime
1785283500.0,BUY,261950.0,17.07466040699149,trending,3 bullish / 0 bearish votes (need 3) in trending regime
1785288600.0,SELL,261358.0,33.92957247501974,trending,0 bullish / 3 bearish votes (need 3) in trending regime
1785294600.0,BUY,261522.0,17.03269247501974,trending,3 bullish / 0 bearish votes (need 3) in trending regime
1785298800.0,SELL,260292.0,33.81650122166438,trending,0 bullish / 3 bearish votes (need 3) in trending regime
1785302700.0,BUY,261271.0,16.94965122166438,trending,3 bullish / 0 bearish votes (need 3) in trending regime
1785324600.0,SELL,264126.0,33.96674296510318,trending,0 bullish / 3 bearish votes (need 3) in trending regime
1785333600.0,BUY,264812.0,17.189982965103177,trending,3 bullish / 1 bearish votes (need 3) in trending regime
1785337800.0,SELL,263000.0,33.818655834912704,trending,0 bullish / 3 bearish votes (need 3) in trending regime
1785348300.0,BUY,262547.0,17.1319858349127,trending,3 bullish / 0 bearish votes (need 3) in trending regime
1785355500.0,SELL,260000.0,33.62375987917906,trending,0 bullish / 3 bearish votes (need 3) in trending regime
1785362400.0,BUY,261801.0,17.01716987917906,trending,3 bullish / 1 bearish votes (need 3) in trending regime
1785373200.0,SELL,261066.0,33.5440504299027,trending,0 bullish / 3 bearish votes (need 3) in trending regime
1785376800.0,BUY,263101.0,16.8974204299027,trending,3 bullish / 0 bearish votes (need 3) in trending regime
1785387900.0,SELL,261842.0,33.431291557492486,trending,1 bullish / 3 bearish votes (need 3) in trending regime
1785400800.0,BUY,262677.0,16.76464155749249,trending,3 bullish / 0 bearish votes (need 3) in trending regime
1785419100.0,SELL,265499.0,33.57668749851511,trending,1 bullish / 3 bearish votes (need 3) in trending regime
1785430800.0,BUY,264712.0,16.849977498515113,trending,3 bullish / 0 bearish votes (need 3) in trending regime
1785445800.0,SELL,264606.0,33.5365829177632,trending,1 bullish / 3 bearish votes (need 3) in trending regime
1785450600.0,BUY,265229.0,16.7898529177632,trending,3 bullish / 1 bearish votes (need 3) in trending regime
1785456000.0,SELL,264614.0,33.46436900680324,trending,0 bullish / 3 bearish votes (need 3) in trending regime
1785460200.0,BUY,266366.0,16.86778900680324,trending,3 bullish / 1 bearish votes (need 3) in trending regime
1785465000.0,SELL,263018.0,33.22302053620263,trending,0 bullish / 3 bearish votes (need 3) in trending regime
1785469800.0,BUY,263391.0,16.69651053620263,trending,3 bullish / 0 bearish votes (need 3) in trending regime
1785480300.0,SELL,263071.0,33.169962202318786,trending,1 bullish / 3 bearish votes (need 3) in trending regime
1785498900.0,BUY,261805.0,16.603412202318786,trending,3 bullish / 0 bearish votes (need 3) in trending regime
1785499800.0,SELL,261450.0,33.11444332280923,trending,1 bullish / 3 bearish votes (need 3) in trending regime
1785515100.0,BUY,257948.0,16.64799332280923,trending,3 bullish / 0 bearish votes (need 3) in trending regime
1785526500.0,SELL,258588.0,33.12231693609563,trending,0 bullish / 3 bearish votes (need 3) in trending regime
1785552900.0,BUY,258903.0,16.57578693609563,trending,3 bullish / 0 bearish votes (need 3) in trending regime
1785556800.0,SELL,258679.0,33.07496966526447,trending,0 bullish / 3 bearish votes (need 3) in trending regime
1785562500.0,BUY,258839.0,16.548459665264467,trending,3 bullish / 0 bearish votes (need 3) in trending regime
1785580500.0,SELL,258840.0,33.04201338630341,trending,0 bullish / 3 bearish votes (need 3) in trending regime
1785587400.0,BUY,258922.0,16.515503386303408,trending,3 bullish / 0 bearish votes (need 3) in trending regime
1785591600.0,SELL,258817.0,33.00230482198674,trending,0 bullish / 3 bearish votes (need 3) in trending regime
1785616800.0,BUY,256841.0,16.48580482198674,trending,3 bullish / 0 bearish votes (need 3) in trending regime
1785650100.0,SELL,259891.0,33.16504722682086,trending,0 bullish / 3 bearish votes (need 3) in trending regime
1785654000.0,BUY,260045.0,16.59849722682086,trending,3 bullish / 0 bearish votes (need 3) in trending regime
1785659700.0,SELL,259572.0,33.10187427079402,trending,1 bullish / 3 bearish votes (need 3) in trending regime
1785692700.0,BUY,258708.0,16.59538427079402,trending,3 bullish / 0 bearish votes (need 3) in trending regime
1785712500.0,SELL,258975.0,33.08589578280757,trending,0 bullish / 3 bearish votes (need 3) in trending regime
1785751200.0,BUY,257399.0,16.599425782807568,trending,3 bullish / 0 bearish votes (need 3) in trending regime
1785773400.0,SELL,261119.0,33.29074665068195,trending,0 bullish / 3 bearish votes (need 3) in trending regime
1785779100.0,BUY,261468.0,16.754226650681954,trending,3 bullish / 0 bearish votes (need 3) in trending regime
1785791700.0,SELL,260769.0,33.21358678698927,trending,0 bullish / 3 bearish votes (need 3) in trending regime
1785809400.0,BUY,260948.0,16.687076786989266,trending,3 bullish / 0 bearish votes (need 3) in trending regime
1785823200.0,SELL,260801.0,33.17127549895487,trending,0 bullish / 3 bearish votes (need 3) in trending regime
1785840300.0,BUY,260805.0,16.66478549895487,trending,3 bullish / 1 bearish votes (need 3) in trending regime
1785852600.0,SELL,261016.0,33.151623121546464,trending,0 bullish / 3 bearish votes (need 3) in trending regime
1785868800.0,BUY,263641.0,16.665153121546464,trending,3 bullish / 0 bearish votes (need 3) in trending regime
1785873600.0,SELL,263164.0,33.08891410303265,trending,1 bullish / 3 bearish votes (need 3) in trending regime
1785884100.0,BUY,263481.0,16.57241410303265,trending,3 bullish / 0 bearish votes (need 3) in trending regime
1785889500.0,SELL,261167.0,32.91114913326253,trending,1 bullish / 3 bearish votes (need 3) in trending regime
1785893700.0,BUY,262978.0,16.584839133262534,trending,3 bullish / 0 bearish votes (need 3) in trending regime
1785901200.0,SELL,262494.0,32.8485412789173,trending,0 bullish / 3 bearish votes (need 3) in trending regime
1785909000.0,BUY,263007.0,16.502211278917304,trending,3 bullish / 0 bearish votes (need 3) in trending regime
1785912300.0,SELL,262756.0,32.800312373260795,trending,1 bullish / 3 bearish votes (need 3) in trending regime
1785932100.0,BUY,263150.0,16.443972373260795,trending,3 bullish / 1 bearish votes (need 3) in trending regime
1785936900.0,SELL,263158.0,32.76812862741242,trending,0 bullish / 3 bearish votes (need 3) in trending regime
1785940500.0,BUY,263571.0,16.601978627412425,trending,3 bullish / 0 bearish votes (need 3) in trending regime
1785942600.0,SELL,264500.0,32.79269507573186,ranging,1 bullish / 3 bearish votes (need 3) in ranging regime
1785955200.0,BUY,264788.0,16.44636507573186,trending,3 bullish / 0 bearish votes (need 3) in trending regime
1785967200.0,SELL,264587.0,32.74765140400202,trending,0 bullish / 3 bearish votes (need 3) in trending regime
1785990900.0,BUY,264499.0,16.38130140400202,trending,3 bullish / 0 bearish votes (need 3) in trending regime
1785998700.0,SELL,264943.0,32.74236980860847,trending,0 bullish / 3 bearish votes (need 3) in trending regime
1786008900.0,BUY,264468.0,16.396039808608474,ranging,3 bullish / 1 bearish votes (need 3) in ranging regime
1786010100.0,SELL,264417.0,32.70656388104824,trending,0 bullish / 3 bearish votes (need 3) in trending regime
1786026300.0,BUY,264186.0,16.47034388104824,trending,3 bullish / 0 bearish votes (need 3) in trending regime
1786034700.0,SELL,264206.0,32.67535057587688,trending,0 bullish / 3 bearish votes (need 3) in trending regime
1786039500.0,BUY,263591.0,16.38908057587688,ranging,3 bullish / 1 bearish votes (need 3) in ranging regime
1786042500.0,SELL,263591.0,32.64281057587688,trending,0 bullish / 3 bearish votes (need 3) in trending regime
1786063800.0,BUY,262825.0,16.39658057587688,trending,3 bullish / 0 bearish votes (need 3) in trending regime
1786080000.0,SELL,262506.0,32.59067134966172,trending,1 bullish / 3 bearish votes (need 3) in trending regime
1786084200.0,BUY,263158.0,16.33443134966172,trending,3 bullish / 0 bearish votes (need 3) in trending regime
1786089000.0,SELL,262939.0,32.544689941990285,trending,0 bullish / 3 bearish votes (need 3) in trending regime
1786091100.0,BUY,263200.0,16.268429941990284,trending,3 bullish / 1 bearish votes (need 3) in trending regime
1786111500.0,SELL,265566.0,32.658190796245606,trending,1 bullish / 3 bearish votes (need 3) in trending regime
1786131900.0,BUY,265592.0,16.341890796245604,trending,3 bullish / 0 bearish votes (need 3) in trending regime
1786141800.0,SELL,265272.0,32.605971289633956,trending,1 bullish / 3 bearish votes (need 3) in trending regime
1786151400.0,BUY,265514.0,16.299681289633956,trending,3 bullish / 1 bearish votes (need 3) in trending regime
1786155900.0,SELL,265407.0,32.56683311579002,trending,0 bullish / 3 bearish votes (need 3) in trending regime
1786158600.0,BUY,265451.0,16.28056311579002,trending,3 bullish / 0 bearish votes (need 3) in trending regime
1786176600.0,SELL,265898.0,32.56166320409257,trending,0 bullish / 3 bearish votes (need 3) in trending regime
1786180800.0,BUY,266000.0,16.26538320409257,trending,3 bullish / 0 bearish votes (need 3) in trending regime
1786190100.0,SELL,266054.0,32.53240486153618,trending,0 bullish / 3 bearish votes (need 3) in trending regime
1786197000.0,BUY,265998.0,16.25614486153618,trending,3 bullish / 0 bearish votes (need 3) in trending regime
1786242600.0,SELL,265982.0,32.498907787122086,trending,0 bullish / 3 bearish votes (need 3) in trending regime
1786251900.0,BUY,265489.0,16.242667787122087,trending,3 bullish / 1 bearish votes (need 3) in trending regime
1786252800.0,SELL,265534.0,32.46917769088458,trending,0 bullish / 3 bearish votes (need 3) in trending regime
1786262700.0,BUY,265790.0,16.222947690884578,trending,3 bullish / 1 bearish votes (need 3) in trending regime
1786269000.0,SELL,265801.0,32.43738871488849,trending,0 bullish / 3 bearish votes (need 3) in trending regime
1786271700.0,BUY,265909.0,16.21117871488849,trending,3 bullish / 1 bearish votes (need 3) in trending regime
1786279500.0,SELL,266099.0,32.416539666228985,trending,0 bullish / 3 bearish votes (need 3) in trending regime
1786281300.0,BUY,266274.0,16.200339666228984,trending,3 bullish / 1 bearish votes (need 3) in trending regime
1786309200.0,SELL,266998.0,32.428143478843054,trending,0 bullish / 3 bearish votes (need 3) in trending regime
1786313400.0,BUY,267404.0,16.211943478843054,trending,3 bullish / 1 bearish votes (need 3) in trending regime
1786320000.0,SELL,265895.0,32.30441592128969,trending,0 bullish / 3 bearish votes (need 3) in trending regime
1786341600.0,BUY,265888.0,16.15828592128969,trending,3 bullish / 1 bearish votes (need 3) in trending regime
1786353600.0,SELL,266296.0,32.29688234354266,trending,1 bullish / 3 bearish votes (need 3) in trending regime
1786362600.0,BUY,265999.0,16.130732343542665,trending,3 bullish / 0 bearish votes (need 3) in trending regime
1786366200.0,SELL,265399.0,32.22819006387243,trending,1 bullish / 3 bearish votes (need 3) in trending regime
1786386900.0,BUY,262078.0,16.11209006387243,trending,3 bullish / 0 bearish votes (need 3) in trending regime
1786398600.0,SELL,262413.0,32.21654923518784,trending,0 bullish / 3 bearish votes (need 3) in trending regime
1786410900.0,BUY,262331.0,16.09043923518784,trending,3 bullish / 0 bearish votes (need 3) in trending regime
1786413600.0,SELL,262125.0,32.17169122694634,trending,0 bullish / 3 bearish votes (need 3) in trending regime
1786418400.0,BUY,262567.0,16.095631226946345,trending,3 bullish / 1 bearish votes (need 3) in trending regime
1786427100.0,SELL,262610.0,32.142198706484905,trending,0 bullish / 3 bearish votes (need 3) in trending regime
1786447200.0,BUY,263048.0,16.096168706484903,trending,3 bullish / 0 bearish votes (need 3) in trending regime
1786455300.0,SELL,262313.0,32.06539300246891,trending,1 bullish / 3 bearish votes (need 3) in trending regime
1786472100.0,BUY,260974.0,16.039383002468906,trending,3 bullish / 0 bearish votes (need 3) in trending regime
1786477500.0,SELL,260123.0,31.98121882048143,trending,0 bullish / 3 bearish votes (need 3) in trending regime
1786481100.0,BUY,261143.0,16.025278820481432,trending,3 bullish / 0 bearish votes (need 3) in trending regime
1786491300.0,SELL,261027.0,31.94226533599209,trending,0 bullish / 3 bearish votes (need 3) in trending regime
1786497600.0,BUY,261100.0,15.96630533599209,trending,3 bullish / 0 bearish votes (need 3) in trending regime
1786504800.0,SELL,261296.0,31.92231405234598,trending,1 bullish / 3 bearish votes (need 3) in trending regime
1786513200.0,BUY,261448.0,15.946354052345978,trending,3 bullish / 0 bearish votes (need 3) in trending regime
1786515000.0,SELL,261276.0,31.87990487331229,trending,1 bullish / 3 bearish votes (need 3) in trending regime
1786522200.0,BUY,261155.0,15.943984873312292,trending,3 bullish / 0 bearish votes (need 3) in trending regime
1786539600.0,SELL,262006.0,31.899889927705278,trending,0 bullish / 3 bearish votes (need 3) in trending regime
1786555200.0,BUY,259692.0,15.953959927705277,trending,3 bullish / 0 bearish votes (need 3) in trending regime
1786572000.0,SELL,259871.0,31.878999147126745,trending,0 bullish / 3 bearish votes (need 3) in trending regime
1786581000.0,BUY,260073.0,15.983119147126745,trending,3 bullish / 0 bearish votes (need 3) in trending regime
1786612500.0,SELL,260745.0,31.888230286691407,trending,1 bullish / 3 bearish votes (need 3) in trending regime
1786626900.0,BUY,260818.0,15.992350286691407,trending,3 bullish / 0 bearish votes (need 3) in trending regime
1786637100.0,SELL,259867.0,31.798626203384273,trending,0 bullish / 3 bearish votes (need 3) in trending regime
1786645200.0,BUY,258873.0,15.962806203384273,trending,3 bullish / 0 bearish votes (need 3) in trending regime
1786653900.0,SELL,259514.0,31.806119212156915,trending,0 bullish / 3 bearish votes (need 3) in trending regime
1786660200.0,BUY,260288.0,15.930259212156916,trending,3 bullish / 1 bearish votes (need 3) in trending regime
1786666800.0,SELL,259783.0,31.74365906777838,trending,0 bullish / 3 bearish votes (need 3) in trending regime
1786671300.0,BUY,259784.0,15.857789067778382,trending,3 bullish / 0 bearish votes (need 3) in trending regime
1786681500.0,SELL,259623.0,31.702093539916774,trending,0 bullish / 3 bearish votes (need 3) in trending regime
1786706100.0,BUY,257753.0,15.866273539916774,trending,3 bullish / 0 bearish votes (need 3) in trending regime
1786711500.0,SELL,257603.0,31.661256258022867,trending,1 bullish / 3 bearish votes (need 3) in trending regime
1786719000.0,BUY,257284.0,15.855466258022867,trending,3 bullish / 0 bearish votes (need 3) in trending regime
1786734300.0,SELL,258320.0,31.693193933276675,trending,0 bullish / 3 bearish votes (need 3) in trending regime
1786752300.0,BUY,258352.0,15.867383933276674,trending,3 bullish / 0 bearish votes (need 3) in trending regime
1786773600.0,SELL,258743.0,31.68547747685288,trending,0 bullish / 3 bearish votes (need 3) in trending regime
1786790700.0,BUY,258433.0,15.82963747685288,trending,3 bullish / 0 bearish votes (need 3) in trending regime
1786821000.0,SELL,258829.0,31.67804502790093,trending,0 bullish / 3 bearish votes (need 3) in trending regime
1786835700.0,BUY,258838.0,15.822205027900928,trending,3 bullish / 1 bearish votes (need 3) in trending regime
1786844100.0,SELL,258828.0,31.645753674081163,trending,1 bullish / 3 bearish votes (need 3) in trending regime
1786851300.0,BUY,258990.0,15.809933674081163,trending,3 bullish / 0 bearish votes (need 3) in trending regime
1786859100.0,SELL,258845.0,31.60526543245021,trending,1 bullish / 3 bearish votes (need 3) in trending regime
1786885500.0,BUY,258503.0,15.789465432450209,trending,3 bullish / 0 bearish votes (need 3) in trending regime
1786905900.0,SELL,258504.0,31.57372649247659,trending,0 bullish / 3 bearish votes (need 3) in trending regime
1786912800.0,BUY,258451.0,15.777946492476593,ranging,3 bullish / 1 bearish votes (need 3) in ranging regime
1786913400.0,SELL,258439.0,31.541434552418323,trending,1 bullish / 3 bearish votes (need 3) in trending regime
1786925100.0,BUY,257436.0,15.815724552418322,trending,3 bullish / 0 bearish votes (need 3) in trending regime
1786926300.0,SELL,257251.0,31.49873623994454,trending,0 bullish / 3 bearish votes (need 3) in trending regime
1786929000.0,BUY,258071.0,15.853106239944541,trending,3 bullish / 0 bearish votes (need 3) in trending regime
1786940100.0,SELL,259047.0,31.526528303601445,trending,0 bullish / 3 bearish votes (need 3) in trending regime
1786942200.0,BUY,259131.0,15.770788303601446,trending,3 bullish / 0 bearish votes (need 3) in trending regime
1786945200.0,SELL,258651.0,31.465921549951748,trending,1 bullish / 3 bearish votes (need 3) in trending regime
1786949100.0,BUY,259332.0,15.780251549951748,trending,3 bullish / 0 bearish votes (need 3) in trending regime
1786953300.0,SELL,258868.0,31.40657263042003,trending,0 bullish / 3 bearish votes (need 3) in trending regime
1786965000.0,BUY,258783.0,15.75093263042003,trending,3 bullish / 0 bearish votes (need 3) in trending regime
1786973100.0,SELL,258601.0,31.364304143850198,trending,0 bullish / 3 bearish votes (need 3) in trending regime
1786974300.0,BUY,258863.0,15.728684143850199,trending,3 bullish / 0 bearish votes (need 3) in trending regime
1786990800.0,SELL,261888.0,31.515412526971772,ranging,1 bullish / 3 bearish votes (need 3) in ranging regime
1786991400.0,BUY,261758.0,15.829742526971772,trending,3 bullish / 0 bearish votes (need 3) in trending regime
1786995900.0,SELL,261490.0,31.46804489671787,trending,0 bullish / 3 bearish votes (need 3) in trending regime
1787000100.0,BUY,261635.0,15.762354896717872,trending,3 bullish / 0 bearish votes (need 3) in trending regime
1787008800.0,SELL,261296.0,31.41635572137818,trending,0 bullish / 3 bearish votes (need 3) in trending regime
1787011800.0,BUY,261505.0,15.75070572137818,trending,3 bullish / 0 bearish votes (need 3) in trending regime
1787015400.0,SELL,261157.0,31.364250177315924,trending,0 bullish / 3 bearish votes (need 3) in trending regime
1787028900.0,BUY,260838.0,15.678580177315924,trending,3 bullish / 0 bearish votes (need 3) in trending regime
1787042100.0,SELL,261182.0,31.353555518562214,trending,0 bullish / 3 bearish votes (need 3) in trending regime
1787044200.0,BUY,261179.0,15.677895518562213,trending,3 bullish / 0 bearish votes (need 3) in trending regime
1787058900.0,SELL,261102.0,31.31762330173008,trending,1 bullish / 3 bearish votes (need 3) in trending regime
1787062800.0,BUY,262960.0,15.77209330173008,trending,3 bullish / 1 bearish votes (need 3) in trending regime
1787072400.0,SELL,263302.0,31.306741080631816,trending,0 bullish / 3 bearish votes (need 3) in trending regime
1787076000.0,BUY,262662.0,15.681131080631816,ranging,3 bullish / 1 bearish votes (need 3) in ranging regime
1787085000.0,SELL,262705.0,31.27807401470679,trending,0 bullish / 3 bearish votes (need 3) in trending regime
1787096100.0,BUY,262878.0,15.67248401470679,trending,3 bullish / 1 bearish votes (need 3) in trending regime
1787099100.0,SELL,262235.0,31.208798983437532,trending,0 bullish / 3 bearish votes (need 3) in trending regime
1787123700.0,BUY,261553.0,15.593198983437533,trending,3 bullish / 0 bearish votes (need 3) in trending regime
1787134200.0,SELL,261953.0,31.201432623273437,trending,0 bullish / 3 bearish votes (need 3) in trending regime
1787138400.0,BUY,262332.0,15.605852623273437,trending,3 bullish / 1 bearish votes (need 3) in trending regime
1787153100.0,SELL,276536.0,32.01301015312111,-,take-profit hit: 5.4%
1787153400.0,BUY,276400.0,16.747760153121106,trending,3 bullish / 1 bearish votes (need 3) in trending regime
1787171100.0,SELL,277989.0,32.07009343007479,ranging,1 bullish / 3 bearish votes (need 3) in ranging regime
1787172600.0,BUY,279600.0,16.164203430074792,trending,3 bullish / 1 bearish votes (need 3) in trending regime
1787179500.0,SELL,279537.0,32.034736645632734,trending,0 bullish / 3 bearish votes (need 3) in trending regime
1787184900.0,BUY,280291.0,16.138856645632735,trending,3 bullish / 1 bearish votes (need 3) in trending regime
1787195100.0,SELL,278800.0,31.91858791063946,trending,0 bullish / 3 bearish votes (need 3) in trending regime
1787201400.0,BUY,279266.0,16.02270791063946,trending,3 bullish / 0 bearish votes (need 3) in trending regime
1787229900.0,SELL,287663.0,32.36383196999506,trending,0 bullish / 3 bearish votes (need 3) in trending regime
1767244500.0,BUY,273196.1724554782,25.4755,ranging,3 bullish / 0 bearish votes (need 3) in ranging regime
1767258600.0,SELL,272873.27378428867,49.922071679534646,trending,0 bullish / 3 bearish votes (need 3) in trending regime
1767274800.0,BUY,274539.4533328941,25.517691679534646,trending,3 bullish / 0 bearish votes (need 3) in trending regime
1767286200.0,SELL,276479.20112960733,50.04539536244087,trending,0 bullish / 3 bearish votes (need 3) in trending regime
1767291300.0,BUY,280070.7651123208,25.65102536244087,trending,3 bullish / 0 bearish votes (need 3) in trending regime
1767301200.0,SELL,280523.63401937304,50.036021766303755,ranging,0 bullish / 3 bearish votes (need 3) in ranging regime
1767318900.0,BUY,285090.00020422373,25.721731766303755,trending,3 bullish / 0 bearish votes (need 3) in trending regime
1767327000.0,SELL,299870.23650468,51.24547581709973,-,take-profit hit: 5.2%
1767329700.0,BUY,301221.00291193515,26.160415817099732,trending,3 bullish / 0 bearish votes (need 3) in trending regime
1767337800.0,SELL,318065.929029241,52.59536348779484,-,take-profit hit: 5.6%
1767339600.0,BUY,321466.9205950748,27.109903487794842,trending,3 bullish / 0 bearish votes (need 3) in trending regime
1767350400.0,SELL,338069.34724074823,53.858031473254634,-,take-profit hit: 5.2%
1767350700.0,BUY,338654.6633578248,27.671871473254633,trending,3 bullish / 0 bearish votes (need 3) in trending regime
1767360900.0,SELL,356627.2479028874,55.19264837301573,-,take-profit hit: 5.3%
1767362700.0,BUY,357735.0423241495,28.18566837301573,trending,3 bullish / 0 bearish votes (need 3) in trending regime
1767372900.0,SELL,377232.0099147423,56.60765868689522,-,take-profit hit: 5.5%
1767377400.0,BUY,380296.8406407917,29.07014868689522,trending,3 bullish / 0 bearish votes (need 3) in trending regime
1767380400.0,SELL,378856.93471514346,56.4485826023485,trending,0 bullish / 3 bearish votes (need 3) in trending regime
1767403200.0,BUY,371708.44183599047,28.830992602348502,trending,3 bullish / 0 bearish votes (need 3) in trending regime
1767417900.0,SELL,375943.05348236754,56.707401665193885,trending,0 bullish / 3 bearish votes (need 3) in trending regime
1767422700.0,BUY,375666.8310749042,29.139861665193887,trending,3 bullish / 0 bearish votes (need 3) in trending regime
1767498900.0,SELL,385732.9220457009,57.38952522505565,trending,0 bullish / 3 bearish votes (need 3) in trending regime
1767562800.0,BUY,305728.51481194404,29.38154522505565,trending,3 bullish / 0 bearish votes (need 3) in trending regime
1767572400.0,SELL,305356.5292643561,57.29955548451089,trending,0 bullish / 3 bearish votes (need 3) in trending regime
1767577800.0,BUY,309549.2436260021,29.41169548451089,trending,3 bullish / 0 bearish votes (need 3) in trending regime
1767581700.0,SELL,306767.3705798453,56.99371217884257,trending,0 bullish / 3 bearish votes (need 3) in trending regime
1767609900.0,BUY,309009.5542886746,29.145892178842573,trending,3 bullish / 0 bearish votes (need 3) in trending regime
1767631500.0,SELL,306652.5006385224,56.72607983619322,trending,0 bullish / 3 bearish votes (need 3) in trending regime
1767642600.0,BUY,307016.4284196355,29.158539836193224,trending,3 bullish / 0 bearish votes (need 3) in trending regime
1767657900.0,SELL,314188.1072382597,57.3136707435642,ranging,1 bullish / 3 bearish votes (need 3) in ranging regime
1767659100.0,BUY,313328.5473357068,29.215600743564202,trending,3 bullish / 0 bearish votes (need 3) in trending regime
1767688200.0,SELL,323161.49180410046,58.13754867624607,trending,0 bullish / 3 bearish votes (need 3) in trending regime
1767715800.0,BUY,320485.1846468954,29.82926867624607,trending,3 bullish / 0 bearish votes (need 3) in trending regime
1767720600.0,SELL,324594.6007838427,58.44324590255883,ranging,1 bullish / 3 bearish votes (need 3) in ranging regime
1767722400.0,BUY,324840.1253427863,29.77460590255883,trending,3 bullish / 0 bearish votes (need 3) in trending regime
1767744600.0,SELL,332761.7271728635,59.08368697841985,ranging,1 bullish / 3 bearish votes (need 3) in ranging regime
1767754800.0,BUY,335217.01916739484,30.32495697841985,trending,3 bullish / 0 bearish votes (need 3) in trending regime
1767760500.0,SELL,333246.91118507576,58.85754639868634,trending,0 bullish / 3 bearish votes (need 3) in trending regime
1767783600.0,BUY,328219.54550488334,30.09881639868634,trending,3 bullish / 0 bearish votes (need 3) in trending regime
1767804900.0,SELL,326758.3274594877,58.672309688785475,trending,0 bullish / 3 bearish votes (need 3) in trending regime
1767806700.0,BUY,327597.0828743324,30.253919688785473,trending,3 bullish / 0 bearish votes (need 3) in trending regime
1767824100.0,SELL,335103.471701401,59.26539283943919,ranging,1 bullish / 3 bearish votes (need 3) in ranging regime
1767825000.0,BUY,334385.59973796847,30.356512839439187,trending,3 bullish / 0 bearish votes (need 3) in trending regime
1767825300.0,SELL,333887.4303027085,59.164650288251934,-,backtest ended - closing open position
