timestamp,open,high,low,close,volume
1772622000,8173.0,8180.0,8083.0,8104.0,10.64
1772625600,8105.0,8107.0,8048.0,8098.0,13.3863
1772629200,8099.0,8151.0,8098.0,8139.0,6.7945
1772632800,8140.0,8298.0,8138.0,8191.0,23.6031
1772636400,8196.0,8474.0,8196.0,8466.0,49.2365
1772640000,8473.0,8500.0,8397.0,8444.0,79.6753
1772643600,8437.0,8469.0,8396.0,8445.0,16.9079
1772647200,8444.0,8497.0,8427.0,8497.0,14.4931
1772650800,8499.0,8618.0,8499.0,8571.0,43.453
1772654400,8571.0,8571.0,8463.0,8464.0,8.1847
1772658000,8463.0,8471.0,8432.0,8454.0,3.2905
1772661600,8455.0,8500.0,8377.0,8377.0,16.3507
1772665200,8384.0,8391.0,8339.0,8370.0,5.8592
1772668800,8369.0,8380.0,8322.0,8370.0,20.9761
1772672400,8369.0,8407.0,8299.0,8301.0,12.1799
1772676000,8334.0,8379.0,8320.0,8343.0,1.5769
1772679600,8343.0,8353.0,8310.0,8331.0,2.5394
1772683200,8339.0,8409.0,8339.0,8409.0,10.8804
1772686800,8405.0,8405.0,8327.0,8334.0,7.76
1772690400,8338.0,8370.0,8331.0,8370.0,2.528
1772694000,8378.0,8395.0,8277.0,8291.0,10.7527
1772697600,8289.0,8344.0,8274.0,8344.0,13.1324
1772701200,8346.0,8408.0,8346.0,8383.0,5.4142
1772704800,8383.0,8510.0,8372.0,8510.0,12.1001
1772708400,8510.0,8511.0,8436.0,8437.0,5.8254
1772712000,8436.0,8444.0,8391.0,8440.0,2.2061
1772715600,8427.0,8427.0,8350.0,8369.0,14.9707
1772719200,8358.0,8389.0,8292.0,8377.0,7.3416
1772722800,8350.0,8350.0,8171.0,8209.0,13.9906
1772726400,8246.0,8300.0,8010.0,8293.0,4.7724
1772730000,8011.0,8293.0,8011.0,8133.0,4.6525
1772733600,8152.0,8188.0,8152.0,8188.0,0.1826
1772737200,8193.0,8229.0,8177.0,8200.0,0.1312
1772740800,8186.0,8241.0,8186.0,8241.0,0.2618
1772744400,8241.0,8244.0,8194.0,8203.0,1.3444
1772748000,8199.0,8203.0,8188.0,8203.0,4.3032
1772751600,8199.0,8199.0,8159.0,8159.0,4.083
1772755200,8163.0,8179.0,8163.0,8170.0,12.0471
1772758800,8171.0,8237.0,8150.0,8237.0,5.6662
1772762400,8236.0,8240.0,8224.0,8233.0,7.8558
1772766000,8230.0,8240.0,8213.0,8238.0,2.163
1772769600,8235.0,8238.0,8164.0,8183.0,5.5813
1772773200,8188.0,8191.0,8179.0,8185.0,4.3793
1772776800,8188.0,8230.0,8185.0,8215.0,5.2439
1772780400,8217.0,8249.0,8194.0,8242.0,8.3405
1772784000,8241.0,8241.0,8221.0,8221.0,3.8004
1772787600,8216.0,8216.0,8111.0,8144.0,16.2942
1772791200,8147.0,8176.0,8147.0,8168.0,6.1465
1772794800,8165.0,8165.0,8124.0,8125.0,6.146
1772798400,8107.0,8124.0,8060.0,8102.0,18.3801
1772802000,8110.0,8127.0,8010.0,8010.0,32.994
1772805600,8003.0,8003.0,7823.0,7840.0,79.1796
1772809200,7840.0,7898.0,7805.0,7834.0,23.5014
1772812800,7837.0,7858.0,7805.0,7805.0,14.6602
1772816400,7816.0,7832.0,7766.0,7791.0,17.4636
1772820000,7800.0,7869.0,7800.0,7839.0,7.3041
1772823600,7828.0,7876.0,7828.0,7859.0,0.924
1772827200,7867.0,7867.0,7814.0,7817.0,0.2657
1772830800,7842.0,7848.0,7821.0,7846.0,0.8864
1772834400,7860.0,7876.0,7858.0,7876.0,1.1271
1772838000,7870.0,7876.0,7851.0,7851.0,2.4406
1772841600,7851.0,7862.0,7850.0,7861.0,0.504
1772845200,7861.0,7863.0,7850.0,7863.0,2.2491
1772848800,7856.0,7859.0,7839.0,7858.0,1.5859
1772852400,7867.0,7909.0,7855.0,7856.0,6.9561
1772856000,7855.0,7855.0,7807.0,7837.0,6.2563
1772859600,7839.0,7845.0,7832.0,7845.0,0.5868
1772863200,7847.0,7847.0,7830.0,7830.0,1.3056
1772866800,7820.0,7863.0,7807.0,7863.0,4.9022
1772870400,7860.0,7881.0,7847.0,7847.0,16.7205
1772874000,7861.0,7886.0,7861.0,7884.0,6.1192
1772877600,7881.0,7888.0,7880.0,7881.0,1.5551
1772881200,7880.0,7904.0,7880.0,7896.0,0.5911
1772884800,7896.0,7896.0,7870.0,7872.0,4.5275
1772888400,7877.0,7877.0,7868.0,7869.0,1.7243
1772892000,7869.0,7883.0,7844.0,7883.0,4.6656
1772895600,7882.0,7887.0,7855.0,7872.0,1.3732
1772899200,7871.0,7871.0,7853.0,7856.0,9.9657
1772902800,7857.0,7870.0,7857.0,7862.0,2.6938
1772906400,7862.0,7862.0,7831.0,7835.0,1.2904
1772910000,7835.0,7835.0,7761.0,7761.0,9.8278
1772913600,7770.0,7813.0,7770.0,7808.0,1.1622
1772917200,7808.0,7818.0,7808.0,7815.0,3.2011
1772920800,7826.0,7829.0,7803.0,7810.0,1.7785
1772924400,7814.0,7835.0,7814.0,7832.0,0.307
1772928000,7842.0,7848.0,7838.0,7838.0,2.8705
1772931600,7838.0,7839.0,7831.0,7839.0,2.7519
1772935200,7838.0,7838.0,7751.0,7751.0,51.0035
1772938800,7755.0,7767.0,7755.0,7767.0,8.6599
1772942400,7766.0,7775.0,7719.0,7726.0,5.6145
1772946000,7729.0,7772.0,7720.0,7764.0,3.8554
1772949600,7766.0,7767.0,7757.0,7765.0,2.1685
1772953200,7764.0,7805.0,7764.0,7803.0,3.0334
1772956800,7802.0,7825.0,7794.0,7825.0,4.2914
1772960400,7822.0,7895.0,7822.0,7851.0,12.2112
1772964000,7851.0,7898.0,7851.0,7881.0,2.5752
1772967600,7881.0,7881.0,7791.0,7791.0,18.0482
1772971200,7809.0,7809.0,7711.0,7774.0,16.1091
1772974800,7773.0,7777.0,7705.0,7755.0,8.0977
1772978400,7754.0,7773.0,7730.0,7754.0,6.2917
1772982000,7755.0,7755.0,7729.0,7743.0,11.911
1772985600,7745.0,7756.0,7703.0,7703.0,8.5508
1772989200,7723.0,7754.0,7703.0,7711.0,1.7374
1772992800,7712.0,7712.0,7693.0,7695.0,3.9089
1772996400,7692.0,7832.0,7688.0,7821.0,3.4279
1773000000,7811.0,7831.0,7777.0,7780.0,2.0628
1773003600,7787.0,7787.0,7739.0,7762.0,0.6823
1773007200,7762.0,7762.0,7606.0,7725.0,34.4404
1773010800,7729.0,7767.0,7712.0,7715.0,2.0691
1773014400,7715.0,7804.0,7688.0,7770.0,8.3011
1773018000,7772.0,7810.0,7737.0,7758.0,16.4186
1773021600,7758.0,7813.0,7739.0,7813.0,2.1266
1773025200,7809.0,7965.0,7809.0,7828.0,58.618
1773028800,7882.0,7924.0,7875.0,7899.0,6.5832
1773032400,7887.0,8014.0,7887.0,8007.0,14.7312
1773036000,8002.0,8002.0,7917.0,7917.0,22.8918
1773039600,7909.0,7909.0,7840.0,7892.0,1.8881
1773043200,7899.0,7955.0,7899.0,7946.0,6.4768
1773046800,7941.0,8020.0,7916.0,7970.0,47.1726
1773050400,7968.0,7970.0,7926.0,7929.0,8.8022
1773054000,7929.0,7944.0,7918.0,7922.0,6.1772
1773057600,7931.0,7986.0,7928.0,7953.0,5.4251
1773061200,7957.0,8054.0,7954.0,8017.0,19.959
1773064800,8017.0,8060.0,7988.0,8036.0,7.9327
1773068400,8035.0,8050.0,8014.0,8046.0,11.7873
1773072000,8046.0,8070.0,8028.0,8057.0,13.0559
1773075600,8053.0,8059.0,7971.0,8009.0,4.3597
1773079200,8009.0,8025.0,7993.0,8000.0,2.5625
1773082800,7999.0,8130.0,7999.0,8067.0,2.7341
1773086400,8055.0,8055.0,8031.0,8031.0,1.4449
1773090000,8046.0,8058.0,8044.0,8049.0,1.4446
1773093600,8050.0,8050.0,7959.0,7959.0,2.6517
1773097200,7953.0,7953.0,7901.0,7912.0,1.5733
1773100800,7915.0,7999.0,7915.0,7983.0,6.5339
1773104400,7985.0,7995.0,7963.0,7988.0,9.5227
1773108000,7989.0,8086.0,7973.0,8068.0,22.1339
1773111600,8063.0,8078.0,7992.0,7997.0,1.8565
1773115200,8010.0,8060.0,8010.0,8060.0,0.8019
1773118800,8074.0,8095.0,8059.0,8059.0,8.8984
1773122400,8063.0,8074.0,8050.0,8059.0,3.1819
1773126000,8055.0,8100.0,8055.0,8084.0,10.1447
1773129600,8084.0,8148.0,8084.0,8125.0,26.1396
1773133200,8116.0,8150.0,8113.0,8140.0,15.133
1773136800,8140.0,8140.0,8100.0,8125.0,5.8429
1773140400,8124.0,8130.0,8107.0,8121.0,5.8322
1773144000,8122.0,8122.0,8078.0,8078.0,9.814
1773147600,8080.0,8102.0,7986.0,8007.0,11.3049
1773151200,8009.0,8160.0,7923.0,8160.0,36.689
1773154800,8170.0,8190.0,8133.0,8177.0,10.8145
1773158400,8176.0,8193.0,8155.0,8177.0,9.6596
1773162000,8179.0,8180.0,8105.0,8155.0,2.4445
1773165600,8148.0,8148.0,8017.0,8022.0,4.2824
1773169200,8024.0,8037.0,7999.0,8015.0,3.9819
1773172800,8016.0,8050.0,8016.0,8043.0,0.9228
1773176400,8043.0,8045.0,7976.0,7998.0,7.1177
1773180000,7998.0,7999.0,7987.0,7993.0,1.2134
1773183600,7994.0,8025.0,7994.0,8025.0,1.1995
1773187200,8021.0,8045.0,8011.0,8039.0,5.584
1773190800,8039.0,8039.0,8010.0,8031.0,0.7996
1773194400,8030.0,8034.0,7972.0,7980.0,5.6956
1773198000,7998.0,7998.0,7980.0,7982.0,43.5295
1773201600,7982.0,8031.0,7978.0,8031.0,2.9291
1773205200,8041.0,8043.0,7951.0,7961.0,1.8828
1773208800,7951.0,7981.0,7951.0,7981.0,2.1732
1773212400,7981.0,7981.0,7932.0,7951.0,14.8538
1773216000,7950.0,7979.0,7937.0,7978.0,19.2208
1773219600,7977.0,7977.0,7950.0,7950.0,1.0418
1773223200,7950.0,7999.0,7950.0,7990.0,2.8569
1773226800,7991.0,8011.0,7958.0,7960.0,2.8825
1773230400,7957.0,8000.0,7941.0,7970.0,16.3443
1773234000,7974.0,8198.0,7974.0,8057.0,20.2858
1773237600,8082.0,8169.0,8068.0,8133.0,10.4436
1773241200,8133.0,8133.0,8006.0,8077.0,15.2694
1773244800,8077.0,8153.0,8077.0,8148.0,4.8861
1773248400,8132.0,8188.0,8104.0,8142.0,6.4074
1773252000,8142.0,8166.0,8126.0,8166.0,0.7855
1773255600,8143.0,8160.0,8139.0,8160.0,2.5253
1773259200,8130.0,8138.0,8124.0,8124.0,2.3059
1773262800,8123.0,8135.0,8117.0,8135.0,2.7169
1773266400,8136.0,8146.0,8100.0,8100.0,5.19
1773270000,8112.0,8112.0,8051.0,8061.0,3.4715
1773273600,8064.0,8087.0,8064.0,8087.0,0.2442
1773277200,8087.0,8087.0,8042.0,8057.0,4.6286
1773280800,8056.0,8056.0,7990.0,7990.0,7.3629
1773284400,7988.0,8009.0,7976.0,7978.0,6.6154
1773288000,7978.0,8001.0,7978.0,7995.0,3.9154
1773291600,7995.0,7996.0,7977.0,7995.0,4.9348
1773295200,7995.0,8014.0,7995.0,8014.0,1.0115
1773298800,8012.0,8045.0,8006.0,8045.0,6.1479
1773302400,8045.0,8081.0,8044.0,8066.0,3.14
1773306000,8066.0,8116.0,8049.0,8091.0,5.0729
1773309600,8099.0,8173.0,8098.0,8170.0,5.3577
1773313200,8170.0,8174.0,8140.0,8140.0,8.0025
1773316800,8141.0,8170.0,8140.0,8170.0,4.537
1773320400,8160.0,8191.0,8110.0,8143.0,12.4938
1773324000,8153.0,8252.0,8061.0,8066.0,31.8967
1773327600,8078.0,8200.0,8070.0,8178.0,6.5052
1773331200,8171.0,8187.0,8132.0,8163.0,0.3961
1773334800,8167.0,8169.0,8133.0,8133.0,1.4502
1773338400,8122.0,8129.0,8088.0,8088.0,2.0292
1773342000,8085.0,8163.0,8085.0,8163.0,0.2203
1773345600,8154.0,8154.0,8150.0,8150.0,0.0253
1773349200,8140.0,8152.0,8123.0,8131.0,0.135
1773352800,8133.0,8144.0,8130.0,8130.0,0.1765
1773356400,8139.0,8240.0,8139.0,8177.0,66.6399
1773360000,8174.0,8431.0,8173.0,8321.0,134.1896
1773363600,8356.0,8374.0,8322.0,8358.0,3.1635
1773367200,8358.0,8359.0,8285.0,8285.0,3.4378
1773370800,8289.0,8318.0,8282.0,8318.0,8.4263
1773374400,8327.0,8327.0,8298.0,8298.0,3.9174
1773378000,8299.0,8308.0,8277.0,8299.0,2.7885
1773381600,8298.0,8302.0,8228.0,8236.0,8.5508
1773385200,8251.0,8266.0,8251.0,8262.0,1.9586
1773388800,8263.0,8322.0,8250.0,8275.0,7.2038
1773392400,8275.0,8324.0,8251.0,8324.0,11.0394
1773396000,8324.0,8377.0,8324.0,8371.0,8.5503
1773399600,8372.0,8372.0,8352.0,8355.0,3.6127
1773403200,8371.0,8450.0,8371.0,8436.0,7.4478
1773406800,8447.0,8622.0,8442.0,8601.0,98.9063
1773410400,8604.0,8659.0,8450.0,8450.0,43.9997
1773414000,8450.0,8506.0,8347.0,8369.0,20.5684
1773417600,8380.0,8419.0,8321.0,8394.0,7.0329
1773421200,8396.0,8412.0,8254.0,8277.0,10.2609
1773424800,8281.0,8296.0,8260.0,8275.0,2.794
1773428400,8276.0,8291.0,8276.0,8277.0,9.2477
1773432000,8310.0,8313.0,8309.0,8313.0,0.8434
1773435600,8316.0,8332.0,8296.0,8296.0,4.8012
1773439200,8281.0,8281.0,8214.0,8227.0,15.1507
1773442800,8238.0,8253.0,8238.0,8252.0,5.8342
1773446400,8252.0,8260.0,8233.0,8233.0,6.4064
1773450000,8234.0,8260.0,8234.0,8260.0,12.4414
1773453600,8257.0,8260.0,8257.0,8260.0,1.0422
1773457200,8260.0,8294.0,8260.0,8293.0,3.1161
1773460800,8295.0,8306.0,8261.0,8261.0,5.6661
1773464400,8263.0,8273.0,8263.0,8272.0,3.0774
1773468000,8272.0,8272.0,8205.0,8220.0,13.655
1773471600,8222.0,8227.0,8217.0,8221.0,0.4154
1773475200,8222.0,8222.0,8202.0,8202.0,2.4697
1773478800,8209.0,8210.0,8180.0,8180.0,11.2187
1773482400,8182.0,8182.0,8170.0,8174.0,3.0001
1773486000,8177.0,8212.0,8177.0,8202.0,0.5579
1773489600,8208.0,8214.0,8197.0,8200.0,3.4111
1773493200,8200.0,8216.0,8200.0,8216.0,9.774
1773496800,8217.0,8217.0,8201.0,8201.0,3.7755
1773500400,8201.0,8202.0,8201.0,8202.0,1.5086
1773504000,8200.0,8200.0,8198.0,8198.0,13.6371
1773507600,8198.0,8198.0,8196.0,8197.0,2.3201
1773511200,8197.0,8199.0,8197.0,8199.0,1.1137
1773514800,8199.0,8202.0,8199.0,8202.0,0.647
1773518400,8208.0,8209.0,8208.0,8209.0,0.2462
1773522000,8237.0,8247.0,8237.0,8247.0,0.0658
1773525600,8245.0,8247.0,8245.0,8247.0,0.2143
1773529200,8263.0,8295.0,8263.0,8293.0,1.6789
1773532800,8289.0,8289.0,8264.0,8264.0,0.6501
1773536400,8264.0,8266.0,8247.0,8266.0,3.001
1773540000,8287.0,8326.0,8270.0,8313.0,3.6164
1773543600,8315.0,8318.0,8289.0,8289.0,1.2351
1773547200,8304.0,8305.0,8301.0,8305.0,0.3025
1773550800,8305.0,8350.0,8305.0,8338.0,3.1836
1773554400,8342.0,8345.0,8322.0,8326.0,0.5469
1773558000,8326.0,8350.0,8326.0,8330.0,12.015
1773561600,8338.0,8350.0,8338.0,8349.0,0.1967
1773565200,8350.0,8390.0,8350.0,8377.0,4.9815
1773568800,8376.0,8381.0,8376.0,8381.0,2.0249
1773572400,8379.0,8383.0,8377.0,8383.0,1.937
1773576000,8384.0,8384.0,8344.0,8345.0,5.7064
1773579600,8343.0,8343.0,8263.0,8285.0,44.0921
1773583200,8287.0,8292.0,8263.0,8283.0,6.9485
1773586800,8280.0,8285.0,8278.0,8280.0,0.3449
1773590400,8292.0,8292.0,8277.0,8277.0,2.7406
1773594000,8283.0,8366.0,8283.0,8366.0,5.8623
1773597600,8342.0,8342.0,8299.0,8299.0,0.0566
1773601200,8310.0,8341.0,8310.0,8341.0,0.0352
1773604800,8346.0,8423.0,8346.0,8415.0,6.1894
1773608400,8414.0,8450.0,8398.0,8450.0,2.1157
1773612000,8443.0,8612.0,8403.0,8610.0,9.7178
1773615600,8615.0,8653.0,8541.0,8576.0,14.9178
1773619200,8578.0,8604.0,8544.0,8550.0,12.0601
1773622800,8550.0,8610.0,8532.0,8609.0,10.5289
1773626400,8607.0,8607.0,8553.0,8593.0,11.1102
1773630000,8584.0,8846.0,8584.0,8797.0,47.9257
1773633600,8797.0,8921.0,8797.0,8906.0,34.6621
1773637200,8901.0,8960.0,8901.0,8960.0,60.0298
1773640800,8964.0,8966.0,8901.0,8901.0,11.5389
1773644400,8901.0,8914.0,8828.0,8836.0,29.6339
1773648000,8858.0,8876.0,8801.0,8828.0,24.5251
1773651600,8824.0,8895.0,8811.0,8889.0,23.1878
1773655200,8889.0,8950.0,8875.0,8950.0,14.6153
1773658800,8953.0,8953.0,8920.0,8935.0,7.181
1773662400,8934.0,9046.0,8934.0,8969.0,25.9914
1773666000,8969.0,9050.0,8958.0,8984.0,12.1559
1773669600,8996.0,9040.0,8844.0,8973.0,41.3109
1773673200,8978.0,9022.0,8932.0,8941.0,13.9433
1773676800,8942.0,9033.0,8939.0,9033.0,1.8953
1773680400,9033.0,9111.0,9033.0,9099.0,16.115
1773684000,9100.0,9200.0,9100.0,9145.0,4.8745
1773687600,9134.0,9200.0,9130.0,9157.0,24.2171
1773691200,9160.0,9204.0,9133.0,9204.0,16.3547
1773694800,9206.0,9299.0,9206.0,9267.0,12.9257
1773698400,9266.0,9341.0,9255.0,9260.0,17.7857
1773702000,9260.0,9271.0,9150.0,9230.0,32.11
1773705600,9230.0,9299.0,9211.0,9221.0,19.4082
1773709200,9241.0,9318.0,9234.0,9267.0,22.979
1773712800,9268.0,9271.0,9219.0,9243.0,15.0483
1773716400,9244.0,9247.0,9091.0,9114.0,22.1134
1773720000,9129.0,9152.0,9005.0,9089.0,17.1232
1773723600,9088.0,9111.0,9055.0,9081.0,34.3821
1773727200,9083.0,9131.0,9056.0,9104.0,6.0845
1773730800,9105.0,9190.0,9105.0,9154.0,7.3705
1773734400,9157.0,9171.0,9122.0,9122.0,69.571
1773738000,9129.0,9146.0,8977.0,9106.0,44.0028
1773741600,9110.0,9112.0,9085.0,9098.0,3.6729
1773745200,9098.0,9168.0,9098.0,9157.0,3.2136
1773748800,9157.0,9168.0,9120.0,9120.0,2.6987
1773752400,9117.0,9209.0,9117.0,9151.0,9.9492
1773756000,9159.0,9237.0,9150.0,9216.0,11.8073
1773759600,9216.0,9298.0,9090.0,9122.0,33.2505
1773763200,9122.0,9188.0,9122.0,9157.0,3.0928
1773766800,9167.0,9205.0,9158.0,9205.0,4.2075
1773770400,9205.0,9209.0,9169.0,9169.0,5.7503
1773774000,9175.0,9194.0,9136.0,9136.0,2.964
1773777600,9138.0,9151.0,9133.0,9151.0,0.3887
1773781200,9159.0,9209.0,9159.0,9195.0,0.6575
1773784800,9195.0,9196.0,9138.0,9158.0,2.1812
1773788400,9163.0,9171.0,9132.0,9132.0,2.3991
1773792000,9133.0,9133.0,9082.0,9117.0,10.4526
1773795600,9127.0,9160.0,9124.0,9126.0,6.3352
1773799200,9135.0,9177.0,9135.0,9153.0,2.1903
1773802800,9156.0,9201.0,9150.0,9188.0,8.0335
1773806400,9187.0,9187.0,9151.0,9152.0,1.5235
1773810000,9152.0,9152.0,9106.0,9108.0,5.5637
1773813600,9107.0,9144.0,9107.0,9134.0,11.9365
1773817200,9135.0,9135.0,9110.0,9121.0,3.6968
1773820800,9119.0,9139.0,9119.0,9136.0,4.3388
1773824400,9134.0,9168.0,9134.0,9163.0,6.8353
1773828000,9163.0,9168.0,9111.0,9111.0,4.4484
1773831600,9110.0,9127.0,8950.0,8952.0,18.6688
1773835200,8951.0,8951.0,8829.0,8840.0,55.3474
1773838800,8840.0,8845.0,8790.0,8813.0,32.1076
1773842400,8819.0,8819.0,8654.0,8661.0,18.7701
1773846000,8660.0,8660.0,8600.0,8621.0,55.4922
1773849600,8623.0,8627.0,8571.0,8608.0,18.8752
1773853200,8604.0,8711.0,8604.0,8696.0,15.8223
1773856800,8697.0,8750.0,8622.0,8622.0,7.9871
1773860400,8613.0,8658.0,8613.0,8639.0,9.4689
1773864000,8632.0,8639.0,8522.0,8639.0,14.9012
1773867600,8638.0,8701.0,8638.0,8699.0,0.9853
1773871200,8697.0,8697.0,8653.0,8660.0,2.7127
1773874800,8661.0,8701.0,8659.0,8701.0,2.0209
1773878400,8701.0,8709.0,8676.0,8676.0,5.0603
1773882000,8685.0,8703.0,8661.0,8696.0,5.4343
1773885600,8695.0,8715.0,8676.0,8701.0,12.61
1773889200,8701.0,8817.0,8701.0,8756.0,17.7879
1773892800,8755.0,8755.0,8681.0,8685.0,6.1992
1773896400,8685.0,8688.0,8671.0,8672.0,0.9658
1773900000,8672.0,8681.0,8655.0,8655.0,47.9237
1773903600,8655.0,8655.0,8521.0,8587.0,9.7006
1773907200,8587.0,8593.0,8556.0,8557.0,3.419
1773910800,8565.0,8660.0,8565.0,8655.0,13.8889
1773914400,8651.0,8651.0,8624.0,8624.0,2.7126
1773918000,8608.0,8610.0,8586.0,8591.0,7.6358
1773921600,8590.0,8590.0,8463.0,8465.0,15.9022
1773925200,8463.0,8489.0,8400.0,8488.0,15.9491
1773928800,8493.0,8493.0,8362.0,8432.0,17.9889
1773932400,8419.0,8461.0,8366.0,8425.0,14.3921
1773936000,8402.0,8404.0,8365.0,8391.0,10.9897
1773939600,8394.0,8447.0,8372.0,8444.0,5.479
1773943200,8428.0,8438.0,8394.0,8404.0,1.3248
1773946800,8435.0,8540.0,8435.0,8487.0,3.9571
1773950400,8486.0,8514.0,8485.0,8500.0,10.7343
1773954000,8499.0,8525.0,8498.0,8517.0,1.6285
1773957600,8515.0,8515.0,8456.0,8466.0,3.3531
1773961200,8481.0,8496.0,8453.0,8460.0,6.3864
1773964800,8463.0,8482.0,8459.0,8479.0,13.78
1773968400,8481.0,8539.0,8481.0,8539.0,5.1513
1773972000,8512.0,8512.0,8454.0,8483.0,4.9324
1773975600,8487.0,8528.0,8487.0,8517.0,1.3444
1773979200,8514.0,8536.0,8474.0,8492.0,10.2457
1773982800,8500.0,8511.0,8476.0,8486.0,1.9768
1773986400,8476.0,8476.0,8460.0,8462.0,2.0672
1773990000,8460.0,8535.0,8422.0,8522.0,5.0774
1773993600,8518.0,8601.0,8518.0,8572.0,3.1027
1773997200,8551.0,8568.0,8473.0,8481.0,26.4451
1774000800,8475.0,8514.0,8459.0,8512.0,3.0467
1774004400,8514.0,8534.0,8483.0,8483.0,3.6303
1774008000,8497.0,8523.0,8469.0,8484.0,1.4454
1774011600,8488.0,8527.0,8447.0,8449.0,12.2495
1774015200,8449.0,8489.0,8422.0,8447.0,12.2065
1774018800,8456.0,8472.0,8424.0,8472.0,1.2269
1774022400,8475.0,8492.0,8456.0,8473.0,1.5473
1774026000,8478.0,8481.0,8442.0,8481.0,3.328
1774029600,8481.0,8481.0,8421.0,8421.0,1.3373
1774033200,8439.0,8458.0,8420.0,8458.0,1.0753
1774036800,8461.0,8471.0,8445.0,8464.0,0.663
1774040400,8465.0,8541.0,8461.0,8508.0,15.105
1774044000,8517.0,8576.0,8517.0,8550.0,2.0248
1774047600,8544.0,8544.0,8506.0,8510.0,0.9528
1774051200,8514.0,8535.0,8504.0,8531.0,0.3587
1774054800,8527.0,8552.0,8516.0,8517.0,0.6861
1774058400,8514.0,8528.0,8510.0,8528.0,1.0357
1774062000,8528.0,8541.0,8528.0,8541.0,7.7882
1774065600,8544.0,8565.0,8544.0,8554.0,1.8819
1774069200,8552.0,8573.0,8551.0,8564.0,1.7741
1774072800,8564.0,8568.0,8560.0,8568.0,1.9511
1774076400,8568.0,8596.0,8568.0,8576.0,3.7471
1774080000,8576.0,8582.0,8574.0,8580.0,5.3283
1774083600,8580.0,8590.0,8580.0,8590.0,0.8432
1774087200,8589.0,8596.0,8576.0,8577.0,3.6727
1774090800,8577.0,8580.0,8576.0,8580.0,1.1021
1774094400,8580.0,8589.0,8579.0,8585.0,3.0558
1774098000,8586.0,8586.0,8580.0,8580.0,3.4725
1774101600,8576.0,8607.0,8560.0,8560.0,11.9657
1774105200,8559.0,8571.0,8550.0,8565.0,7.6181
1774108800,8566.0,8566.0,8535.0,8535.0,1.3312
1774112400,8540.0,8547.0,8529.0,8542.0,3.1232
1774116000,8542.0,8553.0,8542.0,8550.0,0.4279
1774119600,8549.0,8549.0,8541.0,8541.0,0.254
1774123200,8544.0,8544.0,8544.0,8544.0,0.0971
1774126800,8549.0,8550.0,8547.0,8547.0,0.5845
1774130400,8546.0,8546.0,8533.0,8534.0,2.0481
1774134000,8533.0,8533.0,8300.0,8301.0,44.5695
1774137600,8300.0,8317.0,8223.0,8305.0,23.6211
1774141200,8306.0,8321.0,8297.0,8312.0,7.1885
1774144800,8323.0,8377.0,8315.0,8369.0,8.3612
1774148400,8364.0,8448.0,8353.0,8420.0,14.2364
1774152000,8420.0,8439.0,8402.0,8422.0,3.0732
1774155600,8433.0,8433.0,8421.0,8425.0,1.9964
1774159200,8422.0,8422.0,8408.0,8411.0,1.8348
1774162800,8408.0,8418.0,8385.0,8392.0,4.3944
1774166400,8350.0,8355.0,8304.0,8330.0,2.0025
1774170000,8336.0,8362.0,8319.0,8326.0,4.7492
1774173600,8327.0,8327.0,8304.0,8315.0,3.5122
1774177200,8318.0,8321.0,8280.0,8280.0,2.7608
1774180800,8278.0,8322.0,8275.0,8311.0,4.2459
1774184400,8320.0,8320.0,8280.0,8300.0,2.4903
1774188000,8301.0,8316.0,8285.0,8308.0,2.1841
1774191600,8301.0,8314.0,8293.0,8307.0,2.7407
1774195200,8313.0,8313.0,8305.0,8312.0,1.1492
1774198800,8307.0,8316.0,8297.0,8298.0,2.1685
1774202400,8294.0,8294.0,8240.0,8261.0,3.5687
1774206000,8261.0,8261.0,8229.0,8248.0,0.375
1774209600,8243.0,8266.0,8230.0,8231.0,2.7917
1774213200,8231.0,8231.0,8132.0,8168.0,17.4238
1774216800,8144.0,8238.0,8133.0,8232.0,1.3939
1774220400,8237.0,8266.0,8200.0,8201.0,1.4274
1774224000,8200.0,8221.0,8150.0,8159.0,1.9769
1774227600,8162.0,8198.0,8134.0,8160.0,25.6511
1774231200,8155.0,8223.0,8155.0,8201.0,10.955
1774234800,8202.0,8227.0,8171.0,8171.0,7.8237
1774238400,8173.0,8219.0,8171.0,8219.0,15.0082
1774242000,8230.0,8230.0,8212.0,8229.0,2.8073
1774245600,8229.0,8237.0,8140.0,8141.0,9.66
1774249200,8141.0,8179.0,8050.0,8179.0,53.3052
1774252800,8183.0,8220.0,8179.0,8179.0,28.5399
1774256400,8174.0,8174.0,8099.0,8146.0,184.7031
1774260000,8147.0,8172.0,8125.0,8150.0,7.7598
1774263600,8150.0,8725.0,8150.0,8480.0,92.4794
1774267200,8468.0,8515.0,8416.0,8511.0,6.5768
1774270800,8512.0,8672.0,8509.0,8660.0,14.356
1774274400,8660.0,8700.0,8606.0,8636.0,36.8008
1774278000,8640.0,8660.0,8436.0,8436.0,52.9038
1774281600,8450.0,8485.0,8403.0,8464.0,16.4072
1774285200,8466.0,8537.0,8428.0,8517.0,1.1873
1774288800,8530.0,8577.0,8517.0,8577.0,1.0174
1774292400,8579.0,8614.0,8530.0,8530.0,7.7923
1774296000,8537.0,8575.0,8520.0,8575.0,1.7486
1774299600,8563.0,8564.0,8549.0,8553.0,0.5865
1774303200,8552.0,8552.0,8501.0,8516.0,1.8451
1774306800,8518.0,8518.0,8487.0,8505.0,2.1241
1774310400,8511.0,8511.0,8431.0,8477.0,4.9961
1774314000,8468.0,8486.0,8421.0,8456.0,7.3718
1774317600,8453.0,8464.0,8445.0,8453.0,2.1689
1774321200,8450.0,8464.0,8440.0,8464.0,3.2754
1774324800,8465.0,8485.0,8440.0,8454.0,2.816
1774328400,8453.0,8453.0,8414.0,8452.0,24.6149
1774332000,8443.0,8482.0,8443.0,8480.0,9.6161
1774335600,8481.0,8580.0,8481.0,8580.0,5.2489
1774339200,8560.0,8569.0,8523.0,8529.0,115.9627
1774342800,8531.0,8577.0,8519.0,8577.0,5.3601
1774346400,8574.0,8575.0,8552.0,8561.0,11.3494
1774350000,8562.0,8600.0,8544.0,8573.0,3.1925
1774353600,8571.0,8584.0,8561.0,8574.0,6.6113
1774357200,8574.0,8574.0,8460.0,8470.0,3.9011
1774360800,8471.0,8496.0,8421.0,8479.0,11.9485
1774364400,8473.0,8499.0,8464.0,8464.0,2.5603
1774368000,8467.0,8477.0,8445.0,8445.0,3.2618
1774371600,8446.0,8446.0,8380.0,8380.0,4.5144
1774375200,8367.0,8423.0,8367.0,8407.0,2.6414
1774378800,8409.0,8422.0,8406.0,8406.0,0.4194
1774382400,8400.0,8521.0,8400.0,8521.0,1.5572
1774386000,8527.0,8527.0,8511.0,8524.0,0.15
1774389600,8524.0,8541.0,8505.0,8505.0,0.3186
1774393200,8514.0,8572.0,8514.0,8556.0,1.397
1774396800,8539.0,8577.0,8510.0,8558.0,17.4408
1774400400,8560.0,8576.0,8559.0,8563.0,9.8774
1774404000,8557.0,8562.0,8547.0,8551.0,2.4413
1774407600,8553.0,8559.0,8522.0,8559.0,10.6295
1774411200,8559.0,8570.0,8548.0,8568.0,44.0183
1774414800,8568.0,8615.0,8568.0,8598.0,13.7313
1774418400,8588.0,8600.0,8578.0,8596.0,26.5321
1774422000,8583.0,8610.0,8579.0,8581.0,7.8853
1774425600,8581.0,8672.0,8581.0,8634.0,6.0357
1774429200,8632.0,8647.0,8626.0,8647.0,1.9253
1774432800,8666.0,8666.0,8656.0,8658.0,2.4653
1774436400,8660.0,8700.0,8659.0,8670.0,5.037
1774440000,8684.0,8700.0,8609.0,8678.0,4.7656
1774443600,8667.0,8714.0,8664.0,8685.0,6.9536
1774447200,8681.0,8681.0,8646.0,8647.0,2.4688
1774450800,8642.0,8642.0,8550.0,8596.0,9.692
1774454400,8589.0,8667.0,8589.0,8638.0,8.7418
1774458000,8641.0,8641.0,8618.0,8618.0,0.1419
1774461600,8605.0,8628.0,8593.0,8593.0,4.1224
1774465200,8616.0,8643.0,8616.0,8643.0,0.1445
1774468800,8614.0,8615.0,8611.0,8615.0,0.5362
1774472400,8615.0,8615.0,8607.0,8607.0,0.2042
1774476000,8601.0,8648.0,8599.0,8644.0,9.4751
1774479600,8639.0,8642.0,8610.0,8615.0,0.8622
1774483200,8622.0,8622.0,8617.0,8619.0,2.277
1774486800,8620.0,8624.0,8615.0,8622.0,0.6258
1774490400,8621.0,8621.0,8549.0,8568.0,6.2188
1774494000,8568.0,8598.0,8567.0,8591.0,5.4895
1774497600,8592.0,8592.0,8585.0,8592.0,0.7429
1774501200,8591.0,8591.0,8479.0,8479.0,8.335
1774504800,8478.0,8496.0,8471.0,8490.0,5.1806
1774508400,8490.0,8499.0,8481.0,8499.0,12.5373
1774512000,8501.0,8501.0,8481.0,8487.0,1.0082
1774515600,8488.0,8495.0,8324.0,8340.0,16.6802
1774519200,8339.0,8345.0,8317.0,8327.0,12.147
1774522800,8328.0,8333.0,8276.0,8309.0,41.9667
1774526400,8305.0,8313.0,8302.0,8312.0,5.8023
1774530000,8331.0,8366.0,8312.0,8350.0,4.7056
1774533600,8344.0,8347.0,8310.0,8328.0,10.0993
1774537200,8302.0,8302.0,8259.0,8291.0,8.9633
1774540800,8300.0,8305.0,8285.0,8285.0,8.9006
1774544400,8276.0,8303.0,8229.0,8229.0,3.6048
1774548000,8233.0,8233.0,8198.0,8209.0,13.3997
1774551600,8209.0,8233.0,8194.0,8227.0,1.1283
1774555200,8228.0,8335.0,8228.0,8295.0,7.8423
1774558800,8281.0,8322.0,8276.0,8307.0,0.1235
1774562400,8301.0,8306.0,8265.0,8291.0,3.0755
1774566000,8304.0,8304.0,8262.0,8272.0,3.0219
1774569600,8276.0,8294.0,8276.0,8291.0,11.3142
1774573200,8292.0,8328.0,8292.0,8328.0,20.6487
1774576800,8334.0,8337.0,8323.0,8327.0,0.7019
1774580400,8323.0,8323.0,8290.0,8292.0,1.8269
1774584000,8290.0,8290.0,8226.0,8256.0,7.5065
1774587600,8256.0,8297.0,8256.0,8284.0,4.8639
1774591200,8288.0,8319.0,8283.0,8306.0,5.3816
1774594800,8306.0,8333.0,8306.0,8324.0,2.5599
1774598400,8321.0,8321.0,8211.0,8253.0,16.1624
1774602000,8253.0,8258.0,8218.0,8238.0,12.7027
1774605600,8238.0,8238.0,8058.0,8059.0,45.2671
1774609200,8059.0,8084.0,8058.0,8064.0,25.9704
1774612800,8062.0,8063.0,8051.0,8055.0,14.6792
1774616400,8058.0,8087.0,8008.0,8037.0,35.3787
1774620000,8030.0,8066.0,8016.0,8049.0,5.3752
1774623600,8062.0,8169.0,8062.0,8095.0,18.3664
1774627200,8081.0,8115.0,8065.0,8082.0,3.9297
1774630800,8081.0,8106.0,8026.0,8045.0,4.6895
1774634400,8060.0,8082.0,8044.0,8075.0,3.1258
1774638000,8075.0,8101.0,8030.0,8079.0,6.7022
1774641600,8088.0,8093.0,8042.0,8063.0,0.6518
1774645200,8054.0,8075.0,8051.0,8051.0,2.5906
1774648800,8051.0,8055.0,8040.0,8055.0,1.3054
1774652400,8051.0,8084.0,8042.0,8079.0,1.2671
1774656000,8077.0,8089.0,8067.0,8085.0,2.1844
1774659600,8079.0,8079.0,8052.0,8071.0,5.1436
1774663200,8077.0,8078.0,8054.0,8063.0,1.8906
1774666800,8068.0,8076.0,8064.0,8075.0,1.7838
1774670400,8075.0,8078.0,8072.0,8073.0,2.7384
1774674000,8076.0,8079.0,8070.0,8079.0,3.6205
1774677600,8079.0,8121.0,8079.0,8110.0,5.9148
1774681200,8110.0,8135.0,8107.0,8131.0,8.2897
1774684800,8130.0,8136.0,8114.0,8114.0,10.2188
1774688400,8114.0,8114.0,8092.0,8104.0,8.8518
1774692000,8103.0,8120.0,8087.0,8087.0,1.9122
1774695600,8094.0,8107.0,8093.0,8099.0,2.6645
1774699200,8096.0,8111.0,8081.0,8102.0,3.5621
1774702800,8101.0,8252.0,8100.0,8194.0,26.9294
1774706400,8191.0,8197.0,8151.0,8164.0,6.5189
1774710000,8172.0,8215.0,8165.0,8185.0,2.8018
1774713600,8197.0,8198.0,8172.0,8172.0,47.2671
1774717200,8187.0,8187.0,8151.0,8160.0,1.8784
1774720800,8165.0,8173.0,8165.0,8169.0,0.5858
1774724400,8165.0,8165.0,8151.0,8157.0,0.0726
1774728000,8173.0,8173.0,8172.0,8172.0,0.0608
1774731600,8161.0,8161.0,8120.0,8120.0,0.154
1774735200,8119.0,8127.0,8117.0,8118.0,1.7045
1774738800,8110.0,8110.0,8050.0,8057.0,16.9035
1774742400,8065.0,8070.0,8051.0,8062.0,1.1333
1774746000,8076.0,8095.0,8076.0,8081.0,1.1896
1774749600,8102.0,8113.0,8095.0,8113.0,1.4675
1774753200,8116.0,8140.0,8111.0,8121.0,1.4398
1774756800,8120.0,8125.0,8099.0,8104.0,1.1694
1774760400,8103.0,8103.0,8081.0,8086.0,9.0316
1774764000,8105.0,8107.0,8088.0,8101.0,1.3477
1774767600,8094.0,8111.0,8076.0,8111.0,1.6798
1774771200,8101.0,8104.0,8094.0,8096.0,4.7467
1774774800,8097.0,8097.0,8075.0,8078.0,2.3074
1774778400,8075.0,8075.0,8051.0,8074.0,23.1923
1774782000,8074.0,8113.0,8074.0,8099.0,3.9298
1774785600,8102.0,8102.0,8083.0,8085.0,2.0915
1774789200,8080.0,8080.0,8032.0,8035.0,7.688
1774792800,8033.0,8068.0,8030.0,8063.0,3.8196
1774796400,8070.0,8070.0,8045.0,8065.0,2.8121
1774800000,8070.0,8089.0,8070.0,8082.0,0.4291
1774803600,8080.0,8085.0,8062.0,8062.0,1.7001
1774807200,8063.0,8086.0,8063.0,8081.0,5.3657
1774810800,8078.0,8080.0,8068.0,8068.0,0.9374
1774814400,8080.0,8098.0,8080.0,8098.0,1.0719
1774818000,8098.0,8108.0,8095.0,8108.0,0.3025
1774821600,8102.0,8102.0,7880.0,7981.0,43.6559
1774825200,7991.0,8057.0,7991.0,8032.0,20.0836
1774828800,8017.0,8166.0,8017.0,8053.0,26.6046
1774832400,8091.0,8132.0,8091.0,8123.0,4.3526
1774836000,8123.0,8226.0,8117.0,8205.0,4.9031
1774839600,8205.0,8237.0,8194.0,8224.0,7.4506
1774843200,8227.0,8274.0,8227.0,8263.0,7.9347
1774846800,8275.0,8301.0,8269.0,8274.0,15.4663
1774850400,8270.0,8272.0,8250.0,8250.0,1.035
1774854000,8250.0,8324.0,8250.0,8309.0,15.6652
1774857600,8312.0,8350.0,8309.0,8322.0,15.803
1774861200,8321.0,8324.0,8301.0,8301.0,4.5257
1774864800,8300.0,8308.0,8281.0,8301.0,2.3931
1774868400,8307.0,8389.0,8307.0,8362.0,16.8022
1774872000,8364.0,8391.0,8364.0,8379.0,1.9549
1774875600,8378.0,8401.0,8336.0,8336.0,2.5978
1774879200,8327.0,8366.0,8281.0,8366.0,18.0502
1774882800,8373.0,8380.0,8347.0,8379.0,8.5673
1774886400,8374.0,8374.0,8334.0,8335.0,3.0551
1774890000,8335.0,8343.0,8237.0,8263.0,10.619
1774893600,8255.0,8255.0,8202.0,8202.0,2.4227
1774897200,8207.0,8207.0,8157.0,8157.0,0.6207
1774900800,8181.0,8181.0,8180.0,8180.0,0.0222
1774904400,8181.0,8249.0,8181.0,8249.0,0.9424
1774908000,8229.0,8229.0,8217.0,8226.0,1.0852
1774911600,8182.0,8186.0,8155.0,8182.0,1.2875
1774915200,8185.0,8213.0,8162.0,8213.0,3.3302
1774918800,8239.0,8421.0,8218.0,8373.0,23.7879
1774922400,8364.0,8374.0,8348.0,8362.0,26.0901
1774926000,8361.0,8361.0,8320.0,8329.0,2.2794
1774929600,8328.0,8342.0,8307.0,8319.0,7.1418
1774933200,8318.0,8334.0,8308.0,8334.0,1.4458
1774936800,8328.0,8328.0,8311.0,8323.0,0.7851
1774940400,8325.0,8325.0,8263.0,8298.0,3.3123
1774944000,8293.0,8299.0,8242.0,8243.0,4.0769
1774947600,8251.0,8251.0,8160.0,8168.0,11.0894
1774951200,8174.0,8214.0,8170.0,8214.0,2.5482
1774954800,8213.0,8282.0,8213.0,8276.0,3.583
1774958400,8278.0,8339.0,8274.0,8314.0,2.6683
1774962000,8315.0,8424.0,8315.0,8415.0,30.361
1774965600,8418.0,8450.0,8262.0,8287.0,25.1632
1774969200,8322.0,8398.0,8320.0,8328.0,2.4861
1774972800,8337.0,8498.0,8337.0,8455.0,7.7119
1774976400,8458.0,8557.0,8457.0,8471.0,21.485
1774980000,8500.0,8517.0,8489.0,8489.0,0.2689
1774983600,8498.0,8500.0,8474.0,8475.0,2.8512
1774987200,8487.0,8501.0,8487.0,8501.0,0.3225
1774990800,8502.0,8503.0,8473.0,8493.0,0.2429
1774994400,8490.0,8490.0,8456.0,8471.0,2.4806
1774998000,8472.0,8494.0,8466.0,8494.0,2.7229
1775001600,8492.0,8510.0,8402.0,8510.0,36.514
1775005200,8520.0,8520.0,8453.0,8456.0,5.4151
1775008800,8458.0,8458.0,8426.0,8438.0,1.0785
1775012400,8439.0,8487.0,8439.0,8480.0,8.2736
1775016000,8480.0,8527.0,8478.0,8525.0,3.5746
1775019600,8513.0,8600.0,8513.0,8576.0,11.7306
1775023200,8578.0,8685.0,8578.0,8675.0,15.9586
1775026800,8675.0,8678.0,8603.0,8603.0,9.4747
1775030400,8606.0,8614.0,8580.0,8613.0,9.9929
1775034000,8605.0,8607.0,8581.0,8599.0,17.6091
1775037600,8599.0,8599.0,8580.0,8581.0,2.3021
1775041200,8581.0,8597.0,8581.0,8597.0,2.8476
1775044800,8595.0,8610.0,8566.0,8580.0,5.3769
1775048400,8578.0,8578.0,8519.0,8537.0,2.7691
1775052000,8542.0,8574.0,8528.0,8567.0,5.9596
1775055600,8568.0,8600.0,8557.0,8599.0,10.3758
1775059200,8600.0,8641.0,8572.0,8641.0,6.2174
1775062800,8641.0,8701.0,8602.0,8602.0,10.4496
1775066400,8608.0,8608.0,8572.0,8579.0,0.1513
1775070000,8577.0,8605.0,8577.0,8605.0,0.9284
1775073600,8604.0,8610.0,8590.0,8610.0,11.4033
1775077200,8636.0,8683.0,8636.0,8683.0,1.6575
1775080800,8668.0,8668.0,8603.0,8613.0,15.2765
1775084400,8613.0,8627.0,8611.0,8616.0,6.2467
1775088000,8615.0,8668.0,8614.0,8665.0,2.0902
1775091600,8672.0,8672.0,8433.0,8460.0,21.7529
1775095200,8444.0,8453.0,8348.0,8360.0,9.6737
1775098800,8360.0,8380.0,8285.0,8305.0,8.1656
1775102400,8310.0,8312.0,8280.0,8281.0,2.7203
1775106000,8284.0,8299.0,8271.0,8299.0,2.902
1775109600,8292.0,8305.0,8292.0,8293.0,0.4397
1775113200,8297.0,8331.0,8291.0,8331.0,3.8456
1775116800,8330.0,8330.0,8305.0,8305.0,12.2831
1775120400,8304.0,8305.0,8277.0,8285.0,8.7429
1775124000,8284.0,8284.0,8260.0,8270.0,1.091
1775127600,8275.0,8277.0,8236.0,8260.0,4.23
1775131200,8254.0,8254.0,8230.0,8237.0,3.3735
1775134800,8230.0,8261.0,8109.0,8261.0,53.7658
1775138400,8261.0,8401.0,8255.0,8389.0,56.5326
1775142000,8357.0,8380.0,8324.0,8352.0,0.8295
1775145600,8352.0,8399.0,8334.0,8382.0,3.1236
1775149200,8370.0,8392.0,8316.0,8316.0,0.9587
1775152800,8312.0,8330.0,8312.0,8330.0,3.4035
1775156400,8355.0,8366.0,8351.0,8366.0,0.0547
1775160000,8368.0,8397.0,8368.0,8393.0,0.6944
1775163600,8390.0,8390.0,8362.0,8362.0,0.177
1775167200,8365.0,8371.0,8350.0,8357.0,0.0466
1775170800,8361.0,8361.0,8343.0,8343.0,0.422
1775174400,8345.0,8345.0,8325.0,8325.0,1.9797
1775178000,8326.0,8350.0,8299.0,8304.0,2.7879
1775181600,8310.0,8338.0,8293.0,8317.0,3.1336
1775185200,8318.0,8327.0,8314.0,8316.0,2.2475
1775188800,8322.0,8327.0,8311.0,8325.0,6.9988
1775192400,8321.0,8342.0,8306.0,8325.0,3.0461
1775196000,8327.0,8342.0,8323.0,8342.0,0.231
1775199600,8349.0,8380.0,8346.0,8359.0,6.727
1775203200,8357.0,8373.0,8343.0,8343.0,2.1831
1775206800,8343.0,8348.0,8340.0,8342.0,1.1631
1775210400,8339.0,8339.0,8329.0,8334.0,0.158
1775214000,8335.0,8347.0,8333.0,8347.0,1.1757
1775217600,8346.0,8389.0,8294.0,8294.0,3.1124
1775221200,8297.0,8297.0,8281.0,8281.0,2.1397
1775224800,8292.0,8310.0,8292.0,8298.0,14.6549
1775228400,8300.0,8312.0,8300.0,8300.0,2.1891
1775232000,8297.0,8299.0,8291.0,8299.0,0.1221
1775235600,8299.0,8299.0,8271.0,8275.0,4.3616
1775239200,8281.0,8281.0,8281.0,8281.0,0.0065
1775242800,8273.0,8274.0,8273.0,8274.0,0.7503
1775246400,8274.0,8274.0,8274.0,8274.0,0.0
1775250000,8286.0,8308.0,8286.0,8308.0,0.6594
1775253600,8294.0,8294.0,8282.0,8286.0,0.1338
1775257200,8282.0,8290.0,8282.0,8290.0,0.2364
1775260800,8291.0,8291.0,8287.0,8289.0,0.9057
1775264400,8289.0,8290.0,8288.0,8289.0,0.5178
1775268000,8289.0,8289.0,8288.0,8288.0,0.1698
1775271600,8290.0,8292.0,8290.0,8290.0,0.2937
1775275200,8290.0,8293.0,8290.0,8293.0,0.8999
1775278800,8294.0,8299.0,8293.0,8299.0,4.7915
1775282400,8300.0,8317.0,8299.0,8316.0,2.2168
1775286000,8317.0,8317.0,8309.0,8309.0,0.0321
1775289600,8310.0,8312.0,8309.0,8312.0,0.1603
1775293200,8303.0,8304.0,8298.0,8298.0,3.8096
1775296800,8298.0,8310.0,8297.0,8310.0,0.6282
1775300400,8310.0,8310.0,8310.0,8310.0,0.0
1775304000,8305.0,8305.0,8300.0,8300.0,0.8319
1775307600,8301.0,8311.0,8301.0,8311.0,0.5171
1775311200,8312.0,8312.0,8291.0,8304.0,1.9826
1775314800,8309.0,8325.0,8309.0,8318.0,0.9748
1775318400,8320.0,8330.0,8320.0,8330.0,0.0156
1775322000,8326.0,8326.0,8322.0,8324.0,0.0359
1775325600,8324.0,8324.0,8324.0,8324.0,0.0
1775329200,8326.0,8408.0,8326.0,8367.0,5.4071
1775332800,8366.0,8366.0,8347.0,8349.0,0.4407
1775336400,8353.0,8362.0,8353.0,8362.0,0.0814
1775340000,8366.0,8370.0,8366.0,8370.0,0.0159
1775343600,8369.0,8369.0,8361.0,8361.0,0.0669
1775347200,8355.0,8358.0,8355.0,8357.0,0.4007
1775350800,8357.0,8357.0,8345.0,8345.0,1.4332
1775354400,8344.0,8344.0,8327.0,8338.0,1.1973
1775358000,8338.0,8338.0,8327.0,8327.0,0.0785
1775361600,8323.0,8325.0,8323.0,8325.0,0.2148
1775365200,8326.0,8326.0,8306.0,8306.0,0.93
1775368800,8305.0,8305.0,8227.0,8264.0,32.1551
1775372400,8267.0,8273.0,8257.0,8259.0,3.4401
1775376000,8262.0,8264.0,8262.0,8264.0,1.0053
1775379600,8265.0,8287.0,8265.0,8282.0,0.8641
1775383200,8283.0,8304.0,8283.0,8286.0,3.495
1775386800,8285.0,8287.0,8274.0,8274.0,3.357
1775390400,8274.0,8274.0,8210.0,8210.0,2.9504
1775394000,8220.0,8253.0,8219.0,8253.0,0.4308
1775397600,8255.0,8266.0,8255.0,8266.0,0.505
1775401200,8268.0,8351.0,8268.0,8328.0,6.9221
1775404800,8323.0,8328.0,8323.0,8327.0,0.2218
1775408400,8315.0,8333.0,8304.0,8333.0,0.7037
1775412000,8334.0,8339.0,8334.0,8339.0,0.2808
1775415600,8339.0,8340.0,8339.0,8339.0,10.0508
1775419200,8341.0,8350.0,8341.0,8350.0,0.4344
1775422800,8365.0,8365.0,8334.0,8334.0,1.6722
1775426400,8340.0,8404.0,8310.0,8404.0,2.0239
1775430000,8405.0,8546.0,8405.0,8508.0,51.497
1775433600,8511.0,8565.0,8511.0,8562.0,15.9374
1775437200,8555.0,8555.0,8513.0,8522.0,1.8378
1775440800,8521.0,8607.0,8518.0,8591.0,78.5732
1775444400,8590.0,8590.0,8564.0,8564.0,29.1247
1775448000,8573.0,8575.0,8551.0,8573.0,20.8807
1775451600,8572.0,8572.0,8565.0,8569.0,14.9383
1775455200,8569.0,8585.0,8539.0,8560.0,25.5347
1775458800,8560.0,8598.0,8552.0,8588.0,58.9887
1775462400,8589.0,8618.0,8588.0,8618.0,33.8998
1775466000,8618.0,8714.0,8618.0,8648.0,65.5083
1775469600,8647.0,8658.0,8647.0,8648.0,0.6057
1775473200,8649.0,8653.0,8632.0,8647.0,8.857
1775476800,8645.0,8647.0,8623.0,8623.0,12.1358
1775480400,8622.0,8625.0,8601.0,8617.0,29.2836
1775484000,8617.0,8667.0,8604.0,8660.0,17.8038
1775487600,8660.0,8697.0,8660.0,8688.0,52.1808
1775491200,8688.0,8688.0,8620.0,8620.0,5.9474
1775494800,8610.0,8610.0,8526.0,8570.0,3.1279
1775498400,8569.0,8616.0,8569.0,8613.0,0.1651
1775502000,8606.0,8608.0,8592.0,8593.0,0.2552
1775505600,8615.0,8634.0,8615.0,8634.0,0.0791
1775509200,8629.0,8629.0,8597.0,8597.0,0.3954
1775512800,8596.0,8596.0,8487.0,8487.0,10.3193
1775516400,8480.0,8486.0,8418.0,8486.0,6.3757
1775520000,8485.0,8525.0,8485.0,8517.0,13.2104
1775523600,8507.0,8521.0,8479.0,8479.0,12.8359
1775527200,8476.0,8504.0,8474.0,8499.0,1.939
1775530800,8497.0,8511.0,8497.0,8508.0,3.192
1775534400,8508.0,8542.0,8504.0,8542.0,3.7605
1775538000,8533.0,8533.0,8509.0,8511.0,1.5817
1775541600,8508.0,8508.0,8496.0,8506.0,2.0152
1775545200,8501.0,8501.0,8490.0,8498.0,4.0468
1775548800,8499.0,8534.0,8499.0,8531.0,4.5768
1775552400,8532.0,8597.0,8532.0,8589.0,1.7721
1775556000,8587.0,8595.0,8446.0,8446.0,37.0066
1775559600,8441.0,8454.0,8436.0,8443.0,3.3532
1775563200,8437.0,8437.0,8400.0,8431.0,13.1913
1775566800,8435.0,8443.0,8400.0,8410.0,4.2221
1775570400,8402.0,8402.0,8350.0,8387.0,11.6128
1775574000,8380.0,8413.0,8360.0,8401.0,1.0498
1775577600,8428.0,8443.0,8411.0,8432.0,0.2123
1775581200,8427.0,8511.0,8423.0,8497.0,1.4415
1775584800,8467.0,8467.0,8431.0,8431.0,1.1117
1775588400,8457.0,8541.0,8457.0,8541.0,0.4338
1775592000,8543.0,8567.0,8542.0,8546.0,1.4021
1775595600,8545.0,8659.0,8545.0,8659.0,40.6229
1775599200,8658.0,8899.0,8658.0,8899.0,138.2812
1775602800,8899.0,9100.0,8899.0,9004.0,62.2028
1775606400,9008.0,9018.0,8909.0,8926.0,41.0133
1775610000,8929.0,8944.0,8909.0,8923.0,10.7663
1775613600,8923.0,8952.0,8903.0,8914.0,8.8261
1775617200,8917.0,8922.0,8904.0,8911.0,7.7018
1775620800,8915.0,8964.0,8915.0,8946.0,11.0224
1775624400,8925.0,8934.0,8918.0,8919.0,9.7465
1775628000,8918.0,8946.0,8910.0,8926.0,12.1466
1775631600,8928.0,8975.0,8928.0,8952.0,10.4062
1775635200,8952.0,8966.0,8952.0,8963.0,6.5148
1775638800,8965.0,8969.0,8940.0,8940.0,5.9529
1775642400,8946.0,8948.0,8923.0,8923.0,1.9556
1775646000,8922.0,8949.0,8914.0,8932.0,3.9251
1775649600,8936.0,8964.0,8932.0,8964.0,7.7885
1775653200,8966.0,9000.0,8893.0,8893.0,40.2852
1775656800,8900.0,8913.0,8723.0,8723.0,25.2099
1775660400,8747.0,8808.0,8746.0,8806.0,7.0643
1775664000,8817.0,8834.0,8813.0,8834.0,1.9884
1775667600,8848.0,8898.0,8836.0,8891.0,2.2473
1775671200,8891.0,8891.0,8780.0,8780.0,3.369
1775674800,8773.0,8795.0,8761.0,8795.0,0.5724
1775678400,8797.0,8829.0,8797.0,8803.0,0.2922
1775682000,8796.0,8850.0,8796.0,8838.0,0.0927
1775685600,8829.0,8829.0,8741.0,8742.0,0.6579
1775689200,8739.0,8741.0,8708.0,8737.0,2.7067
1775692800,8736.0,8747.0,8725.0,8725.0,10.0793
1775696400,8727.0,8727.0,8660.0,8694.0,8.5049
1775700000,8694.0,8713.0,8691.0,8713.0,0.9248
1775703600,8705.0,8712.0,8702.0,8712.0,1.5448
1775707200,8708.0,8708.0,8708.0,8708.0,0.3681
1775710800,8706.0,8727.0,8697.0,8714.0,15.6811
1775714400,8715.0,8721.0,8701.0,8706.0,0.285
1775718000,8706.0,8714.0,8706.0,8714.0,1.2343
1775721600,8714.0,8740.0,8711.0,8737.0,4.0405
1775725200,8734.0,8750.0,8714.0,8750.0,16.2307
1775728800,8766.0,8769.0,8747.0,8762.0,12.9688
1775732400,8761.0,8761.0,8714.0,8715.0,3.6887
1775736000,8715.0,8721.0,8702.0,8719.0,5.2789
1775739600,8719.0,8719.0,8635.0,8649.0,15.8934
1775743200,8644.0,8702.0,8634.0,8700.0,2.728
1775746800,8682.0,8863.0,8682.0,8863.0,2.6534
1775750400,8870.0,8888.0,8780.0,8811.0,5.9492
1775754000,8813.0,8862.0,8813.0,8856.0,1.3077
1775757600,8857.0,8857.0,8802.0,8807.0,13.2994
1775761200,8813.0,8844.0,8813.0,8844.0,0.9267
1775764800,8840.0,8849.0,8832.0,8832.0,0.3214
1775768400,8833.0,8855.0,8822.0,8827.0,2.8234
1775772000,8827.0,8933.0,8794.0,8794.0,11.177
1775775600,8778.0,8778.0,8724.0,8732.0,1.0824
1775779200,8734.0,8746.0,8713.0,8744.0,2.7117
1775782800,8736.0,8766.0,8679.0,8740.0,4.883
1775786400,8739.0,8743.0,8731.0,8740.0,1.7406
1775790000,8723.0,8723.0,8703.0,8707.0,2.1447
1775793600,8707.0,8742.0,8707.0,8731.0,1.324
1775797200,8727.0,8751.0,8725.0,8738.0,8.0756
1775800800,8739.0,8739.0,8706.0,8707.0,3.8599
1775804400,8707.0,8708.0,8680.0,8680.0,6.461
1775808000,8681.0,8712.0,8676.0,8694.0,20.6545
1775811600,8692.0,8735.0,8692.0,8735.0,3.4319
1775815200,8735.0,8735.0,8734.0,8735.0,3.6835
1775818800,8735.0,8844.0,8735.0,8829.0,10.6079
1775822400,8830.0,8850.0,8804.0,8833.0,7.0637
1775826000,8830.0,8831.0,8790.0,8831.0,9.7332
1775829600,8845.0,8941.0,8845.0,8915.0,38.3528
1775833200,8913.0,8950.0,8850.0,8850.0,13.5599
1775836800,8859.0,8910.0,8859.0,8910.0,2.3088
1775840400,8920.0,8928.0,8920.0,8928.0,0.4103
1775844000,8921.0,8922.0,8916.0,8919.0,0.1261
1775847600,8920.0,8920.0,8920.0,8920.0,0.2366
1775851200,8920.0,8934.0,8915.0,8934.0,3.8778
1775854800,8934.0,8934.0,8934.0,8934.0,0.0
1775858400,8937.0,8937.0,8900.0,8900.0,1.7868
1775862000,8895.0,8896.0,8895.0,8896.0,8.2057
1775865600,8896.0,8897.0,8895.0,8896.0,4.7576
1775869200,8897.0,8920.0,8896.0,8920.0,0.1789
1775872800,8912.0,8930.0,8912.0,8930.0,0.4086
1775876400,8931.0,8931.0,8904.0,8904.0,1.6248
1775880000,8909.0,8909.0,8898.0,8907.0,8.9898
1775883600,8905.0,8905.0,8882.0,8893.0,1.9118
1775887200,8894.0,8894.0,8874.0,8893.0,3.393
1775890800,8893.0,8893.0,8891.0,8891.0,0.1168
1775894400,8891.0,8895.0,8891.0,8895.0,12.3088
1775898000,8893.0,8943.0,8891.0,8931.0,6.4358
1775901600,8931.0,8931.0,8918.0,8918.0,0.5868
1775905200,8920.0,8934.0,8917.0,8934.0,0.3635
1775908800,8938.0,8941.0,8935.0,8939.0,3.1033
1775912400,8935.0,8935.0,8904.0,8915.0,6.0661
1775916000,8916.0,8929.0,8916.0,8928.0,2.5052
1775919600,8928.0,8961.0,8928.0,8949.0,6.6018
1775923200,8950.0,9035.0,8950.0,8994.0,16.3607
1775926800,8991.0,8999.0,8982.0,8999.0,1.5634
1775930400,8998.0,9174.0,8998.0,9166.0,11.7928
1775934000,9164.0,9238.0,9164.0,9210.0,10.4101
1775937600,9199.0,9199.0,9114.0,9145.0,5.7555
1775941200,9144.0,9144.0,9124.0,9135.0,1.1035
1775944800,9136.0,9159.0,9106.0,9110.0,7.2014
1775948400,9118.0,9118.0,9058.0,9087.0,1.4066
1775952000,9084.0,9084.0,9074.0,9074.0,2.1787
1775955600,9074.0,9075.0,8815.0,8820.0,10.7366
1775959200,8830.0,8865.0,8805.0,8858.0,7.0606
1775962800,8858.0,8858.0,8824.0,8825.0,7.8145
1775966400,8824.0,8824.0,8810.0,8819.0,3.3228
1775970000,8816.0,8839.0,8812.0,8831.0,1.2473
1775973600,8831.0,8845.0,8831.0,8837.0,4.5315
1775977200,8836.0,8844.0,8826.0,8844.0,5.7896
1775980800,8840.0,8840.0,8825.0,8826.0,0.9433
1775984400,8826.0,8827.0,8821.0,8826.0,0.2109
1775988000,8826.0,8834.0,8755.0,8775.0,12.03
1775991600,8772.0,8786.0,8764.0,8781.0,19.046
1775995200,8780.0,8780.0,8740.0,8741.0,20.5813
1775998800,8743.0,8743.0,8708.0,8710.0,1.9121
1776002400,8709.0,8721.0,8690.0,8691.0,20.29
1776006000,8691.0,8693.0,8600.0,8692.0,46.7858
1776009600,8699.0,8706.0,8699.0,8701.0,0.2041
1776013200,8702.0,8767.0,8702.0,8766.0,2.8756
1776016800,8758.0,8767.0,8758.0,8767.0,0.066
1776020400,8767.0,8773.0,8761.0,8761.0,0.2038
1776024000,8760.0,8803.0,8758.0,8801.0,1.3331
1776027600,8801.0,8813.0,8795.0,8795.0,1.9682
1776031200,8794.0,8794.0,8713.0,8750.0,0.5559
1776034800,8731.0,8731.0,8718.0,8723.0,0.3153
1776038400,8730.0,8770.0,8729.0,8770.0,8.8586
1776042000,8782.0,8783.0,8779.0,8781.0,1.2255
1776045600,8780.0,8781.0,8748.0,8748.0,4.2368
1776049200,8752.0,8754.0,8750.0,8753.0,3.1342
1776052800,8754.0,8763.0,8735.0,8740.0,10.1025
1776056400,8739.0,8739.0,8720.0,8736.0,15.8497
1776060000,8739.0,8772.0,8739.0,8771.0,7.9702
1776063600,8773.0,8773.0,8721.0,8736.0,11.1888
1776067200,8732.0,8732.0,8716.0,8721.0,4.8398
1776070800,8721.0,8751.0,8721.0,8744.0,1.5116
1776074400,8740.0,8740.0,8720.0,8722.0,0.9859
1776078000,8722.0,8738.0,8721.0,8736.0,3.9224
1776081600,8724.0,8762.0,8709.0,8762.0,3.4955
1776085200,8777.0,8830.0,8734.0,8830.0,55.0288
1776088800,8840.0,8919.0,8812.0,8919.0,5.6996
1776092400,8920.0,8920.0,8805.0,8826.0,14.4122
1776096000,8834.0,8905.0,8801.0,8899.0,12.9091
1776099600,8888.0,8949.0,8880.0,8880.0,5.3008
1776103200,8880.0,8910.0,8880.0,8910.0,1.1312
1776106800,8910.0,9000.0,8910.0,9000.0,6.0084
1776110400,9010.0,9010.0,8971.0,8981.0,4.5858
1776114000,8981.0,9003.0,8981.0,9003.0,5.3245
1776117600,9002.0,9327.0,9002.0,9327.0,46.1178
1776121200,9327.0,9436.0,9308.0,9403.0,46.135
1776124800,9403.0,9403.0,9325.0,9325.0,15.0333
1776128400,9331.0,9363.0,9315.0,9362.0,22.606
1776132000,9357.0,9385.0,9357.0,9374.0,23.1645
1776135600,9375.0,9375.0,9355.0,9366.0,19.4937
1776139200,9361.0,9367.0,9360.0,9362.0,6.0157
1776142800,9362.0,9370.0,9334.0,9337.0,15.7319
1776146400,9337.0,9400.0,9337.0,9400.0,3.1475
1776150000,9399.0,9440.0,9368.0,9396.0,14.257
1776153600,9399.0,9450.0,9390.0,9435.0,26.643
1776157200,9440.0,9457.0,9431.0,9438.0,6.2296
1776160800,9439.0,9439.0,9391.0,9396.0,6.4254
1776164400,9395.0,9395.0,9371.0,9389.0,11.6693
1776168000,9389.0,9390.0,9378.0,9390.0,1.8166
1776171600,9390.0,9462.0,9390.0,9462.0,16.0104
1776175200,9461.0,9528.0,9326.0,9326.0,31.9915
1776178800,9318.0,9384.0,9250.0,9365.0,16.063
1776182400,9352.0,9357.0,9206.0,9225.0,9.2182
1776186000,9228.0,9260.0,9222.0,9236.0,0.6718
1776189600,9239.0,9262.0,9115.0,9166.0,7.2852
1776193200,9186.0,9196.0,9147.0,9164.0,3.3377
1776196800,9168.0,9186.0,9168.0,9175.0,0.24
1776200400,9175.0,9203.0,9175.0,9193.0,4.4803
1776204000,9209.0,9233.0,9181.0,9186.0,9.2618
1776207600,9192.0,9214.0,9000.0,9207.0,68.7976
1776211200,9209.0,9271.0,9207.0,9245.0,37.3865
1776214800,9250.0,9268.0,9250.0,9261.0,8.2659
1776218400,9260.0,9260.0,9200.0,9201.0,5.7334
1776222000,9201.0,9226.0,9200.0,9220.0,13.8412
1776225600,9219.0,9246.0,9219.0,9246.0,3.0844
1776229200,9252.0,9265.0,9195.0,9195.0,4.5132
1776232800,9202.0,9202.0,9199.0,9201.0,4.5476
1776236400,9201.0,9204.0,9179.0,9190.0,4.2154
1776240000,9188.0,9240.0,9188.0,9234.0,6.1095
1776243600,9224.0,9226.0,9212.0,9212.0,0.7119
1776247200,9212.0,9227.0,9190.0,9211.0,3.0873
1776250800,9203.0,9260.0,9203.0,9260.0,1.1427
1776254400,9260.0,9271.0,9246.0,9262.0,8.9911
1776258000,9261.0,9261.0,9202.0,9211.0,5.4048
1776261600,9222.0,9296.0,9221.0,9278.0,9.9581
1776265200,9276.0,9300.0,9219.0,9255.0,4.3244
1776268800,9256.0,9303.0,9256.0,9286.0,7.2244
1776272400,9292.0,9339.0,9292.0,9309.0,19.7201
1776276000,9311.0,9341.0,9311.0,9341.0,0.1108
1776279600,9348.0,9420.0,9348.0,9420.0,3.4907
1776283200,9392.0,9392.0,9346.0,9360.0,0.2444
1776286800,9360.0,9360.0,9317.0,9337.0,0.3034
1776290400,9340.0,9424.0,9340.0,9373.0,21.0659
1776294000,9373.0,9373.0,9321.0,9335.0,3.0904
1776297600,9344.0,9348.0,9332.0,9348.0,2.8248
1776301200,9348.0,9348.0,9302.0,9309.0,4.3544
1776304800,9315.0,9351.0,9313.0,9331.0,3.9059
1776308400,9329.0,9335.0,9323.0,9330.0,4.516
1776312000,9329.0,9329.0,9304.0,9309.0,3.9009
1776315600,9309.0,9333.0,9307.0,9321.0,0.3358
1776319200,9322.0,9323.0,9302.0,9310.0,3.2969
1776322800,9313.0,9313.0,9256.0,9256.0,12.3192
1776326400,9259.0,9285.0,9251.0,9259.0,9.1145
1776330000,9260.0,9285.0,9260.0,9261.0,1.5823
1776333600,9260.0,9260.0,9224.0,9234.0,5.7613
1776337200,9233.0,9249.0,9227.0,9249.0,8.5807
1776340800,9249.0,9289.0,9249.0,9259.0,2.9178
1776344400,9263.0,9301.0,9110.0,9128.0,19.4488
1776348000,9121.0,9154.0,9070.0,9154.0,28.4934
1776351600,9153.0,9292.0,9153.0,9253.0,12.2988
1776355200,9267.0,9278.0,9158.0,9169.0,6.2032
1776358800,9168.0,9194.0,9167.0,9191.0,1.3419
1776362400,9203.0,9258.0,9203.0,9258.0,0.5662
1776366000,9263.0,9299.0,9245.0,9299.0,6.2773
1776369600,9299.0,9308.0,9260.0,9260.0,5.7092
1776373200,9280.0,9302.0,9245.0,9246.0,1.5315
1776376800,9266.0,9273.0,9247.0,9262.0,2.7913
1776380400,9256.0,9293.0,9256.0,9281.0,1.1263
1776384000,9280.0,9281.0,9257.0,9262.0,1.907
1776387600,9261.0,9271.0,9207.0,9224.0,3.9845
1776391200,9237.0,9237.0,9207.0,9218.0,7.257
1776394800,9215.0,9215.0,9201.0,9202.0,12.2439
1776398400,9202.0,9219.0,9201.0,9218.0,2.2645
1776402000,9218.0,9218.0,9169.0,9171.0,6.8221
1776405600,9171.0,9215.0,9171.0,9215.0,2.4067
1776409200,9221.0,9256.0,9215.0,9228.0,13.7495
1776412800,9229.0,9317.0,9227.0,9317.0,31.7683
1776416400,9311.0,9383.0,9300.0,9318.0,52.6808
1776420000,9316.0,9316.0,9248.0,9260.0,7.8626
1776423600,9268.0,9300.0,9268.0,9300.0,4.1975
1776427200,9300.0,9383.0,9299.0,9376.0,8.5098
1776430800,9365.0,9600.0,9361.0,9600.0,32.7725
1776434400,9600.0,9655.0,9577.0,9655.0,43.7722
1776438000,9655.0,9655.0,9606.0,9642.0,33.9869
1776441600,9645.0,9708.0,9645.0,9680.0,18.9171
1776445200,9677.0,9680.0,9552.0,9642.0,10.4274
1776448800,9600.0,9600.0,9561.0,9569.0,3.2622
1776452400,9569.0,9598.0,9569.0,9597.0,0.9926
1776456000,9599.0,9607.0,9567.0,9577.0,1.053
1776459600,9585.0,9607.0,9577.0,9595.0,0.6106
1776463200,9603.0,9631.0,9591.0,9629.0,5.0038
1776466800,9610.0,9610.0,9550.0,9565.0,7.7038
1776470400,9570.0,9570.0,9530.0,9564.0,9.2611
1776474000,9562.0,9571.0,9562.0,9571.0,1.3801
1776477600,9571.0,9579.0,9562.0,9567.0,10.928
1776481200,9562.0,9565.0,9500.0,9512.0,3.473
1776484800,9514.0,9530.0,9509.0,9524.0,3.8403
1776488400,9525.0,9539.0,9525.0,9526.0,7.7507
1776492000,9527.0,9538.0,9527.0,9534.0,1.7917
1776495600,9531.0,9531.0,9520.0,9520.0,1.9971
1776499200,9516.0,9517.0,9391.0,9406.0,23.2465
1776502800,9409.0,9414.0,9389.0,9397.0,3.6513
1776506400,9390.0,9390.0,9325.0,9332.0,6.8341
1776510000,9330.0,9330.0,9281.0,9312.0,88.9599
1776513600,9325.0,9341.0,9325.0,9329.0,6.7349
1776517200,9325.0,9329.0,9299.0,9320.0,4.6795
1776520800,9324.0,9348.0,9323.0,9348.0,10.397
1776524400,9349.0,9358.0,9321.0,9357.0,23.8223
1776528000,9356.0,9387.0,9350.0,9350.0,11.1787
1776531600,9341.0,9357.0,9337.0,9357.0,0.1312
1776535200,9348.0,9348.0,9289.0,9308.0,3.9778
1776538800,9320.0,9322.0,9303.0,9309.0,1.1762
1776542400,9299.0,9320.0,9299.0,9320.0,0.0575
1776546000,9315.0,9315.0,9315.0,9315.0,0.0066
1776549600,9319.0,9337.0,9319.0,9337.0,1.2716
1776553200,9338.0,9338.0,9321.0,9321.0,0.375
1776556800,9321.0,9321.0,9316.0,9317.0,2.9467
1776560400,9322.0,9322.0,9300.0,9314.0,2.8895
1776564000,9314.0,9314.0,9277.0,9284.0,5.2528
1776567600,9278.0,9292.0,9270.0,9286.0,1.5274
1776571200,9286.0,9292.0,9220.0,9248.0,33.2275
1776574800,9242.0,9266.0,9239.0,9262.0,0.2234
1776578400,9247.0,9247.0,9219.0,9234.0,6.1438
1776582000,9231.0,9231.0,9122.0,9189.0,30.9871
1776585600,9181.0,9200.0,9176.0,9196.0,4.8123
1776589200,9192.0,9193.0,9155.0,9162.0,1.4822
1776592800,9162.0,9194.0,9162.0,9193.0,1.1772
1776596400,9200.0,9231.0,9200.0,9231.0,7.8719
1776600000,9231.0,9252.0,9230.0,9245.0,7.7623
1776603600,9261.0,9307.0,9245.0,9299.0,21.1885
1776607200,9299.0,9299.0,9242.0,9288.0,2.6417
1776610800,9288.0,9288.0,9227.0,9250.0,7.0014
1776614400,9247.0,9247.0,9193.0,9193.0,2.4185
1776618000,9174.0,9188.0,9131.0,9131.0,4.4217
1776621600,9130.0,9130.0,9102.0,9105.0,4.85
1776625200,9105.0,9137.0,9105.0,9116.0,1.3601
1776628800,9120.0,9121.0,9030.0,9059.0,8.4197
1776632400,9046.0,9082.0,9034.0,9038.0,1.5111
1776636000,9030.0,9030.0,8955.0,9022.0,31.5904
1776639600,9017.0,9017.0,8974.0,9001.0,14.5281
1776643200,9001.0,9069.0,9001.0,9069.0,3.692
1776646800,9061.0,9100.0,9060.0,9084.0,2.8903
1776650400,9086.0,9086.0,9051.0,9053.0,2.7444
1776654000,9053.0,9075.0,9053.0,9071.0,7.7794
1776657600,9091.0,9091.0,9072.0,9080.0,1.9321
1776661200,9075.0,9075.0,9022.0,9039.0,20.8834
1776664800,9039.0,9091.0,9035.0,9091.0,0.9576
1776668400,9092.0,9270.0,9092.0,9110.0,16.3746
1776672000,9138.0,9161.0,9125.0,9125.0,24.1545
1776675600,9160.0,9190.0,9160.0,9183.0,4.0412
1776679200,9181.0,9214.0,9179.0,9179.0,13.0662
1776682800,9179.0,9200.0,9177.0,9196.0,8.8285
1776686400,9194.0,9243.0,9194.0,9226.0,11.4149
1776690000,9227.0,9255.0,9201.0,9204.0,20.8313
1776693600,9205.0,9239.0,9120.0,9120.0,14.3553
1776697200,9129.0,9226.0,9109.0,9199.0,3.5074
1776700800,9214.0,9224.0,9164.0,9164.0,2.6166
1776704400,9161.0,9230.0,9161.0,9223.0,2.3182
1776708000,9227.0,9300.0,9227.0,9300.0,6.4002
1776711600,9266.0,9266.0,9264.0,9264.0,0.649
1776715200,9264.0,9272.0,9261.0,9261.0,0.6595
1776718800,9288.0,9309.0,9223.0,9224.0,3.9039
1776722400,9224.0,9248.0,9224.0,9240.0,0.3361
1776726000,9223.0,9223.0,9189.0,9200.0,1.0391
1776729600,9200.0,9210.0,9192.0,9209.0,6.434
1776733200,9207.0,9221.0,9192.0,9192.0,2.6012
1776736800,9170.0,9170.0,9157.0,9157.0,0.3894
1776740400,9150.0,9170.0,9139.0,9168.0,6.6827
1776744000,9169.0,9169.0,9169.0,9169.0,0.2124
1776747600,9170.0,9195.0,9170.0,9180.0,6.4592
1776751200,9183.0,9198.0,9159.0,9198.0,0.7118
1776754800,9197.0,9204.0,9178.0,9200.0,1.6794
1776758400,9191.0,9241.0,9191.0,9230.0,1.2976
1776762000,9222.0,9390.0,9208.0,9231.0,10.1713
1776765600,9229.0,9260.0,9225.0,9256.0,14.3544
1776769200,9250.0,9250.0,9204.0,9205.0,2.3577
1776772800,9204.0,9205.0,9121.0,9135.0,5.4914
1776776400,9155.0,9179.0,9142.0,9174.0,7.4297
1776780000,9170.0,9213.0,9148.0,9148.0,7.9859
1776783600,9124.0,9157.0,9109.0,9142.0,4.6245
1776787200,9171.0,9196.0,9170.0,9195.0,3.4596
1776790800,9161.0,9161.0,9091.0,9145.0,11.5048
1776794400,9146.0,9155.0,9146.0,9155.0,0.0484
1776798000,9177.0,9228.0,9091.0,9091.0,2.9729
1776801600,9113.0,9208.0,9113.0,9190.0,2.8317
1776805200,9190.0,9190.0,9177.0,9177.0,0.0123
1776808800,9175.0,9175.0,9138.0,9159.0,0.1369
1776812400,9184.0,9237.0,9184.0,9232.0,7.7907
1776816000,9235.0,9237.0,9222.0,9222.0,2.1853
1776819600,9227.0,9232.0,9197.0,9212.0,6.7433
1776823200,9219.0,9389.0,9219.0,9389.0,40.6178
1776826800,9384.0,9396.0,9342.0,9349.0,11.4182
1776830400,9350.0,9356.0,9342.0,9348.0,5.5817
1776834000,9349.0,9500.0,9349.0,9472.0,38.5515
1776837600,9465.0,9465.0,9450.0,9450.0,1.2162
1776841200,9451.0,9459.0,9431.0,9450.0,11.324
1776844800,9451.0,9451.0,9418.0,9431.0,5.3295
1776848400,9434.0,9451.0,9425.0,9425.0,6.237
1776852000,9429.0,9448.0,9426.0,9448.0,1.6095
1776855600,9448.0,9478.0,9443.0,9475.0,8.1368
1776859200,9485.0,9500.0,9481.0,9500.0,44.1082
1776862800,9505.0,9550.0,9505.0,9538.0,8.6167
1776866400,9540.0,9555.0,9458.0,9486.0,5.8986
1776870000,9487.0,9519.0,9461.0,9509.0,21.9409
1776873600,9507.0,9520.0,9421.0,9428.0,8.5331
1776877200,9450.0,9479.0,9429.0,9479.0,18.6884
1776880800,9479.0,9489.0,9470.0,9482.0,0.1941
1776884400,9475.0,9497.0,9434.0,9458.0,1.3325
1776888000,9459.0,9476.0,9457.0,9459.0,1.6115
1776891600,9458.0,9490.0,9454.0,9483.0,5.9989
1776895200,9486.0,9486.0,9465.0,9466.0,0.915
1776898800,9472.0,9473.0,9392.0,9398.0,1.9001
1776902400,9396.0,9414.0,9300.0,9403.0,9.3406
1776906000,9393.0,9393.0,9358.0,9375.0,3.0722
1776909600,9374.0,9374.0,9319.0,9333.0,1.5072
1776913200,9328.0,9328.0,9280.0,9284.0,1.4506
1776916800,9295.0,9332.0,9289.0,9332.0,5.7991
1776920400,9332.0,9336.0,9323.0,9323.0,1.1808
1776924000,9336.0,9371.0,9335.0,9371.0,3.077
1776927600,9373.0,9374.0,9326.0,9326.0,5.5957
1776931200,9325.0,9325.0,9305.0,9306.0,6.785
1776934800,9305.0,9305.0,9237.0,9241.0,8.4637
1776938400,9234.0,9234.0,9192.0,9209.0,10.6918
1776942000,9212.0,9270.0,9212.0,9262.0,2.2501
1776945600,9264.0,9276.0,9244.0,9254.0,7.3123
1776949200,9260.0,9273.0,9230.0,9231.0,8.1564
1776952800,9244.0,9284.0,9234.0,9284.0,8.1946
1776956400,9284.0,9305.0,9261.0,9266.0,7.0219
1776960000,9273.0,9281.0,9265.0,9265.0,13.2756
1776963600,9258.0,9258.0,9113.0,9171.0,11.0116
1776967200,9191.0,9329.0,9191.0,9194.0,1.0433
1776970800,9185.0,9218.0,9168.0,9218.0,0.0449
1776974400,9230.0,9254.0,9230.0,9254.0,0.6804
1776978000,9251.0,9255.0,9239.0,9255.0,0.0346
1776981600,9250.0,9278.0,9246.0,9265.0,1.6084
1776985200,9260.0,9264.0,9242.0,9257.0,6.6755
1776988800,9261.0,9278.0,9261.0,9275.0,2.4729
1776992400,9266.0,9269.0,9234.0,9269.0,8.8564
1776996000,9275.0,9275.0,9221.0,9226.0,4.9968
1776999600,9228.0,9229.0,9165.0,9186.0,8.8789
1777003200,9188.0,9196.0,9183.0,9190.0,5.544
1777006800,9184.0,9223.0,9183.0,9223.0,1.5577
1777010400,9215.0,9215.0,9214.0,9215.0,1.3756
1777014000,9214.0,9215.0,9202.0,9204.0,5.085
1777017600,9201.0,9225.0,9198.0,9213.0,7.5604
1777021200,9210.0,9210.0,9182.0,9191.0,12.801
1777024800,9190.0,9219.0,9189.0,9219.0,5.8037
1777028400,9228.0,9272.0,9228.0,9259.0,2.5044
1777032000,9268.0,9268.0,9226.0,9226.0,0.4392
1777035600,9255.0,9266.0,9201.0,9211.0,1.4403
1777039200,9208.0,9208.0,9181.0,9206.0,3.0465
1777042800,9199.0,9247.0,9176.0,9238.0,2.8321
1777046400,9243.0,9243.0,9203.0,9204.0,1.2861
1777050000,9216.0,9220.0,9202.0,9220.0,1.0496
1777053600,9224.0,9224.0,9221.0,9221.0,0.0246
1777057200,9237.0,9237.0,9235.0,9235.0,1.0635
1777060800,9230.0,9230.0,9223.0,9223.0,0.6618
1777064400,9244.0,9244.0,9204.0,9204.0,0.7148
1777068000,9203.0,9203.0,9184.0,9195.0,1.5187
1777071600,9199.0,9204.0,9199.0,9204.0,0.5071
1777075200,9204.0,9204.0,9203.0,9204.0,6.2634
1777078800,9204.0,9222.0,9204.0,9221.0,5.3259
1777082400,9221.0,9221.0,9209.0,9214.0,0.2957
1777086000,9218.0,9222.0,9210.0,9221.0,1.2648
1777089600,9221.0,9221.0,9210.0,9211.0,5.0544
1777093200,9209.0,9214.0,9209.0,9214.0,0.6894
1777096800,9216.0,9217.0,9215.0,9215.0,1.7135
1777100400,9211.0,9215.0,9211.0,9215.0,0.1151
1777104000,9213.0,9222.0,9213.0,9220.0,11.0399
1777107600,9220.0,9228.0,9219.0,9228.0,8.5577
1777111200,9220.0,9220.0,9219.0,9219.0,0.2365
1777114800,9219.0,9220.0,9207.0,9208.0,27.4696
1777118400,9204.0,9214.0,9199.0,9208.0,12.1999
1777122000,9209.0,9219.0,9209.0,9219.0,0.7091
1777125600,9220.0,9221.0,9215.0,9221.0,4.4867
1777129200,9216.0,9220.0,9191.0,9191.0,1.6258
1777132800,9191.0,9194.0,9185.0,9185.0,4.3087
1777136400,9190.0,9200.0,9190.0,9199.0,0.0805
1777140000,9204.0,9210.0,9204.0,9210.0,0.2101
1777143600,9206.0,9206.0,9204.0,9204.0,0.575
1777147200,9204.0,9204.0,9204.0,9204.0,0.0
1777150800,9211.0,9222.0,9211.0,9213.0,0.1566
1777154400,9223.0,9238.0,9223.0,9230.0,1.027
1777158000,9224.0,9229.0,9224.0,9229.0,0.41
1777161600,9227.0,9227.0,9221.0,9221.0,1.364
1777165200,9221.0,9228.0,9221.0,9224.0,0.226
1777168800,9223.0,9224.0,9223.0,9223.0,0.1197
1777172400,9221.0,9221.0,9201.0,9202.0,2.2334
1777176000,9202.0,9222.0,9202.0,9222.0,2.0211
1777179600,9233.0,9283.0,9233.0,9271.0,6.4892
1777183200,9272.0,9272.0,9271.0,9272.0,3.8742
1777186800,9271.0,9271.0,9270.0,9270.0,1.8378
1777190400,9270.0,9272.0,9270.0,9271.0,0.0143
1777194000,9271.0,9271.0,9271.0,9271.0,0.0477
1777197600,9270.0,9271.0,9270.0,9270.0,0.6025
1777201200,9271.0,9272.0,9271.0,9272.0,1.0898
1777204800,9272.0,9272.0,9253.0,9253.0,0.4811
1777208400,9263.0,9272.0,9259.0,9272.0,2.3522
1777212000,9272.0,9335.0,9272.0,9320.0,7.7298
1777215600,9318.0,9326.0,9317.0,9318.0,1.5166
1777219200,9320.0,9320.0,9300.0,9301.0,7.8315
1777222800,9318.0,9320.0,9318.0,9320.0,0.0774
1777226400,9329.0,9383.0,9329.0,9370.0,9.32
1777230000,9370.0,9400.0,9370.0,9384.0,2.3205
1777233600,9398.0,9405.0,9393.0,9393.0,0.0382
1777237200,9395.0,9395.0,9337.0,9376.0,2.7191
1777240800,9399.0,9410.0,9355.0,9376.0,7.6442
1777244400,9375.0,9410.0,9359.0,9404.0,1.2423
1777248000,9403.0,9448.0,9357.0,9448.0,10.9843
1777251600,9447.0,9500.0,9416.0,9461.0,14.0098
1777255200,9462.0,9462.0,9443.0,9454.0,8.1425
1777258800,9455.0,9479.0,9455.0,9473.0,4.996
1777262400,9473.0,9473.0,9423.0,9428.0,12.5584
1777266000,9422.0,9422.0,9222.0,9222.0,16.2861
1777269600,9221.0,9227.0,9201.0,9222.0,20.8077
1777273200,9221.0,9223.0,9213.0,9216.0,16.2844
1777276800,9212.0,9216.0,9185.0,9208.0,9.8026
1777280400,9216.0,9234.0,9210.0,9231.0,1.9381
1777284000,9229.0,9229.0,9223.0,9226.0,9.1932
1777287600,9226.0,9229.0,9218.0,9219.0,7.4043
1777291200,9226.0,9226.0,9198.0,9206.0,17.5862
1777294800,9200.0,9208.0,9166.0,9179.0,4.3401
1777298400,9200.0,9247.0,9190.0,9202.0,14.7094
1777302000,9200.0,9200.0,9060.0,9080.0,51.9526
1777305600,9079.0,9082.0,9079.0,9079.0,10.7306
1777309200,9080.0,9134.0,9080.0,9129.0,8.3585
1777312800,9129.0,9134.0,9116.0,9120.0,4.6671
1777316400,9120.0,9120.0,9096.0,9119.0,3.1572
1777320000,9123.0,9143.0,9120.0,9128.0,1.9481
1777323600,9120.0,9126.0,9111.0,9121.0,7.6727
1777327200,9114.0,9133.0,9107.0,9133.0,1.5379
1777330800,9133.0,9171.0,9128.0,9170.0,2.2715
1777334400,9170.0,9187.0,9161.0,9184.0,5.8686
1777338000,9182.0,9189.0,9146.0,9147.0,1.3331
1777341600,9146.0,9146.0,9092.0,9093.0,1.9357
1777345200,9093.0,9093.0,9082.0,9082.0,7.2135
1777348800,9082.0,9096.0,9081.0,9084.0,1.6383
1777352400,9097.0,9100.0,9080.0,9080.0,3.7106
1777356000,9080.0,9082.0,9017.0,9039.0,27.1697
1777359600,9040.0,9050.0,9033.0,9050.0,3.9655
1777363200,9073.0,9083.0,9065.0,9069.0,10.8021
1777366800,9064.0,9075.0,9050.0,9053.0,2.5089
1777370400,9073.0,9073.0,9060.0,9070.0,1.4086
1777374000,9069.0,9070.0,9035.0,9035.0,4.5839
1777377600,9035.0,9043.0,9035.0,9042.0,5.2383
1777381200,9042.0,9049.0,8982.0,9033.0,28.3938
1777384800,9032.0,9032.0,8988.0,9010.0,18.859
1777388400,9010.0,9049.0,9010.0,9049.0,1.5323
1777392000,9048.0,9066.0,9045.0,9066.0,2.7207
1777395600,9071.0,9090.0,9055.0,9090.0,0.7318
1777399200,9090.0,9099.0,9089.0,9097.0,2.4311
1777402800,9095.0,9130.0,9093.0,9130.0,0.7983
1777406400,9121.0,9121.0,9107.0,9109.0,0.0271
1777410000,9108.0,9108.0,9089.0,9089.0,2.5972
1777413600,9089.0,9101.0,9089.0,9090.0,0.0423
1777417200,9089.0,9089.0,9073.0,9074.0,3.6439
1777420800,9081.0,9087.0,9071.0,9087.0,0.7717
1777424400,9082.0,9089.0,9049.0,9089.0,10.1321
1777428000,9089.0,9089.0,9064.0,9066.0,0.1821
1777431600,9069.0,9160.0,9069.0,9153.0,11.245
1777435200,9152.0,9249.0,9146.0,9237.0,3.3262
1777438800,9205.0,9226.0,9203.0,9217.0,2.01
1777442400,9228.0,9244.0,9199.0,9199.0,9.8333
1777446000,9198.0,9216.0,9195.0,9216.0,8.5892
1777449600,9211.0,9212.0,9201.0,9202.0,6.1534
1777453200,9202.0,9262.0,9197.0,9261.0,10.1282
1777456800,9260.0,9276.0,9236.0,9236.0,6.1095
1777460400,9235.0,9243.0,9227.0,9232.0,3.3727
1777464000,9231.0,9231.0,9151.0,9173.0,4.8644
1777467600,9174.0,9176.0,9097.0,9127.0,10.0767
1777471200,9118.0,9127.0,9101.0,9125.0,3.2079
1777474800,9122.0,9122.0,9031.0,9031.0,4.2479
1777478400,9031.0,9053.0,9031.0,9036.0,9.7085
1777482000,9035.0,9061.0,9035.0,9061.0,3.7901
1777485600,9068.0,9068.0,8870.0,8908.0,36.2536
1777489200,8909.0,8917.0,8874.0,8874.0,2.0123
1777492800,8884.0,8939.0,8884.0,8939.0,2.542
1777496400,8931.0,8985.0,8923.0,8974.0,1.4376
1777500000,8968.0,8984.0,8965.0,8981.0,0.4569
1777503600,8986.0,8987.0,8971.0,8974.0,2.1254
1777507200,8974.0,9056.0,8973.0,9056.0,4.4593
1777510800,9052.0,9056.0,9030.0,9040.0,2.4712
1777514400,9040.0,9044.0,8923.0,8943.0,6.5851
1777518000,8949.0,8986.0,8949.0,8986.0,1.7272
1777521600,8986.0,8986.0,8930.0,8931.0,1.8598
1777525200,8931.0,8951.0,8920.0,8950.0,7.2795
1777528800,8952.0,8971.0,8951.0,8961.0,3.7135
1777532400,8961.0,8996.0,8957.0,8996.0,2.2196
1777536000,8992.0,9004.0,8992.0,8997.0,4.5022
1777539600,8997.0,9044.0,8997.0,9020.0,3.7108
1777543200,9020.0,9020.0,9003.0,9007.0,3.392
1777546800,9022.0,9041.0,8998.0,9000.0,2.1287
1777550400,9005.0,9040.0,9004.0,9029.0,0.9707
1777554000,9032.0,9037.0,9001.0,9026.0,0.316
1777557600,9041.0,9041.0,8977.0,9017.0,2.1503
1777561200,9022.0,9056.0,9011.0,9027.0,3.1803
1777564800,9034.0,9037.0,9018.0,9018.0,6.9083
1777568400,9011.0,9011.0,9000.0,9008.0,3.0755
1777572000,9017.0,9017.0,9004.0,9004.0,0.4733
1777575600,9021.0,9033.0,9021.0,9033.0,0.0193
1777579200,9027.0,9034.0,9027.0,9034.0,1.5568
1777582800,9031.0,9031.0,9017.0,9017.0,0.7414
1777586400,9015.0,9015.0,9001.0,9001.0,0.0927
1777590000,9001.0,9011.0,9001.0,9009.0,0.2007
1777593600,9009.0,9030.0,8996.0,8996.0,15.291
1777597200,9014.0,9036.0,9014.0,9036.0,0.7896
1777600800,9044.0,9048.0,9034.0,9041.0,9.6953
1777604400,9042.0,9125.0,9042.0,9101.0,9.7883
1777608000,9105.0,9109.0,9091.0,9094.0,0.7662
1777611600,9088.0,9106.0,9088.0,9099.0,0.1435
1777615200,9101.0,9105.0,9059.0,9079.0,2.5843
1777618800,9079.0,9086.0,9064.0,9085.0,0.939
1777622400,9086.0,9105.0,9085.0,9103.0,1.1967
1777626000,9100.0,9101.0,9085.0,9085.0,0.113
1777629600,9085.0,9098.0,9082.0,9083.0,3.0738
1777633200,9088.0,9116.0,9088.0,9090.0,0.0972
1777636800,9095.0,9178.0,9095.0,9158.0,4.1322
1777640400,9160.0,9209.0,9160.0,9209.0,3.7357
1777644000,9210.0,9210.0,9153.0,9168.0,7.77
1777647600,9166.0,9187.0,9147.0,9163.0,3.5778
1777651200,9183.0,9183.0,9140.0,9147.0,0.5971
1777654800,9147.0,9162.0,9147.0,9162.0,2.2536
1777658400,9183.0,9183.0,9165.0,9165.0,0.1419
1777662000,9165.0,9165.0,9165.0,9165.0,0.0
1777665600,9156.0,9156.0,9086.0,9086.0,2.8109
1777669200,9109.0,9109.0,9109.0,9109.0,0.001
1777672800,9116.0,9129.0,9110.0,9112.0,1.0751
1777676400,9113.0,9120.0,9100.0,9120.0,1.1185
1777680000,9120.0,9133.0,9118.0,9129.0,0.1258
1777683600,9133.0,9135.0,9130.0,9132.0,0.457
1777687200,9132.0,9162.0,9130.0,9162.0,2.0023
1777690800,9148.0,9161.0,9148.0,9155.0,0.1911
1777694400,9157.0,9157.0,9151.0,9151.0,1.3456
1777698000,9151.0,9152.0,9141.0,9147.0,3.7882
1777701600,9152.0,9157.0,9152.0,9157.0,2.641
1777705200,9157.0,9158.0,9157.0,9157.0,0.6321
1777708800,9157.0,9158.0,9151.0,9158.0,3.6496
1777712400,9158.0,9158.0,9158.0,9158.0,2.8866
1777716000,9158.0,9158.0,9157.0,9158.0,0.1202
1777719600,9158.0,9158.0,9152.0,9156.0,4.9652
1777723200,9156.0,9158.0,9156.0,9158.0,9.7738
1777726800,9158.0,9178.0,9158.0,9168.0,17.2864
1777730400,9169.0,9169.0,9152.0,9161.0,2.3112
1777734000,9161.0,9161.0,9160.0,9160.0,0.1217
1777737600,9176.0,9176.0,9159.0,9164.0,0.5875
1777741200,9163.0,9163.0,9160.0,9161.0,0.1332
1777744800,9161.0,9168.0,9158.0,9168.0,0.3568
1777748400,9170.0,9170.0,9164.0,9168.0,0.0416
1777752000,9166.0,9166.0,9166.0,9166.0,0.0327
1777755600,9167.0,9280.0,9166.0,9233.0,8.1572
1777759200,9221.0,9229.0,9205.0,9229.0,1.202
1777762800,9219.0,9220.0,9200.0,9201.0,1.0399
1777766400,9200.0,9200.0,9184.0,9184.0,8.9698
1777770000,9184.0,9184.0,9152.0,9154.0,0.2668
1777773600,9154.0,9157.0,9139.0,9153.0,2.5651
1777777200,9153.0,9153.0,9144.0,9149.0,0.2017
1777780800,9149.0,9154.0,9136.0,9151.0,1.0
1777784400,9153.0,9154.0,9151.0,9152.0,3.718
1777788000,9152.0,9152.0,9150.0,9151.0,0.427
1777791600,9158.0,9189.0,9158.0,9189.0,8.8871
1777795200,9190.0,9190.0,9189.0,9190.0,0.5865
1777798800,9190.0,9207.0,9190.0,9207.0,1.331
1777802400,9208.0,9208.0,9190.0,9193.0,6.4184
1777806000,9190.0,9221.0,9190.0,9218.0,5.0801
1777809600,9220.0,9246.0,9220.0,9240.0,1.9127
1777813200,9236.0,9237.0,9226.0,9230.0,5.7614
1777816800,9230.0,9240.0,9230.0,9240.0,2.3227
1777820400,9241.0,9259.0,9241.0,9248.0,14.8118
1777824000,9251.0,9258.0,9237.0,9252.0,2.4507
1777827600,9249.0,9262.0,9238.0,9261.0,1.0478
1777831200,9258.0,9258.0,9247.0,9252.0,6.2242
1777834800,9252.0,9264.0,9252.0,9263.0,5.2605
1777838400,9264.0,9276.0,9255.0,9255.0,1.2934
1777842000,9246.0,9246.0,9201.0,9201.0,3.1925
1777845600,9249.0,9321.0,9249.0,9302.0,6.7126
1777849200,9297.0,9305.0,9202.0,9202.0,18.0363
1777852800,9202.0,9202.0,9153.0,9184.0,19.7915
1777856400,9187.0,9310.0,9164.0,9274.0,5.1686
1777860000,9287.0,9400.0,9279.0,9383.0,28.9667
1777863600,9385.0,9419.0,9380.0,9398.0,19.9471
1777867200,9397.0,9439.0,9397.0,9426.0,13.494
1777870800,9425.0,9425.0,9372.0,9372.0,10.5728
1777874400,9373.0,9373.0,9291.0,9345.0,5.4237
1777878000,9349.0,9352.0,9340.0,9340.0,7.9736
1777881600,9339.0,9339.0,9308.0,9315.0,16.9488
1777885200,9315.0,9350.0,9315.0,9342.0,6.1206
1777888800,9329.0,9329.0,9168.0,9249.0,15.2436
1777892400,9258.0,9263.0,9250.0,9251.0,0.3405
1777896000,9251.0,9264.0,9251.0,9260.0,0.9982
1777899600,9255.0,9256.0,9240.0,9253.0,3.2256
1777903200,9252.0,9409.0,9238.0,9399.0,13.6494
1777906800,9399.0,9399.0,9263.0,9294.0,26.2086
1777910400,9296.0,9347.0,9264.0,9329.0,0.5835
1777914000,9317.0,9396.0,9317.0,9395.0,4.4067
1777917600,9384.0,9384.0,9339.0,9339.0,0.517
1777921200,9336.0,9336.0,9336.0,9336.0,0.0188
1777924800,9323.0,9323.0,9322.0,9322.0,0.0637
1777928400,9301.0,9344.0,9301.0,9344.0,23.5296
1777932000,9343.0,9348.0,9323.0,9327.0,0.0964
1777935600,9325.0,9325.0,9288.0,9288.0,0.7743
1777939200,9310.0,9337.0,9309.0,9336.0,1.8219
1777942800,9338.0,9349.0,9338.0,9347.0,0.9879
1777946400,9347.0,9388.0,9347.0,9363.0,3.4976
1777950000,9362.0,9427.0,9362.0,9424.0,4.0759
1777953600,9424.0,9427.0,9403.0,9408.0,4.3921
1777957200,9412.0,9429.0,9408.0,9412.0,19.4753
1777960800,9411.0,9411.0,9376.0,9399.0,4.7239
1777964400,9398.0,9430.0,9398.0,9417.0,15.3267
1777968000,9416.0,9417.0,9387.0,9400.0,4.4346
1777971600,9391.0,9391.0,9370.0,9370.0,4.4921
1777975200,9376.0,9402.0,9373.0,9402.0,3.3154
1777978800,9401.0,9407.0,9400.0,9407.0,1.6427
1777982400,9406.0,9430.0,9406.0,9429.0,3.9349
1777986000,9430.0,9460.0,9427.0,9427.0,28.9255
1777989600,9427.0,9442.0,9389.0,9414.0,9.553
1777993200,9413.0,9429.0,9413.0,9422.0,0.6914
1777996800,9420.0,9421.0,9358.0,9358.0,2.0075
1778000400,9360.0,9360.0,9347.0,9347.0,1.2972
1778004000,9359.0,9381.0,9359.0,9381.0,2.7813
1778007600,9385.0,9388.0,9385.0,9388.0,0.0533
1778011200,9393.0,9416.0,9393.0,9416.0,0.873
1778014800,9417.0,9424.0,9370.0,9385.0,5.3319
1778018400,9395.0,9395.0,9325.0,9366.0,3.116
1778022000,9360.0,9360.0,9321.0,9332.0,0.683
1778025600,9343.0,9346.0,9323.0,9327.0,3.4056
1778029200,9339.0,9368.0,9339.0,9368.0,2.8713
1778032800,9359.0,9363.0,9331.0,9356.0,1.4104
1778036400,9359.0,9388.0,9359.0,9383.0,0.5169
1778040000,9386.0,9391.0,9341.0,9343.0,4.0866
1778043600,9344.0,9344.0,9321.0,9329.0,2.0144
1778047200,9333.0,9353.0,9332.0,9353.0,4.1395
1778050800,9356.0,9364.0,9354.0,9359.0,3.4434
1778054400,9360.0,9415.0,9360.0,9414.0,4.8225
1778058000,9414.0,9475.0,9390.0,9463.0,21.6986
1778061600,9465.0,9468.0,9448.0,9455.0,3.721
1778065200,9451.0,9480.0,9450.0,9451.0,7.2147
1778068800,9451.0,9451.0,9425.0,9426.0,4.4897
1778072400,9426.0,9426.0,9300.0,9302.0,27.192
1778076000,9302.0,9302.0,9240.0,9282.0,21.7586
1778079600,9280.0,9288.0,9266.0,9272.0,7.4369
1778083200,9272.0,9299.0,9264.0,9276.0,9.1067
1778086800,9274.0,9276.0,9248.0,9248.0,3.7128
1778090400,9245.0,9245.0,9210.0,9230.0,4.3442
1778094000,9226.0,9226.0,9220.0,9226.0,0.4668
1778097600,9247.0,9257.0,9233.0,9233.0,0.623
1778101200,9245.0,9265.0,9240.0,9258.0,1.4564
1778104800,9257.0,9257.0,9235.0,9237.0,3.5375
1778108400,9236.0,9238.0,9223.0,9238.0,3.9437
1778112000,9246.0,9246.0,9178.0,9178.0,43.5957
1778115600,9170.0,9170.0,9118.0,9132.0,20.3439
1778119200,9132.0,9132.0,9085.0,9106.0,7.9126
1778122800,9106.0,9116.0,9094.0,9107.0,10.5503
1778126400,9108.0,9120.0,9105.0,9120.0,2.6862
1778130000,9132.0,9140.0,9132.0,9134.0,4.5958
1778133600,9137.0,9164.0,9115.0,9164.0,5.5984
1778137200,9164.0,9197.0,9164.0,9188.0,3.6799
1778140800,9189.0,9189.0,9153.0,9153.0,6.0237
1778144400,9144.0,9154.0,9134.0,9134.0,2.5576
1778148000,9134.0,9137.0,9111.0,9129.0,7.697
1778151600,9130.0,9147.0,9129.0,9135.0,16.6201
1778155200,9140.0,9156.0,9140.0,9140.0,7.9516
1778158800,9139.0,9139.0,9057.0,9079.0,35.2205
1778162400,9075.0,9097.0,9006.0,9021.0,12.533
1778166000,9022.0,9036.0,8993.0,9013.0,21.1678
1778169600,9012.0,9016.0,8990.0,9006.0,4.7272
1778173200,9006.0,9016.0,8972.0,9016.0,3.1459
1778176800,9028.0,9032.0,9008.0,9027.0,3.8713
1778180400,9003.0,9017.0,9000.0,9000.0,2.2014
1778184000,9017.0,9017.0,9000.0,9000.0,0.9401
1778187600,9000.0,9004.0,8975.0,8996.0,4.0386
1778191200,8982.0,8987.0,8971.0,8978.0,4.7517
1778194800,8978.0,9004.0,8978.0,9002.0,5.7101
1778198400,9002.0,9019.0,8997.0,8997.0,6.9143
1778202000,9001.0,9002.0,8990.0,8991.0,8.0603
1778205600,8990.0,8990.0,8941.0,8962.0,48.4581
1778209200,8962.0,8970.0,8932.0,8970.0,5.6361
1778212800,8970.0,8984.0,8970.0,8979.0,1.3624
1778216400,8977.0,8981.0,8970.0,8978.0,5.8078
1778220000,8965.0,8965.0,8939.0,8947.0,3.6172
1778223600,8945.0,8970.0,8924.0,8970.0,4.1636
1778227200,8969.0,8995.0,8965.0,8980.0,25.0371
1778230800,8980.0,8996.0,8980.0,8982.0,13.1613
1778234400,8988.0,9000.0,8982.0,8996.0,2.2141
1778238000,9000.0,9015.0,8996.0,9015.0,4.9032
1778241600,9018.0,9033.0,8988.0,8993.0,3.2497
1778245200,8985.0,8985.0,8957.0,8957.0,10.5428
1778248800,8979.0,9013.0,8970.0,9008.0,21.316
1778252400,9008.0,9026.0,8972.0,9026.0,5.6647
1778256000,9026.0,9026.0,9009.0,9023.0,2.451
1778259600,9020.0,9096.0,9020.0,9084.0,3.8446
1778263200,9080.0,9113.0,9079.0,9103.0,5.2102
1778266800,9100.0,9100.0,9095.0,9096.0,0.1825
1778270400,9091.0,9091.0,9063.0,9063.0,1.6275
1778274000,9065.0,9080.0,9060.0,9078.0,1.6156
1778277600,9086.0,9086.0,9081.0,9081.0,0.9792
1778281200,9081.0,9081.0,9053.0,9053.0,0.2007
1778284800,9055.0,9066.0,9051.0,9061.0,18.0778
1778288400,9061.0,9082.0,9061.0,9082.0,2.254
1778292000,9084.0,9090.0,9084.0,9087.0,1.7464
1778295600,9086.0,9090.0,9074.0,9076.0,11.9782
1778299200,9090.0,9104.0,9082.0,9082.0,1.1956
1778302800,9079.0,9092.0,9079.0,9092.0,0.6823
1778306400,9093.0,9094.0,9091.0,9091.0,7.0074
1778310000,9091.0,9095.0,9090.0,9092.0,5.2033
1778313600,9096.0,9102.0,9093.0,9096.0,1.8675
1778317200,9095.0,9095.0,9090.0,9090.0,0.23
1778320800,9091.0,9091.0,9087.0,9087.0,0.3454
1778324400,9088.0,9090.0,9085.0,9089.0,0.2746
1778328000,9094.0,9099.0,9090.0,9096.0,0.3839
1778331600,9096.0,9096.0,9087.0,9087.0,2.2403
1778335200,9087.0,9089.0,9080.0,9080.0,4.926
1778338800,9080.0,9100.0,9063.0,9100.0,0.8981
1778342400,9100.0,9128.0,9100.0,9124.0,2.9546
1778346000,9128.0,9166.0,9128.0,9152.0,12.1014
1778349600,9163.0,9177.0,9158.0,9158.0,0.7896
1778353200,9161.0,9161.0,9152.0,9152.0,0.2427
1778356800,9165.0,9165.0,9156.0,9156.0,0.0772
1778360400,9156.0,9156.0,9155.0,9156.0,0.5821
1778364000,9156.0,9156.0,9155.0,9155.0,1.2616
1778367600,9151.0,9151.0,9148.0,9148.0,0.7977
1778371200,9147.0,9150.0,9135.0,9135.0,2.5108
1778374800,9132.0,9139.0,9127.0,9139.0,0.2601
1778378400,9134.0,9142.0,9132.0,9142.0,3.5333
1778382000,9143.0,9150.0,9142.0,9150.0,1.3508
1778385600,9145.0,9156.0,9145.0,9153.0,0.8065
1778389200,9146.0,9149.0,9146.0,9149.0,3.9475
1778392800,9149.0,9150.0,9148.0,9150.0,0.1641
1778396400,9149.0,9150.0,9149.0,9150.0,1.558
1778400000,9150.0,9150.0,9149.0,9150.0,7.5645
1778403600,9150.0,9156.0,9150.0,9156.0,0.1669
1778407200,9156.0,9156.0,9141.0,9141.0,6.8719
1778410800,9140.0,9140.0,9125.0,9126.0,5.3035
1778414400,9134.0,9134.0,9129.0,9132.0,0.2418
1778418000,9132.0,9151.0,9132.0,9148.0,2.6506
1778421600,9149.0,9151.0,9147.0,9149.0,1.0247
1778425200,9149.0,9198.0,9149.0,9198.0,10.4743
1778428800,9197.0,9198.0,9193.0,9197.0,15.2528
1778432400,9197.0,9250.0,9197.0,9249.0,19.1418
1778436000,9250.0,9251.0,9239.0,9239.0,1.2224
1778439600,9238.0,9255.0,9210.0,9254.0,3.0323
1778443200,9241.0,9241.0,9079.0,9083.0,5.7359
1778446800,9116.0,9147.0,9116.0,9137.0,3.1238
1778450400,9147.0,9291.0,9147.0,9291.0,10.9196
1778454000,9292.0,9314.0,9272.0,9272.0,11.0498
1778457600,9283.0,9283.0,9188.0,9192.0,4.0525
1778461200,9208.0,9244.0,9208.0,9224.0,13.8564
1778464800,9228.0,9233.0,9181.0,9189.0,9.6069
1778468400,9180.0,9180.0,9119.0,9140.0,5.7781
1778472000,9134.0,9163.0,9134.0,9163.0,0.8512
1778475600,9161.0,9177.0,9158.0,9172.0,11.706
1778479200,9165.0,9186.0,9164.0,9164.0,8.9739
1778482800,9156.0,9162.0,9154.0,9156.0,7.1174
1778486400,9156.0,9170.0,9153.0,9170.0,7.7815
1778490000,9163.0,9182.0,9163.0,9180.0,4.175
1778493600,9185.0,9188.0,9182.0,9182.0,2.6357
1778497200,9182.0,9182.0,9169.0,9179.0,5.3473
1778500800,9180.0,9186.0,9180.0,9181.0,6.3959
1778504400,9180.0,9180.0,9128.0,9135.0,7.0486
1778508000,9135.0,9156.0,9082.0,9104.0,19.506
1778511600,9108.0,9169.0,9099.0,9169.0,3.213
1778515200,9169.0,9195.0,9167.0,9168.0,2.5484
1778518800,9160.0,9200.0,9160.0,9200.0,2.4804
1778522400,9199.0,9203.0,9185.0,9191.0,1.9929
1778526000,9189.0,9189.0,9189.0,9189.0,0.9925
1778529600,9191.0,9191.0,9179.0,9183.0,0.9753
1778533200,9186.0,9186.0,9186.0,9186.0,0.0054
1778536800,9191.0,9191.0,9181.0,9191.0,0.1898
1778540400,9186.0,9191.0,9180.0,9191.0,2.7457
1778544000,9182.0,9182.0,9162.0,9166.0,4.7203
1778547600,9159.0,9159.0,9040.0,9097.0,20.5345
1778551200,9093.0,9103.0,9084.0,9090.0,5.1457
1778554800,9090.0,9096.0,9085.0,9085.0,4.5693
1778558400,9086.0,9096.0,9086.0,9094.0,1.561
1778562000,9094.0,9100.0,9093.0,9097.0,6.3172
1778565600,9094.0,9105.0,9082.0,9082.0,9.2263
1778569200,9082.0,9082.0,9035.0,9056.0,8.7457
1778572800,9056.0,9072.0,9009.0,9014.0,22.2469
1778576400,9016.0,9042.0,9003.0,9032.0,5.9096
1778580000,9032.0,9033.0,9006.0,9006.0,1.5185
1778583600,9007.0,9009.0,8998.0,9007.0,20.9169
1778587200,9011.0,9031.0,9006.0,9019.0,3.4664
1778590800,9020.0,9032.0,8974.0,8974.0,46.3628
1778594400,8974.0,8989.0,8951.0,8952.0,6.3531
1778598000,8952.0,8960.0,8926.0,8934.0,20.6579
1778601600,8934.0,8949.0,8927.0,8933.0,8.8922
1778605200,8933.0,8981.0,8933.0,8975.0,3.2957
1778608800,8975.0,9005.0,8975.0,8996.0,0.6303
1778612400,9006.0,9009.0,9006.0,9009.0,0.1179
1778616000,9010.0,9014.0,9010.0,9014.0,1.3183
1778619600,9016.0,9024.0,9016.0,9017.0,0.6744
1778623200,9020.0,9033.0,9017.0,9017.0,1.8833
1778626800,9007.0,9007.0,9007.0,9007.0,0.2242
1778630400,8996.0,9018.0,8996.0,9011.0,4.8834
1778634000,9025.0,9053.0,9025.0,9039.0,2.2717
1778637600,9038.0,9062.0,9038.0,9062.0,5.2735
1778641200,9061.0,9077.0,9053.0,9077.0,2.7698
1778644800,9074.0,9081.0,9074.0,9080.0,9.7675
1778648400,9081.0,9082.0,9074.0,9074.0,1.0813
1778652000,9069.0,9080.0,9069.0,9079.0,4.9997
1778655600,9077.0,9077.0,9064.0,9071.0,5.4524
1778659200,9077.0,9110.0,9072.0,9109.0,22.1104
1778662800,9110.0,9144.0,9110.0,9136.0,15.1359
1778666400,9118.0,9118.0,9094.0,9094.0,5.1857
1778670000,9094.0,9094.0,9072.0,9074.0,1.4251
1778673600,9074.0,9084.0,8969.0,9008.0,6.9055
1778677200,9015.0,9015.0,8932.0,8936.0,7.5149
1778680800,8935.0,8960.0,8908.0,8951.0,10.5721
1778684400,8952.0,8952.0,8858.0,8858.0,27.9034
1778688000,8864.0,8907.0,8858.0,8900.0,3.9515
1778691600,8914.0,8945.0,8910.0,8945.0,7.4164
1778695200,8953.0,8963.0,8949.0,8955.0,5.7684
1778698800,8951.0,8951.0,8931.0,8935.0,1.8119
1778702400,8940.0,8961.0,8940.0,8960.0,3.9162
1778706000,8956.0,8956.0,8934.0,8941.0,5.0663
1778709600,8943.0,8946.0,8915.0,8926.0,4.3875
1778713200,8941.0,8941.0,8930.0,8930.0,5.1752
1778716800,8930.0,8965.0,8930.0,8956.0,13.035
1778720400,8958.0,8958.0,8929.0,8930.0,10.1495
1778724000,8929.0,8930.0,8891.0,8891.0,10.5483
1778727600,8891.0,8891.0,8848.0,8848.0,22.2588
1778731200,8846.0,8906.0,8846.0,8906.0,5.1775
1778734800,8904.0,8946.0,8904.0,8946.0,0.9606
1778738400,8962.0,8966.0,8951.0,8952.0,14.3759
1778742000,8951.0,8954.0,8945.0,8953.0,2.7283
1778745600,8940.0,8963.0,8937.0,8957.0,2.0385
1778749200,8949.0,8949.0,8909.0,8916.0,3.6327
1778752800,8937.0,8938.0,8915.0,8915.0,0.6038
1778756400,8937.0,8937.0,8914.0,8914.0,5.6755
1778760000,8914.0,8928.0,8902.0,8928.0,1.4921
1778763600,8928.0,8933.0,8900.0,8903.0,5.9354
1778767200,8900.0,9015.0,8896.0,9015.0,9.1636
1778770800,9015.0,9059.0,9012.0,9059.0,3.5564
1778774400,9060.0,9111.0,9060.0,9111.0,13.1674
1778778000,9116.0,9120.0,9065.0,9103.0,4.7356
1778781600,9080.0,9107.0,9080.0,9091.0,0.2947
1778785200,9091.0,9091.0,9055.0,9055.0,1.6068
1778788800,9050.0,9050.0,9012.0,9034.0,3.9531
1778792400,9035.0,9035.0,9020.0,9032.0,0.1117
1778796000,9030.0,9034.0,9029.0,9034.0,1.764
1778799600,9020.0,9023.0,8986.0,8986.0,2.6651
1778803200,8989.0,9043.0,8988.0,9008.0,6.9607
1778806800,9017.0,9024.0,8966.0,8966.0,3.2256
1778810400,8966.0,8976.0,8923.0,8975.0,10.0634
1778814000,8975.0,8977.0,8953.0,8955.0,14.4138
1778817600,8959.0,8959.0,8945.0,8945.0,7.0235
1778821200,8932.0,8933.0,8851.0,8856.0,18.4867
1778824800,8872.0,8912.0,8872.0,8906.0,16.5776
1778828400,8906.0,8956.0,8906.0,8949.0,10.1605
1778832000,8932.0,8932.0,8891.0,8914.0,7.6522
1778835600,8915.0,8919.0,8915.0,8916.0,0.2602
1778839200,8914.0,8946.0,8914.0,8946.0,1.466
1778842800,8933.0,8934.0,8932.0,8933.0,0.2149
1778846400,8933.0,8933.0,8920.0,8921.0,2.0666
1778850000,8920.0,8920.0,8783.0,8784.0,58.2016
1778853600,8783.0,8815.0,8755.0,8778.0,7.939
1778857200,8778.0,8814.0,8772.0,8814.0,11.6086
1778860800,8819.0,8845.0,8819.0,8820.0,1.2118
1778864400,8820.0,8844.0,8820.0,8835.0,0.1412
1778868000,8842.0,8845.0,8835.0,8841.0,0.3261
1778871600,8837.0,8837.0,8831.0,8831.0,6.5395
1778875200,8830.0,8831.0,8812.0,8812.0,0.2082
1778878800,8814.0,8825.0,8805.0,8805.0,2.1045
1778882400,8810.0,8824.0,8810.0,8824.0,1.87
1778886000,8826.0,8830.0,8826.0,8830.0,0.3006
1778889600,8829.0,8844.0,8829.0,8840.0,0.1125
1778893200,8839.0,8842.0,8837.0,8841.0,0.2548
1778896800,8847.0,8848.0,8847.0,8848.0,0.8372
1778900400,8850.0,8853.0,8848.0,8848.0,2.3383
1778904000,8849.0,8849.0,8826.0,8838.0,2.8959
1778907600,8841.0,8847.0,8841.0,8847.0,0.387
1778911200,8844.0,8844.0,8810.0,8811.0,8.4125
1778914800,8805.0,8805.0,8706.0,8734.0,16.9817
1778918400,8735.0,8744.0,8734.0,8739.0,2.7007
1778922000,8739.0,8739.0,8640.0,8670.0,26.484
1778925600,8662.0,8665.0,8643.0,8665.0,7.8783
1778929200,8675.0,8683.0,8675.0,8675.0,4.9415
1778932800,8676.0,8686.0,8675.0,8684.0,0.2023
1778936400,8683.0,8684.0,8670.0,8683.0,8.8175
1778940000,8687.0,8711.0,8673.0,8694.0,11.0886
1778943600,8701.0,8701.0,8682.0,8692.0,5.126
1778947200,8690.0,8691.0,8658.0,8663.0,6.6622
1778950800,8675.0,8686.0,8670.0,8684.0,7.3729
1778954400,8680.0,8687.0,8678.0,8687.0,0.1122
1778958000,8687.0,8689.0,8687.0,8689.0,0.02
1778961600,8688.0,8688.0,8687.0,8687.0,0.1563
1778965200,8686.0,8686.0,8686.0,8686.0,0.632
1778968800,8687.0,8687.0,8686.0,8686.0,0.4832
1778972400,8686.0,8687.0,8686.0,8686.0,0.8448
1778976000,8687.0,8695.0,8675.0,8675.0,4.0056
1778979600,8661.0,8675.0,8642.0,8648.0,5.2063
1778983200,8647.0,8653.0,8646.0,8652.0,3.3011
1778986800,8653.0,8670.0,8653.0,8670.0,3.0265
1778990400,8670.0,8693.0,8669.0,8693.0,4.8786
1778994000,8694.0,8700.0,8694.0,8699.0,4.493
1778997600,8699.0,8700.0,8675.0,8675.0,7.8831
1779001200,8675.0,8684.0,8674.0,8684.0,3.6081
1779004800,8683.0,8685.0,8681.0,8685.0,0.863
1779008400,8685.0,8697.0,8685.0,8693.0,0.8055
1779012000,8695.0,8722.0,8695.0,8719.0,2.3723
1779015600,8719.0,8719.0,8717.0,8717.0,0.1181
1779019200,8717.0,8732.0,8717.0,8732.0,2.493
1779022800,8731.0,8731.0,8717.0,8726.0,4.2573
1779026400,8720.0,8720.0,8688.0,8705.0,9.3913
1779030000,8700.0,8700.0,8692.0,8692.0,1.2349
1779033600,8692.0,8693.0,8692.0,8693.0,1.0547
1779037200,8692.0,8692.0,8680.0,8688.0,1.485
1779040800,8688.0,8688.0,8682.0,8688.0,0.3002
1779044400,8702.0,8716.0,8702.0,8716.0,0.5654
1779048000,8716.0,8716.0,8716.0,8716.0,0.0
1779051600,8697.0,8711.0,8697.0,8711.0,0.081
1779055200,8681.0,8681.0,8656.0,8656.0,0.5045
1779058800,8656.0,8656.0,8352.0,8471.0,29.7579
1779062400,8471.0,8471.0,8381.0,8410.0,22.9413
1779066000,8415.0,8425.0,8402.0,8425.0,3.0647
1779069600,8426.0,8457.0,8426.0,8427.0,4.4629
1779073200,8431.0,8451.0,8430.0,8443.0,3.0856
1779076800,8443.0,8447.0,8430.0,8447.0,0.8396
1779080400,8448.0,8448.0,8444.0,8445.0,3.7026
1779084000,8445.0,8445.0,8411.0,8428.0,12.7743
1779087600,8429.0,8435.0,8411.0,8431.0,5.1669
1779091200,8430.0,8439.0,8430.0,8435.0,12.8123
1779094800,8436.0,8437.0,8421.0,8427.0,7.6666
1779098400,8425.0,8425.0,8416.0,8424.0,1.8111
1779102000,8424.0,8507.0,8422.0,8497.0,8.7308
1779105600,8502.0,8583.0,8502.0,8569.0,5.2921
1779109200,8567.0,8567.0,8467.0,8488.0,1.6615
1779112800,8474.0,8477.0,8371.0,8398.0,41.0542
1779116400,8398.0,8398.0,8355.0,8397.0,6.8314
1779120000,8384.0,8398.0,8343.0,8365.0,5.1763
1779123600,8372.0,8394.0,8372.0,8394.0,1.5773
1779127200,8379.0,8379.0,8300.0,8309.0,9.0054
1779130800,8307.0,8427.0,8303.0,8427.0,3.0419
1779134400,8461.0,8464.0,8426.0,8430.0,0.2697
1779138000,8431.0,8516.0,8431.0,8508.0,2.5254
1779141600,8506.0,8519.0,8471.0,8487.0,9.4802
1779145200,8495.0,8499.0,8472.0,8472.0,1.2884
1779148800,8472.0,8508.0,8472.0,8503.0,2.297
1779152400,8503.0,8503.0,8459.0,8459.0,7.4138
1779156000,8454.0,8491.0,8438.0,8468.0,1.6182
1779159600,8449.0,8481.0,8446.0,8481.0,4.664
1779163200,8486.0,8492.0,8474.0,8488.0,6.6764
1779166800,8488.0,8494.0,8470.0,8494.0,9.1764
1779170400,8492.0,8500.0,8487.0,8500.0,3.6928
1779174000,8500.0,8515.0,8500.0,8515.0,8.1459
1779177600,8515.0,8516.0,8496.0,8501.0,9.9593
1779181200,8499.0,8499.0,8416.0,8416.0,1.5112
1779184800,8424.0,8445.0,8422.0,8425.0,1.3513
1779188400,8441.0,8449.0,8420.0,8420.0,0.3356
1779192000,8419.0,8444.0,8419.0,8443.0,3.2522
1779195600,8440.0,8460.0,8411.0,8447.0,10.8569
1779199200,8446.0,8449.0,8378.0,8394.0,4.6685
1779202800,8413.0,8425.0,8408.0,8418.0,3.6296
1779206400,8422.0,8454.0,8412.0,8454.0,2.0278
1779210000,8465.0,8471.0,8450.0,8450.0,1.1126
1779213600,8441.0,8461.0,8441.0,8445.0,0.2091
1779217200,8461.0,8461.0,8461.0,8461.0,0.042
1779220800,8440.0,8451.0,8440.0,8451.0,8.3418
1779224400,8451.0,8460.0,8451.0,8460.0,0.0948
1779228000,8458.0,8458.0,8403.0,8413.0,0.4804
1779231600,8409.0,8446.0,8409.0,8444.0,5.2266
1779235200,8443.0,8443.0,8408.0,8428.0,3.8308
1779238800,8436.0,8450.0,8404.0,8450.0,2.6544
1779242400,8451.0,8451.0,8418.0,8421.0,4.9487
1779246000,8419.0,8444.0,8419.0,8434.0,0.3841
1779249600,8434.0,8440.0,8433.0,8434.0,1.7002
1779253200,8434.0,8496.0,8434.0,8481.0,8.3971
1779256800,8483.0,8503.0,8483.0,8503.0,5.6493
1779260400,8504.0,8507.0,8495.0,8503.0,1.3645
1779264000,8504.0,8518.0,8494.0,8504.0,12.0206
1779267600,8493.0,8495.0,8492.0,8493.0,0.8306
1779271200,8493.0,8501.0,8493.0,8494.0,2.8767
1779274800,8493.0,8494.0,8484.0,8484.0,1.2928
1779278400,8484.0,8521.0,8484.0,8521.0,0.7486
1779282000,8508.0,8508.0,8451.0,8451.0,1.6747
1779285600,8451.0,8519.0,8451.0,8517.0,3.7568
1779289200,8511.0,8555.0,8501.0,8531.0,4.3726
1779292800,8518.0,8534.0,8481.0,8501.0,2.627
1779296400,8506.0,8560.0,8506.0,8548.0,2.813
1779300000,8530.0,8532.0,8516.0,8516.0,1.7585
1779303600,8498.0,8525.0,8498.0,8525.0,6.2871
1779307200,8517.0,8517.0,8496.0,8506.0,0.3799
1779310800,8505.0,8520.0,8501.0,8501.0,1.8307
1779314400,8500.0,8500.0,8450.0,8466.0,2.2916
1779318000,8465.0,8471.0,8454.0,8471.0,3.9672
1779321600,8474.0,8512.0,8474.0,8512.0,6.6663
1779325200,8511.0,8546.0,8510.0,8510.0,9.7997
1779328800,8511.0,8529.0,8509.0,8522.0,2.2178
1779332400,8521.0,8526.0,8520.0,8522.0,3.4024
1779336000,8526.0,8526.0,8518.0,8518.0,0.2306
1779339600,8524.0,8524.0,8487.0,8488.0,1.7596
1779343200,8497.0,8498.0,8472.0,8472.0,6.6893
1779346800,8471.0,8471.0,8456.0,8470.0,5.9713
1779350400,8470.0,8517.0,8470.0,8487.0,5.0321
1779354000,8489.0,8492.0,8460.0,8460.0,2.7208
1779357600,8459.0,8459.0,8391.0,8402.0,8.6283
1779361200,8402.0,8412.0,8401.0,8405.0,1.7813
1779364800,8405.0,8417.0,8400.0,8417.0,2.1584
1779368400,8414.0,8424.0,8381.0,8424.0,9.4114
1779372000,8430.0,8441.0,8413.0,8426.0,4.5593
1779375600,8429.0,8489.0,8429.0,8487.0,3.0341
1779379200,8483.0,8483.0,8458.0,8459.0,0.3354
1779382800,8459.0,8545.0,8459.0,8545.0,8.1296
1779386400,8513.0,8513.0,8458.0,8458.0,0.252
1779390000,8494.0,8513.0,8494.0,8513.0,0.1079
1779393600,8511.0,8514.0,8494.0,8497.0,0.2194
1779397200,8496.0,8497.0,8496.0,8497.0,0.4068
1779400800,8487.0,8487.0,8472.0,8472.0,0.0412
1779404400,8469.0,8486.0,8466.0,8486.0,9.2899
1779408000,8481.0,8481.0,8476.0,8476.0,1.0332
1779411600,8473.0,8489.0,8460.0,8489.0,1.3656
1779415200,8486.0,8503.0,8486.0,8495.0,7.0116
1779418800,8496.0,8500.0,8496.0,8498.0,0.5342
1779422400,8499.0,8502.0,8495.0,8495.0,10.1754
1779426000,8488.0,8493.0,8474.0,8474.0,0.3822
1779429600,8471.0,8472.0,8459.0,8459.0,6.3015
1779433200,8458.0,8481.0,8458.0,8478.0,8.9742
1779436800,8481.0,8483.0,8451.0,8452.0,3.5357
1779440400,8452.0,8452.0,8442.0,8452.0,3.5816
1779444000,8451.0,8451.0,8445.0,8449.0,0.1192
1779447600,8449.0,8467.0,8442.0,8467.0,0.965
1779451200,8472.0,8486.0,8472.0,8480.0,1.2931
1779454800,8481.0,8481.0,8456.0,8464.0,6.2147
1779458400,8456.0,8456.0,8413.0,8425.0,19.6982
1779462000,8424.0,8453.0,8420.0,8438.0,2.0824
1779465600,8438.0,8446.0,8438.0,8446.0,0.4581
1779469200,8464.0,8467.0,8452.0,8452.0,0.2224
1779472800,8447.0,8447.0,8330.0,8366.0,9.2846
1779476400,8362.0,8362.0,8231.0,8231.0,34.7563
1779480000,8236.0,8266.0,8236.0,8266.0,0.8589
1779483600,8260.0,8282.0,8260.0,8282.0,0.1922
1779487200,8282.0,8282.0,8253.0,8263.0,0.2688
1779490800,8273.0,8275.0,8226.0,8238.0,7.9893
1779494400,8238.0,8248.0,8207.0,8239.0,5.5528
1779498000,8248.0,8258.0,8243.0,8253.0,4.3264
1779501600,8260.0,8260.0,8243.0,8253.0,2.2953
1779505200,8253.0,8261.0,8253.0,8261.0,1.587
1779508800,8258.0,8261.0,8251.0,8252.0,4.9219
1779512400,8252.0,8252.0,8239.0,8241.0,6.0053
1779516000,8243.0,8243.0,8233.0,8233.0,2.9955
1779519600,8232.0,8232.0,8013.0,8102.0,28.9067
1779523200,8104.0,8118.0,8099.0,8113.0,8.6459
1779526800,8114.0,8125.0,8113.0,8123.0,1.4208
1779530400,8122.0,8141.0,8122.0,8138.0,3.3897
1779534000,8138.0,8145.0,8135.0,8137.0,2.1234
1779537600,8138.0,8139.0,8125.0,8128.0,3.0182
1779541200,8129.0,8175.0,8129.0,8173.0,9.4847
1779544800,8173.0,8239.0,8168.0,8239.0,4.5686
1779548400,8236.0,8259.0,8214.0,8220.0,2.4268
1779552000,8230.0,8238.0,8224.0,8231.0,0.5163
1779555600,8234.0,8239.0,8234.0,8239.0,1.5145
1779559200,8239.0,8301.0,8239.0,8289.0,4.0259
1779562800,8280.0,8295.0,8280.0,8295.0,0.164
1779566400,8291.0,8545.0,8291.0,8545.0,18.4357
1779570000,8548.0,8553.0,8410.0,8453.0,7.693
1779573600,8440.0,8440.0,8405.0,8440.0,0.073
1779577200,8436.0,8448.0,8436.0,8448.0,4.7345
1779580800,8429.0,8432.0,8425.0,8432.0,1.8973
1779584400,8439.0,8449.0,8439.0,8449.0,1.9722
1779588000,8450.0,8459.0,8448.0,8456.0,6.0493
1779591600,8460.0,8462.0,8443.0,8443.0,2.9144
1779595200,8447.0,8456.0,8447.0,8456.0,0.3473
1779598800,8456.0,8456.0,8437.0,8437.0,0.197
1779602400,8451.0,8470.0,8444.0,8470.0,1.5043
1779606000,8467.0,8467.0,8450.0,8450.0,2.9778
1779609600,8455.0,8460.0,8451.0,8456.0,1.0316
1779613200,8452.0,8459.0,8451.0,8457.0,0.4688
1779616800,8460.0,8478.0,8450.0,8456.0,0.8132
1779620400,8459.0,8479.0,8459.0,8478.0,0.8815
1779624000,8478.0,8478.0,8450.0,8451.0,3.0866
1779627600,8450.0,8450.0,8407.0,8408.0,5.1448
1779631200,8408.0,8408.0,8305.0,8364.0,10.709
1779634800,8362.0,8363.0,8351.0,8355.0,0.9336
1779638400,8364.0,8389.0,8357.0,8358.0,1.6933
1779642000,8387.0,8388.0,8377.0,8380.0,0.9314
1779645600,8376.0,8376.0,8363.0,8363.0,0.0429
1779649200,8374.0,8374.0,8355.0,8355.0,1.1867
1779652800,8350.0,8350.0,8343.0,8343.0,0.132
1779656400,8351.0,8354.0,8240.0,8261.0,2.3543
1779660000,8287.0,8358.0,8287.0,8336.0,1.1233
1779663600,8343.0,8388.0,8336.0,8372.0,15.832
1779667200,8365.0,8371.0,8341.0,8341.0,28.1938
1779670800,8348.0,8349.0,8314.0,8314.0,2.7095
1779674400,8303.0,8359.0,8303.0,8314.0,17.4125
1779678000,8315.0,8315.0,8300.0,8304.0,10.0683
1779681600,8304.0,8333.0,8291.0,8333.0,36.0881
1779685200,8334.0,8349.0,8334.0,8343.0,1.3847
1779688800,8335.0,8337.0,8319.0,8337.0,1.7343
1779692400,8337.0,8367.0,8337.0,8361.0,4.3212
1779696000,8361.0,8366.0,8360.0,8366.0,1.1932
1779699600,8379.0,8379.0,8375.0,8376.0,1.1207
1779703200,8375.0,8379.0,8372.0,8373.0,4.4545
1779706800,8373.0,8379.0,8364.0,8379.0,1.5085
1779710400,8365.0,8377.0,8365.0,8376.0,0.9645
1779714000,8376.0,8376.0,8373.0,8373.0,1.4174
1779717600,8374.0,8422.0,8374.0,8422.0,9.8553
1779721200,8422.0,8444.0,8404.0,8409.0,1.9398
1779724800,8419.0,8451.0,8419.0,8451.0,16.3635
1779728400,8464.0,8465.0,8435.0,8435.0,0.3776
1779732000,8430.0,8430.0,8426.0,8426.0,0.071
1779735600,8417.0,8417.0,8390.0,8390.0,1.5764
1779739200,8399.0,8399.0,8362.0,8362.0,9.3207
1779742800,8360.0,8360.0,8352.0,8352.0,1.6696
1779746400,8354.0,8365.0,8336.0,8336.0,2.8146
1779750000,8334.0,8357.0,8334.0,8356.0,1.6219
1779753600,8358.0,8358.0,8289.0,8306.0,3.128
1779757200,8304.0,8320.0,8293.0,8311.0,1.6569
1779760800,8313.0,8313.0,8284.0,8291.0,2.4308
1779764400,8293.0,8308.0,8283.0,8308.0,1.4545
1779768000,8309.0,8316.0,8303.0,8316.0,2.2301
1779771600,8309.0,8344.0,8309.0,8335.0,0.7024
1779775200,8336.0,8344.0,8328.0,8344.0,0.7049
1779778800,8344.0,8344.0,8308.0,8339.0,2.313
1779782400,8321.0,8332.0,8321.0,8332.0,0.7825
1779786000,8332.0,8333.0,8321.0,8329.0,9.3352
1779789600,8325.0,8475.0,8325.0,8444.0,12.0428
1779793200,8448.0,8451.0,8417.0,8418.0,1.4389
1779796800,8418.0,8419.0,8390.0,8419.0,8.0767
1779800400,8432.0,8439.0,8390.0,8431.0,6.0557
1779804000,8441.0,8475.0,8370.0,8373.0,10.776
1779807600,8363.0,8363.0,8266.0,8280.0,4.0447
1779811200,8282.0,8282.0,8251.0,8252.0,1.9506
1779814800,8252.0,8268.0,8182.0,8228.0,9.6712
1779818400,8222.0,8256.0,8222.0,8231.0,1.7605
1779822000,8225.0,8248.0,8224.0,8248.0,0.404
1779825600,8248.0,8248.0,8246.0,8246.0,0.2684
1779829200,8253.0,8253.0,8240.0,8240.0,0.1895
1779832800,8240.0,8240.0,8232.0,8232.0,0.0496
1779836400,8232.0,8258.0,8232.0,8258.0,0.2137
1779840000,8255.0,8291.0,8255.0,8291.0,1.5659
1779843600,8294.0,8294.0,8261.0,8261.0,3.0145
1779847200,8265.0,8267.0,8257.0,8267.0,3.7119
1779850800,8276.0,8288.0,8256.0,8258.0,2.6289
1779854400,8256.0,8262.0,8189.0,8262.0,16.4585
1779858000,8262.0,8281.0,8261.0,8281.0,0.2264
1779861600,8282.0,8294.0,8274.0,8290.0,1.912
1779865200,8291.0,8301.0,8280.0,8301.0,2.0391
1779868800,8301.0,8344.0,8301.0,8320.0,10.0854
1779872400,8299.0,8318.0,8296.0,8305.0,3.7552
1779876000,8301.0,8316.0,8291.0,8291.0,1.3628
1779879600,8292.0,8303.0,8290.0,8291.0,1.3002
1779883200,8289.0,8346.0,8279.0,8312.0,6.0136
1779886800,8291.0,8291.0,8201.0,8229.0,2.5906
1779890400,8228.0,8249.0,8205.0,8232.0,21.2806
1779894000,8246.0,8281.0,8246.0,8267.0,3.0526
1779897600,8272.0,8272.0,8231.0,8261.0,7.3181
1779901200,8236.0,8236.0,8179.0,8179.0,6.042
1779904800,8189.0,8189.0,8178.0,8178.0,0.3781
1779908400,8178.0,8178.0,8178.0,8178.0,0.0
1779912000,8178.0,8178.0,8178.0,8178.0,0.0
1779915600,8178.0,8178.0,8178.0,8178.0,0.0
1779919200,8178.0,8178.0,8178.0,8178.0,0.0
1779922800,8280.0,8280.0,8100.0,8100.0,12.2882
1779926400,8101.0,8121.0,8090.0,8100.0,35.7117
1779930000,8106.0,8110.0,8050.0,8079.0,16.2412
1779933600,8080.0,8080.0,8071.0,8076.0,12.7461
1779937200,8075.0,8079.0,7969.0,7971.0,65.8508
1779940800,7971.0,7971.0,7900.0,7918.0,94.4378
1779944400,7918.0,7921.0,7915.0,7915.0,2.8947
1779948000,7916.0,7918.0,7904.0,7918.0,21.4929
1779951600,7921.0,7971.0,7921.0,7966.0,12.5319
1779955200,7966.0,7966.0,7932.0,7945.0,3.5788
1779958800,7941.0,7963.0,7941.0,7962.0,6.5741
1779962400,7963.0,7975.0,7951.0,7952.0,12.0782
1779966000,7952.0,7952.0,7936.0,7944.0,3.6587
1779969600,7944.0,7963.0,7924.0,7959.0,4.477
1779973200,7960.0,7960.0,7911.0,7911.0,9.8548
1779976800,7919.0,7990.0,7885.0,7965.0,18.4466
1779980400,7965.0,7980.0,7942.0,7949.0,3.212
1779984000,7948.0,8032.0,7948.0,8032.0,5.7137
1779987600,8024.0,8070.0,8024.0,8068.0,0.9621
1779991200,8067.0,8079.0,8067.0,8071.0,0.22
1779994800,8071.0,8071.0,8048.0,8048.0,1.7062
1779998400,8035.0,8051.0,8017.0,8046.0,0.7413
1780002000,8055.0,8055.0,8052.0,8052.0,0.431
1780005600,8050.0,8050.0,8001.0,8001.0,0.4529
1780009200,8001.0,8002.0,7999.0,7999.0,0.5059
1780012800,8003.0,8009.0,7999.0,7999.0,1.6613
1780016400,7999.0,8004.0,7967.0,7973.0,2.983
1780020000,7974.0,7982.0,7960.0,7960.0,3.6224
1780023600,7951.0,7969.0,7950.0,7958.0,13.57
1780027200,7958.0,7971.0,7952.0,7969.0,0.7659
1780030800,7969.0,7992.0,7969.0,7992.0,2.6779
1780034400,7996.0,8011.0,7996.0,8011.0,4.2191
1780038000,8014.0,8018.0,7964.0,7966.0,4.7977
1780041600,7980.0,7990.0,7977.0,7980.0,3.6187
1780045200,7976.0,7999.0,7973.0,7989.0,2.2217
1780048800,7999.0,7999.0,7998.0,7998.0,1.5831
1780052400,8000.0,8000.0,7987.0,7990.0,2.6944
1780056000,7990.0,7990.0,7961.0,7971.0,1.4257
1780059600,7970.0,7970.0,7932.0,7966.0,4.5195
1780063200,7970.0,7970.0,7895.0,7970.0,20.6216
1780066800,7973.0,8134.0,7973.0,8090.0,21.6175
1780070400,8104.0,8131.0,8055.0,8126.0,5.1561
1780074000,8124.0,8130.0,8078.0,8078.0,0.4038
1780077600,8070.0,8083.0,8006.0,8006.0,0.7078
1780081200,8000.0,8044.0,8000.0,8035.0,0.1865
1780084800,8033.0,8054.0,8032.0,8032.0,0.2703
1780088400,8035.0,8035.0,8019.0,8021.0,0.1727
1780092000,8006.0,8021.0,8005.0,8021.0,0.1705
1780095600,8018.0,8023.0,8005.0,8023.0,9.2492
1780099200,8015.0,8025.0,8008.0,8021.0,0.8786
1780102800,8017.0,8042.0,8017.0,8041.0,0.5383
1780106400,8040.0,8040.0,8023.0,8038.0,0.7114
1780110000,8042.0,8045.0,8021.0,8022.0,1.0904
1780113600,8016.0,8016.0,7979.0,7999.0,3.6735
1780117200,8017.0,8019.0,8017.0,8019.0,2.0419
1780120800,8013.0,8030.0,8013.0,8025.0,0.6699
1780124400,8023.0,8023.0,8020.0,8021.0,0.2154
1780128000,8021.0,8021.0,8021.0,8021.0,0.094
1780131600,8021.0,8026.0,8021.0,8024.0,6.5849
1780135200,8028.0,8039.0,8028.0,8039.0,1.709
1780138800,8032.0,8033.0,8032.0,8033.0,0.3299
1780142400,8034.0,8038.0,8033.0,8034.0,0.5059
1780146000,8044.0,8044.0,8038.0,8043.0,6.3614
1780149600,8043.0,8073.0,8043.0,8067.0,0.3012
1780153200,8070.0,8077.0,8065.0,8073.0,0.6689
1780156800,8068.0,8077.0,8068.0,8071.0,0.0542
1780160400,8071.0,8074.0,8060.0,8073.0,0.2887
1780164000,8070.0,8078.0,8066.0,8078.0,0.6345
1780167600,8070.0,8080.0,8070.0,8080.0,1.9285
1780171200,8082.0,8082.0,8082.0,8082.0,1.162
1780174800,8086.0,8086.0,8086.0,8086.0,0.0017
1780178400,8065.0,8065.0,8063.0,8063.0,0.0161
1780182000,8069.0,8069.0,8055.0,8059.0,1.0303
1780185600,8057.0,8070.0,8057.0,8068.0,0.2814
1780189200,8080.0,8100.0,8080.0,8087.0,3.7536
1780192800,8087.0,8105.0,8080.0,8080.0,2.665
1780196400,8099.0,8100.0,8099.0,8100.0,1.4228
1780200000,8099.0,8100.0,8096.0,8099.0,1.1775
1780203600,8099.0,8099.0,8095.0,8095.0,0.9097
1780207200,8092.0,8092.0,8092.0,8092.0,0.0185
1780210800,8091.0,8091.0,8066.0,8070.0,2.3591
1780214400,8076.0,8078.0,8065.0,8065.0,1.6625
1780218000,8070.0,8079.0,8060.0,8060.0,0.7525
1780221600,8055.0,8055.0,8042.0,8043.0,0.9768
1780225200,8055.0,8060.0,8055.0,8060.0,2.8011
1780228800,8060.0,8062.0,8059.0,8062.0,1.6614
1780232400,8054.0,8063.0,8051.0,8051.0,1.368
1780236000,8051.0,8051.0,8005.0,8005.0,8.1465
1780239600,8008.0,8030.0,8004.0,8016.0,20.1483
1780243200,8015.0,8017.0,7973.0,7979.0,5.9382
1780246800,7985.0,7993.0,7970.0,7993.0,0.8464
1780250400,7992.0,7992.0,7973.0,7973.0,0.7519
1780254000,7976.0,7976.0,7954.0,7966.0,1.4286
1780257600,7987.0,7995.0,7987.0,7995.0,0.0757
1780261200,7998.0,8014.0,7998.0,8014.0,0.1522
1780264800,8018.0,8018.0,8007.0,8018.0,0.5382
1780268400,8032.0,8048.0,7980.0,7995.0,1.303
1780272000,8004.0,8040.0,8004.0,8024.0,2.9774
1780275600,8027.0,8027.0,7960.0,7960.0,0.5756
1780279200,7960.0,8027.0,7952.0,8018.0,13.3551
1780282800,8018.0,8033.0,8005.0,8006.0,3.146
1780286400,8003.0,8008.0,7955.0,7968.0,3.0189
1780290000,7960.0,7967.0,7941.0,7950.0,2.8153
1780293600,7946.0,7946.0,7901.0,7913.0,2.3223
1780297200,7918.0,7926.0,7868.0,7882.0,10.815
1780300800,7882.0,7899.0,7868.0,7898.0,7.9999
1780304400,7911.0,7929.0,7911.0,7927.0,1.7156
1780308000,7920.0,7921.0,7902.0,7910.0,5.6812
1780311600,7909.0,7914.0,7895.0,7895.0,3.0039
1780315200,7898.0,7940.0,7851.0,7932.0,6.9064
1780318800,7913.0,7913.0,7833.0,7854.0,16.4755
1780322400,7880.0,7880.0,7849.0,7849.0,3.505
1780326000,7867.0,7885.0,7841.0,7860.0,2.5054
1780329600,7862.0,7885.0,7834.0,7885.0,6.1524
1780333200,7900.0,7943.0,7900.0,7942.0,4.2368
1780336800,7936.0,7946.0,7922.0,7944.0,1.6858
1780340400,7942.0,7998.0,7942.0,7991.0,1.1676
1780344000,7979.0,8000.0,7979.0,8000.0,0.3782
1780347600,7977.0,7977.0,7949.0,7951.0,15.6748
1780351200,7940.0,7987.0,7930.0,7979.0,1.0815
1780354800,7979.0,7987.0,7973.0,7973.0,0.554
1780358400,7993.0,7993.0,7951.0,7961.0,3.5848
1780362000,7950.0,7958.0,7911.0,7911.0,1.9629
1780365600,7900.0,7943.0,7845.0,7942.0,39.0075
1780369200,7950.0,7991.0,7950.0,7990.0,3.0153
1780372800,7992.0,7995.0,7963.0,7967.0,2.7737
1780376400,7957.0,7964.0,7914.0,7914.0,3.3323
1780380000,7918.0,7923.0,7901.0,7901.0,1.2128
1780383600,7910.0,7931.0,7889.0,7917.0,4.4226
1780387200,7913.0,7934.0,7901.0,7901.0,4.0402
1780390800,7900.0,7900.0,7872.0,7890.0,5.4844
1780394400,7888.0,7914.0,7885.0,7914.0,5.0033
1780398000,7915.0,7915.0,7894.0,7902.0,1.616
1780401600,7900.0,7911.0,7883.0,7894.0,5.8935
1780405200,7893.0,7911.0,7887.0,7892.0,1.5489
1780408800,7889.0,7889.0,7750.0,7775.0,71.8083
1780412400,7761.0,7766.0,7612.0,7666.0,36.4292
1780416000,7660.0,7769.0,7660.0,7697.0,9.1916
1780419600,7701.0,7724.0,7701.0,7709.0,6.1622
1780423200,7708.0,7708.0,7650.0,7655.0,3.8783
1780426800,7657.0,7663.0,7590.0,7659.0,21.0125
1780430400,7657.0,7681.0,7615.0,7636.0,5.4974
1780434000,7644.0,7645.0,7609.0,7609.0,3.9047
1780437600,7608.0,7643.0,7500.0,7500.0,24.122
1780441200,7501.0,7507.0,7402.0,7478.0,55.1654
1780444800,7468.0,7495.0,7449.0,7495.0,32.1454
1780448400,7492.0,7492.0,7430.0,7457.0,32.6981
1780452000,7457.0,7457.0,7430.0,7436.0,16.397
1780455600,7436.0,7445.0,7299.0,7354.0,76.5099
1780459200,7358.0,7417.0,7358.0,7417.0,16.5775
1780462800,7417.0,7509.0,7416.0,7509.0,13.2944
1780466400,7501.0,7551.0,7499.0,7510.0,17.0375
1780470000,7510.0,7535.0,7501.0,7535.0,7.4857
1780473600,7532.0,7548.0,7524.0,7543.0,6.0138
1780477200,7542.0,7551.0,7523.0,7551.0,18.3157
1780480800,7544.0,7585.0,7544.0,7565.0,8.1639
1780484400,7570.0,7575.0,7550.0,7551.0,17.1405
1780488000,7550.0,7552.0,7512.0,7532.0,10.9592
1780491600,7545.0,7545.0,7485.0,7496.0,6.8886
1780495200,7486.0,7487.0,7450.0,7459.0,3.2494
1780498800,7458.0,7458.0,7389.0,7389.0,11.5404
1780502400,7388.0,7390.0,7288.0,7353.0,16.5383
1780506000,7352.0,7375.0,7310.0,7331.0,2.5059
1780509600,7343.0,7350.0,7313.0,7350.0,1.3677
1780513200,7334.0,7334.0,7228.0,7228.0,55.9339
1780516800,7227.0,7264.0,7129.0,7130.0,35.4382
1780520400,7140.0,7407.0,7140.0,7392.0,6.4605
1780524000,7415.0,7415.0,7332.0,7336.0,8.9853
1780527600,7338.0,7338.0,7295.0,7295.0,7.453
1780531200,7289.0,7302.0,7151.0,7177.0,69.9426
1780534800,7190.0,7221.0,7072.0,7076.0,61.2407
1780538400,7077.0,7178.0,6975.0,7132.0,149.7228
1780542000,7131.0,7329.0,7131.0,7303.0,49.3225
1780545600,7304.0,7332.0,7300.0,7300.0,22.5168
1780549200,7301.0,7301.0,7201.0,7207.0,29.9764
1780552800,7208.0,7260.0,7207.0,7220.0,31.4237
1780556400,7220.0,7220.0,7158.0,7186.0,11.1537
1780560000,7185.0,7193.0,7126.0,7158.0,1.7284
1780563600,7144.0,7144.0,7052.0,7108.0,47.3751
1780567200,7120.0,7120.0,6993.0,6997.0,25.0647
1780570800,7012.0,7067.0,7006.0,7067.0,14.2287
1780574400,7073.0,7192.0,7059.0,7166.0,28.0705
1780578000,7165.0,7211.0,7090.0,7174.0,11.4184
1780581600,7202.0,7228.0,7138.0,7151.0,10.0572
1780585200,7149.0,7213.0,7149.0,7150.0,11.1681
1780588800,7165.0,7171.0,7131.0,7146.0,6.5362
1780592400,7146.0,7157.0,7088.0,7141.0,18.1528
1780596000,7132.0,7176.0,7106.0,7176.0,8.8607
1780599600,7162.0,7182.0,7156.0,7179.0,0.3076
1780603200,7153.0,7153.0,7128.0,7150.0,2.6656
1780606800,7145.0,7145.0,7099.0,7116.0,0.3622
1780610400,7106.0,7110.0,7075.0,7104.0,1.3168
1780614000,7134.0,7154.0,7100.0,7139.0,6.7833
1780617600,7145.0,7145.0,7102.0,7111.0,5.9607
1780621200,7101.0,7104.0,7058.0,7083.0,4.0615
1780624800,7082.0,7082.0,7000.0,7006.0,29.6371
1780628400,7003.0,7025.0,6981.0,7010.0,21.4522
1780632000,7001.0,7050.0,6971.0,7050.0,44.0967
1780635600,7060.0,7060.0,6831.0,6831.0,40.8133
1780639200,6831.0,6847.0,6660.0,6722.0,143.4636
1780642800,6722.0,6815.0,6650.0,6801.0,101.4353
1780646400,6807.0,6809.0,6745.0,6747.0,13.1365
1780650000,6748.0,6843.0,6748.0,6820.0,10.755
1780653600,6826.0,6831.0,6789.0,6814.0,18.6841
1780657200,6795.0,6822.0,6756.0,6761.0,7.2841
1780660800,6752.0,6776.0,6700.0,6726.0,24.0283
1780664400,6729.0,6800.0,6571.0,6571.0,40.8644
1780668000,6583.0,6600.0,6515.0,6518.0,60.5205
1780671600,6515.0,6529.0,6450.0,6471.0,127.3021
1780675200,6470.0,6598.0,6350.0,6581.0,37.3168
1780678800,6576.0,6592.0,6503.0,6522.0,7.8946
1780682400,6528.0,6536.0,6366.0,6368.0,13.1111
1780686000,6368.0,6800.0,6325.0,6325.0,3.1816
1780689600,6596.0,6700.0,6500.0,6700.0,0.6403
1780693200,6699.0,6699.0,6504.0,6580.0,23.016
1780696800,6562.0,6574.0,6501.0,6540.0,4.5892
1780700400,6541.0,6541.0,6403.0,6470.0,7.3827
1780704000,6475.0,6558.0,6475.0,6530.0,10.2342
1780707600,6528.0,6538.0,6475.0,6491.0,23.2195
1780711200,6490.0,6495.0,6420.0,6463.0,13.4167
1780714800,6462.0,6462.0,6392.0,6409.0,31.1005
1780718400,6407.0,6428.0,6200.0,6237.0,95.7459
1780722000,6237.0,6400.0,6194.0,6374.0,19.4014
1780725600,6400.0,6460.0,6370.0,6374.0,15.2813
1780729200,6378.0,6452.0,6365.0,6448.0,12.9177
1780732800,6445.0,6499.0,6428.0,6470.0,7.7525
1780736400,6470.0,6471.0,6400.0,6411.0,5.2617
1780740000,6408.0,6408.0,6284.0,6315.0,17.0749
1780743600,6321.0,6390.0,6321.0,6365.0,6.9606
1780747200,6374.0,6427.0,6350.0,6423.0,9.0405
1780750800,6422.0,6425.0,6359.0,6367.0,8.2931
1780754400,6382.0,6401.0,6373.0,6380.0,5.2842
1780758000,6380.0,6398.0,6335.0,6396.0,7.9316
1780761600,6397.0,6404.0,6360.0,6398.0,6.9727
1780765200,6400.0,6400.0,6344.0,6352.0,1.9906
1780768800,6366.0,6404.0,6358.0,6369.0,2.278
1780772400,6375.0,6401.0,6351.0,6364.0,13.7131
1780776000,6362.0,6371.0,6340.0,6358.0,3.6148
1780779600,6365.0,6390.0,6360.0,6366.0,3.7947
1780783200,6359.0,6372.0,6331.0,6366.0,4.2335
1780786800,6365.0,6402.0,6363.0,6402.0,2.6437
1780790400,6403.0,6412.0,6385.0,6389.0,11.6277
1780794000,6388.0,6500.0,6385.0,6488.0,12.6775
1780797600,6481.0,6499.0,6463.0,6498.0,15.1938
1780801200,6498.0,6528.0,6489.0,6508.0,12.498
1780804800,6508.0,6517.0,6464.0,6517.0,9.2009
1780808400,6516.0,6570.0,6509.0,6560.0,19.1586
1780812000,6560.0,6613.0,6532.0,6584.0,18.4717
1780815600,6583.0,6598.0,6580.0,6595.0,14.5168
1780819200,6596.0,6694.0,6580.0,6692.0,26.3757
1780822800,6691.0,6718.0,6651.0,6661.0,27.2305
1780826400,6661.0,6661.0,6629.0,6630.0,3.9438
1780830000,6629.0,6653.0,6619.0,6644.0,2.132
1780833600,6641.0,6641.0,6568.0,6610.0,18.0105
1780837200,6603.0,6621.0,6584.0,6605.0,10.1767
1780840800,6603.0,6687.0,6602.0,6650.0,15.1589
1780844400,6641.0,6674.0,6623.0,6653.0,15.0038
1780848000,6654.0,6655.0,6627.0,6642.0,5.2415
1780851600,6651.0,6672.0,6645.0,6649.0,1.7287
1780855200,6658.0,6669.0,6646.0,6658.0,4.1739
1780858800,6647.0,6647.0,6554.0,6579.0,5.2085
1780862400,6568.0,6635.0,6565.0,6635.0,2.7076
1780866000,6633.0,6639.0,6633.0,6634.0,1.5673
1780869600,6674.0,6950.0,6674.0,6830.0,37.2233
1780873200,6811.0,6880.0,6811.0,6869.0,6.4347
1780876800,6876.0,6970.0,6863.0,6926.0,6.325
1780880400,6931.0,6931.0,6821.0,6877.0,4.1257
1780884000,6882.0,6882.0,6859.0,6871.0,14.5697
1780887600,6871.0,6902.0,6848.0,6859.0,7.9642
1780891200,6858.0,6858.0,6779.0,6782.0,22.4205
1780894800,6762.0,6762.0,6728.0,6748.0,1.1866
1780898400,6750.0,6810.0,6750.0,6802.0,8.8364
1780902000,6803.0,6843.0,6791.0,6836.0,6.4735
1780905600,6832.0,6832.0,6792.0,6792.0,16.3509
1780909200,6790.0,6823.0,6785.0,6823.0,1.874
1780912800,6826.0,6843.0,6808.0,6843.0,7.4522
1780916400,6831.0,6925.0,6831.0,6886.0,17.654
1780920000,6886.0,6935.0,6842.0,6934.0,8.7152
1780923600,6919.0,6935.0,6879.0,6889.0,2.2905
1780927200,6885.0,6928.0,6872.0,6924.0,7.7074
1780930800,6933.0,6976.0,6926.0,6926.0,70.1815
1780934400,6922.0,6972.0,6899.0,6899.0,2.3765
1780938000,6899.0,6899.0,6872.0,6893.0,4.0607
1780941600,6903.0,6918.0,6872.0,6872.0,3.5411
1780945200,6879.0,6879.0,6879.0,6879.0,0.1459
1780948800,6871.0,6882.0,6871.0,6879.0,0.0905
1780952400,6887.0,6983.0,6887.0,6955.0,2.0962
1780956000,6950.0,6950.0,6901.0,6919.0,0.6261
1780959600,6949.0,6970.0,6900.0,6900.0,5.1027
1780963200,6895.0,6911.0,6788.0,6790.0,16.5439
1780966800,6796.0,6813.0,6785.0,6803.0,22.6879
1780970400,6803.0,6803.0,6751.0,6778.0,25.8459
1780974000,6789.0,6807.0,6783.0,6799.0,17.6893
1780977600,6802.0,6878.0,6791.0,6878.0,2.0004
1780981200,6877.0,6892.0,6858.0,6870.0,5.1044
1780984800,6872.0,6890.0,6854.0,6854.0,19.0345
1780988400,6868.0,6876.0,6837.0,6840.0,14.2523
1780992000,6839.0,6839.0,6804.0,6825.0,11.3316
1780995600,6825.0,6838.0,6788.0,6791.0,0.8068
1780999200,6802.0,6809.0,6796.0,6807.0,4.3659
1781002800,6813.0,6813.0,6793.0,6793.0,1.1268
1781006400,6807.0,6841.0,6797.0,6816.0,18.8869
1781010000,6826.0,6826.0,6787.0,6800.0,3.4595
1781013600,6792.0,6792.0,6679.0,6688.0,14.3903
1781017200,6697.0,6731.0,6671.0,6671.0,8.9702
1781020800,6672.0,6679.0,6594.0,6651.0,18.9652
1781024400,6653.0,6716.0,6653.0,6695.0,4.7691
1781028000,6691.0,6731.0,6691.0,6727.0,0.428
1781031600,6726.0,6750.0,6721.0,6750.0,3.0223
1781035200,6753.0,6765.0,6750.0,6763.0,0.4176
1781038800,6764.0,6765.0,6720.0,6720.0,0.882
1781042400,6717.0,6730.0,6688.0,6688.0,2.6265
1781046000,6683.0,6683.0,6655.0,6667.0,22.8077
1781049600,6673.0,6687.0,6649.0,6684.0,5.8762
1781053200,6699.0,6699.0,6665.0,6665.0,3.0011
1781056800,6681.0,6681.0,6608.0,6608.0,12.1419
1781060400,6623.0,6656.0,6623.0,6639.0,3.2513
1781064000,6640.0,6641.0,6630.0,6630.0,2.648
1781067600,6619.0,6623.0,6600.0,6623.0,3.6121
1781071200,6630.0,6650.0,6621.0,6649.0,3.3894
1781074800,6646.0,6687.0,6646.0,6682.0,8.0721
1781078400,6682.0,6682.0,6601.0,6607.0,18.4953
1781082000,6610.0,6616.0,6565.0,6616.0,1.4404
1781085600,6618.0,6632.0,6605.0,6632.0,0.7984
1781089200,6636.0,6645.0,6585.0,6614.0,16.8774
1781092800,6613.0,6688.0,6601.0,6675.0,4.3312
1781096400,6666.0,6781.0,6665.0,6745.0,27.3983
1781100000,6741.0,6741.0,6683.0,6692.0,18.1946
1781103600,6705.0,6776.0,6678.0,6763.0,3.5696
1781107200,6757.0,6757.0,6667.0,6689.0,3.233
1781110800,6693.0,6693.0,6632.0,6656.0,2.0485
1781114400,6642.0,6652.0,6633.0,6640.0,0.7189
1781118000,6643.0,6648.0,6643.0,6648.0,0.6836
1781121600,6636.0,6666.0,6634.0,6634.0,0.4483
1781125200,6645.0,6645.0,6560.0,6560.0,3.7439
1781128800,6563.0,6604.0,6557.0,6604.0,2.6203
1781132400,6602.0,6620.0,6571.0,6620.0,1.6678
1781136000,6626.0,6667.0,6620.0,6650.0,22.4398
1781139600,6655.0,6710.0,6655.0,6710.0,8.2618
1781143200,6710.0,6710.0,6676.0,6704.0,5.4801
1781146800,6702.0,6765.0,6689.0,6753.0,14.8191
1781150400,6735.0,6762.0,6732.0,6760.0,3.2517
1781154000,6755.0,6755.0,6721.0,6725.0,2.0264
1781157600,6718.0,6765.0,6718.0,6751.0,2.4574
1781161200,6747.0,6747.0,6736.0,6740.0,21.5003
1781164800,6740.0,6769.0,6740.0,6768.0,21.8121
1781168400,6759.0,6765.0,6754.0,6765.0,0.8239
1781172000,6763.0,6763.0,6744.0,6752.0,3.4406
1781175600,6752.0,6802.0,6751.0,6790.0,4.5611
1781179200,6785.0,6785.0,6703.0,6731.0,9.59
1781182800,6726.0,6756.0,6715.0,6738.0,5.7654
1781186400,6735.0,6740.0,6700.0,6726.0,4.0221
1781190000,6702.0,6720.0,6694.0,6704.0,5.0137
1781193600,6712.0,6717.0,6690.0,6690.0,0.3489
1781197200,6688.0,6889.0,6669.0,6869.0,31.9716
1781200800,6869.0,6877.0,6835.0,6867.0,3.4512
1781204400,6859.0,6880.0,6844.0,6860.0,3.3156
1781208000,6857.0,6857.0,6804.0,6804.0,0.4284
1781211600,6816.0,6853.0,6816.0,6840.0,0.9646
1781215200,6841.0,6856.0,6832.0,6832.0,4.3232
1781218800,6830.0,6832.0,6807.0,6832.0,4.9792
1781222400,6823.0,6827.0,6810.0,6816.0,7.1961
1781226000,6816.0,6816.0,6772.0,6776.0,13.4569
1781229600,6784.0,6819.0,6784.0,6819.0,1.4347
1781233200,6819.0,6819.0,6790.0,6792.0,47.6933
1781236800,6794.0,6821.0,6791.0,6816.0,9.7901
1781240400,6818.0,6818.0,6763.0,6765.0,6.0782
1781244000,6768.0,6770.0,6734.0,6745.0,5.4287
1781247600,6745.0,6753.0,6743.0,6753.0,3.4196
1781251200,6760.0,6812.0,6760.0,6801.0,45.2966
1781254800,6798.0,6840.0,6797.0,6839.0,33.7771
1781258400,6832.0,6832.0,6802.0,6807.0,3.087
1781262000,6811.0,6820.0,6806.0,6811.0,4.1528
1781265600,6803.0,6803.0,6774.0,6774.0,3.0163
1781269200,6778.0,6789.0,6742.0,6742.0,2.787
1781272800,6760.0,6850.0,6760.0,6850.0,4.0511
1781276400,6850.0,6872.0,6761.0,6761.0,13.6884
1781280000,6758.0,6814.0,6749.0,6797.0,0.8345
1781283600,6811.0,6811.0,6788.0,6788.0,0.1595
1781287200,6780.0,6801.0,6777.0,6797.0,0.3823
1781290800,6787.0,6791.0,6782.0,6785.0,0.2144
1781294400,6785.0,6785.0,6785.0,6785.0,0.0
1781298000,6780.0,6791.0,6780.0,6783.0,3.6148
1781301600,6775.0,6775.0,6775.0,6775.0,0.0102
1781305200,6770.0,6778.0,6770.0,6778.0,0.1207
1781308800,6794.0,6796.0,6793.0,6793.0,0.1632
1781312400,6793.0,6823.0,6793.0,6823.0,8.894
1781316000,6820.0,6820.0,6797.0,6797.0,10.8441
1781319600,6800.0,6800.0,6790.0,6790.0,2.4516
1781323200,6789.0,6795.0,6786.0,6795.0,0.0979
1781326800,6787.0,6787.0,6785.0,6785.0,0.8771
1781330400,6785.0,6804.0,6785.0,6804.0,4.2705
1781334000,6798.0,6830.0,6798.0,6830.0,2.8074
1781337600,6828.0,6832.0,6823.0,6823.0,1.6458
1781341200,6822.0,6824.0,6819.0,6819.0,0.1843
1781344800,6818.0,6823.0,6817.0,6818.0,2.1323
1781348400,6821.0,6835.0,6821.0,6834.0,2.5394
1781352000,6833.0,6847.0,6833.0,6847.0,1.1873
1781355600,6846.0,6846.0,6841.0,6845.0,0.5767
1781359200,6844.0,6849.0,6843.0,6844.0,5.2335
1781362800,6850.0,6862.0,6842.0,6853.0,4.1496
1781366400,6843.0,6843.0,6818.0,6832.0,1.4348
1781370000,6826.0,6836.0,6826.0,6836.0,0.1625
1781373600,6821.0,6840.0,6821.0,6833.0,2.887
1781377200,6832.0,6832.0,6832.0,6832.0,0.0076
1781380800,6824.0,6825.0,6824.0,6825.0,0.0295
1781384400,6826.0,6892.0,6826.0,6866.0,5.2077
1781388000,6860.0,6860.0,6860.0,6860.0,0.2186
1781391600,6852.0,6856.0,6844.0,6847.0,2.7479
1781395200,6846.0,6857.0,6846.0,6856.0,4.9292
1781398800,6866.0,6877.0,6866.0,6871.0,3.5428
1781402400,6871.0,6871.0,6866.0,6867.0,6.8158
1781406000,6867.0,6867.0,6853.0,6854.0,5.7829
1781409600,6854.0,6854.0,6829.0,6836.0,2.1323
1781413200,6838.0,6844.0,6835.0,6842.0,1.415
1781416800,6847.0,6849.0,6831.0,6831.0,3.3521
1781420400,6830.0,6834.0,6826.0,6826.0,0.9977
1781424000,6826.0,6833.0,6825.0,6831.0,0.8155
1781427600,6831.0,6834.0,6813.0,6834.0,2.0332
1781431200,6832.0,6832.0,6817.0,6817.0,5.6038
1781434800,6817.0,6820.0,6817.0,6819.0,0.1063
1781438400,6817.0,6817.0,6788.0,6788.0,2.8467
1781442000,6789.0,6792.0,6771.0,6781.0,7.337
1781445600,6782.0,6783.0,6739.0,6745.0,34.2475
1781449200,6745.0,6767.0,6745.0,6767.0,11.4951
1781452800,6769.0,6782.0,6767.0,6767.0,0.5277
1781456400,6768.0,6783.0,6768.0,6769.0,0.66
1781460000,6769.0,6769.0,6761.0,6768.0,0.3616
1781463600,6768.0,6768.0,6768.0,6768.0,0.0
1781467200,6780.0,6788.0,6778.0,6788.0,0.0963
1781470800,6801.0,7017.0,6801.0,6998.0,8.5705
1781474400,7001.0,7016.0,6970.0,6999.0,15.8076
1781478000,6991.0,7006.0,6983.0,7001.0,7.4424
1781481600,7005.0,7018.0,6981.0,6983.0,24.8431
1781485200,6980.0,6980.0,6952.0,6970.0,2.9495
1781488800,6967.0,7004.0,6967.0,6981.0,10.4283
1781492400,6980.0,6994.0,6969.0,6991.0,6.2514
1781496000,6990.0,6990.0,6980.0,6981.0,10.7088
1781499600,6980.0,6990.0,6973.0,6984.0,4.7715
1781503200,6988.0,6997.0,6983.0,6988.0,8.7176
1781506800,6988.0,6997.0,6980.0,6980.0,8.6268
1781510400,6978.0,6993.0,6970.0,6992.0,0.6659
1781514000,6992.0,7000.0,6965.0,6975.0,6.6935
1781517600,6975.0,7074.0,6975.0,7057.0,17.8523
1781521200,7056.0,7159.0,7051.0,7158.0,21.7547
1781524800,7159.0,7209.0,7157.0,7209.0,9.4702
1781528400,7204.0,7408.0,7204.0,7372.0,68.2191
1781532000,7365.0,7389.0,7344.0,7383.0,7.4452
1781535600,7377.0,7499.0,7377.0,7490.0,12.5811
1781539200,7490.0,7499.0,7479.0,7492.0,11.7634
1781542800,7483.0,7483.0,7433.0,7436.0,3.1733
1781546400,7434.0,7444.0,7428.0,7444.0,13.8368
1781550000,7435.0,7435.0,7376.0,7409.0,3.7082
1781553600,7400.0,7411.0,7380.0,7380.0,1.1109
1781557200,7385.0,7388.0,7359.0,7359.0,1.5301
1781560800,7350.0,7350.0,7282.0,7282.0,4.1776
1781564400,7278.0,7301.0,7261.0,7301.0,8.5413
1781568000,7300.0,7310.0,7290.0,7290.0,14.4378
1781571600,7288.0,7305.0,7283.0,7302.0,0.5738
1781575200,7294.0,7297.0,7208.0,7208.0,7.688
1781578800,7223.0,7243.0,7201.0,7242.0,8.5959
1781582400,7236.0,7249.0,7174.0,7174.0,7.5224
1781586000,7175.0,7185.0,7175.0,7185.0,0.4669
1781589600,7180.0,7220.0,7180.0,7217.0,15.5884
1781593200,7218.0,7237.0,7217.0,7237.0,12.3033
1781596800,7236.0,7352.0,7236.0,7351.0,23.8343
1781600400,7333.0,7350.0,7295.0,7303.0,4.9562
1781604000,7304.0,7327.0,7294.0,7324.0,4.8653
1781607600,7334.0,7334.0,7313.0,7326.0,3.2857
1781611200,7343.0,7474.0,7339.0,7390.0,37.9687
1781614800,7405.0,7405.0,7331.0,7337.0,20.4546
1781618400,7350.0,7357.0,7227.0,7267.0,14.7415
1781622000,7262.0,7290.0,7260.0,7260.0,5.8975
1781625600,7276.0,7276.0,7247.0,7251.0,7.3033
1781629200,7260.0,7316.0,7260.0,7316.0,0.8194
1781632800,7334.0,7367.0,7315.0,7333.0,40.9708
1781636400,7310.0,7331.0,7295.0,7309.0,32.0545
1781640000,7310.0,7324.0,7310.0,7324.0,3.075
1781643600,7328.0,7328.0,7303.0,7320.0,5.076
1781647200,7325.0,7325.0,7314.0,7314.0,0.1567
1781650800,7325.0,7325.0,7303.0,7306.0,0.2396
1781654400,7317.0,7329.0,7314.0,7320.0,1.0551
1781658000,7312.0,7322.0,7278.0,7319.0,5.078
1781661600,7327.0,7367.0,7312.0,7318.0,3.3244
1781665200,7320.0,7322.0,7309.0,7312.0,0.6198
1781668800,7315.0,7322.0,7313.0,7315.0,7.5775
1781672400,7334.0,7334.0,7302.0,7323.0,0.1006
1781676000,7317.0,7325.0,7300.0,7302.0,2.5508
1781679600,7301.0,7302.0,7286.0,7286.0,1.9188
1781683200,7269.0,7269.0,7192.0,7203.0,5.3229
1781686800,7201.0,7243.0,7201.0,7241.0,4.8229
1781690400,7232.0,7232.0,7227.0,7227.0,0.0279
1781694000,7213.0,7213.0,7189.0,7209.0,2.8158
1781697600,7207.0,7207.0,7129.0,7163.0,10.3554
1781701200,7163.0,7208.0,7163.0,7200.0,5.516
1781704800,7180.0,7181.0,7120.0,7168.0,6.7064
1781708400,7161.0,7243.0,7161.0,7231.0,1.9412
1781712000,7231.0,7277.0,7222.0,7224.0,49.6849
1781715600,7223.0,7303.0,7212.0,7292.0,21.1308
1781719200,7289.0,7289.0,7132.0,7264.0,9.4027
1781722800,7224.0,7224.0,7055.0,7070.0,7.1756
1781726400,7099.0,7099.0,7082.0,7082.0,0.5143
1781730000,7127.0,7127.0,7100.0,7100.0,0.2966
1781733600,7100.0,7117.0,7064.0,7116.0,2.2429
1781737200,7116.0,7141.0,7112.0,7138.0,0.6949
1781740800,7171.0,7190.0,7170.0,7188.0,1.9972
1781744400,7180.0,7200.0,7179.0,7181.0,6.5882
1781748000,7195.0,7196.0,7174.0,7193.0,3.5097
1781751600,7192.0,7192.0,7148.0,7153.0,3.3521
1781755200,7149.0,7152.0,7113.0,7115.0,12.8597
1781758800,7112.0,7112.0,7086.0,7101.0,29.2756
1781762400,7105.0,7131.0,7100.0,7131.0,29.4887
1781766000,7127.0,7185.0,7126.0,7185.0,28.5743
1781769600,7184.0,7199.0,7183.0,7187.0,4.9547
1781773200,7191.0,7200.0,7182.0,7198.0,30.7082
1781776800,7192.0,7204.0,7181.0,7204.0,4.2996
1781780400,7212.0,7214.0,7190.0,7190.0,0.7331
1781784000,7197.0,7220.0,7194.0,7217.0,0.7463
1781787600,7218.0,7219.0,7155.0,7178.0,2.9049
1781791200,7162.0,7191.0,7160.0,7183.0,4.8372
1781794800,7166.0,7166.0,6964.0,6964.0,15.2559
1781798400,6970.0,6985.0,6969.0,6970.0,1.8797
1781802000,6969.0,6970.0,6923.0,6946.0,36.1351
1781805600,6968.0,6968.0,6958.0,6958.0,1.0277
1781809200,6958.0,7030.0,6958.0,7026.0,1.843
1781812800,7063.0,7063.0,7058.0,7058.0,0.8812
1781816400,7056.0,7060.0,7036.0,7039.0,0.1946
1781820000,7038.0,7043.0,7019.0,7043.0,0.8636
1781823600,7041.0,7060.0,7033.0,7060.0,11.5495
1781827200,7059.0,7073.0,7048.0,7068.0,1.6039
1781830800,7068.0,7087.0,7035.0,7046.0,1.8031
1781834400,7056.0,7056.0,7027.0,7041.0,3.3566
1781838000,7043.0,7043.0,6951.0,7020.0,7.7749
1781841600,7020.0,7035.0,6988.0,6989.0,18.116
1781845200,6994.0,7019.0,6992.0,7019.0,37.4585
1781848800,7023.0,7061.0,7023.0,7061.0,8.0844
1781852400,7046.0,7046.0,7007.0,7030.0,22.9239
1781856000,7030.0,7039.0,7029.0,7034.0,7.4417
1781859600,7034.0,7034.0,7005.0,7005.0,9.4438
1781863200,7005.0,7005.0,7000.0,7000.0,2.3133
1781866800,7008.0,7016.0,7002.0,7016.0,0.0955
1781870400,7015.0,7016.0,6977.0,7016.0,6.8516
1781874000,7027.0,7081.0,7009.0,7062.0,1.6251
1781877600,7060.0,7080.0,7036.0,7076.0,3.7579
1781881200,7045.0,7079.0,7045.0,7078.0,0.5526
1781884800,7091.0,7091.0,7044.0,7044.0,2.9428
1781888400,7045.0,7070.0,7044.0,7070.0,2.3511
1781892000,7066.0,7066.0,7051.0,7051.0,0.085
1781895600,7054.0,7055.0,7047.0,7055.0,0.6011
1781899200,7062.0,7062.0,7062.0,7062.0,0.1908
1781902800,7082.0,7082.0,7054.0,7054.0,0.093
1781906400,7080.0,7085.0,7078.0,7078.0,0.051
1781910000,7078.0,7088.0,7078.0,7088.0,4.4863
1781913600,7090.0,7110.0,7082.0,7083.0,3.4886
1781917200,7083.0,7084.0,7079.0,7081.0,3.4976
1781920800,7076.0,7077.0,7072.0,7072.0,0.1994
1781924400,7074.0,7083.0,7074.0,7083.0,2.3062
1781928000,7081.0,7106.0,7076.0,7104.0,20.2544
1781931600,7123.0,7171.0,7123.0,7155.0,14.1071
1781935200,7159.0,7166.0,7154.0,7165.0,6.4596
1781938800,7160.0,7172.0,7158.0,7165.0,0.6824
1781942400,7160.0,7160.0,7158.0,7159.0,0.0564
1781946000,7161.0,7172.0,7161.0,7172.0,0.08
1781949600,7163.0,7170.0,7163.0,7170.0,0.0231
1781953200,7170.0,7172.0,7164.0,7170.0,1.4067
1781956800,7169.0,7174.0,7161.0,7162.0,0.5657
1781960400,7165.0,7166.0,7120.0,7132.0,3.6045
1781964000,7131.0,7220.0,7101.0,7204.0,7.8006
1781967600,7199.0,7236.0,7198.0,7221.0,3.9535
1781971200,7212.0,7212.0,7196.0,7196.0,0.6318
1781974800,7194.0,7194.0,7159.0,7167.0,1.431
1781978400,7181.0,7181.0,7181.0,7181.0,0.0011
1781982000,7181.0,7181.0,7181.0,7181.0,0.0
1781985600,7181.0,7181.0,7181.0,7181.0,0.0
1781989200,7179.0,7203.0,7179.0,7203.0,0.3602
1781992800,7203.0,7234.0,7203.0,7225.0,0.4174
1781996400,7233.0,7233.0,7225.0,7225.0,1.1465
1782000000,7225.0,7225.0,7212.0,7212.0,0.7196
1782003600,7210.0,7218.0,7209.0,7217.0,0.1319
1782007200,7209.0,7213.0,7209.0,7211.0,0.8804
1782010800,7208.0,7219.0,7202.0,7213.0,9.7172
1782014400,7213.0,7214.0,7204.0,7204.0,6.8184
1782018000,7200.0,7201.0,7190.0,7196.0,0.2952
1782021600,7209.0,7214.0,7209.0,7212.0,0.1392
1782025200,7200.0,7200.0,7200.0,7200.0,0.0813
1782028800,7200.0,7200.0,7171.0,7175.0,3.3193
1782032400,7180.0,7194.0,7178.0,7194.0,0.5834
1782036000,7205.0,7208.0,7190.0,7190.0,0.9964
1782039600,7192.0,7192.0,7143.0,7163.0,1.3953
1782043200,7161.0,7161.0,7139.0,7159.0,1.8023
1782046800,7159.0,7168.0,7153.0,7153.0,0.9631
1782050400,7153.0,7158.0,7151.0,7158.0,1.1407
1782054000,7160.0,7186.0,7160.0,7181.0,1.7897
1782057600,7166.0,7178.0,7154.0,7176.0,0.8231
1782061200,7172.0,7180.0,7160.0,7172.0,0.9588
1782064800,7180.0,7194.0,7180.0,7194.0,3.1824
1782068400,7194.0,7194.0,7194.0,7194.0,0.0
1782072000,7164.0,7164.0,7137.0,7137.0,0.2306
1782075600,7133.0,7133.0,7068.0,7131.0,2.3825
1782079200,7100.0,7112.0,7097.0,7112.0,0.4011
1782082800,7106.0,7115.0,7072.0,7076.0,0.9245
1782086400,7083.0,7158.0,7083.0,7158.0,4.1473
1782090000,7158.0,7260.0,7147.0,7232.0,88.4593
1782093600,7246.0,7246.0,7204.0,7204.0,3.7901
1782097200,7171.0,7213.0,7168.0,7170.0,6.8405
1782100800,7179.0,7194.0,7178.0,7194.0,3.8627
1782104400,7193.0,7201.0,7193.0,7201.0,1.2139
1782108000,7201.0,7215.0,7197.0,7200.0,4.0937
1782111600,7201.0,7264.0,7201.0,7249.0,7.4704
1782115200,7242.0,7263.0,7242.0,7250.0,2.3713
1782118800,7257.0,7257.0,7247.0,7250.0,7.454
1782122400,7250.0,7266.0,7250.0,7263.0,6.1126
1782126000,7265.0,7347.0,7264.0,7341.0,6.2343
1782129600,7341.0,7344.0,7317.0,7324.0,6.5889
1782133200,7324.0,7371.0,7324.0,7371.0,3.6662
1782136800,7377.0,7377.0,7290.0,7294.0,9.759
1782140400,7296.0,7296.0,7251.0,7251.0,0.6181
1782144000,7250.0,7250.0,7228.0,7228.0,0.8417
1782147600,7238.0,7238.0,7209.0,7209.0,0.5161
1782151200,7238.0,7260.0,7186.0,7186.0,15.6953
1782154800,7209.0,7211.0,7200.0,7211.0,0.7753
1782158400,7212.0,7217.0,7210.0,7210.0,1.2054
1782162000,7213.0,7213.0,7196.0,7196.0,1.9528
1782165600,7211.0,7211.0,7160.0,7163.0,1.6503
1782169200,7179.0,7194.0,7178.0,7191.0,3.9767
1782172800,7189.0,7193.0,7174.0,7193.0,3.3844
1782176400,7193.0,7210.0,7158.0,7158.0,38.8963
1782180000,7177.0,7192.0,7177.0,7190.0,2.6945
1782183600,7181.0,7185.0,7174.0,7185.0,0.73
1782187200,7187.0,7188.0,7157.0,7157.0,1.3649
1782190800,7157.0,7157.0,7124.0,7125.0,6.351
1782194400,7120.0,7120.0,7008.0,7041.0,8.0369
1782198000,7037.0,7045.0,7008.0,7008.0,7.043
1782201600,7001.0,7004.0,6836.0,6860.0,57.2787
1782205200,6871.0,6877.0,6867.0,6868.0,27.3341
1782208800,6868.0,6890.0,6868.0,6874.0,45.9966
1782212400,6885.0,6915.0,6885.0,6908.0,7.7651
1782216000,6913.0,6913.0,6890.0,6890.0,25.1576
1782219600,6890.0,6911.0,6851.0,6909.0,63.9531
1782223200,6910.0,6941.0,6901.0,6919.0,13.6096
1782226800,6906.0,6909.0,6884.0,6898.0,18.855
1782230400,6899.0,6932.0,6899.0,6901.0,8.7728
1782234000,6900.0,6900.0,6886.0,6887.0,17.9817
1782237600,6894.0,6894.0,6859.0,6859.0,42.1142
1782241200,6896.0,6900.0,6888.0,6888.0,1.0081
1782244800,6914.0,6914.0,6914.0,6914.0,0.1084
1782248400,6906.0,6917.0,6906.0,6917.0,0.7274
1782252000,6930.0,6934.0,6896.0,6903.0,0.5347
1782255600,6896.0,6912.0,6894.0,6912.0,0.4547
1782259200,6921.0,6945.0,6921.0,6932.0,2.1862
1782262800,6931.0,6950.0,6923.0,6945.0,4.713
1782266400,6931.0,6931.0,6912.0,6915.0,5.7592
1782270000,6915.0,6927.0,6897.0,6923.0,3.5466
1782273600,6922.0,6928.0,6904.0,6928.0,1.033
1782277200,6936.0,6959.0,6936.0,6950.0,1.9465
1782280800,6944.0,6955.0,6944.0,6950.0,7.6691
1782284400,6964.0,6964.0,6945.0,6946.0,5.1863
1782288000,6945.0,6949.0,6942.0,6948.0,2.3758
1782291600,6941.0,6941.0,6924.0,6924.0,1.4435
1782295200,6920.0,6922.0,6912.0,6912.0,3.317
1782298800,6911.0,7011.0,6884.0,6973.0,3.0707
1782302400,6976.0,6978.0,6948.0,6948.0,6.6559
1782306000,6944.0,6944.0,6841.0,6860.0,8.4078
1782309600,6850.0,6880.0,6832.0,6843.0,28.4716
1782313200,6848.0,6858.0,6750.0,6751.0,12.9167
1782316800,6751.0,6792.0,6612.0,6620.0,31.8456
1782320400,6620.0,6631.0,6500.0,6528.0,74.9014
1782324000,6506.0,6603.0,6506.0,6570.0,3.6907
1782327600,6558.0,6594.0,6546.0,6594.0,5.4563
1782331200,6594.0,6750.0,6594.0,6733.0,11.3782
1782334800,6733.0,6751.0,6707.0,6750.0,4.6408
1782338400,6768.0,6785.0,6741.0,6744.0,7.1512
1782342000,6744.0,6762.0,6739.0,6762.0,1.4466
1782345600,6760.0,6774.0,6748.0,6748.0,2.9675
1782349200,6750.0,6751.0,6700.0,6725.0,64.1262
1782352800,6715.0,6721.0,6705.0,6705.0,20.9149
1782356400,6705.0,6717.0,6697.0,6701.0,3.4552
1782360000,6702.0,6734.0,6700.0,6734.0,24.5873
1782363600,6742.0,6821.0,6742.0,6800.0,13.3377
1782367200,6801.0,6836.0,6801.0,6836.0,8.3481
1782370800,6839.0,6850.0,6837.0,6850.0,4.1277
1782374400,6852.0,6852.0,6832.0,6833.0,2.0979
1782378000,6833.0,6842.0,6815.0,6821.0,2.256
1782381600,6822.0,6822.0,6776.0,6776.0,2.3271
1782385200,6767.0,6767.0,6748.0,6748.0,7.2153
1782388800,6750.0,6817.0,6731.0,6778.0,3.1964
1782392400,6776.0,6779.0,6381.0,6410.0,67.5852
1782396000,6405.0,6599.0,6405.0,6535.0,53.8018
1782399600,6517.0,6517.0,6436.0,6506.0,20.5041
1782403200,6506.0,6581.0,6465.0,6476.0,16.9708
1782406800,6476.0,6528.0,6464.0,6516.0,13.5971
1782410400,6521.0,6521.0,6476.0,6497.0,1.4148
1782414000,6496.0,6496.0,6446.0,6461.0,11.5212
1782417600,6460.0,6490.0,6451.0,6452.0,0.6307
1782421200,6454.0,6533.0,6454.0,6533.0,3.1931
1782424800,6521.0,6521.0,6488.0,6497.0,15.0987
1782428400,6499.0,6525.0,6480.0,6483.0,5.2698
1782432000,6482.0,6494.0,6474.0,6474.0,6.8337
1782435600,6473.0,6473.0,6419.0,6435.0,55.5355
1782439200,6436.0,6436.0,6301.0,6310.0,58.428
1782442800,6310.0,6431.0,6269.0,6431.0,58.1062
1782446400,6413.0,6433.0,6391.0,6391.0,11.8013
1782450000,6400.0,6427.0,6394.0,6421.0,2.3094
1782453600,6421.0,6480.0,6379.0,6474.0,21.3095
1782457200,6468.0,6520.0,6468.0,6506.0,4.9976
1782460800,6504.0,6504.0,6438.0,6438.0,3.6424
1782464400,6437.0,6437.0,6385.0,6394.0,15.5494
1782468000,6385.0,6393.0,6365.0,6369.0,9.0147
1782471600,6375.0,6391.0,6352.0,6352.0,2.9219
1782475200,6360.0,6409.0,6297.0,6331.0,22.0221
1782478800,6329.0,6450.0,6281.0,6450.0,13.938
1782482400,6450.0,6472.0,6400.0,6424.0,24.2367
1782486000,6424.0,6530.0,6424.0,6499.0,11.8784
1782489600,6510.0,6551.0,6478.0,6490.0,6.5987
1782493200,6494.0,6527.0,6494.0,6505.0,1.395
1782496800,6515.0,6517.0,6477.0,6477.0,1.3395
1782500400,6480.0,6503.0,6480.0,6497.0,0.7008
1782504000,6484.0,6500.0,6457.0,6457.0,10.7803
1782507600,6462.0,6490.0,6455.0,6481.0,0.1874
1782511200,6479.0,6481.0,6479.0,6481.0,0.0235
1782514800,6491.0,6495.0,6483.0,6491.0,11.7749
1782518400,6495.0,6498.0,6470.0,6487.0,6.8592
1782522000,6485.0,6488.0,6485.0,6486.0,0.474
1782525600,6485.0,6518.0,6484.0,6515.0,7.7177
1782529200,6507.0,6510.0,6499.0,6501.0,6.8145
1782532800,6506.0,6515.0,6494.0,6494.0,3.2829
1782536400,6494.0,6497.0,6488.0,6497.0,0.5407
1782540000,6487.0,6502.0,6481.0,6502.0,0.3064
1782543600,6501.0,6515.0,6501.0,6514.0,0.3966
1782547200,6513.0,6514.0,6503.0,6503.0,0.1193
1782550800,6508.0,6510.0,6495.0,6502.0,1.2284
1782554400,6501.0,6505.0,6501.0,6505.0,0.2352
1782558000,6508.0,6509.0,6495.0,6509.0,2.4421
1782561600,6507.0,6515.0,6502.0,6515.0,0.842
1782565200,6515.0,6531.0,6514.0,6531.0,0.5693
1782568800,6528.0,6548.0,6528.0,6548.0,1.7344
1782572400,6549.0,6600.0,6549.0,6591.0,2.6652
1782576000,6592.0,6594.0,6582.0,6594.0,0.8356
1782579600,6600.0,6600.0,6539.0,6549.0,3.3626
1782583200,6546.0,6546.0,6532.0,6546.0,1.1279
1782586800,6552.0,6552.0,6478.0,6485.0,1.535
1782590400,6497.0,6497.0,6497.0,6497.0,0.0461
1782594000,6498.0,6505.0,6470.0,6470.0,7.6831
1782597600,6472.0,6488.0,6432.0,6488.0,4.3706
1782601200,6493.0,6493.0,6462.0,6470.0,0.6201
1782604800,6477.0,6484.0,6474.0,6474.0,0.6923
1782608400,6473.0,6480.0,6459.0,6477.0,0.7123
1782612000,6484.0,6490.0,6455.0,6460.0,1.1573
1782615600,6462.0,6463.0,6460.0,6460.0,3.2282
1782619200,6463.0,6467.0,6463.0,6465.0,0.6029
1782622800,6465.0,6465.0,6440.0,6446.0,1.7767
1782626400,6446.0,6446.0,6423.0,6441.0,1.4675
1782630000,6458.0,6474.0,6458.0,6474.0,0.5379
1782633600,6474.0,6502.0,6473.0,6502.0,3.1194
1782637200,6501.0,6502.0,6488.0,6488.0,0.5591
1782640800,6487.0,6487.0,6468.0,6470.0,0.5782
1782644400,6490.0,6497.0,6474.0,6497.0,1.6872
1782648000,6491.0,6501.0,6480.0,6497.0,1.3108
1782651600,6480.0,6490.0,6470.0,6488.0,0.81
1782655200,6481.0,6498.0,6481.0,6492.0,0.6356
1782658800,6492.0,6498.0,6473.0,6489.0,15.7738
1782662400,6486.0,6486.0,6445.0,6447.0,2.1938
1782666000,6444.0,6444.0,6436.0,6436.0,0.4142
1782669600,6451.0,6455.0,6451.0,6455.0,0.2091
1782673200,6450.0,6450.0,6405.0,6406.0,4.22
1782676800,6460.0,6465.0,6456.0,6456.0,0.0811
1782680400,6456.0,6456.0,6420.0,6420.0,0.2041
1782684000,6467.0,6481.0,6375.0,6385.0,12.693
1782687600,6416.0,6476.0,6416.0,6465.0,7.1881
1782691200,6450.0,6461.0,6385.0,6432.0,54.3148
1782694800,6435.0,6435.0,6387.0,6413.0,3.3266
1782698400,6408.0,6431.0,6351.0,6427.0,20.3077
1782702000,6436.0,6467.0,6432.0,6454.0,2.9941
1782705600,6450.0,6450.0,6429.0,6429.0,1.8612
1782709200,6428.0,6444.0,6383.0,6444.0,13.753
1782712800,6445.0,6464.0,6436.0,6445.0,3.8151
1782716400,6443.0,6445.0,6431.0,6445.0,2.4143
1782720000,6438.0,6439.0,6413.0,6423.0,5.8543
1782723600,6418.0,6433.0,6408.0,6416.0,38.68
1782727200,6420.0,6451.0,6420.0,6429.0,32.3532
1782730800,6425.0,6430.0,6385.0,6404.0,39.5249
1782734400,6404.0,6489.0,6393.0,6418.0,4.8633
1782738000,6419.0,6458.0,6387.0,6391.0,9.7297
1782741600,6395.0,6420.0,6346.0,6407.0,129.1576
1782745200,6397.0,6454.0,6375.0,6451.0,6.3033
1782748800,6451.0,6463.0,6430.0,6463.0,1.7174
1782752400,6467.0,6638.0,6467.0,6634.0,10.4337
1782756000,6625.0,6626.0,6594.0,6599.0,9.0441
1782759600,6594.0,6611.0,6594.0,6611.0,1.0982
1782763200,6588.0,6588.0,6588.0,6588.0,0.0155
1782766800,6586.0,6586.0,6568.0,6583.0,3.8164
1782770400,6587.0,6587.0,6562.0,6566.0,3.378
1782774000,6565.0,6565.0,6549.0,6556.0,0.5828
1782777600,6556.0,6556.0,6489.0,6489.0,4.1809
1782781200,6489.0,6489.0,6467.0,6472.0,1.9804
1782784800,6470.0,6482.0,6459.0,6482.0,14.7534
1782788400,6482.0,6490.0,6482.0,6482.0,2.0851
1782792000,6482.0,6489.0,6456.0,6483.0,17.7872
1782795600,6483.0,6489.0,6475.0,6489.0,1.281
1782799200,6489.0,6502.0,6488.0,6502.0,9.8368
1782802800,6501.0,6506.0,6495.0,6498.0,2.0139
1782806400,6502.0,6507.0,6451.0,6451.0,27.8466
1782810000,6451.0,6480.0,6444.0,6480.0,7.4901
1782813600,6480.0,6490.0,6472.0,6482.0,8.5136
1782817200,6483.0,6489.0,6460.0,6461.0,2.1855
1782820800,6457.0,6457.0,6380.0,6380.0,5.9903
1782824400,6374.0,6411.0,6374.0,6410.0,28.9977
1782828000,6417.0,6451.0,6406.0,6406.0,13.387
1782831600,6406.0,6448.0,6400.0,6419.0,8.7361
1782835200,6425.0,6455.0,6406.0,6455.0,4.5477
1782838800,6442.0,6449.0,6435.0,6441.0,0.3373
1782842400,6441.0,6471.0,6441.0,6452.0,0.928
1782846000,6478.0,6478.0,6478.0,6478.0,0.0037
1782849600,6475.0,6475.0,6460.0,6460.0,1.4775
1782853200,6464.0,6464.0,6445.0,6445.0,1.1268
1782856800,6450.0,6457.0,6433.0,6434.0,1.2593
1782860400,6431.0,6445.0,6431.0,6445.0,2.6596
1782864000,6447.0,6451.0,6430.0,6447.0,21.8317
1782867600,6445.0,6488.0,6376.0,6471.0,10.9527
1782871200,6472.0,6513.0,6458.0,6503.0,1.4731
1782874800,6503.0,6546.0,6500.0,6542.0,9.1164
1782878400,6536.0,6563.0,6524.0,6559.0,4.3465
1782882000,6557.0,6557.0,6510.0,6529.0,4.2486
1782885600,6533.0,6533.0,6452.0,6464.0,1.0791
1782889200,6462.0,6473.0,6458.0,6473.0,3.1434
1782892800,6472.0,6476.0,6450.0,6476.0,6.7518
1782896400,6487.0,6499.0,6485.0,6485.0,13.8564
1782900000,6483.0,6484.0,6457.0,6459.0,4.9274
1782903600,6461.0,6461.0,6437.0,6437.0,3.1685
1782907200,6440.0,6451.0,6433.0,6442.0,2.6896
1782910800,6452.0,6549.0,6451.0,6549.0,4.9545
1782914400,6550.0,6621.0,6543.0,6566.0,50.2437
1782918000,6579.0,6681.0,6579.0,6640.0,5.0607
1782921600,6639.0,6650.0,6617.0,6619.0,9.4616
1782925200,6618.0,6646.0,6610.0,6646.0,0.6353
1782928800,6635.0,6638.0,6628.0,6628.0,0.6408
1782932400,6643.0,6643.0,6630.0,6630.0,1.6666
1782936000,6612.0,6627.0,6612.0,6627.0,0.6447
1782939600,6628.0,6690.0,6628.0,6690.0,0.1497
1782943200,6676.0,6725.0,6637.0,6637.0,15.7186
1782946800,6628.0,6631.0,6594.0,6594.0,1.864
1782950400,6592.0,6592.0,6557.0,6565.0,17.947
1782954000,6568.0,6638.0,6567.0,6628.0,4.9842
1782957600,6625.0,6639.0,6621.0,6637.0,1.395
1782961200,6635.0,6698.0,6629.0,6698.0,16.1185
1782964800,6692.0,6692.0,6664.0,6673.0,22.1088
1782968400,6665.0,6669.0,6646.0,6649.0,0.8063
1782972000,6645.0,6655.0,6617.0,6620.0,12.5475
1782975600,6617.0,6617.0,6595.0,6595.0,10.4498
1782979200,6592.0,6619.0,6592.0,6618.0,2.4137
1782982800,6618.0,6708.0,6612.0,6708.0,2.2369
1782986400,6699.0,6719.0,6697.0,6715.0,10.2251
1782990000,6714.0,6743.0,6714.0,6718.0,9.1748
1782993600,6724.0,6790.0,6724.0,6787.0,5.6184
1782997200,6788.0,6978.0,6786.0,6973.0,40.8621
1783000800,6975.0,7015.0,6917.0,6925.0,17.8101
1783004400,6933.0,6943.0,6898.0,6930.0,4.159
1783008000,6921.0,6935.0,6890.0,6926.0,2.387
1783011600,6928.0,6941.0,6892.0,6918.0,1.2124
1783015200,6937.0,6946.0,6936.0,6946.0,1.6221
1783018800,6936.0,6936.0,6925.0,6926.0,1.8149
1783022400,6936.0,6936.0,6918.0,6933.0,0.2425
1783026000,6934.0,6945.0,6934.0,6943.0,0.645
1783029600,6921.0,6924.0,6915.0,6922.0,3.1001
1783033200,6922.0,6923.0,6908.0,6923.0,0.3836
1783036800,6923.0,6925.0,6913.0,6916.0,1.173
1783040400,6912.0,6981.0,6912.0,6974.0,26.9876
1783044000,6965.0,6966.0,6918.0,6921.0,8.7685
1783047600,6928.0,6961.0,6920.0,6946.0,3.6606
1783051200,6953.0,6953.0,6938.0,6943.0,1.764
1783054800,6935.0,6984.0,6935.0,6984.0,6.3293
1783058400,6976.0,6994.0,6975.0,6978.0,1.2971
1783062000,6978.0,6999.0,6978.0,6999.0,1.8494
1783065600,6992.0,7038.0,6987.0,7001.0,19.1281
1783069200,7008.0,7041.0,7008.0,7038.0,1.8746
1783072800,7038.0,7106.0,7038.0,7106.0,11.9557
1783076400,7091.0,7106.0,7090.0,7096.0,4.4032
1783080000,7098.0,7099.0,7060.0,7064.0,1.3935
1783083600,7064.0,7128.0,7064.0,7117.0,7.8403
1783087200,7112.0,7112.0,7051.0,7080.0,9.3136
1783090800,7079.0,7101.0,7046.0,7046.0,2.3786
1783094400,7048.0,7053.0,7045.0,7052.0,1.6392
1783098000,7053.0,7079.0,7053.0,7079.0,5.3244
1783101600,7070.0,7070.0,7070.0,7070.0,0.0143
1783105200,7069.0,7115.0,7069.0,7098.0,2.3407
1783108800,7096.0,7192.0,7096.0,7175.0,35.6899
1783112400,7178.0,7199.0,7152.0,7175.0,0.6267
1783116000,7171.0,7171.0,7149.0,7150.0,0.3619
1783119600,7148.0,7154.0,7148.0,7148.0,0.5829
1783123200,7148.0,7163.0,7148.0,7152.0,8.7327
1783126800,7149.0,7149.0,7105.0,7112.0,5.1964
1783130400,7108.0,7126.0,7108.0,7126.0,2.276
1783134000,7116.0,7138.0,7114.0,7138.0,3.1792
1783137600,7138.0,7169.0,7134.0,7162.0,3.361
1783141200,7161.0,7161.0,7148.0,7150.0,13.2405
1783144800,7160.0,7161.0,7148.0,7148.0,5.4821
1783148400,7149.0,7158.0,7141.0,7151.0,8.1633
1783152000,7157.0,7174.0,7155.0,7174.0,0.6979
1783155600,7166.0,7175.0,7151.0,7156.0,7.2255
1783159200,7160.0,7162.0,7160.0,7162.0,0.1308
1783162800,7160.0,7162.0,7156.0,7158.0,0.24
1783166400,7162.0,7177.0,7162.0,7175.0,0.5489
1783170000,7177.0,7220.0,7176.0,7181.0,13.6617
1783173600,7193.0,7213.0,7193.0,7207.0,7.6385
1783177200,7219.0,7303.0,7219.0,7291.0,26.5214
1783180800,7291.0,7292.0,7265.0,7288.0,24.1519
1783184400,7288.0,7329.0,7241.0,7316.0,4.8537
1783188000,7320.0,7500.0,7305.0,7305.0,62.6594
1783191600,7303.0,7311.0,7303.0,7304.0,0.252
1783195200,7310.0,7310.0,7281.0,7281.0,0.7375
1783198800,7281.0,7297.0,7280.0,7286.0,5.9194
1783202400,7285.0,7285.0,7285.0,7285.0,8.6305
1783206000,7285.0,7285.0,7244.0,7252.0,2.4299
1783209600,7241.0,7242.0,7226.0,7226.0,0.6499
1783213200,7222.0,7228.0,7190.0,7199.0,1.9295
1783216800,7198.0,7198.0,7168.0,7168.0,15.3355
1783220400,7174.0,7182.0,7171.0,7172.0,6.8542
1783224000,7172.0,7200.0,7171.0,7200.0,3.5156
1783227600,7200.0,7200.0,7195.0,7195.0,7.8963
1783231200,7194.0,7197.0,7194.0,7196.0,0.5145
1783234800,7195.0,7204.0,7195.0,7204.0,2.7857
1783238400,7211.0,7213.0,7205.0,7206.0,1.5913
1783242000,7204.0,7205.0,7150.0,7165.0,0.8823
1783245600,7159.0,7172.0,7159.0,7172.0,2.282
1783249200,7172.0,7189.0,7172.0,7178.0,0.9469
1783252800,7178.0,7199.0,7167.0,7193.0,4.1041
1783256400,7193.0,7194.0,7186.0,7191.0,1.2033
1783260000,7191.0,7212.0,7191.0,7212.0,1.9636
1783263600,7214.0,7242.0,7214.0,7230.0,7.3169
1783267200,7230.0,7230.0,7221.0,7221.0,2.8705
1783270800,7225.0,7255.0,7225.0,7251.0,1.1419
1783274400,7252.0,7267.0,7252.0,7267.0,0.1806
1783278000,7261.0,7266.0,7259.0,7259.0,0.5034
1783281600,7258.0,7261.0,7244.0,7244.0,0.1663
1783285200,7244.0,7300.0,7228.0,7300.0,6.4802
1783288800,7278.0,7348.0,7278.0,7285.0,8.9881
1783292400,7287.0,7343.0,7272.0,7273.0,2.9541
1783296000,7273.0,7294.0,7244.0,7294.0,11.1899
1783299600,7293.0,7316.0,7280.0,7280.0,3.405
1783303200,7280.0,7281.0,7260.0,7261.0,2.7821
1783306800,7263.0,7263.0,7232.0,7238.0,6.9787
1783310400,7238.0,7257.0,7238.0,7256.0,3.7616
1783314000,7244.0,7244.0,7206.0,7236.0,3.2163
1783317600,7233.0,7233.0,7223.0,7223.0,3.3875
1783321200,7223.0,7229.0,7212.0,7228.0,5.5574
1783324800,7231.0,7239.0,7200.0,7201.0,8.0185
1783328400,7201.0,7201.0,7174.0,7178.0,1.6687
1783332000,7189.0,7229.0,7189.0,7229.0,3.472
1783335600,7228.0,7243.0,7197.0,7197.0,1.5082
1783339200,7185.0,7185.0,7087.0,7121.0,19.4268
1783342800,7110.0,7155.0,7080.0,7144.0,15.4727
1783346400,7141.0,7187.0,7131.0,7157.0,4.0386
1783350000,7160.0,7296.0,7160.0,7296.0,2.8374
1783353600,7297.0,7368.0,7297.0,7329.0,84.8944
1783357200,7318.0,7336.0,7306.0,7306.0,9.6628
1783360800,7308.0,7325.0,7308.0,7324.0,1.649
1783364400,7331.0,7331.0,7322.0,7322.0,0.8532
1783368000,7320.0,7324.0,7301.0,7324.0,7.641
1783371600,7321.0,7450.0,7321.0,7411.0,58.7894
1783375200,7407.0,7407.0,7371.0,7377.0,1.7794
1783378800,7373.0,7373.0,7349.0,7349.0,12.5935
1783382400,7348.0,7371.0,7334.0,7369.0,13.1709
1783386000,7361.0,7361.0,7320.0,7326.0,0.2933
1783389600,7323.0,7323.0,7279.0,7283.0,3.7778
1783393200,7255.0,7255.0,7239.0,7240.0,0.1943
1783396800,7239.0,7239.0,7219.0,7220.0,1.636
1783400400,7219.0,7241.0,7199.0,7241.0,7.4771
1783404000,7239.0,7266.0,7225.0,7266.0,1.8409
1783407600,7269.0,7278.0,7247.0,7248.0,1.4859
1783411200,7239.0,7244.0,7225.0,7228.0,0.3955
1783414800,7228.0,7255.0,7228.0,7255.0,0.8369
1783418400,7258.0,7268.0,7255.0,7256.0,1.937
1783422000,7255.0,7273.0,7228.0,7268.0,2.1787
1783425600,7269.0,7319.0,7269.0,7276.0,1.8364
1783429200,7262.0,7262.0,7221.0,7221.0,1.3415
1783432800,7220.0,7300.0,7205.0,7300.0,4.5292
1783436400,7304.0,7345.0,7284.0,7337.0,6.8123
1783440000,7330.0,7392.0,7325.0,7383.0,11.9404
1783443600,7362.0,7377.0,7351.0,7377.0,1.4406
1783447200,7386.0,7390.0,7304.0,7304.0,1.2987
1783450800,7300.0,7300.0,7260.0,7271.0,18.6636
1783454400,7298.0,7298.0,7298.0,7298.0,0.6707
1783458000,7299.0,7299.0,7250.0,7250.0,2.402
1783461600,7262.0,7262.0,7254.0,7254.0,0.0433
1783465200,7261.0,7273.0,7246.0,7246.0,0.4978
1783468800,7256.0,7287.0,7254.0,7277.0,4.0819
1783472400,7279.0,7279.0,7183.0,7186.0,6.1621
1783476000,7183.0,7194.0,7145.0,7194.0,12.128
1783479600,7196.0,7209.0,7162.0,7162.0,3.4138
1783483200,7161.0,7183.0,7161.0,7172.0,1.186
1783486800,7181.0,7181.0,7161.0,7166.0,8.5109
1783490400,7163.0,7163.0,7151.0,7160.0,4.7731
1783494000,7150.0,7170.0,7150.0,7170.0,4.4285
1783497600,7169.0,7169.0,7060.0,7089.0,8.2207
1783501200,7095.0,7109.0,7078.0,7108.0,13.9003
1783504800,7108.0,7108.0,7106.0,7108.0,16.2548
1783508400,7108.0,7145.0,7102.0,7141.0,8.0325
1783512000,7136.0,7146.0,7128.0,7128.0,4.9081
1783515600,7113.0,7118.0,7085.0,7103.0,3.213
1783519200,7103.0,7114.0,7056.0,7071.0,8.0182
1783522800,7059.0,7060.0,7016.0,7038.0,1.858
1783526400,7051.0,7100.0,7046.0,7100.0,1.7047
1783530000,7091.0,7116.0,7084.0,7084.0,0.118
1783533600,7103.0,7103.0,7084.0,7084.0,0.7555
1783537200,7103.0,7103.0,7103.0,7103.0,0.0035
1783540800,7103.0,7103.0,7103.0,7103.0,0.0
1783544400,7106.0,7106.0,7096.0,7104.0,0.3984
1783548000,7105.0,7122.0,7102.0,7113.0,1.411
1783551600,7116.0,7121.0,7111.0,7115.0,2.5675
1783555200,7129.0,7129.0,7102.0,7102.0,0.7645
1783558800,7104.0,7158.0,7078.0,7078.0,3.7848
1783562400,7076.0,7103.0,7061.0,7063.0,3.8741
1783566000,7057.0,7089.0,7057.0,7074.0,7.8124
1783569600,7103.0,7103.0,7103.0,7103.0,0.0327
1783573200,7125.0,7142.0,7119.0,7142.0,1.7383
1783576800,7144.0,7164.0,7140.0,7164.0,1.2761
1783580400,7170.0,7179.0,7158.0,7173.0,0.8319
1783584000,7157.0,7171.0,7157.0,7161.0,5.4662
1783587600,7158.0,7161.0,7151.0,7151.0,2.4665
1783591200,7165.0,7168.0,7138.0,7138.0,9.1372
1783594800,7131.0,7131.0,7115.0,7120.0,0.8537
1783598400,7118.0,7118.0,7100.0,7108.0,1.5354
1783602000,7141.0,7146.0,7111.0,7146.0,22.506
1783605600,7140.0,7140.0,7103.0,7108.0,2.1653
1783609200,7128.0,7139.0,7125.0,7125.0,13.814
1783612800,7123.0,7123.0,7101.0,7110.0,1.1346
1783616400,7137.0,7161.0,7134.0,7158.0,1.4241
1783620000,7165.0,7188.0,7165.0,7168.0,7.8417
1783623600,7168.0,7168.0,7150.0,7155.0,2.9027
1783627200,7154.0,7154.0,7145.0,7145.0,0.0454
1783630800,7153.0,7153.0,7143.0,7150.0,7.4856
1783634400,7152.0,7152.0,7147.0,7147.0,0.0497
1783638000,7147.0,7148.0,7132.0,7148.0,1.7853
1783641600,7137.0,7137.0,7110.0,7118.0,2.3608
1783645200,7126.0,7244.0,7126.0,7244.0,10.1583
1783648800,7211.0,7218.0,7196.0,7217.0,1.0253
1783652400,7220.0,7229.0,7207.0,7229.0,1.3243
1783656000,7231.0,7239.0,7224.0,7228.0,0.646
1783659600,7225.0,7242.0,7222.0,7232.0,11.5344
1783663200,7232.0,7242.0,7231.0,7231.0,6.3245
1783666800,7232.0,7232.0,7231.0,7231.0,2.5161
1783670400,7232.0,7277.0,7231.0,7262.0,3.4049
1783674000,7262.0,7299.0,7256.0,7297.0,0.7104
1783677600,7298.0,7325.0,7295.0,7324.0,4.7153
1783681200,7326.0,7326.0,7312.0,7326.0,5.0809
1783684800,7324.0,7337.0,7307.0,7309.0,11.8429
1783688400,7313.0,7360.0,7313.0,7360.0,4.3233
1783692000,7345.0,7345.0,7255.0,7282.0,11.1778
1783695600,7281.0,7315.0,7281.0,7289.0,24.1916
1783699200,7295.0,7320.0,7295.0,7320.0,5.3963
1783702800,7308.0,7308.0,7304.0,7304.0,0.0733
1783706400,7295.0,7295.0,7275.0,7276.0,2.2031
1783710000,7276.0,7299.0,7276.0,7299.0,0.1446
1783713600,7298.0,7298.0,7298.0,7298.0,0.0176
1783717200,7286.0,7298.0,7286.0,7298.0,0.2338
1783720800,7298.0,7298.0,7298.0,7298.0,0.5906
1783724400,7297.0,7314.0,7297.0,7314.0,5.352
1783728000,7314.0,7314.0,7294.0,7299.0,0.2656
1783731600,7300.0,7313.0,7295.0,7301.0,9.4886
1783735200,7294.0,7308.0,7291.0,7308.0,1.7139
1783738800,7315.0,7319.0,7310.0,7319.0,0.2109
1783742400,7317.0,7326.0,7316.0,7323.0,0.2631
1783746000,7320.0,7328.0,7320.0,7327.0,0.4095
1783749600,7323.0,7333.0,7322.0,7330.0,1.4599
1783753200,7330.0,7336.0,7330.0,7335.0,3.1003
1783756800,7335.0,7341.0,7335.0,7340.0,0.4609
1783760400,7332.0,7333.0,7332.0,7333.0,5.3309
1783764000,7331.0,7334.0,7330.0,7334.0,2.0082
1783767600,7334.0,7342.0,7333.0,7340.0,1.0499
1783771200,7342.0,7343.0,7336.0,7342.0,1.4554
1783774800,7338.0,7350.0,7337.0,7350.0,5.609
1783778400,7349.0,7390.0,7349.0,7388.0,2.1029
1783782000,7389.0,7437.0,7387.0,7397.0,11.8686
1783785600,7397.0,7419.0,7391.0,7419.0,17.2856
1783789200,7420.0,7440.0,7417.0,7440.0,1.3537
1783792800,7435.0,7441.0,7432.0,7432.0,2.3678
1783796400,7428.0,7432.0,7418.0,7418.0,0.0533
1783800000,7429.0,7441.0,7429.0,7436.0,0.0865
1783803600,7435.0,7437.0,7433.0,7433.0,0.4816
1783807200,7433.0,7433.0,7386.0,7391.0,1.0325
1783810800,7388.0,7388.0,7285.0,7306.0,6.5304
1783814400,7294.0,7294.0,7267.0,7290.0,9.5654
1783818000,7290.0,7359.0,7290.0,7359.0,9.8425
1783821600,7355.0,7355.0,7346.0,7350.0,4.835
1783825200,7349.0,7368.0,7349.0,7365.0,0.6958
1783828800,7368.0,7370.0,7352.0,7352.0,1.4427
1783832400,7352.0,7353.0,7347.0,7349.0,1.3559
1783836000,7348.0,7348.0,7307.0,7313.0,3.4383
1783839600,7318.0,7323.0,7318.0,7323.0,0.3554
1783843200,7326.0,7361.0,7326.0,7351.0,0.3196
1783846800,7351.0,7351.0,7334.0,7347.0,0.9552
1783850400,7346.0,7346.0,7338.0,7338.0,0.7333
1783854000,7338.0,7353.0,7333.0,7353.0,0.4613
1783857600,7351.0,7363.0,7351.0,7363.0,0.3813
1783861200,7363.0,7367.0,7359.0,7363.0,0.8865
1783864800,7359.0,7413.0,7356.0,7413.0,3.109
1783868400,7407.0,7424.0,7406.0,7418.0,1.6568
1783872000,7419.0,7422.0,7412.0,7416.0,1.5237
1783875600,7420.0,7420.0,7411.0,7411.0,0.2177
1783879200,7406.0,7417.0,7400.0,7417.0,12.4513
1783882800,7417.0,7417.0,7417.0,7417.0,0.0
1783886400,7411.0,7411.0,7411.0,7411.0,0.5392
1783890000,7415.0,7417.0,7389.0,7389.0,1.3623
1783893600,7378.0,7378.0,7340.0,7349.0,1.3527
1783897200,7348.0,7365.0,7348.0,7364.0,0.3343
1783900800,7362.0,7500.0,7362.0,7442.0,15.5728
1783904400,7448.0,7448.0,7378.0,7378.0,7.3094
1783908000,7373.0,7397.0,7353.0,7377.0,1.0002
1783911600,7369.0,7369.0,7265.0,7273.0,3.1305
1783915200,7268.0,7288.0,7260.0,7275.0,3.0272
1783918800,7274.0,7296.0,7251.0,7275.0,22.6371
1783922400,7277.0,7279.0,7255.0,7267.0,12.0258
1783926000,7263.0,7306.0,7260.0,7306.0,3.8032
1783929600,7292.0,7317.0,7292.0,7317.0,0.4074
1783933200,7307.0,7307.0,7305.0,7305.0,1.6795
1783936800,7300.0,7300.0,7273.0,7273.0,5.5211
1783940400,7276.0,7287.0,7276.0,7287.0,0.1386
1783944000,7284.0,7284.0,7240.0,7241.0,6.523
1783947600,7243.0,7256.0,7225.0,7240.0,2.4971
1783951200,7247.0,7266.0,7217.0,7266.0,5.3839
1783954800,7279.0,7286.0,7262.0,7263.0,24.5068
1783958400,7263.0,7271.0,7230.0,7244.0,1.2093
1783962000,7243.0,7255.0,7196.0,7196.0,5.6236
1783965600,7177.0,7216.0,7167.0,7216.0,10.0842
1783969200,7217.0,7239.0,7217.0,7239.0,0.715
1783972800,7250.0,7250.0,7215.0,7215.0,0.1108
1783976400,7220.0,7220.0,7174.0,7185.0,1.1668
1783980000,7201.0,7220.0,7201.0,7202.0,1.8385
1783983600,7212.0,7250.0,7212.0,7250.0,1.7645
1783987200,7252.0,7286.0,7249.0,7286.0,7.8821
1783990800,7293.0,7314.0,7290.0,7294.0,2.5566
1783994400,7291.0,7305.0,7266.0,7285.0,0.4757
1783998000,7273.0,7283.0,7262.0,7277.0,2.2001
1784001600,7285.0,7304.0,7285.0,7298.0,1.2299
1784005200,7295.0,7322.0,7295.0,7304.0,4.8815
1784008800,7304.0,7304.0,7290.0,7290.0,2.5497
1784012400,7290.0,7292.0,7281.0,7287.0,10.2162
1784016000,7284.0,7308.0,7280.0,7298.0,5.3505
1784019600,7298.0,7305.0,7297.0,7298.0,0.2179
1784023200,7297.0,7361.0,7297.0,7361.0,0.6947
1784026800,7347.0,7353.0,7347.0,7351.0,0.1672
1784030400,7345.0,7595.0,7340.0,7595.0,75.9334
1784034000,7595.0,7678.0,7580.0,7642.0,39.102
1784037600,7642.0,7662.0,7600.0,7662.0,26.2713
1784041200,7675.0,7683.0,7652.0,7652.0,16.4434
1784044800,7651.0,7653.0,7631.0,7643.0,2.977
1784048400,7632.0,7632.0,7606.0,7619.0,3.8505
1784052000,7620.0,7642.0,7620.0,7642.0,1.2464
1784055600,7644.0,7650.0,7644.0,7649.0,1.2922
1784059200,7649.0,7650.0,7647.0,7647.0,0.2607
1784062800,7646.0,7650.0,7645.0,7645.0,0.138
1784066400,7645.0,7700.0,7644.0,7694.0,22.2693
1784070000,7680.0,7696.0,7667.0,7695.0,10.5653
1784073600,7696.0,7696.0,7651.0,7658.0,2.7399
1784077200,7658.0,7658.0,7612.0,7614.0,10.8043
1784080800,7614.0,7614.0,7600.0,7600.0,6.6433
1784084400,7600.0,7630.0,7600.0,7630.0,0.8923
1784088000,7631.0,7638.0,7631.0,7638.0,0.8597
1784091600,7636.0,7637.0,7617.0,7637.0,1.1443
1784095200,7651.0,7680.0,7640.0,7640.0,2.0954
1784098800,7639.0,7639.0,7593.0,7611.0,20.1826
1784102400,7611.0,7643.0,7611.0,7643.0,6.6367
1784106000,7646.0,7668.0,7646.0,7665.0,5.4695
1784109600,7660.0,7676.0,7646.0,7659.0,2.5481
1784113200,7658.0,7679.0,7658.0,7679.0,0.7531
1784116800,7679.0,7847.0,7674.0,7847.0,34.7663
1784120400,7847.0,7913.0,7819.0,7819.0,27.2144
1784124000,7847.0,7869.0,7833.0,7864.0,13.8734
1784127600,7864.0,7880.0,7854.0,7872.0,44.0316
1784131200,7872.0,7872.0,7776.0,7805.0,24.6239
1784134800,7826.0,7860.0,7826.0,7849.0,1.3225
1784138400,7856.0,7882.0,7851.0,7853.0,2.2091
1784142000,7843.0,7843.0,7835.0,7839.0,0.4446
1784145600,7836.0,7855.0,7835.0,7842.0,0.6255
1784149200,7837.0,7837.0,7833.0,7833.0,0.0521
1784152800,7830.0,7841.0,7826.0,7831.0,1.1044
1784156400,7836.0,7837.0,7806.0,7814.0,2.0133
1784160000,7813.0,7828.0,7793.0,7800.0,1.9064
1784163600,7800.0,7837.0,7781.0,7837.0,9.4268
1784167200,7829.0,7837.0,7828.0,7837.0,2.4778
1784170800,7842.0,7860.0,7833.0,7834.0,19.8288
1784174400,7833.0,7833.0,7820.0,7822.0,1.7438
1784178000,7820.0,7838.0,7817.0,7838.0,3.0805
1784181600,7838.0,7838.0,7811.0,7830.0,22.7371
1784185200,7831.0,7831.0,7773.0,7779.0,6.9623
1784188800,7788.0,7788.0,7661.0,7684.0,21.8548
1784192400,7689.0,7699.0,7684.0,7685.0,1.881
1784196000,7686.0,7700.0,7686.0,7699.0,1.0618
1784199600,7700.0,7700.0,7693.0,7695.0,17.3842
1784203200,7691.0,7691.0,7645.0,7651.0,4.8028
1784206800,7654.0,7700.0,7654.0,7690.0,14.2742
1784210400,7689.0,7716.0,7670.0,7670.0,5.9607
1784214000,7666.0,7718.0,7653.0,7685.0,8.8168
1784217600,7673.0,7683.0,7667.0,7679.0,2.5685
1784221200,7669.0,7669.0,7632.0,7639.0,1.549
1784224800,7665.0,7665.0,7665.0,7665.0,0.113
1784228400,7659.0,7659.0,7659.0,7659.0,0.0569
1784232000,7659.0,7659.0,7659.0,7659.0,0.0
1784235600,7654.0,7671.0,7654.0,7671.0,1.2319
1784239200,7677.0,7677.0,7641.0,7641.0,4.7234
1784242800,7635.0,7635.0,7605.0,7623.0,5.9864
1784246400,7619.0,7620.0,7568.0,7620.0,3.8009
1784250000,7641.0,7643.0,7568.0,7573.0,8.7687
1784253600,7575.0,7582.0,7553.0,7554.0,4.6381
1784257200,7562.0,7600.0,7562.0,7588.0,11.3776
1784260800,7586.0,7587.0,7543.0,7574.0,22.5537
1784264400,7573.0,7574.0,7472.0,7472.0,21.9626
1784268000,7472.0,7504.0,7471.0,7498.0,3.1615
1784271600,7498.0,7499.0,7488.0,7490.0,5.259
1784275200,7489.0,7495.0,7477.0,7494.0,3.6885
1784278800,7498.0,7519.0,7495.0,7519.0,4.4696
1784282400,7525.0,7537.0,7521.0,7535.0,1.157
1784286000,7528.0,7550.0,7528.0,7547.0,6.1305
1784289600,7530.0,7530.0,7515.0,7515.0,0.2241
1784293200,7510.0,7510.0,7424.0,7497.0,8.6144
1784296800,7498.0,7527.0,7483.0,7495.0,6.0685
1784300400,7491.0,7524.0,7450.0,7524.0,11.3351
1784304000,7516.0,7557.0,7516.0,7557.0,1.0608
1784307600,7552.0,7617.0,7552.0,7576.0,38.5348
1784311200,7560.0,7575.0,7552.0,7575.0,0.6759
1784314800,7542.0,7556.0,7542.0,7556.0,0.5211
1784318400,7550.0,7550.0,7550.0,7550.0,0.0154
1784322000,7554.0,7559.0,7549.0,7549.0,0.0858
1784325600,7548.0,7548.0,7538.0,7538.0,0.6387
1784329200,7538.0,7546.0,7531.0,7546.0,0.6897
1784332800,7546.0,7550.0,7546.0,7549.0,0.2262
1784336400,7548.0,7551.0,7547.0,7550.0,1.0331
1784340000,7549.0,7553.0,7549.0,7551.0,15.3464
1784343600,7550.0,7551.0,7550.0,7551.0,0.2237
1784347200,7552.0,7585.0,7552.0,7577.0,29.5516
1784350800,7578.0,7604.0,7578.0,7601.0,19.6264
1784354400,7600.0,7600.0,7586.0,7590.0,1.006
1784358000,7592.0,7592.0,7589.0,7589.0,0.7993
1784361600,7589.0,7602.0,7589.0,7602.0,1.8838
1784365200,7602.0,7602.0,7591.0,7597.0,2.5614
1784368800,7597.0,7597.0,7597.0,7597.0,1.2539
1784372400,7597.0,7597.0,7596.0,7597.0,3.5061
1784376000,7603.0,7603.0,7587.0,7599.0,1.1103
1784379600,7596.0,7596.0,7581.0,7582.0,1.2965
1784383200,7581.0,7622.0,7581.0,7606.0,56.5104
1784386800,7607.0,7607.0,7598.0,7598.0,0.8817
1784390400,7595.0,7595.0,7590.0,7590.0,2.8951
1784394000,7596.0,7613.0,7596.0,7613.0,0.058
1784397600,7620.0,7665.0,7620.0,7646.0,7.361
1784401200,7655.0,7660.0,7649.0,7649.0,0.7754
1784404800,7653.0,7653.0,7648.0,7648.0,3.4292
1784408400,7646.0,7658.0,7645.0,7658.0,2.0831
1784412000,7672.0,7672.0,7670.0,7671.0,0.5167
1784415600,7673.0,7676.0,7665.0,7666.0,0.5971
1784419200,7670.0,7671.0,7666.0,7667.0,2.0437
1784422800,7667.0,7667.0,7655.0,7657.0,0.2008
1784426400,7665.0,7707.0,7665.0,7707.0,3.6745
1784430000,7700.0,7700.0,7668.0,7682.0,1.2106
1784433600,7683.0,7691.0,7679.0,7686.0,3.2077
1784437200,7690.0,7692.0,7683.0,7692.0,0.6359
1784440800,7691.0,7694.0,7691.0,7691.0,4.1743
1784444400,7692.0,7698.0,7690.0,7695.0,2.728
1784448000,7695.0,7716.0,7690.0,7716.0,2.5465
1784451600,7712.0,7712.0,7682.0,7682.0,4.6734
1784455200,7681.0,7714.0,7681.0,7707.0,17.8593
1784458800,7711.0,7720.0,7710.0,7711.0,1.7966
1784462400,7710.0,7710.0,7680.0,7700.0,2.1109
1784466000,7688.0,7698.0,7683.0,7698.0,1.8571
1784469600,7699.0,7707.0,7689.0,7707.0,2.1894
1784473200,7707.0,7707.0,7683.0,7695.0,0.2681
1784476800,7687.0,7687.0,7667.0,7667.0,0.6501
1784480400,7667.0,7679.0,7639.0,7668.0,1.606
1784484000,7667.0,7667.0,7620.0,7630.0,0.3947
1784487600,7631.0,7631.0,7631.0,7631.0,0.0137
1784491200,7642.0,7643.0,7639.0,7643.0,1.0223
1784494800,7648.0,7652.0,7623.0,7629.0,4.3442
1784498400,7630.0,7682.0,7630.0,7673.0,11.7363
1784502000,7672.0,7682.0,7662.0,7681.0,7.4711
1784505600,7678.0,7749.0,7650.0,7650.0,2.7392
1784509200,7682.0,7722.0,7667.0,7667.0,5.3012
1784512800,7671.0,7710.0,7671.0,7710.0,0.8608
1784516400,7710.0,7710.0,7680.0,7702.0,1.2378
1784520000,7708.0,7708.0,7681.0,7681.0,1.2147
1784523600,7678.0,7678.0,7617.0,7619.0,1.9427
1784527200,7619.0,7622.0,7577.0,7594.0,11.8579
1784530800,7601.0,7633.0,7598.0,7633.0,3.7058
1784534400,7636.0,7646.0,7609.0,7609.0,0.78
1784538000,7619.0,7639.0,7619.0,7639.0,0.183
1784541600,7649.0,7664.0,7645.0,7663.0,0.6923
1784545200,7678.0,7763.0,7678.0,7763.0,5.0056
1784548800,7766.0,7766.0,7693.0,7693.0,2.2855
1784552400,7685.0,7685.0,7672.0,7672.0,0.2405
1784556000,7640.0,7663.0,7606.0,7650.0,6.6793
1784559600,7682.0,7792.0,7682.0,7790.0,11.38
1784563200,7785.0,7798.0,7762.0,7783.0,1.2427
1784566800,7780.0,7780.0,7772.0,7772.0,3.6691
1784570400,7797.0,7836.0,7778.0,7778.0,8.4715
1784574000,7770.0,7770.0,7761.0,7761.0,0.0338
1784577600,7777.0,7799.0,7777.0,7795.0,0.6905
1784581200,7794.0,7799.0,7794.0,7799.0,0.0321
1784584800,7782.0,7782.0,7765.0,7765.0,6.496
1784588400,7765.0,7791.0,7765.0,7785.0,0.9571
1784592000,7786.0,7826.0,7784.0,7826.0,10.6125
1784595600,7829.0,7833.0,7809.0,7812.0,2.1603
1784599200,7811.0,7840.0,7808.0,7840.0,24.2615
1784602800,7844.0,7877.0,7844.0,7874.0,5.2123
1784606400,7878.0,7878.0,7861.0,7865.0,3.7465
1784610000,7861.0,7886.0,7857.0,7878.0,1.4935
1784613600,7887.0,7913.0,7887.0,7912.0,7.3862
1784617200,7912.0,7920.0,7912.0,7919.0,4.5268
1784620800,7918.0,7968.0,7913.0,7939.0,17.6724
1784624400,7936.0,7940.0,7935.0,7935.0,17.8684
1784628000,7940.0,7949.0,7910.0,7910.0,5.6254
1784631600,7910.0,7911.0,7881.0,7902.0,6.3052
1784635200,7906.0,7927.0,7899.0,7926.0,2.7648
1784638800,7921.0,7923.0,7882.0,7913.0,2.4913
1784642400,7914.0,7915.0,7880.0,7884.0,3.1152
1784646000,7878.0,7878.0,7860.0,7878.0,8.1221
1784649600,7883.0,7883.0,7859.0,7862.0,3.6398
1784653200,7859.0,7864.0,7838.0,7839.0,0.9289
1784656800,7838.0,7847.0,7837.0,7839.0,2.5609
1784660400,7844.0,7852.0,7842.0,7852.0,0.0319
1784664000,7848.0,7859.0,7844.0,7859.0,0.1987
1784667600,7857.0,7860.0,7857.0,7860.0,0.0073
1784671200,7846.0,7846.0,7839.0,7839.0,0.024
1784674800,7838.0,7867.0,7831.0,7867.0,4.2341
1784678400,7874.0,7918.0,7874.0,7907.0,2.6508
1784682000,7910.0,7911.0,7878.0,7896.0,13.3731
1784685600,7894.0,7895.0,7879.0,7879.0,7.6568
1784689200,7885.0,7900.0,7878.0,7899.0,8.4548
1784692800,7896.0,7910.0,7895.0,7910.0,0.4033
1784696400,7907.0,7907.0,7858.0,7858.0,1.5825
1784700000,7857.0,7857.0,7833.0,7848.0,3.2436
1784703600,7847.0,7848.0,7830.0,7830.0,2.0754
1784707200,7839.0,7859.0,7839.0,7856.0,4.122
1784710800,7859.0,7869.0,7856.0,7857.0,6.251
1784714400,7870.0,7897.0,7870.0,7890.0,8.0132
1784718000,7888.0,7889.0,7869.0,7874.0,5.0137
1784721600,7864.0,7870.0,7839.0,7839.0,1.8035
1784725200,7845.0,7930.0,7845.0,7930.0,7.2502
1784728800,7925.0,7969.0,7885.0,7895.0,18.3737
1784732400,7897.0,7963.0,7897.0,7941.0,0.5589
1784736000,7938.0,7981.0,7938.0,7966.0,2.0942
1784739600,7969.0,7969.0,7925.0,7935.0,0.3413
1784743200,7926.0,7926.0,7878.0,7896.0,2.6076
1784746800,7889.0,7889.0,7879.0,7885.0,0.9926
1784750400,7882.0,7882.0,7878.0,7878.0,0.1178
1784754000,7877.0,7901.0,7877.0,7900.0,0.0645
1784757600,7914.0,7917.0,7891.0,7917.0,0.4087
1784761200,7917.0,7917.0,7872.0,7903.0,1.8826
1784764800,7903.0,7917.0,7903.0,7911.0,1.633
1784768400,7905.0,7905.0,7883.0,7883.0,1.9819
1784772000,7882.0,7882.0,7868.0,7871.0,0.2714
1784775600,7868.0,7868.0,7851.0,7851.0,3.3607
1784779200,7852.0,7862.0,7852.0,7853.0,0.4665
1784782800,7852.0,7871.0,7852.0,7859.0,2.0384
1784786400,7859.0,7869.0,7859.0,7869.0,1.3594
1784790000,7868.0,7868.0,7833.0,7839.0,19.8071
1784793600,7844.0,7870.0,7844.0,7870.0,13.6623
1784797200,7871.0,7888.0,7871.0,7887.0,1.4235
1784800800,7882.0,7888.0,7879.0,7888.0,0.4743
1784804400,7882.0,7887.0,7880.0,7883.0,0.3522
1784808000,7888.0,7888.0,7766.0,7799.0,7.2344
1784811600,7805.0,7805.0,7776.0,7802.0,3.8741
1784815200,7780.0,7800.0,7756.0,7760.0,6.9089
1784818800,7757.0,7759.0,7714.0,7744.0,1.7252
1784822400,7740.0,7740.0,7732.0,7732.0,1.6328
1784826000,7733.0,7737.0,7704.0,7704.0,3.699
1784829600,7701.0,7701.0,7701.0,7701.0,0.1985
1784833200,7700.0,7700.0,7671.0,7671.0,1.9461
1784836800,7699.0,7732.0,7699.0,7732.0,1.9671
1784840400,7727.0,7727.0,7708.0,7708.0,0.0425
1784844000,7707.0,7713.0,7700.0,7711.0,2.314
1784847600,7717.0,7718.0,7702.0,7702.0,4.2991
1784851200,7702.0,7702.0,7650.0,7665.0,3.5385
1784854800,7673.0,7699.0,7673.0,7697.0,3.5468
1784858400,7694.0,7700.0,7668.0,7668.0,8.1142
1784862000,7677.0,7710.0,7677.0,7710.0,3.7411
1784865600,7710.0,7715.0,7701.0,7701.0,3.3991
1784869200,7701.0,7726.0,7701.0,7726.0,2.6229
1784872800,7731.0,7747.0,7731.0,7747.0,4.0198
1784876400,7763.0,7809.0,7763.0,7765.0,5.7308
1784880000,7770.0,7775.0,7757.0,7765.0,1.8555
1784883600,7756.0,7756.0,7729.0,7732.0,0.8819
1784887200,7752.0,7752.0,7735.0,7735.0,4.6584
1784890800,7735.0,7735.0,7709.0,7709.0,2.1416
1784894400,7736.0,7736.0,7700.0,7700.0,3.6311
1784898000,7700.0,7700.0,7606.0,7606.0,6.2972
1784901600,7630.0,7638.0,7602.0,7633.0,8.4402
1784905200,7639.0,7678.0,7621.0,7667.0,4.1858
1784908800,7654.0,7654.0,7582.0,7621.0,21.8517
1784912400,7641.0,7666.0,7641.0,7666.0,2.0154
1784916000,7666.0,7666.0,7666.0,7666.0,0.0
1784919600,7652.0,7652.0,7652.0,7652.0,0.0106
1784923200,7652.0,7652.0,7652.0,7652.0,0.0
1784926800,7643.0,7643.0,7643.0,7643.0,0.013
1784930400,7643.0,7644.0,7643.0,7644.0,0.9569
1784934000,7646.0,7652.0,7646.0,7652.0,3.0916
1784937600,7657.0,7661.0,7645.0,7645.0,7.0661
1784941200,7653.0,7653.0,7648.0,7649.0,0.2727
1784944800,7648.0,7649.0,7648.0,7649.0,0.5316
1784948400,7648.0,7648.0,7640.0,7640.0,1.5397
1784952000,7645.0,7646.0,7645.0,7646.0,0.533
1784955600,7647.0,7647.0,7644.0,7644.0,1.0779
1784959200,7643.0,7644.0,7632.0,7632.0,6.3781
1784962800,7637.0,7637.0,7636.0,7636.0,3.6945
1784966400,7635.0,7635.0,7622.0,7622.0,3.3666
1784970000,7617.0,7634.0,7617.0,7634.0,0.631
1784973600,7634.0,7634.0,7634.0,7634.0,0.0879
1784977200,7634.0,7640.0,7634.0,7640.0,0.5497
1784980800,7639.0,7640.0,7639.0,7640.0,0.2569
1784984400,7639.0,7686.0,7639.0,7677.0,7.6159
1784988000,7677.0,7686.0,7677.0,7686.0,5.4695
1784991600,7685.0,7688.0,7685.0,7685.0,0.7142
1784995200,7684.0,7685.0,7675.0,7682.0,1.5807
1784998800,7682.0,7695.0,7682.0,7695.0,0.0732
1785002400,7706.0,7706.0,7706.0,7706.0,0.0041
1785006000,7710.0,7710.0,7710.0,7710.0,1.1927
1785009600,7710.0,7710.0,7706.0,7706.0,0.091
1785013200,7694.0,7698.0,7690.0,7698.0,0.1379
1785016800,7702.0,7708.0,7702.0,7708.0,0.2662
1785020400,7710.0,7710.0,7710.0,7710.0,0.6943
1785024000,7721.0,7727.0,7721.0,7722.0,0.4213
1785027600,7735.0,7735.0,7728.0,7729.0,5.7806
1785031200,7728.0,7728.0,7722.0,7725.0,0.9854
1785034800,7726.0,7741.0,7726.0,7738.0,0.6193
1785038400,7737.0,7753.0,7737.0,7753.0,1.4211
1785042000,7753.0,7758.0,7750.0,7750.0,3.4295
1785045600,7751.0,7751.0,7735.0,7742.0,1.866
1785049200,7742.0,7752.0,7739.0,7739.0,1.1435
1785052800,7738.0,7740.0,7735.0,7740.0,0.3495
1785056400,7738.0,7748.0,7738.0,7748.0,0.4512
1785060000,7749.0,7752.0,7746.0,7752.0,0.5115
1785063600,7752.0,7759.0,7752.0,7758.0,15.4148
1785067200,7758.0,7769.0,7758.0,7760.0,1.3144
1785070800,7760.0,7760.0,7745.0,7758.0,4.3505
1785074400,7758.0,7800.0,7758.0,7800.0,1.9432
1785078000,7800.0,7868.0,7800.0,7863.0,5.8779
1785081600,7860.0,7901.0,7851.0,7882.0,4.5023
1785085200,7882.0,7882.0,7852.0,7860.0,6.5243
1785088800,7860.0,7860.0,7859.0,7860.0,10.1093
1785092400,7868.0,7871.0,7864.0,7871.0,1.8254
1785096000,7865.0,7865.0,7864.0,7864.0,0.1657
1785099600,7869.0,7915.0,7869.0,7910.0,6.5863
1785103200,7915.0,7996.0,7915.0,7992.0,11.3462
1785106800,7994.0,8040.0,7994.0,8005.0,20.4207
1785110400,8005.0,8005.0,7930.0,7930.0,13.5571
1785114000,7930.0,7947.0,7920.0,7942.0,7.9541
1785117600,7946.0,7955.0,7936.0,7936.0,5.2707
1785121200,7936.0,7950.0,7935.0,7950.0,25.2955
1785124800,7954.0,7988.0,7954.0,7979.0,12.2489
1785128400,7979.0,8026.0,7979.0,8026.0,4.5235
1785132000,8022.0,8061.0,8022.0,8036.0,5.0635
1785135600,8035.0,8036.0,8020.0,8034.0,9.1512
1785139200,8029.0,8036.0,8026.0,8036.0,4.5386
1785142800,8030.0,8030.0,8003.0,8024.0,4.8171
1785146400,8021.0,8040.0,8020.0,8033.0,4.1786
1785150000,8032.0,8032.0,8006.0,8009.0,2.6714
1785153600,8009.0,8014.0,7954.0,7987.0,12.4433
1785157200,7987.0,8065.0,7985.0,8011.0,12.2366
1785160800,8016.0,8022.0,7867.0,7905.0,11.4302
1785164400,7910.0,7921.0,7901.0,7902.0,3.8445
1785168000,7907.0,7957.0,7907.0,7957.0,8.1007
1785171600,7942.0,7963.0,7942.0,7963.0,0.4413
1785175200,7958.0,7958.0,7922.0,7939.0,0.848
1785178800,7941.0,7996.0,7941.0,7996.0,3.4581
1785182400,7985.0,7985.0,7975.0,7975.0,0.1477
1785186000,7980.0,7980.0,7970.0,7970.0,0.1912
1785189600,7968.0,7968.0,7773.0,7773.0,13.9713
1785193200,7774.0,7779.0,7743.0,7761.0,22.4904
1785196800,7761.0,7761.0,7711.0,7714.0,6.6214
1785200400,7713.0,7713.0,7680.0,7700.0,14.0458
1785204000,7699.0,7708.0,7698.0,7702.0,9.7377
1785207600,7702.0,7718.0,7702.0,7717.0,0.9378
1785211200,7717.0,7718.0,7712.0,7717.0,7.2613
1785214800,7716.0,7747.0,7716.0,7738.0,14.5483
1785218400,7738.0,7741.0,7722.0,7741.0,6.3261
1785222000,7739.0,7740.0,7733.0,7733.0,0.2302
1785225600,7725.0,7734.0,7723.0,7734.0,0.4002
1785229200,7729.0,7731.0,7709.0,7709.0,7.4687
1785232800,7709.0,7718.0,7708.0,7715.0,1.1987
1785236400,7716.0,7716.0,7700.0,7705.0,7.149
1785240000,7706.0,7758.0,7706.0,7758.0,3.5096
1785243600,7764.0,7772.0,7650.0,7697.0,15.6337
1785247200,7704.0,7770.0,7689.0,7762.0,7.337
1785250800,7757.0,7880.0,7748.0,7855.0,87.2974
1785254400,7861.0,7877.0,7860.0,7877.0,3.0192
1785258000,7869.0,7869.0,7777.0,7791.0,4.0168
1785261600,7792.0,7826.0,7792.0,7826.0,0.3633
1785265200,7822.0,7851.0,7822.0,7851.0,0.2677
1785268800,7851.0,7857.0,7851.0,7857.0,1.1416
1785272400,7853.0,7872.0,7852.0,7872.0,0.4635
1785276000,7872.0,7872.0,7830.0,7830.0,1.7815
1785279600,7826.0,7856.0,7808.0,7856.0,0.266
1785283200,7859.0,7869.0,7810.0,7810.0,17.8973
1785286800,7846.0,7846.0,7807.0,7807.0,0.8651
1785290400,7802.0,7834.0,7792.0,7817.0,2.7473
1785294000,7819.0,7819.0,7750.0,7750.0,1.4182
1785297600,7749.0,7774.0,7728.0,7774.0,2.1176
1785301200,7775.0,7811.0,7775.0,7811.0,1.9673
1785304800,7802.0,7845.0,7800.0,7845.0,5.5636
1785308400,7840.0,7851.0,7829.0,7851.0,2.052
1785312000,7854.0,7854.0,7830.0,7837.0,0.5154
1785315600,7836.0,7863.0,7836.0,7862.0,12.8652
1785319200,7859.0,7860.0,7840.0,7840.0,0.5888
1785322800,7843.0,7843.0,7835.0,7840.0,3.2409
1785326400,7838.0,7838.0,7813.0,7818.0,1.9912
1785330000,7806.0,7843.0,7796.0,7796.0,9.0546
1785333600,7816.0,7830.0,7768.0,7783.0,3.6298
1785337200,7784.0,7784.0,7755.0,7755.0,2.1286
1785340800,7760.0,7770.0,7751.0,7758.0,13.1821
1785344400,7762.0,7818.0,7762.0,7818.0,18.6708
1785348000,7837.0,7882.0,7770.0,7882.0,41.2076
1785351600,7852.0,7852.0,7719.0,7738.0,4.5743
1785355200,7737.0,7737.0,7710.0,7724.0,1.3904
1785358800,7717.0,7753.0,7700.0,7753.0,2.1009
1785362400,7763.0,7803.0,7763.0,7803.0,0.9244
1785366000,7803.0,7823.0,7799.0,7823.0,1.631
1785369600,7823.0,7823.0,7768.0,7768.0,4.4775
1785373200,7770.0,7851.0,7770.0,7851.0,4.2756
1785376800,7848.0,7848.0,7827.0,7832.0,1.0732
1785380400,7832.0,7832.0,7788.0,7822.0,12.0286
1785384000,7817.0,7817.0,7783.0,7783.0,2.7717
1785387600,7786.0,7801.0,7780.0,7795.0,0.2308
1785391200,7794.0,7794.0,7777.0,7778.0,8.749
1785394800,7785.0,7794.0,7782.0,7788.0,2.085
1785398400,7786.0,7826.0,7785.0,7822.0,2.4679
1785402000,7823.0,7849.0,7823.0,7840.0,2.262
1785405600,7839.0,7842.0,7836.0,7836.0,2.4979
1785409200,7834.0,7855.0,7834.0,7850.0,8.0009
1785412800,7857.0,7857.0,7852.0,7857.0,1.7076
1785416400,7862.0,7897.0,7852.0,7888.0,13.9929
1785420000,7874.0,7874.0,7828.0,7834.0,1.862
1785423600,7831.0,7845.0,7828.0,7836.0,5.9294
1785427200,7835.0,7852.0,7834.0,7834.0,1.7589
1785430800,7840.0,7841.0,7839.0,7841.0,3.3917
1785434400,7847.0,7847.0,7840.0,7840.0,1.3163
1785438000,7841.0,7859.0,7841.0,7859.0,1.3423
1785441600,7857.0,7858.0,7857.0,7858.0,0.2279
1785445200,7859.0,7859.0,7855.0,7855.0,0.778
1785448800,7854.0,7881.0,7854.0,7874.0,5.578
1785452400,7875.0,7899.0,7869.0,7869.0,15.1206
1785456000,7844.0,7844.0,7834.0,7834.0,0.1211
1785459600,7840.0,7880.0,7806.0,7806.0,4.7027
1785463200,7805.0,7805.0,7784.0,7789.0,8.63
1785466800,7789.0,7813.0,7783.0,7813.0,1.3294
1785470400,7805.0,7805.0,7799.0,7800.0,0.2994
1785474000,7800.0,7800.0,7792.0,7795.0,0.5896
1785477600,7799.0,7801.0,7793.0,7793.0,1.8204
1785481200,7792.0,7792.0,7732.0,7739.0,9.679
1785484800,7742.0,7751.0,7742.0,7748.0,10.7474
1785488400,7750.0,7750.0,7720.0,7720.0,9.8708
1785492000,7724.0,7738.0,7705.0,7738.0,2.2866
1785495600,7741.0,7741.0,7730.0,7731.0,6.599
1785499200,7731.0,7731.0,7694.0,7702.0,19.8839
1785502800,7711.0,7738.0,7652.0,7652.0,8.0672
1785506400,7657.0,7660.0,7595.0,7631.0,14.4809
1785510000,7626.0,7647.0,7617.0,7646.0,2.5067
1785513600,7644.0,7654.0,7644.0,7649.0,0.8362
1785517200,7650.0,7688.0,7650.0,7688.0,0.5977
1785520800,7692.0,7692.0,7671.0,7682.0,1.5368
1785524400,7680.0,7680.0,7669.0,7669.0,0.3604
1785528000,7673.0,7673.0,7656.0,7656.0,0.2477
1785531600,7647.0,7649.0,7640.0,7645.0,1.9312
1785535200,7642.0,7645.0,7642.0,7644.0,0.1265
1785538800,7645.0,7649.0,7644.0,7649.0,4.569
1785542400,7649.0,7659.0,7649.0,7657.0,0.2627
1785546000,7657.0,7662.0,7657.0,7661.0,0.7838
1785549600,7661.0,7668.0,7661.0,7668.0,0.2341
1785553200,7668.0,7668.0,7666.0,7668.0,0.5787
1785556800,7668.0,7671.0,7668.0,7671.0,2.1504
1785560400,7671.0,7671.0,7669.0,7669.0,0.76
1785564000,7668.0,7671.0,7668.0,7671.0,0.3438
1785567600,7672.0,7680.0,7671.0,7674.0,1.681
1785571200,7674.0,7674.0,7671.0,7671.0,0.0937
1785574800,7671.0,7674.0,7671.0,7671.0,1.4486
1785578400,7670.0,7670.0,7656.0,7657.0,2.2377
1785582000,7662.0,7662.0,7661.0,7661.0,1.3265
1785585600,7662.0,7666.0,7662.0,7666.0,1.2164
1785589200,7665.0,7666.0,7665.0,7666.0,0.2471
1785592800,7666.0,7677.0,7666.0,7677.0,2.1427
1785596400,7679.0,7684.0,7677.0,7677.0,0.8892
1785600000,7676.0,7676.0,7671.0,7671.0,0.3039
1785603600,7666.0,7666.0,7634.0,7639.0,3.2754
1785607200,7640.0,7640.0,7495.0,7529.0,26.196
1785610800,7543.0,7544.0,7539.0,7542.0,0.7334
1785614400,7541.0,7541.0,7539.0,7539.0,0.6465
1785618000,7540.0,7555.0,7540.0,7555.0,1.1447
1785621600,7555.0,7575.0,7555.0,7574.0,6.0013
1785625200,7574.0,7574.0,7570.0,7573.0,13.2341
1785628800,7574.0,7578.0,7572.0,7572.0,2.4769
1785632400,7576.0,7612.0,7576.0,7612.0,0.5283
1785636000,7611.0,7710.0,7611.0,7687.0,2.9676
1785639600,7688.0,7698.0,7688.0,7698.0,6.6089
1785643200,7700.0,7705.0,7700.0,7702.0,2.7246
1785646800,7703.0,7703.0,7690.0,7690.0,2.5891
1785650400,7691.0,7691.0,7691.0,7691.0,0.1922
1785654000,7691.0,7691.0,7690.0,7690.0,0.9328
1785657600,7691.0,7691.0,7664.0,7664.0,4.4481
1785661200,7663.0,7666.0,7650.0,7666.0,0.5899
1785664800,7665.0,7665.0,7649.0,7650.0,0.3477
1785668400,7649.0,7649.0,7581.0,7581.0,2.871
1785672000,7587.0,7604.0,7587.0,7597.0,1.5612
1785675600,7597.0,7597.0,7542.0,7542.0,28.6051
1785679200,7584.0,7589.0,7578.0,7588.0,0.2419
1785682800,7588.0,7601.0,7588.0,7595.0,4.5316
1785686400,7593.0,7615.0,7593.0,7615.0,0.2461
1785690000,7614.0,7634.0,7614.0,7634.0,0.0622
1785693600,7634.0,7675.0,7634.0,7675.0,2.126
1785697200,7665.0,7671.0,7665.0,7671.0,0.0617
1785700800,7682.0,7690.0,7682.0,7690.0,0.0433
1785704400,7689.0,7731.0,7689.0,7726.0,3.6191
1785708000,7730.0,7738.0,7690.0,7695.0,2.0854
1785711600,7693.0,7693.0,7675.0,7683.0,1.6288
1785715200,7693.0,7694.0,7664.0,7664.0,2.1538
1785718800,7652.0,7655.0,7640.0,7640.0,2.9229
1785722400,7631.0,7634.0,7626.0,7628.0,3.6096
1785726000,7625.0,7625.0,7586.0,7604.0,2.8667
1785729600,7605.0,7615.0,7601.0,7601.0,3.0896
1785733200,7595.0,7600.0,7592.0,7600.0,0.2334
1785736800,7608.0,7608.0,7569.0,7569.0,3.2774
1785740400,7564.0,7564.0,7545.0,7556.0,14.9571
1785744000,7554.0,7554.0,7509.0,7537.0,1.8962
1785747600,7537.0,7576.0,7537.0,7576.0,1.0358
1785751200,7590.0,7590.0,7561.0,7561.0,0.569
1785754800,7565.0,7567.0,7556.0,7560.0,3.1052
1785758400,7555.0,7565.0,7552.0,7565.0,1.0877
1785762000,7565.0,7618.0,7558.0,7618.0,19.2163
1785765600,7618.0,7669.0,7601.0,7668.0,27.0809
1785769200,7667.0,7667.0,7630.0,7630.0,3.1656
1785772800,7630.0,7645.0,7629.0,7637.0,21.2694
1785776400,7637.0,7645.0,7630.0,7645.0,5.9311
1785780000,7645.0,7646.0,7645.0,7646.0,0.0786
1785783600,7644.0,7654.0,7644.0,7654.0,0.5718
1785787200,7650.0,7652.0,7646.0,7646.0,2.3263
1785790800,7643.0,7643.0,7636.0,7637.0,11.9838
1785794400,7630.0,7630.0,7595.0,7604.0,1.8129
1785798000,7608.0,7608.0,7599.0,7603.0,0.7448
1785801600,7602.0,7609.0,7576.0,7578.0,3.7891
1785805200,7578.0,7636.0,7578.0,7635.0,9.1251
1785808800,7636.0,7646.0,7626.0,7645.0,7.354
1785812400,7639.0,7639.0,7614.0,7631.0,0.9039
1785816000,7625.0,7650.0,7625.0,7650.0,22.0512
1785819600,7650.0,7650.0,7631.0,7631.0,4.2005
1785823200,7632.0,7636.0,7591.0,7591.0,6.8974
1785826800,7597.0,7623.0,7590.0,7623.0,13.0812
1785830400,7615.0,7615.0,7596.0,7597.0,1.5449
1785834000,7599.0,7599.0,7589.0,7589.0,1.7315
1785837600,7594.0,7639.0,7589.0,7634.0,2.2609
1785841200,7634.0,7661.0,7634.0,7661.0,14.0016
1785844800,7661.0,7687.0,7657.0,7676.0,15.4296
1785848400,7676.0,7676.0,7639.0,7639.0,12.2005
1785852000,7633.0,7676.0,7625.0,7676.0,14.6542
1785855600,7673.0,7680.0,7644.0,7680.0,9.7572
1785859200,7670.0,7671.0,7648.0,7656.0,2.8895
1785862800,7665.0,7679.0,7665.0,7668.0,6.1735
1785866400,7675.0,7699.0,7675.0,7699.0,14.3532
1785870000,7689.0,7700.0,7689.0,7700.0,0.0695
1785873600,7695.0,7695.0,7680.0,7688.0,0.361
1785877200,7683.0,7684.0,7683.0,7684.0,0.5627
1785880800,7683.0,7683.0,7670.0,7680.0,1.8465
1785884400,7680.0,7695.0,7670.0,7671.0,0.9622
1785888000,7669.0,7669.0,7659.0,7661.0,1.8123
1785891600,7652.0,7669.0,7644.0,7669.0,2.3925
1785895200,7668.0,7677.0,7664.0,7674.0,23.9831
1785898800,7672.0,7672.0,7633.0,7634.0,12.8859
1785902400,7635.0,7641.0,7634.0,7638.0,10.2641
1785906000,7638.0,7661.0,7638.0,7661.0,5.1178
1785909600,7656.0,7656.0,7646.0,7646.0,10.7216
1785913200,7640.0,7640.0,7628.0,7635.0,6.4034
1785916800,7643.0,7653.0,7643.0,7648.0,6.8898
1785920400,7649.0,7658.0,7649.0,7658.0,1.4924
1785924000,7657.0,7659.0,7642.0,7642.0,4.4557
1785927600,7647.0,7648.0,7647.0,7647.0,1.2648
1785931200,7647.0,7700.0,7647.0,7682.0,8.3953
1785934800,7679.0,7684.0,7616.0,7684.0,15.1211
1785938400,7687.0,7696.0,7646.0,7673.0,10.9878
1785942000,7679.0,7693.0,7676.0,7676.0,3.829
1785945600,7677.0,7748.0,7677.0,7736.0,5.1491
1785949200,7749.0,7823.0,7743.0,7823.0,2.4951
1785952800,7837.0,7860.0,7836.0,7842.0,3.3296
1785956400,7843.0,7843.0,7842.0,7842.0,0.272
1785960000,7840.0,7852.0,7840.0,7852.0,5.0672
1785963600,7839.0,7839.0,7795.0,7803.0,29.0591
1785967200,7805.0,7814.0,7805.0,7807.0,1.1915
1785970800,7803.0,7808.0,7786.0,7806.0,1.3012
1785974400,7806.0,7808.0,7806.0,7807.0,0.7942
1785978000,7800.0,7800.0,7790.0,7794.0,7.1348
1785981600,7795.0,7797.0,7764.0,7770.0,3.3113
1785985200,7770.0,7770.0,7764.0,7768.0,1.4973
1785988800,7765.0,7797.0,7765.0,7797.0,3.9835
1785992400,7798.0,7838.0,7798.0,7820.0,2.9844
1785996000,7816.0,7822.0,7816.0,7822.0,1.1737
1785999600,7821.0,7822.0,7809.0,7810.0,1.0501
1786003200,7811.0,7822.0,7810.0,7822.0,2.6401
1786006800,7820.0,7820.0,7783.0,7796.0,2.7886
1786010400,7794.0,7794.0,7781.0,7781.0,1.8101
1786014000,7778.0,7798.0,7769.0,7797.0,1.8914
1786017600,7796.0,7796.0,7786.0,7790.0,1.696
1786021200,7785.0,7813.0,7759.0,7813.0,3.629
1786024800,7803.0,7830.0,7803.0,7826.0,22.1457
1786028400,7828.0,7845.0,7823.0,7823.0,3.6217
1786032000,7822.0,7824.0,7816.0,7821.0,0.1025
1786035600,7824.0,7828.0,7817.0,7820.0,0.2197
1786039200,7818.0,7818.0,7800.0,7800.0,0.2741
1786042800,7793.0,7794.0,7793.0,7794.0,1.0185
1786046400,7794.0,7795.0,7794.0,7795.0,0.013
1786050000,7790.0,7790.0,7790.0,7790.0,0.0391
1786053600,7785.0,7785.0,7778.0,7780.0,1.2268
1786057200,7779.0,7779.0,7768.0,7775.0,2.3877
1786060800,7775.0,7775.0,7774.0,7774.0,0.0386
1786064400,7774.0,7786.0,7771.0,7771.0,3.9011
1786068000,7779.0,7786.0,7770.0,7776.0,1.2516
1786071600,7775.0,7775.0,7766.0,7767.0,11.9567
1786075200,7765.0,7768.0,7754.0,7757.0,5.4282
1786078800,7761.0,7763.0,7760.0,7762.0,0.2452
1786082400,7766.0,7782.0,7766.0,7782.0,2.2093
1786086000,7781.0,7785.0,7777.0,7781.0,4.3312
1786089600,7782.0,7804.0,7782.0,7804.0,1.7535
1786093200,7804.0,7820.0,7804.0,7820.0,1.3034
1786096800,7817.0,7820.0,7817.0,7819.0,4.9832
1786100400,7819.0,7834.0,7819.0,7831.0,2.5274
1786104000,7830.0,7907.0,7830.0,7894.0,97.7
1786107600,7889.0,7900.0,7867.0,7867.0,9.0296
1786111200,7862.0,7863.0,7825.0,7830.0,3.9706
1786114800,7829.0,7843.0,7829.0,7843.0,1.5794
1786118400,7844.0,7859.0,7818.0,7818.0,1.8284
1786122000,7817.0,7817.0,7804.0,7808.0,1.7952
1786125600,7809.0,7810.0,7809.0,7810.0,2.6711
1786129200,7810.0,7833.0,7810.0,7833.0,3.2529
1786132800,7834.0,7834.0,7834.0,7834.0,0.009
1786136400,7830.0,7834.0,7830.0,7834.0,0.0659
1786140000,7835.0,7835.0,7829.0,7830.0,0.8873
1786143600,7830.0,7830.0,7830.0,7830.0,0.0239
1786147200,7829.0,7829.0,7828.0,7828.0,0.1587
1786150800,7827.0,7828.0,7827.0,7828.0,9.0842
1786154400,7828.0,7828.0,7825.0,7825.0,0.1036
1786158000,7826.0,7841.0,7826.0,7838.0,0.7052
1786161600,7839.0,7840.0,7839.0,7839.0,3.1057
1786165200,7839.0,7840.0,7839.0,7840.0,0.0411
1786168800,7840.0,7842.0,7840.0,7842.0,0.1248
1786172400,7842.0,7842.0,7841.0,7841.0,0.1118
1786176000,7841.0,7843.0,7839.0,7843.0,1.4988
1786179600,7843.0,7844.0,7842.0,7844.0,0.2537
1786183200,7854.0,7862.0,7853.0,7862.0,0.6576
1786186800,7861.0,7862.0,7861.0,7862.0,0.671
1786190400,7862.0,7862.0,7861.0,7861.0,2.335
1786194000,7857.0,7857.0,7855.0,7855.0,0.4038
1786197600,7859.0,7868.0,7859.0,7868.0,0.9864
1786201200,7868.0,7868.0,7863.0,7865.0,1.2726
1786204800,7865.0,7870.0,7865.0,7870.0,1.0939
1786208400,7869.0,7870.0,7869.0,7870.0,0.1604
1786212000,7877.0,7877.0,7873.0,7873.0,0.0751
1786215600,7873.0,7873.0,7873.0,7873.0,0.0
1786219200,7870.0,7870.0,7870.0,7870.0,0.1366
1786222800,7870.0,7871.0,7870.0,7870.0,0.2041
1786226400,7871.0,7871.0,7869.0,7869.0,4.9426
1786230000,7870.0,7870.0,7869.0,7869.0,1.5442
1786233600,7869.0,7870.0,7869.0,7870.0,0.0593
1786237200,7870.0,7870.0,7857.0,7859.0,7.6054
1786240800,7859.0,7859.0,7858.0,7858.0,0.5837
1786244400,7859.0,7859.0,7851.0,7852.0,1.3447
1786248000,7852.0,7852.0,7850.0,7850.0,0.0905
1786251600,7850.0,7850.0,7850.0,7850.0,0.9008
1786255200,7845.0,7857.0,7845.0,7857.0,14.6423
1786258800,7858.0,7859.0,7858.0,7859.0,0.1526
1786262400,7860.0,7873.0,7853.0,7853.0,1.3579
1786266000,7853.0,7866.0,7852.0,7866.0,0.1354
1786269600,7869.0,7873.0,7869.0,7872.0,1.8759
1786273200,7870.0,7870.0,7860.0,7860.0,2.9425
1786276800,7860.0,7861.0,7860.0,7860.0,0.1923
1786280400,7860.0,7880.0,7860.0,7874.0,1.4706
1786284000,7874.0,7882.0,7873.0,7876.0,0.2338
1786287600,7878.0,7886.0,7878.0,7883.0,0.6253
1786291200,7883.0,7883.0,7874.0,7877.0,0.4119
1786294800,7877.0,7877.0,7874.0,7874.0,0.4169
1786298400,7874.0,7874.0,7873.0,7873.0,0.0612
1786302000,7870.0,7871.0,7870.0,7870.0,0.019
1786305600,7869.0,7869.0,7869.0,7869.0,0.5111
1786309200,7869.0,7875.0,7869.0,7875.0,0.0456
1786312800,7875.0,7902.0,7853.0,7861.0,6.5016
1786316400,7859.0,7859.0,7827.0,7827.0,3.3022
1786320000,7827.0,7874.0,7825.0,7836.0,26.4741
1786323600,7836.0,7883.0,7827.0,7871.0,4.2377
1786327200,7861.0,7861.0,7817.0,7845.0,18.0453
1786330800,7844.0,7847.0,7836.0,7837.0,2.2933
1786334400,7840.0,7840.0,7830.0,7830.0,0.2109
1786338000,7828.0,7849.0,7828.0,7849.0,0.8151
1786341600,7849.0,7890.0,7849.0,7863.0,25.8001
1786345200,7863.0,7865.0,7863.0,7865.0,0.1909
1786348800,7865.0,7869.0,7864.0,7866.0,3.8373
1786352400,7867.0,7867.0,7843.0,7843.0,2.3495
1786356000,7848.0,7848.0,7848.0,7848.0,0.1141
1786359600,7847.0,7848.0,7847.0,7848.0,0.275
1786363200,7848.0,7848.0,7810.0,7810.0,9.5079
1786366800,7807.0,7815.0,7771.0,7771.0,6.4648
1786370400,7777.0,7790.0,7763.0,7763.0,3.7451
1786374000,7762.0,7762.0,7687.0,7697.0,8.8189
1786377600,7696.0,7697.0,7675.0,7681.0,2.0563
1786381200,7675.0,7684.0,7675.0,7684.0,0.3077
1786384800,7683.0,7683.0,7675.0,7676.0,0.9961
1786388400,7677.0,7692.0,7677.0,7692.0,0.464
1786392000,7694.0,7694.0,7693.0,7694.0,3.5222
1786395600,7694.0,7694.0,7687.0,7687.0,8.006
1786399200,7686.0,7686.0,7686.0,7686.0,0.3905
1786402800,7685.0,7686.0,7676.0,7680.0,2.1431
1786406400,7680.0,7680.0,7679.0,7679.0,9.6105
1786410000,7679.0,7688.0,7679.0,7688.0,12.3288
1786413600,7688.0,7692.0,7688.0,7691.0,2.4765
1786417200,7691.0,7696.0,7691.0,7696.0,0.2149
1786420800,7696.0,7699.0,7696.0,7699.0,1.3148
1786424400,7699.0,7699.0,7687.0,7691.0,11.6923
1786428000,7690.0,7690.0,7688.0,7688.0,0.892
1786431600,7689.0,7690.0,7686.0,7689.0,1.7786
1786435200,7689.0,7689.0,7686.0,7687.0,0.6116
1786438800,7687.0,7688.0,7687.0,7688.0,1.21
1786442400,7690.0,7718.0,7690.0,7711.0,4.3677
1786446000,7713.0,7738.0,7713.0,7738.0,1.4474
1786449600,7738.0,7738.0,7737.0,7737.0,5.2314
1786453200,7738.0,7738.0,7727.0,7738.0,3.5758
1786456800,7734.0,7737.0,7680.0,7681.0,6.3606
1786460400,7684.0,7692.0,7620.0,7633.0,6.3079
1786464000,7635.0,7647.0,7630.0,7646.0,0.476
1786467600,7646.0,7652.0,7646.0,7652.0,1.094
1786471200,7651.0,7652.0,7651.0,7652.0,0.451
1786474800,7653.0,7715.0,7653.0,7715.0,22.3289
1786478400,7715.0,7715.0,7715.0,7715.0,0.0
1786482000,7715.0,7718.0,7715.0,7718.0,0.0582
1786485600,7718.0,7724.0,7714.0,7714.0,0.2141
1786489200,7717.0,7717.0,7715.0,7715.0,0.1757
1786492800,7714.0,7715.0,7714.0,7715.0,1.5569
1786496400,7715.0,7718.0,7715.0,7717.0,0.5793
1786500000,7722.0,7726.0,7722.0,7724.0,1.4976
1786503600,7724.0,7724.0,7718.0,7721.0,2.6547
1786507200,7721.0,7740.0,7721.0,7734.0,28.3795
1786510800,7734.0,7739.0,7734.0,7739.0,0.4323
1786514400,7739.0,7739.0,7732.0,7732.0,0.7564
1786518000,7732.0,7739.0,7732.0,7737.0,1.8884
1786521600,7738.0,7749.0,7737.0,7737.0,11.3628
1786525200,7742.0,7788.0,7742.0,7788.0,0.461
1786528800,7783.0,7811.0,7783.0,7803.0,4.7354
1786532400,7803.0,7822.0,7798.0,7822.0,0.6091
1786536000,7818.0,7849.0,7801.0,7802.0,20.4678
1786539600,7809.0,7809.0,7786.0,7790.0,3.41
1786543200,7781.0,7781.0,7730.0,7730.0,8.3506
1786546800,7727.0,7743.0,7727.0,7742.0,4.7886
1786550400,7742.0,7742.0,7734.0,7740.0,0.2221
1786554000,7737.0,7737.0,7730.0,7731.0,0.5193
1786557600,7730.0,7730.0,7730.0,7730.0,0.0602
1786561200,7730.0,7730.0,7706.0,7706.0,0.3494
1786564800,7702.0,7716.0,7700.0,7716.0,0.0942
1786568400,7716.0,7716.0,7686.0,7700.0,0.8066
1786572000,7690.0,7692.0,7689.0,7690.0,0.7239
1786575600,7685.0,7689.0,7685.0,7689.0,3.1329
1786579200,7690.0,7705.0,7690.0,7701.0,2.4174
1786582800,7701.0,7702.0,7691.0,7695.0,1.8701
1786586400,7695.0,7701.0,7683.0,7701.0,5.1554
1786590000,7707.0,7717.0,7707.0,7717.0,5.7468
1786593600,7723.0,7745.0,7723.0,7745.0,58.5012
1786597200,7745.0,7764.0,7745.0,7762.0,2.6564
1786600800,7761.0,7761.0,7752.0,7758.0,0.1524
1786604400,7765.0,7765.0,7764.0,7764.0,0.0491
1786608000,7764.0,7764.0,7756.0,7756.0,1.7622
1786611600,7745.0,7745.0,7722.0,7730.0,0.7774
1786615200,7722.0,7722.0,7712.0,7712.0,5.3455
1786618800,7712.0,7712.0,7690.0,7699.0,0.9082
1786622400,7699.0,7724.0,7699.0,7722.0,5.3341
1786626000,7733.0,7744.0,7728.0,7739.0,7.2557
1786629600,7735.0,7751.0,7732.0,7750.0,0.8291
1786633200,7750.0,7750.0,7719.0,7719.0,0.255
1786636800,7702.0,7709.0,7650.0,7674.0,3.7908
1786640400,7681.0,7693.0,7681.0,7693.0,1.7895
1786644000,7689.0,7699.0,7689.0,7699.0,0.0356
1786647600,7714.0,7726.0,7714.0,7726.0,6.0109
1786651200,7726.0,7726.0,7719.0,7719.0,0.3662
1786654800,7719.0,7727.0,7719.0,7727.0,0.0278
1786658400,7727.0,7739.0,7727.0,7738.0,0.4251
1786662000,7738.0,7738.0,7717.0,7721.0,3.1663
1786665600,7720.0,7725.0,7720.0,7725.0,0.1858
1786669200,7723.0,7725.0,7723.0,7724.0,0.6334
1786672800,7725.0,7725.0,7725.0,7725.0,0.2683
1786676400,7724.0,7725.0,7724.0,7725.0,8.5839
1786680000,7724.0,7724.0,7723.0,7723.0,1.6453
1786683600,7724.0,7724.0,7710.0,7712.0,0.3007
1786687200,7708.0,7708.0,7681.0,7681.0,0.7737
1786690800,7681.0,7689.0,7681.0,7688.0,1.4576
1786694400,7687.0,7688.0,7680.0,7683.0,26.25
1786698000,7694.0,7694.0,7684.0,7684.0,1.0403
1786701600,7687.0,7695.0,7687.0,7693.0,2.0154
1786705200,7692.0,7703.0,7692.0,7703.0,0.6287
1786708800,7698.0,7698.0,7693.0,7693.0,4.098
1786712400,7685.0,7685.0,7666.0,7667.0,1.2207
1786716000,7667.0,7678.0,7660.0,7660.0,2.3613
1786719600,7660.0,7720.0,7660.0,7720.0,0.9539
1786723200,7722.0,7730.0,7722.0,7730.0,0.8095
1786726800,7730.0,7730.0,7717.0,7717.0,0.1728
1786730400,7705.0,7705.0,7697.0,7701.0,1.2322
1786734000,7694.0,7700.0,7694.0,7700.0,0.1121
1786737600,7706.0,7706.0,7706.0,7706.0,0.0194
1786741200,7706.0,7706.0,7706.0,7706.0,0.0121
1786744800,7697.0,7705.0,7696.0,7705.0,1.5114
1786748400,7705.0,7706.0,7705.0,7706.0,0.073
1786752000,7706.0,7716.0,7706.0,7716.0,0.3627
1786755600,7716.0,7722.0,7716.0,7722.0,1.9545
1786759200,7722.0,7727.0,7722.0,7727.0,0.9101
1786762800,7726.0,7727.0,7726.0,7727.0,0.1489
1786766400,7726.0,7726.0,7725.0,7725.0,0.9628
1786770000,7726.0,7726.0,7720.0,7720.0,0.31
1786773600,7717.0,7722.0,7717.0,7721.0,3.4238
1786777200,7719.0,7720.0,7716.0,7717.0,6.8372
1786780800,7716.0,7716.0,7713.0,7713.0,0.0881
1786784400,7706.0,7706.0,7705.0,7706.0,0.19
1786788000,7706.0,7710.0,7706.0,7710.0,0.3054
1786791600,7712.0,7712.0,7709.0,7709.0,0.231
1786795200,7709.0,7716.0,7708.0,7716.0,0.1933
1786798800,7723.0,7727.0,7723.0,7727.0,7.6306
1786802400,7724.0,7727.0,7724.0,7727.0,0.149
1786806000,7727.0,7729.0,7727.0,7728.0,0.401
1786809600,7729.0,7730.0,7729.0,7730.0,0.6571
1786813200,7733.0,7733.0,7731.0,7731.0,0.083
1786816800,7731.0,7733.0,7731.0,7733.0,0.065
1786820400,7733.0,7733.0,7733.0,7733.0,0.0
1786824000,7730.0,7730.0,7725.0,7725.0,2.943
1786827600,7727.0,7727.0,7727.0,7727.0,0.0129
1786831200,7727.0,7727.0,7727.0,7727.0,0.0129
1786834800,7724.0,7724.0,7724.0,7724.0,0.0152
1786838400,7724.0,7724.0,7724.0,7724.0,0.2967
1786842000,7723.0,7723.0,7706.0,7706.0,0.8281
1786845600,7714.0,7728.0,7714.0,7728.0,0.1375
1786849200,7728.0,7728.0,7727.0,7727.0,0.1166
1786852800,7727.0,7728.0,7727.0,7728.0,0.5837
1786856400,7721.0,7721.0,7717.0,7717.0,0.2808
1786860000,7713.0,7714.0,7713.0,7714.0,0.1744
1786863600,7714.0,7717.0,7714.0,7717.0,0.1558
1786867200,7717.0,7717.0,7716.0,7717.0,0.2993
1786870800,7718.0,7718.0,7717.0,7717.0,0.029
1786874400,7717.0,7717.0,7716.0,7717.0,0.1384
1786878000,7717.0,7717.0,7717.0,7717.0,0.1384
1786881600,7715.0,7715.0,7715.0,7715.0,0.001
1786885200,7716.0,7717.0,7716.0,7717.0,0.1062
1786888800,7719.0,7720.0,7719.0,7720.0,0.2012
1786892400,7720.0,7720.0,7719.0,7720.0,1.7486
1786896000,7720.0,7720.0,7719.0,7720.0,0.1586
1786899600,7720.0,7720.0,7713.0,7713.0,0.7199
1786903200,7713.0,7713.0,7713.0,7713.0,0.0777
1786906800,7719.0,7719.0,7719.0,7719.0,0.0647
1786910400,7713.0,7713.0,7713.0,7713.0,0.0388
1786914000,7713.0,7713.0,7673.0,7680.0,3.0846
1786917600,7676.0,7684.0,7670.0,7671.0,1.4052
1786921200,7679.0,7679.0,7672.0,7675.0,0.9352
1786924800,7674.0,7676.0,7670.0,7676.0,7.3298
1786928400,7684.0,7749.0,7684.0,7739.0,2.3405
1786932000,7736.0,7776.0,7728.0,7773.0,5.1781
1786935600,7771.0,7773.0,7761.0,7764.0,1.7768
1786939200,7765.0,7767.0,7762.0,7764.0,2.7354
1786942800,7764.0,7764.0,7750.0,7751.0,2.4705
1786946400,7750.0,7784.0,7744.0,7773.0,4.3764
1786950000,7759.0,7759.0,7741.0,7741.0,1.2578
1786953600,7742.0,7742.0,7705.0,7705.0,11.8057
1786957200,7709.0,7717.0,7709.0,7709.0,0.7607
1786960800,7708.0,7756.0,7704.0,7756.0,4.2433
1786964400,7751.0,7754.0,7745.0,7745.0,0.9077
1786968000,7750.0,7750.0,7724.0,7725.0,2.4269
1786971600,7725.0,7751.0,7723.0,7744.0,1.1705
1786975200,7744.0,7753.0,7733.0,7753.0,1.3998
1786978800,7752.0,7768.0,7747.0,7768.0,2.9484
1786982400,7758.0,7758.0,7753.0,7758.0,0.2166
1786986000,7769.0,7769.0,7750.0,7750.0,0.4684
1786989600,7750.0,7750.0,7750.0,7750.0,0.0
1786993200,7750.0,7750.0,7750.0,7750.0,0.0
1786996800,7750.0,7750.0,7750.0,7750.0,0.0
1787000400,7753.0,7753.0,7746.0,7746.0,0.0074
1787004000,7743.0,7743.0,7742.0,7743.0,0.1527
1787007600,7749.0,7775.0,7749.0,7773.0,2.0139
1787011200,7763.0,7764.0,7756.0,7756.0,0.7737
1787014800,7754.0,7754.0,7728.0,7728.0,1.5419
1787018400,7724.0,7724.0,7697.0,7698.0,8.1623
1787022000,7700.0,7703.0,7686.0,7703.0,1.084
1787025600,7699.0,7705.0,7699.0,7705.0,1.0907
1787029200,7706.0,7710.0,7703.0,7706.0,3.929
1787032800,7703.0,7739.0,7703.0,7726.0,4.0786
1787036400,7728.0,7728.0,7716.0,7716.0,0.9866
1787040000,7704.0,7721.0,7704.0,7721.0,7.6243
1787043600,7721.0,7721.0,7709.0,7709.0,4.0604
1787047200,7709.0,7713.0,7709.0,7713.0,0.8422
1787050800,7717.0,7730.0,7717.0,7729.0,0.8055
1787054400,7730.0,7730.0,7721.0,7726.0,4.2846
1787058000,7724.0,7724.0,7710.0,7723.0,0.9181
1787061600,7723.0,7802.0,7723.0,7773.0,46.1718
1787065200,7774.0,7797.0,7767.0,7792.0,21.3022
1787068800,7788.0,7797.0,7781.0,7797.0,3.1319
1787072400,7782.0,7782.0,7771.0,7774.0,0.6174
1787076000,7774.0,7780.0,7774.0,7780.0,0.021
1787079600,7780.0,7780.0,7780.0,7780.0,0.0
1787083200,7780.0,7780.0,7780.0,7780.0,0.0
1787086800,7777.0,7778.0,7777.0,7778.0,0.014
1787090400,7778.0,7778.0,7777.0,7777.0,0.5596
1787094000,7777.0,7790.0,7763.0,7790.0,0.5006
1787097600,7779.0,7785.0,7771.0,7778.0,0.5189
1787101200,7776.0,7788.0,7774.0,7774.0,1.0781
1787104800,7773.0,7773.0,7757.0,7760.0,0.8378
1787108400,7757.0,7774.0,7751.0,7774.0,6.3611
1787112000,7770.0,7774.0,7770.0,7772.0,1.066
1787115600,7772.0,7774.0,7770.0,7774.0,1.812
1787119200,7770.0,7793.0,7755.0,7793.0,3.2284
1787122800,7795.0,7798.0,7789.0,7796.0,0.7726
1787126400,7795.0,7823.0,7789.0,7823.0,2.6736
1787130000,7816.0,7816.0,7805.0,7805.0,1.1586
1787133600,7801.0,7805.0,7801.0,7805.0,0.2473
1787137200,7813.0,7819.0,7813.0,7817.0,3.9317
1787140800,7818.0,7880.0,7817.0,7872.0,20.9535
1787144400,7872.0,7872.0,7843.0,7855.0,7.6035
1787148000,7855.0,8011.0,7855.0,7994.0,52.4198
1787151600,7995.0,8500.0,7982.0,8448.0,164.9955
1787155200,8419.0,8507.0,8000.0,8478.0,67.6293
1787158800,8471.0,8480.0,8400.0,8479.0,6.0583
1787162400,8474.0,8475.0,8435.0,8475.0,3.2235
1787166000,8480.0,8519.0,8479.0,8519.0,45.1837
1787169600,8519.0,9007.0,8519.0,8977.0,116.6857
1787173200,8983.0,9359.0,8979.0,9242.0,89.8999
1787176800,9240.0,9240.0,9065.0,9081.0,14.8428
1787180400,9076.0,9118.0,9000.0,9085.0,21.5016
1787184000,9077.0,9143.0,9077.0,9088.0,19.6054
1787187600,9103.0,9119.0,9065.0,9114.0,35.7858
1787191200,9114.0,9114.0,9037.0,9046.0,11.5147
1787194800,9046.0,9070.0,8972.0,9057.0,13.5448
1787198400,9055.0,9070.0,9053.0,9055.0,5.3234
1787202000,9052.0,9062.0,9027.0,9036.0,5.6406
1787205600,9040.0,9100.0,9010.0,9100.0,11.7256
1787209200,9098.0,9100.0,9054.0,9062.0,8.1162
1787212800,9060.0,9184.0,9059.0,9176.0,28.3705
1787216400,9173.0,9218.0,9167.0,9174.0,66.0696
1787220000,9173.0,9218.0,9162.0,9184.0,17.8117
1787223600,9198.0,9299.0,9198.0,9227.0,11.9522
1787227200,9230.0,9230.0,9127.0,9192.0,12.2809
1787230800,9189.0,9218.0,9092.0,9143.0,22.3697
1787234400,9149.0,9183.0,9135.0,9149.0,10.5121
1787238000,9149.0,9325.0,9149.0,9312.0,44.1488
1787241600,9309.0,9359.0,9298.0,9356.0,39.5736
1787245200,9325.0,9345.0,9303.0,9340.0,5.5845
1787248800,9330.0,9331.0,9276.0,9277.0,6.5489
1787252400,9276.0,9300.0,9264.0,9275.0,0.8638
1787256000,9270.0,9270.0,9234.0,9234.0,0.0997
1787259600,9251.0,9265.0,9232.0,9232.0,0.7379
1787263200,9227.0,9227.0,9182.0,9200.0,3.4801
1787266800,9200.0,9330.0,9199.0,9330.0,8.6466
1787270400,9330.0,9389.0,9330.0,9376.0,57.1972
1787274000,9379.0,9500.0,9379.0,9450.0,135.8035
1787277600,9455.0,9460.0,9417.0,9420.0,14.6536
1787281200,9421.0,9421.0,9388.0,9396.0,13.1679
1787284800,9399.0,9421.0,9396.0,9421.0,3.8252
1787288400,9421.0,9444.0,9417.0,9444.0,4.8771
1787292000,9444.0,9500.0,9259.0,9500.0,69.094
1787295600,9499.0,9554.0,9491.0,9497.0,22.6557
1787299200,9499.0,9689.0,9499.0,9689.0,95.6759
1787302800,9680.0,9680.0,9530.0,9565.0,30.0836
1787306400,9581.0,9600.0,9550.0,9583.0,8.3587
1787310000,9571.0,9571.0,9464.0,9501.0,19.2338
1787313600,9501.0,9584.0,9491.0,9572.0,6.4755
1787317200,9584.0,9610.0,9501.0,9570.0,28.4313
1787320800,9560.0,9599.0,9517.0,9578.0,20.9049
1787324400,9578.0,9631.0,9578.0,9611.0,24.8862
1787328000,9611.0,9665.0,9552.0,9658.0,19.2386
1787331600,9649.0,9721.0,9649.0,9719.0,50.3108
1787335200,9721.0,9747.0,9630.0,9695.0,4.6461
1787338800,9694.0,9700.0,9667.0,9682.0,3.1629
1787342400,9676.0,9777.0,9676.0,9759.0,34.8692
1787346000,9761.0,9995.0,9751.0,9951.0,53.0153
1787349600,9995.0,10100.0,9986.0,10051.0,35.3345
1787353200,10051.0,10097.0,10005.0,10031.0,12.2948
1787356800,10030.0,10040.0,9950.0,10018.0,24.0017
1787360400,10026.0,10050.0,10000.0,10019.0,10.2471
1787364000,10014.0,10014.0,9940.0,9960.0,25.5856
1787367600,9975.0,10034.0,9966.0,10022.0,8.317
1787371200,10022.0,10050.0,10000.0,10039.0,20.1763
1787374800,10039.0,10039.0,9656.0,9718.0,122.8748
1787378400,9748.0,9771.0,9685.0,9758.0,8.5022
1787382000,9792.0,9809.0,9751.0,9771.0,34.982
1787385600,9770.0,9801.0,9722.0,9727.0,19.7794
1787389200,9736.0,9759.0,9660.0,9727.0,57.7346
1787392800,9729.0,9729.0,9600.0,9649.0,22.6302
1787396400,9649.0,9660.0,9600.0,9641.0,7.1241
1787400000,9660.0,9729.0,9651.0,9718.0,1.0879
1787403600,9714.0,9714.0,9690.0,9690.0,1.567
1787407200,9686.0,9689.0,9650.0,9650.0,5.0748
1787410800,9650.0,9650.0,9388.0,9561.0,23.6115
1787414400,9561.0,9618.0,9550.0,9618.0,8.7473
1787418000,9618.0,9650.0,9617.0,9650.0,1.6945
1787421600,9636.0,9650.0,9636.0,9650.0,1.0846
1787425200,9648.0,9666.0,9648.0,9666.0,0.2883
1787428800,9693.0,9693.0,9670.0,9670.0,0.0444
1787432400,9668.0,9668.0,9600.0,9600.0,2.3535
1787436000,9600.0,9623.0,9587.0,9620.0,1.2465
1787439600,9616.0,9662.0,9600.0,9649.0,3.9009
1787443200,9640.0,9675.0,9618.0,9660.0,8.8162
1787446800,9653.0,9683.0,9649.0,9662.0,3.5891
1787450400,9662.0,9678.0,9596.0,9607.0,10.9612
1787454000,9610.0,9650.0,9514.0,9610.0,10.7534
1787457600,9606.0,9619.0,9478.0,9478.0,12.3994
1787461200,9477.0,9481.0,9350.0,9465.0,43.6535
1787464800,9465.0,9598.0,9345.0,9524.0,21.8686
1787468400,9521.0,9551.0,9520.0,9551.0,1.5182
1787472000,9549.0,9662.0,9549.0,9636.0,7.1814
1787475600,9636.0,9657.0,9630.0,9631.0,15.7985
1787479200,9640.0,9664.0,9630.0,9660.0,4.7549
1787482800,9663.0,9709.0,9635.0,9705.0,4.5045
1787486400,9701.0,9701.0,9653.0,9688.0,17.4541
1787490000,9685.0,9883.0,9685.0,9813.0,12.3829
1787493600,9821.0,9864.0,9601.0,9779.0,32.3985
1787497200,9765.0,9816.0,9744.0,9778.0,5.6656
1787500800,9795.0,9832.0,9795.0,9832.0,6.5117
1787504400,9826.0,9826.0,9772.0,9795.0,5.6941
1787508000,9783.0,9806.0,9778.0,9800.0,1.6878
1787511600,9799.0,9806.0,9776.0,9798.0,5.1496
1787515200,9798.0,9798.0,9798.0,9798.0,0.0
1787518800,9799.0,9911.0,9675.0,9911.0,11.0158
1787522400,9878.0,9878.0,9831.0,9831.0,2.3501
1787526000,9830.0,9853.0,9778.0,9853.0,8.2091
1787529600,9845.0,9871.0,9803.0,9853.0,13.3228
1787533200,9858.0,9921.0,9758.0,9758.0,20.3445
1787536800,9759.0,9832.0,9669.0,9796.0,16.6608
1787540400,9792.0,9800.0,9770.0,9783.0,4.494
1787544000,9783.0,9830.0,9783.0,9806.0,2.9597
1787547600,9807.0,9876.0,9807.0,9855.0,3.4328
1787551200,9855.0,9902.0,9844.0,9890.0,2.1322
1787554800,9891.0,9945.0,9891.0,9892.0,6.596
1787558400,9891.0,9892.0,9827.0,9892.0,5.869
1787562000,9900.0,9927.0,9900.0,9923.0,3.0633
1787565600,9927.0,10000.0,9924.0,9925.0,36.9509
1787569200,9907.0,10090.0,9907.0,10041.0,16.4456
1787572800,10038.0,10150.0,9983.0,10135.0,40.6493
1787576400,10135.0,10137.0,10002.0,10050.0,24.5095
1787580000,10050.0,10179.0,10050.0,10130.0,15.1785
1787583600,10143.0,10185.0,9992.0,10000.0,36.6396
1787587200,10005.0,10072.0,9960.0,9960.0,5.1605
1787590800,9975.0,9975.0,9901.0,9930.0,5.7296
1787594400,9934.0,9985.0,9934.0,9957.0,3.9762
1787598000,9940.0,9943.0,9924.0,9924.0,0.4149
1787601600,9938.0,9958.0,9925.0,9949.0,0.5347
1787605200,9957.0,9990.0,9957.0,9990.0,0.1722
1787608800,9992.0,9992.0,9917.0,9977.0,7.2768
1787612400,9956.0,10002.0,9956.0,9973.0,1.0406
1787616000,9986.0,10049.0,9946.0,10046.0,17.9577
1787619600,10032.0,10068.0,10010.0,10040.0,5.5071
1787623200,10049.0,10169.0,10034.0,10079.0,14.9735
1787626800,10080.0,10098.0,10030.0,10032.0,4.1467
1787630400,10059.0,10059.0,10031.0,10033.0,2.7935
1787634000,10033.0,10088.0,10033.0,10087.0,3.7964
1787637600,10088.0,10100.0,10064.0,10064.0,5.6652
1787641200,10064.0,10095.0,9951.0,10004.0,10.7594
1787644800,9995.0,10053.0,9977.0,10003.0,1.9153
1787648400,10003.0,10024.0,9950.0,9950.0,6.1355
1787652000,9969.0,10001.0,9960.0,10001.0,0.7395
1787655600,10002.0,10015.0,9990.0,10011.0,9.9887
1787659200,10010.0,10010.0,9936.0,9981.0,11.2328
1787662800,9981.0,9981.0,9856.0,9917.0,8.5294
1787666400,9926.0,10000.0,9922.0,9984.0,8.9544
1787670000,9984.0,10001.0,9960.0,10001.0,8.5757
1787673600,10001.0,10016.0,9964.0,9979.0,1.4506
1787677200,9971.0,9971.0,9918.0,9963.0,1.9387
1787680800,9966.0,9977.0,9965.0,9965.0,0.334
1787684400,9954.0,9955.0,9930.0,9930.0,0.4302
1787688000,9925.0,9925.0,9853.0,9854.0,0.7907
1787691600,9853.0,9853.0,9785.0,9850.0,11.8947
1787695200,9869.0,9896.0,9869.0,9896.0,4.9512
1787698800,9904.0,9913.0,9862.0,9862.0,2.6685
1787702400,9863.0,9884.0,9850.0,9884.0,2.7901
1787706000,9878.0,9915.0,9878.0,9901.0,1.6737
1787709600,9903.0,9935.0,9900.0,9935.0,10.5478
1787713200,9935.0,9935.0,9918.0,9923.0,11.5611
1787716800,9921.0,9938.0,9911.0,9911.0,1.8465
1787720400,9902.0,9924.0,9894.0,9919.0,1.4807
1787724000,9922.0,9922.0,9891.0,9899.0,4.584
1787727600,9905.0,9923.0,9905.0,9918.0,1.4288
1787731200,9907.0,9910.0,9889.0,9889.0,3.5086
1787734800,9886.0,9891.0,9833.0,9844.0,10.386
1787738400,9846.0,9927.0,9835.0,9927.0,7.251
1787742000,9936.0,9936.0,9891.0,9905.0,0.8925
1787745600,9905.0,9925.0,9844.0,9879.0,11.3283
1787749200,9864.0,9884.0,9812.0,9878.0,10.0518
1787752800,9879.0,9889.0,9801.0,9801.0,4.4031
1787756400,9810.0,9851.0,9787.0,9851.0,7.2677
1787760000,9845.0,9855.0,9802.0,9825.0,4.3809
1787763600,9819.0,9888.0,9819.0,9882.0,3.4799
1787767200,9886.0,9900.0,9886.0,9900.0,4.3834
1787770800,9926.0,9951.0,9924.0,9929.0,0.9977
1787774400,9922.0,9922.0,9922.0,9922.0,0.0102
1787778000,9921.0,10024.0,9921.0,10010.0,3.8658
1787781600,10010.0,10075.0,10001.0,10001.0,5.2546
1787785200,10000.0,10061.0,9993.0,10055.0,8.2032
1787788800,10056.0,10062.0,10015.0,10015.0,10.964
1787792400,10016.0,10051.0,10002.0,10051.0,6.6239
1787796000,10053.0,10053.0,10027.0,10028.0,4.5046
1787799600,10026.0,10027.0,10014.0,10014.0,6.9566
1787803200,10020.0,10026.0,10000.0,10001.0,1.2507
1787806800,10000.0,10028.0,9991.0,10028.0,8.6219
1787810400,10026.0,10026.0,10000.0,10016.0,1.4238
1787814000,10017.0,10028.0,10014.0,10028.0,12.5821
1787817600,10027.0,10201.0,10027.0,10170.0,63.471
1787821200,10171.0,10288.0,10165.0,10188.0,18.5556
1787824800,10175.0,10194.0,10012.0,10069.0,9.2502
1787828400,10071.0,10074.0,10051.0,10052.0,0.8765
1787832000,10055.0,10065.0,10036.0,10036.0,2.2555
1787835600,10037.0,10072.0,9992.0,10028.0,1.8276
1787839200,10033.0,10128.0,10015.0,10102.0,13.9617
1787842800,10116.0,10165.0,10102.0,10138.0,22.0155
1787846400,10140.0,10156.0,10131.0,10151.0,2.9124
1787850000,10141.0,10171.0,10124.0,10134.0,2.5129
1787853600,10133.0,10133.0,10035.0,10064.0,2.219
1787857200,10065.0,10087.0,10055.0,10055.0,0.2255
1787860800,10055.0,10070.0,10055.0,10064.0,0.0499
1787864400,10073.0,10073.0,10060.0,10060.0,0.1219
1787868000,10065.0,10098.0,10065.0,10094.0,0.2809
1787871600,10094.0,10096.0,10093.0,10095.0,9.2323
1787875200,10091.0,10114.0,10083.0,10102.0,4.8867
1787878800,10106.0,10154.0,10027.0,10082.0,21.1731
1787882400,10078.0,10078.0,10003.0,10004.0,2.1286
1787886000,10004.0,10010.0,10001.0,10002.0,20.0726
1787889600,10001.0,10007.0,9980.0,9994.0,9.6519
1787893200,9994.0,10023.0,9989.0,10023.0,5.3601
1787896800,10023.0,10056.0,10023.0,10054.0,3.0561
1787900400,10054.0,10054.0,10035.0,10039.0,8.0605
1787904000,10040.0,10054.0,10018.0,10018.0,3.0905
1787907600,10018.0,10020.0,10006.0,10014.0,10.777
1787911200,10013.0,10059.0,10001.0,10059.0,5.8356
1787914800,10072.0,10084.0,10066.0,10067.0,2.2686
1787918400,10067.0,10067.0,10043.0,10045.0,2.4487
1787922000,10045.0,10100.0,10045.0,10100.0,6.5502
1787925600,10094.0,10143.0,9955.0,10099.0,21.6548
1787929200,10100.0,10115.0,9952.0,9952.0,4.5699
1787932800,9950.0,9950.0,9716.0,9825.0,39.4724
1787936400,9815.0,9835.0,9815.0,9834.0,6.3473
1787940000,9835.0,9835.0,9738.0,9764.0,13.2086
1787943600,9792.0,9814.0,9792.0,9810.0,13.4762
1787947200,9801.0,9801.0,9771.0,9772.0,0.6831
1787950800,9771.0,9791.0,9771.0,9772.0,24.1913
1787954400,9771.0,9813.0,9771.0,9813.0,26.4824
1787958000,9819.0,9819.0,9815.0,9816.0,2.6282
1787961600,9816.0,9846.0,9816.0,9836.0,3.3849
1787965200,9836.0,9836.0,9834.0,9834.0,14.3232
1787968800,9835.0,9835.0,9826.0,9827.0,2.7848
1787972400,9827.0,9831.0,9733.0,9827.0,17.1494
1787976000,9827.0,9827.0,9826.0,9827.0,0.9797
1787979600,9831.0,9838.0,9831.0,9834.0,5.4647
1787983200,9833.0,9833.0,9815.0,9818.0,1.6631
1787986800,9818.0,9824.0,9818.0,9824.0,3.8366
1787990400,9820.0,9821.0,9820.0,9820.0,0.3944
1787994000,9821.0,9828.0,9821.0,9828.0,0.4659
1787997600,9827.0,9829.0,9827.0,9829.0,0.2113
1788001200,9829.0,9831.0,9829.0,9831.0,0.1853
1788004800,9830.0,9832.0,9829.0,9829.0,0.3439
1788008400,9830.0,9830.0,9829.0,9829.0,0.2709
1788012000,9829.0,9874.0,9829.0,9874.0,8.7372
1788015600,9869.0,9869.0,9858.0,9860.0,5.9451
1788019200,9863.0,9890.0,9863.0,9882.0,5.0511
1788022800,9886.0,9888.0,9886.0,9888.0,0.5327
1788026400,9879.0,9888.0,9871.0,9888.0,0.4816
1788030000,9887.0,9889.0,9887.0,9889.0,12.3644
1788033600,9889.0,9889.0,9889.0,9889.0,0.0
1788037200,9891.0,9891.0,9889.0,9889.0,0.1246
1788040800,9889.0,9889.0,9889.0,9889.0,0.0
1788044400,9889.0,9905.0,9889.0,9905.0,0.2813
1788048000,9905.0,9928.0,9903.0,9925.0,0.8997
1788051600,9918.0,9937.0,9909.0,9914.0,21.3139
1788055200,9910.0,9910.0,9907.0,9907.0,11.1116
1788058800,9908.0,9908.0,9903.0,9908.0,0.2763
1788062400,9907.0,9907.0,9902.0,9902.0,0.3738
1788066000,9904.0,9907.0,9903.0,9903.0,0.8019
1788069600,9903.0,9911.0,9903.0,9911.0,23.1296
1788073200,9911.0,9913.0,9911.0,9912.0,2.8445
1788076800,9911.0,9917.0,9911.0,9917.0,0.6514
1788080400,9916.0,9916.0,9908.0,9908.0,1.653
1788084000,9908.0,9908.0,9907.0,9908.0,7.8196
1788087600,9908.0,9910.0,9908.0,9910.0,0.0053
1788091200,9910.0,9950.0,9910.0,9950.0,5.2705
1788094800,9949.0,9986.0,9939.0,9986.0,1.0351
1788098400,9988.0,9996.0,9983.0,9993.0,10.9846
1788102000,9993.0,10006.0,9991.0,10006.0,6.1074
1788105600,10010.0,10217.0,10010.0,10195.0,13.6174
1788109200,10189.0,10189.0,10070.0,10102.0,4.6159
1788112800,10105.0,10124.0,10085.0,10124.0,0.4347
1788116400,10119.0,10119.0,10086.0,10086.0,0.1855
1788120000,10093.0,10102.0,10043.0,10069.0,18.6827
1788123600,10046.0,10046.0,9940.0,10006.0,2.7176
1788127200,10007.0,10009.0,9947.0,9973.0,1.6671
1788130800,9938.0,9938.0,9645.0,9766.0,30.2361
1788134400,9765.0,9847.0,9741.0,9831.0,13.0788
1788138000,9815.0,9815.0,9760.0,9760.0,3.1068
1788141600,9760.0,9789.0,9723.0,9733.0,20.2637
1788145200,9737.0,9802.0,9728.0,9792.0,4.6132
1788148800,9770.0,9782.0,9768.0,9781.0,5.2502
1788152400,9771.0,9848.0,9771.0,9834.0,2.6831
1788156000,9838.0,9867.0,9834.0,9866.0,0.3606
1788159600,9865.0,9866.0,9845.0,9861.0,0.9766
1788163200,9861.0,9870.0,9834.0,9870.0,1.6199
1788166800,9871.0,9898.0,9871.0,9889.0,6.6166
