timestamp,open,high,low,close,volume
1724587200,11973.0,12047.0,11957.0,12019.0,15.3957
1724601600,12015.0,12049.0,12014.0,12019.0,3.0673
1724616000,12031.0,12111.0,11942.0,11947.0,6.5256
1724630400,11944.0,11982.0,11863.0,11910.0,22.7208
1724644800,11922.0,11946.0,11862.0,11879.0,31.1162
1724659200,11879.0,11913.0,11810.0,11891.0,134.2973
1724673600,11891.0,11891.0,11786.0,11826.0,19.2005
1724688000,11814.0,11853.0,11676.0,11676.0,11.781
1724702400,11676.0,11692.0,11644.0,11677.0,11.195
1724716800,11678.0,11694.0,11675.0,11684.0,23.3133
1724731200,11688.0,11744.0,11687.0,11709.0,15.5528
1724745600,11708.0,11715.0,11470.0,11496.0,28.961
1724760000,11496.0,11497.0,11221.0,11282.0,69.6919
1724774400,11282.0,11284.0,11222.0,11263.0,38.0804
1724788800,11261.0,11267.0,10530.0,10775.0,175.1931
1724803200,10774.0,10822.0,10611.0,10822.0,121.8165
1724817600,10818.0,10846.0,10671.0,10671.0,44.7551
1724832000,10671.0,11102.0,10655.0,11001.0,53.0366
1724846400,11001.0,11045.0,10819.0,10877.0,46.7617
1724860800,10863.0,11070.0,10709.0,10942.0,40.8418
1724875200,10942.0,11100.0,10942.0,11033.0,17.6686
1724889600,11033.0,11044.0,10953.0,10959.0,18.3193
1724904000,10955.0,11097.0,10944.0,11075.0,26.1815
1724918400,11075.0,11093.0,10969.0,11051.0,354.9866
1724932800,11051.0,11199.0,11050.0,11143.0,40.2306
1724947200,11146.0,11175.0,10950.0,10962.0,49.7658
1724961600,10963.0,10988.0,10900.0,10933.0,25.9156
1724976000,10933.0,10951.0,10891.0,10903.0,20.4824
1724990400,10903.0,10951.0,10870.0,10891.0,32.1303
1725004800,10891.0,10953.0,10891.0,10906.0,25.4952
1725019200,10906.0,10999.0,10600.0,10632.0,81.7493
1725033600,10632.0,10998.0,10606.0,10878.0,36.2611
1725048000,10876.0,10948.0,10876.0,10946.0,4.8647
1725062400,10947.0,10974.0,10938.0,10969.0,7.4654
1725076800,10969.0,10998.0,10962.0,10965.0,9.4042
1725091200,10965.0,10992.0,10930.0,10992.0,8.327
1725105600,10973.0,10993.0,10940.0,10949.0,21.3635
1725120000,10949.0,10949.0,10861.0,10866.0,12.9227
1725134400,10864.0,10966.0,10864.0,10937.0,4.8405
1725148800,10937.0,10939.0,10800.0,10828.0,38.6471
1725163200,10829.0,10830.0,10618.0,10774.0,45.6487
1725177600,10774.0,10791.0,10721.0,10743.0,53.5843
1725192000,10743.0,10799.0,10639.0,10783.0,29.952
1725206400,10792.0,10881.0,10709.0,10848.0,19.0793
1725220800,10867.0,10905.0,10467.0,10564.0,75.2366
1725235200,10554.0,10665.0,10551.0,10648.0,31.6407
1725249600,10650.0,10702.0,10610.0,10623.0,32.6416
1725264000,10624.0,11000.0,10624.0,10965.0,59.0587
1725278400,10966.0,10993.0,10894.0,10963.0,23.079
1725292800,10963.0,10985.0,10928.0,10978.0,5.6132
1725307200,10978.0,11110.0,10978.0,11031.0,22.3699
1725321600,11038.0,11110.0,11008.0,11009.0,29.4298
1725336000,11010.0,11028.0,10979.0,11005.0,8.638
1725350400,11004.0,11005.0,10889.0,10948.0,26.1358
1725364800,10948.0,10991.0,10694.0,10695.0,33.0999
1725379200,10695.0,10788.0,10658.0,10712.0,19.238
1725393600,10729.0,10767.0,10600.0,10613.0,13.8407
1725408000,10625.0,10699.0,10133.0,10404.0,142.9573
1725422400,10404.0,10499.0,10352.0,10476.0,53.3243
1725436800,10479.0,10510.0,10450.0,10470.0,24.3219
1725451200,10473.0,10700.0,10457.0,10699.0,63.1252
1725465600,10699.0,10800.0,10657.0,10685.0,31.8331
1725480000,10685.0,10748.0,10662.0,10677.0,10.1163
1725494400,10666.0,10707.0,10481.0,10481.0,73.9312
1725508800,10480.0,10503.0,10379.0,10480.0,22.4224
1725523200,10490.0,10491.0,10408.0,10410.0,42.7312
1725537600,10408.0,10478.0,10293.0,10324.0,56.5083
1725552000,10325.0,10414.0,10272.0,10287.0,29.5955
1725566400,10288.0,10336.0,10273.0,10314.0,28.016
1725580800,10316.0,10468.0,10308.0,10431.0,16.4391
1725595200,10431.0,10431.0,10136.0,10200.0,61.5931
1725609600,10199.0,10334.0,10199.0,10324.0,27.4867
1725624000,10321.0,10450.0,9936.0,9988.0,223.3282
1725638400,9987.0,9987.0,9652.0,9680.0,154.3097
1725652800,9678.0,9683.0,9370.0,9683.0,84.9365
1725667200,9693.0,9852.0,9693.0,9807.0,62.5961
1725681600,9811.0,10013.0,9808.0,10013.0,25.6463
1725696000,10006.0,10045.0,9974.0,9990.0,34.9169
1725710400,9983.0,10089.0,9983.0,10073.0,30.9523
1725724800,10054.0,10072.0,9902.0,10000.0,16.2282
1725739200,10005.0,10005.0,9890.0,9933.0,15.6127
1725753600,9923.0,9993.0,9901.0,9975.0,17.5667
1725768000,9988.0,10046.0,9982.0,10019.0,13.2791
1725782400,10018.0,10049.0,10000.0,10022.0,11.1266
1725796800,10022.0,10024.0,9812.0,9812.0,36.213
1725811200,9813.0,9922.0,9750.0,9908.0,22.8867
1725825600,9907.0,10126.0,9900.0,10020.0,11.315
1725840000,10004.0,10108.0,9989.0,10042.0,38.515
1725854400,10041.0,10101.0,9969.0,10101.0,26.1029
1725868800,10100.0,10207.0,10100.0,10146.0,54.2419
1725883200,10145.0,10152.0,9986.0,10045.0,93.5973
1725897600,10046.0,10289.0,10046.0,10278.0,28.2293
1725912000,10265.0,10399.0,10252.0,10327.0,23.3768
1725926400,10329.0,10329.0,10232.0,10232.0,29.2369
1725940800,10231.0,10305.0,10200.0,10290.0,23.6149
1725955200,10300.0,10316.0,10203.0,10243.0,73.5676
1725969600,10243.0,10278.0,10133.0,10161.0,35.0256
1725984000,10158.0,10386.0,10157.0,10350.0,21.8751
1725998400,10342.0,10409.0,10336.0,10397.0,10.5499
1726012800,10391.0,10391.0,10221.0,10222.0,38.2475
1726027200,10221.0,10222.0,10128.0,10162.0,27.4226
1726041600,10165.0,10165.0,10071.0,10107.0,31.8674
1726056000,10107.0,10184.0,9930.0,10118.0,58.5525
1726070400,10121.0,10281.0,10121.0,10166.0,18.6071
1726084800,10198.0,10198.0,10155.0,10168.0,3.3015
1726099200,10171.0,10365.0,10171.0,10279.0,33.5562
1726113600,10277.0,10302.0,10211.0,10234.0,32.2244
1726128000,10251.0,10269.0,10193.0,10207.0,12.6031
1726142400,10202.0,10244.0,10072.0,10090.0,45.2719
1726156800,10090.0,10253.0,10090.0,10241.0,13.9833
1726171200,10255.0,10298.0,10191.0,10252.0,13.3007
1726185600,10252.0,10255.0,10194.0,10215.0,9.529
1726200000,10212.0,10213.0,10122.0,10125.0,10.359
1726214400,10141.0,10235.0,10124.0,10198.0,17.7143
1726228800,10194.0,10386.0,10150.0,10386.0,26.3915
1726243200,10388.0,10450.0,10376.0,10418.0,17.6664
1726257600,10419.0,10581.0,10408.0,10524.0,21.5814
1726272000,10514.0,10514.0,10459.0,10497.0,8.4387
1726286400,10490.0,10499.0,10428.0,10463.0,14.5962
1726300800,10464.0,10469.0,10436.0,10446.0,12.7595
1726315200,10458.0,10494.0,10453.0,10483.0,12.2306
1726329600,10482.0,10483.0,10359.0,10380.0,29.2298
1726344000,10415.0,10442.0,10415.0,10442.0,4.7962
1726358400,10443.0,10496.0,10442.0,10481.0,7.9741
1726372800,10482.0,10482.0,10480.0,10481.0,10.5058
1726387200,10481.0,10481.0,10403.0,10408.0,9.1488
1726401600,10405.0,10424.0,10389.0,10423.0,13.4359
1726416000,10423.0,10423.0,10235.0,10274.0,20.1704
1726430400,10272.0,10272.0,9930.0,10036.0,32.6739
1726444800,10019.0,10041.0,9800.0,9854.0,55.2781
1726459200,9849.0,9974.0,9849.0,9974.0,33.5699
1726473600,9974.0,10079.0,9940.0,9982.0,21.6684
1726488000,9981.0,10000.0,9855.0,9900.0,35.9445
1726502400,9902.0,9952.0,9850.0,9850.0,27.2833
1726516800,9852.0,9931.0,9839.0,9931.0,11.549
1726531200,9930.0,9930.0,9804.0,9850.0,29.0534
1726545600,9851.0,9937.0,9850.0,9936.0,25.1042
1726560000,9936.0,9957.0,9907.0,9911.0,23.1829
1726574400,9913.0,10236.0,9913.0,10198.0,45.7788
1726588800,10198.0,10200.0,9982.0,10036.0,21.5615
1726603200,10039.0,10064.0,9992.0,10006.0,5.9222
1726617600,10006.0,10007.0,9872.0,9965.0,26.2066
1726632000,9962.0,9963.0,9850.0,9918.0,29.3935
1726646400,9908.0,9911.0,9753.0,9837.0,55.4027
1726660800,9837.0,9877.0,9799.0,9802.0,40.6678
1726675200,9800.0,10046.0,9795.0,9909.0,36.8989
1726689600,9908.0,10071.0,9798.0,10071.0,18.7036
1726704000,10124.0,10298.0,10123.0,10250.0,86.3399
1726718400,10249.0,10368.0,10248.0,10357.0,60.967
1726732800,10355.0,10365.0,10261.0,10298.0,93.5741
1726747200,10297.0,10475.0,10252.0,10326.0,58.5184
1726761600,10336.0,10497.0,10312.0,10406.0,30.9462
1726776000,10401.0,10434.0,10392.0,10413.0,15.0685
1726790400,10412.0,10520.0,10259.0,10520.0,72.5661
1726804800,10519.0,10749.0,10519.0,10746.0,98.1918
1726819200,10746.0,10748.0,10668.0,10676.0,40.0613
1726833600,10676.0,10773.0,10516.0,10726.0,137.3141
1726848000,10726.0,10763.0,10630.0,10672.0,53.15
1726862400,10687.0,10750.0,10666.0,10750.0,5.6949
1726876800,10750.0,10845.0,10665.0,10715.0,41.2238
1726891200,10716.0,10747.0,10661.0,10747.0,13.5718
1726905600,10746.0,10747.0,10723.0,10744.0,5.0885
1726920000,10744.0,10841.0,10744.0,10782.0,22.944
1726934400,10783.0,10833.0,10774.0,10825.0,6.8151
1726948800,10818.0,10979.0,10800.0,10979.0,30.5693
1726963200,10979.0,11030.0,10901.0,10911.0,52.272
1726977600,10922.0,10936.0,10888.0,10901.0,16.8296
1726992000,10902.0,10919.0,10896.0,10898.0,18.7779
1727006400,10898.0,10898.0,10816.0,10858.0,20.995
1727020800,10848.0,10897.0,10824.0,10870.0,18.5736
1727035200,10876.0,10911.0,10650.0,10869.0,36.2751
1727049600,10855.0,11279.0,10703.0,11256.0,78.7405
1727064000,11257.0,11274.0,11080.0,11126.0,32.2088
1727078400,11126.0,11169.0,11103.0,11128.0,36.7762
1727092800,11128.0,11285.0,11105.0,11271.0,35.6552
1727107200,11279.0,11330.0,11212.0,11263.0,23.4028
1727121600,11263.0,11279.0,11134.0,11147.0,12.1125
1727136000,11160.0,11160.0,11001.0,11008.0,37.7995
1727150400,11008.0,11071.0,11000.0,11056.0,35.1242
1727164800,11056.0,11106.0,11000.0,11020.0,87.8062
1727179200,11021.0,11035.0,10877.0,10922.0,45.9715
1727193600,10913.0,11050.0,10897.0,11035.0,11.3447
1727208000,11029.0,11098.0,11024.0,11045.0,27.207
1727222400,11027.0,11027.0,10901.0,10954.0,31.9573
1727236800,10954.0,10954.0,10850.0,10862.0,29.8241
1727251200,10862.0,10893.0,10850.0,10892.0,33.9535
1727265600,10891.0,10915.0,10831.0,10833.0,44.7687
1727280000,10832.0,10834.0,10700.0,10700.0,25.4308
1727294400,10711.0,10738.0,10651.0,10696.0,8.3457
1727308800,10696.0,10799.0,10696.0,10786.0,33.4949
1727323200,10787.0,10883.0,10759.0,10883.0,25.5049
1727337600,10883.0,10932.0,10869.0,10910.0,19.092
1727352000,10906.0,11013.0,10851.0,10988.0,52.8865
1727366400,10988.0,11035.0,10903.0,10993.0,20.7851
1727380800,10994.0,10994.0,10891.0,10900.0,12.3733
1727395200,10894.0,10908.0,10840.0,10900.0,28.8316
1727409600,10903.0,11014.0,10903.0,10989.0,26.4564
1727424000,10989.0,11025.0,10932.0,10950.0,29.0274
1727438400,10959.0,11128.0,10950.0,11102.0,37.4972
1727452800,11102.0,11244.0,11091.0,11151.0,31.1505
1727467200,11151.0,11175.0,11116.0,11154.0,5.8296
1727481600,11154.0,11154.0,11120.0,11143.0,13.6872
1727496000,11142.0,11156.0,11099.0,11099.0,16.4853
1727510400,11091.0,11091.0,11000.0,11049.0,18.7871
1727524800,11053.0,11053.0,10977.0,11023.0,24.2372
1727539200,11023.0,11073.0,11018.0,11063.0,4.3391
1727553600,11064.0,11064.0,11016.0,11041.0,7.8408
1727568000,11062.0,11064.0,11001.0,11059.0,21.4878
1727582400,11060.0,11060.0,10941.0,10941.0,38.7847
1727596800,10941.0,10972.0,10915.0,10965.0,14.9582
1727611200,10979.0,10999.0,10937.0,10999.0,17.2742
1727625600,10998.0,10999.0,10971.0,10997.0,9.5867
1727640000,10998.0,10999.0,10952.0,10978.0,11.4362
1727654400,10967.0,10974.0,10736.0,10799.0,70.9236
1727668800,10800.0,10869.0,10776.0,10868.0,17.7953
1727683200,10870.0,10880.0,10732.0,10849.0,30.8592
1727697600,10848.0,10879.0,10747.0,10747.0,39.553
1727712000,10740.0,10777.0,10645.0,10699.0,33.2481
1727726400,10700.0,10792.0,10680.0,10740.0,26.0575
1727740800,10755.0,10944.0,10727.0,10931.0,73.8097
1727755200,10933.0,11059.0,10926.0,11027.0,62.7157
1727769600,11042.0,11042.0,10954.0,10959.0,31.3685
1727784000,10957.0,10975.0,10391.0,10544.0,94.4057
1727798400,10544.0,10552.0,10245.0,10416.0,88.7898
1727812800,10416.0,10416.0,10179.0,10262.0,84.9756
1727827200,10262.0,10463.0,10262.0,10417.0,44.4348
1727841600,10421.0,10429.0,10360.0,10382.0,14.9828
1727856000,10387.0,10388.0,10266.0,10299.0,46.1071
1727870400,10296.0,10324.0,10151.0,10304.0,42.6553
1727884800,10337.0,10386.0,9986.0,9986.0,90.6914
1727899200,9981.0,9999.0,9916.0,9952.0,43.9017
1727913600,9951.0,10129.0,9921.0,10129.0,74.8435
1727928000,10127.0,10138.0,10016.0,10017.0,24.2216
1727942400,10016.0,10023.0,9870.0,9999.0,65.0355
1727956800,9999.0,10028.0,9844.0,9950.0,67.7741
1727971200,9951.0,9986.0,9861.0,9986.0,14.7434
1727985600,9974.0,10000.0,9942.0,9993.0,7.6163
1728000000,9994.0,10099.0,9966.0,10056.0,20.9822
1728014400,10053.0,10110.0,10049.0,10102.0,23.6993
1728028800,10105.0,10137.0,10101.0,10120.0,9.1777
1728043200,10113.0,10248.0,10021.0,10248.0,56.1414
1728057600,10248.0,10342.0,10243.0,10284.0,16.7662
1728072000,10292.0,10299.0,10270.0,10271.0,4.7366
1728086400,10270.0,10286.0,10201.0,10204.0,8.5455
1728100800,10204.0,10291.0,10202.0,10272.0,5.8324
1728115200,10271.0,10300.0,10269.0,10279.0,11.4165
1728129600,10279.0,10292.0,10252.0,10268.0,8.3404
1728144000,10268.0,10268.0,10200.0,10200.0,7.0784
1728158400,10202.0,10257.0,10189.0,10257.0,2.9131
1728172800,10258.0,10294.0,10240.0,10273.0,8.0617
1728187200,10272.0,10288.0,10268.0,10287.0,8.8323
1728201600,10287.0,10288.0,10285.0,10287.0,21.9877
1728216000,10288.0,10417.0,10288.0,10391.0,37.1654
1728230400,10391.0,10401.0,10368.0,10373.0,9.4824
1728244800,10373.0,10389.0,10301.0,10364.0,10.4884
1728259200,10373.0,10700.0,10373.0,10650.0,79.0411
1728273600,10646.0,10650.0,10590.0,10613.0,16.4105
1728288000,10613.0,10619.0,10445.0,10542.0,27.0012
1728302400,10574.0,10776.0,10538.0,10587.0,65.3475
1728316800,10586.0,10589.0,10373.0,10419.0,46.1334
1728331200,10446.0,10481.0,10300.0,10357.0,13.9155
1728345600,10357.0,10477.0,10357.0,10451.0,21.31
1728360000,10451.0,10455.0,10365.0,10393.0,23.5398
1728374400,10392.0,10432.0,10368.0,10432.0,17.172
1728388800,10430.0,10500.0,10337.0,10351.0,33.8468
1728403200,10351.0,10490.0,10351.0,10415.0,14.7111
1728417600,10449.0,10515.0,10410.0,10450.0,15.012
1728432000,10449.0,10585.0,10426.0,10487.0,22.3657
1728446400,10485.0,10485.0,10446.0,10456.0,9.2004
1728460800,10456.0,10466.0,10428.0,10466.0,12.3863
1728475200,10476.0,10577.0,10408.0,10552.0,30.8106
1728489600,10554.0,10554.0,10370.0,10374.0,13.418
1728504000,10368.0,10368.0,10150.0,10177.0,26.133
1728518400,10200.0,10304.0,10186.0,10298.0,14.1079
1728532800,10299.0,10363.0,10291.0,10341.0,10.5648
1728547200,10342.0,10342.0,10233.0,10335.0,28.6751
1728561600,10328.0,10338.0,10230.0,10312.0,26.8937
1728576000,10341.0,10387.0,10100.0,10171.0,33.0065
1728590400,10175.0,10248.0,10154.0,10248.0,6.9542
1728604800,10247.0,10338.0,10216.0,10317.0,22.0013
1728619200,10334.0,10358.0,10308.0,10324.0,7.7591
1728633600,10328.0,10388.0,10328.0,10377.0,15.647
1728648000,10377.0,10500.0,10377.0,10481.0,28.4933
1728662400,10486.0,10552.0,10447.0,10524.0,12.4812
1728676800,10521.0,10535.0,10445.0,10450.0,3.7362
1728691200,10450.0,10484.0,10444.0,10460.0,13.3976
1728705600,10461.0,10490.0,10461.0,10478.0,6.6978
1728720000,10479.0,10543.0,10478.0,10515.0,5.635
1728734400,10515.0,10600.0,10500.0,10578.0,17.3647
1728748800,10589.0,10630.0,10588.0,10592.0,8.5393
1728763200,10598.0,10635.0,10593.0,10617.0,3.6993
1728777600,10617.0,10618.0,10517.0,10519.0,17.3924
1728792000,10518.0,10559.0,10511.0,10551.0,7.9365
1728806400,10553.0,10574.0,10527.0,10528.0,8.4543
1728820800,10537.0,10550.0,10453.0,10458.0,14.2306
1728835200,10454.0,10519.0,10454.0,10518.0,10.4842
1728849600,10510.0,10590.0,10506.0,10563.0,8.633
1728864000,10566.0,10744.0,10462.0,10743.0,40.5027
1728878400,10744.0,10850.0,10743.0,10820.0,79.0301
1728892800,10820.0,10834.0,10759.0,10834.0,80.6513
1728907200,10833.0,11248.0,10833.0,11223.0,104.0231
1728921600,11223.0,11240.0,11094.0,11182.0,29.0769
1728936000,11182.0,11250.0,11048.0,11192.0,50.7887
1728950400,11193.0,11214.0,11113.0,11147.0,32.3579
1728964800,11148.0,11149.0,11047.0,11148.0,35.5386
1728979200,11149.0,11187.0,11064.0,11070.0,25.4534
1728993600,11081.0,11370.0,10803.0,10989.0,86.5492
1729008000,11004.0,11081.0,10979.0,11014.0,30.5472
1729022400,11006.0,11042.0,10932.0,11024.0,8.545
1729036800,11033.0,11167.0,11014.0,11167.0,18.5762
1729051200,11167.0,11182.0,11124.0,11166.0,27.6147
1729065600,11180.0,11300.0,11178.0,11276.0,25.1531
1729080000,11263.0,11316.0,11139.0,11164.0,49.1196
1729094400,11183.0,11250.0,11132.0,11210.0,15.3017
1729108800,11219.0,11255.0,11211.0,11231.0,10.605
1729123200,11231.0,11320.0,11230.0,11320.0,25.1873
1729137600,11320.0,11350.0,11253.0,11280.0,35.0174
1729152000,11280.0,11300.0,11201.0,11204.0,38.4717
1729166400,11212.0,11294.0,11157.0,11294.0,24.1657
1729180800,11294.0,11298.0,11130.0,11175.0,13.4651
1729195200,11175.0,11237.0,11175.0,11212.0,9.1026
1729209600,11219.0,11360.0,11203.0,11260.0,28.1025
1729224000,11238.0,11336.0,11236.0,11336.0,19.5251
1729238400,11336.0,11358.0,11278.0,11301.0,43.7654
1729252800,11302.0,11414.0,11251.0,11412.0,29.9705
1729267200,11413.0,11452.0,11306.0,11400.0,23.0581
1729281600,11399.0,11399.0,11346.0,11354.0,3.6048
1729296000,11352.0,11400.0,11345.0,11392.0,10.5816
1729310400,11389.0,11390.0,11336.0,11336.0,11.8305
1729324800,11362.0,11375.0,11340.0,11340.0,7.5252
1729339200,11340.0,11375.0,11293.0,11373.0,30.6199
1729353600,11373.0,11373.0,11354.0,11366.0,2.5882
1729368000,11364.0,11366.0,11364.0,11365.0,3.107
1729382400,11366.0,11366.0,11350.0,11361.0,15.1792
1729396800,11360.0,11374.0,11353.0,11363.0,11.0885
1729411200,11372.0,11373.0,11352.0,11373.0,5.8521
1729425600,11373.0,11646.0,11373.0,11608.0,77.856
1729440000,11618.0,11618.0,11540.0,11592.0,14.4621
1729454400,11599.0,11790.0,11598.0,11767.0,35.1161
1729468800,11767.0,11817.0,11700.0,11709.0,32.7768
1729483200,11709.0,11734.0,11689.0,11698.0,32.1342
1729497600,11698.0,11707.0,11531.0,11607.0,34.8573
1729512000,11606.0,11607.0,11400.0,11428.0,44.8372
1729526400,11455.0,11489.0,11400.0,11476.0,28.4741
1729540800,11473.0,11489.0,11469.0,11470.0,8.3187
1729555200,11470.0,11481.0,11258.0,11378.0,40.1695
1729569600,11376.0,11440.0,11341.0,11433.0,32.1274
1729584000,11433.0,11433.0,11326.0,11375.0,36.3977
1729598400,11374.0,11396.0,11304.0,11353.0,41.0719
1729612800,11352.0,11359.0,11301.0,11357.0,9.9693
1729627200,11358.0,11407.0,11335.0,11336.0,3.3277
1729641600,11339.0,11353.0,11256.0,11329.0,17.4714
1729656000,11329.0,11379.0,11307.0,11307.0,11.673
1729670400,11316.0,11316.0,11177.0,11218.0,38.6331
1729684800,11214.0,11225.0,11033.0,11053.0,57.6792
1729699200,11058.0,11060.0,10728.0,10895.0,81.526
1729713600,10895.0,11041.0,10895.0,11015.0,29.0278
1729728000,11015.0,11170.0,10965.0,11102.0,44.7667
1729742400,11099.0,11122.0,11083.0,11085.0,18.044
1729756800,11084.0,11087.0,10924.0,11000.0,20.0546
1729771200,11000.0,11023.0,10951.0,10981.0,45.8676
1729785600,10982.0,11000.0,10921.0,10999.0,19.5672
1729800000,10999.0,11068.0,10988.0,11001.0,13.8273
1729814400,11002.0,11002.0,10921.0,10953.0,33.7842
1729828800,10954.0,10958.0,10709.0,10749.0,53.7848
1729843200,10749.0,11024.0,10749.0,11010.0,28.3684
1729857600,11022.0,11094.0,10911.0,10961.0,29.2487
1729872000,10948.0,11001.0,10700.0,10778.0,33.5297
1729886400,10778.0,10814.0,10375.0,10616.0,80.5425
1729900800,10608.0,10695.0,10587.0,10682.0,29.4766
1729915200,10683.0,10796.0,10681.0,10770.0,21.6595
1729929600,10770.0,10792.0,10750.0,10772.0,20.4491
1729944000,10773.0,10801.0,10685.0,10720.0,21.8974
1729958400,10726.0,10819.0,10715.0,10809.0,6.226
1729972800,10820.0,10909.0,10819.0,10828.0,20.6303
1729987200,10829.0,10829.0,10800.0,10819.0,5.1699
1730001600,10819.0,10841.0,10808.0,10820.0,8.4418
1730016000,10824.0,10824.0,10771.0,10774.0,8.1288
1730030400,10775.0,10904.0,10775.0,10886.0,25.7594
1730044800,10902.0,10915.0,10871.0,10878.0,10.9434
1730059200,10872.0,10970.0,10864.0,10920.0,17.1767
1730073600,10907.0,10910.0,10802.0,10803.0,26.8925
1730088000,10802.0,10980.0,10802.0,10948.0,30.1545
1730102400,10950.0,11059.0,10940.0,11011.0,36.7006
1730116800,11011.0,11034.0,10903.0,10903.0,47.6241
1730131200,10901.0,10970.0,10842.0,10908.0,15.4202
1730145600,10926.0,11250.0,10926.0,11164.0,47.3474
1730160000,11171.0,11391.0,11145.0,11337.0,66.1091
1730174400,11345.0,11419.0,11343.0,11374.0,48.1295
1730188800,11374.0,11450.0,11374.0,11434.0,28.1326
1730203200,11434.0,11500.0,11366.0,11500.0,68.0941
1730217600,11443.0,11600.0,11389.0,11389.0,36.7529
1730232000,11385.0,11457.0,11350.0,11448.0,9.8776
1730246400,11448.0,11457.0,11302.0,11456.0,33.3458
1730260800,11456.0,11652.0,11455.0,11646.0,50.5025
1730275200,11647.0,11700.0,11582.0,11582.0,28.5587
1730289600,11597.0,11804.0,11585.0,11688.0,62.2392
1730304000,11677.0,11710.0,11590.0,11590.0,13.2181
1730318400,11590.0,11645.0,11531.0,11573.0,8.023
1730332800,11574.0,11610.0,11530.0,11569.0,14.2643
1730347200,11578.0,11579.0,11450.0,11535.0,22.9251
1730361600,11528.0,11530.0,11450.0,11491.0,27.1388
1730376000,11501.0,11501.0,11068.0,11181.0,69.272
1730390400,11180.0,11180.0,10955.0,10968.0,45.7106
1730404800,10968.0,11017.0,10931.0,11008.0,28.8279
1730419200,11008.0,11032.0,10812.0,10959.0,44.6306
1730433600,10959.0,10992.0,10903.0,10962.0,22.7357
1730448000,10963.0,11040.0,10938.0,11015.0,27.0421
1730462400,11014.0,11291.0,10911.0,10966.0,68.9226
1730476800,10958.0,11077.0,10954.0,10992.0,18.0362
1730491200,10998.0,11043.0,10911.0,11004.0,13.4103
1730505600,11013.0,11046.0,11001.0,11001.0,8.7405
1730520000,11002.0,11012.0,10989.0,11001.0,12.5647
1730534400,11001.0,11002.0,10950.0,10955.0,9.298
1730548800,10955.0,10957.0,10861.0,10901.0,17.0432
1730563200,10906.0,10940.0,10897.0,10917.0,5.1471
1730577600,10918.0,10939.0,10910.0,10928.0,11.2349
1730592000,10929.0,10941.0,10680.0,10782.0,39.6312
1730606400,10782.0,10830.0,10752.0,10791.0,21.2415
1730620800,10791.0,10821.0,10769.0,10814.0,19.5091
1730635200,10814.0,10815.0,10661.0,10770.0,39.1447
1730649600,10771.0,10815.0,10661.0,10791.0,12.5454
1730664000,10801.0,10895.0,10773.0,10825.0,24.9951
1730678400,10825.0,10900.0,10716.0,10852.0,36.9907
1730692800,10852.0,10852.0,10781.0,10782.0,33.8443
1730707200,10786.0,10839.0,10772.0,10823.0,17.8507
1730721600,10822.0,10870.0,10699.0,10712.0,54.031
1730736000,10715.0,10715.0,10605.0,10660.0,37.6236
1730750400,10658.0,10659.0,10417.0,10542.0,67.9737
1730764800,10543.0,10699.0,10503.0,10592.0,66.9375
1730779200,10592.0,10668.0,10583.0,10658.0,26.571
1730793600,10664.0,10666.0,10626.0,10644.0,11.0832
1730808000,10644.0,10817.0,10644.0,10672.0,38.6429
1730822400,10667.0,10804.0,10550.0,10552.0,26.2651
1730836800,10551.0,10647.0,10550.0,10590.0,22.2384
1730851200,10590.0,11490.0,10590.0,11304.0,146.8493
1730865600,11309.0,11490.0,11200.0,11266.0,133.7787
1730880000,11267.0,11400.0,11067.0,11373.0,114.1508
1730894400,11400.0,11518.0,11290.0,11462.0,68.3667
1730908800,11393.0,11588.0,11364.0,11588.0,27.6042
1730923200,11587.0,11865.0,11529.0,11751.0,59.9516
1730937600,11751.0,12488.0,11657.0,12281.0,252.8354
1730952000,12333.0,12350.0,12000.0,12300.0,90.5536
1730966400,12321.0,12339.0,12224.0,12241.0,41.9346
1730980800,12239.0,12390.0,12130.0,12390.0,81.9841
1730995200,12348.0,12450.0,12281.0,12448.0,36.8831
1731009600,12459.0,12500.0,12392.0,12493.0,29.3902
1731024000,12493.0,12736.0,12480.0,12565.0,93.5175
1731038400,12569.0,12745.0,12567.0,12698.0,64.978
1731052800,12664.0,12736.0,12616.0,12701.0,53.6878
1731067200,12701.0,12849.0,12679.0,12786.0,92.4687
1731081600,12799.0,12888.0,12600.0,12819.0,31.2145
1731096000,12826.0,12899.0,12720.0,12880.0,24.8641
1731110400,12882.0,13040.0,12882.0,12950.0,85.4194
1731124800,12950.0,13330.0,12920.0,13228.0,116.8186
1731139200,13228.0,13380.0,13219.0,13380.0,38.3974
1731153600,13347.0,13354.0,13279.0,13312.0,50.9975
1731168000,13314.0,13500.0,13114.0,13432.0,72.0032
1731182400,13437.0,13743.0,13436.0,13700.0,100.0208
1731196800,13700.0,13750.0,13581.0,13689.0,96.5995
1731211200,13671.0,13905.0,13671.0,13827.0,101.2096
1731225600,13826.0,13979.0,13800.0,13979.0,56.8249
1731240000,13968.0,13980.0,13598.0,13854.0,88.119
1731254400,13854.0,13980.0,13700.0,13700.0,36.5305
1731268800,13700.0,13800.0,13400.0,13638.0,46.6478
1731283200,13616.0,13839.0,13601.0,13754.0,40.2656
1731297600,13753.0,13755.0,13200.0,13583.0,95.2109
1731312000,13581.0,13911.0,13550.0,13901.0,80.1466
1731326400,13909.0,13981.0,13700.0,13981.0,72.6917
1731340800,13981.0,14300.0,13980.0,14201.0,62.2234
1731355200,14201.0,14300.0,14001.0,14298.0,33.6331
1731369600,14299.0,14402.0,14072.0,14285.0,85.9962
1731384000,14285.0,14750.0,14285.0,14669.0,104.8589
1731398400,14667.0,14830.0,14000.0,14473.0,172.4861
1731412800,14439.0,14455.0,14000.0,14213.0,107.6671
1731427200,14212.0,14215.0,14000.0,14054.0,42.6235
1731441600,14054.0,14196.0,13600.0,13680.0,48.7293
1731456000,13680.0,13985.0,13601.0,13899.0,83.4805
1731470400,13904.0,13955.0,13593.0,13880.0,98.4212
1731484800,13876.0,14099.0,13751.0,14028.0,110.557
1731499200,14036.0,14544.0,14000.0,14379.0,148.9764
1731513600,14389.0,14456.0,13680.0,13701.0,52.2859
1731528000,13823.0,13986.0,13518.0,13912.0,41.109
1731542400,13976.0,14200.0,13912.0,14199.0,60.2608
1731556800,14189.0,14327.0,14101.0,14265.0,67.4114
1731571200,14248.0,14322.0,13990.0,14015.0,61.3304
1731585600,14075.0,14150.0,13550.0,13550.0,81.4664
1731600000,13550.0,14000.0,13514.0,13536.0,43.705
1731614400,13536.0,13696.0,13201.0,13345.0,85.7996
1731628800,13331.0,13589.0,13300.0,13588.0,72.2997
1731643200,13589.0,13600.0,13251.0,13550.0,90.8694
1731657600,13550.0,13837.0,13464.0,13770.0,80.2128
1731672000,13765.0,13826.0,13250.0,13306.0,99.438
1731686400,13303.0,13440.0,13222.0,13256.0,50.8698
1731700800,13256.0,13478.0,13222.0,13380.0,48.3784
1731715200,13380.0,13650.0,13191.0,13650.0,80.7112
1731729600,13649.0,13709.0,13350.0,13483.0,80.1341
1731744000,13482.0,13755.0,13408.0,13755.0,72.9582
1731758400,13754.0,13851.0,13351.0,13402.0,144.4642
1731772800,13394.0,13600.0,13300.0,13535.0,65.958
1731787200,13537.0,13537.0,13401.0,13499.0,10.6876
1731801600,13499.0,13599.0,13033.0,13273.0,105.736
1731816000,13268.0,13400.0,13050.0,13400.0,68.9997
1731830400,13400.0,13548.0,13380.0,13380.0,55.9742
1731844800,13379.0,13466.0,13251.0,13419.0,46.9698
1731859200,13403.0,13480.0,13200.0,13451.0,40.4914
1731873600,13452.0,13452.0,13216.0,13350.0,45.5497
1731888000,13352.0,13495.0,13351.0,13478.0,64.2539
1731902400,13480.0,13650.0,13450.0,13596.0,94.6357
1731916800,13592.0,13630.0,13300.0,13338.0,84.2882
1731931200,13301.0,13709.0,13301.0,13651.0,61.6956
1731945600,13685.0,13938.0,13600.0,13809.0,49.23
1731960000,13794.0,14068.0,13738.0,14008.0,93.3882
1731974400,14009.0,14049.0,13705.0,13862.0,65.4189
1731988800,13879.0,13900.0,13705.0,13826.0,53.4588
1732003200,13819.0,13901.0,13750.0,13897.0,64.3122
1732017600,13870.0,13950.0,13701.0,13819.0,87.9149
1732032000,13816.0,13942.0,13750.0,13894.0,25.3162
1732046400,13891.0,13891.0,13715.0,13852.0,32.3011
1732060800,13829.0,13861.0,13736.0,13809.0,50.0666
1732075200,13810.0,13900.0,13809.0,13880.0,42.6999
1732089600,13880.0,13939.0,13770.0,13817.0,80.7696
1732104000,13818.0,14001.0,13758.0,13890.0,117.1925
1732118400,13906.0,13908.0,13600.0,13655.0,71.4555
1732132800,13651.0,13783.0,13617.0,13749.0,26.6156
1732147200,13749.0,13849.0,13601.0,13787.0,67.9602
1732161600,13788.0,13984.0,13787.0,13950.0,88.052
1732176000,13950.0,14000.0,13824.0,13994.0,116.6134
1732190400,13998.0,14900.0,13961.0,14530.0,437.2068
1732204800,14548.0,14796.0,14500.0,14684.0,90.1936
1732219200,14684.0,14863.0,14600.0,14600.0,59.2858
1732233600,14600.0,14619.0,14141.0,14586.0,169.7337
1732248000,14585.0,14700.0,14431.0,14697.0,79.5994
1732262400,14636.0,14798.0,14570.0,14624.0,56.0647
1732276800,14624.0,14695.0,14301.0,14499.0,112.159
1732291200,14498.0,14499.0,14300.0,14347.0,47.7672
1732305600,14347.0,14470.0,14323.0,14454.0,47.24
1732320000,14455.0,14650.0,14341.0,14650.0,170.5916
1732334400,14650.0,14716.0,14590.0,14703.0,73.0773
1732348800,14714.0,14950.0,14701.0,14879.0,123.0455
1732363200,14888.0,15500.0,14881.0,15300.0,305.8852
1732377600,15299.0,15299.0,14903.0,15076.0,106.4802
1732392000,15040.0,15117.0,14906.0,14940.0,39.9007
1732406400,14939.0,15213.0,14939.0,15096.0,47.1598
1732420800,15101.0,15200.0,15074.0,15150.0,44.2277
1732435200,15151.0,15188.0,14600.0,14630.0,119.83
1732449600,14600.0,14805.0,13000.0,14199.0,602.7355
1732464000,14199.0,14514.0,14001.0,14442.0,32.5476
1732478400,14514.0,14886.0,14412.0,14827.0,60.0157
1732492800,14826.0,14887.0,14600.0,14840.0,97.1892
1732507200,14809.0,15000.0,14786.0,14992.0,115.0787
1732521600,14998.0,15500.0,14995.0,15282.0,240.6505
1732536000,15281.0,15592.0,14800.0,15580.0,203.6807
1732550400,15581.0,15653.0,15188.0,15351.0,64.0297
1732564800,15351.0,15499.0,14961.0,15145.0,79.9664
1732579200,15156.0,15358.0,15121.0,15332.0,64.6347
1732593600,15319.0,15329.0,15106.0,15146.0,52.4504
1732608000,15145.0,15147.0,14500.0,14719.0,175.0793
1732622400,14708.0,14948.0,14630.0,14754.0,97.585
1732636800,14753.0,14872.0,14600.0,14694.0,30.2537
1732651200,14696.0,14856.0,14660.0,14792.0,30.304
1732665600,14792.0,15000.0,14732.0,14967.0,58.6213
1732680000,14962.0,15274.0,14962.0,15197.0,119.2086
1732694400,15182.0,15378.0,15093.0,15324.0,71.705
1732708800,15317.0,15649.0,15064.0,15624.0,162.769
1732723200,15621.0,15800.0,15450.0,15800.0,85.7513
1732737600,15781.0,16055.0,15630.0,16009.0,162.8721
1732752000,16049.0,16057.0,15669.0,15830.0,99.1623
1732766400,15831.0,15889.0,15708.0,15830.0,28.0626
1732780800,15833.0,16047.0,15799.0,16011.0,64.3826
1732795200,16012.0,16100.0,15700.0,15715.0,84.5784
1732809600,15718.0,15864.0,15700.0,15835.0,44.0758
1732824000,15814.0,15895.0,15742.0,15796.0,45.1969
1732838400,15795.0,15888.0,15700.0,15807.0,94.0758
1732852800,15806.0,15900.0,15500.0,15555.0,70.5945
1732867200,15570.0,15801.0,15503.0,15779.0,116.9503
1732881600,15667.0,15850.0,15600.0,15756.0,94.5884
1732896000,15758.0,15758.0,15500.0,15529.0,56.3641
1732910400,15529.0,15699.0,15503.0,15557.0,41.6717
1732924800,15556.0,15900.0,15450.0,15900.0,88.4398
1732939200,15900.0,16100.0,15695.0,16068.0,142.2877
1732953600,16056.0,16091.0,15749.0,15927.0,56.1661
1732968000,15922.0,16006.0,15851.0,15999.0,33.4464
1732982400,16000.0,16039.0,15800.0,16006.0,31.2177
1732996800,16039.0,16182.0,16001.0,16140.0,62.488
1733011200,16106.0,16200.0,16000.0,16072.0,118.742
1733025600,16072.0,16199.0,16072.0,16199.0,29.9774
1733040000,16199.0,16200.0,16020.0,16109.0,51.0014
1733054400,16110.0,16356.0,16050.0,16304.0,97.0578
1733068800,16330.0,16419.0,15880.0,15880.0,60.8749
1733083200,15880.0,15998.0,15700.0,15910.0,112.308
1733097600,15837.0,16305.0,15800.0,16099.0,203.6037
1733112000,16099.0,16200.0,16000.0,16109.0,99.4592
1733126400,16110.0,16115.0,15801.0,15895.0,112.2909
1733140800,15893.0,16149.0,15800.0,16049.0,92.0892
1733155200,16042.0,16050.0,15748.0,15817.0,75.2845
1733169600,15817.0,16000.0,15728.0,15998.0,45.1297
1733184000,15982.0,16039.0,15822.0,15950.0,55.5331
1733198400,15953.0,16100.0,15900.0,15970.0,76.3676
1733212800,15970.0,16120.0,15970.0,16068.0,98.6195
1733227200,16067.0,16083.0,15751.0,15949.0,150.9657
1733241600,15935.0,16029.0,15757.0,15984.0,37.4629
1733256000,15983.0,16218.0,15983.0,16188.0,61.453
1733270400,16187.0,16500.0,16183.0,16341.0,139.8201
1733284800,16339.0,16500.0,16325.0,16495.0,75.2492
1733299200,16495.0,16666.0,16458.0,16657.0,107.9564
1733313600,16658.0,17208.0,16503.0,17100.0,215.7255
1733328000,17100.0,17245.0,16763.0,17207.0,155.8785
1733342400,17207.0,17300.0,17066.0,17070.0,106.2785
1733356800,17070.0,17213.0,16641.0,16919.0,266.1164
1733371200,16903.0,17082.0,16850.0,17023.0,97.4905
1733385600,17024.0,17471.0,17000.0,17405.0,147.8654
1733400000,17405.0,17406.0,17003.0,17148.0,95.0959
1733414400,17148.0,17287.0,17001.0,17001.0,48.6652
1733428800,17001.0,17078.0,16601.0,16833.0,138.5295
1733443200,16827.0,17369.0,16827.0,17359.0,88.5647
1733457600,17353.0,17369.0,17226.0,17300.0,57.2038
1733472000,17301.0,17304.0,17031.0,17124.0,56.5977
1733486400,17124.0,17798.0,17034.0,17590.0,269.6142
1733500800,17600.0,17800.0,17549.0,17696.0,86.7802
1733515200,17799.0,17887.0,17576.0,17590.0,37.9921
1733529600,17590.0,17674.0,17508.0,17641.0,91.636
1733544000,17641.0,17682.0,17500.0,17636.0,69.6911
1733558400,17642.0,17711.0,17631.0,17711.0,39.1675
1733572800,17711.0,17788.0,17652.0,17717.0,74.5488
1733587200,17717.0,17788.0,17717.0,17788.0,19.9378
1733601600,17787.0,17789.0,17738.0,17738.0,10.7116
1733616000,17738.0,17769.0,17690.0,17743.0,45.7232
1733630400,17742.0,17743.0,17650.0,17701.0,37.6509
1733644800,17701.0,17701.0,17508.0,17665.0,65.5435
1733659200,17651.0,17727.0,17600.0,17699.0,54.4783
1733673600,17700.0,17700.0,17600.0,17664.0,18.9331
1733688000,17665.0,17710.0,17651.0,17710.0,13.3443
1733702400,17709.0,17710.0,17433.0,17433.0,93.9301
1733716800,17433.0,17700.0,17250.0,17382.0,127.6646
1733731200,17382.0,17382.0,17027.0,17069.0,108.3963
1733745600,17068.0,17500.0,17000.0,17070.0,111.6711
1733760000,17059.0,17257.0,16970.0,16987.0,33.9118
1733774400,16975.0,17088.0,16500.0,16746.0,179.3337
1733788800,16742.0,17000.0,16045.0,16355.0,191.3602
1733803200,16361.0,16676.0,16129.0,16626.0,143.2595
1733817600,16626.0,16829.0,16591.0,16744.0,73.2631
1733832000,16741.0,16741.0,15901.0,15901.0,128.6565
1733846400,15901.0,16200.0,15723.0,16178.0,106.9201
1733860800,16165.0,16300.0,16149.0,16208.0,60.6337
1733875200,16214.0,16349.0,15951.0,16349.0,83.7515
1733889600,16349.0,16451.0,16300.0,16369.0,23.8615
1733904000,16369.0,16634.0,16349.0,16610.0,37.4113
1733918400,16610.0,17000.0,16607.0,16917.0,86.7594
1733932800,16917.0,16973.0,16800.0,16956.0,22.5629
1733947200,16956.0,17104.0,16954.0,17066.0,35.1561
1733961600,17049.0,17496.0,16800.0,17454.0,89.2827
1733976000,17486.0,17488.0,17299.0,17350.0,79.1784
1733990400,17351.0,17430.0,17190.0,17373.0,39.9343
1734004800,17377.0,17660.0,17377.0,17548.0,132.128
1734019200,17549.0,17648.0,17131.0,17166.0,50.4831
1734033600,17207.0,17317.0,17078.0,17227.0,35.8491
1734048000,17227.0,17521.0,17106.0,17499.0,67.939
1734062400,17497.0,17497.0,17250.0,17299.0,34.7541
1734076800,17317.0,17415.0,17273.0,17408.0,22.4547
1734091200,17408.0,17600.0,17250.0,17250.0,74.7233
1734105600,17302.0,17500.0,17250.0,17454.0,24.0455
1734120000,17464.0,17487.0,17327.0,17434.0,11.9838
1734134400,17395.0,17500.0,17366.0,17387.0,20.8755
1734148800,17388.0,17414.0,17325.0,17395.0,24.4678
1734163200,17395.0,17401.0,17288.0,17288.0,21.5304
1734177600,17288.0,17324.0,17152.0,17298.0,39.7096
1734192000,17298.0,17350.0,17130.0,17199.0,17.6328
1734206400,17202.0,17278.0,17130.0,17278.0,15.3573
1734220800,17268.0,17360.0,17213.0,17329.0,20.6795
1734235200,17317.0,17425.0,17183.0,17183.0,38.6229
1734249600,17184.0,17299.0,17183.0,17281.0,13.5671
1734264000,17290.0,17413.0,17277.0,17403.0,29.5778
1734278400,17410.0,17450.0,17378.0,17430.0,17.1733
1734292800,17429.0,17650.0,17243.0,17609.0,53.5586
1734307200,17617.0,17840.0,17521.0,17522.0,148.4406
1734321600,17550.0,17715.0,17500.0,17709.0,61.6953
1734336000,17709.0,17710.0,17460.0,17481.0,34.2142
1734350400,17470.0,17626.0,17351.0,17621.0,46.2101
1734364800,17613.0,18099.0,17580.0,17871.0,333.8989
1734379200,17939.0,17989.0,17640.0,17694.0,25.18
1734393600,17693.0,17900.0,17600.0,17900.0,85.8078
1734408000,17899.0,17900.0,17704.0,17800.0,45.4816
1734422400,17800.0,17899.0,17705.0,17720.0,66.3814
1734436800,17705.0,17800.0,17461.0,17514.0,91.4071
1734451200,17503.0,17666.0,17460.0,17512.0,31.6934
1734465600,17518.0,17557.0,17240.0,17321.0,101.9242
1734480000,17331.0,17381.0,17220.0,17235.0,93.6839
1734494400,17235.0,17251.0,17111.0,17243.0,104.5406
1734508800,17244.0,17360.0,17243.0,17360.0,29.1161
1734523200,17360.0,17429.0,17205.0,17350.0,61.5783
1734537600,17349.0,17469.0,17005.0,17005.0,58.0384
1734552000,17005.0,17005.0,16300.0,16301.0,208.9032
1734566400,16319.0,16600.0,16022.0,16600.0,192.5163
1734580800,16600.0,16851.0,16599.0,16842.0,70.9811
1734595200,16823.0,16899.0,16575.0,16840.0,70.0331
1734609600,16843.0,16844.0,16200.0,16349.0,85.6548
1734624000,16349.0,16463.0,15671.0,15733.0,146.2566
1734638400,15732.0,16000.0,15500.0,15801.0,92.6259
1734652800,15801.0,15943.0,15444.0,15573.0,182.853
1734667200,15575.0,15599.0,15155.0,15329.0,136.7625
1734681600,15332.0,15341.0,14043.0,14043.0,336.7848
1734696000,14040.0,15792.0,14004.0,15699.0,213.6814
1734710400,15673.0,15951.0,15500.0,15852.0,81.9468
1734724800,15872.0,15956.0,15530.0,15954.0,33.509
1734739200,15954.0,16079.0,15880.0,15954.0,56.611
1734753600,15955.0,16326.0,15951.0,16260.0,45.989
1734768000,16260.0,16261.0,15621.0,15718.0,67.4283
1734782400,15712.0,15712.0,15152.0,15510.0,74.5896
1734796800,15540.0,15652.0,15350.0,15378.0,29.1808
1734811200,15445.0,15570.0,15200.0,15361.0,16.6512
1734825600,15343.0,15592.0,15305.0,15400.0,21.2139
1734840000,15400.0,15443.0,15124.0,15256.0,27.6761
1734854400,15287.0,15565.0,15287.0,15491.0,26.3185
1734868800,15520.0,15590.0,15050.0,15136.0,40.0177
1734883200,15161.0,15345.0,15000.0,15000.0,31.3676
1734897600,15000.0,15196.0,14901.0,15068.0,33.2777
1734912000,15074.0,15250.0,14800.0,15240.0,67.9064
1734926400,15239.0,15299.0,14850.0,14927.0,63.0901
1734940800,14933.0,15120.0,14910.0,15081.0,28.087
1734955200,15081.0,15150.0,14888.0,14928.0,43.0772
1734969600,14924.0,15300.0,14910.0,15116.0,52.0937
1734984000,15080.0,15588.0,15080.0,15445.0,40.3486
1734998400,15411.0,15450.0,15200.0,15299.0,45.4913
1735012800,15299.0,15500.0,15286.0,15321.0,36.8307
1735027200,15321.0,15397.0,15288.0,15379.0,27.4663
1735041600,15379.0,15799.0,15300.0,15742.0,63.0319
1735056000,15741.0,15884.0,15628.0,15628.0,39.2094
1735070400,15619.0,15714.0,15461.0,15703.0,18.8198
1735084800,15703.0,15704.0,15601.0,15627.0,37.1019
1735099200,15624.0,15750.0,15618.0,15740.0,19.724
1735113600,15739.0,15950.0,15700.0,15700.0,46.9582
1735128000,15700.0,15775.0,15618.0,15675.0,26.7563
1735142400,15675.0,15704.0,15515.0,15668.0,13.8634
1735156800,15664.0,15739.0,15559.0,15730.0,4.1991
1735171200,15729.0,15782.0,15490.0,15519.0,39.1364
1735185600,15510.0,15510.0,15322.0,15355.0,25.1181
1735200000,15319.0,15320.0,15005.0,15189.0,63.2357
1735214400,15186.0,15199.0,15011.0,15111.0,44.2443
1735228800,15110.0,15172.0,15001.0,15052.0,17.8919
1735243200,15064.0,15155.0,14962.0,15073.0,22.501
1735257600,15069.0,15366.0,15021.0,15255.0,43.3575
1735272000,15264.0,15316.0,15000.0,15002.0,37.9747
1735286400,15002.0,15499.0,15002.0,15400.0,43.261
1735300800,15400.0,15444.0,15011.0,15053.0,29.6517
1735315200,15054.0,15192.0,15011.0,15169.0,10.9538
1735329600,15130.0,15157.0,15014.0,15071.0,9.3328
1735344000,15071.0,15145.0,15051.0,15129.0,12.5256
1735358400,15127.0,15190.0,15104.0,15105.0,16.8105
1735372800,15105.0,15189.0,15100.0,15158.0,7.1437
1735387200,15185.0,15250.0,15138.0,15202.0,20.3132
1735401600,15202.0,15341.0,15202.0,15310.0,4.8882
1735416000,15307.0,15380.0,15285.0,15324.0,10.909
1735430400,15320.0,15325.0,15214.0,15236.0,20.0646
1735444800,15236.0,15331.0,15236.0,15331.0,14.2311
1735459200,15331.0,15350.0,15270.0,15332.0,6.6894
1735473600,15309.0,15330.0,15129.0,15200.0,18.6866
1735488000,15187.0,15190.0,15118.0,15176.0,11.4849
1735502400,15174.0,15200.0,15072.0,15187.0,10.2232
1735516800,15169.0,15500.0,15167.0,15374.0,50.9564
1735531200,15387.0,15399.0,15273.0,15340.0,25.928
1735545600,15340.0,15369.0,15280.0,15345.0,20.8088
1735560000,15350.0,15368.0,14910.0,14964.0,70.1388
1735574400,14963.0,15333.0,14949.0,15333.0,15.3846
1735588800,15350.0,15359.0,14907.0,15155.0,23.1767
1735603200,15122.0,15141.0,14929.0,15013.0,33.1992
1735617600,15018.0,15059.0,15007.0,15016.0,24.5637
1735632000,15026.0,15249.0,15026.0,15223.0,22.5395
1735646400,15229.0,15466.0,15229.0,15321.0,45.4928
1735660800,15323.0,15323.0,15000.0,15050.0,33.6971
1735675200,15066.0,15067.0,15000.0,15028.0,14.2283
1735689600,15028.0,15100.0,15028.0,15088.0,22.6926
1735704000,15088.0,15096.0,15000.0,15096.0,29.0461
1735718400,15090.0,15100.0,15000.0,15087.0,36.0357
1735732800,15071.0,15099.0,15009.0,15028.0,18.186
1735747200,15028.0,15112.0,14960.0,15080.0,33.7374
1735761600,15071.0,15119.0,15033.0,15052.0,13.5721
1735776000,15053.0,15253.0,15052.0,15225.0,63.8271
1735790400,15226.0,15400.0,15225.0,15342.0,56.9774
1735804800,15349.0,15578.0,15336.0,15550.0,75.6485
1735819200,15562.0,15677.0,15442.0,15519.0,47.8573
1735833600,15519.0,15624.0,15401.0,15518.0,12.7895
1735848000,15526.0,15565.0,15400.0,15486.0,23.2126
1735862400,15486.0,15597.0,15475.0,15570.0,22.1046
1735876800,15569.0,15587.0,15373.0,15446.0,32.0381
1735891200,15448.0,15566.0,15402.0,15566.0,36.9867
1735905600,15564.0,16037.0,15563.0,16027.0,100.9602
1735920000,16028.0,16228.0,16028.0,16228.0,41.4995
1735934400,16227.0,16227.0,16115.0,16190.0,36.7363
1735948800,16195.0,16237.0,16066.0,16113.0,36.5637
1735963200,16112.0,16169.0,16089.0,16152.0,36.0882
1735977600,16152.0,16162.0,16051.0,16161.0,13.8391
1735992000,16162.0,16432.0,16162.0,16210.0,42.0731
1736006400,16221.0,16372.0,16201.0,16329.0,14.1803
1736020800,16381.0,16484.0,16381.0,16452.0,20.6202
1736035200,16440.0,16497.0,16320.0,16326.0,13.1499
1736049600,16326.0,16365.0,16305.0,16329.0,30.163
1736064000,16329.0,16329.0,16200.0,16219.0,25.8611
1736078400,16219.0,16338.0,16200.0,16323.0,25.1712
1736092800,16322.0,16389.0,16251.0,16336.0,12.4697
1736107200,16349.0,16389.0,16335.0,16347.0,7.4805
1736121600,16369.0,16500.0,16293.0,16482.0,54.0025
1736136000,16482.0,16587.0,16430.0,16448.0,33.0115
1736150400,16448.0,16449.0,16348.0,16445.0,18.8028
1736164800,16448.0,16628.0,16351.0,16628.0,62.9042
1736179200,16628.0,16749.0,16479.0,16556.0,43.6989
1736193600,16556.0,16599.0,16500.0,16580.0,15.9042
1736208000,16579.0,16628.0,16540.0,16590.0,27.5619
1736222400,16597.0,16597.0,16450.0,16509.0,26.6099
1736236800,16510.0,16510.0,16247.0,16318.0,31.2107
1736251200,16318.0,16364.0,15354.0,15608.0,137.7226
1736265600,15604.0,15725.0,15280.0,15280.0,57.3127
1736280000,15280.0,15399.0,15200.0,15324.0,64.446
1736294400,15320.0,15442.0,15152.0,15183.0,76.0403
1736308800,15188.0,15234.0,15000.0,15150.0,75.4722
1736323200,15150.0,15229.0,15098.0,15160.0,113.4547
1736337600,15163.0,15324.0,15102.0,15159.0,48.9794
1736352000,15150.0,15215.0,14666.0,14949.0,97.3326
1736366400,14942.0,15194.0,14867.0,15128.0,14.8186
1736380800,15129.0,15260.0,15028.0,15054.0,31.8667
1736395200,15029.0,15085.0,14901.0,14914.0,37.4575
1736409600,14913.0,15050.0,14828.0,14947.0,45.0947
1736424000,14942.0,15125.0,14600.0,15086.0,82.7642
1736438400,15074.0,15094.0,14528.0,14528.0,30.5078
1736452800,14528.0,14703.0,14380.0,14632.0,92.2207
1736467200,14632.0,14789.0,14619.0,14731.0,38.3346
1736481600,14731.0,14961.0,14711.0,14946.0,32.1649
1736496000,14946.0,14999.0,14910.0,14978.0,38.3066
1736510400,14977.0,14981.0,14501.0,14728.0,88.3933
1736524800,14721.0,14991.0,14668.0,14889.0,26.8538
1736539200,14911.0,14911.0,14763.0,14814.0,5.9035
1736553600,14814.0,14814.0,14673.0,14674.0,18.2802
1736568000,14674.0,14720.0,14655.0,14659.0,20.5401
1736582400,14659.0,14837.0,14611.0,14837.0,18.174
1736596800,14835.0,14838.0,14756.0,14821.0,10.2897
1736611200,14824.0,14825.0,14750.0,14793.0,30.0263
1736625600,14797.0,14906.0,14776.0,14776.0,29.916
1736640000,14776.0,14776.0,14700.0,14744.0,17.5107
1736654400,14744.0,14768.0,14725.0,14725.0,15.1371
1736668800,14726.0,14726.0,14600.0,14688.0,24.6117
1736683200,14691.0,14878.0,14688.0,14849.0,23.2072
1736697600,14849.0,14896.0,14810.0,14841.0,8.8113
1736712000,14840.0,14842.0,14681.0,14751.0,14.9918
1736726400,14755.0,15036.0,14650.0,14656.0,70.5715
1736740800,14656.0,14707.0,14451.0,14503.0,50.8633
1736755200,14504.0,14504.0,13960.0,13960.0,162.9716
1736769600,13960.0,14067.0,13435.0,13943.0,233.454
1736784000,13942.0,13942.0,13607.0,13792.0,53.1647
1736798400,13792.0,14248.0,13734.0,14196.0,39.1506
1736812800,14200.0,14330.0,14151.0,14272.0,45.3169
1736827200,14273.0,14371.0,14255.0,14351.0,36.894
1736841600,14351.0,14679.0,14350.0,14498.0,47.6112
1736856000,14498.0,14565.0,14331.0,14454.0,70.4366
1736870400,14453.0,14512.0,14352.0,14491.0,21.1421
1736884800,14452.0,14514.0,14400.0,14504.0,9.0582
1736899200,14512.0,14515.0,14366.0,14449.0,61.7461
1736913600,14460.0,14500.0,14370.0,14441.0,83.8677
1736928000,14448.0,14526.0,14301.0,14339.0,46.1459
1736942400,14339.0,14860.0,14300.0,14639.0,83.1304
1736956800,14640.0,15164.0,14639.0,15164.0,75.1566
1736971200,15165.0,15250.0,14918.0,15175.0,53.4005
1736985600,15175.0,15242.0,14824.0,14901.0,52.552
1737000000,14890.0,15050.0,14880.0,15049.0,24.5349
1737014400,15049.0,15050.0,14801.0,14941.0,43.1758
1737028800,14941.0,14987.0,14600.0,14795.0,97.8064
1737043200,14795.0,14960.0,14795.0,14906.0,46.5849
1737057600,14964.0,14964.0,14678.0,14779.0,17.2406
1737072000,14779.0,15150.0,14778.0,15088.0,53.2268
1737086400,15057.0,15149.0,15009.0,15139.0,39.8734
1737100800,15135.0,15450.0,15135.0,15400.0,74.9851
1737115200,15402.0,15500.0,15319.0,15379.0,60.5464
1737129600,15379.0,15470.0,15318.0,15407.0,22.1755
1737144000,15401.0,15750.0,15401.0,15545.0,56.334
1737158400,15545.0,15602.0,15132.0,15170.0,34.1278
1737172800,15170.0,15194.0,14745.0,14761.0,90.5681
1737187200,14748.0,14890.0,14534.0,14876.0,129.0874
1737201600,14876.0,14993.0,14707.0,14832.0,49.8898
1737216000,14817.0,14817.0,14568.0,14709.0,40.7703
1737230400,14711.0,14853.0,14620.0,14815.0,25.4352
1737244800,14814.0,15097.0,14800.0,14960.0,104.3466
1737259200,14946.0,14946.0,14500.0,14673.0,112.8946
1737273600,14660.0,14668.0,14149.0,14204.0,181.9758
1737288000,14209.0,15430.0,14205.0,15292.0,256.9357
1737302400,15292.0,15490.0,15283.0,15396.0,82.2645
1737316800,15413.0,15435.0,14337.0,14582.0,140.1187
1737331200,14576.0,14957.0,14370.0,14896.0,143.1679
1737345600,14891.0,15490.0,14801.0,15152.0,151.6592
1737360000,15182.0,15306.0,14932.0,15082.0,107.2503
1737374400,15083.0,15090.0,14626.0,14927.0,197.4973
1737388800,14916.0,15100.0,14477.0,15001.0,86.8585
1737403200,14996.0,14996.0,14631.0,14706.0,18.7994
1737417600,14761.0,14761.0,14345.0,14674.0,87.3007
1737432000,14657.0,14675.0,14500.0,14601.0,58.8392
1737446400,14599.0,14838.0,14534.0,14834.0,39.9554
1737460800,14834.0,14921.0,14618.0,14748.0,36.3144
1737475200,14781.0,15078.0,14776.0,14883.0,33.7682
1737489600,14903.0,14947.0,14780.0,14865.0,11.539
1737504000,14865.0,15016.0,14841.0,14867.0,24.7497
1737518400,14864.0,14869.0,14651.0,14671.0,45.2292
1737532800,14676.0,14793.0,14634.0,14787.0,54.4202
1737547200,14791.0,14791.0,14501.0,14589.0,57.834
1737561600,14571.0,14610.0,14501.0,14512.0,14.2171
1737576000,14506.0,14538.0,14392.0,14420.0,30.0315
1737590400,14420.0,14496.0,14340.0,14406.0,47.6257
1737604800,14406.0,14410.0,14271.0,14410.0,71.4461
1737619200,14410.0,14450.0,14300.0,14328.0,52.9477
1737633600,14329.0,14676.0,14274.0,14541.0,82.9838
1737648000,14558.0,14700.0,14300.0,14317.0,28.5558
1737662400,14313.0,14899.0,14301.0,14888.0,64.6786
1737676800,14890.0,14890.0,14603.0,14652.0,48.619
1737691200,14651.0,15030.0,14651.0,14890.0,82.0178
1737705600,14873.0,15002.0,14873.0,14958.0,53.8336
1737720000,14959.0,15019.0,14800.0,14881.0,45.9369
1737734400,14905.0,14965.0,14827.0,14827.0,22.4543
1737748800,14832.0,14847.0,14603.0,14607.0,17.2958
1737763200,14606.0,14657.0,14486.0,14656.0,44.4933
1737777600,14646.0,14646.0,14528.0,14542.0,16.5725
1737792000,14544.0,14620.0,14507.0,14620.0,25.8006
1737806400,14586.0,14786.0,14564.0,14743.0,26.72
1737820800,14731.0,14774.0,14640.0,14702.0,13.2829
1737835200,14720.0,14750.0,14607.0,14620.0,1.7766
1737849600,14636.0,14732.0,14595.0,14662.0,25.3004
1737864000,14663.0,14777.0,14661.0,14702.0,20.4647
1737878400,14701.0,14705.0,14563.0,14605.0,28.5769
1737892800,14601.0,14637.0,14566.0,14618.0,20.0312
1737907200,14617.0,14724.0,14611.0,14689.0,8.3559
1737921600,14689.0,14710.0,14351.0,14351.0,30.2542
1737936000,14351.0,14402.0,14100.0,14124.0,169.7507
1737950400,14122.0,14122.0,13500.0,13596.0,243.1335
1737964800,13598.0,13719.0,13501.0,13701.0,118.9359
1737979200,13701.0,14066.0,13699.0,13937.0,63.1118
1737993600,13933.0,13945.0,13524.0,13573.0,66.7028
1738008000,13608.0,14250.0,13608.0,14016.0,30.6322
1738022400,14020.0,14197.0,13951.0,14151.0,43.452
1738036800,14158.0,14222.0,14101.0,14133.0,32.7476
1738051200,14133.0,14133.0,14036.0,14046.0,18.8914
1738065600,14051.0,14127.0,13960.0,14005.0,27.5237
1738080000,14014.0,14023.0,13811.0,13866.0,12.1416
1738094400,13876.0,13898.0,13502.0,13614.0,41.5407
1738108800,13615.0,13843.0,13615.0,13835.0,19.9607
1738123200,13854.0,13981.0,13811.0,13980.0,14.9176
1738137600,13967.0,13982.0,13879.0,13895.0,14.3644
1738152000,13897.0,13907.0,13704.0,13773.0,24.0752
1738166400,13779.0,13923.0,13580.0,13827.0,33.9401
1738180800,13799.0,14030.0,13743.0,13846.0,16.5402
1738195200,13845.0,14100.0,13770.0,14100.0,25.2415
1738209600,14110.0,14196.0,14067.0,14077.0,22.5445
1738224000,14079.0,14226.0,14067.0,14220.0,22.6393
1738238400,14221.0,14444.0,14206.0,14367.0,51.2199
1738252800,14380.0,14449.0,14343.0,14400.0,34.682
1738267200,14396.0,14396.0,14250.0,14295.0,13.8598
1738281600,14319.0,14450.0,14254.0,14267.0,25.3134
1738296000,14268.0,14508.0,14245.0,14403.0,30.7161
1738310400,14402.0,14833.0,14386.0,14832.0,56.603
1738324800,14832.0,15180.0,14819.0,15180.0,152.0894
1738339200,15198.0,15200.0,14659.0,14866.0,89.0381
1738353600,14845.0,14845.0,14661.0,14721.0,20.6674
1738368000,14687.0,14867.0,14687.0,14713.0,20.6388
1738382400,14722.0,14767.0,14676.0,14689.0,29.7546
1738396800,14696.0,14705.0,14400.0,14559.0,78.6367
1738411200,14569.0,14649.0,14508.0,14586.0,14.9315
1738425600,14586.0,14649.0,14301.0,14341.0,25.2753
1738440000,14322.0,14328.0,14000.0,14034.0,97.6602
1738454400,14034.0,14237.0,13950.0,13951.0,74.3111
1738468800,13951.0,14200.0,13950.0,14056.0,46.0094
1738483200,14058.0,14117.0,13900.0,13906.0,35.2024
1738497600,13901.0,14055.0,13852.0,13992.0,36.6373
1738512000,13987.0,13987.0,13381.0,13590.0,139.16
1738526400,13590.0,13710.0,12896.0,13211.0,190.0839
1738540800,13161.0,13351.0,10750.0,12056.0,566.8124
1738555200,12055.0,12122.0,11402.0,11997.0,266.0876
1738569600,11998.0,11998.0,11700.0,11839.0,86.3352
1738584000,11840.0,12445.0,11600.0,12354.0,88.7303
1738598400,12350.0,12575.0,12179.0,12550.0,115.8611
1738612800,12558.0,13296.0,12276.0,13062.0,177.0194
1738627200,13063.0,13063.0,12589.0,12654.0,138.4346
1738641600,12655.0,12749.0,11983.0,12116.0,117.4812
1738656000,12123.0,12449.0,11999.0,12358.0,206.8585
1738670400,12370.0,12733.0,12189.0,12444.0,139.7613
1738684800,12455.0,12784.0,12414.0,12435.0,134.596
1738699200,12434.0,12470.0,11836.0,12265.0,99.0882
1738713600,12265.0,12342.0,12116.0,12160.0,105.4927
1738728000,12160.0,12499.0,12100.0,12335.0,63.8044
1738742400,12307.0,12495.0,12255.0,12442.0,54.9477
1738756800,12442.0,12540.0,12301.0,12315.0,64.5653
1738771200,12328.0,12368.0,12107.0,12349.0,59.5168
1738785600,12336.0,12455.0,12235.0,12400.0,19.3155
1738800000,12400.0,12503.0,12296.0,12473.0,50.1164
1738814400,12486.0,12690.0,12486.0,12602.0,23.6568
1738828800,12602.0,12700.0,12498.0,12541.0,88.0504
1738843200,12517.0,12517.0,12045.0,12069.0,62.6139
1738857600,12069.0,12166.0,12023.0,12057.0,100.3017
1738872000,12053.0,12157.0,11851.0,12012.0,38.8268
1738886400,12031.0,12261.0,12012.0,12155.0,35.4643
1738900800,12153.0,12177.0,11985.0,12126.0,45.3464
1738915200,12126.0,12355.0,12126.0,12355.0,17.6078
1738929600,12348.0,12500.0,12127.0,12151.0,88.4713
1738944000,12139.0,12154.0,11904.0,11904.0,97.8626
1738958400,11904.0,11904.0,11516.0,11738.0,84.7585
1738972800,11732.0,11937.0,11732.0,11872.0,45.2668
1738987200,11872.0,11895.0,11715.0,11835.0,24.9443
1739001600,11830.0,11835.0,11729.0,11754.0,30.5285
1739016000,11761.0,11809.0,11700.0,11707.0,39.9362
1739030400,11701.0,11839.0,11600.0,11791.0,41.7578
1739044800,11824.0,11843.0,11685.0,11779.0,30.2706
1739059200,11792.0,12000.0,11768.0,11956.0,17.2891
1739073600,11961.0,11961.0,11861.0,11904.0,20.5789
1739088000,11901.0,11951.0,11890.0,11893.0,15.9935
1739102400,11891.0,11903.0,11710.0,11848.0,19.4957
1739116800,11842.0,11901.0,11737.0,11738.0,10.9223
1739131200,11740.0,11836.0,11418.0,11773.0,76.8299
1739145600,11760.0,11850.0,11528.0,11784.0,36.5645
1739160000,11761.0,11857.0,11751.0,11800.0,26.8192
1739174400,11798.0,11888.0,11796.0,11850.0,51.1036
1739188800,11861.0,11959.0,11787.0,11851.0,22.6925
1739203200,11889.0,12026.0,11850.0,11930.0,22.3335
1739217600,11941.0,11983.0,11863.0,11886.0,10.0189
1739232000,11903.0,12144.0,11901.0,11958.0,44.8808
1739246400,11958.0,12180.0,11958.0,12144.0,103.8607
1739260800,12145.0,12145.0,12062.0,12095.0,41.728
1739275200,12107.0,12107.0,11800.0,11926.0,52.8453
1739289600,11927.0,11947.0,11623.0,11637.0,45.4838
1739304000,11637.0,11789.0,11500.0,11693.0,63.6176
1739318400,11692.0,11751.0,11565.0,11618.0,33.0313
1739332800,11602.0,11726.0,11600.0,11726.0,30.8998
1739347200,11726.0,11799.0,11726.0,11777.0,31.7514
1739361600,11782.0,11947.0,11516.0,11726.0,100.4701
1739376000,11722.0,12000.0,11620.0,11997.0,63.8085
1739390400,11997.0,12487.0,11986.0,12248.0,94.4894
1739404800,12248.0,12293.0,12157.0,12247.0,48.0218
1739419200,12253.0,12254.0,11976.0,11992.0,41.8799
1739433600,11981.0,11998.0,11900.0,11900.0,25.9087
1739448000,11900.0,11950.0,11777.0,11864.0,54.0667
1739462400,11860.0,11916.0,11750.0,11831.0,27.3226
1739476800,11848.0,11964.0,11848.0,11956.0,30.0248
1739491200,11953.0,12093.0,11892.0,12087.0,27.1217
1739505600,12086.0,12086.0,11978.0,12034.0,19.6354
1739520000,12034.0,12084.0,11904.0,11907.0,116.3847
1739534400,11907.0,12163.0,11865.0,12151.0,54.4735
1739548800,12150.0,12375.0,12066.0,12127.0,35.9379
1739563200,12127.0,12187.0,12027.0,12086.0,14.847
1739577600,12087.0,12103.0,11986.0,12084.0,26.5154
1739592000,12084.0,12112.0,11965.0,12009.0,18.3545
1739606400,12009.0,12048.0,12000.0,12008.0,26.0314
1739620800,12009.0,12057.0,11871.0,11952.0,33.8851
1739635200,11952.0,12002.0,11950.0,11965.0,6.6786
1739649600,11964.0,11994.0,11952.0,11972.0,5.4286
1739664000,11973.0,12013.0,11950.0,11974.0,16.3252
1739678400,11981.0,12067.0,11965.0,11979.0,22.6659
1739692800,11973.0,12035.0,11953.0,12032.0,16.6559
1739707200,12033.0,12033.0,11951.0,11992.0,24.8878
1739721600,11991.0,11996.0,11900.0,11929.0,16.9028
1739736000,11927.0,11946.0,11850.0,11856.0,25.2577
1739750400,11856.0,11903.0,11850.0,11881.0,44.6328
1739764800,11881.0,11972.0,11800.0,11941.0,45.7074
1739779200,11935.0,12300.0,11921.0,12258.0,81.3722
1739793600,12262.0,12668.0,12248.0,12255.0,122.3108
1739808000,12249.0,12262.0,12007.0,12108.0,51.8091
1739822400,12113.0,12365.0,12108.0,12205.0,27.9025
1739836800,12205.0,12259.0,12100.0,12105.0,44.1851
1739851200,12112.0,12120.0,11900.0,11943.0,52.582
1739865600,11946.0,12062.0,11912.0,11999.0,55.3482
1739880000,11982.0,12160.0,11911.0,11946.0,42.0769
1739894400,11949.0,11968.0,11725.0,11808.0,55.5102
1739908800,11779.0,11969.0,11761.0,11950.0,16.4124
1739923200,11960.0,12025.0,11900.0,12018.0,91.3362
1739937600,12006.0,12090.0,11905.0,12087.0,37.4963
1739952000,12087.0,12150.0,12062.0,12130.0,28.9896
1739966400,12134.0,12134.0,11950.0,12012.0,19.3548
1739980800,12001.0,12079.0,11974.0,12053.0,13.8701
1739995200,12064.0,12120.0,12048.0,12071.0,3.8378
1740009600,12073.0,12199.0,12054.0,12170.0,28.6419
1740024000,12171.0,12220.0,12090.0,12126.0,16.1683
1740038400,12127.0,12170.0,12077.0,12149.0,51.868
1740052800,12148.0,12250.0,12039.0,12039.0,26.5175
1740067200,12035.0,12248.0,12035.0,12197.0,27.5446
1740081600,12179.0,12216.0,12100.0,12153.0,9.2595
1740096000,12149.0,12161.0,12067.0,12151.0,13.6484
1740110400,12152.0,12249.0,12152.0,12228.0,20.6121
1740124800,12228.0,12512.0,12164.0,12357.0,140.5134
1740139200,12365.0,12589.0,11921.0,12073.0,95.6173
1740153600,12069.0,12275.0,11750.0,11753.0,115.2417
1740168000,11753.0,11903.0,11725.0,11903.0,99.2254
1740182400,11891.0,12053.0,11836.0,11932.0,56.0756
1740196800,11931.0,12055.0,11931.0,11971.0,89.5958
1740211200,11971.0,12240.0,11939.0,12164.0,49.0079
1740225600,12165.0,12349.0,12110.0,12343.0,151.6397
1740240000,12348.0,12399.0,12257.0,12313.0,54.6899
1740254400,12263.0,12322.0,12260.0,12288.0,14.7196
1740268800,12296.0,12324.0,12221.0,12251.0,6.1644
1740283200,12243.0,12547.0,12225.0,12530.0,55.8223
1740297600,12530.0,12531.0,12369.0,12413.0,47.737
1740312000,12415.0,12519.0,12351.0,12365.0,50.4923
1740326400,12365.0,12550.0,12363.0,12501.0,17.046
1740340800,12500.0,12645.0,12401.0,12540.0,23.5159
1740355200,12533.0,12587.0,12073.0,12100.0,115.1906
1740369600,12079.0,12117.0,11961.0,12054.0,63.5725
1740384000,12052.0,12052.0,11883.0,11987.0,78.9442
1740398400,11972.0,11999.0,11791.0,11834.0,93.2195
1740412800,11838.0,11925.0,11750.0,11756.0,67.9675
1740427200,11755.0,11997.0,11282.0,11285.0,161.4536
1740441600,11285.0,11347.0,11100.0,11166.0,222.8523
1740456000,11166.0,11184.0,10400.0,10586.0,319.0457
1740470400,10577.0,10946.0,10558.0,10860.0,133.4489
1740484800,10861.0,10920.0,10612.0,10756.0,153.6725
1740499200,10756.0,11010.0,10674.0,11010.0,29.6079
1740513600,10982.0,11257.0,10970.0,11134.0,30.609
1740528000,11130.0,11130.0,11013.0,11103.0,37.8358
1740542400,11101.0,11161.0,11036.0,11057.0,31.3663
1740556800,11058.0,11073.0,10920.0,10985.0,95.4889
1740571200,10986.0,10986.0,10573.0,10812.0,114.0306
1740585600,10810.0,10810.0,10166.0,10244.0,118.0308
1740600000,10228.0,10599.0,10100.0,10372.0,77.3707
1740614400,10393.0,10530.0,10315.0,10383.0,68.26
1740628800,10383.0,10547.0,10263.0,10502.0,44.3801
1740643200,10502.0,10586.0,10454.0,10464.0,46.1283
1740657600,10469.0,10509.0,10261.0,10372.0,55.3315
1740672000,10374.0,10411.0,10220.0,10245.0,28.6227
1740686400,10248.0,10321.0,10011.0,10321.0,69.409
1740700800,10325.0,10346.0,9600.0,9639.0,336.8546
1740715200,9658.0,9660.0,9370.0,9430.0,335.8868
1740729600,9422.0,9649.0,9300.0,9582.0,120.0784
1740744000,9581.0,10100.0,9500.0,10043.0,162.1495
1740758400,10035.0,10240.0,9939.0,10058.0,55.4333
1740772800,10070.0,10115.0,9939.0,10089.0,17.4216
1740787200,10071.0,10312.0,9991.0,10213.0,134.8083
1740801600,10213.0,10309.0,9999.0,10009.0,108.2004
1740816000,10019.0,10074.0,9820.0,9839.0,38.9245
1740830400,9844.0,9860.0,9668.0,9796.0,43.1671
1740844800,9777.0,10032.0,9774.0,10029.0,23.3936
1740859200,10007.0,10040.0,9868.0,9987.0,9.6235
1740873600,9967.0,10038.0,9922.0,9998.0,19.5107
1740888000,9997.0,10069.0,9997.0,10016.0,12.0231
1740902400,10017.0,10160.0,9958.0,10097.0,20.247
1740916800,10096.0,10237.0,9750.0,9983.0,217.1162
1740931200,10026.0,11139.0,9950.0,11036.0,277.5899
1740945600,11036.0,11288.0,11030.0,11217.0,125.4469
1740960000,11217.0,11217.0,10751.0,10863.0,107.4073
1740974400,10862.0,10932.0,10488.0,10648.0,138.4601
1740988800,10643.0,10643.0,10402.0,10505.0,78.7916
1741003200,10505.0,10683.0,10203.0,10251.0,117.8368
1741017600,10251.0,10298.0,9488.0,9489.0,169.316
1741032000,9488.0,9780.0,9453.0,9672.0,137.0636
1741046400,9672.0,9715.0,9075.0,9391.0,260.9996
1741060800,9392.0,9526.0,9346.0,9379.0,84.1291
1741075200,9386.0,9515.0,9361.0,9487.0,45.4951
1741089600,9487.0,9700.0,9188.0,9362.0,188.7073
1741104000,9358.0,9790.0,9100.0,9790.0,124.7241
1741118400,9784.0,9968.0,9573.0,9749.0,73.0326
1741132800,9754.0,9792.0,9651.0,9690.0,56.1293
1741147200,9691.0,9855.0,9651.0,9852.0,34.491
1741161600,9851.0,10095.0,9851.0,9862.0,130.3987
1741176000,9873.0,9932.0,9669.0,9744.0,87.6567
1741190400,9741.0,9885.0,9651.0,9878.0,29.8759
1741204800,9894.0,9999.0,9874.0,9986.0,31.478
1741219200,9986.0,10199.0,9961.0,10170.0,57.651
1741233600,10167.0,10281.0,10136.0,10171.0,85.3625
1741248000,10170.0,10220.0,10130.0,10202.0,28.1426
1741262400,10206.0,10206.0,9800.0,10042.0,87.5686
1741276800,10050.0,10075.0,9710.0,9866.0,91.1205
1741291200,9799.0,9914.0,9788.0,9822.0,34.4203
1741305600,9821.0,9911.0,9407.0,9581.0,350.3234
1741320000,9580.0,9731.0,9558.0,9729.0,47.5953
1741334400,9736.0,9795.0,9676.0,9752.0,36.4465
1741348800,9760.0,9999.0,9650.0,9817.0,73.2504
1741363200,9810.0,9825.0,9540.0,9605.0,76.3072
1741377600,9664.0,9684.0,9413.0,9508.0,51.0175
1741392000,9508.0,9572.0,9400.0,9513.0,40.0055
1741406400,9513.0,9590.0,9502.0,9519.0,24.61
1741420800,9530.0,9548.0,9500.0,9548.0,21.8396
1741435200,9558.0,9785.0,9541.0,9732.0,34.7833
1741449600,9726.0,9932.0,9655.0,9930.0,17.3128
1741464000,9910.0,9911.0,9760.0,9796.0,16.2834
1741478400,9794.0,9837.0,9701.0,9730.0,25.8953
1741492800,9730.0,9762.0,9660.0,9720.0,14.4421
1741507200,9724.0,9725.0,9503.0,9583.0,58.0563
1741521600,9574.0,9574.0,9300.0,9388.0,104.0909
1741536000,9383.0,9435.0,9021.0,9158.0,102.7133
1741550400,9157.0,9206.0,9000.0,9019.0,79.4294
1741564800,9047.0,9299.0,9000.0,9202.0,199.3955
1741579200,9201.0,9246.0,9159.0,9205.0,137.3883
1741593600,9215.0,9532.0,9121.0,9502.0,159.9751
1741608000,9502.0,9502.0,8939.0,9054.0,200.8543
1741622400,9054.0,9054.0,8144.0,8359.0,291.7794
1741636800,8341.0,8482.0,8205.0,8320.0,103.8395
1741651200,8316.0,8412.0,7999.0,8320.0,312.2929
1741665600,8320.0,8548.0,8300.0,8502.0,151.4637
1741680000,8501.0,8588.0,8493.0,8540.0,62.9496
1741694400,8540.0,8702.0,8217.0,8547.0,182.3296
1741708800,8513.0,8733.0,8409.0,8670.0,46.2993
1741723200,8670.0,8685.0,8533.0,8538.0,23.5255
1741737600,8538.0,8562.0,8331.0,8331.0,68.7178
1741752000,8331.0,8507.0,8265.0,8498.0,73.8451
1741766400,8501.0,8680.0,8360.0,8528.0,135.2019
1741780800,8527.0,8748.0,8186.0,8301.0,177.9869
1741795200,8337.0,8412.0,8305.0,8374.0,29.3563
1741809600,8366.0,8499.0,8351.0,8486.0,16.528
1741824000,8475.0,8500.0,8393.0,8394.0,37.3953
1741838400,8394.0,8397.0,8296.0,8344.0,31.7097
1741852800,8348.0,8461.0,8280.0,8435.0,54.369
1741867200,8447.0,8500.0,8300.0,8338.0,87.9658
1741881600,8341.0,8345.0,8134.0,8235.0,56.3791
1741896000,8237.0,8350.0,8196.0,8287.0,51.7499
1741910400,8293.0,8417.0,8290.0,8403.0,16.0334
1741924800,8404.0,8468.0,8402.0,8454.0,84.9218
1741939200,8454.0,8490.0,8418.0,8478.0,48.5033
1741953600,8475.0,8634.0,8400.0,8544.0,97.1742
1741968000,8544.0,8635.0,8521.0,8607.0,19.0026
1741982400,8602.0,8602.0,8509.0,8509.0,17.4079
1741996800,8508.0,8563.0,8488.0,8554.0,28.8539
1742011200,8554.0,8600.0,8532.0,8536.0,21.623
1742025600,8540.0,8597.0,8529.0,8597.0,6.015
1742040000,8592.0,8634.0,8576.0,8631.0,19.9142
1742054400,8637.0,8669.0,8603.0,8625.0,24.9056
1742068800,8638.0,8698.0,8627.0,8636.0,10.8689
1742083200,8642.0,8642.0,8546.0,8591.0,31.1503
1742097600,8588.0,8616.0,8581.0,8589.0,26.0797
1742112000,8589.0,8589.0,8303.0,8342.0,64.9331
1742126400,8346.0,8445.0,8340.0,8443.0,33.323
1742140800,8451.0,8559.0,8338.0,8380.0,27.8632
1742155200,8388.0,8441.0,8359.0,8403.0,19.1411
1742169600,8403.0,8525.0,8403.0,8512.0,30.0388
1742184000,8514.0,8514.0,8405.0,8470.0,33.2396
1742198400,8469.0,8542.0,8447.0,8523.0,20.5075
1742212800,8523.0,8600.0,8441.0,8563.0,86.5036
1742227200,8561.0,8675.0,8523.0,8656.0,16.029
1742241600,8632.0,8675.0,8579.0,8605.0,8.4872
1742256000,8604.0,8615.0,8487.0,8487.0,46.5076
1742270400,8487.0,8520.0,8485.0,8516.0,28.9234
1742284800,8510.0,8537.0,8457.0,8475.0,27.2942
1742299200,8475.0,8501.0,8400.0,8414.0,43.125
1742313600,8413.0,8529.0,8400.0,8516.0,15.7667
1742328000,8523.0,8642.0,8501.0,8635.0,5.9209
1742342400,8635.0,8685.0,8586.0,8605.0,33.7461
1742356800,8606.0,8626.0,8579.0,8605.0,30.8359
1742371200,8605.0,9040.0,8604.0,9025.0,77.9812
1742385600,9029.0,9130.0,8891.0,9118.0,97.3348
1742400000,9117.0,9118.0,8900.0,9007.0,64.0181
1742414400,9015.0,9154.0,9005.0,9147.0,34.6463
1742428800,9118.0,9154.0,8971.0,8980.0,36.1201
1742443200,8981.0,8981.0,8910.0,8912.0,23.7988
1742457600,8911.0,8950.0,8761.0,8835.0,58.3383
1742472000,8833.0,8914.0,8755.0,8761.0,62.1054
1742486400,8771.0,8789.0,8679.0,8786.0,17.3911
1742500800,8802.0,8809.0,8768.0,8805.0,11.12
1742515200,8804.0,8836.0,8769.0,8782.0,24.152
1742529600,8782.0,8809.0,8741.0,8749.0,26.2454
1742544000,8761.0,8766.0,8704.0,8732.0,23.3404
1742558400,8742.0,8757.0,8619.0,8678.0,33.8348
1742572800,8668.0,8782.0,8664.0,8770.0,10.7071
1742587200,8774.0,8799.0,8733.0,8733.0,4.18
1742601600,8740.0,8829.0,8740.0,8826.0,17.6832
1742616000,8832.0,8854.0,8822.0,8840.0,12.1796
1742630400,8834.0,8917.0,8824.0,8850.0,25.0516
1742644800,8853.0,8874.0,8804.0,8839.0,36.8675
1742659200,8827.0,8885.0,8825.0,8881.0,9.3082
1742673600,8880.0,8903.0,8803.0,8814.0,4.278
1742688000,8812.0,8937.0,8812.0,8934.0,10.0715
1742702400,8933.0,8960.0,8876.0,8946.0,7.3039
1742716800,8941.0,8980.0,8927.0,8931.0,23.6959
1742731200,8958.0,8980.0,8918.0,8932.0,26.0332
1742745600,8933.0,8933.0,8856.0,8884.0,12.8665
1742760000,8894.0,8899.0,8821.0,8899.0,5.2817
1742774400,8899.0,8957.0,8811.0,8950.0,132.1178
1742788800,8966.0,9200.0,8957.0,9180.0,133.146
1742803200,9189.0,9314.0,9188.0,9289.0,89.5526
1742817600,9281.0,9313.0,9210.0,9282.0,81.6164
1742832000,9291.0,9294.0,9179.0,9289.0,15.6492
1742846400,9267.0,9287.0,9178.0,9222.0,17.7332
1742860800,9222.0,9289.0,9070.0,9074.0,36.8689
1742875200,9060.0,9165.0,9060.0,9137.0,25.5431
1742889600,9140.0,9222.0,9134.0,9198.0,22.6631
1742904000,9195.0,9232.0,9139.0,9193.0,30.7912
1742918400,9195.0,9246.0,9161.0,9222.0,20.7246
1742932800,9215.0,9215.0,9147.0,9187.0,8.4502
1742947200,9180.0,9224.0,9100.0,9101.0,19.9654
1742961600,9101.0,9189.0,9098.0,9189.0,26.8447
1742976000,9183.0,9204.0,9129.0,9200.0,54.4991
1742990400,9200.0,9200.0,8878.0,8963.0,83.0913
1743004800,8962.0,8988.0,8861.0,8914.0,55.6064
1743019200,8919.0,8970.0,8904.0,8950.0,12.1871
1743033600,8950.0,9060.0,8940.0,9039.0,27.0811
1743048000,9039.0,9040.0,9001.0,9015.0,18.5272
1743062400,9013.0,9040.0,8919.0,8933.0,66.1903
1743076800,8936.0,9008.0,8861.0,8909.0,66.5196
1743091200,8907.0,8951.0,8880.0,8921.0,7.8433
1743105600,8900.0,8967.0,8900.0,8909.0,5.6155
1743120000,8911.0,8943.0,8862.0,8889.0,45.0266
1743134400,8889.0,8897.0,8506.0,8518.0,141.4404
1743148800,8515.0,8560.0,8368.0,8479.0,68.626
1743163200,8479.0,8485.0,8391.0,8391.0,78.5889
1743177600,8390.0,8418.0,8351.0,8379.0,27.4722
1743192000,8380.0,8496.0,8380.0,8488.0,25.1653
1743206400,8495.0,8567.0,8475.0,8519.0,28.4944
1743220800,8518.0,8518.0,8430.0,8431.0,19.165
1743235200,8432.0,8440.0,8250.0,8253.0,54.4189
1743249600,8268.0,8346.0,8260.0,8262.0,25.4048
1743264000,8264.0,8278.0,8118.0,8170.0,56.4144
1743278400,8194.0,8199.0,8154.0,8199.0,13.2281
1743292800,8200.0,8296.0,8169.0,8271.0,28.1014
1743307200,8276.0,8309.0,8269.0,8295.0,26.5353
1743321600,8295.0,8315.0,8251.0,8254.0,10.5848
1743336000,8255.0,8279.0,8110.0,8164.0,39.4882
1743350400,8165.0,8228.0,8080.0,8173.0,38.3383
1743364800,8163.0,8190.0,8020.0,8132.0,22.6183
1743379200,8132.0,8188.0,8050.0,8108.0,32.1619
1743393600,8108.0,8149.0,8078.0,8088.0,38.195
1743408000,8088.0,8183.0,8042.0,8174.0,33.2349
1743422400,8175.0,8340.0,8118.0,8308.0,31.6264
1743436800,8313.0,8318.0,8224.0,8252.0,17.7971
1743451200,8237.0,8260.0,8200.0,8213.0,5.3703
1743465600,8211.0,8279.0,8206.0,8275.0,39.8453
1743480000,8269.0,8369.0,8254.0,8353.0,76.6706
1743494400,8353.0,8491.0,8350.0,8384.0,83.7519
1743508800,8384.0,8650.0,8314.0,8630.0,43.063
1743523200,8637.0,8650.0,8556.0,8578.0,37.9471
1743537600,8579.0,8630.0,8543.0,8575.0,17.618
1743552000,8550.0,8556.0,8401.0,8419.0,28.6648
1743566400,8422.0,8427.0,8307.0,8341.0,41.8925
1743580800,8341.0,8442.0,8337.0,8388.0,23.0522
1743595200,8386.0,8594.0,8318.0,8499.0,68.8691
1743609600,8500.0,8555.0,8430.0,8548.0,26.1767
1743624000,8523.0,8700.0,8025.0,8072.0,173.6455
1743638400,8072.0,8233.0,8071.0,8192.0,80.738
1743652800,8192.0,8264.0,8119.0,8129.0,36.3332
1743667200,8130.0,8160.0,8036.0,8044.0,92.188
1743681600,8044.0,8056.0,7880.0,7993.0,211.9498
1743696000,7992.0,8043.0,7930.0,8001.0,37.3165
1743710400,8000.0,8132.0,7989.0,8130.0,31.701
1743724800,8127.0,8131.0,7901.0,7970.0,103.3948
1743739200,7971.0,8085.0,7954.0,8077.0,69.7097
1743753600,8078.0,8142.0,7852.0,7933.0,72.6516
1743768000,7930.0,8096.0,7910.0,8003.0,65.4033
1743782400,8017.0,8119.0,7964.0,8075.0,18.8778
1743796800,8068.0,8127.0,8054.0,8089.0,13.9047
1743811200,8094.0,8126.0,8070.0,8070.0,13.3969
1743825600,8080.0,8089.0,8052.0,8081.0,6.6858
1743840000,8085.0,8100.0,8066.0,8066.0,12.9552
1743854400,8066.0,8066.0,7911.0,7920.0,53.4122
1743868800,7922.0,7977.0,7911.0,7939.0,115.6535
1743883200,7939.0,8059.0,7889.0,8041.0,31.4271
1743897600,8040.0,8073.0,8021.0,8029.0,22.4859
1743912000,8058.0,8063.0,8001.0,8025.0,15.5601
1743926400,8003.0,8004.0,7954.0,7970.0,27.6004
1743940800,7973.0,7975.0,7800.0,7845.0,96.5683
1743955200,7845.0,7845.0,7200.0,7265.0,320.6029
1743969600,7265.0,7279.0,6920.0,7068.0,332.2363
1743984000,7072.0,7273.0,6870.0,6922.0,257.7117
1743998400,6923.0,6993.0,6337.0,6541.0,448.1937
1744012800,6540.0,6811.0,6522.0,6664.0,223.8524
1744027200,6667.0,7358.0,6658.0,7001.0,403.819
1744041600,7000.0,7049.0,6877.0,6971.0,54.4281
1744056000,7008.0,7119.0,7000.0,7001.0,32.5635
1744070400,7000.0,7280.0,6954.0,7162.0,83.0382
1744084800,7166.0,7239.0,7050.0,7074.0,70.6351
1744099200,7074.0,7154.0,7022.0,7154.0,92.8922
1744113600,7153.0,7157.0,6851.0,6900.0,106.7348
1744128000,6898.0,6899.0,6544.0,6610.0,106.2823
1744142400,6608.0,7230.0,6534.0,6632.0,138.5736
1744156800,6632.0,6671.0,6280.0,6408.0,223.9154
1744171200,6402.0,6719.0,6402.0,6710.0,87.9421
1744185600,6711.0,6738.0,6522.0,6558.0,110.8104
1744200000,6558.0,6750.0,6507.0,6681.0,69.8246
1744214400,6686.0,7500.0,6683.0,7396.0,163.996
1744228800,7385.0,7551.0,7378.0,7475.0,114.5231
1744243200,7475.0,7475.0,7173.0,7224.0,247.7056
1744257600,7234.0,7271.0,7102.0,7139.0,55.5162
1744272000,7139.0,7193.0,7089.0,7110.0,45.5316
1744286400,7129.0,7257.0,6668.0,6701.0,166.9982
1744300800,6701.0,6850.0,6602.0,6814.0,95.6259
1744315200,6805.0,6860.0,6798.0,6818.0,63.9107
1744329600,6812.0,6895.0,6725.0,6867.0,107.1174
1744344000,6865.0,6935.0,6858.0,6911.0,35.0841
1744358400,6909.0,7006.0,6861.0,6912.0,74.4536
1744372800,6917.0,6992.0,6861.0,6945.0,35.5127
1744387200,6945.0,7025.0,6921.0,6944.0,36.4428
1744401600,6940.0,7022.0,6914.0,6952.0,9.354
1744416000,6944.0,6949.0,6871.0,6894.0,53.444
1744430400,6892.0,7027.0,6886.0,7016.0,65.7346
1744444800,7018.0,7114.0,7018.0,7066.0,66.9745
1744459200,7056.0,7383.0,7056.0,7336.0,96.6436
1744473600,7339.0,7343.0,7198.0,7258.0,60.9492
1744488000,7282.0,7313.0,7282.0,7287.0,25.7984
1744502400,7279.0,7289.0,7132.0,7206.0,45.3907
1744516800,7202.0,7202.0,7102.0,7146.0,73.1568
1744531200,7137.0,7205.0,7085.0,7098.0,46.9918
1744545600,7100.0,7113.0,6952.0,7034.0,132.7517
1744560000,7029.0,7287.0,6950.0,7034.0,63.7312
1744574400,7031.0,7132.0,6995.0,7083.0,31.1639
1744588800,7076.0,7347.0,7076.0,7211.0,75.5866
1744603200,7213.0,7260.0,7151.0,7224.0,58.6067
1744617600,7225.0,7469.0,7213.0,7399.0,115.533
1744632000,7400.0,7458.0,7199.0,7208.0,192.8431
1744646400,7203.0,7304.0,7180.0,7244.0,35.2052
1744660800,7233.0,7247.0,7150.0,7198.0,18.7624
1744675200,7199.0,7261.0,7177.0,7254.0,47.929
1744689600,7262.0,7288.0,7250.0,7285.0,57.5308
1744704000,7284.0,7296.0,7200.0,7226.0,42.823
1744718400,7233.0,7330.0,7100.0,7154.0,100.5115
1744732800,7166.0,7192.0,7100.0,7110.0,30.1843
1744747200,7112.0,7136.0,7050.0,7051.0,38.4235
1744761600,7051.0,7098.0,7022.0,7076.0,75.8869
1744776000,7075.0,7076.0,6935.0,6956.0,83.743
1744790400,6955.0,7020.0,6912.0,7020.0,52.9538
1744804800,7013.0,7136.0,6972.0,7052.0,78.9057
1744819200,7052.0,7121.0,6851.0,7052.0,98.9028
1744833600,7042.0,7067.0,6972.0,6992.0,30.562
1744848000,6989.0,7050.0,6986.0,7006.0,44.7619
1744862400,7018.0,7120.0,7004.0,7089.0,33.5128
1744876800,7088.0,7093.0,7039.0,7057.0,44.6091
1744891200,7057.0,7080.0,6950.0,7014.0,48.8022
1744905600,7014.0,7143.0,7000.0,7001.0,32.4923
1744920000,7018.0,7042.0,7007.0,7011.0,8.6818
1744934400,7010.0,7017.0,7000.0,7004.0,30.8327
1744948800,7005.0,7006.0,6981.0,7003.0,27.4797
1744963200,7008.0,7039.0,7005.0,7039.0,22.9399
1744977600,7039.0,7056.0,7009.0,7010.0,25.083
1744992000,7010.0,7041.0,7010.0,7038.0,9.5812
1745006400,7039.0,7060.0,7034.0,7038.0,14.4159
1745020800,7035.0,7060.0,7023.0,7060.0,9.9588
1745035200,7060.0,7109.0,7060.0,7078.0,19.8097
1745049600,7077.0,7085.0,7055.0,7060.0,13.6666
1745064000,7060.0,7100.0,7058.0,7097.0,22.8292
1745078400,7098.0,7181.0,7080.0,7139.0,9.4856
1745092800,7133.0,7143.0,7122.0,7131.0,11.3707
1745107200,7130.0,7143.0,7110.0,7122.0,12.7554
1745121600,7121.0,7131.0,7036.0,7050.0,44.3421
1745136000,7049.0,7056.0,6950.0,6951.0,49.1279
1745150400,6951.0,7003.0,6951.0,6983.0,33.1922
1745164800,6975.0,7010.0,6973.0,7010.0,4.9657
1745179200,7010.0,7076.0,6996.0,7020.0,10.27
1745193600,7020.0,7234.0,7019.0,7200.0,152.5252
1745208000,7201.0,7272.0,7171.0,7237.0,69.2772
1745222400,7240.0,7250.0,7137.0,7139.0,57.4804
1745236800,7147.0,7213.0,7093.0,7139.0,64.915
1745251200,7139.0,7152.0,6926.0,6930.0,125.8448
1745265600,6928.0,6957.0,6928.0,6952.0,39.4121
1745280000,6954.0,7016.0,6813.0,6947.0,88.9722
1745294400,6951.0,7132.0,6940.0,7120.0,64.3719
1745308800,7120.0,7180.0,7101.0,7163.0,96.2828
1745323200,7163.0,7564.0,7156.0,7440.0,219.7683
1745337600,7449.0,7481.0,7379.0,7416.0,28.2177
1745352000,7424.0,7750.0,7414.0,7692.0,104.9339
1745366400,7691.0,7898.0,7662.0,7856.0,222.3567
1745380800,7856.0,7952.0,7791.0,7871.0,112.9773
1745395200,7859.0,7942.0,7826.0,7886.0,117.1317
1745409600,7888.0,8035.0,7715.0,7850.0,189.9988
1745424000,7848.0,7928.0,7800.0,7824.0,20.3444
1745438400,7850.0,7917.0,7839.0,7864.0,9.1436
1745452800,7876.0,7907.0,7757.0,7763.0,45.3243
1745467200,7762.0,7780.0,7705.0,7709.0,56.4142
1745481600,7710.0,7714.0,7561.0,7699.0,83.7384
1745496000,7698.0,7798.0,7666.0,7735.0,91.4902
1745510400,7735.0,7771.0,7663.0,7727.0,15.6319
1745524800,7727.0,7758.0,7689.0,7747.0,17.5512
1745539200,7747.0,7828.0,7631.0,7706.0,50.3019
1745553600,7711.0,7799.0,7711.0,7784.0,47.5684
1745568000,7784.0,7845.0,7751.0,7836.0,85.9703
1745582400,7829.0,7978.0,7716.0,7920.0,126.5733
1745596800,7920.0,7920.0,7812.0,7878.0,30.1338
1745611200,7866.0,7884.0,7825.0,7825.0,8.3534
1745625600,7840.0,7934.0,7834.0,7875.0,28.995
1745640000,7886.0,7915.0,7856.0,7884.0,11.6287
1745654400,7889.0,8030.0,7831.0,7836.0,64.0808
1745668800,7836.0,7899.0,7816.0,7899.0,32.7908
1745683200,7891.0,7933.0,7883.0,7933.0,26.1965
1745697600,7950.0,8014.0,7926.0,7981.0,10.5843
1745712000,7987.0,8115.0,7907.0,7935.0,81.4275
1745726400,7938.0,7938.0,7872.0,7910.0,28.2858
1745740800,7904.0,7947.0,7904.0,7931.0,20.5423
1745755200,7930.0,7931.0,7833.0,7865.0,32.8002
1745769600,7871.0,7896.0,7851.0,7895.0,31.5478
1745784000,7898.0,7905.0,7831.0,7851.0,19.9516
1745798400,7847.0,7848.0,7693.0,7815.0,50.614
1745812800,7822.0,7903.0,7815.0,7887.0,22.5932
1745827200,7891.0,7953.0,7817.0,7925.0,34.0556
1745841600,7920.0,7921.0,7683.0,7701.0,76.8009
1745856000,7711.0,7885.0,7651.0,7868.0,74.1271
1745870400,7858.0,7887.0,7810.0,7859.0,38.9594
1745884800,7861.0,7878.0,7820.0,7849.0,39.0029
1745899200,7848.0,7907.0,7801.0,7894.0,44.3634
1745913600,7894.0,7971.0,7884.0,7934.0,63.5413
1745928000,7930.0,7936.0,7850.0,7879.0,58.7054
1745942400,7876.0,7929.0,7851.0,7897.0,19.4707
1745956800,7898.0,7898.0,7769.0,7827.0,42.7364
1745971200,7827.0,7881.0,7801.0,7842.0,37.871
1745985600,7843.0,7844.0,7792.0,7792.0,33.8225
1746000000,7791.0,7850.0,7789.0,7850.0,18.1591
1746014400,7850.0,7850.0,7593.0,7683.0,166.2332
1746028800,7682.0,7762.0,7666.0,7756.0,26.5043
1746043200,7760.0,7839.0,7760.0,7798.0,12.3361
1746057600,7792.0,7875.0,7792.0,7848.0,68.3319
1746072000,7849.0,7850.0,7818.0,7840.0,24.3682
1746086400,7840.0,8036.0,7835.0,7989.0,74.3948
1746100800,7987.0,8092.0,7916.0,8022.0,90.5072
1746115200,8032.0,8069.0,8003.0,8003.0,76.8764
1746129600,8000.0,8011.0,7951.0,7969.0,16.8024
1746144000,7976.0,8011.0,7971.0,7985.0,36.3207
1746158400,7984.0,7988.0,7828.0,7832.0,42.3313
1746172800,7831.0,7887.0,7830.0,7876.0,68.1297
1746187200,7877.0,7945.0,7861.0,7908.0,29.6594
1746201600,7908.0,8004.0,7900.0,7903.0,28.2635
1746216000,7903.0,7941.0,7889.0,7911.0,5.6825
1746230400,7916.0,7917.0,7880.0,7899.0,30.2613
1746244800,7899.0,7916.0,7864.0,7881.0,25.8043
1746259200,7881.0,7895.0,7864.0,7873.0,11.081
1746273600,7874.0,7928.0,7874.0,7914.0,21.7277
1746288000,7913.0,7914.0,7850.0,7914.0,12.8319
1746302400,7930.0,7960.0,7909.0,7928.0,10.3
1746316800,7915.0,7955.0,7900.0,7922.0,29.4752
1746331200,7928.0,7959.0,7922.0,7939.0,20.6648
1746345600,7940.0,7940.0,7900.0,7916.0,12.5615
1746360000,7916.0,7918.0,7883.0,7889.0,19.6483
1746374400,7891.0,7891.0,7870.0,7890.0,7.2032
1746388800,7891.0,7910.0,7805.0,7813.0,18.9851
1746403200,7813.0,7814.0,7600.0,7624.0,129.7929
1746417600,7626.0,7747.0,7620.0,7735.0,76.811
1746432000,7737.0,7752.0,7643.0,7644.0,83.5317
1746446400,7644.0,7674.0,7600.0,7606.0,67.4537
1746460800,7606.0,7700.0,7606.0,7677.0,10.1725
1746475200,7672.0,7724.0,7629.0,7697.0,24.3064
1746489600,7698.0,7724.0,7637.0,7665.0,84.2534
1746504000,7665.0,7681.0,7664.0,7669.0,29.8694
1746518400,7668.0,7668.0,7506.0,7518.0,69.2729
1746532800,7524.0,7550.0,7489.0,7533.0,105.9094
1746547200,7534.0,7629.0,7507.0,7592.0,41.7928
1746561600,7591.0,7720.0,7524.0,7720.0,41.5262
1746576000,7717.0,7846.0,7713.0,7759.0,80.2074
1746590400,7759.0,7806.0,7758.0,7796.0,24.8109
1746604800,7807.0,7852.0,7806.0,7822.0,45.9198
1746619200,7819.0,7819.0,7758.0,7764.0,35.5795
1746633600,7764.0,7764.0,7628.0,7662.0,28.1307
1746648000,7667.0,7767.0,7652.0,7728.0,11.6207
1746662400,7727.0,8107.0,7715.0,8107.0,101.5205
1746676800,8108.0,8279.0,8081.0,8231.0,135.3174
1746691200,8230.0,8390.0,8226.0,8350.0,127.6237
1746705600,8357.0,8849.0,8357.0,8763.0,218.6246
1746720000,8770.0,9100.0,8680.0,9021.0,152.5962
1746734400,9022.0,9449.0,9022.0,9326.0,146.8242
1746748800,9326.0,9526.0,9250.0,9390.0,169.5417
1746763200,9398.0,10124.0,9391.0,10054.0,256.231
1746777600,10083.0,10500.0,9601.0,9964.0,306.0517
1746792000,9966.0,10092.0,9650.0,9725.0,145.4721
1746806400,9708.0,9927.0,9645.0,9831.0,61.5514
1746820800,9858.0,9883.0,9823.0,9874.0,13.3537
1746835200,9870.0,10000.0,9816.0,9867.0,90.3424
1746849600,9887.0,10250.0,9846.0,10215.0,114.657
1746864000,10210.0,10310.0,10067.0,10149.0,120.6538
1746878400,10146.0,10407.0,10146.0,10370.0,77.7246
1746892800,10351.0,10625.0,10341.0,10587.0,141.3982
1746907200,10590.0,11000.0,10488.0,10913.0,119.3305
1746921600,10900.0,10929.0,10622.0,10759.0,105.8097
1746936000,10756.0,10871.0,10445.0,10518.0,137.9594
1746950400,10519.0,10750.0,10519.0,10750.0,85.2118
1746964800,10750.0,10750.0,10450.0,10501.0,65.4229
1746979200,10500.0,10732.0,10400.0,10710.0,48.9605
1746993600,10700.0,10750.0,10615.0,10721.0,18.8655
1747008000,10736.0,10850.0,10674.0,10755.0,77.5193
1747022400,10754.0,11191.0,10679.0,10869.0,150.1572
1747036800,10891.0,11034.0,10819.0,10830.0,96.1832
1747051200,10830.0,10990.0,10622.0,10622.0,186.2814
1747065600,10629.0,10719.0,10362.0,10523.0,120.4185
1747080000,10542.0,10720.0,10505.0,10705.0,36.7534
1747094400,10695.0,10695.0,10431.0,10455.0,120.0795
1747108800,10448.0,10693.0,10441.0,10650.0,48.1427
1747123200,10644.0,10859.0,10595.0,10833.0,100.5651
1747137600,10837.0,11063.0,10767.0,11040.0,126.9427
1747152000,11040.0,11670.0,11034.0,11500.0,279.3134
1747166400,11547.0,11580.0,11348.0,11474.0,116.8979
1747180800,11463.0,11639.0,11200.0,11350.0,150.0629
1747195200,11349.0,11534.0,11330.0,11355.0,63.4035
1747209600,11353.0,11354.0,11100.0,11249.0,123.7773
1747224000,11249.0,11292.0,11000.0,11151.0,109.948
1747238400,11155.0,11209.0,11002.0,11208.0,33.1353
1747252800,11197.0,11232.0,11138.0,11232.0,17.4675
1747267200,11225.0,11387.0,11068.0,11080.0,40.1509
1747281600,11095.0,11169.0,10803.0,10868.0,169.5588
1747296000,10899.0,10980.0,10813.0,10962.0,199.937
1747310400,10968.0,11055.0,10700.0,11000.0,123.3061
1747324800,11031.0,11171.0,10829.0,10847.0,70.0976
1747339200,10929.0,11018.0,10824.0,10951.0,15.9491
1747353600,10949.0,11069.0,10890.0,11069.0,54.0493
1747368000,11063.0,11224.0,10997.0,11148.0,103.2245
1747382400,11149.0,11346.0,11008.0,11261.0,143.9138
1747396800,11256.0,11256.0,11067.0,11127.0,20.0237
1747411200,11149.0,11162.0,11050.0,11104.0,15.9768
1747425600,11090.0,11090.0,10902.0,10928.0,23.6803
1747440000,10927.0,10927.0,10624.0,10746.0,125.9333
1747454400,10743.0,10815.0,10702.0,10710.0,33.5325
1747468800,10710.0,10720.0,10650.0,10699.0,23.3921
1747483200,10699.0,10703.0,10600.0,10675.0,42.2422
1747497600,10671.0,10708.0,10601.0,10655.0,23.6557
1747512000,10654.0,10729.0,10604.0,10670.0,7.0825
1747526400,10688.0,10716.0,10665.0,10692.0,13.686
1747540800,10693.0,10820.0,10693.0,10819.0,17.0994
1747555200,10820.0,10892.0,10780.0,10780.0,11.9177
1747569600,10792.0,11100.0,10760.0,11094.0,81.4544
1747584000,11096.0,11100.0,10408.0,10409.0,149.0225
1747598400,10408.0,10799.0,10073.0,10764.0,83.2426
1747612800,10752.0,10821.0,10300.0,10305.0,111.3072
1747627200,10305.0,10418.0,10159.0,10370.0,130.1164
1747641600,10380.0,10462.0,10330.0,10461.0,19.9427
1747656000,10453.0,10648.0,10333.0,10640.0,67.2659
1747670400,10623.0,10949.0,10582.0,10843.0,62.9835
1747684800,10860.0,10898.0,10746.0,10883.0,42.9105
1747699200,10884.0,11075.0,10794.0,10942.0,164.9629
1747713600,10942.0,11045.0,10829.0,10853.0,43.5773
1747728000,10853.0,10899.0,10745.0,10805.0,46.5765
1747742400,10808.0,10810.0,10622.0,10691.0,81.338
1747756800,10682.0,10791.0,10571.0,10758.0,33.042
1747771200,10754.0,10892.0,10722.0,10820.0,8.2477
1747785600,10821.0,10917.0,10789.0,10899.0,37.7107
1747800000,10899.0,11129.0,10868.0,10901.0,140.4999
1747814400,10902.0,10941.0,10766.0,10850.0,49.251
1747828800,10824.0,10999.0,10805.0,10924.0,76.1418
1747843200,10926.0,11099.0,10500.0,10670.0,110.3578
1747857600,10694.0,11000.0,10631.0,10841.0,41.9789
1747872000,10866.0,11138.0,10842.0,11133.0,180.0624
1747886400,11125.0,11138.0,11000.0,11121.0,139.0442
1747900800,11121.0,11329.0,11070.0,11214.0,547.2066
1747915200,11213.0,11311.0,11111.0,11265.0,62.5524
1747929600,11262.0,11297.0,11141.0,11141.0,16.5511
1747944000,11168.0,11247.0,11134.0,11239.0,15.6929
1747958400,11212.0,11498.0,11187.0,11480.0,88.0196
1747972800,11480.0,11480.0,11168.0,11216.0,157.2939
1747987200,11222.0,11353.0,10850.0,10860.0,106.9693
1748001600,10873.0,10999.0,10650.0,10913.0,163.0818
1748016000,10910.0,10969.0,10850.0,10887.0,42.0358
1748030400,10860.0,10887.0,10702.0,10747.0,98.4839
1748044800,10747.0,10903.0,10671.0,10887.0,69.7153
1748059200,10885.0,10903.0,10823.0,10880.0,50.9935
1748073600,10880.0,10957.0,10840.0,10905.0,20.055
1748088000,10924.0,10928.0,10870.0,10889.0,9.9525
1748102400,10883.0,10934.0,10879.0,10880.0,6.4866
1748116800,10879.0,10893.0,10765.0,10796.0,16.7479
1748131200,10799.0,10830.0,10611.0,10759.0,54.9258
1748145600,10751.0,10760.0,10663.0,10681.0,10.057
1748160000,10665.0,10695.0,10600.0,10694.0,52.7615
1748174400,10690.0,10797.0,10633.0,10696.0,24.0309
1748188800,10761.0,10779.0,10698.0,10766.0,11.1996
1748203200,10749.0,10849.0,10707.0,10839.0,15.5448
1748217600,10839.0,10930.0,10821.0,10866.0,35.2295
1748232000,10865.0,10981.0,10865.0,10907.0,40.8301
1748246400,10921.0,10928.0,10824.0,10865.0,29.5865
1748260800,10878.0,10886.0,10795.0,10870.0,66.8899
1748275200,10871.0,10880.0,10707.0,10770.0,29.7744
1748289600,10781.0,10916.0,10781.0,10841.0,10.7505
1748304000,10841.0,10879.0,10668.0,10809.0,31.0688
1748318400,10806.0,11069.0,10806.0,11039.0,79.5432
1748332800,11045.0,11220.0,11045.0,11220.0,136.8155
1748347200,11220.0,11320.0,11168.0,11292.0,134.3075
1748361600,11291.0,11450.0,11273.0,11361.0,131.1704
1748376000,11387.0,11395.0,11231.0,11273.0,20.5826
1748390400,11279.0,11280.0,11165.0,11248.0,59.986
1748404800,11246.0,11265.0,11181.0,11202.0,22.2241
1748419200,11202.0,11261.0,11100.0,11256.0,110.3532
1748433600,11258.0,11370.0,11138.0,11168.0,83.2535
1748448000,11176.0,11298.0,11130.0,11150.0,22.6401
1748462400,11134.0,11386.0,11130.0,11383.0,36.1523
1748476800,11382.0,11785.0,11359.0,11698.0,303.3363
1748491200,11698.0,11699.0,11500.0,11592.0,56.9608
1748505600,11581.0,11632.0,11550.0,11581.0,113.6901
1748520000,11580.0,11581.0,11210.0,11285.0,70.85
1748534400,11299.0,11401.0,11250.0,11322.0,67.3481
1748548800,11313.0,11341.0,11200.0,11233.0,34.4091
1748563200,11233.0,11236.0,10930.0,11204.0,307.6547
1748577600,11207.0,11259.0,11159.0,11184.0,48.1248
1748592000,11171.0,11196.0,11076.0,11183.0,58.3262
1748606400,11186.0,11186.0,11001.0,11111.0,104.497
1748620800,11109.0,11116.0,10837.0,11019.0,125.6929
1748635200,11019.0,11049.0,10796.0,10836.0,63.5658
1748649600,10836.0,10871.0,10700.0,10808.0,123.8722
1748664000,10804.0,10869.0,10763.0,10846.0,67.4525
1748678400,10846.0,10883.0,10800.0,10833.0,21.912
1748692800,10830.0,10963.0,10822.0,10918.0,41.2262
1748707200,10923.0,11020.0,10881.0,10903.0,47.8355
1748721600,10902.0,10958.0,10869.0,10869.0,14.5149
1748736000,10868.0,10868.0,10750.0,10826.0,29.835
1748750400,10828.0,10868.0,10800.0,10812.0,17.5709
1748764800,10812.0,10821.0,10700.0,10773.0,48.349
1748779200,10772.0,10865.0,10694.0,10861.0,55.6857
1748793600,10859.0,10945.0,10788.0,10858.0,37.7093
1748808000,10853.0,10941.0,10842.0,10895.0,12.3417
1748822400,10890.0,10900.0,10723.0,10760.0,28.1919
1748836800,10757.0,10804.0,10720.0,10785.0,29.2137
1748851200,10788.0,10800.0,10668.0,10678.0,50.2032
1748865600,10687.0,10934.0,10666.0,10912.0,141.5952
1748880000,10912.0,10950.0,10834.0,10853.0,23.3683
1748894400,10854.0,11151.0,10854.0,11137.0,51.8752
1748908800,11136.0,11234.0,11039.0,11086.0,92.461
1748923200,11087.0,11150.0,11055.0,11120.0,62.7967
1748937600,11119.0,11140.0,11061.0,11097.0,53.9766
1748952000,11084.0,11251.0,11082.0,11152.0,96.5414
1748966400,11148.0,11173.0,11100.0,11156.0,20.9071
1748980800,11160.0,11160.0,11000.0,11052.0,58.7061
1748995200,11051.0,11205.0,11039.0,11182.0,69.1948
1749009600,11182.0,11229.0,11171.0,11202.0,43.3399
1749024000,11202.0,11238.0,11193.0,11200.0,44.151
1749038400,11199.0,11350.0,11101.0,11347.0,104.4007
1749052800,11346.0,11346.0,11176.0,11195.0,32.3046
1749067200,11191.0,11191.0,11111.0,11139.0,73.374
1749081600,11142.0,11189.0,11100.0,11170.0,49.856
1749096000,11169.0,11196.0,11105.0,11105.0,44.9234
1749110400,11106.0,11118.0,11026.0,11087.0,55.5905
1749124800,11085.0,11187.0,10929.0,11027.0,113.9665
1749139200,11019.0,11019.0,10724.0,10769.0,124.5317
1749153600,10757.0,10770.0,10220.0,10331.0,242.3899
1749168000,10330.0,10490.0,10213.0,10438.0,176.4502
1749182400,10438.0,10485.0,10434.0,10440.0,51.6245
1749196800,10439.0,10585.0,10419.0,10528.0,73.5317
1749211200,10526.0,10730.0,10500.0,10649.0,81.85
1749225600,10650.0,10671.0,10561.0,10594.0,53.2202
1749240000,10580.0,10618.0,10530.0,10531.0,23.2762
1749254400,10530.0,10579.0,10469.0,10576.0,40.5449
1749268800,10572.0,10608.0,10561.0,10590.0,23.499
1749283200,10589.0,10597.0,10515.0,10586.0,27.6129
1749297600,10594.0,10708.0,10593.0,10701.0,29.3282
1749312000,10700.0,10719.0,10654.0,10698.0,16.2757
1749326400,10693.0,10771.0,10693.0,10721.0,11.2523
1749340800,10719.0,10719.0,10686.0,10687.0,28.6296
1749355200,10686.0,10700.0,10675.0,10688.0,16.8574
1749369600,10687.0,10699.0,10500.0,10680.0,89.5411
1749384000,10679.0,10719.0,10638.0,10705.0,53.2131
1749398400,10703.0,10785.0,10703.0,10769.0,44.3312
1749412800,10765.0,10800.0,10652.0,10665.0,17.0681
1749427200,10665.0,10669.0,10587.0,10608.0,52.2758
1749441600,10608.0,10608.0,10533.0,10574.0,36.9381
1749456000,10583.0,10772.0,10583.0,10766.0,71.0963
1749470400,10765.0,10786.0,10663.0,10755.0,47.4133
1749484800,10755.0,10988.0,10751.0,10917.0,71.5572
1749499200,10918.0,11347.0,10915.0,11313.0,155.4748
1749513600,11307.0,11477.0,11279.0,11329.0,264.0433
1749528000,11330.0,11355.0,11229.0,11291.0,76.8383
1749542400,11295.0,11750.0,11282.0,11700.0,271.2167
1749556800,11700.0,11700.0,11372.0,11522.0,192.3586
1749571200,11524.0,11773.0,11522.0,11665.0,104.6152
1749585600,11686.0,11869.0,11564.0,11829.0,174.3578
1749600000,11826.0,11871.0,11673.0,11789.0,115.2229
1749614400,11788.0,11850.0,11766.0,11825.0,68.7895
1749628800,11821.0,11821.0,11675.0,11705.0,47.7614
1749643200,11705.0,12160.0,11704.0,12096.0,293.3933
1749657600,12096.0,12124.0,11870.0,11898.0,116.5788
1749672000,11893.0,11960.0,11650.0,11753.0,144.0433
1749686400,11741.0,11765.0,11650.0,11715.0,72.2607
1749700800,11714.0,11724.0,11610.0,11610.0,52.1339
1749715200,11610.0,11683.0,11574.0,11583.0,58.1182
1749729600,11591.0,11750.0,11525.0,11551.0,77.266
1749744000,11552.0,11730.0,11453.0,11453.0,83.2852
1749758400,11453.0,11456.0,11150.0,11260.0,132.4614
1749772800,11252.0,11252.0,10499.0,10766.0,580.2446
1749787200,10756.0,10847.0,10700.0,10801.0,110.7802
1749801600,10801.0,10899.0,10753.0,10899.0,77.1054
1749816000,10899.0,10983.0,10766.0,10930.0,95.6313
1749830400,10930.0,11051.0,10780.0,10818.0,82.6901
1749844800,10815.0,11000.0,10811.0,11000.0,39.5518
1749859200,11000.0,11000.0,10906.0,10906.0,47.9652
1749873600,10902.0,10920.0,10841.0,10849.0,31.9885
1749888000,10849.0,10849.0,10799.0,10848.0,27.2524
1749902400,10856.0,10878.0,10751.0,10772.0,43.6832
1749916800,10772.0,10794.0,10650.0,10736.0,59.3297
1749931200,10729.0,10839.0,10700.0,10819.0,26.6551
1749945600,10817.0,10856.0,10805.0,10825.0,10.8259
1749960000,10824.0,10870.0,10805.0,10810.0,26.9111
1749974400,10817.0,10817.0,10751.0,10765.0,26.9428
1749988800,10765.0,10880.0,10765.0,10862.0,28.6758
1750003200,10851.0,10962.0,10842.0,10850.0,45.7853
1750017600,10850.0,10877.0,10685.0,10867.0,39.1636
1750032000,10870.0,10948.0,10749.0,10919.0,45.2207
1750046400,10919.0,11181.0,10907.0,11163.0,115.2974
1750060800,11163.0,11169.0,11028.0,11099.0,67.7973
1750075200,11099.0,11240.0,11064.0,11170.0,116.4091
1750089600,11172.0,11272.0,11145.0,11237.0,37.7279
1750104000,11214.0,11300.0,10775.0,10777.0,119.1015
1750118400,10777.0,11045.0,10717.0,11027.0,137.3564
1750132800,11028.0,11028.0,10901.0,10927.0,63.7684
1750147200,10927.0,10936.0,10777.0,10812.0,77.6571
1750161600,10811.0,10864.0,10600.0,10603.0,101.4717
1750176000,10603.0,10799.0,10453.0,10761.0,102.5991
1750190400,10762.0,10762.0,10646.0,10683.0,33.4621
1750204800,10686.0,10770.0,10686.0,10757.0,76.7604
1750219200,10760.0,10801.0,10742.0,10771.0,40.8412
1750233600,10772.0,10813.0,10651.0,10705.0,59.2817
1750248000,10711.0,10808.0,10550.0,10696.0,97.7644
1750262400,10684.0,10707.0,10556.0,10632.0,85.4293
1750276800,10633.0,10803.0,10614.0,10775.0,62.85
1750291200,10775.0,10860.0,10734.0,10772.0,50.7285
1750305600,10772.0,10790.0,10762.0,10776.0,10.8438
1750320000,10779.0,10833.0,10779.0,10804.0,37.1449
1750334400,10799.0,10817.0,10689.0,10689.0,54.0166
1750348800,10676.0,10742.0,10650.0,10695.0,26.8622
1750363200,10698.0,10776.0,10698.0,10745.0,29.1725
1750377600,10752.0,10773.0,10718.0,10725.0,13.06
1750392000,10725.0,10848.0,10695.0,10848.0,25.9015
1750406400,10847.0,10906.0,10819.0,10850.0,37.469
1750420800,10836.0,10861.0,10651.0,10661.0,71.8473
1750435200,10661.0,10661.0,10200.0,10343.0,224.9809
1750449600,10344.0,10398.0,10245.0,10300.0,67.6043
1750464000,10300.0,10432.0,10299.0,10425.0,64.3801
1750478400,10425.0,10429.0,10395.0,10406.0,64.0733
1750492800,10415.0,10452.0,10401.0,10452.0,20.8841
1750507200,10452.0,10452.0,10350.0,10370.0,46.4496
1750521600,10375.0,10375.0,10240.0,10240.0,49.7292
1750536000,10241.0,10319.0,9600.0,9873.0,286.133
1750550400,9882.0,9966.0,9681.0,9701.0,261.5582
1750564800,9701.0,9827.0,9701.0,9740.0,71.3741
1750579200,9739.0,9759.0,9612.0,9726.0,84.3531
1750593600,9722.0,9776.0,9240.0,9260.0,357.7494
1750608000,9274.0,9426.0,9260.0,9297.0,56.9635
1750622400,9287.0,9532.0,9031.0,9501.0,115.82
1750636800,9506.0,9755.0,9502.0,9610.0,77.7226
1750651200,9610.0,9746.0,9587.0,9700.0,105.7341
1750665600,9701.0,9754.0,9660.0,9692.0,53.9547
1750680000,9691.0,9941.0,9627.0,9712.0,65.6721
1750694400,9700.0,9975.0,9459.0,9947.0,78.5925
1750708800,9945.0,10450.0,9943.0,10387.0,134.9223
1750723200,10382.0,10387.0,10211.0,10251.0,77.3345
1750737600,10248.0,10369.0,10224.0,10227.0,65.7013
1750752000,10227.0,10390.0,10158.0,10262.0,141.9571
1750766400,10249.0,10400.0,10229.0,10357.0,22.6878
1750780800,10362.0,10510.0,10300.0,10316.0,34.5771
1750795200,10327.0,10395.0,10325.0,10376.0,7.6198
1750809600,10372.0,10426.0,10339.0,10371.0,53.948
1750824000,10373.0,10373.0,10289.0,10353.0,14.1035
1750838400,10352.0,10371.0,10250.0,10324.0,52.9792
1750852800,10311.0,10367.0,10170.0,10205.0,43.74
1750867200,10218.0,10337.0,10186.0,10337.0,35.5947
1750881600,10320.0,10381.0,10224.0,10272.0,5.2304
1750896000,10271.0,10651.0,10271.0,10536.0,135.0716
1750910400,10521.0,10579.0,10468.0,10555.0,25.5305
1750924800,10555.0,10563.0,10369.0,10395.0,36.4457
1750939200,10394.0,10407.0,10257.0,10300.0,36.1448
1750953600,10326.0,10330.0,10277.0,10330.0,19.6348
1750968000,10313.0,10380.0,10211.0,10261.0,39.6515
1750982400,10260.0,10357.0,10155.0,10357.0,21.1069
1750996800,10358.0,10410.0,10351.0,10371.0,19.4056
1751011200,10371.0,10450.0,10366.0,10406.0,30.0126
1751025600,10407.0,10431.0,10300.0,10368.0,49.2844
1751040000,10353.0,10381.0,10163.0,10257.0,40.1945
1751054400,10248.0,10291.0,10247.0,10282.0,5.9561
1751068800,10286.0,10300.0,10244.0,10282.0,10.5777
1751083200,10294.0,10320.0,10280.0,10320.0,18.1198
1751097600,10321.0,10321.0,10290.0,10306.0,14.4301
1751112000,10306.0,10332.0,10291.0,10332.0,9.8041
1751126400,10344.0,10350.0,10330.0,10348.0,9.6197
1751140800,10346.0,10348.0,10306.0,10334.0,21.9859
1751155200,10334.0,10334.0,10320.0,10320.0,9.4032
1751169600,10320.0,10330.0,10318.0,10330.0,9.234
1751184000,10330.0,10424.0,10330.0,10424.0,22.1614
1751198400,10424.0,10424.0,10337.0,10337.0,49.5883
1751212800,10336.0,10336.0,10309.0,10309.0,6.9196
1751227200,10307.0,10665.0,10260.0,10577.0,186.1112
1751241600,10578.0,10653.0,10543.0,10547.0,34.8985
1751256000,10548.0,10548.0,10405.0,10454.0,35.4751
1751270400,10454.0,10469.0,10343.0,10385.0,32.4778
1751284800,10385.0,10460.0,10305.0,10440.0,60.8278
1751299200,10427.0,10552.0,10414.0,10552.0,19.4897
1751313600,10553.0,10581.0,10463.0,10474.0,12.8123
1751328000,10474.0,10482.0,10419.0,10425.0,8.083
1751342400,10427.0,10427.0,10305.0,10358.0,33.1656
1751356800,10356.0,10356.0,10300.0,10301.0,20.8945
1751371200,10301.0,10322.0,10179.0,10213.0,77.6798
1751385600,10212.0,10246.0,10160.0,10176.0,28.7084
1751400000,10159.0,10189.0,10111.0,10150.0,22.4507
1751414400,10150.0,10281.0,10061.0,10277.0,38.6726
1751428800,10277.0,10351.0,10270.0,10350.0,22.1053
1751443200,10351.0,10380.0,10351.0,10352.0,18.6368
1751457600,10352.0,10549.0,10321.0,10548.0,72.6507
1751472000,10534.0,10902.0,10534.0,10902.0,244.8785
1751486400,10910.0,10950.0,10764.0,10764.0,79.7404
1751500800,10770.0,10818.0,10749.0,10768.0,64.31
1751515200,10767.0,10925.0,10767.0,10904.0,56.8535
1751529600,10905.0,10928.0,10880.0,10885.0,68.6926
1751544000,10885.0,11000.0,10770.0,10770.0,108.908
1751558400,10772.0,10833.0,10754.0,10820.0,37.317
1751572800,10821.0,10865.0,10821.0,10850.0,13.3832
1751587200,10851.0,10886.0,10850.0,10870.0,52.9044
1751601600,10871.0,10871.0,10684.0,10700.0,44.8829
1751616000,10701.0,10776.0,10700.0,10773.0,60.2486
1751630400,10774.0,10774.0,10601.0,10608.0,47.9795
1751644800,10607.0,10607.0,10502.0,10504.0,42.2427
1751659200,10507.0,10647.0,10507.0,10633.0,15.2283
1751673600,10633.0,10684.0,10626.0,10683.0,34.7627
1751688000,10685.0,10695.0,10670.0,10688.0,12.5453
1751702400,10688.0,10700.0,10665.0,10699.0,16.2425
1751716800,10694.0,10694.0,10631.0,10636.0,7.1934
1751731200,10641.0,10650.0,10566.0,10622.0,41.0499
1751745600,10623.0,10660.0,10599.0,10660.0,6.4667
1751760000,10659.0,10660.0,10655.0,10656.0,6.8967
1751774400,10656.0,10697.0,10655.0,10673.0,7.8408
1751788800,10668.0,10668.0,10619.0,10643.0,22.4719
1751803200,10647.0,10800.0,10643.0,10780.0,61.856
1751817600,10780.0,10780.0,10659.0,10714.0,11.2915
1751832000,10726.0,10946.0,10726.0,10833.0,63.6025
1751846400,10828.0,10876.0,10751.0,10837.0,24.2205
1751860800,10848.0,10868.0,10826.0,10863.0,25.6497
1751875200,10863.0,10961.0,10797.0,10823.0,81.9302
1751889600,10823.0,10844.0,10704.0,10714.0,70.631
1751904000,10714.0,10798.0,10651.0,10758.0,54.6081
1751918400,10757.0,10757.0,10703.0,10735.0,22.6766
1751932800,10735.0,10787.0,10716.0,10736.0,36.7612
1751947200,10735.0,10835.0,10735.0,10825.0,23.1176
1751961600,10837.0,10900.0,10817.0,10897.0,61.1474
1751976000,10900.0,10979.0,10869.0,10869.0,73.0296
1751990400,10870.0,11059.0,10863.0,10994.0,111.9354
1752004800,10994.0,11017.0,10979.0,11016.0,25.1374
1752019200,11018.0,11066.0,11000.0,11000.0,50.7234
1752033600,11000.0,11151.0,10986.0,11130.0,105.226
1752048000,11130.0,11131.0,11062.0,11097.0,162.4891
1752062400,11097.0,11278.0,11097.0,11212.0,154.2846
1752076800,11217.0,11604.0,11205.0,11576.0,162.8197
1752091200,11576.0,11604.0,11346.0,11582.0,123.8547
1752105600,11582.0,11676.0,11506.0,11638.0,100.1816
1752120000,11638.0,11880.0,11627.0,11740.0,109.1177
1752134400,11741.0,11741.0,11666.0,11672.0,117.575
1752148800,11675.0,11709.0,11634.0,11650.0,108.1437
1752163200,11652.0,11800.0,11652.0,11680.0,103.1986
1752177600,11697.0,12100.0,11684.0,12098.0,259.7237
1752192000,12098.0,12404.0,12097.0,12338.0,206.5854
1752206400,12338.0,12500.0,12289.0,12499.0,300.805
1752220800,12499.0,12650.0,12350.0,12375.0,161.1638
1752235200,12375.0,12419.0,11929.0,11977.0,151.6201
1752249600,11945.0,12086.0,11701.0,12061.0,162.795
1752264000,12061.0,12069.0,12002.0,12065.0,47.4788
1752278400,12065.0,12095.0,12013.0,12094.0,39.8707
1752292800,12096.0,12182.0,12003.0,12181.0,85.5327
1752307200,12182.0,12353.0,12182.0,12311.0,65.2996
1752321600,12309.0,12309.0,12009.0,12085.0,76.7388
1752336000,12085.0,12250.0,12041.0,12249.0,49.5596
1752350400,12249.0,12299.0,12224.0,12293.0,41.6815
1752364800,12290.0,12347.0,12290.0,12346.0,47.8662
1752379200,12346.0,12350.0,12200.0,12350.0,64.7632
1752393600,12350.0,12356.0,12303.0,12356.0,53.0804
1752408000,12357.0,12560.0,12357.0,12473.0,120.0978
1752422400,12456.0,12500.0,12351.0,12438.0,65.6211
1752436800,12434.0,12470.0,12360.0,12404.0,22.5524
1752451200,12404.0,12600.0,12403.0,12599.0,160.5039
1752465600,12600.0,12800.0,12495.0,12796.0,238.552
1752480000,12796.0,12878.0,12667.0,12839.0,227.2096
1752494400,12839.0,12840.0,12597.0,12597.0,112.9817
1752508800,12597.0,12695.0,12578.0,12586.0,53.9937
1752523200,12586.0,12695.0,12570.0,12680.0,36.8974
1752537600,12679.0,12700.0,12401.0,12406.0,134.8077
1752552000,12406.0,12627.0,12396.0,12592.0,82.3982
1752566400,12569.0,12600.0,12500.0,12599.0,60.2219
1752580800,12591.0,12912.0,12558.0,12821.0,248.0692
1752595200,12834.0,12998.0,12831.0,12843.0,129.4461
1752609600,12842.0,13200.0,12810.0,13199.0,243.8104
1752624000,13199.0,13280.0,13168.0,13196.0,165.0522
1752638400,13201.0,13388.0,13151.0,13384.0,108.8557
1752652800,13384.0,13400.0,13261.0,13279.0,89.5706
1752667200,13279.0,13730.0,13279.0,13616.0,227.8461
1752681600,13616.0,14011.0,13600.0,14011.0,221.6946
1752696000,14050.0,14246.0,13931.0,14013.0,155.7575
1752710400,14013.0,14099.0,13903.0,14030.0,209.3034
1752724800,14029.0,14479.0,13963.0,14450.0,144.296
1752739200,14451.0,14598.0,14359.0,14403.0,185.135
1752753600,14402.0,14448.0,14100.0,14324.0,201.7028
1752768000,14326.0,14350.0,14204.0,14255.0,77.4668
1752782400,14255.0,14500.0,14188.0,14394.0,171.3827
1752796800,14399.0,14949.0,14368.0,14879.0,216.3855
1752811200,14879.0,15279.0,14833.0,15171.0,288.1289
1752825600,15101.0,15188.0,14950.0,15151.0,116.5778
1752840000,15170.0,15400.0,14760.0,14830.0,269.4175
1752854400,14832.0,15127.0,14832.0,14944.0,104.3869
1752868800,14942.0,15001.0,14702.0,14899.0,122.8758
1752883200,14900.0,15032.0,14734.0,15025.0,109.2055
1752897600,15025.0,15087.0,14994.0,15032.0,79.7598
1752912000,15031.0,15032.0,14911.0,14921.0,84.5811
1752926400,14914.0,14969.0,14884.0,14941.0,57.8249
1752940800,14934.0,15000.0,14913.0,15000.0,58.3721
1752955200,15007.0,15080.0,14949.0,15080.0,33.3213
1752969600,15078.0,15440.0,15076.0,15384.0,95.0119
1752984000,15383.0,15490.0,15250.0,15450.0,60.5509
1752998400,15450.0,15750.0,15449.0,15750.0,141.4163
1753012800,15750.0,15898.0,15660.0,15898.0,103.1598
1753027200,15878.0,15996.0,15701.0,15769.0,132.9969
1753041600,15755.0,15849.0,15611.0,15826.0,100.6607
1753056000,15830.0,15830.0,15666.0,15785.0,99.3174
1753070400,15786.0,15982.0,15782.0,15905.0,114.6791
1753084800,15905.0,16000.0,15847.0,15990.0,117.8955
1753099200,15998.0,16100.0,15906.0,15987.0,214.2618
1753113600,15967.0,15986.0,15750.0,15752.0,67.1658
1753128000,15751.0,15960.0,15737.0,15920.0,53.3788
1753142400,15917.0,15970.0,15691.0,15737.0,165.9872
1753156800,15737.0,15738.0,15460.0,15511.0,254.3248
1753171200,15506.0,15650.0,15309.0,15637.0,162.3825
1753185600,15637.0,15670.0,15318.0,15650.0,133.6841
1753200000,15634.0,15729.0,15401.0,15401.0,27.6942
1753214400,15439.0,15729.0,15439.0,15722.0,17.7856
1753228800,15722.0,15775.0,15601.0,15649.0,49.5637
1753243200,15657.0,15680.0,15501.0,15513.0,30.5466
1753257600,15501.0,15598.0,15400.0,15500.0,57.2936
1753272000,15515.0,15552.0,15107.0,15351.0,165.5324
1753286400,15351.0,15368.0,15020.0,15205.0,44.8172
1753300800,15177.0,15289.0,14710.0,15269.0,110.8703
1753315200,15279.0,15450.0,15236.0,15365.0,57.4296
1753329600,15382.0,15420.0,14784.0,15099.0,138.2026
1753344000,15100.0,15420.0,15062.0,15420.0,70.8777
1753358400,15419.0,15880.0,15293.0,15711.0,203.1905
1753372800,15726.0,15805.0,15477.0,15745.0,81.4382
1753387200,15742.0,15770.0,15610.0,15612.0,13.4438
1753401600,15613.0,15613.0,15000.0,15211.0,146.4739
1753416000,15210.0,15445.0,14500.0,15349.0,222.3791
1753430400,15349.0,15749.0,15349.0,15725.0,134.8333
1753444800,15726.0,15729.0,15224.0,15336.0,194.4037
1753459200,15337.0,15380.0,15289.0,15379.0,51.0171
1753473600,15379.0,15702.0,15379.0,15675.0,66.9224
1753488000,15675.0,15810.0,15633.0,15764.0,136.6757
1753502400,15764.0,15803.0,15763.0,15798.0,47.3298
1753516800,15800.0,15900.0,15799.0,15800.0,103.8391
1753531200,15800.0,15828.0,15733.0,15752.0,53.3187
1753545600,15752.0,15799.0,15688.0,15772.0,33.7391
1753560000,15788.0,15900.0,15760.0,15779.0,30.6076
1753574400,15782.0,15944.0,15777.0,15906.0,55.498
1753588800,15914.0,15980.0,15902.0,15907.0,64.0611
1753603200,15908.0,16100.0,15880.0,16029.0,168.5197
1753617600,16029.0,16100.0,15951.0,16050.0,79.217
1753632000,16050.0,16218.0,16049.0,16130.0,124.5153
1753646400,16125.0,16249.0,16096.0,16249.0,53.9676
1753660800,16250.0,16350.0,16200.0,16301.0,144.6023
1753675200,16301.0,16499.0,16301.0,16412.0,131.5372
1753689600,16411.0,16414.0,16350.0,16398.0,96.5739
1753704000,16391.0,16399.0,15990.0,16100.0,155.7357
1753718400,16101.0,16121.0,15932.0,16095.0,71.2073
1753732800,16095.0,16095.0,15995.0,16049.0,20.8767
1753747200,16049.0,16172.0,15911.0,16064.0,100.4125
1753761600,16067.0,16400.0,16067.0,16400.0,69.5667
1753776000,16399.0,16451.0,16182.0,16214.0,135.2208
1753790400,16214.0,16386.0,15999.0,16000.0,92.157
1753804800,16000.0,16100.0,15909.0,16020.0,113.3906
1753819200,16011.0,16115.0,15981.0,16106.0,55.9044
1753833600,16106.0,16219.0,16015.0,16219.0,88.3529
1753848000,16219.0,16219.0,16141.0,16198.0,58.9702
1753862400,16178.0,16204.0,15950.0,15963.0,82.8112
1753876800,15963.0,16200.0,15952.0,16093.0,96.7428
1753891200,16092.0,16183.0,15784.0,16015.0,124.0251
1753905600,16038.0,16180.0,15979.0,16176.0,37.6981
1753920000,16177.0,16360.0,16176.0,16360.0,114.1436
1753934400,16360.0,16394.0,16359.0,16393.0,47.7385
1753948800,16394.0,16400.0,16271.0,16297.0,55.7041
1753963200,16298.0,16300.0,16050.0,16128.0,81.0613
1753977600,16128.0,16249.0,16035.0,16036.0,80.2354
1753992000,16036.0,16036.0,15850.0,15852.0,59.1665
1754006400,15852.0,16000.0,15620.0,15927.0,221.8951
1754020800,15925.0,15925.0,15565.0,15644.0,74.7149
1754035200,15625.0,15625.0,15411.0,15592.0,150.6096
1754049600,15592.0,15782.0,15381.0,15544.0,164.6791
1754064000,15515.0,15569.0,15103.0,15103.0,81.952
1754078400,15108.0,15239.0,14800.0,14920.0,156.3194
1754092800,14920.0,15148.0,14919.0,15130.0,67.7151
1754107200,15131.0,15169.0,14900.0,15100.0,60.155
1754121600,15100.0,15122.0,14952.0,15080.0,40.2627
1754136000,15078.0,15099.0,14850.0,14860.0,43.0238
1754150400,14862.0,14930.0,14520.0,14566.0,92.8096
1754164800,14560.0,14721.0,14505.0,14601.0,70.9106
1754179200,14601.0,14848.0,14500.0,14840.0,62.5672
1754193600,14840.0,14892.0,14809.0,14880.0,30.7337
1754208000,14877.0,15108.0,14866.0,15015.0,74.9251
1754222400,15016.0,15070.0,14890.0,14973.0,32.5243
1754236800,14952.0,15097.0,14938.0,15040.0,29.7422
1754251200,15021.0,15099.0,14974.0,15027.0,37.1218
1754265600,15018.0,15237.0,14974.0,15170.0,77.4985
1754280000,15171.0,15171.0,15050.0,15109.0,39.0593
1754294400,15118.0,15191.0,15075.0,15139.0,36.1144
1754308800,15138.0,15550.0,15138.0,15531.0,98.3614
1754323200,15531.0,15795.0,15530.0,15600.0,76.1507
1754337600,15581.0,15835.0,15571.0,15772.0,32.5606
1754352000,15772.0,15772.0,15483.0,15483.0,58.2089
1754366400,15482.0,15571.0,15300.0,15314.0,54.5175
1754380800,15308.0,15598.0,15237.0,15541.0,113.6925
1754395200,15547.0,15547.0,15113.0,15120.0,110.2246
1754409600,15120.0,15320.0,15120.0,15189.0,50.8283
1754424000,15183.0,15338.0,15100.0,15336.0,41.7242
1754438400,15335.0,15336.0,15180.0,15230.0,24.2778
1754452800,15221.0,15478.0,15159.0,15430.0,83.1683
1754467200,15441.0,15441.0,15335.0,15337.0,31.5452
1754481600,15340.0,15440.0,15182.0,15440.0,68.7516
1754496000,15440.0,15600.0,15427.0,15580.0,54.4782
1754510400,15580.0,15581.0,15519.0,15577.0,18.7223
1754524800,15577.0,15650.0,15456.0,15483.0,66.4753
1754539200,15483.0,15670.0,15482.0,15621.0,56.2819
1754553600,15622.0,16180.0,15622.0,16174.0,255.5239
1754568000,16179.0,16293.0,16057.0,16159.0,193.0541
1754582400,16159.0,16290.0,15984.0,16269.0,99.0906
1754596800,16290.0,16489.0,16259.0,16448.0,117.0777
1754611200,16447.0,16600.0,15950.0,16540.0,324.0349
1754625600,16539.0,16540.0,16416.0,16508.0,97.8164
1754640000,16507.0,16540.0,16420.0,16510.0,69.9924
1754654400,16510.0,16886.0,16452.0,16610.0,312.4059
1754668800,16610.0,17000.0,16599.0,17000.0,267.7458
1754683200,17000.0,17000.0,16815.0,16816.0,103.4146
1754697600,16815.0,17011.0,16801.0,17002.0,84.5534
1754712000,17006.0,17532.0,17001.0,17470.0,435.5947
1754726400,17468.0,17799.0,17468.0,17666.0,210.9016
1754740800,17662.0,17700.0,17501.0,17687.0,177.3467
1754755200,17689.0,17880.0,17583.0,17880.0,106.613
1754769600,17880.0,18018.0,17803.0,17886.0,351.6272
1754784000,17887.0,18099.0,17650.0,17811.0,188.743
1754798400,17810.0,17879.0,17611.0,17628.0,145.3748
1754812800,17628.0,17799.0,17601.0,17635.0,101.9756
1754827200,17635.0,17800.0,17576.0,17760.0,111.0378
1754841600,17760.0,17868.0,17760.0,17868.0,27.6205
1754856000,17867.0,17943.0,17729.0,17931.0,78.8773
1754870400,17931.0,18175.0,17924.0,18001.0,244.9246
1754884800,18000.0,18200.0,17999.0,17999.0,153.0322
1754899200,17999.0,18100.0,17622.0,17660.0,179.649
1754913600,17660.0,18199.0,17608.0,18199.0,175.6696
1754928000,18199.0,18321.0,17961.0,17974.0,234.544
1754942400,17972.0,17972.0,17729.0,17832.0,71.3357
1754956800,17832.0,18185.0,17831.0,18166.0,109.2231
1754971200,18162.0,18222.0,18027.0,18215.0,97.5612
1754985600,18216.0,18236.0,18006.0,18126.0,114.4551
1755000000,18118.0,18799.0,18093.0,18785.0,452.0297
1755014400,18786.0,18887.0,18678.0,18833.0,151.3324
1755028800,18824.0,19190.0,18679.0,19156.0,294.2058
1755043200,19151.0,19458.0,19060.0,19454.0,242.056
1755057600,19455.0,19623.0,19357.0,19400.0,223.4457
1755072000,19400.0,19649.0,19344.0,19584.0,158.1967
1755086400,19584.0,19685.0,19348.0,19469.0,221.0282
1755100800,19469.0,19740.0,19468.0,19685.0,103.2097
1755115200,19683.0,19800.0,19605.0,19776.0,73.1632
1755129600,19725.0,19749.0,19400.0,19700.0,121.2592
1755144000,19700.0,19899.0,19617.0,19862.0,177.0542
1755158400,19844.0,19950.0,19666.0,19772.0,198.0126
1755172800,19797.0,19866.0,18312.0,19538.0,526.8157
1755187200,19538.0,19539.0,19001.0,19221.0,149.0405
1755201600,19184.0,19421.0,18788.0,19355.0,115.2666
1755216000,19356.0,19745.0,19354.0,19712.0,54.1481
1755230400,19711.0,19743.0,19571.0,19677.0,64.3926
1755244800,19691.0,19762.0,19562.0,19633.0,50.4791
1755259200,19629.0,19700.0,18801.0,18824.0,192.2684
1755273600,18840.0,18940.0,18617.0,18739.0,85.5523
1755288000,18712.0,19600.0,18700.0,18967.0,74.9791
1755302400,18966.0,19160.0,18945.0,18945.0,49.5332
1755316800,18942.0,18990.0,18803.0,18935.0,38.8601
1755331200,18953.0,18957.0,18700.0,18706.0,46.9043
1755345600,18701.0,18808.0,18688.0,18730.0,28.751
1755360000,18762.0,18887.0,18737.0,18830.0,20.4035
1755374400,18819.0,18887.0,18788.0,18841.0,8.0753
1755388800,18840.0,18998.0,18769.0,18987.0,18.1472
1755403200,18984.0,19288.0,18982.0,19027.0,45.304
1755417600,19031.0,19400.0,19000.0,19356.0,84.784
1755432000,19357.0,19381.0,19228.0,19360.0,59.7094
1755446400,19360.0,19362.0,18904.0,18943.0,50.3872
1755460800,18944.0,19243.0,18944.0,19032.0,19.5871
1755475200,19032.0,19032.0,18330.0,18365.0,200.8081
1755489600,18365.0,18600.0,18086.0,18138.0,180.888
1755504000,18137.0,18379.0,18050.0,18205.0,117.5341
1755518400,18205.0,18614.0,18204.0,18510.0,81.763
1755532800,18513.0,18657.0,18367.0,18572.0,32.9269
1755547200,18558.0,18669.0,18359.0,18373.0,14.2848
1755561600,18372.0,18520.0,18000.0,18001.0,83.6379
1755576000,18001.0,18080.0,17902.0,17948.0,86.4222
1755590400,17948.0,18279.0,17915.0,18272.0,58.3001
1755604800,18266.0,18358.0,17800.0,17870.0,104.8785
1755619200,17870.0,17893.0,17601.0,17647.0,60.5244
1755633600,17657.0,17703.0,17324.0,17345.0,92.7578
1755648000,17344.0,17749.0,17339.0,17701.0,172.8334
1755662400,17680.0,17850.0,17679.0,17798.0,92.4804
1755676800,17776.0,17997.0,17660.0,17788.0,117.3477
1755691200,17790.0,18256.0,17496.0,18099.0,174.9771
1755705600,18099.0,18511.0,18099.0,18457.0,56.8205
1755720000,18461.0,18591.0,18378.0,18420.0,39.9819
1755734400,18416.0,18416.0,18172.0,18206.0,71.8848
1755748800,18205.0,18296.0,18148.0,18235.0,50.4174
1755763200,18231.0,18253.0,18060.0,18124.0,56.5468
1755777600,18105.0,18318.0,17986.0,18050.0,72.5327
1755792000,18050.0,18142.0,17910.0,17966.0,31.8837
1755806400,17969.0,18091.0,17913.0,17947.0,23.2913
1755820800,17947.0,18329.0,17947.0,18192.0,52.4609
1755835200,18192.0,18395.0,18192.0,18360.0,52.2728
1755849600,18361.0,18421.0,18206.0,18216.0,37.9315
1755864000,18214.0,19786.0,17968.0,19621.0,414.0767
1755878400,19601.0,20267.0,19300.0,20193.0,451.2477
1755892800,20191.0,20320.0,19870.0,20089.0,139.0936
1755907200,20089.0,20090.0,19372.0,19512.0,162.5908
1755921600,19511.0,19893.0,19511.0,19726.0,61.5431
1755936000,19725.0,19887.0,19710.0,19735.0,31.1086
1755950400,19755.0,19959.0,19702.0,19939.0,98.0495
1755964800,19926.0,19937.0,19834.0,19920.0,12.5206
1755979200,19920.0,20000.0,19855.0,19984.0,23.9354
1755993600,19994.0,20001.0,19831.0,19999.0,41.369
1756008000,19999.0,20037.0,19937.0,19937.0,40.0731
1756022400,19937.0,20000.0,19820.0,19902.0,44.5668
1756036800,19901.0,20200.0,19894.0,20105.0,123.2407
1756051200,20104.0,20599.0,19886.0,20097.0,277.9872
1756065600,20070.0,20191.0,19815.0,20038.0,56.0083
1756080000,20045.0,20102.0,19643.0,19803.0,116.1175
1756094400,19815.0,19853.0,19303.0,19323.0,86.0843
1756108800,19319.0,19456.0,19141.0,19427.0,227.8517
1756123200,19428.0,19790.0,19425.0,19549.0,82.1115
1756137600,19505.0,19641.0,18801.0,18801.0,58.2523
1756152000,18801.0,18842.0,18491.0,18701.0,134.8208
1756166400,18700.0,18891.0,18349.0,18691.0,124.4317
1756180800,18691.0,18878.0,18690.0,18808.0,53.1428
1756195200,18820.0,18974.0,18740.0,18803.0,48.3796
1756209600,18819.0,19500.0,18800.0,19178.0,183.2208
1756224000,19196.0,19395.0,19128.0,19395.0,65.171
1756238400,19395.0,19570.0,19307.0,19410.0,86.73
1756252800,19410.0,19530.0,19232.0,19479.0,106.251
1756267200,19476.0,19594.0,19302.0,19342.0,78.4881
1756281600,19352.0,19504.0,19300.0,19495.0,57.9259
1756296000,19496.0,19653.0,19401.0,19653.0,88.2883
1756310400,19654.0,19655.0,19180.0,19274.0,44.2596
1756324800,19273.0,19400.0,19023.0,19043.0,84.0567
1756339200,19060.0,19220.0,18950.0,19220.0,54.7148
1756353600,19202.0,19420.0,19193.0,19416.0,51.1451
1756368000,19417.0,19470.0,19365.0,19392.0,54.8851
1756382400,19393.0,19442.0,19000.0,19028.0,58.1865
1756396800,19029.0,19098.0,18833.0,18833.0,36.3982
1756411200,18827.0,19038.0,18800.0,19032.0,31.4026
1756425600,19032.0,19047.0,18754.0,18930.0,64.2076
1756440000,18926.0,18926.0,18404.0,18530.0,77.7973
1756454400,18530.0,18574.0,18350.0,18424.0,120.0782
1756468800,18425.0,18871.0,18000.0,18349.0,183.1292
1756483200,18347.0,18537.0,18300.0,18494.0,17.4374
1756497600,18463.0,18617.0,18384.0,18588.0,19.8976
1756512000,18587.0,18600.0,18209.0,18562.0,51.2735
1756526400,18560.0,18809.0,18557.0,18756.0,55.4311
1756540800,18757.0,18781.0,18689.0,18735.0,76.4419
1756555200,18736.0,18736.0,18508.0,18665.0,26.7289
1756569600,18662.0,18662.0,18525.0,18587.0,18.8585
1756584000,18591.0,18677.0,18553.0,18663.0,5.0747
1756598400,18662.0,19022.0,18662.0,19022.0,51.9832
1756612800,19067.0,19101.0,18900.0,18972.0,59.9332
1756627200,18972.0,19163.0,18951.0,19080.0,41.6299
1756641600,19080.0,19166.0,18970.0,19079.0,34.5188
1756656000,19065.0,19080.0,18994.0,19000.0,19.2531
1756670400,19000.0,19060.0,18709.0,18728.0,27.9335
1756684800,18724.0,18911.0,18651.0,18772.0,44.7262
1756699200,18791.0,18991.0,18650.0,18990.0,25.1722
1756713600,18992.0,19099.0,18742.0,18771.0,37.3755
1756728000,18766.0,18857.0,18609.0,18670.0,23.9678
1756742400,18637.0,18685.0,18509.0,18649.0,15.2383
1756756800,18646.0,18646.0,18089.0,18488.0,66.7801
1756771200,18496.0,18630.0,18345.0,18580.0,39.4899
1756785600,18580.0,18715.0,18559.0,18571.0,37.4482
1756800000,18580.0,18691.0,18503.0,18503.0,49.7146
1756814400,18503.0,18631.0,18152.0,18228.0,72.0181
1756828800,18235.0,18337.0,18111.0,18134.0,27.5103
1756843200,18133.0,18336.0,18114.0,18303.0,18.5937
1756857600,18302.0,18438.0,18185.0,18371.0,34.8862
1756872000,18370.0,18400.0,18231.0,18261.0,15.4051
1756886400,18262.0,18534.0,18262.0,18513.0,43.5299
1756900800,18521.0,18920.0,18418.0,18902.0,110.7565
1756915200,18902.0,18950.0,18838.0,18918.0,30.9258
1756929600,18918.0,18927.0,18818.0,18818.0,21.6535
1756944000,18817.0,18883.0,18601.0,18608.0,33.7658
1756958400,18609.0,18666.0,18500.0,18561.0,25.2762
1756972800,18561.0,18769.0,18489.0,18702.0,83.727
1756987200,18704.0,18759.0,18310.0,18338.0,40.6157
1757001600,18337.0,18361.0,18230.0,18231.0,34.2217
1757016000,18231.0,18489.0,18231.0,18335.0,16.8103
1757030400,18314.0,18432.0,18304.0,18422.0,31.5684
1757044800,18422.0,18729.0,18390.0,18728.0,30.5578
1757059200,18708.0,18718.0,18549.0,18714.0,16.4693
1757073600,18709.0,18933.0,18119.0,18201.0,172.8272
1757088000,18202.0,18388.0,18200.0,18365.0,23.2844
1757102400,18377.0,18425.0,18253.0,18335.0,7.6109
1757116800,18334.0,18396.0,18334.0,18360.0,21.0386
1757131200,18364.0,18364.0,18270.0,18305.0,13.8939
1757145600,18306.0,18320.0,18267.0,18292.0,7.8204
1757160000,18292.0,18306.0,18182.0,18184.0,31.0672
1757174400,18184.0,18247.0,18089.0,18122.0,25.8428
1757188800,18122.0,18227.0,18122.0,18206.0,4.2029
1757203200,18206.0,18285.0,18201.0,18271.0,15.2404
1757217600,18272.0,18298.0,18249.0,18271.0,6.6571
1757232000,18270.0,18282.0,18222.0,18278.0,17.5799
1757246400,18278.0,18278.0,18207.0,18228.0,24.781
1757260800,18228.0,18228.0,18150.0,18202.0,13.035
1757275200,18192.0,18333.0,18164.0,18228.0,17.9495
1757289600,18230.0,18295.0,18150.0,18226.0,36.8728
1757304000,18230.0,18230.0,18150.0,18151.0,14.9476
1757318400,18151.0,18265.0,18150.0,18207.0,35.4609
1757332800,18209.0,18465.0,18200.0,18418.0,45.3091
1757347200,18418.0,18418.0,18150.0,18150.0,85.7315
1757361600,18151.0,18275.0,18150.0,18199.0,13.013
1757376000,18200.0,18208.0,18100.0,18142.0,42.9083
1757390400,18141.0,18384.0,18139.0,18319.0,68.1912
1757404800,18334.0,18341.0,18318.0,18336.0,42.1929
1757419200,18336.0,18340.0,18100.0,18113.0,66.9002
1757433600,18113.0,18142.0,18102.0,18122.0,22.4429
1757448000,18121.0,18200.0,18099.0,18183.0,10.5416
1757462400,18183.0,18250.0,18147.0,18225.0,39.9471
1757476800,18224.0,18249.0,18160.0,18244.0,28.8765
1757491200,18243.0,18250.0,18197.0,18250.0,34.2713
1757505600,18249.0,18688.0,18249.0,18520.0,133.9173
1757520000,18519.0,18519.0,18161.0,18209.0,20.3525
1757534400,18227.0,18341.0,18224.0,18308.0,29.801
1757548800,18308.0,18519.0,18280.0,18519.0,34.3572
1757563200,18519.0,18700.0,18514.0,18690.0,63.4199
1757577600,18691.0,18700.0,18603.0,18697.0,60.4242
1757592000,18697.0,18815.0,18289.0,18619.0,104.0254
1757606400,18642.0,18709.0,18622.0,18659.0,10.702
1757620800,18649.0,18768.0,18616.0,18743.0,21.6177
1757635200,18743.0,19000.0,18707.0,18958.0,93.7666
1757649600,18958.0,19102.0,18957.0,19010.0,67.3607
1757664000,19022.0,19038.0,18958.0,19000.0,49.3961
1757678400,19003.0,19179.0,18974.0,19088.0,37.7003
1757692800,19085.0,19429.0,19071.0,19429.0,101.216
1757707200,19429.0,19650.0,19400.0,19636.0,110.743
1757721600,19649.0,19884.0,19582.0,19861.0,86.4963
1757736000,19860.0,19860.0,19700.0,19716.0,50.1109
1757750400,19726.0,19780.0,19724.0,19772.0,20.6515
1757764800,19762.0,19762.0,19400.0,19450.0,110.2259
1757779200,19500.0,19507.0,19264.0,19401.0,22.8486
1757793600,19401.0,19499.0,19401.0,19486.0,5.7424
1757808000,19486.0,19566.0,19468.0,19503.0,37.7248
1757822400,19502.0,19561.0,19401.0,19484.0,13.0155
1757836800,19481.0,19554.0,19379.0,19406.0,38.9118
1757851200,19414.0,19460.0,19221.0,19224.0,48.3793
1757865600,19223.0,19400.0,19223.0,19399.0,22.3603
1757880000,19397.0,19451.0,19356.0,19376.0,2.9009
1757894400,19375.0,19494.0,19287.0,19494.0,18.4642
1757908800,19494.0,19600.0,19351.0,19376.0,31.4022
1757923200,19371.0,19371.0,19001.0,19141.0,81.6905
1757937600,19141.0,19168.0,18932.0,19031.0,43.5716
1757952000,19030.0,19050.0,18951.0,19000.0,47.0303
1757966400,18997.0,19128.0,18997.0,19124.0,4.2098
1757980800,19120.0,19179.0,19087.0,19170.0,28.6671
1757995200,19170.0,19173.0,19025.0,19066.0,41.4715
1758009600,19071.0,19127.0,19041.0,19054.0,10.4953
1758024000,19053.0,19054.0,18745.0,18868.0,64.0944
1758038400,18869.0,18999.0,18800.0,18920.0,45.0528
1758052800,18920.0,19029.0,18910.0,18959.0,11.4856
1758067200,18958.0,19091.0,18936.0,18936.0,28.913
1758081600,18937.0,19126.0,18813.0,19082.0,23.1633
1758096000,19082.0,19082.0,18900.0,18939.0,14.9954
1758110400,18935.0,19010.0,18902.0,18970.0,47.0353
1758124800,18969.0,19080.0,18716.0,19037.0,82.9271
1758139200,19056.0,19323.0,18914.0,19249.0,47.9533
1758153600,19248.0,19490.0,19245.0,19365.0,66.2294
1758168000,19396.0,19396.0,19126.0,19184.0,17.3546
1758182400,19184.0,19269.0,19166.0,19167.0,26.8037
1758196800,19167.0,19342.0,19129.0,19262.0,59.34
1758211200,19262.0,19396.0,19191.0,19206.0,17.3747
1758225600,19210.0,19236.0,19128.0,19174.0,17.0747
1758240000,19174.0,19300.0,19071.0,19083.0,47.0596
1758254400,19076.0,19118.0,19013.0,19049.0,26.152
1758268800,19049.0,19078.0,19022.0,19042.0,19.8844
1758283200,19043.0,19126.0,18850.0,18936.0,38.947
1758297600,18935.0,19001.0,18830.0,18847.0,21.3627
1758312000,18847.0,18952.0,18847.0,18921.0,5.4196
1758326400,18921.0,18954.0,18914.0,18928.0,10.5672
1758340800,18928.0,18971.0,18927.0,18971.0,11.7953
1758355200,18971.0,18979.0,18925.0,18956.0,8.9336
1758369600,18958.0,19070.0,18943.0,19047.0,21.7954
1758384000,19051.0,19086.0,18974.0,18997.0,12.379
1758398400,19001.0,19078.0,19000.0,19001.0,3.8767
1758412800,19000.0,19000.0,18924.0,18953.0,8.0047
1758427200,18953.0,19000.0,18928.0,18958.0,16.6527
1758441600,18958.0,18958.0,18853.0,18883.0,20.7346
1758456000,18883.0,18950.0,18883.0,18950.0,9.9472
1758470400,18950.0,18992.0,18897.0,18973.0,9.9946
1758484800,18982.0,18983.0,18850.0,18851.0,6.6829
1758499200,18850.0,18855.0,18177.0,18261.0,171.7796
1758513600,18261.0,18277.0,17655.0,17851.0,265.5343
1758528000,17850.0,17881.0,17654.0,17796.0,71.1612
1758542400,17795.0,17956.0,17780.0,17789.0,69.6745
1758556800,17793.0,17812.0,17632.0,17633.0,39.6927
1758571200,17633.0,17937.0,17633.0,17902.0,10.9793
1758585600,17899.0,17944.0,17500.0,17681.0,91.0242
1758600000,17692.0,17771.0,17550.0,17767.0,25.1117
1758614400,17779.0,17898.0,17712.0,17713.0,34.5207
1758628800,17712.0,17781.0,17650.0,17698.0,27.9179
1758643200,17696.0,17767.0,17554.0,17591.0,13.8524
1758657600,17602.0,17742.0,17567.0,17664.0,5.0741
1758672000,17664.0,17722.0,17523.0,17579.0,74.9201
1758686400,17568.0,17666.0,17414.0,17622.0,77.9705
1758700800,17622.0,17720.0,17610.0,17648.0,12.8828
1758715200,17657.0,17767.0,17555.0,17619.0,27.1849
1758729600,17601.0,17670.0,17561.0,17601.0,11.5765
1758744000,17600.0,17601.0,17491.0,17527.0,34.5863
1758758400,17527.0,17548.0,17000.0,17170.0,81.8877
1758772800,17173.0,17191.0,16867.0,16970.0,156.4275
1758787200,16970.0,17100.0,16900.0,16957.0,69.7726
1758801600,16954.0,17024.0,16702.0,16947.0,129.6078
1758816000,16948.0,17000.0,16301.0,16689.0,118.6502
1758830400,16657.0,16797.0,16462.0,16505.0,42.8781
1758844800,16538.0,16887.0,16481.0,16855.0,72.2723
1758859200,16854.0,16887.0,16611.0,16722.0,35.7257
1758873600,16717.0,16756.0,16501.0,16626.0,41.0123
1758888000,16627.0,16930.0,16530.0,16805.0,63.6262
1758902400,16802.0,17306.0,16801.0,17145.0,53.3643
1758916800,17111.0,17191.0,17080.0,17185.0,22.6867
1758931200,17185.0,17213.0,17108.0,17181.0,23.5107
1758945600,17182.0,17204.0,17118.0,17118.0,72.4366
1758960000,17117.0,17120.0,17000.0,17047.0,17.5
1758974400,17053.0,17177.0,17025.0,17165.0,8.3046
1758988800,17150.0,17150.0,17014.0,17058.0,4.5078
1759003200,17071.0,17167.0,17071.0,17118.0,1.8689
1759017600,17111.0,17162.0,17053.0,17070.0,12.7592
1759032000,17076.0,17130.0,17059.0,17130.0,4.7057
1759046400,17130.0,17130.0,17024.0,17030.0,26.4428
1759060800,17047.0,17152.0,16995.0,17132.0,36.5941
1759075200,17137.0,17228.0,17137.0,17180.0,14.7253
1759089600,17186.0,17588.0,17186.0,17581.0,20.6957
1759104000,17580.0,17581.0,17388.0,17400.0,19.8518
1759118400,17413.0,17435.0,17342.0,17400.0,22.6516
1759132800,17410.0,17499.0,17350.0,17380.0,18.4485
1759147200,17366.0,17751.0,17322.0,17607.0,77.9565
1759161600,17607.0,17669.0,17471.0,17669.0,19.4517
1759176000,17669.0,17841.0,17669.0,17801.0,11.011
1759190400,17801.0,17868.0,17635.0,17729.0,45.8302
1759204800,17728.0,17730.0,17615.0,17642.0,70.657
1759219200,17647.0,17647.0,17494.0,17632.0,25.8091
1759233600,17615.0,17642.0,17387.0,17439.0,26.058
1759248000,17446.0,17594.0,17360.0,17557.0,18.042
1759262400,17582.0,17698.0,17400.0,17469.0,13.449
1759276800,17470.0,17586.0,17420.0,17421.0,26.6956
1759291200,17421.0,17493.0,17400.0,17460.0,19.3606
1759305600,17447.0,18122.0,17447.0,18045.0,127.6677
1759320000,18044.0,18230.0,17980.0,18186.0,102.6043
1759334400,18185.0,18200.0,18033.0,18165.0,13.8221
1759348800,18153.0,18193.0,18011.0,18193.0,19.9697
1759363200,18192.0,18375.0,18150.0,18347.0,63.7015
1759377600,18340.0,18520.0,18308.0,18380.0,58.2911
1759392000,18381.0,18433.0,18377.0,18390.0,41.3893
1759406400,18390.0,18520.0,18212.0,18520.0,36.3084
1759420800,18526.0,18841.0,18526.0,18679.0,89.9812
1759435200,18678.0,18707.0,18609.0,18706.0,27.5734
1759449600,18707.0,19050.0,18663.0,18880.0,100.3342
1759464000,18886.0,18903.0,18704.0,18726.0,23.6514
1759478400,18723.0,18819.0,18643.0,18815.0,28.2843
1759492800,18814.0,18864.0,18675.0,18864.0,30.714
1759507200,18897.0,18900.0,18558.0,18775.0,31.8167
1759521600,18772.0,18898.0,18697.0,18830.0,12.8455
1759536000,18830.0,18830.0,18677.0,18762.0,18.0716
1759550400,18762.0,18849.0,18743.0,18814.0,36.1516
1759564800,18813.0,18815.0,18760.0,18799.0,15.1127
1759579200,18800.0,18856.0,18550.0,18623.0,34.2139
1759593600,18649.0,18673.0,18587.0,18602.0,9.0056
1759608000,18602.0,18699.0,18602.0,18693.0,9.4438
1759622400,18694.0,18933.0,18653.0,18845.0,35.3965
1759636800,18853.0,19050.0,18824.0,19044.0,92.9392
1759651200,19043.0,19055.0,18842.0,18969.0,29.688
1759665600,18971.0,19012.0,18932.0,18970.0,12.5277
1759680000,18970.0,18990.0,18800.0,18824.0,13.5321
1759694400,18801.0,18932.0,18779.0,18900.0,5.8226
1759708800,18900.0,19010.0,18777.0,18991.0,55.333
1759723200,18995.0,19119.0,18901.0,18994.0,70.9921
1759737600,18999.0,19200.0,18999.0,19185.0,30.7278
1759752000,19184.0,19490.0,19164.0,19441.0,172.9642
1759766400,19447.0,19600.0,19304.0,19599.0,99.9663
1759780800,19572.0,19600.0,19454.0,19483.0,39.6878
1759795200,19484.0,19685.0,19469.0,19666.0,99.1712
1759809600,19667.0,19766.0,19578.0,19640.0,74.8261
1759824000,19641.0,19763.0,19531.0,19763.0,36.6355
1759838400,19763.0,19888.0,18810.0,18978.0,194.73
1759852800,18979.0,19009.0,18802.0,18918.0,90.3409
1759867200,18880.0,19034.0,18800.0,18803.0,26.3637
1759881600,18803.0,19030.0,18786.0,18831.0,47.4983
1759896000,18831.0,18890.0,18715.0,18837.0,44.9215
1759910400,18846.0,18980.0,18829.0,18960.0,62.4718
1759924800,18960.0,19098.0,18738.0,18743.0,34.5075
1759939200,18741.0,19151.0,18721.0,18984.0,51.4919
1759953600,18984.0,19073.0,18950.0,19040.0,13.6294
1759968000,19039.0,19051.0,18635.0,18773.0,39.5937
1759982400,18773.0,18805.0,18681.0,18719.0,24.6506
1759996800,18716.0,18716.0,18333.0,18504.0,59.0091
1760011200,18500.0,18644.0,18200.0,18262.0,73.5851
1760025600,18261.0,18356.0,18130.0,18327.0,38.0554
1760040000,18373.0,18521.0,18327.0,18459.0,18.3317
1760054400,18459.0,18543.0,18336.0,18336.0,25.4131
1760068800,18337.0,18464.0,18265.0,18279.0,14.1002
1760083200,18298.0,18384.0,18278.0,18351.0,50.349
1760097600,18350.0,18510.0,17400.0,17449.0,221.2901
1760112000,17436.0,17623.0,17050.0,17220.0,108.0571
1760126400,17184.0,18200.0,16500.0,17582.0,233.4003
1760140800,17584.0,17850.0,16500.0,16768.0,444.9311
1760155200,16767.0,16837.0,16300.0,16401.0,207.314
1760169600,16401.0,16861.0,16350.0,16805.0,100.0237
1760184000,16806.0,16917.0,16550.0,16830.0,110.8824
1760198400,16823.0,16909.0,16622.0,16674.0,32.0262
1760212800,16661.0,16666.0,16400.0,16479.0,214.783
1760227200,16479.0,16773.0,16000.0,16703.0,178.4835
1760241600,16703.0,16990.0,16665.0,16948.0,70.765
1760256000,16946.0,16982.0,16623.0,16624.0,125.8509
1760270400,16609.0,17718.0,16580.0,17533.0,148.0455
1760284800,17501.0,18130.0,17501.0,17750.0,183.6377
1760299200,17750.0,18129.0,17650.0,17833.0,184.4532
1760313600,17833.0,18260.0,17753.0,17774.0,144.1361
1760328000,17778.0,17894.0,17585.0,17823.0,64.8332
1760342400,17813.0,17893.0,17339.0,17442.0,100.75
1760356800,17432.0,17819.0,17388.0,17676.0,41.7593
1760371200,17684.0,18125.0,17653.0,18053.0,48.5908
1760385600,18074.0,18200.0,18019.0,18032.0,17.5541
1760400000,18030.0,18100.0,17628.0,17696.0,60.5606
1760414400,17697.0,17710.0,16900.0,16900.0,170.6025
1760428800,16909.0,17038.0,16600.0,16922.0,130.9721
1760443200,16930.0,17422.0,16659.0,17422.0,94.0147
1760457600,17384.0,17694.0,17226.0,17494.0,83.6274
1760472000,17490.0,17629.0,17427.0,17563.0,13.9038
1760486400,17563.0,17598.0,17305.0,17340.0,48.1057
1760500800,17334.0,17491.0,17317.0,17478.0,35.3637
1760515200,17478.0,17837.0,17400.0,17438.0,41.1604
1760529600,17430.0,17451.0,16830.0,16941.0,78.6603
1760544000,16943.0,17095.0,16790.0,16986.0,48.9093
1760558400,16976.0,17037.0,16789.0,17000.0,30.4502
1760572800,17000.0,17199.0,16941.0,17100.0,34.1506
1760587200,17101.0,17188.0,16978.0,17025.0,46.3757
1760601600,17030.0,17300.0,16810.0,17280.0,44.0143
1760616000,17280.0,17346.0,16710.0,16734.0,78.5556
1760630400,16731.0,16982.0,16580.0,16672.0,63.7209
1760644800,16648.0,16774.0,16558.0,16659.0,40.697
1760659200,16676.0,16838.0,16644.0,16704.0,29.8501
1760673600,16707.0,16707.0,16005.0,16020.0,185.5403
1760688000,16021.0,16307.0,15776.0,16176.0,421.0316
1760702400,16177.0,16313.0,15972.0,16254.0,55.0128
1760716800,16288.0,16479.0,16151.0,16389.0,44.1464
1760731200,16362.0,16592.0,16342.0,16480.0,18.9492
1760745600,16480.0,16639.0,16400.0,16526.0,36.067
1760760000,16524.0,16777.0,16451.0,16682.0,25.6609
1760774400,16686.0,16727.0,16588.0,16634.0,27.0172
1760788800,16635.0,16681.0,16550.0,16591.0,16.9027
1760803200,16590.0,16699.0,16526.0,16672.0,8.8043
1760817600,16672.0,16710.0,16573.0,16645.0,5.9012
1760832000,16647.0,16705.0,16531.0,16705.0,11.2887
1760846400,16705.0,16750.0,16617.0,16654.0,13.5118
1760860800,16654.0,16879.0,16450.0,16751.0,39.3371
1760875200,16752.0,17200.0,16708.0,17083.0,218.4939
1760889600,17084.0,17236.0,16969.0,17100.0,29.4407
1760904000,17100.0,17238.0,17074.0,17094.0,27.8937
1760918400,17079.0,17242.0,16800.0,17242.0,39.2055
1760932800,17243.0,17395.0,17217.0,17282.0,62.7145
1760947200,17281.0,17310.0,17151.0,17229.0,41.8475
1760961600,17211.0,17272.0,17126.0,17126.0,25.225
1760976000,17120.0,17120.0,16807.0,17015.0,27.967
1760990400,17016.0,17090.0,16971.0,17002.0,10.0098
1761004800,17001.0,17001.0,16700.0,16700.0,69.5575
1761019200,16700.0,16700.0,16353.0,16579.0,71.1308
1761033600,16569.0,16595.0,16452.0,16582.0,39.3619
1761048000,16579.0,17347.0,16435.0,17322.0,56.6757
1761062400,17338.0,17428.0,16895.0,16958.0,47.1175
1761076800,16970.0,16970.0,16421.0,16452.0,23.1467
1761091200,16458.0,16597.0,16301.0,16415.0,116.2596
1761105600,16414.0,16506.0,16360.0,16415.0,67.4091
1761120000,16425.0,16429.0,16120.0,16298.0,50.6347
1761134400,16298.0,16471.0,16120.0,16323.0,44.1378
1761148800,16309.0,16390.0,16129.0,16129.0,9.9081
1761163200,16150.0,16211.0,15850.0,16211.0,62.1739
1761177600,16206.0,16309.0,16166.0,16277.0,37.4909
1761192000,16282.0,16536.0,16259.0,16487.0,45.2627
1761206400,16487.0,16550.0,16402.0,16402.0,53.8397
1761220800,16402.0,16402.0,16200.0,16314.0,86.4259
1761235200,16439.0,16638.0,16325.0,16347.0,98.3667
1761249600,16350.0,16365.0,16206.0,16365.0,11.4717
1761264000,16356.0,16515.0,16346.0,16514.0,37.4524
1761278400,16505.0,16850.0,16505.0,16670.0,94.1731
1761292800,16696.0,16773.0,16633.0,16699.0,13.9659
1761307200,16700.0,16976.0,16000.0,16448.0,82.9021
1761321600,16426.0,16632.0,16376.0,16613.0,12.7084
1761336000,16605.0,16670.0,16605.0,16633.0,6.2217
1761350400,16650.0,16650.0,16581.0,16627.0,18.4008
1761364800,16614.0,16700.0,16611.0,16650.0,19.2417
1761379200,16649.0,16740.0,16649.0,16690.0,4.9916
1761393600,16681.0,16733.0,16651.0,16651.0,6.4308
1761408000,16652.0,16768.0,16652.0,16723.0,30.1728
1761422400,16725.0,16757.0,16678.0,16718.0,2.8708
1761436800,16718.0,16750.0,16625.0,16649.0,22.8474
1761451200,16651.0,16726.0,16649.0,16721.0,15.4568
1761465600,16725.0,17104.0,16723.0,17104.0,59.4083
1761480000,17105.0,17380.0,17097.0,17212.0,83.4979
1761494400,17200.0,17215.0,17112.0,17188.0,7.5597
1761508800,17183.0,17590.0,17172.0,17545.0,65.2754
1761523200,17544.0,17774.0,17500.0,17712.0,69.5856
1761537600,17712.0,17888.0,17687.0,17711.0,63.3502
1761552000,17714.0,17714.0,17466.0,17531.0,37.1793
1761566400,17547.0,17651.0,17429.0,17589.0,36.2882
1761580800,17592.0,17800.0,17592.0,17714.0,22.2902
1761595200,17670.0,17670.0,17349.0,17401.0,17.0351
1761609600,17400.0,17446.0,17201.0,17255.0,41.4273
1761624000,17243.0,17361.0,17166.0,17345.0,20.8676
1761638400,17345.0,17394.0,17260.0,17310.0,15.6794
1761652800,17310.0,17461.0,17111.0,17204.0,65.9595
1761667200,17204.0,17407.0,16975.0,16975.0,17.6745
1761681600,16974.0,16974.0,16644.0,16766.0,53.4376
1761696000,16771.0,16858.0,16720.0,16839.0,19.2409
1761710400,16843.0,16971.0,16843.0,16918.0,17.4175
1761724800,16907.0,16907.0,16800.0,16878.0,36.8257
1761739200,16878.0,16930.0,16646.0,16649.0,43.5596
1761753600,16648.0,16885.0,16245.0,16496.0,76.7448
1761768000,16504.0,16690.0,16346.0,16435.0,20.9028
1761782400,16449.0,16628.0,16385.0,16592.0,21.058
1761796800,16591.0,16609.0,16250.0,16595.0,70.844
1761811200,16590.0,16590.0,16400.0,16401.0,15.602
1761825600,16402.0,16402.0,16000.0,16011.0,122.9588
1761840000,16016.0,16122.0,15726.0,15734.0,159.1366
1761854400,15745.0,16116.0,15701.0,16116.0,44.3151
1761868800,16116.0,16332.0,16116.0,16151.0,85.2534
1761883200,16161.0,16321.0,16150.0,16150.0,26.2951
1761897600,16152.0,16305.0,16134.0,16305.0,29.3654
1761912000,16302.0,16320.0,16161.0,16231.0,53.7925
1761926400,16219.0,16403.0,16037.0,16375.0,23.2717
1761940800,16354.0,16354.0,16224.0,16225.0,6.543
1761955200,16219.0,16277.0,16184.0,16274.0,23.2559
1761969600,16276.0,16334.0,16271.0,16331.0,13.9851
1761984000,16332.0,16379.0,16331.0,16370.0,10.0839
1761998400,16371.0,16442.0,16308.0,16440.0,22.8586
1762012800,16442.0,16461.0,16301.0,16366.0,4.0213
1762027200,16389.0,16404.0,16327.0,16337.0,6.8687
1762041600,16328.0,16374.0,16311.0,16372.0,12.8725
1762056000,16365.0,16487.0,16365.0,16487.0,16.6121
1762070400,16469.0,16469.0,16300.0,16410.0,20.2754
1762084800,16409.0,16410.0,16163.0,16264.0,34.183
1762099200,16264.0,16281.0,16229.0,16229.0,6.9147
1762113600,16238.0,16444.0,16212.0,16444.0,10.3471
1762128000,16454.0,16458.0,15778.0,15778.0,75.1957
1762142400,15779.0,15899.0,15629.0,15672.0,100.4384
1762156800,15672.0,15756.0,15530.0,15671.0,46.7574
1762171200,15672.0,15800.0,15245.0,15251.0,123.5573
1762185600,15250.0,15638.0,15156.0,15451.0,55.4348
1762200000,15462.0,15462.0,15156.0,15249.0,58.7997
1762214400,15248.0,15465.0,15150.0,15430.0,56.3695
1762228800,15431.0,15431.0,14681.0,14730.0,205.252
1762243200,14730.0,14850.0,14470.0,14850.0,287.5199
1762257600,14857.0,15084.0,14657.0,14801.0,75.124
1762272000,14809.0,14824.0,13462.0,13634.0,206.8221
1762286400,13655.0,14100.0,12937.0,14021.0,325.7302
1762300800,14021.0,14100.0,13447.0,14071.0,184.5221
1762315200,14071.0,14100.0,13956.0,14050.0,55.0634
1762329600,14044.0,14044.0,13800.0,13965.0,31.2886
1762344000,13964.0,14317.0,13936.0,14317.0,45.99
1762358400,14319.0,14650.0,14225.0,14588.0,29.6428
1762372800,14588.0,14671.0,14405.0,14443.0,12.4865
1762387200,14444.0,14468.0,14210.0,14426.0,56.657
1762401600,14426.0,14490.0,14180.0,14227.0,58.9108
1762416000,14229.0,14332.0,14200.0,14315.0,25.3733
1762430400,14307.0,14307.0,13819.0,13885.0,82.0479
1762444800,13882.0,14069.0,13665.0,13983.0,53.9742
1762459200,14000.0,14000.0,13855.0,13947.0,6.2083
1762473600,13947.0,14084.0,13775.0,14024.0,75.6387
1762488000,14021.0,14110.0,13939.0,14064.0,45.8693
1762502400,14082.0,14082.0,13579.0,13705.0,49.925
1762516800,13694.0,13953.0,13482.0,13875.0,70.3231
1762531200,13883.0,14487.0,13781.0,14459.0,57.9352
1762545600,14469.0,14579.0,14399.0,14400.0,23.5857
1762560000,14400.0,14549.0,14312.0,14516.0,34.5045
1762574400,14522.0,14600.0,14391.0,14484.0,19.6167
1762588800,14484.0,14543.0,14318.0,14318.0,34.2466
1762603200,14315.0,14318.0,14164.0,14200.0,17.3469
1762617600,14190.0,14302.0,14130.0,14204.0,10.8933
1762632000,14277.0,14330.0,14277.0,14300.0,1.3132
1762646400,14289.0,14289.0,14151.0,14180.0,15.1798
1762660800,14180.0,14378.0,14151.0,14378.0,4.7696
1762675200,14363.0,14410.0,14239.0,14409.0,7.8178
1762689600,14412.0,14921.0,14412.0,14800.0,63.1012
1762704000,14782.0,14990.0,14730.0,14990.0,9.7046
1762718400,14999.0,15170.0,14972.0,15015.0,47.0159
1762732800,15033.0,15279.0,14933.0,15183.0,83.6191
1762747200,15183.0,15185.0,15047.0,15093.0,52.4181
1762761600,15084.0,15148.0,15000.0,15071.0,45.7577
1762776000,15071.0,15077.0,14651.0,14668.0,40.9272
1762790400,14665.0,14896.0,14665.0,14895.0,21.3853
1762804800,14830.0,14929.0,14731.0,14862.0,13.6467
1762819200,14856.0,15144.0,14771.0,14989.0,76.6864
1762833600,14998.0,14998.0,14717.0,14751.0,40.3538
1762848000,14752.0,14887.0,14744.0,14868.0,24.6985
1762862400,14921.0,14924.0,14400.0,14455.0,52.6594
1762876800,14485.0,14548.0,14332.0,14374.0,39.5316
1762891200,14377.0,14381.0,14175.0,14221.0,29.7156
1762905600,14218.0,14310.0,14172.0,14282.0,38.3388
1762920000,14281.0,14321.0,14214.0,14221.0,24.5902
1762934400,14226.0,14764.0,14224.0,14706.0,129.0305
1762948800,14678.0,14869.0,14201.0,14201.0,61.5597
1762963200,14224.0,14350.0,14031.0,14177.0,37.1096
1762977600,14156.0,14272.0,14066.0,14174.0,15.8733
1762992000,14175.0,14376.0,14095.0,14333.0,64.26
1763006400,14329.0,14755.0,14253.0,14646.0,47.0156
1763020800,14645.0,14704.0,14401.0,14500.0,49.0584
1763035200,14466.0,14524.0,13981.0,14017.0,87.928
1763049600,14017.0,14066.0,13200.0,13258.0,127.0836
1763064000,13260.0,13550.0,13129.0,13421.0,135.5775
1763078400,13400.0,13480.0,13227.0,13393.0,57.0752
1763092800,13393.0,13412.0,13000.0,13315.0,165.8054
1763107200,13332.0,13332.0,12971.0,13019.0,66.6842
1763121600,13024.0,13390.0,12781.0,13260.0,135.5696
1763136000,13287.0,13510.0,13141.0,13358.0,20.7502
1763150400,13356.0,13370.0,12900.0,12936.0,36.2343
1763164800,12936.0,13312.0,12936.0,13258.0,43.3163
1763179200,13256.0,13316.0,13200.0,13250.0,43.0713
1763193600,13244.0,13244.0,13071.0,13103.0,23.595
1763208000,13101.0,13254.0,13094.0,13247.0,61.5216
1763222400,13245.0,13408.0,13166.0,13291.0,8.7021
1763236800,13272.0,13272.0,13102.0,13185.0,8.6538
1763251200,13138.0,13334.0,13037.0,13294.0,39.3516
1763265600,13300.0,13365.0,13252.0,13365.0,13.0917
1763280000,13397.0,13489.0,13145.0,13166.0,24.3845
1763294400,13167.0,13204.0,12914.0,12914.0,43.2454
1763308800,12930.0,12996.0,12621.0,12857.0,113.5998
1763323200,12856.0,12939.0,12560.0,12891.0,51.5073
1763337600,12876.0,13216.0,12786.0,13216.0,47.5514
1763352000,13219.0,13334.0,13150.0,13310.0,43.5632
1763366400,13311.0,13376.0,13215.0,13311.0,59.4041
1763380800,13292.0,13299.0,12851.0,12956.0,79.5723
1763395200,12948.0,13049.0,12444.0,12446.0,110.1906
1763409600,12448.0,12630.0,12303.0,12616.0,84.9931
1763424000,12617.0,12733.0,12364.0,12678.0,107.4564
1763438400,12678.0,12688.0,12451.0,12676.0,65.3996
1763452800,12687.0,12815.0,12669.0,12785.0,47.5901
1763467200,12753.0,12996.0,12620.0,12901.0,58.5861
1763481600,12933.0,13180.0,12933.0,13083.0,49.7856
1763496000,13084.0,13121.0,12922.0,13000.0,24.9679
1763510400,13013.0,13013.0,12806.0,12808.0,41.0977
1763524800,12809.0,12853.0,12500.0,12853.0,71.842
1763539200,12850.0,12932.0,12740.0,12846.0,37.7537
1763553600,12845.0,12935.0,12400.0,12401.0,58.8675
1763568000,12401.0,12443.0,12000.0,12006.0,137.7588
1763582400,12028.0,12597.0,12000.0,12588.0,41.9603
1763596800,12588.0,12749.0,12534.0,12710.0,44.508
1763611200,12700.0,12772.0,12520.0,12648.0,56.2369
1763625600,12639.0,12654.0,12500.0,12575.0,16.8105
1763640000,12562.0,12600.0,12329.0,12329.0,29.1939
1763654400,12335.0,12335.0,11657.0,11922.0,263.0254
1763668800,11911.0,12132.0,11813.0,11840.0,51.7204
1763683200,11840.0,12000.0,11576.0,11655.0,97.1482
1763697600,11671.0,11738.0,11000.0,11320.0,182.2037
1763712000,11308.0,11452.0,11085.0,11181.0,124.7957
1763726400,11181.0,11600.0,10954.0,11308.0,155.805
1763740800,11308.0,11691.0,11174.0,11463.0,32.1263
1763755200,11482.0,11569.0,11311.0,11533.0,19.6377
1763769600,11563.0,11598.0,11441.0,11490.0,29.3905
1763784000,11486.0,11542.0,11383.0,11501.0,35.1805
1763798400,11477.0,11477.0,11299.0,11435.0,25.4297
1763812800,11422.0,11469.0,11327.0,11409.0,30.7174
1763827200,11422.0,11499.0,11410.0,11474.0,4.3315
1763841600,11470.0,11638.0,11412.0,11533.0,3.8128
1763856000,11534.0,11836.0,11534.0,11793.0,90.9902
1763870400,11805.0,11872.0,11618.0,11657.0,81.2396
1763884800,11696.0,11782.0,11693.0,11761.0,29.3224
1763899200,11770.0,11936.0,11762.0,11863.0,42.6874
1763913600,11859.0,11883.0,11664.0,11820.0,33.4326
1763928000,11793.0,11873.0,11692.0,11713.0,22.8401
1763942400,11695.0,11919.0,11550.0,11867.0,85.9925
1763956800,11872.0,11979.0,11651.0,11789.0,58.1813
1763971200,11789.0,11789.0,11608.0,11678.0,47.65
1763985600,11669.0,11866.0,11600.0,11811.0,60.3717
1764000000,11812.0,12343.0,11808.0,12285.0,64.8151
1764014400,12284.0,12371.0,12237.0,12249.0,26.3793
1764028800,12250.0,12250.0,12032.0,12043.0,51.4604
1764043200,12038.0,12167.0,12038.0,12067.0,32.9802
1764057600,12068.0,12070.0,11919.0,12004.0,23.8486
1764072000,12003.0,12160.0,11876.0,12007.0,48.9692
1764086400,12018.0,12250.0,11926.0,12098.0,25.1697
1764100800,12192.0,12349.0,12100.0,12282.0,8.2078
1764115200,12281.0,12320.0,12114.0,12121.0,22.4139
1764129600,12123.0,12206.0,12107.0,12182.0,7.4027
1764144000,12188.0,12191.0,12052.0,12098.0,15.7552
1764158400,12099.0,12216.0,11920.0,12143.0,59.4855
1764172800,12154.0,12599.0,12154.0,12557.0,69.5796
1764187200,12547.0,12556.0,12471.0,12540.0,12.5004
1764201600,12540.0,12684.0,12463.0,12555.0,35.3151
1764216000,12553.0,12606.0,12512.0,12552.0,40.7153
1764230400,12558.0,12593.0,12522.0,12561.0,15.8841
1764244800,12557.0,12557.0,12414.0,12499.0,25.1582
1764259200,12500.0,12600.0,12483.0,12577.0,9.1586
1764273600,12575.0,12603.0,12482.0,12504.0,6.911
1764288000,12502.0,12516.0,12423.0,12460.0,20.5425
1764302400,12461.0,12526.0,12452.0,12453.0,7.6718
1764316800,12454.0,12707.0,12454.0,12561.0,45.3429
1764331200,12591.0,12814.0,12552.0,12731.0,21.8801
1764345600,12701.0,12701.0,12512.0,12652.0,16.287
1764360000,12650.0,12684.0,12562.0,12582.0,6.0671
1764374400,12593.0,12650.0,12545.0,12545.0,49.5175
1764388800,12545.0,12621.0,12450.0,12461.0,22.3557
1764403200,12476.0,12488.0,12425.0,12447.0,7.7409
1764417600,12448.0,12497.0,12410.0,12483.0,11.1626
1764432000,12476.0,12498.0,12333.0,12433.0,13.8691
1764446400,12404.0,12441.0,12384.0,12413.0,3.23
1764460800,12414.0,12499.0,12368.0,12466.0,8.6602
1764475200,12465.0,12479.0,12412.0,12478.0,3.5101
1764489600,12480.0,12508.0,12462.0,12470.0,8.273
1764504000,12469.0,12673.0,12469.0,12586.0,10.4225
1764518400,12586.0,12656.0,12586.0,12599.0,3.9392
1764532800,12597.0,12611.0,12430.0,12430.0,16.9117
1764547200,12430.0,12430.0,11688.0,11703.0,163.3287
1764561600,11700.0,11778.0,11650.0,11773.0,32.3499
1764576000,11773.0,11800.0,11749.0,11767.0,24.6095
1764590400,11772.0,11772.0,11283.0,11372.0,71.5797
1764604800,11384.0,11418.0,11286.0,11351.0,10.9323
1764619200,11450.0,11678.0,11386.0,11620.0,11.9085
1764633600,11601.0,11700.0,11559.0,11637.0,22.0421
1764648000,11651.0,11674.0,11600.0,11645.0,11.2355
1764662400,11646.0,11743.0,11562.0,11718.0,12.9065
1764676800,11733.0,12499.0,11701.0,12459.0,113.0747
1764691200,12459.0,12545.0,12380.0,12514.0,34.9543
1764705600,12451.0,12485.0,12317.0,12391.0,15.3255
1764720000,12404.0,12550.0,12343.0,12513.0,24.6319
1764734400,12516.0,12703.0,12515.0,12628.0,30.3923
1764748800,12628.0,12678.0,12553.0,12678.0,17.7971
1764763200,12675.0,12945.0,12529.0,12726.0,37.8671
1764777600,12722.0,12934.0,12625.0,12890.0,8.6315
1764792000,12871.0,13188.0,12871.0,13126.0,74.4761
1764806400,13123.0,13318.0,13074.0,13187.0,51.5776
1764820800,13187.0,13200.0,13029.0,13094.0,30.915
1764835200,13074.0,13150.0,13029.0,13084.0,15.8536
1764849600,13084.0,13200.0,12918.0,13180.0,34.5699
1764864000,13178.0,13244.0,12651.0,12845.0,23.5486
1764878400,12809.0,12950.0,12809.0,12906.0,15.0754
1764892800,12911.0,13142.0,12911.0,13062.0,23.7556
1764907200,13089.0,13093.0,13000.0,13034.0,18.6141
1764921600,13029.0,13029.0,12802.0,12903.0,18.7056
1764936000,12884.0,12966.0,12700.0,12800.0,29.5914
1764950400,12803.0,12803.0,12300.0,12540.0,64.1824
1764964800,12537.0,12573.0,12453.0,12496.0,7.6176
1764979200,12496.0,12586.0,12452.0,12565.0,14.8146
1764993600,12565.0,12574.0,12516.0,12516.0,6.7277
1765008000,12510.0,12561.0,12464.0,12561.0,25.1058
1765022400,12569.0,12642.0,12535.0,12589.0,10.0884
1765036800,12599.0,12655.0,12518.0,12532.0,12.395
1765051200,12563.0,12622.0,12536.0,12565.0,0.6266
1765065600,12565.0,12628.0,12542.0,12628.0,19.1704
1765080000,12625.0,12632.0,12536.0,12536.0,10.8236
1765094400,12541.0,12570.0,12511.0,12553.0,21.6792
1765108800,12567.0,12601.0,12080.0,12495.0,47.4658
1765123200,12489.0,12992.0,12420.0,12942.0,44.9144
1765137600,12936.0,12974.0,12472.0,12635.0,32.2503
1765152000,12638.0,12911.0,12579.0,12825.0,30.2311
1765166400,12834.0,12925.0,12822.0,12886.0,20.9213
1765180800,12883.0,13062.0,12873.0,12954.0,26.5166
1765195200,12942.0,13066.0,12751.0,12790.0,29.3226
1765209600,12782.0,12885.0,12719.0,12850.0,14.0439
1765224000,12889.0,12973.0,12842.0,12873.0,2.2759
1765238400,12879.0,12921.0,12774.0,12889.0,28.4304
1765252800,12890.0,12892.0,12783.0,12890.0,7.3158
1765267200,12880.0,12898.0,12752.0,12810.0,10.8825
1765281600,12836.0,13358.0,12785.0,13350.0,62.7948
1765296000,13358.0,13900.0,13358.0,13734.0,260.1472
1765310400,13702.0,13719.0,13439.0,13585.0,52.3316
1765324800,13572.0,13611.0,13488.0,13597.0,38.0725
1765339200,13597.0,13681.0,13595.0,13650.0,46.9941
1765353600,13656.0,13848.0,13600.0,13636.0,35.5652
1765368000,13636.0,13735.0,13611.0,13674.0,72.708
1765382400,13673.0,14100.0,13673.0,13924.0,82.4542
1765396800,13913.0,14125.0,13667.0,13667.0,24.343
1765411200,13691.0,13691.0,13051.0,13133.0,83.8073
1765425600,13125.0,13237.0,13122.0,13199.0,23.0185
1765440000,13197.0,13230.0,13123.0,13176.0,46.3148
1765454400,13177.0,13214.0,12994.0,13085.0,38.8929
1765468800,13107.0,13329.0,13017.0,13212.0,8.6156
1765483200,13218.0,13439.0,13205.0,13318.0,15.0124
1765497600,13318.0,13398.0,13154.0,13340.0,15.9204
1765512000,13334.0,13367.0,13275.0,13336.0,22.5794
1765526400,13312.0,13330.0,13265.0,13280.0,4.6096
1765540800,13281.0,13319.0,12620.0,12623.0,44.5018
1765555200,12619.0,12736.0,12554.0,12622.0,86.6859
1765569600,12646.0,12749.0,12639.0,12711.0,22.9556
1765584000,12713.0,12744.0,12687.0,12730.0,20.7421
1765598400,12729.0,12750.0,12710.0,12750.0,14.9535
1765612800,12750.0,12913.0,12750.0,12853.0,4.6005
1765627200,12866.0,12876.0,12757.0,12806.0,13.2195
1765641600,12800.0,12800.0,12757.0,12800.0,4.0987
1765656000,12797.0,12832.0,12701.0,12821.0,10.7578
1765670400,12826.0,12840.0,12788.0,12831.0,21.4241
1765684800,12839.0,12840.0,12790.0,12808.0,15.5841
1765699200,12809.0,12809.0,12576.0,12701.0,23.743
1765713600,12700.0,12770.0,12644.0,12688.0,19.9508
1765728000,12693.0,12770.0,12675.0,12739.0,17.5794
1765742400,12720.0,12720.0,12508.0,12601.0,30.3396
1765756800,12601.0,12920.0,12600.0,12779.0,38.3109
1765771200,12764.0,12879.0,12751.0,12813.0,6.6778
1765785600,12827.0,13019.0,12822.0,12950.0,36.041
1765800000,12938.0,12965.0,12321.0,12369.0,80.2883
1765814400,12369.0,12413.0,11964.0,12106.0,63.3021
1765828800,12095.0,12217.0,12030.0,12214.0,49.6809
1765843200,12214.0,12249.0,12030.0,12065.0,36.1088
1765857600,12051.0,12105.0,11845.0,12026.0,54.9053
1765872000,12029.0,12147.0,12011.0,12131.0,30.0296
1765886400,12133.0,12180.0,11875.0,12136.0,46.9717
1765900800,12137.0,12177.0,11980.0,12109.0,14.3939
1765915200,12125.0,12171.0,12067.0,12164.0,1.2208
1765929600,12166.0,12166.0,12051.0,12061.0,12.9386
1765944000,12065.0,12079.0,11950.0,12077.0,15.8969
1765958400,12051.0,12062.0,11954.0,12009.0,31.497
1765972800,12021.0,12398.0,11870.0,11900.0,69.2271
1765987200,11896.0,11969.0,11482.0,11565.0,78.3133
1766001600,11574.0,11652.0,11529.0,11618.0,21.7559
1766016000,11618.0,11684.0,11601.0,11632.0,24.1381
1766030400,11666.0,11666.0,11533.0,11637.0,41.5038
1766044800,11636.0,11740.0,11636.0,11732.0,41.5181
1766059200,11733.0,12268.0,11732.0,12126.0,75.6794
1766073600,12146.0,12148.0,11432.0,11432.0,70.2677
1766088000,11462.0,11631.0,11360.0,11602.0,41.6533
1766102400,11608.0,11995.0,11535.0,11874.0,54.8675
1766116800,11901.0,12180.0,11901.0,12055.0,38.659
1766131200,12061.0,12134.0,12030.0,12112.0,26.7769
1766145600,12108.0,12284.0,12038.0,12092.0,27.9381
1766160000,12092.0,12219.0,11976.0,12159.0,39.3662
1766174400,12154.0,12200.0,12145.0,12151.0,17.1649
1766188800,12142.0,12185.0,12130.0,12183.0,8.3477
1766203200,12183.0,12183.0,12152.0,12167.0,15.1983
1766217600,12166.0,12194.0,12154.0,12194.0,9.8219
1766232000,12194.0,12208.0,12133.0,12146.0,11.8824
1766246400,12146.0,12155.0,12144.0,12155.0,7.4664
1766260800,12156.0,12169.0,12138.0,12138.0,2.5228
1766275200,12140.0,12141.0,12083.0,12117.0,18.2579
1766289600,12117.0,12144.0,12117.0,12140.0,14.5603
1766304000,12140.0,12261.0,12139.0,12221.0,14.0898
1766318400,12216.0,12233.0,12024.0,12124.0,27.8454
1766332800,12123.0,12189.0,12108.0,12183.0,5.1025
1766347200,12177.0,12249.0,12116.0,12233.0,15.4441
1766361600,12236.0,12448.0,12149.0,12322.0,31.4634
1766376000,12323.0,12394.0,12323.0,12346.0,23.5806
1766390400,12350.0,12435.0,12333.0,12434.0,44.9855
1766404800,12435.0,12512.0,12345.0,12428.0,69.9319
1766419200,12429.0,12429.0,12152.0,12152.0,18.2099
1766433600,12168.0,12301.0,12122.0,12285.0,8.7895
1766448000,12287.0,12364.0,12158.0,12215.0,28.3611
1766462400,12214.0,12214.0,12030.0,12090.0,34.5271
1766476800,12094.0,12129.0,12054.0,12121.0,17.596
1766491200,12122.0,12122.0,11857.0,11937.0,37.4381
1766505600,11933.0,12087.0,11892.0,11997.0,6.0763
1766520000,11997.0,12147.0,11997.0,12081.0,5.649
1766534400,12082.0,12113.0,11903.0,11988.0,15.3679
1766548800,11991.0,12017.0,11850.0,11934.0,24.6745
1766563200,11923.0,11931.0,11851.0,11877.0,7.7309
1766577600,11877.0,11924.0,11760.0,11851.0,24.6438
1766592000,11860.0,11937.0,11852.0,11902.0,11.6699
1766606400,11929.0,11979.0,11917.0,11934.0,1.2441
1766620800,11937.0,11961.0,11920.0,11930.0,8.4681
1766635200,11940.0,11940.0,11921.0,11934.0,5.4672
1766649600,11935.0,11941.0,11841.0,11873.0,9.0354
1766664000,11876.0,12044.0,11846.0,12014.0,12.374
1766678400,12011.0,12020.0,11955.0,12006.0,8.3876
1766692800,11999.0,11999.0,11765.0,11802.0,11.1382
1766707200,11797.0,12086.0,11770.0,11990.0,15.9368
1766721600,11951.0,12078.0,11951.0,11959.0,7.6117
1766736000,11983.0,12023.0,11958.0,11995.0,6.1591
1766750400,11997.0,12061.0,11765.0,11840.0,25.3279
1766764800,11840.0,11874.0,11801.0,11855.0,10.1386
1766779200,11869.0,11903.0,11858.0,11891.0,1.2763
1766793600,11901.0,11910.0,11873.0,11909.0,2.2992
1766808000,11910.0,11919.0,11906.0,11917.0,4.2904
1766822400,11918.0,11928.0,11880.0,11899.0,7.3936
1766836800,11907.0,11910.0,11901.0,11901.0,2.7528
1766851200,11901.0,11901.0,11870.0,11897.0,1.9843
1766865600,11911.0,11988.0,11890.0,11961.0,6.5918
1766880000,11957.0,11957.0,11935.0,11938.0,2.3111
1766894400,11931.0,11948.0,11900.0,11912.0,7.905
1766908800,11912.0,11943.0,11908.0,11941.0,2.7858
1766923200,11940.0,11982.0,11921.0,11947.0,22.0858
1766937600,11954.0,11954.0,11870.0,11890.0,12.0554
1766952000,11896.0,11971.0,11890.0,11963.0,6.89
1766966400,11954.0,12307.0,11944.0,12307.0,39.2943
1766980800,12310.0,12342.0,12197.0,12216.0,17.1035
1766995200,12211.0,12236.0,11948.0,12011.0,48.2279
1767009600,12010.0,12034.0,11850.0,11929.0,50.5662
1767024000,11925.0,11957.0,11871.0,11929.0,5.0445
1767038400,11947.0,11977.0,11913.0,11955.0,8.1715
1767052800,11955.0,11973.0,11888.0,11972.0,16.8414
1767067200,11972.0,11973.0,11905.0,11935.0,17.3466
1767081600,11937.0,12114.0,11937.0,12030.0,15.4768
1767096000,12030.0,12107.0,11953.0,12090.0,16.9932
1767110400,12066.0,12074.0,11900.0,11970.0,18.1168
1767124800,11972.0,11978.0,11931.0,11975.0,10.1272
1767139200,11976.0,12028.0,11952.0,11989.0,9.4326
1767153600,11989.0,12028.0,11989.0,12023.0,4.4844
1767168000,12023.0,12146.0,11996.0,12146.0,20.3983
1767182400,12142.0,12236.0,12050.0,12117.0,18.74
1767196800,12100.0,12133.0,12028.0,12071.0,11.0535
1767211200,12054.0,12110.0,12045.0,12077.0,6.4985
1767225600,12083.0,12162.0,12083.0,12152.0,16.3331
1767240000,12146.0,12146.0,12130.0,12136.0,15.6486
1767254400,12136.0,12174.0,12136.0,12172.0,3.3625
1767268800,12178.0,12183.0,12144.0,12179.0,15.3786
1767283200,12179.0,12229.0,12149.0,12194.0,11.3189
1767297600,12168.0,12234.0,12167.0,12219.0,3.2114
1767312000,12215.0,12277.0,12159.0,12250.0,19.8338
1767326400,12251.0,12298.0,12201.0,12231.0,24.5982
1767340800,12235.0,12388.0,12230.0,12333.0,27.0604
1767355200,12334.0,12546.0,12242.0,12471.0,40.8981
1767369600,12486.0,12729.0,12463.0,12638.0,48.4183
1767384000,12638.0,12694.0,12596.0,12626.0,9.6853
1767398400,12626.0,12670.0,12620.0,12650.0,14.8071
1767412800,12650.0,12650.0,12482.0,12515.0,13.5931
1767427200,12524.0,12584.0,12500.0,12531.0,9.863
1767441600,12529.0,12569.0,12512.0,12554.0,16.0429
1767456000,12541.0,12582.0,12530.0,12580.0,7.1209
1767470400,12580.0,12635.0,12580.0,12633.0,5.7261
1767484800,12638.0,12761.0,12638.0,12725.0,17.3783
1767499200,12723.0,12774.0,12701.0,12723.0,22.0081
1767513600,12722.0,12735.0,12669.0,12718.0,14.7461
1767528000,12716.0,12732.0,12647.0,12685.0,13.4772
1767542400,12695.0,12698.0,12628.0,12661.0,23.6534
1767556800,12670.0,12728.0,12670.0,12695.0,15.5901
1767571200,12698.0,12992.0,12698.0,12963.0,38.7461
1767585600,12962.0,12964.0,12799.0,12837.0,61.3115
1767600000,12842.0,12930.0,12832.0,12929.0,11.6753
1767614400,12929.0,12999.0,12791.0,12991.0,25.8825
1767628800,12996.0,13082.0,12866.0,13067.0,52.3986
1767643200,13082.0,13161.0,13081.0,13090.0,30.2871
1767657600,13090.0,13112.0,12978.0,13050.0,17.5005
1767672000,13051.0,13123.0,13000.0,13017.0,36.0666
1767686400,13016.0,13100.0,13014.0,13100.0,17.0685
1767700800,13100.0,13351.0,13097.0,13233.0,53.7189
1767715200,13247.0,13267.0,12925.0,13059.0,34.5972
1767729600,13044.0,13336.0,13044.0,13336.0,12.9129
1767744000,13316.0,13316.0,13123.0,13203.0,19.0043
1767758400,13222.0,13222.0,13151.0,13181.0,16.2619
1767772800,13183.0,13193.0,12970.0,13059.0,20.2121
1767787200,13059.0,13071.0,12791.0,12840.0,33.3945
1767801600,12841.0,12870.0,12678.0,12800.0,32.4628
1767816000,12810.0,12903.0,12752.0,12874.0,9.632
1767830400,12874.0,12909.0,12754.0,12764.0,16.5425
1767844800,12776.0,12842.0,12601.0,12722.0,24.2323
1767859200,12722.0,12742.0,12622.0,12686.0,21.3206
1767873600,12679.0,12679.0,12450.0,12633.0,42.3561
1767888000,12642.0,12733.0,12584.0,12657.0,15.9721
1767902400,12600.0,12685.0,12555.0,12617.0,6.303
1767916800,12625.0,12750.0,12550.0,12656.0,12.8487
1767931200,12657.0,12693.0,12641.0,12661.0,9.0347
1767945600,12640.0,12654.0,12500.0,12568.0,18.4684
1767960000,12571.0,12760.0,12473.0,12631.0,21.3004
1767974400,12662.0,12782.0,12500.0,12552.0,9.8272
1767988800,12576.0,12583.0,12500.0,12573.0,2.3187
1768003200,12571.0,12578.0,12570.0,12572.0,19.3595
1768017600,12572.0,12579.0,12570.0,12579.0,14.2629
1768032000,12578.0,12628.0,12578.0,12623.0,17.8488
1768046400,12627.0,12630.0,12615.0,12630.0,9.562
1768060800,12637.0,12638.0,12629.0,12629.0,2.4862
1768075200,12629.0,12629.0,12591.0,12608.0,1.171
1768089600,12606.0,12640.0,12606.0,12640.0,5.2367
1768104000,12640.0,12651.0,12634.0,12639.0,15.2129
1768118400,12639.0,12689.0,12639.0,12689.0,10.5368
1768132800,12689.0,12763.0,12689.0,12722.0,12.7786
1768147200,12735.0,12825.0,12728.0,12738.0,9.2563
1768161600,12733.0,12744.0,12626.0,12727.0,16.4103
1768176000,12743.0,12849.0,12666.0,12815.0,56.8145
1768190400,12817.0,12848.0,12733.0,12733.0,21.4767
1768204800,12738.0,12760.0,12626.0,12680.0,21.1199
1768219200,12685.0,12726.0,12503.0,12726.0,36.1836
1768233600,12728.0,12768.0,12574.0,12680.0,17.0262
1768248000,12698.0,12698.0,12562.0,12580.0,3.755
1768262400,12593.0,12652.0,12571.0,12649.0,13.0169
1768276800,12650.0,12750.0,12644.0,12683.0,11.8085
1768291200,12681.0,12764.0,12681.0,12729.0,15.3351
1768305600,12730.0,12879.0,12714.0,12879.0,115.9971
1768320000,12880.0,12990.0,12857.0,12990.0,77.5001
1768334400,12990.0,13512.0,12912.0,13399.0,148.5173
1768348800,13400.0,13499.0,13385.0,13483.0,53.5973
1768363200,13497.0,13515.0,13406.0,13445.0,78.4786
1768377600,13455.0,13457.0,13265.0,13265.0,26.4965
1768392000,13264.0,13558.0,13262.0,13512.0,40.575
1768406400,13513.0,13700.0,13398.0,13575.0,18.3348
1768420800,13586.0,13650.0,13514.0,13529.0,5.9896
1768435200,13511.0,13511.0,13252.0,13270.0,35.4118
1768449600,13271.0,13476.0,13271.0,13463.0,10.6326
1768464000,13457.0,13645.0,13442.0,13560.0,26.0313
1768478400,13556.0,13683.0,13320.0,13475.0,40.01
1768492800,13436.0,13493.0,13285.0,13338.0,22.1329
1768507200,13338.0,13454.0,13284.0,13454.0,13.7849
1768521600,13467.0,13480.0,13384.0,13385.0,22.0573
1768536000,13385.0,13451.0,13317.0,13414.0,7.4511
1768550400,13424.0,13448.0,13369.0,13394.0,6.5317
1768564800,13393.0,13443.0,13240.0,13249.0,29.8158
1768579200,13240.0,13326.0,13240.0,13286.0,7.76
1768593600,13291.0,13375.0,13257.0,13375.0,6.2376
1768608000,13375.0,13375.0,13341.0,13353.0,4.5458
1768622400,13351.0,13367.0,13342.0,13355.0,4.1565
1768636800,13356.0,13403.0,13356.0,13399.0,8.8695
1768651200,13404.0,13500.0,13395.0,13500.0,7.9404
1768665600,13498.0,13498.0,13452.0,13460.0,3.0155
1768680000,13455.0,13456.0,13397.0,13425.0,1.6004
1768694400,13419.0,13443.0,13391.0,13443.0,6.9902
1768708800,13449.0,13449.0,13404.0,13406.0,2.3796
1768723200,13403.0,13473.0,13399.0,13468.0,6.1136
1768737600,13469.0,13554.0,13450.0,13524.0,15.3745
1768752000,13526.0,13654.0,13526.0,13585.0,15.2272
1768766400,13591.0,13608.0,13312.0,13338.0,32.5559
1768780800,13338.0,13338.0,12982.0,13066.0,123.2265
1768795200,13061.0,13083.0,13000.0,13035.0,15.8086
1768809600,13037.0,13091.0,13018.0,13081.0,26.6375
1768824000,13080.0,13117.0,13021.0,13044.0,13.9042
1768838400,13043.0,13065.0,13030.0,13039.0,9.4809
1768852800,13052.0,13054.0,12855.0,12923.0,18.996
1768867200,12924.0,12950.0,12873.0,12893.0,35.6712
1768881600,12899.0,12899.0,12601.0,12655.0,78.9386
1768896000,12654.0,12654.0,12521.0,12594.0,26.1324
1768910400,12594.0,12600.0,12180.0,12305.0,109.0573
1768924800,12314.0,12330.0,12131.0,12131.0,27.2498
1768939200,12147.0,12200.0,11900.0,11955.0,50.5946
1768953600,11955.0,12150.0,11904.0,12139.0,62.1583
1768968000,12139.0,12200.0,12092.0,12092.0,23.9731
1768982400,12092.0,12094.0,11956.0,11956.0,50.4525
1768996800,11956.0,12220.0,11800.0,12167.0,124.813
1769011200,12167.0,12420.0,11653.0,12383.0,78.0944
1769025600,12385.0,12385.0,12061.0,12075.0,17.8247
1769040000,12075.0,12279.0,12075.0,12195.0,16.7956
1769054400,12197.0,12246.0,12180.0,12180.0,6.2168
1769068800,12170.0,12192.0,12065.0,12082.0,21.0788
1769083200,12077.0,12144.0,11779.0,11897.0,45.6836
1769097600,11902.0,12003.0,11850.0,11977.0,12.7642
1769112000,11948.0,11970.0,11893.0,11951.0,9.0223
1769126400,11950.0,11981.0,11912.0,11941.0,17.7202
1769140800,11940.0,11989.0,11786.0,11822.0,41.2063
1769155200,11820.0,11832.0,11705.0,11820.0,40.9807
1769169600,11820.0,11899.0,11653.0,11865.0,40.3194
1769184000,11866.0,12104.0,11825.0,11870.0,28.1506
1769198400,11868.0,11888.0,11784.0,11856.0,1.5814
1769212800,11859.0,11916.0,11840.0,11913.0,14.0699
1769227200,11912.0,11918.0,11903.0,11909.0,2.1886
1769241600,11907.0,11928.0,11907.0,11926.0,4.5022
1769256000,11924.0,11924.0,11700.0,11878.0,224.2578
1769270400,11849.0,11865.0,11828.0,11829.0,1.7715
1769284800,11834.0,11851.0,11818.0,11831.0,1.801
1769299200,11835.0,11849.0,11790.0,11798.0,7.5484
1769313600,11802.0,11822.0,11800.0,11812.0,5.8505
1769328000,11811.0,11826.0,11758.0,11800.0,16.0319
1769342400,11802.0,11824.0,11761.0,11762.0,13.0505
1769356800,11772.0,11772.0,11300.0,11318.0,74.9637
1769371200,11344.0,11365.0,11240.0,11340.0,40.0721
1769385600,11335.0,11529.0,11272.0,11332.0,65.1712
1769400000,11332.0,11550.0,11332.0,11548.0,23.5841
1769414400,11542.0,11648.0,11471.0,11477.0,76.1246
1769428800,11513.0,11700.0,11450.0,11508.0,69.0324
1769443200,11515.0,11631.0,11490.0,11612.0,12.6416
1769457600,11619.0,11678.0,11532.0,11625.0,16.0527
1769472000,11622.0,11699.0,11590.0,11682.0,20.451
1769486400,11697.0,11713.0,11626.0,11626.0,18.8309
1769500800,11626.0,11629.0,11455.0,11588.0,30.3811
1769515200,11587.0,11678.0,11552.0,11644.0,19.8903
1769529600,11650.0,11853.0,11567.0,11806.0,27.2358
1769544000,11784.0,12001.0,11784.0,11985.0,220.1579
1769558400,11985.0,11985.0,11782.0,11797.0,24.9085
1769572800,11807.0,11830.0,11767.0,11784.0,19.9195
1769587200,11779.0,11927.0,11722.0,11925.0,26.4934
1769601600,11910.0,11923.0,11720.0,11825.0,42.0641
1769616000,11796.0,11882.0,11765.0,11839.0,15.0652
1769630400,11853.0,11906.0,11775.0,11810.0,34.3878
1769644800,11809.0,11809.0,11550.0,11593.0,263.5234
1769659200,11593.0,11639.0,11585.0,11620.0,51.558
1769673600,11619.0,11644.0,11503.0,11519.0,12.8562
1769688000,11519.0,11547.0,11070.0,11147.0,155.6373
1769702400,11146.0,11289.0,10944.0,11092.0,72.566
1769716800,11083.0,11217.0,11062.0,11180.0,35.609
1769731200,11201.0,11212.0,10667.0,10841.0,119.9879
1769745600,10842.0,10958.0,10689.0,10822.0,62.0587
1769760000,10805.0,10905.0,10719.0,10905.0,28.1221
1769774400,10903.0,10915.0,10670.0,10798.0,20.7055
1769788800,10797.0,10903.0,10500.0,10874.0,31.5959
1769803200,10856.0,10856.0,10600.0,10800.0,204.0837
1769817600,10800.0,10819.0,10735.0,10777.0,53.4813
1769832000,10772.0,10801.0,10694.0,10707.0,35.9422
1769846400,10716.0,10719.0,10459.0,10545.0,58.4766
1769860800,10545.0,10551.0,10029.0,10121.0,107.786
1769875200,10132.0,10183.0,9099.0,9565.0,273.156
1769889600,9554.0,9898.0,9455.0,9812.0,45.4227
1769904000,9834.0,9999.0,9779.0,9837.0,134.5924
1769918400,9837.0,9858.0,9600.0,9661.0,134.487
1769932800,9676.0,9756.0,9537.0,9655.0,31.2801
1769947200,9650.0,9650.0,9156.0,9270.0,83.139
1769961600,9243.0,9495.0,9156.0,9261.0,30.2379
1769976000,9289.0,9387.0,9000.0,9093.0,78.1312
1769990400,9093.0,9266.0,8680.0,8965.0,158.0902
1770004800,8957.0,9050.0,8680.0,8930.0,90.2894
1770019200,8920.0,9253.0,8920.0,9124.0,76.6125
1770033600,9137.0,9640.0,9137.0,9479.0,138.4411
1770048000,9479.0,9553.0,9341.0,9347.0,44.4083
1770062400,9352.0,9435.0,9276.0,9403.0,39.6043
1770076800,9406.0,9412.0,9113.0,9306.0,93.8423
1770091200,9302.0,9324.0,9128.0,9170.0,34.6679
1770105600,9171.0,9190.0,8975.0,9002.0,62.2715
1770120000,9004.0,9149.0,8925.0,9094.0,102.9954
1770134400,9070.0,9070.0,8380.0,8751.0,217.0559
1770148800,8748.0,9256.0,8680.0,8814.0,78.5595
1770163200,8790.0,9021.0,8782.0,8987.0,35.6808
1770177600,8973.0,9011.0,8885.0,8982.0,19.9729
1770192000,8983.0,8984.0,8785.0,8893.0,18.8775
1770206400,8888.0,8906.0,8439.0,8495.0,143.7843
1770220800,8494.0,8673.0,8250.0,8670.0,116.5438
1770235200,8633.0,8659.0,8301.0,8515.0,41.2994
1770249600,8501.0,8563.0,8315.0,8331.0,103.7732
1770264000,8341.0,8390.0,8195.0,8253.0,88.8965
1770278400,8252.0,8470.0,8176.0,8222.0,62.241
1770292800,8225.0,8303.0,7657.0,7772.0,353.6457
1770307200,7772.0,7989.0,7605.0,7637.0,113.2371
1770321600,7662.0,7706.0,7280.0,7373.0,267.3995
1770336000,7385.0,7786.0,7101.0,7539.0,351.5245
1770350400,7540.0,7890.0,7507.0,7550.0,201.7421
1770364800,7548.0,7686.0,7429.0,7675.0,97.601
1770379200,7670.0,7996.0,7615.0,7944.0,151.4367
1770393600,7938.0,8373.0,7930.0,8227.0,177.2297
1770408000,8225.0,8320.0,8139.0,8209.0,43.2106
1770422400,8209.0,8300.0,8100.0,8289.0,69.6197
1770436800,8303.0,8435.0,8005.0,8106.0,103.5773
1770451200,8106.0,8118.0,7961.0,8021.0,42.5811
1770465600,8017.0,8228.0,8000.0,8158.0,20.2232
1770480000,8159.0,8416.0,7994.0,8303.0,260.5956
1770494400,8293.0,8377.0,8253.0,8303.0,49.9271
1770508800,8292.0,8365.0,8257.0,8260.0,41.0619
1770523200,8257.0,8290.0,8210.0,8248.0,24.3959
1770537600,8269.0,8461.0,8257.0,8458.0,31.0646
1770552000,8443.0,8492.0,8338.0,8361.0,88.7123
1770566400,8377.0,8424.0,8239.0,8424.0,22.8401
1770580800,8398.0,8505.0,8237.0,8302.0,39.4331
1770595200,8296.0,8296.0,8119.0,8274.0,71.5509
1770609600,8275.0,8275.0,8159.0,8175.0,24.1935
1770624000,8163.0,8169.0,7963.0,8003.0,87.9129
1770638400,8021.0,8169.0,7957.0,8115.0,82.0821
1770652800,8123.0,8416.0,8106.0,8392.0,26.8711
1770667200,8355.0,8396.0,8241.0,8286.0,68.2355
1770681600,8292.0,8350.0,8105.0,8133.0,30.0238
1770696000,8158.0,8164.0,7889.0,7926.0,86.5147
1770710400,7926.0,7996.0,7888.0,7902.0,51.6491
1770724800,7914.0,8033.0,7865.0,7980.0,110.6879
1770739200,7968.0,8059.0,7877.0,7966.0,31.1141
1770753600,7907.0,7948.0,7876.0,7948.0,12.3802
1770768000,7956.0,7990.0,7880.0,7915.0,23.2506
1770782400,7907.0,7913.0,7667.0,7705.0,157.4017
1770796800,7703.0,7703.0,7612.0,7690.0,77.0982
1770811200,7691.0,7910.0,7520.0,7602.0,123.5406
1770825600,7613.0,7708.0,7531.0,7682.0,19.8721
1770840000,7665.0,7800.0,7621.0,7649.0,10.5819
1770854400,7649.0,7759.0,7649.0,7714.0,50.8532
1770868800,7720.0,7760.0,7642.0,7720.0,42.6792
1770883200,7725.0,7836.0,7685.0,7805.0,49.5654
1770897600,7802.0,7822.0,7635.0,7643.0,47.9684
1770912000,7628.0,7628.0,7456.0,7554.0,122.325
1770926400,7528.0,7638.0,7496.0,7638.0,14.8971
1770940800,7634.0,7663.0,7564.0,7651.0,38.8438
1770955200,7652.0,7663.0,7566.0,7591.0,23.0639
1770969600,7605.0,7676.0,7605.0,7650.0,93.0622
1770984000,7637.0,7999.0,7637.0,7936.0,34.7207
1770998400,7936.0,8065.0,7936.0,8030.0,44.6588
1771012800,8045.0,8045.0,7997.0,8009.0,20.7342
1771027200,8008.0,8035.0,8000.0,8024.0,16.1101
1771041600,8034.0,8050.0,8019.0,8046.0,12.7334
1771056000,8048.0,8234.0,8048.0,8217.0,38.2143
1771070400,8208.0,8208.0,8081.0,8172.0,23.6022
1771084800,8172.0,8177.0,8099.0,8177.0,4.4093
1771099200,8185.0,8199.0,8142.0,8167.0,6.3526
1771113600,8170.0,8173.0,7992.0,8061.0,33.6903
1771128000,8067.0,8207.0,8067.0,8189.0,77.3399
1771142400,8189.0,8202.0,8051.0,8056.0,54.526
1771156800,8056.0,8066.0,7801.0,7852.0,111.2183
1771171200,7864.0,7864.0,7575.0,7607.0,48.8129
1771185600,7601.0,7716.0,7588.0,7681.0,14.0695
1771200000,7681.0,7739.0,7636.0,7655.0,40.9026
1771214400,7658.0,7740.0,7653.0,7715.0,26.3582
1771228800,7717.0,7810.0,7689.0,7705.0,41.9365
1771243200,7742.0,7909.0,7608.0,7672.0,21.5814
1771257600,7676.0,7780.0,7673.0,7746.0,17.6847
1771272000,7738.0,7833.0,7735.0,7829.0,11.5599
1771286400,7828.0,7847.0,7781.0,7791.0,10.9884
1771300800,7790.0,7818.0,7720.0,7786.0,5.0159
1771315200,7796.0,7799.0,7703.0,7722.0,34.6916
1771329600,7736.0,7829.0,7624.0,7706.0,17.1046
1771344000,7789.0,7881.0,7672.0,7837.0,32.0647
1771358400,7813.0,7842.0,7802.0,7818.0,27.7405
1771372800,7813.0,7841.0,7727.0,7841.0,13.3788
1771387200,7832.0,7918.0,7820.0,7918.0,18.6293
1771401600,7919.0,7984.0,7771.0,7797.0,31.0365
1771416000,7785.0,7894.0,7697.0,7821.0,31.3232
1771430400,7803.0,7807.0,7610.0,7629.0,27.3607
1771444800,7645.0,7701.0,7628.0,7701.0,14.7122
1771459200,7704.0,7768.0,7703.0,7761.0,13.5178
1771473600,7760.0,7808.0,7736.0,7790.0,9.6372
1771488000,7786.0,7786.0,7669.0,7669.0,16.7343
1771502400,7669.0,7679.0,7550.0,7556.0,65.3768
1771516800,7569.0,7647.0,7522.0,7603.0,38.8528
1771531200,7605.0,7660.0,7605.0,7652.0,4.9406
1771545600,7653.0,7699.0,7653.0,7680.0,8.825
1771560000,7678.0,7710.0,7600.0,7695.0,23.6446
1771574400,7695.0,7728.0,7628.0,7628.0,42.2378
1771588800,7632.0,7750.0,7562.0,7705.0,19.2034
1771603200,7706.0,7762.0,7624.0,7706.0,21.9082
1771617600,7714.0,7749.0,7713.0,7726.0,17.7067
1771632000,7721.0,7728.0,7678.0,7678.0,17.0175
1771646400,7678.0,7695.0,7677.0,7684.0,37.4571
1771660800,7692.0,7792.0,7692.0,7760.0,19.4095
1771675200,7760.0,7804.0,7736.0,7793.0,54.9626
1771689600,7790.0,7794.0,7760.0,7784.0,25.0444
1771704000,7785.0,7785.0,7731.0,7740.0,12.085
1771718400,7735.0,7768.0,7725.0,7743.0,17.7003
1771732800,7744.0,7749.0,7733.0,7749.0,13.7218
1771747200,7749.0,7769.0,7732.0,7765.0,9.456
1771761600,7768.0,7768.0,7632.0,7668.0,52.1682
1771776000,7662.0,7664.0,7600.0,7612.0,24.641
1771790400,7616.0,7684.0,7613.0,7656.0,4.2165
1771804800,7675.0,7675.0,7281.0,7313.0,326.3082
1771819200,7306.0,7384.0,7288.0,7375.0,65.8028
1771833600,7374.0,7516.0,7352.0,7478.0,67.3924
1771848000,7476.0,7537.0,7410.0,7410.0,27.4544
1771862400,7401.0,7405.0,7199.0,7253.0,38.6094
1771876800,7254.0,7299.0,7219.0,7253.0,13.9259
1771891200,7258.0,7300.0,7101.0,7178.0,126.0939
1771905600,7182.0,7208.0,7121.0,7146.0,51.3555
1771920000,7140.0,7181.0,7109.0,7123.0,23.3565
1771934400,7126.0,7228.0,7063.0,7204.0,79.8746
1771948800,7223.0,7321.0,7202.0,7248.0,21.942
1771963200,7243.0,7283.0,7231.0,7257.0,6.9637
1771977600,7257.0,7560.0,7229.0,7441.0,73.0018
1771992000,7440.0,7465.0,7340.0,7390.0,35.8764
1772006400,7378.0,7526.0,7378.0,7526.0,55.7138
1772020800,7532.0,7900.0,7532.0,7838.0,167.9352
1772035200,7839.0,8084.0,7839.0,8050.0,63.911
1772049600,8050.0,8316.0,7924.0,7980.0,82.9332
1772064000,7988.0,8052.0,7939.0,7981.0,41.0018
1772078400,7981.0,8066.0,7980.0,8017.0,46.8974
1772092800,8009.0,8100.0,7984.0,8031.0,47.2296
1772107200,8049.0,8083.0,7875.0,7925.0,31.6606
1772121600,7925.0,7941.0,7725.0,7916.0,20.0894
1772136000,7913.0,7946.0,7892.0,7916.0,31.5644
1772150400,7920.0,7982.0,7832.0,7982.0,21.8083
1772164800,7989.0,8039.0,7906.0,7924.0,23.0792
1772179200,7933.0,7969.0,7663.0,7684.0,55.0653
1772193600,7683.0,7713.0,7611.0,7638.0,43.3296
1772208000,7634.0,7634.0,7499.0,7518.0,76.8682
1772222400,7525.0,7566.0,7422.0,7566.0,15.0556
1772236800,7565.0,7588.0,7557.0,7568.0,17.5191
1772251200,7567.0,7584.0,7255.0,7351.0,72.7637
1772265600,7339.0,7350.0,7260.0,7309.0,66.832
1772280000,7310.0,7500.0,7310.0,7449.0,33.8039
1772294400,7449.0,7634.0,7410.0,7621.0,30.0287
1772308800,7610.0,7757.0,7609.0,7694.0,27.3389
1772323200,7690.0,8020.0,7622.0,7902.0,55.6735
1772337600,7903.0,7926.0,7771.0,7819.0,37.7214
1772352000,7817.0,7819.0,7706.0,7718.0,33.381
1772366400,7731.0,7879.0,7681.0,7788.0,17.921
1772380800,7774.0,7820.0,7603.0,7603.0,32.8463
1772395200,7619.0,7651.0,7468.0,7560.0,51.5928
1772409600,7560.0,7762.0,7560.0,7717.0,37.9291
1772424000,7718.0,7750.0,7573.0,7623.0,22.0427
1772438400,7619.0,7705.0,7572.0,7660.0,21.6085
1772452800,7661.0,8080.0,7584.0,8038.0,72.4366
1772467200,8039.0,8165.0,7950.0,8007.0,59.0829
1772481600,8013.0,8054.0,7949.0,7962.0,24.8281
1772496000,7973.0,8000.0,7861.0,7893.0,26.6131
1772510400,7890.0,7900.0,7820.0,7863.0,11.8119
1772524800,7858.0,7863.0,7693.0,7761.0,65.8638
1772539200,7760.0,7840.0,7660.0,7787.0,123.2574
1772553600,7796.0,7955.0,7768.0,7856.0,43.5689
1772568000,7854.0,7884.0,7758.0,7841.0,17.557
1772582400,7833.0,7878.0,7700.0,7729.0,73.5351
1772596800,7753.0,7926.0,7720.0,7911.0,54.8762
1772611200,7921.0,8230.0,7915.0,8104.0,106.8145
1772625600,8105.0,8474.0,8048.0,8466.0,93.0204
1772640000,8473.0,8618.0,8396.0,8571.0,154.5293
1772654400,8571.0,8571.0,8339.0,8370.0,33.6851
1772668800,8369.0,8407.0,8299.0,8331.0,37.2723
1772683200,8339.0,8409.0,8277.0,8291.0,31.9211
1772697600,8289.0,8511.0,8274.0,8437.0,36.4721
1772712000,8436.0,8444.0,8171.0,8209.0,38.509
1772726400,8246.0,8300.0,8010.0,8200.0,9.7387
1772740800,8186.0,8244.0,8159.0,8159.0,9.9924
1772755200,8163.0,8240.0,8150.0,8238.0,27.7321
1772769600,8235.0,8249.0,8164.0,8242.0,23.545
1772784000,8241.0,8241.0,8111.0,8125.0,32.3871
1772798400,8107.0,8127.0,7805.0,7834.0,154.0551
1772812800,7837.0,7876.0,7766.0,7859.0,40.3519
1772827200,7867.0,7876.0,7814.0,7851.0,4.7198
1772841600,7851.0,7909.0,7839.0,7856.0,11.2951
1772856000,7855.0,7863.0,7807.0,7863.0,13.0509
1772870400,7860.0,7904.0,7847.0,7896.0,24.9859
1772884800,7896.0,7896.0,7844.0,7872.0,12.2906
1772899200,7871.0,7871.0,7761.0,7761.0,23.7777
1772913600,7770.0,7835.0,7770.0,7832.0,6.4488
1772928000,7842.0,7848.0,7751.0,7767.0,65.2858
1772942400,7766.0,7805.0,7719.0,7803.0,14.6718
1772956800,7802.0,7898.0,7791.0,7791.0,37.126
1772971200,7809.0,7809.0,7705.0,7743.0,42.4095
1772985600,7745.0,7832.0,7688.0,7821.0,17.625
1773000000,7811.0,7831.0,7606.0,7715.0,39.2546
1773014400,7715.0,7965.0,7688.0,7828.0,85.4643
1773028800,7882.0,8014.0,7840.0,7892.0,46.0943
1773043200,7899.0,8020.0,7899.0,7922.0,68.6288
1773057600,7931.0,8060.0,7928.0,8046.0,45.1041
1773072000,8046.0,8130.0,7971.0,8067.0,22.7122
1773086400,8055.0,8058.0,7901.0,7912.0,7.1145
1773100800,7915.0,8086.0,7915.0,7997.0,40.047
1773115200,8010.0,8100.0,8010.0,8084.0,23.0269
1773129600,8084.0,8150.0,8084.0,8121.0,52.9477
1773144000,8122.0,8190.0,7923.0,8177.0,68.6224
1773158400,8176.0,8193.0,7999.0,8015.0,20.3684
1773172800,8016.0,8050.0,7976.0,8025.0,10.4534
1773187200,8021.0,8045.0,7972.0,7982.0,55.6087
1773201600,7982.0,8043.0,7932.0,7951.0,21.8389
1773216000,7950.0,8011.0,7937.0,7960.0,26.002
1773230400,7957.0,8198.0,7941.0,8077.0,62.3431
1773244800,8077.0,8188.0,8077.0,8160.0,14.6043
1773259200,8130.0,8146.0,8051.0,8061.0,13.6843
1773273600,8064.0,8087.0,7976.0,7978.0,18.8511
1773288000,7978.0,8045.0,7977.0,8045.0,16.0096
1773302400,8045.0,8174.0,8044.0,8140.0,21.5731
1773316800,8141.0,8252.0,8061.0,8178.0,55.4327
1773331200,8171.0,8187.0,8085.0,8163.0,4.0958
1773345600,8154.0,8240.0,8123.0,8177.0,66.9767
1773360000,8174.0,8431.0,8173.0,8318.0,149.2172
1773374400,8327.0,8327.0,8228.0,8262.0,17.2153
1773388800,8263.0,8377.0,8250.0,8355.0,30.4062
1773403200,8371.0,8659.0,8347.0,8369.0,170.9222
1773417600,8380.0,8419.0,8254.0,8277.0,29.3355
1773432000,8310.0,8332.0,8214.0,8252.0,26.6295
1773446400,8252.0,8294.0,8233.0,8293.0,23.0061
1773460800,8295.0,8306.0,8205.0,8221.0,22.8139
1773475200,8222.0,8222.0,8170.0,8202.0,17.2464
1773489600,8208.0,8217.0,8197.0,8202.0,18.4692
1773504000,8200.0,8202.0,8196.0,8202.0,17.7179
1773518400,8208.0,8295.0,8208.0,8293.0,2.2052
1773532800,8289.0,8326.0,8247.0,8289.0,8.5026
1773547200,8304.0,8350.0,8301.0,8330.0,16.048
1773561600,8338.0,8390.0,8338.0,8383.0,9.1401
1773576000,8384.0,8384.0,8263.0,8280.0,57.0919
1773590400,8292.0,8366.0,8277.0,8341.0,8.6947
1773604800,8346.0,8653.0,8346.0,8576.0,32.9407
1773619200,8578.0,8846.0,8532.0,8797.0,81.6249
1773633600,8797.0,8966.0,8797.0,8836.0,135.8647
1773648000,8858.0,8953.0,8801.0,8935.0,69.5092
1773662400,8934.0,9050.0,8844.0,8941.0,93.4015
1773676800,8942.0,9200.0,8939.0,9157.0,47.1019
1773691200,9160.0,9341.0,9133.0,9230.0,79.1761
1773705600,9230.0,9318.0,9091.0,9114.0,79.5489
1773720000,9129.0,9190.0,9005.0,9154.0,64.9603
1773734400,9157.0,9171.0,8977.0,9157.0,120.4603
1773748800,9157.0,9298.0,9090.0,9122.0,57.7057
1773763200,9122.0,9209.0,9122.0,9136.0,16.0146
1773777600,9138.0,9209.0,9132.0,9132.0,5.6265
1773792000,9133.0,9201.0,9082.0,9188.0,27.0116
1773806400,9187.0,9187.0,9106.0,9121.0,22.7205
1773820800,9119.0,9168.0,8950.0,8952.0,34.2913
1773835200,8951.0,8951.0,8600.0,8621.0,161.7173
1773849600,8623.0,8750.0,8571.0,8639.0,52.1535
1773864000,8632.0,8701.0,8522.0,8701.0,20.6201
1773878400,8701.0,8817.0,8661.0,8756.0,40.8925
1773892800,8755.0,8755.0,8521.0,8587.0,64.7893
1773907200,8587.0,8660.0,8556.0,8591.0,27.6563
1773921600,8590.0,8590.0,8362.0,8425.0,64.2323
1773936000,8402.0,8540.0,8365.0,8487.0,21.7506
1773950400,8486.0,8525.0,8453.0,8460.0,22.1023
1773964800,8463.0,8539.0,8454.0,8517.0,25.2081
1773979200,8514.0,8536.0,8422.0,8522.0,19.3671
1773993600,8518.0,8601.0,8459.0,8483.0,36.2248
1774008000,8497.0,8527.0,8422.0,8472.0,27.1283
1774022400,8475.0,8492.0,8420.0,8458.0,7.2879
1774036800,8461.0,8576.0,8445.0,8510.0,18.7456
1774051200,8514.0,8552.0,8504.0,8541.0,9.8687
1774065600,8544.0,8596.0,8544.0,8576.0,9.3542
1774080000,8576.0,8596.0,8574.0,8580.0,10.9463
1774094400,8580.0,8607.0,8550.0,8565.0,26.1121
1774108800,8566.0,8566.0,8529.0,8541.0,5.1363
1774123200,8544.0,8550.0,8300.0,8301.0,47.2992
1774137600,8300.0,8448.0,8223.0,8420.0,53.4072
1774152000,8420.0,8439.0,8385.0,8392.0,11.2988
1774166400,8350.0,8362.0,8280.0,8280.0,13.0247
1774180800,8278.0,8322.0,8275.0,8307.0,11.661
1774195200,8313.0,8316.0,8229.0,8248.0,7.2614
1774209600,8243.0,8266.0,8132.0,8201.0,23.0368
1774224000,8200.0,8227.0,8134.0,8171.0,46.4067
1774238400,8173.0,8237.0,8050.0,8179.0,80.7807
1774252800,8183.0,8725.0,8099.0,8480.0,313.4822
1774267200,8468.0,8700.0,8416.0,8436.0,110.6374
1774281600,8450.0,8614.0,8403.0,8530.0,26.4042
1774296000,8537.0,8575.0,8487.0,8505.0,6.3043
1774310400,8511.0,8511.0,8421.0,8464.0,17.8122
1774324800,8465.0,8580.0,8414.0,8580.0,42.2959
1774339200,8560.0,8600.0,8519.0,8573.0,135.8647
1774353600,8571.0,8584.0,8421.0,8464.0,25.0212
1774368000,8467.0,8477.0,8367.0,8406.0,10.837
1774382400,8400.0,8572.0,8400.0,8556.0,3.4228
1774396800,8539.0,8577.0,8510.0,8559.0,40.389
1774411200,8559.0,8615.0,8548.0,8581.0,92.167
1774425600,8581.0,8700.0,8581.0,8670.0,15.4633
1774440000,8684.0,8714.0,8550.0,8596.0,23.88
1774454400,8589.0,8667.0,8589.0,8643.0,13.1506
1774468800,8614.0,8648.0,8599.0,8615.0,11.0777
1774483200,8622.0,8624.0,8549.0,8591.0,14.6111
1774497600,8592.0,8592.0,8471.0,8499.0,26.7958
1774512000,8501.0,8501.0,8276.0,8309.0,71.8021
1774526400,8305.0,8366.0,8259.0,8291.0,29.5705
1774540800,8300.0,8305.0,8194.0,8227.0,27.0334
1774555200,8228.0,8335.0,8228.0,8272.0,14.0632
1774569600,8276.0,8337.0,8276.0,8292.0,34.4917
1774584000,8290.0,8333.0,8226.0,8324.0,20.3119
1774598400,8321.0,8321.0,8058.0,8064.0,100.1026
1774612800,8062.0,8169.0,8008.0,8095.0,73.7995
1774627200,8081.0,8115.0,8026.0,8079.0,18.4472
1774641600,8088.0,8093.0,8040.0,8079.0,5.8149
1774656000,8077.0,8089.0,8052.0,8075.0,11.0024
1774670400,8075.0,8135.0,8070.0,8131.0,20.5634
1774684800,8130.0,8136.0,8087.0,8099.0,23.6473
1774699200,8096.0,8252.0,8081.0,8185.0,39.8122
1774713600,8197.0,8198.0,8151.0,8157.0,49.8039
1774728000,8173.0,8173.0,8050.0,8057.0,18.8228
1774742400,8065.0,8140.0,8051.0,8121.0,5.2302
1774756800,8120.0,8125.0,8076.0,8111.0,13.2285
1774771200,8101.0,8113.0,8051.0,8099.0,34.1762
1774785600,8102.0,8102.0,8030.0,8065.0,16.4112
1774800000,8070.0,8089.0,8062.0,8068.0,8.4323
1774814400,8080.0,8108.0,7880.0,8032.0,65.1139
1774828800,8017.0,8237.0,8017.0,8224.0,43.3109
1774843200,8227.0,8324.0,8227.0,8309.0,40.1012
1774857600,8312.0,8389.0,8281.0,8362.0,39.524
1774872000,8364.0,8401.0,8281.0,8379.0,31.1702
1774886400,8374.0,8374.0,8157.0,8157.0,16.7175
1774900800,8181.0,8249.0,8155.0,8182.0,3.3373
1774915200,8185.0,8421.0,8162.0,8329.0,55.4876
1774929600,8328.0,8342.0,8263.0,8298.0,12.685
1774944000,8293.0,8299.0,8160.0,8276.0,21.2975
1774958400,8278.0,8450.0,8262.0,8328.0,60.6786
1774972800,8337.0,8557.0,8337.0,8475.0,32.317
1774987200,8487.0,8503.0,8456.0,8494.0,5.7689
1775001600,8492.0,8520.0,8402.0,8480.0,51.2812
1775016000,8480.0,8685.0,8478.0,8603.0,40.7385
1775030400,8606.0,8614.0,8580.0,8597.0,32.7517
1775044800,8595.0,8610.0,8519.0,8599.0,24.4814
1775059200,8600.0,8701.0,8572.0,8605.0,17.7467
1775073600,8604.0,8683.0,8590.0,8616.0,34.584
1775088000,8615.0,8672.0,8285.0,8305.0,41.6824
1775102400,8310.0,8331.0,8271.0,8331.0,9.9076
1775116800,8330.0,8330.0,8236.0,8260.0,26.347
1775131200,8254.0,8401.0,8109.0,8352.0,114.5014
1775145600,8352.0,8399.0,8312.0,8366.0,7.5405
1775160000,8368.0,8397.0,8343.0,8343.0,1.34
1775174400,8345.0,8350.0,8293.0,8316.0,10.1487
1775188800,8322.0,8380.0,8306.0,8359.0,17.0029
1775203200,8357.0,8373.0,8329.0,8347.0,4.6799
1775217600,8346.0,8389.0,8281.0,8300.0,22.0961
1775232000,8297.0,8299.0,8271.0,8274.0,5.2405
1775246400,8286.0,8308.0,8282.0,8290.0,1.0296
1775260800,8291.0,8292.0,8287.0,8290.0,1.887
1775275200,8290.0,8317.0,8290.0,8309.0,7.9403
1775289600,8310.0,8312.0,8297.0,8310.0,4.5981
1775304000,8305.0,8325.0,8291.0,8318.0,4.3064
1775318400,8320.0,8408.0,8320.0,8367.0,5.4586
1775332800,8366.0,8370.0,8347.0,8361.0,0.6049
1775347200,8355.0,8358.0,8327.0,8327.0,3.1097
1775361600,8323.0,8326.0,8227.0,8259.0,36.74
1775376000,8262.0,8304.0,8262.0,8274.0,8.7214
1775390400,8274.0,8351.0,8210.0,8328.0,10.8083
1775404800,8323.0,8340.0,8304.0,8339.0,11.2571
1775419200,8341.0,8546.0,8310.0,8508.0,55.6275
1775433600,8511.0,8607.0,8511.0,8564.0,125.4731
1775448000,8573.0,8598.0,8539.0,8588.0,120.3424
1775462400,8589.0,8714.0,8588.0,8647.0,108.8708
1775476800,8645.0,8697.0,8601.0,8688.0,111.404
1775491200,8688.0,8688.0,8526.0,8593.0,9.4956
1775505600,8615.0,8634.0,8418.0,8486.0,17.1695
1775520000,8485.0,8525.0,8474.0,8508.0,31.1773
1775534400,8508.0,8542.0,8490.0,8498.0,11.4042
1775548800,8499.0,8597.0,8436.0,8443.0,46.7087
1775563200,8437.0,8443.0,8350.0,8401.0,30.076
1775577600,8428.0,8541.0,8411.0,8541.0,3.1993
1775592000,8543.0,9100.0,8542.0,9004.0,242.509
1775606400,9008.0,9018.0,8903.0,8911.0,68.3075
1775620800,8915.0,8975.0,8910.0,8952.0,43.3217
1775635200,8952.0,8969.0,8914.0,8932.0,18.3484
1775649600,8936.0,9000.0,8723.0,8806.0,80.3479
1775664000,8817.0,8898.0,8761.0,8795.0,8.1771
1775678400,8797.0,8850.0,8708.0,8737.0,3.7495
1775692800,8736.0,8747.0,8660.0,8712.0,21.0538
1775707200,8708.0,8727.0,8697.0,8714.0,17.5685
1775721600,8714.0,8769.0,8711.0,8715.0,36.9287
1775736000,8715.0,8863.0,8634.0,8863.0,26.5537
1775750400,8870.0,8888.0,8780.0,8844.0,21.483
1775764800,8840.0,8933.0,8724.0,8732.0,15.4042
1775779200,8734.0,8766.0,8679.0,8707.0,11.48
1775793600,8707.0,8751.0,8680.0,8680.0,19.7205
1775808000,8681.0,8844.0,8676.0,8829.0,38.3778
1775822400,8830.0,8950.0,8790.0,8850.0,68.7096
1775836800,8859.0,8928.0,8859.0,8920.0,3.0818
1775851200,8920.0,8937.0,8895.0,8896.0,13.8703
1775865600,8896.0,8931.0,8895.0,8904.0,6.9699
1775880000,8909.0,8909.0,8874.0,8891.0,14.4114
1775894400,8891.0,8943.0,8891.0,8934.0,19.6949
1775908800,8938.0,8961.0,8904.0,8949.0,18.2764
1775923200,8950.0,9238.0,8950.0,9210.0,40.127
1775937600,9199.0,9199.0,9058.0,9087.0,15.467
1775952000,9084.0,9084.0,8805.0,8825.0,27.7904
1775966400,8824.0,8845.0,8810.0,8844.0,14.8912
1775980800,8840.0,8840.0,8755.0,8781.0,32.2302
1775995200,8780.0,8780.0,8600.0,8692.0,89.5692
1776009600,8699.0,8773.0,8699.0,8761.0,3.3495
1776024000,8760.0,8813.0,8713.0,8723.0,4.1725
1776038400,8730.0,8783.0,8729.0,8753.0,17.4551
1776052800,8754.0,8773.0,8720.0,8736.0,45.1112
1776067200,8732.0,8751.0,8716.0,8736.0,11.2597
1776081600,8724.0,8920.0,8709.0,8826.0,78.6361
1776096000,8834.0,9000.0,8801.0,9000.0,25.3495
1776110400,9010.0,9436.0,8971.0,9403.0,102.1631
1776124800,9403.0,9403.0,9315.0,9366.0,80.2975
1776139200,9361.0,9440.0,9334.0,9396.0,39.1521
1776153600,9399.0,9457.0,9371.0,9389.0,50.9673
1776168000,9389.0,9528.0,9250.0,9365.0,65.8815
1776182400,9352.0,9357.0,9115.0,9164.0,20.5129
1776196800,9168.0,9233.0,9000.0,9207.0,82.7797
1776211200,9209.0,9271.0,9200.0,9220.0,65.227
1776225600,9219.0,9265.0,9179.0,9190.0,16.3606
1776240000,9188.0,9260.0,9188.0,9260.0,11.0514
1776254400,9260.0,9300.0,9202.0,9255.0,28.6784
1776268800,9256.0,9420.0,9256.0,9420.0,30.546
1776283200,9392.0,9424.0,9317.0,9335.0,24.7041
1776297600,9344.0,9351.0,9302.0,9330.0,15.6011
1776312000,9329.0,9333.0,9256.0,9256.0,19.8528
1776326400,9259.0,9285.0,9224.0,9249.0,25.0388
1776340800,9249.0,9301.0,9070.0,9253.0,63.1588
1776355200,9267.0,9299.0,9158.0,9299.0,14.3886
1776369600,9299.0,9308.0,9245.0,9281.0,11.1583
1776384000,9280.0,9281.0,9201.0,9202.0,25.3924
1776398400,9202.0,9256.0,9169.0,9228.0,25.2428
1776412800,9229.0,9383.0,9227.0,9300.0,96.5092
1776427200,9300.0,9655.0,9299.0,9642.0,119.0414
1776441600,9645.0,9708.0,9552.0,9597.0,33.5993
1776456000,9599.0,9631.0,9550.0,9565.0,14.3712
1776470400,9570.0,9579.0,9500.0,9512.0,25.0422
1776484800,9514.0,9539.0,9509.0,9520.0,15.3798
1776499200,9516.0,9517.0,9281.0,9312.0,122.6918
1776513600,9325.0,9358.0,9299.0,9357.0,45.6337
1776528000,9356.0,9387.0,9289.0,9309.0,16.4639
1776542400,9299.0,9338.0,9299.0,9321.0,1.7107
1776556800,9321.0,9322.0,9270.0,9286.0,12.6164
1776571200,9286.0,9292.0,9122.0,9189.0,70.5818
1776585600,9181.0,9231.0,9155.0,9231.0,15.3436
1776600000,9231.0,9307.0,9227.0,9250.0,38.5939
1776614400,9247.0,9247.0,9102.0,9116.0,13.0503
1776628800,9120.0,9121.0,8955.0,9001.0,56.0493
1776643200,9001.0,9100.0,9001.0,9071.0,17.1061
1776657600,9091.0,9270.0,9022.0,9110.0,40.1477
1776672000,9138.0,9214.0,9125.0,9196.0,50.0904
1776686400,9194.0,9255.0,9109.0,9199.0,50.1089
1776700800,9214.0,9300.0,9161.0,9264.0,11.984
1776715200,9264.0,9309.0,9189.0,9200.0,5.9386
1776729600,9200.0,9221.0,9139.0,9168.0,16.1073
1776744000,9169.0,9204.0,9159.0,9200.0,9.0628
1776758400,9191.0,9390.0,9191.0,9205.0,28.181
1776772800,9204.0,9213.0,9109.0,9142.0,25.5315
1776787200,9171.0,9228.0,9091.0,9091.0,17.9857
1776801600,9113.0,9237.0,9113.0,9232.0,10.7716
1776816000,9235.0,9396.0,9197.0,9349.0,60.9646
1776830400,9350.0,9500.0,9342.0,9450.0,56.6734
1776844800,9451.0,9478.0,9418.0,9475.0,21.3128
1776859200,9485.0,9555.0,9458.0,9509.0,80.5644
1776873600,9507.0,9520.0,9421.0,9458.0,28.7481
1776888000,9459.0,9490.0,9392.0,9398.0,10.4255
1776902400,9396.0,9414.0,9280.0,9284.0,15.3706
1776916800,9295.0,9374.0,9289.0,9326.0,15.6526
1776931200,9325.0,9325.0,9192.0,9262.0,28.1906
1776945600,9264.0,9305.0,9230.0,9266.0,30.6852
1776960000,9273.0,9329.0,9113.0,9218.0,25.3754
1776974400,9230.0,9278.0,9230.0,9257.0,8.9989
1776988800,9261.0,9278.0,9165.0,9186.0,25.205
1777003200,9188.0,9223.0,9183.0,9204.0,13.5623
1777017600,9201.0,9272.0,9182.0,9259.0,28.6695
1777032000,9268.0,9268.0,9176.0,9238.0,7.7581
1777046400,9243.0,9243.0,9202.0,9235.0,3.4238
1777060800,9230.0,9244.0,9184.0,9204.0,3.4024
1777075200,9204.0,9222.0,9203.0,9221.0,13.1498
1777089600,9221.0,9221.0,9209.0,9215.0,7.5724
1777104000,9213.0,9228.0,9207.0,9208.0,47.3037
1777118400,9204.0,9221.0,9191.0,9191.0,19.0215
1777132800,9191.0,9210.0,9185.0,9204.0,5.1743
1777147200,9211.0,9238.0,9211.0,9229.0,1.5936
1777161600,9227.0,9228.0,9201.0,9202.0,3.9431
1777176000,9202.0,9283.0,9202.0,9270.0,14.2223
1777190400,9270.0,9272.0,9270.0,9272.0,1.7543
1777204800,9272.0,9335.0,9253.0,9318.0,12.0797
1777219200,9320.0,9400.0,9300.0,9384.0,19.5494
1777233600,9398.0,9410.0,9337.0,9404.0,11.6438
1777248000,9403.0,9500.0,9357.0,9473.0,38.1326
1777262400,9473.0,9473.0,9201.0,9216.0,65.9366
1777276800,9212.0,9234.0,9185.0,9219.0,28.3382
1777291200,9226.0,9247.0,9060.0,9080.0,88.5883
1777305600,9079.0,9134.0,9079.0,9119.0,26.9134
1777320000,9123.0,9171.0,9107.0,9170.0,13.4302
1777334400,9170.0,9189.0,9082.0,9082.0,16.3509
1777348800,9082.0,9100.0,9017.0,9050.0,36.4841
1777363200,9073.0,9083.0,9035.0,9035.0,19.3035
1777377600,9035.0,9049.0,8982.0,9049.0,54.0234
1777392000,9048.0,9130.0,9045.0,9130.0,6.6819
1777406400,9121.0,9121.0,9073.0,9074.0,6.3105
1777420800,9081.0,9160.0,9049.0,9153.0,22.3309
1777435200,9152.0,9249.0,9146.0,9216.0,23.7587
1777449600,9211.0,9276.0,9197.0,9232.0,25.7638
1777464000,9231.0,9231.0,9031.0,9031.0,22.3969
1777478400,9031.0,9068.0,8870.0,8874.0,51.7645
1777492800,8884.0,8987.0,8884.0,8974.0,6.5619
1777507200,8974.0,9056.0,8923.0,8986.0,15.2428
1777521600,8986.0,8996.0,8920.0,8996.0,15.0724
1777536000,8992.0,9044.0,8992.0,9000.0,13.7337
1777550400,9005.0,9056.0,8977.0,9027.0,6.6173
1777564800,9034.0,9037.0,9000.0,9033.0,10.4764
1777579200,9027.0,9034.0,9001.0,9009.0,2.5916
1777593600,9009.0,9125.0,8996.0,9101.0,35.5642
1777608000,9105.0,9109.0,9059.0,9085.0,4.433
1777622400,9086.0,9116.0,9082.0,9090.0,4.4807
1777636800,9095.0,9210.0,9095.0,9163.0,19.2157
1777651200,9183.0,9183.0,9140.0,9165.0,2.9926
1777665600,9156.0,9156.0,9086.0,9120.0,5.0055
1777680000,9120.0,9162.0,9118.0,9155.0,2.7762
1777694400,9157.0,9158.0,9141.0,9157.0,8.4069
1777708800,9157.0,9158.0,9151.0,9156.0,11.6216
1777723200,9156.0,9178.0,9152.0,9160.0,29.4931
1777737600,9176.0,9176.0,9158.0,9168.0,1.1191
1777752000,9166.0,9280.0,9166.0,9201.0,10.4318
1777766400,9200.0,9200.0,9139.0,9149.0,12.0034
1777780800,9149.0,9189.0,9136.0,9189.0,14.0321
1777795200,9190.0,9221.0,9189.0,9218.0,13.416
1777809600,9220.0,9259.0,9220.0,9248.0,24.8086
1777824000,9251.0,9264.0,9237.0,9263.0,14.9832
1777838400,9264.0,9321.0,9201.0,9202.0,29.2348
1777852800,9202.0,9419.0,9153.0,9398.0,73.8739
1777867200,9397.0,9439.0,9291.0,9340.0,37.4641
1777881600,9339.0,9350.0,9168.0,9251.0,38.6535
1777896000,9251.0,9409.0,9238.0,9294.0,44.0818
1777910400,9296.0,9396.0,9264.0,9336.0,5.526
1777924800,9323.0,9348.0,9288.0,9288.0,24.464
1777939200,9310.0,9427.0,9309.0,9424.0,10.3833
1777953600,9424.0,9430.0,9376.0,9417.0,43.918
1777968000,9416.0,9417.0,9370.0,9407.0,13.8848
1777982400,9406.0,9460.0,9389.0,9422.0,43.1048
1777996800,9420.0,9421.0,9347.0,9388.0,6.1393
1778011200,9393.0,9424.0,9321.0,9332.0,10.0039
1778025600,9343.0,9388.0,9323.0,9383.0,8.2042
1778040000,9386.0,9391.0,9321.0,9359.0,13.6839
1778054400,9360.0,9480.0,9360.0,9451.0,37.4568
1778068800,9451.0,9451.0,9240.0,9272.0,60.8772
1778083200,9272.0,9299.0,9210.0,9226.0,17.6305
1778097600,9247.0,9265.0,9223.0,9238.0,9.5606
1778112000,9246.0,9246.0,9085.0,9107.0,82.4025
1778126400,9108.0,9197.0,9105.0,9188.0,16.5603
1778140800,9189.0,9189.0,9111.0,9135.0,32.8984
1778155200,9140.0,9156.0,8993.0,9013.0,76.8729
1778169600,9012.0,9032.0,8972.0,9000.0,13.9458
1778184000,9017.0,9017.0,8971.0,9002.0,15.4405
1778198400,9002.0,9019.0,8932.0,8970.0,69.0688
1778212800,8970.0,8984.0,8924.0,8970.0,14.951
1778227200,8969.0,9015.0,8965.0,9015.0,45.3157
1778241600,9018.0,9033.0,8957.0,9026.0,40.7732
1778256000,9026.0,9113.0,9009.0,9096.0,11.6883
1778270400,9091.0,9091.0,9053.0,9053.0,4.423
1778284800,9055.0,9090.0,9051.0,9076.0,34.0564
1778299200,9090.0,9104.0,9079.0,9092.0,14.0886
1778313600,9096.0,9102.0,9085.0,9089.0,2.7175
1778328000,9094.0,9100.0,9063.0,9100.0,8.4483
1778342400,9100.0,9177.0,9100.0,9152.0,16.0883
1778356800,9165.0,9165.0,9148.0,9148.0,2.7186
1778371200,9147.0,9150.0,9127.0,9150.0,7.655
1778385600,9145.0,9156.0,9145.0,9150.0,6.4761
1778400000,9150.0,9156.0,9125.0,9126.0,19.9068
1778414400,9134.0,9198.0,9129.0,9198.0,14.3914
1778428800,9197.0,9255.0,9193.0,9254.0,38.6493
1778443200,9241.0,9314.0,9079.0,9272.0,30.8291
1778457600,9283.0,9283.0,9119.0,9140.0,33.2939
1778472000,9134.0,9186.0,9134.0,9156.0,28.6485
1778486400,9156.0,9188.0,9153.0,9179.0,19.9395
1778500800,9180.0,9186.0,9082.0,9169.0,36.1635
1778515200,9169.0,9203.0,9160.0,9189.0,8.0142
1778529600,9191.0,9191.0,9179.0,9191.0,3.9162
1778544000,9182.0,9182.0,9040.0,9085.0,34.9698
1778558400,9086.0,9105.0,9035.0,9056.0,25.8502
1778572800,9056.0,9072.0,8998.0,9007.0,50.5919
1778587200,9011.0,9032.0,8926.0,8934.0,76.8402
1778601600,8934.0,9009.0,8927.0,9009.0,12.9361
1778616000,9010.0,9033.0,9007.0,9007.0,4.1002
1778630400,8996.0,9077.0,8996.0,9077.0,15.1984
1778644800,9074.0,9082.0,9064.0,9071.0,21.3009
1778659200,9077.0,9144.0,9072.0,9074.0,43.8571
1778673600,9074.0,9084.0,8858.0,8858.0,52.8959
1778688000,8864.0,8963.0,8858.0,8935.0,18.9482
1778702400,8940.0,8961.0,8915.0,8930.0,18.5452
1778716800,8930.0,8965.0,8848.0,8848.0,55.9916
1778731200,8846.0,8966.0,8846.0,8953.0,23.2423
1778745600,8940.0,8963.0,8909.0,8914.0,11.9505
1778760000,8914.0,9059.0,8896.0,9059.0,20.1475
1778774400,9060.0,9120.0,9055.0,9055.0,19.8045
1778788800,9050.0,9050.0,8986.0,8986.0,8.4939
1778803200,8989.0,9043.0,8923.0,8955.0,34.6635
1778817600,8959.0,8959.0,8851.0,8949.0,52.2483
1778832000,8932.0,8946.0,8891.0,8933.0,9.5933
1778846400,8933.0,8933.0,8755.0,8814.0,79.8158
1778860800,8819.0,8845.0,8819.0,8831.0,8.2186
1778875200,8830.0,8831.0,8805.0,8830.0,4.4833
1778889600,8829.0,8853.0,8829.0,8848.0,3.5428
1778904000,8849.0,8849.0,8706.0,8734.0,28.6771
1778918400,8735.0,8744.0,8640.0,8675.0,42.0045
1778932800,8676.0,8711.0,8670.0,8692.0,25.2344
1778947200,8690.0,8691.0,8658.0,8689.0,14.1673
1778961600,8688.0,8688.0,8686.0,8686.0,2.1163
1778976000,8687.0,8695.0,8642.0,8670.0,15.5395
1778990400,8670.0,8700.0,8669.0,8684.0,20.8628
1779004800,8683.0,8722.0,8681.0,8717.0,4.1589
1779019200,8717.0,8732.0,8688.0,8692.0,17.3765
1779033600,8692.0,8716.0,8680.0,8716.0,3.4053
1779048000,8697.0,8711.0,8352.0,8471.0,30.3434
1779062400,8471.0,8471.0,8381.0,8443.0,33.5545
1779076800,8443.0,8448.0,8411.0,8431.0,22.4834
1779091200,8430.0,8507.0,8416.0,8497.0,31.0208
1779105600,8502.0,8583.0,8355.0,8397.0,54.8392
1779120000,8384.0,8427.0,8300.0,8427.0,18.8009
1779134400,8461.0,8519.0,8426.0,8472.0,13.5637
1779148800,8472.0,8508.0,8438.0,8481.0,15.993
1779163200,8486.0,8515.0,8470.0,8515.0,27.6915
1779177600,8515.0,8516.0,8416.0,8420.0,13.1574
1779192000,8419.0,8460.0,8378.0,8418.0,22.4072
1779206400,8422.0,8471.0,8412.0,8461.0,3.3915
1779220800,8440.0,8460.0,8403.0,8444.0,14.1436
1779235200,8443.0,8451.0,8404.0,8434.0,11.818
1779249600,8434.0,8507.0,8433.0,8503.0,17.1111
1779264000,8504.0,8518.0,8484.0,8484.0,17.0207
1779278400,8484.0,8555.0,8451.0,8531.0,10.5527
1779292800,8518.0,8560.0,8481.0,8525.0,13.4856
1779307200,8517.0,8520.0,8450.0,8471.0,8.4694
1779321600,8474.0,8546.0,8474.0,8522.0,22.0862
1779336000,8526.0,8526.0,8456.0,8470.0,14.6508
1779350400,8470.0,8517.0,8391.0,8405.0,18.1625
1779364800,8405.0,8489.0,8381.0,8487.0,19.1632
1779379200,8483.0,8545.0,8458.0,8513.0,8.8249
1779393600,8511.0,8514.0,8466.0,8486.0,9.9573
1779408000,8481.0,8503.0,8460.0,8498.0,9.9446
1779422400,8499.0,8502.0,8458.0,8478.0,25.8333
1779436800,8481.0,8483.0,8442.0,8467.0,8.2015
1779451200,8472.0,8486.0,8413.0,8438.0,29.2884
1779465600,8438.0,8467.0,8231.0,8231.0,44.7214
1779480000,8236.0,8282.0,8226.0,8238.0,9.3092
1779494400,8238.0,8261.0,8207.0,8261.0,13.7615
1779508800,8258.0,8261.0,8013.0,8102.0,42.8294
1779523200,8104.0,8145.0,8099.0,8137.0,15.5798
1779537600,8138.0,8259.0,8125.0,8220.0,19.4983
1779552000,8230.0,8301.0,8224.0,8295.0,6.2207
1779566400,8291.0,8553.0,8291.0,8448.0,30.9362
1779580800,8429.0,8462.0,8425.0,8443.0,12.8332
1779595200,8447.0,8470.0,8437.0,8450.0,5.0264
1779609600,8455.0,8479.0,8450.0,8478.0,3.1951
1779624000,8478.0,8478.0,8305.0,8355.0,19.874
1779638400,8364.0,8389.0,8355.0,8355.0,3.8543
1779652800,8350.0,8388.0,8240.0,8372.0,19.4416
1779667200,8365.0,8371.0,8300.0,8304.0,58.3841
1779681600,8304.0,8367.0,8291.0,8361.0,43.5283
1779696000,8361.0,8379.0,8360.0,8379.0,8.2769
1779710400,8365.0,8444.0,8365.0,8409.0,14.177
1779724800,8419.0,8465.0,8390.0,8390.0,18.3885
1779739200,8399.0,8399.0,8334.0,8356.0,15.4268
1779753600,8358.0,8358.0,8283.0,8308.0,8.6702
1779768000,8309.0,8344.0,8303.0,8339.0,5.9504
1779782400,8321.0,8475.0,8321.0,8418.0,23.5994
1779796800,8418.0,8475.0,8266.0,8280.0,28.9531
1779811200,8282.0,8282.0,8182.0,8248.0,13.7863
1779825600,8248.0,8258.0,8232.0,8258.0,0.7212
1779840000,8255.0,8294.0,8255.0,8258.0,10.9212
1779854400,8256.0,8301.0,8189.0,8301.0,20.636
1779868800,8301.0,8344.0,8290.0,8291.0,16.5036
1779883200,8289.0,8346.0,8201.0,8267.0,32.9374
1779897600,8272.0,8272.0,8178.0,8178.0,13.7382
1779912000,8195.0,8280.0,8100.0,8100.0,17.4089
1779926400,8101.0,8121.0,7969.0,7971.0,130.5498
1779940800,7971.0,7971.0,7900.0,7966.0,131.3573
1779955200,7966.0,7975.0,7932.0,7944.0,25.8898
1779969600,7944.0,7990.0,7885.0,7949.0,35.9904
1779984000,7948.0,8079.0,7948.0,8048.0,8.602
1779998400,8035.0,8055.0,7999.0,7999.0,2.1311
1780012800,8003.0,8009.0,7950.0,7958.0,21.8367
1780027200,7958.0,8018.0,7952.0,7966.0,12.4606
1780041600,7980.0,8000.0,7973.0,7990.0,10.1179
1780056000,7990.0,8134.0,7895.0,8090.0,48.1843
1780070400,8104.0,8131.0,8000.0,8035.0,6.4542
1780084800,8033.0,8054.0,8005.0,8023.0,9.8627
1780099200,8015.0,8045.0,8008.0,8022.0,3.2187
1780113600,8016.0,8030.0,7979.0,8021.0,6.6007
1780128000,8021.0,8039.0,8021.0,8033.0,8.7178
1780142400,8034.0,8077.0,8033.0,8073.0,7.8374
1780156800,8068.0,8080.0,8060.0,8080.0,2.9059
1780171200,8082.0,8086.0,8055.0,8059.0,2.2101
1780185600,8057.0,8105.0,8057.0,8100.0,8.1228
1780200000,8099.0,8100.0,8066.0,8070.0,4.4648
1780214400,8076.0,8079.0,8042.0,8060.0,6.1929
1780228800,8060.0,8063.0,8004.0,8016.0,31.3242
1780243200,8015.0,8017.0,7954.0,7966.0,8.9651
1780257600,7987.0,8048.0,7980.0,7995.0,2.0691
1780272000,8004.0,8040.0,7952.0,8006.0,20.0541
1780286400,8003.0,8008.0,7868.0,7882.0,18.9715
1780300800,7882.0,7929.0,7868.0,7895.0,18.4006
1780315200,7898.0,7940.0,7833.0,7860.0,29.3923
1780329600,7862.0,7998.0,7834.0,7991.0,13.2426
1780344000,7979.0,8000.0,7930.0,7973.0,17.6885
1780358400,7993.0,7993.0,7845.0,7990.0,47.5705
1780372800,7992.0,7995.0,7889.0,7917.0,11.7414
1780387200,7913.0,7934.0,7872.0,7902.0,16.1439
1780401600,7900.0,7911.0,7612.0,7666.0,115.6799
1780416000,7660.0,7769.0,7590.0,7659.0,40.2446
1780430400,7657.0,7681.0,7402.0,7478.0,88.6895
1780444800,7468.0,7495.0,7299.0,7354.0,157.7504
1780459200,7358.0,7551.0,7358.0,7535.0,54.3951
1780473600,7532.0,7585.0,7523.0,7551.0,49.6339
1780488000,7550.0,7552.0,7389.0,7389.0,32.6376
1780502400,7388.0,7390.0,7228.0,7228.0,76.3458
1780516800,7227.0,7415.0,7129.0,7295.0,58.337
1780531200,7289.0,7329.0,6975.0,7303.0,330.2286
1780545600,7304.0,7332.0,7158.0,7186.0,95.0706
1780560000,7185.0,7193.0,6993.0,7067.0,88.3969
1780574400,7073.0,7228.0,7059.0,7150.0,60.7142
1780588800,7165.0,7182.0,7088.0,7179.0,33.8573
1780603200,7153.0,7154.0,7075.0,7139.0,11.1279
1780617600,7145.0,7145.0,6981.0,7010.0,61.1115
1780632000,7001.0,7060.0,6650.0,6801.0,329.8089
1780646400,6807.0,6843.0,6745.0,6761.0,49.8597
1780660800,6752.0,6800.0,6450.0,6471.0,252.6858
1780675200,6470.0,6800.0,6325.0,6325.0,61.5041
1780689600,6596.0,6700.0,6403.0,6470.0,35.6282
1780704000,6475.0,6558.0,6392.0,6409.0,77.9709
1780718400,6407.0,6460.0,6194.0,6448.0,142.7037
1780732800,6445.0,6499.0,6284.0,6365.0,37.0497
1780747200,6374.0,6427.0,6335.0,6396.0,30.5494
1780761600,6397.0,6404.0,6344.0,6364.0,24.9544
1780776000,6362.0,6402.0,6331.0,6402.0,14.2867
1780790400,6403.0,6528.0,6385.0,6508.0,51.997
1780804800,6508.0,6613.0,6464.0,6595.0,61.348
1780819200,6596.0,6718.0,6580.0,6644.0,59.682
1780833600,6641.0,6687.0,6568.0,6653.0,58.3499
1780848000,6654.0,6672.0,6554.0,6579.0,16.3526
1780862400,6568.0,6950.0,6565.0,6869.0,47.9329
1780876800,6876.0,6970.0,6821.0,6859.0,32.9846
1780891200,6858.0,6858.0,6728.0,6836.0,38.917
1780905600,6832.0,6925.0,6785.0,6886.0,43.3311
1780920000,6886.0,6976.0,6842.0,6926.0,88.8946
1780934400,6922.0,6972.0,6872.0,6879.0,10.1242
1780948800,6871.0,6983.0,6871.0,6900.0,7.9155
1780963200,6895.0,6911.0,6751.0,6799.0,82.767
1780977600,6802.0,6892.0,6791.0,6840.0,40.3916
1780992000,6839.0,6839.0,6788.0,6793.0,17.6311
1781006400,6807.0,6841.0,6671.0,6671.0,45.7069
1781020800,6672.0,6750.0,6594.0,6750.0,27.1846
1781035200,6753.0,6765.0,6655.0,6667.0,26.7338
1781049600,6673.0,6699.0,6608.0,6639.0,24.2705
1781064000,6640.0,6687.0,6600.0,6682.0,17.7216
1781078400,6682.0,6682.0,6565.0,6614.0,37.6115
1781092800,6613.0,6781.0,6601.0,6763.0,53.4937
1781107200,6757.0,6757.0,6632.0,6648.0,6.684
1781121600,6636.0,6666.0,6557.0,6620.0,8.4803
1781136000,6626.0,6765.0,6620.0,6753.0,51.0008
1781150400,6735.0,6765.0,6718.0,6740.0,29.2358
1781164800,6740.0,6802.0,6740.0,6790.0,30.6377
1781179200,6785.0,6785.0,6694.0,6704.0,24.3912
1781193600,6712.0,6889.0,6669.0,6860.0,39.0873
1781208000,6857.0,6857.0,6804.0,6832.0,10.6954
1781222400,6823.0,6827.0,6772.0,6792.0,69.781
1781236800,6794.0,6821.0,6734.0,6753.0,24.7166
1781251200,6760.0,6840.0,6760.0,6811.0,86.3135
1781265600,6803.0,6872.0,6742.0,6761.0,23.5428
1781280000,6758.0,6814.0,6749.0,6785.0,1.5907
1781294400,6780.0,6791.0,6770.0,6778.0,3.7457
1781308800,6794.0,6823.0,6790.0,6790.0,22.3529
1781323200,6789.0,6830.0,6785.0,6830.0,8.0529
1781337600,6828.0,6835.0,6817.0,6834.0,6.5018
1781352000,6833.0,6862.0,6833.0,6853.0,11.1471
1781366400,6843.0,6843.0,6818.0,6832.0,4.4919
1781380800,6824.0,6892.0,6824.0,6847.0,8.2037
1781395200,6846.0,6877.0,6846.0,6854.0,21.0707
1781409600,6854.0,6854.0,6826.0,6826.0,7.8971
1781424000,6826.0,6834.0,6813.0,6819.0,8.5588
1781438400,6817.0,6817.0,6739.0,6767.0,55.9263
1781452800,6769.0,6783.0,6761.0,6768.0,1.5493
1781467200,6780.0,7017.0,6778.0,7001.0,31.9168
1781481600,7005.0,7018.0,6952.0,6991.0,44.4723
1781496000,6990.0,6997.0,6973.0,6980.0,32.8247
1781510400,6978.0,7159.0,6965.0,7158.0,46.9664
1781524800,7159.0,7499.0,7157.0,7490.0,97.7156
1781539200,7490.0,7499.0,7376.0,7409.0,32.4817
1781553600,7400.0,7411.0,7261.0,7301.0,15.3599
1781568000,7300.0,7310.0,7201.0,7242.0,31.2955
1781582400,7236.0,7249.0,7174.0,7237.0,35.881
1781596800,7236.0,7352.0,7236.0,7326.0,36.9415
1781611200,7343.0,7474.0,7227.0,7260.0,79.0623
1781625600,7276.0,7367.0,7247.0,7309.0,81.148
1781640000,7310.0,7328.0,7303.0,7306.0,8.5473
1781654400,7317.0,7367.0,7278.0,7312.0,10.0773
1781668800,7315.0,7334.0,7286.0,7286.0,12.1477
1781683200,7269.0,7269.0,7189.0,7209.0,12.9895
1781697600,7207.0,7243.0,7120.0,7231.0,24.519
1781712000,7231.0,7303.0,7055.0,7070.0,87.394
1781726400,7099.0,7141.0,7064.0,7138.0,3.7487
1781740800,7171.0,7200.0,7148.0,7153.0,15.4472
1781755200,7149.0,7185.0,7086.0,7185.0,100.1983
1781769600,7184.0,7214.0,7181.0,7190.0,40.6956
1781784000,7197.0,7220.0,6964.0,6964.0,23.7443
1781798400,6970.0,7030.0,6923.0,7026.0,40.8855
1781812800,7063.0,7063.0,7019.0,7060.0,13.4889
1781827200,7059.0,7087.0,6951.0,7020.0,14.5385
1781841600,7020.0,7061.0,6988.0,7030.0,86.5828
1781856000,7030.0,7039.0,7000.0,7016.0,19.2943
1781870400,7015.0,7081.0,6977.0,7078.0,12.7872
1781884800,7091.0,7091.0,7044.0,7055.0,5.98
1781899200,7062.0,7088.0,7054.0,7088.0,4.8211
1781913600,7090.0,7110.0,7072.0,7083.0,9.4918
1781928000,7081.0,7172.0,7076.0,7165.0,41.5035
1781942400,7160.0,7172.0,7158.0,7170.0,1.5662
1781956800,7169.0,7236.0,7101.0,7221.0,15.9243
1781971200,7212.0,7212.0,7159.0,7181.0,2.0639
1781985600,7179.0,7234.0,7179.0,7225.0,1.9241
1782000000,7225.0,7225.0,7202.0,7213.0,11.4491
1782014400,7213.0,7214.0,7190.0,7200.0,7.3341
1782028800,7200.0,7208.0,7143.0,7163.0,6.2944
1782043200,7161.0,7186.0,7139.0,7181.0,5.6958
1782057600,7166.0,7194.0,7154.0,7194.0,4.9643
1782072000,7164.0,7164.0,7068.0,7076.0,3.9387
1782086400,7083.0,7260.0,7083.0,7170.0,103.2372
1782100800,7179.0,7264.0,7178.0,7249.0,16.6407
1782115200,7242.0,7347.0,7242.0,7341.0,22.1722
1782129600,7341.0,7377.0,7251.0,7251.0,20.6322
1782144000,7250.0,7260.0,7186.0,7211.0,17.8284
1782158400,7212.0,7217.0,7160.0,7191.0,8.7852
1782172800,7189.0,7210.0,7158.0,7185.0,45.7052
1782187200,7187.0,7188.0,7008.0,7008.0,22.7958
1782201600,7001.0,7004.0,6836.0,6908.0,138.3745
1782216000,6913.0,6941.0,6851.0,6898.0,121.5753
1782230400,6899.0,6932.0,6859.0,6888.0,69.8768
1782244800,6914.0,6934.0,6894.0,6912.0,1.8252
1782259200,6921.0,6950.0,6897.0,6923.0,16.205
1782273600,6922.0,6964.0,6904.0,6946.0,15.8349
1782288000,6945.0,7011.0,6884.0,6973.0,10.207
1782302400,6976.0,6978.0,6750.0,6751.0,56.452
1782316800,6751.0,6792.0,6500.0,6594.0,115.894
1782331200,6594.0,6785.0,6594.0,6762.0,24.6168
1782345600,6760.0,6774.0,6697.0,6701.0,91.4638
1782360000,6702.0,6850.0,6700.0,6850.0,50.4008
1782374400,6852.0,6852.0,6748.0,6748.0,13.8963
1782388800,6750.0,6817.0,6381.0,6506.0,145.0875
1782403200,6506.0,6581.0,6446.0,6461.0,43.5039
1782417600,6460.0,6533.0,6451.0,6483.0,24.1923
1782432000,6482.0,6494.0,6269.0,6431.0,178.9034
1782446400,6413.0,6520.0,6379.0,6506.0,40.4178
1782460800,6504.0,6504.0,6352.0,6352.0,31.1284
1782475200,6360.0,6530.0,6281.0,6499.0,72.0752
1782489600,6510.0,6551.0,6477.0,6497.0,10.034
1782504000,6484.0,6500.0,6455.0,6491.0,22.7661
1782518400,6495.0,6518.0,6470.0,6501.0,21.8654
1782532800,6506.0,6515.0,6481.0,6514.0,4.5266
1782547200,6513.0,6514.0,6495.0,6509.0,4.025
1782561600,6507.0,6600.0,6502.0,6591.0,5.8109
1782576000,6592.0,6600.0,6478.0,6485.0,6.8611
1782590400,6497.0,6505.0,6432.0,6470.0,12.7199
1782604800,6477.0,6490.0,6455.0,6460.0,5.7901
1782619200,6463.0,6474.0,6423.0,6474.0,4.385
1782633600,6474.0,6502.0,6468.0,6497.0,5.9439
1782648000,6491.0,6501.0,6470.0,6489.0,18.5302
1782662400,6486.0,6486.0,6405.0,6406.0,7.0371
1782676800,6460.0,6481.0,6375.0,6465.0,20.1663
1782691200,6450.0,6467.0,6351.0,6454.0,80.9432
1782705600,6450.0,6464.0,6383.0,6445.0,21.8436
1782720000,6438.0,6451.0,6385.0,6404.0,116.4124
1782734400,6404.0,6489.0,6346.0,6451.0,150.0539
1782748800,6451.0,6638.0,6430.0,6611.0,22.2934
1782763200,6588.0,6588.0,6549.0,6556.0,7.7927
1782777600,6556.0,6556.0,6459.0,6482.0,22.9998
1782792000,6482.0,6506.0,6456.0,6498.0,30.9189
1782806400,6502.0,6507.0,6444.0,6461.0,46.0358
1782820800,6457.0,6457.0,6374.0,6419.0,57.1111
1782835200,6425.0,6478.0,6406.0,6478.0,5.8167
1782849600,6475.0,6475.0,6431.0,6445.0,6.5232
1782864000,6447.0,6546.0,6376.0,6542.0,43.3739
1782878400,6536.0,6563.0,6452.0,6473.0,12.8176
1782892800,6472.0,6499.0,6437.0,6437.0,28.7041
1782907200,6440.0,6681.0,6433.0,6640.0,62.9485
1782921600,6639.0,6650.0,6610.0,6630.0,12.4043
1782936000,6612.0,6725.0,6594.0,6594.0,18.377
1782950400,6592.0,6698.0,6557.0,6698.0,40.4447
1782964800,6692.0,6692.0,6595.0,6595.0,45.9124
1782979200,6592.0,6743.0,6592.0,6718.0,24.0505
1782993600,6724.0,7015.0,6724.0,6930.0,68.4496
1783008000,6921.0,6946.0,6890.0,6926.0,7.0364
1783022400,6936.0,6945.0,6908.0,6923.0,4.3712
1783036800,6923.0,6981.0,6912.0,6946.0,40.5897
1783051200,6953.0,6999.0,6935.0,6999.0,11.2398
1783065600,6992.0,7106.0,6987.0,7096.0,37.3616
1783080000,7098.0,7128.0,7046.0,7046.0,20.926
1783094400,7048.0,7115.0,7045.0,7098.0,9.3186
1783108800,7096.0,7199.0,7096.0,7148.0,37.2614
1783123200,7148.0,7163.0,7105.0,7138.0,19.3843
1783137600,7138.0,7169.0,7134.0,7151.0,30.2469
1783152000,7157.0,7175.0,7151.0,7158.0,8.2942
1783166400,7162.0,7303.0,7162.0,7291.0,48.3705
1783180800,7291.0,7500.0,7241.0,7304.0,91.917
1783195200,7310.0,7310.0,7244.0,7252.0,17.7173
1783209600,7241.0,7242.0,7168.0,7172.0,24.7691
1783224000,7172.0,7204.0,7171.0,7204.0,14.7121
1783238400,7211.0,7213.0,7150.0,7178.0,5.7025
1783252800,7178.0,7242.0,7167.0,7230.0,14.5879
1783267200,7230.0,7267.0,7221.0,7259.0,4.6964
1783281600,7258.0,7348.0,7228.0,7273.0,18.5887
1783296000,7273.0,7316.0,7232.0,7238.0,24.3557
1783310400,7238.0,7257.0,7206.0,7228.0,15.9228
1783324800,7231.0,7243.0,7174.0,7197.0,14.6674
1783339200,7185.0,7296.0,7080.0,7296.0,41.7755
1783353600,7297.0,7368.0,7297.0,7322.0,97.0594
1783368000,7320.0,7450.0,7301.0,7349.0,80.8033
1783382400,7348.0,7371.0,7239.0,7240.0,17.4363
1783396800,7239.0,7278.0,7199.0,7248.0,12.4399
1783411200,7239.0,7273.0,7225.0,7268.0,5.3481
1783425600,7269.0,7345.0,7205.0,7337.0,14.5194
1783440000,7330.0,7392.0,7260.0,7271.0,33.3433
1783454400,7298.0,7299.0,7246.0,7246.0,3.6138
1783468800,7256.0,7287.0,7145.0,7162.0,25.7858
1783483200,7161.0,7183.0,7150.0,7170.0,18.8985
1783497600,7169.0,7169.0,7060.0,7141.0,46.4083
1783512000,7136.0,7146.0,7016.0,7038.0,17.9973
1783526400,7051.0,7116.0,7046.0,7103.0,2.5817
1783540800,7106.0,7122.0,7096.0,7115.0,4.3769
1783555200,7129.0,7158.0,7057.0,7074.0,16.2358
1783569600,7103.0,7179.0,7103.0,7173.0,3.879
1783584000,7157.0,7171.0,7115.0,7120.0,17.9236
1783598400,7118.0,7146.0,7100.0,7125.0,40.0207
1783612800,7123.0,7188.0,7101.0,7155.0,13.3031
1783627200,7154.0,7154.0,7132.0,7148.0,9.366
1783641600,7137.0,7244.0,7110.0,7229.0,14.8687
1783656000,7231.0,7242.0,7222.0,7231.0,21.021
1783670400,7232.0,7326.0,7231.0,7326.0,13.9115
1783684800,7324.0,7360.0,7255.0,7289.0,51.5356
1783699200,7295.0,7320.0,7275.0,7299.0,7.8173
1783713600,7298.0,7314.0,7286.0,7314.0,6.194
1783728000,7314.0,7319.0,7291.0,7319.0,11.679
1783742400,7317.0,7336.0,7316.0,7335.0,5.2328
1783756800,7335.0,7342.0,7330.0,7340.0,8.8499
1783771200,7342.0,7437.0,7336.0,7397.0,21.0359
1783785600,7397.0,7441.0,7391.0,7418.0,21.0604
1783800000,7429.0,7441.0,7285.0,7306.0,8.131
1783814400,7294.0,7368.0,7267.0,7365.0,24.9387
1783828800,7368.0,7370.0,7307.0,7323.0,6.5923
1783843200,7326.0,7361.0,7326.0,7353.0,2.4694
1783857600,7351.0,7424.0,7351.0,7418.0,6.0336
1783872000,7419.0,7422.0,7400.0,7417.0,14.1927
1783886400,7411.0,7417.0,7340.0,7364.0,3.5885
1783900800,7362.0,7500.0,7265.0,7273.0,27.0129
1783915200,7268.0,7306.0,7251.0,7306.0,41.4933
1783929600,7292.0,7317.0,7273.0,7287.0,7.7466
1783944000,7284.0,7286.0,7217.0,7263.0,38.9108
1783958400,7263.0,7271.0,7167.0,7239.0,17.6321
1783972800,7250.0,7250.0,7174.0,7250.0,4.8806
1783987200,7252.0,7314.0,7249.0,7277.0,13.1145
1784001600,7285.0,7322.0,7281.0,7287.0,18.8773
1784016000,7284.0,7361.0,7280.0,7351.0,6.4303
1784030400,7345.0,7683.0,7340.0,7652.0,157.7501
1784044800,7651.0,7653.0,7606.0,7649.0,9.3661
1784059200,7649.0,7700.0,7644.0,7695.0,33.2333
1784073600,7696.0,7696.0,7600.0,7630.0,21.0798
1784088000,7631.0,7680.0,7593.0,7611.0,24.282
1784102400,7611.0,7679.0,7611.0,7679.0,15.4074
1784116800,7679.0,7913.0,7674.0,7872.0,119.8857
1784131200,7872.0,7882.0,7776.0,7839.0,28.6001
1784145600,7836.0,7855.0,7806.0,7814.0,3.7953
1784160000,7813.0,7860.0,7781.0,7834.0,33.6398
1784174400,7833.0,7838.0,7773.0,7779.0,34.5237
1784188800,7788.0,7788.0,7661.0,7695.0,42.1818
1784203200,7691.0,7718.0,7645.0,7685.0,33.8545
1784217600,7673.0,7683.0,7632.0,7659.0,4.2874
1784232000,7654.0,7677.0,7605.0,7623.0,11.9417
1784246400,7619.0,7643.0,7553.0,7588.0,28.5853
1784260800,7586.0,7587.0,7471.0,7490.0,52.9368
1784275200,7489.0,7550.0,7477.0,7547.0,15.4456
1784289600,7530.0,7530.0,7424.0,7524.0,26.2421
1784304000,7516.0,7617.0,7516.0,7556.0,40.7926
1784318400,7550.0,7559.0,7531.0,7546.0,1.4296
1784332800,7546.0,7553.0,7546.0,7551.0,16.8294
1784347200,7552.0,7604.0,7552.0,7589.0,50.9833
1784361600,7589.0,7602.0,7589.0,7597.0,9.2052
1784376000,7603.0,7622.0,7581.0,7598.0,59.7989
1784390400,7595.0,7665.0,7590.0,7649.0,11.0895
1784404800,7653.0,7676.0,7645.0,7666.0,6.6261
1784419200,7670.0,7707.0,7655.0,7682.0,7.1296
1784433600,7683.0,7698.0,7679.0,7695.0,10.7459
1784448000,7695.0,7720.0,7681.0,7711.0,26.8758
1784462400,7710.0,7710.0,7680.0,7695.0,6.4255
1784476800,7687.0,7687.0,7620.0,7631.0,2.6645
1784491200,7642.0,7682.0,7623.0,7681.0,24.5739
1784505600,7678.0,7749.0,7650.0,7702.0,10.139
1784520000,7708.0,7708.0,7577.0,7633.0,18.7211
1784534400,7636.0,7763.0,7609.0,7763.0,6.6609
1784548800,7766.0,7792.0,7606.0,7790.0,20.5853
1784563200,7785.0,7836.0,7761.0,7761.0,13.4171
1784577600,7777.0,7799.0,7765.0,7785.0,8.1757
1784592000,7786.0,7877.0,7784.0,7874.0,42.2466
1784606400,7878.0,7920.0,7857.0,7919.0,17.153
1784620800,7918.0,7968.0,7881.0,7902.0,47.4714
1784635200,7906.0,7927.0,7860.0,7878.0,16.4934
1784649600,7883.0,7883.0,7837.0,7852.0,7.1615
1784664000,7848.0,7867.0,7831.0,7867.0,4.4641
1784678400,7874.0,7918.0,7874.0,7899.0,32.1355
1784692800,7896.0,7910.0,7830.0,7830.0,7.3048
1784707200,7839.0,7897.0,7839.0,7874.0,23.3999
1784721600,7864.0,7969.0,7839.0,7941.0,27.9863
1784736000,7938.0,7981.0,7878.0,7885.0,6.0357
1784750400,7882.0,7917.0,7872.0,7903.0,2.4736
1784764800,7903.0,7917.0,7851.0,7851.0,7.247
1784779200,7852.0,7871.0,7833.0,7839.0,23.6714
1784793600,7844.0,7888.0,7844.0,7883.0,15.9123
1784808000,7888.0,7888.0,7714.0,7744.0,19.7426
1784822400,7740.0,7740.0,7671.0,7671.0,7.4764
1784836800,7699.0,7732.0,7699.0,7702.0,8.6227
1784851200,7702.0,7710.0,7650.0,7710.0,18.9406
1784865600,7710.0,7809.0,7701.0,7765.0,15.7726
1784880000,7770.0,7775.0,7709.0,7709.0,9.5374
1784894400,7736.0,7736.0,7602.0,7667.0,22.5543
1784908800,7654.0,7666.0,7582.0,7652.0,23.8777
1784923200,7643.0,7652.0,7643.0,7652.0,4.0615
1784937600,7657.0,7661.0,7640.0,7640.0,9.4101
1784952000,7645.0,7647.0,7632.0,7636.0,11.6835
1784966400,7635.0,7640.0,7617.0,7640.0,4.6352
1784980800,7639.0,7688.0,7639.0,7685.0,14.0565
1784995200,7684.0,7710.0,7675.0,7710.0,2.8507
1785009600,7710.0,7710.0,7690.0,7710.0,1.1894
1785024000,7721.0,7741.0,7721.0,7738.0,7.8066
1785038400,7737.0,7758.0,7735.0,7739.0,7.8601
1785052800,7738.0,7759.0,7735.0,7758.0,16.727
1785067200,7758.0,7868.0,7745.0,7863.0,13.486
1785081600,7860.0,7901.0,7851.0,7871.0,22.9613
1785096000,7865.0,8040.0,7864.0,8005.0,38.5189
1785110400,8005.0,8005.0,7920.0,7950.0,52.0774
1785124800,7954.0,8061.0,7954.0,8034.0,30.9871
1785139200,8029.0,8040.0,8003.0,8009.0,16.2057
1785153600,8009.0,8065.0,7867.0,7902.0,39.9546
1785168000,7907.0,7996.0,7907.0,7996.0,12.8481
1785182400,7985.0,7985.0,7743.0,7761.0,36.8006
1785196800,7761.0,7761.0,7680.0,7717.0,31.3427
1785211200,7717.0,7747.0,7712.0,7733.0,28.3659
1785225600,7725.0,7734.0,7700.0,7705.0,16.2166
1785240000,7706.0,7880.0,7650.0,7855.0,113.7777
1785254400,7861.0,7877.0,7777.0,7851.0,7.667
1785268800,7851.0,7872.0,7808.0,7856.0,3.6526
1785283200,7859.0,7869.0,7750.0,7750.0,22.9279
1785297600,7749.0,7851.0,7728.0,7851.0,11.7005
1785312000,7854.0,7863.0,7830.0,7840.0,17.2103
1785326400,7838.0,7843.0,7755.0,7755.0,16.8042
1785340800,7760.0,7882.0,7719.0,7738.0,77.6348
1785355200,7737.0,7823.0,7700.0,7823.0,6.0467
1785369600,7823.0,7851.0,7768.0,7822.0,21.8549
1785384000,7817.0,7817.0,7777.0,7788.0,13.8365
1785398400,7786.0,7855.0,7785.0,7850.0,15.2287
1785412800,7857.0,7897.0,7828.0,7836.0,23.4919
1785427200,7835.0,7859.0,7834.0,7859.0,7.8092
1785441600,7857.0,7899.0,7854.0,7869.0,21.7045
1785456000,7844.0,7880.0,7783.0,7813.0,14.7832
1785470400,7805.0,7805.0,7732.0,7739.0,12.3884
1785484800,7742.0,7751.0,7705.0,7731.0,29.5038
1785499200,7731.0,7738.0,7595.0,7646.0,44.9387
1785513600,7644.0,7692.0,7644.0,7669.0,3.3311
1785528000,7673.0,7673.0,7640.0,7649.0,6.8744
1785542400,7649.0,7668.0,7649.0,7668.0,1.8593
1785556800,7668.0,7680.0,7668.0,7674.0,4.9352
1785571200,7674.0,7674.0,7656.0,7661.0,5.1065
1785585600,7662.0,7684.0,7662.0,7677.0,4.4954
1785600000,7676.0,7676.0,7495.0,7542.0,30.5087
1785614400,7541.0,7575.0,7539.0,7573.0,21.0266
1785628800,7574.0,7710.0,7572.0,7698.0,12.5817
1785643200,7700.0,7705.0,7690.0,7690.0,6.4387
1785657600,7691.0,7691.0,7581.0,7581.0,8.2567
1785672000,7587.0,7604.0,7542.0,7595.0,34.9398
1785686400,7593.0,7675.0,7593.0,7671.0,2.496
1785700800,7682.0,7738.0,7675.0,7683.0,7.3766
1785715200,7693.0,7694.0,7586.0,7604.0,11.553
1785729600,7605.0,7615.0,7545.0,7556.0,21.5575
1785744000,7554.0,7590.0,7509.0,7560.0,6.6062
1785758400,7555.0,7669.0,7552.0,7630.0,50.5505
1785772800,7630.0,7654.0,7629.0,7654.0,27.8509
1785787200,7650.0,7652.0,7595.0,7603.0,16.8678
1785801600,7602.0,7646.0,7576.0,7631.0,21.1721
1785816000,7625.0,7650.0,7590.0,7623.0,46.2303
1785830400,7615.0,7661.0,7589.0,7661.0,19.5389
1785844800,7661.0,7687.0,7625.0,7680.0,52.0415
1785859200,7670.0,7700.0,7648.0,7700.0,23.4857
1785873600,7695.0,7695.0,7670.0,7671.0,3.7324
1785888000,7669.0,7677.0,7633.0,7634.0,41.0738
1785902400,7635.0,7661.0,7628.0,7635.0,32.5069
1785916800,7643.0,7659.0,7642.0,7647.0,14.1027
1785931200,7647.0,7700.0,7616.0,7676.0,38.3332
1785945600,7677.0,7860.0,7677.0,7842.0,11.2458
1785960000,7840.0,7852.0,7786.0,7806.0,36.619
1785974400,7806.0,7808.0,7764.0,7768.0,12.7376
1785988800,7765.0,7838.0,7765.0,7810.0,9.1917
1786003200,7811.0,7822.0,7769.0,7797.0,9.1302
1786017600,7796.0,7845.0,7759.0,7823.0,31.0924
1786032000,7822.0,7828.0,7793.0,7794.0,1.6148
1786046400,7794.0,7795.0,7768.0,7775.0,3.6666
1786060800,7775.0,7786.0,7766.0,7767.0,17.148
1786075200,7765.0,7785.0,7754.0,7781.0,12.2139
1786089600,7782.0,7834.0,7782.0,7831.0,10.5675
1786104000,7830.0,7907.0,7825.0,7843.0,112.2796
1786118400,7844.0,7859.0,7804.0,7833.0,9.5476
1786132800,7834.0,7835.0,7829.0,7830.0,0.9861
1786147200,7829.0,7841.0,7825.0,7838.0,10.0517
1786161600,7839.0,7842.0,7839.0,7841.0,3.3834
1786176000,7841.0,7862.0,7839.0,7862.0,3.0811
1786190400,7862.0,7868.0,7855.0,7865.0,4.9978
1786204800,7865.0,7877.0,7865.0,7873.0,1.3294
1786219200,7870.0,7871.0,7869.0,7869.0,6.8275
1786233600,7869.0,7870.0,7851.0,7852.0,9.5931
1786248000,7852.0,7859.0,7845.0,7859.0,15.7862
1786262400,7860.0,7873.0,7852.0,7860.0,6.3117
1786276800,7860.0,7886.0,7860.0,7883.0,2.522
1786291200,7883.0,7883.0,7870.0,7870.0,0.909
1786305600,7869.0,7902.0,7827.0,7827.0,10.3605
1786320000,7827.0,7883.0,7817.0,7837.0,51.0504
1786334400,7840.0,7890.0,7828.0,7865.0,27.017
1786348800,7865.0,7869.0,7843.0,7848.0,6.5759
1786363200,7848.0,7848.0,7687.0,7697.0,28.5367
1786377600,7696.0,7697.0,7675.0,7692.0,3.8241
1786392000,7694.0,7694.0,7676.0,7680.0,14.0618
1786406400,7680.0,7696.0,7679.0,7696.0,24.6307
1786420800,7696.0,7699.0,7686.0,7689.0,15.6777
1786435200,7689.0,7738.0,7686.0,7738.0,7.6367
1786449600,7738.0,7738.0,7620.0,7633.0,21.4757
1786464000,7635.0,7715.0,7630.0,7715.0,24.3499
1786478400,7715.0,7724.0,7714.0,7715.0,0.448
1786492800,7714.0,7726.0,7714.0,7721.0,6.2885
1786507200,7721.0,7740.0,7721.0,7737.0,31.4566
1786521600,7738.0,7822.0,7737.0,7822.0,17.1683
1786536000,7818.0,7849.0,7727.0,7742.0,37.017
1786550400,7742.0,7742.0,7706.0,7706.0,1.151
1786564800,7702.0,7716.0,7685.0,7689.0,4.7576
1786579200,7690.0,7717.0,7683.0,7717.0,15.1897
1786593600,7723.0,7765.0,7723.0,7764.0,61.3591
1786608000,7764.0,7764.0,7690.0,7699.0,8.7933
1786622400,7699.0,7751.0,7699.0,7719.0,13.6739
1786636800,7702.0,7726.0,7650.0,7726.0,11.6268
1786651200,7726.0,7739.0,7717.0,7721.0,3.9854
1786665600,7720.0,7725.0,7720.0,7725.0,9.6714
1786680000,7724.0,7724.0,7681.0,7688.0,4.1773
1786694400,7687.0,7703.0,7680.0,7703.0,29.9344
1786708800,7698.0,7720.0,7660.0,7720.0,8.6339
1786723200,7722.0,7730.0,7694.0,7700.0,2.3266
1786737600,7706.0,7706.0,7696.0,7706.0,1.6159
1786752000,7706.0,7727.0,7706.0,7727.0,3.3762
1786766400,7726.0,7726.0,7716.0,7717.0,11.5338
1786780800,7716.0,7716.0,7705.0,7709.0,0.8145
1786795200,7709.0,7729.0,7708.0,7728.0,8.3739
1786809600,7729.0,7733.0,7729.0,7733.0,0.8051
1786824000,7730.0,7730.0,7724.0,7724.0,2.984
1786838400,7724.0,7728.0,7706.0,7727.0,1.3789
1786852800,7727.0,7728.0,7713.0,7717.0,1.1947
1786867200,7717.0,7718.0,7716.0,7717.0,0.6051
1786881600,7715.0,7720.0,7715.0,7720.0,2.057
1786896000,7720.0,7720.0,7713.0,7719.0,1.0209
1786910400,7713.0,7713.0,7670.0,7675.0,5.4638
1786924800,7674.0,7776.0,7670.0,7764.0,16.6252
1786939200,7765.0,7784.0,7741.0,7741.0,10.8401
1786953600,7742.0,7756.0,7704.0,7745.0,17.7174
1786968000,7750.0,7768.0,7723.0,7768.0,7.9456
1786982400,7758.0,7769.0,7750.0,7750.0,0.685
1786996800,7753.0,7775.0,7742.0,7773.0,2.174
1787011200,7763.0,7764.0,7686.0,7703.0,11.5619
1787025600,7699.0,7739.0,7699.0,7716.0,10.0849
1787040000,7704.0,7730.0,7704.0,7729.0,13.3324
1787054400,7730.0,7802.0,7710.0,7792.0,72.6767
1787068800,7788.0,7797.0,7771.0,7780.0,3.7703
1787083200,7777.0,7790.0,7763.0,7790.0,1.0742
1787097600,7779.0,7788.0,7751.0,7774.0,8.7959
1787112000,7770.0,7798.0,7755.0,7796.0,6.879
1787126400,7795.0,7823.0,7789.0,7817.0,8.0112
1787140800,7818.0,8500.0,7817.0,8448.0,245.9723
1787155200,8419.0,8519.0,8000.0,8519.0,122.0948
1787169600,8519.0,9359.0,8519.0,9085.0,242.5635
1787184000,9077.0,9143.0,8972.0,9057.0,80.4507
1787198400,9055.0,9100.0,9010.0,9062.0,30.8058
1787212800,9060.0,9299.0,9059.0,9227.0,124.204
1787227200,9230.0,9325.0,9092.0,9312.0,89.3115
1787241600,9309.0,9359.0,9264.0,9275.0,52.5708
1787256000,9270.0,9330.0,9182.0,9330.0,12.9643
1787270400,9330.0,9500.0,9330.0,9396.0,220.8222
1787284800,9399.0,9554.0,9259.0,9497.0,100.452
1787299200,9499.0,9689.0,9464.0,9501.0,153.352
1787313600,9501.0,9631.0,9491.0,9611.0,80.6979
1787328000,9611.0,9747.0,9552.0,9682.0,77.3584
1787342400,9676.0,10100.0,9676.0,10031.0,135.5138
1787356800,10030.0,10050.0,9940.0,10022.0,68.1514
1787371200,10022.0,10050.0,9656.0,9771.0,186.5353
1787385600,9770.0,9801.0,9600.0,9641.0,107.2683
1787400000,9660.0,9729.0,9388.0,9561.0,31.3412
1787414400,9561.0,9666.0,9550.0,9666.0,11.8147
1787428800,9693.0,9693.0,9587.0,9649.0,7.5453
1787443200,9640.0,9683.0,9514.0,9610.0,34.1199
1787457600,9606.0,9619.0,9345.0,9551.0,79.4397
1787472000,9549.0,9709.0,9549.0,9705.0,32.2393
1787486400,9701.0,9883.0,9601.0,9778.0,67.9011
1787500800,9795.0,9832.0,9772.0,9798.0,19.0432
1787515200,9799.0,9911.0,9675.0,9853.0,21.575
1787529600,9845.0,9921.0,9669.0,9783.0,54.8221
1787544000,9783.0,9945.0,9783.0,9892.0,15.1207
1787558400,9891.0,10090.0,9827.0,10041.0,62.3288
1787572800,10038.0,10185.0,9983.0,10000.0,116.9769
1787587200,10005.0,10072.0,9901.0,9924.0,15.2812
1787601600,9938.0,10002.0,9917.0,9973.0,9.0243
1787616000,9986.0,10169.0,9946.0,10032.0,42.585
1787630400,10059.0,10100.0,9951.0,10004.0,23.0145
