timestamp,open,high,low,close,volume
1756119600,19215.0,19428.0,19141.0,19427.0,43.6609
1756123200,19428.0,19636.0,19425.0,19636.0,32.0341
1756126800,19641.0,19694.0,19452.0,19562.0,30.0462
1756130400,19594.0,19790.0,19594.0,19700.0,13.3238
1756134000,19700.0,19700.0,19539.0,19549.0,6.7074
1756137600,19505.0,19641.0,19500.0,19501.0,10.9774
1756141200,19501.0,19501.0,19390.0,19443.0,14.2465
1756144800,19430.0,19467.0,19371.0,19373.0,1.1034
1756148400,19373.0,19373.0,18801.0,18801.0,31.925
1756152000,18801.0,18842.0,18500.0,18552.0,32.8891
1756155600,18500.0,18652.0,18491.0,18537.0,43.2745
1756159200,18545.0,18840.0,18545.0,18718.0,31.3822
1756162800,18731.0,18731.0,18600.0,18701.0,27.2912
1756166400,18700.0,18734.0,18468.0,18501.0,40.0956
1756170000,18500.0,18775.0,18349.0,18773.0,38.8827
1756173600,18778.0,18891.0,18692.0,18692.0,27.8765
1756177200,18693.0,18693.0,18617.0,18691.0,17.5769
1756180800,18691.0,18836.0,18690.0,18822.0,19.0809
1756184400,18816.0,18855.0,18758.0,18792.0,11.5605
1756188000,18792.0,18803.0,18740.0,18751.0,8.1628
1756191600,18752.0,18878.0,18716.0,18808.0,14.3386
1756195200,18820.0,18850.0,18740.0,18796.0,12.3943
1756198800,18800.0,18850.0,18800.0,18817.0,11.9725
1756202400,18822.0,18888.0,18822.0,18882.0,8.5584
1756206000,18883.0,18974.0,18800.0,18803.0,15.4544
1756209600,18819.0,19260.0,18809.0,19092.0,50.4701
1756213200,19054.0,19099.0,18800.0,18990.0,59.174
1756216800,18990.0,19320.0,18930.0,19319.0,16.6594
1756220400,19319.0,19500.0,19133.0,19178.0,56.9173
1756224000,19196.0,19309.0,19132.0,19309.0,8.9644
1756227600,19261.0,19270.0,19128.0,19159.0,16.5082
1756231200,19160.0,19299.0,19160.0,19240.0,4.6112
1756234800,19245.0,19395.0,19200.0,19395.0,35.0872
1756238400,19395.0,19570.0,19359.0,19396.0,51.6355
1756242000,19396.0,19444.0,19307.0,19416.0,4.9051
1756245600,19437.0,19437.0,19359.0,19388.0,15.9849
1756249200,19388.0,19510.0,19388.0,19410.0,14.2045
1756252800,19410.0,19410.0,19311.0,19312.0,43.1383
1756256400,19312.0,19323.0,19232.0,19250.0,16.5079
1756260000,19250.0,19372.0,19235.0,19344.0,8.2363
1756263600,19343.0,19530.0,19270.0,19479.0,38.3685
1756267200,19476.0,19570.0,19473.0,19529.0,18.4898
1756270800,19529.0,19594.0,19480.0,19480.0,10.2769
1756274400,19462.0,19462.0,19359.0,19366.0,29.067
1756278000,19376.0,19400.0,19302.0,19342.0,20.6544
1756281600,19352.0,19352.0,19300.0,19348.0,19.3656
1756285200,19399.0,19504.0,19399.0,19409.0,20.0798
1756288800,19401.0,19450.0,19360.0,19385.0,12.3744
1756292400,19402.0,19496.0,19398.0,19495.0,6.1061
1756296000,19496.0,19502.0,19419.0,19500.0,19.5659
1756299600,19500.0,19625.0,19401.0,19438.0,25.7167
1756303200,19460.0,19650.0,19437.0,19511.0,24.434
1756306800,19558.0,19653.0,19517.0,19653.0,18.5717
1756310400,19654.0,19655.0,19488.0,19579.0,9.9627
1756314000,19578.0,19598.0,19534.0,19598.0,2.5504
1756317600,19557.0,19566.0,19388.0,19389.0,16.884
1756321200,19389.0,19389.0,19180.0,19274.0,14.8625
1756324800,19273.0,19400.0,19145.0,19364.0,38.2089
1756328400,19353.0,19359.0,19111.0,19112.0,6.5108
1756332000,19110.0,19136.0,19023.0,19131.0,12.8145
1756335600,19133.0,19172.0,19043.0,19043.0,26.5225
1756339200,19060.0,19080.0,18950.0,18988.0,16.9146
1756342800,19001.0,19100.0,19001.0,19100.0,12.1207
1756346400,19100.0,19122.0,19099.0,19100.0,6.5407
1756350000,19101.0,19220.0,19101.0,19220.0,19.1388
1756353600,19202.0,19350.0,19193.0,19278.0,19.7571
1756357200,19324.0,19369.0,19223.0,19302.0,17.382
1756360800,19302.0,19347.0,19259.0,19343.0,3.9081
1756364400,19342.0,19420.0,19330.0,19416.0,10.0979
1756368000,19417.0,19470.0,19396.0,19438.0,20.4522
1756371600,19438.0,19444.0,19365.0,19366.0,4.6065
1756375200,19400.0,19441.0,19366.0,19441.0,24.5734
1756378800,19441.0,19441.0,19375.0,19392.0,5.253
1756382400,19393.0,19442.0,19352.0,19412.0,7.9381
1756386000,19412.0,19441.0,19256.0,19268.0,18.5938
1756389600,19313.0,19351.0,19186.0,19262.0,9.3932
1756393200,19262.0,19263.0,19000.0,19028.0,22.2614
1756396800,19029.0,19098.0,18901.0,18901.0,11.5058
1756400400,18902.0,18976.0,18890.0,18951.0,5.9029
1756404000,18950.0,19022.0,18906.0,18962.0,3.6206
1756407600,18963.0,18963.0,18833.0,18833.0,15.3689
1756411200,18827.0,18870.0,18800.0,18853.0,13.9397
1756414800,18854.0,18943.0,18854.0,18943.0,2.9554
1756418400,18962.0,19038.0,18962.0,19038.0,5.6242
1756422000,19025.0,19038.0,19001.0,19032.0,8.8833
1756425600,19032.0,19047.0,18900.0,18900.0,18.9694
1756429200,18917.0,18917.0,18764.0,18812.0,19.7054
1756432800,18812.0,18910.0,18754.0,18871.0,9.4198
1756436400,18871.0,18980.0,18846.0,18930.0,16.113
1756440000,18926.0,18926.0,18843.0,18843.0,12.5373
1756443600,18856.0,18877.0,18835.0,18856.0,7.8655
1756447200,18857.0,18890.0,18800.0,18831.0,9.143
1756450800,18832.0,18832.0,18404.0,18530.0,48.2515
1756454400,18530.0,18574.0,18400.0,18401.0,32.9341
1756458000,18400.0,18413.0,18350.0,18385.0,30.5543
1756461600,18385.0,18490.0,18381.0,18446.0,50.8633
1756465200,18454.0,18467.0,18414.0,18424.0,5.7265
1756468800,18425.0,18871.0,18425.0,18684.0,36.1056
1756472400,18684.0,18684.0,18350.0,18359.0,37.1623
1756476000,18359.0,18448.0,18000.0,18171.0,89.3413
1756479600,18197.0,18463.0,18197.0,18349.0,20.52
1756483200,18347.0,18454.0,18300.0,18441.0,5.9359
1756486800,18420.0,18511.0,18392.0,18451.0,6.4782
1756490400,18450.0,18450.0,18356.0,18368.0,1.8073
1756494000,18382.0,18537.0,18382.0,18494.0,3.216
1756497600,18463.0,18480.0,18399.0,18413.0,9.3396
1756501200,18412.0,18611.0,18384.0,18573.0,6.3055
1756504800,18564.0,18570.0,18535.0,18568.0,2.3172
1756508400,18569.0,18617.0,18569.0,18588.0,1.9353
1756512000,18587.0,18587.0,18501.0,18534.0,8.9493
1756515600,18534.0,18554.0,18209.0,18209.0,13.5701
1756519200,18250.0,18432.0,18226.0,18405.0,3.4368
1756522800,18407.0,18600.0,18394.0,18562.0,25.3173
1756526400,18560.0,18561.0,18557.0,18560.0,3.397
1756530000,18561.0,18718.0,18559.0,18688.0,10.0651
1756533600,18688.0,18766.0,18647.0,18758.0,26.7014
1756537200,18741.0,18809.0,18717.0,18756.0,15.2676
1756540800,18757.0,18781.0,18711.0,18755.0,24.6617
1756544400,18728.0,18752.0,18710.0,18740.0,5.1038
1756548000,18743.0,18770.0,18689.0,18690.0,41.9969
1756551600,18724.0,18767.0,18715.0,18735.0,4.6795
1756555200,18736.0,18736.0,18583.0,18645.0,7.3029
1756558800,18633.0,18634.0,18508.0,18611.0,8.6934
1756562400,18611.0,18650.0,18534.0,18649.0,2.4567
1756566000,18649.0,18692.0,18634.0,18665.0,8.2759
1756569600,18662.0,18662.0,18607.0,18645.0,5.9489
1756573200,18644.0,18646.0,18602.0,18626.0,7.1644
1756576800,18628.0,18641.0,18579.0,18600.0,3.7878
1756580400,18589.0,18595.0,18525.0,18587.0,1.9574
1756584000,18591.0,18592.0,18553.0,18559.0,0.3995
1756587600,18565.0,18594.0,18560.0,18570.0,0.9982
1756591200,18570.0,18617.0,18561.0,18613.0,0.6571
1756594800,18613.0,18677.0,18613.0,18663.0,3.0199
1756598400,18662.0,18998.0,18662.0,18998.0,16.4616
1756602000,19000.0,19000.0,18908.0,18962.0,14.7665
1756605600,18964.0,18985.0,18947.0,18953.0,13.1052
1756609200,18953.0,19022.0,18953.0,19022.0,7.6499
1756612800,19067.0,19101.0,19002.0,19023.0,37.4373
1756616400,19024.0,19024.0,18972.0,18984.0,7.9784
1756620000,18990.0,18999.0,18901.0,18901.0,6.8003
1756623600,18900.0,18976.0,18900.0,18972.0,7.7172
1756627200,18972.0,19163.0,18972.0,19028.0,29.093
1756630800,19015.0,19050.0,19015.0,19021.0,4.069
1756634400,19022.0,19023.0,18955.0,18992.0,2.288
1756638000,18987.0,19080.0,18951.0,19080.0,6.1799
1756641600,19080.0,19128.0,19034.0,19128.0,10.8444
1756645200,19120.0,19166.0,19032.0,19032.0,8.0137
1756648800,19018.0,19023.0,18970.0,18984.0,3.1806
1756652400,19007.0,19096.0,19007.0,19079.0,12.4801
1756656000,19065.0,19065.0,18994.0,19005.0,11.9373
1756659600,19005.0,19080.0,19005.0,19065.0,3.6869
1756663200,19066.0,19069.0,19065.0,19068.0,2.4651
1756666800,19068.0,19068.0,19000.0,19000.0,1.1638
1756670400,19000.0,19000.0,18963.0,18974.0,6.2822
1756674000,18973.0,19060.0,18959.0,19027.0,7.5897
1756677600,19008.0,19008.0,18911.0,18914.0,4.3996
1756681200,18935.0,18935.0,18709.0,18728.0,9.662
1756684800,18724.0,18798.0,18651.0,18781.0,18.9891
1756688400,18770.0,18911.0,18744.0,18848.0,10.0955
1756692000,18849.0,18849.0,18677.0,18734.0,5.3202
1756695600,18730.0,18772.0,18696.0,18772.0,10.3214
1756699200,18791.0,18834.0,18700.0,18734.0,4.2637
1756702800,18733.0,18800.0,18650.0,18781.0,10.1737
1756706400,18780.0,18800.0,18720.0,18790.0,3.8953
1756710000,18782.0,18991.0,18727.0,18990.0,6.8395
1756713600,18992.0,19099.0,18992.0,19077.0,15.1046
1756717200,19076.0,19077.0,18931.0,18931.0,5.2553
1756720800,18961.0,18961.0,18775.0,18802.0,4.9107
1756724400,18802.0,18818.0,18742.0,18771.0,12.1049
1756728000,18766.0,18810.0,18743.0,18798.0,4.4324
1756731600,18801.0,18857.0,18728.0,18733.0,6.7267
1756735200,18741.0,18780.0,18738.0,18768.0,5.1722
1756738800,18767.0,18773.0,18609.0,18670.0,7.6365
1756742400,18637.0,18685.0,18613.0,18613.0,3.015
1756746000,18613.0,18623.0,18509.0,18528.0,8.1671
1756749600,18526.0,18599.0,18526.0,18596.0,3.7263
1756753200,18592.0,18649.0,18592.0,18649.0,0.3299
1756756800,18646.0,18646.0,18312.0,18356.0,13.3224
1756760400,18349.0,18363.0,18089.0,18277.0,36.0343
1756764000,18291.0,18448.0,18291.0,18382.0,6.1239
1756767600,18383.0,18489.0,18383.0,18488.0,11.2995
1756771200,18496.0,18496.0,18350.0,18350.0,9.3231
1756774800,18394.0,18486.0,18345.0,18407.0,15.1872
1756778400,18407.0,18500.0,18407.0,18500.0,6.5584
1756782000,18500.0,18630.0,18499.0,18580.0,8.4212
1756785600,18580.0,18618.0,18559.0,18618.0,6.1493
1756789200,18618.0,18621.0,18602.0,18612.0,8.0084
1756792800,18611.0,18715.0,18611.0,18715.0,17.0535
1756796400,18713.0,18714.0,18571.0,18571.0,6.237
1756800000,18580.0,18670.0,18579.0,18650.0,5.2992
1756803600,18640.0,18691.0,18631.0,18658.0,21.4715
1756807200,18658.0,18658.0,18600.0,18622.0,4.7502
1756810800,18622.0,18622.0,18503.0,18503.0,18.1937
1756814400,18503.0,18503.0,18152.0,18222.0,17.5945
1756818000,18235.0,18611.0,18233.0,18574.0,16.5285
1756821600,18575.0,18631.0,18424.0,18453.0,19.3107
1756825200,18449.0,18469.0,18228.0,18228.0,18.5844
1756828800,18235.0,18284.0,18200.0,18251.0,8.5191
1756832400,18251.0,18337.0,18224.0,18336.0,8.5943
1756836000,18295.0,18300.0,18156.0,18263.0,5.8551
1756839600,18242.0,18264.0,18111.0,18134.0,4.5418
1756843200,18133.0,18303.0,18114.0,18270.0,1.7681
1756846800,18277.0,18326.0,18270.0,18326.0,4.5839
1756850400,18325.0,18332.0,18274.0,18322.0,5.7217
1756854000,18322.0,18336.0,18284.0,18303.0,6.52
1756857600,18302.0,18308.0,18230.0,18231.0,11.9204
1756861200,18231.0,18300.0,18185.0,18300.0,13.6029
1756864800,18321.0,18438.0,18284.0,18395.0,5.7136
1756868400,18364.0,18386.0,18337.0,18371.0,3.6493
1756872000,18370.0,18400.0,18306.0,18400.0,3.9874
1756875600,18398.0,18398.0,18319.0,18319.0,3.8804
1756879200,18319.0,18319.0,18231.0,18267.0,4.6646
1756882800,18265.0,18281.0,18231.0,18261.0,2.8727
1756886400,18262.0,18329.0,18262.0,18264.0,6.5767
1756890000,18289.0,18424.0,18265.0,18421.0,8.8009
1756893600,18427.0,18524.0,18420.0,18477.0,20.6066
1756897200,18498.0,18534.0,18481.0,18513.0,7.5457
1756900800,18521.0,18522.0,18418.0,18430.0,15.5066
1756904400,18446.0,18750.0,18446.0,18702.0,36.2153
1756908000,18701.0,18920.0,18700.0,18887.0,31.6007
1756911600,18885.0,18902.0,18807.0,18902.0,27.4339
1756915200,18902.0,18902.0,18838.0,18877.0,14.1907
1756918800,18880.0,18950.0,18880.0,18932.0,5.9935
1756922400,18930.0,18930.0,18852.0,18882.0,9.3671
1756926000,18880.0,18918.0,18880.0,18918.0,1.3745
1756929600,18918.0,18927.0,18900.0,18900.0,3.862
1756933200,18892.0,18901.0,18846.0,18880.0,8.3929
1756936800,18887.0,18903.0,18877.0,18888.0,7.8582
1756940400,18888.0,18888.0,18818.0,18818.0,1.5404
1756944000,18817.0,18882.0,18802.0,18868.0,9.754
1756947600,18867.0,18883.0,18809.0,18859.0,5.2079
1756951200,18859.0,18859.0,18721.0,18721.0,11.8445
1756954800,18712.0,18713.0,18601.0,18608.0,6.9594
1756958400,18609.0,18666.0,18600.0,18608.0,8.8143
1756962000,18601.0,18601.0,18503.0,18529.0,5.0423
1756965600,18530.0,18581.0,18500.0,18526.0,5.4613
1756969200,18537.0,18573.0,18537.0,18561.0,5.9583
1756972800,18561.0,18618.0,18490.0,18490.0,40.735
1756976400,18490.0,18609.0,18489.0,18609.0,19.9922
1756980000,18616.0,18769.0,18598.0,18716.0,15.6969
1756983600,18716.0,18749.0,18650.0,18702.0,7.3029
1756987200,18704.0,18759.0,18619.0,18665.0,7.8737
1756990800,18694.0,18694.0,18551.0,18551.0,1.8844
1756994400,18571.0,18571.0,18401.0,18446.0,17.9196
1756998000,18456.0,18456.0,18310.0,18338.0,12.938
1757001600,18337.0,18338.0,18283.0,18324.0,9.7961
1757005200,18326.0,18355.0,18325.0,18336.0,9.9073
1757008800,18336.0,18361.0,18250.0,18250.0,6.3576
1757012400,18250.0,18251.0,18230.0,18231.0,8.1607
1757016000,18231.0,18343.0,18231.0,18333.0,2.695
1757019600,18333.0,18383.0,18333.0,18381.0,5.4256
1757023200,18393.0,18489.0,18390.0,18484.0,4.7746
1757026800,18484.0,18484.0,18335.0,18335.0,3.9151
1757030400,18314.0,18331.0,18304.0,18310.0,11.4354
1757034000,18310.0,18386.0,18310.0,18385.0,8.4906
1757037600,18386.0,18432.0,18338.0,18402.0,8.0154
1757041200,18402.0,18422.0,18311.0,18422.0,3.627
1757044800,18422.0,18422.0,18390.0,18398.0,1.8298
1757048400,18398.0,18450.0,18398.0,18448.0,2.6594
1757052000,18445.0,18445.0,18401.0,18406.0,1.8577
1757055600,18417.0,18729.0,18417.0,18728.0,24.2109
1757059200,18708.0,18708.0,18600.0,18648.0,2.2898
1757062800,18647.0,18648.0,18549.0,18633.0,3.2429
1757066400,18633.0,18718.0,18633.0,18700.0,5.5376
1757070000,18684.0,18718.0,18679.0,18714.0,5.399
1757073600,18709.0,18933.0,18689.0,18897.0,62.34
1757077200,18898.0,18909.0,18753.0,18753.0,22.1789
1757080800,18755.0,18755.0,18135.0,18186.0,55.1218
1757084400,18185.0,18314.0,18119.0,18201.0,33.1865
1757088000,18202.0,18267.0,18200.0,18260.0,12.9986
1757091600,18261.0,18261.0,18206.0,18223.0,8.1498
1757095200,18231.0,18333.0,18229.0,18329.0,1.9052
1757098800,18323.0,18388.0,18323.0,18365.0,0.2308
1757102400,18377.0,18425.0,18366.0,18394.0,0.854
1757106000,18396.0,18396.0,18253.0,18253.0,5.0026
1757109600,18280.0,18343.0,18280.0,18336.0,0.5818
1757113200,18337.0,18337.0,18334.0,18335.0,1.1725
1757116800,18334.0,18396.0,18334.0,18370.0,7.5666
1757120400,18369.0,18384.0,18361.0,18372.0,0.733
1757124000,18372.0,18374.0,18340.0,18364.0,5.0952
1757127600,18373.0,18378.0,18359.0,18360.0,7.6438
1757131200,18364.0,18364.0,18312.0,18321.0,3.3739
1757134800,18322.0,18322.0,18270.0,18271.0,7.325
1757138400,18272.0,18295.0,18272.0,18287.0,1.7681
1757142000,18287.0,18312.0,18287.0,18305.0,1.4269
1757145600,18306.0,18320.0,18304.0,18318.0,1.5551
1757149200,18301.0,18301.0,18276.0,18278.0,1.7064
1757152800,18278.0,18288.0,18267.0,18284.0,1.7969
1757156400,18284.0,18292.0,18269.0,18292.0,2.762
1757160000,18292.0,18306.0,18292.0,18294.0,6.8322
1757163600,18297.0,18297.0,18233.0,18237.0,4.9177
1757167200,18258.0,18282.0,18258.0,18270.0,2.4563
1757170800,18270.0,18270.0,18182.0,18184.0,16.861
1757174400,18184.0,18230.0,18089.0,18230.0,22.9571
1757178000,18247.0,18247.0,18181.0,18185.0,0.9218
1757181600,18191.0,18219.0,18186.0,18215.0,1.13
1757185200,18210.0,18210.0,18122.0,18122.0,0.8339
1757188800,18122.0,18199.0,18122.0,18199.0,0.7175
1757192400,18199.0,18219.0,18191.0,18216.0,0.5002
1757196000,18219.0,18226.0,18215.0,18215.0,1.7946
1757199600,18215.0,18227.0,18201.0,18206.0,1.1906
1757203200,18206.0,18231.0,18201.0,18219.0,3.7101
1757206800,18220.0,18285.0,18220.0,18266.0,5.8768
1757210400,18266.0,18276.0,18251.0,18276.0,4.5235
1757214000,18275.0,18284.0,18270.0,18271.0,1.13
1757217600,18272.0,18277.0,18271.0,18277.0,0.799
1757221200,18277.0,18277.0,18270.0,18270.0,0.3105
1757224800,18270.0,18271.0,18255.0,18255.0,2.9961
1757228400,18250.0,18298.0,18249.0,18271.0,2.5515
1757232000,18270.0,18282.0,18270.0,18281.0,7.2894
1757235600,18281.0,18282.0,18222.0,18241.0,2.9694
1757239200,18252.0,18268.0,18252.0,18261.0,3.306
1757242800,18264.0,18278.0,18262.0,18278.0,4.0151
1757246400,18278.0,18278.0,18221.0,18234.0,13.8447
1757250000,18238.0,18262.0,18207.0,18256.0,3.1757
1757253600,18256.0,18257.0,18229.0,18232.0,4.3944
1757257200,18232.0,18232.0,18214.0,18228.0,3.3662
1757260800,18228.0,18228.0,18181.0,18181.0,2.5595
1757264400,18180.0,18180.0,18150.0,18151.0,2.206
1757268000,18152.0,18167.0,18150.0,18167.0,3.7325
1757271600,18167.0,18209.0,18161.0,18202.0,4.537
1757275200,18192.0,18202.0,18164.0,18202.0,4.2193
1757278800,18209.0,18209.0,18189.0,18194.0,2.7477
1757282400,18194.0,18249.0,18194.0,18249.0,0.5226
1757286000,18249.0,18333.0,18227.0,18228.0,10.4599
1757289600,18230.0,18273.0,18220.0,18222.0,4.9692
1757293200,18222.0,18222.0,18199.0,18199.0,2.9882
1757296800,18200.0,18223.0,18150.0,18223.0,11.1349
1757300400,18223.0,18295.0,18150.0,18226.0,17.7805
1757304000,18230.0,18230.0,18172.0,18172.0,1.4205
1757307600,18172.0,18179.0,18160.0,18166.0,1.9605
1757311200,18167.0,18170.0,18150.0,18154.0,3.8552
1757314800,18153.0,18198.0,18150.0,18151.0,7.7114
1757318400,18151.0,18178.0,18150.0,18159.0,6.6873
1757322000,18159.0,18261.0,18159.0,18209.0,13.0515
1757325600,18212.0,18265.0,18212.0,18251.0,1.4001
1757329200,18250.0,18250.0,18200.0,18207.0,14.322
1757332800,18209.0,18229.0,18200.0,18227.0,7.911
1757336400,18227.0,18380.0,18227.0,18250.0,19.5735
1757340000,18227.0,18358.0,18226.0,18348.0,7.3038
1757343600,18343.0,18465.0,18333.0,18418.0,10.5208
1757347200,18418.0,18418.0,18324.0,18324.0,9.5421
1757350800,18325.0,18325.0,18220.0,18222.0,14.8071
1757354400,18233.0,18263.0,18222.0,18263.0,1.5024
1757358000,18248.0,18248.0,18150.0,18150.0,59.8799
1757361600,18151.0,18155.0,18150.0,18155.0,3.1712
1757365200,18159.0,18238.0,18158.0,18238.0,3.5685
1757368800,18252.0,18275.0,18232.0,18233.0,3.2301
1757372400,18232.0,18241.0,18185.0,18199.0,3.0432
1757376000,18200.0,18208.0,18150.0,18153.0,13.8496
1757379600,18153.0,18164.0,18109.0,18112.0,14.8165
1757383200,18111.0,18112.0,18100.0,18103.0,9.115
1757386800,18104.0,18144.0,18104.0,18142.0,5.1272
1757390400,18141.0,18170.0,18139.0,18162.0,3.2239
1757394000,18162.0,18169.0,18150.0,18169.0,6.7607
1757397600,18168.0,18383.0,18168.0,18359.0,35.4129
1757401200,18359.0,18384.0,18300.0,18319.0,22.7937
1757404800,18334.0,18335.0,18318.0,18330.0,27.2432
1757408400,18329.0,18341.0,18329.0,18341.0,6.2889
1757412000,18340.0,18341.0,18336.0,18337.0,4.3867
1757415600,18337.0,18337.0,18336.0,18336.0,4.2741
1757419200,18336.0,18340.0,18258.0,18332.0,10.0906
1757422800,18331.0,18339.0,18251.0,18304.0,7.0372
1757426400,18305.0,18320.0,18100.0,18142.0,27.9334
1757430000,18150.0,18151.0,18100.0,18113.0,21.839
1757433600,18113.0,18142.0,18102.0,18122.0,19.1183
1757437200,18125.0,18137.0,18107.0,18122.0,2.1358
1757440800,18123.0,18123.0,18121.0,18122.0,0.6841
1757444400,18121.0,18122.0,18121.0,18122.0,0.5047
1757448000,18121.0,18142.0,18099.0,18142.0,3.2585
1757451600,18153.0,18172.0,18151.0,18152.0,0.7749
1757455200,18153.0,18190.0,18152.0,18182.0,0.7737
1757458800,18182.0,18200.0,18176.0,18183.0,5.7345
1757462400,18183.0,18183.0,18151.0,18152.0,6.2406
1757466000,18152.0,18198.0,18147.0,18192.0,10.6607
1757469600,18192.0,18250.0,18192.0,18222.0,11.5908
1757473200,18220.0,18231.0,18205.0,18225.0,11.455
1757476800,18224.0,18224.0,18200.0,18204.0,1.9686
1757480400,18203.0,18203.0,18160.0,18176.0,5.684
1757484000,18173.0,18190.0,18161.0,18190.0,2.7897
1757487600,18189.0,18249.0,18189.0,18244.0,18.4342
1757491200,18243.0,18243.0,18229.0,18240.0,9.1221
1757494800,18240.0,18240.0,18197.0,18233.0,16.066
1757498400,18226.0,18250.0,18226.0,18250.0,7.3606
1757502000,18250.0,18250.0,18248.0,18250.0,1.7226
1757505600,18249.0,18450.0,18249.0,18380.0,28.6532
1757509200,18380.0,18650.0,18379.0,18567.0,62.9204
1757512800,18599.0,18688.0,18512.0,18514.0,21.0788
1757516400,18514.0,18565.0,18510.0,18520.0,21.2649
1757520000,18519.0,18519.0,18388.0,18437.0,7.3736
1757523600,18459.0,18476.0,18310.0,18361.0,2.0995
1757527200,18360.0,18371.0,18251.0,18265.0,6.3004
1757530800,18265.0,18265.0,18161.0,18209.0,4.579
1757534400,18227.0,18269.0,18224.0,18249.0,4.9836
1757538000,18254.0,18319.0,18254.0,18319.0,4.3653
1757541600,18337.0,18341.0,18300.0,18314.0,13.2852
1757545200,18314.0,18334.0,18288.0,18308.0,7.1669
1757548800,18308.0,18342.0,18280.0,18342.0,3.0662
1757552400,18342.0,18430.0,18342.0,18384.0,5.7423
1757556000,18384.0,18457.0,18384.0,18455.0,4.0339
1757559600,18456.0,18519.0,18450.0,18519.0,21.5148
1757563200,18519.0,18583.0,18514.0,18582.0,10.3562
1757566800,18582.0,18597.0,18553.0,18597.0,10.698
1757570400,18597.0,18678.0,18592.0,18678.0,26.1442
1757574000,18678.0,18700.0,18650.0,18690.0,16.2215
1757577600,18691.0,18700.0,18663.0,18689.0,27.9225
1757581200,18690.0,18695.0,18603.0,18626.0,18.6846
1757584800,18629.0,18654.0,18629.0,18654.0,7.1099
1757588400,18654.0,18699.0,18654.0,18697.0,6.7072
1757592000,18697.0,18815.0,18289.0,18658.0,81.9742
1757595600,18665.0,18708.0,18502.0,18708.0,7.0484
1757599200,18708.0,18708.0,18563.0,18690.0,5.2589
1757602800,18692.0,18694.0,18600.0,18619.0,9.7439
1757606400,18642.0,18662.0,18629.0,18640.0,5.3905
1757610000,18629.0,18709.0,18629.0,18686.0,3.8426
1757613600,18684.0,18690.0,18622.0,18642.0,0.4603
1757617200,18635.0,18663.0,18635.0,18659.0,1.0086
1757620800,18649.0,18649.0,18616.0,18628.0,1.3034
1757624400,18629.0,18644.0,18629.0,18644.0,0.6309
1757628000,18654.0,18748.0,18643.0,18748.0,5.764
1757631600,18748.0,18768.0,18720.0,18743.0,13.9194
1757635200,18743.0,18980.0,18707.0,18951.0,37.1664
1757638800,18951.0,18987.0,18919.0,18931.0,21.7398
1757642400,18901.0,19000.0,18901.0,18988.0,23.4486
1757646000,18989.0,18989.0,18950.0,18958.0,11.4118
1757649600,18958.0,19000.0,18957.0,19000.0,17.6915
1757653200,18999.0,19080.0,18996.0,19080.0,15.2689
1757656800,19080.0,19102.0,19060.0,19060.0,21.5148
1757660400,19061.0,19086.0,19010.0,19010.0,12.8855
1757664000,19022.0,19031.0,19001.0,19024.0,28.4761
1757667600,19024.0,19024.0,18960.0,18977.0,5.6788
1757671200,18979.0,18988.0,18958.0,18970.0,7.8168
1757674800,18970.0,19038.0,18970.0,19000.0,7.4244
1757678400,19003.0,19039.0,18976.0,19033.0,3.0267
1757682000,19038.0,19055.0,18974.0,19055.0,5.1173
1757685600,19079.0,19179.0,19044.0,19050.0,27.7559
1757689200,19050.0,19088.0,19048.0,19088.0,1.8004
1757692800,19085.0,19200.0,19071.0,19198.0,19.7287
1757696400,19199.0,19334.0,19175.0,19315.0,48.9705
1757700000,19316.0,19350.0,19280.0,19348.0,15.9838
1757703600,19349.0,19429.0,19342.0,19429.0,16.533
1757707200,19429.0,19540.0,19400.0,19539.0,52.1047
1757710800,19515.0,19515.0,19403.0,19450.0,18.2185
1757714400,19438.0,19650.0,19438.0,19584.0,24.1697
1757718000,19584.0,19636.0,19518.0,19636.0,16.2501
1757721600,19649.0,19650.0,19593.0,19607.0,10.673
1757725200,19603.0,19685.0,19587.0,19615.0,25.0754
1757728800,19602.0,19633.0,19582.0,19629.0,16.8747
1757732400,19629.0,19884.0,19628.0,19861.0,33.8732
1757736000,19860.0,19860.0,19793.0,19837.0,28.1871
1757739600,19837.0,19837.0,19750.0,19752.0,7.5077
1757743200,19751.0,19752.0,19700.0,19704.0,7.3744
1757746800,19716.0,19749.0,19711.0,19716.0,7.0417
1757750400,19726.0,19740.0,19726.0,19739.0,3.9715
1757754000,19740.0,19763.0,19740.0,19763.0,7.6378
1757757600,19764.0,19780.0,19726.0,19734.0,6.8008
1757761200,19737.0,19776.0,19724.0,19772.0,2.2414
1757764800,19762.0,19762.0,19742.0,19751.0,5.9325
1757768400,19751.0,19751.0,19554.0,19631.0,13.0924
1757772000,19638.0,19698.0,19575.0,19651.0,12.9442
1757775600,19648.0,19670.0,19400.0,19450.0,78.2568
1757779200,19500.0,19507.0,19304.0,19319.0,11.6325
1757782800,19318.0,19393.0,19264.0,19393.0,8.061
1757786400,19356.0,19420.0,19355.0,19397.0,2.0239
1757790000,19403.0,19403.0,19394.0,19401.0,1.1312
1757793600,19401.0,19457.0,19401.0,19439.0,0.3982
1757797200,19448.0,19464.0,19448.0,19463.0,2.3088
1757800800,19463.0,19463.0,19419.0,19453.0,1.9857
1757804400,19469.0,19499.0,19463.0,19486.0,1.0497
1757808000,19486.0,19546.0,19486.0,19544.0,9.2157
1757811600,19544.0,19544.0,19468.0,19519.0,15.0483
1757815200,19519.0,19566.0,19505.0,19546.0,9.932
1757818800,19546.0,19546.0,19503.0,19503.0,3.5288
1757822400,19502.0,19502.0,19401.0,19500.0,6.6171
1757826000,19501.0,19560.0,19501.0,19560.0,2.1944
1757829600,19560.0,19561.0,19540.0,19541.0,1.4349
1757833200,19540.0,19541.0,19477.0,19484.0,2.7691
1757836800,19481.0,19531.0,19481.0,19508.0,3.4279
1757840400,19509.0,19554.0,19508.0,19544.0,2.539
1757844000,19544.0,19546.0,19531.0,19531.0,2.8033
1757847600,19532.0,19532.0,19379.0,19406.0,30.1416
1757851200,19414.0,19428.0,19366.0,19411.0,9.2143
1757854800,19410.0,19410.0,19321.0,19339.0,15.5941
1757858400,19350.0,19460.0,19221.0,19292.0,19.2315
1757862000,19301.0,19301.0,19224.0,19224.0,4.3394
1757865600,19223.0,19358.0,19223.0,19307.0,10.8869
1757869200,19304.0,19399.0,19285.0,19393.0,9.1339
1757872800,19374.0,19384.0,19366.0,19366.0,0.6609
1757876400,19344.0,19400.0,19343.0,19399.0,1.6786
1757880000,19397.0,19413.0,19397.0,19407.0,0.3655
1757883600,19398.0,19443.0,19366.0,19441.0,0.7653
1757887200,19441.0,19451.0,19389.0,19451.0,0.6037
1757890800,19435.0,19435.0,19356.0,19376.0,1.1664
1757894400,19375.0,19395.0,19326.0,19352.0,1.7746
1757898000,19352.0,19427.0,19287.0,19419.0,2.5678
1757901600,19427.0,19454.0,19411.0,19426.0,2.729
1757905200,19430.0,19494.0,19430.0,19494.0,11.3928
1757908800,19494.0,19532.0,19493.0,19524.0,7.3559
1757912400,19505.0,19583.0,19505.0,19583.0,3.5493
1757916000,19583.0,19600.0,19453.0,19453.0,4.0362
1757919600,19504.0,19526.0,19351.0,19376.0,16.4608
1757923200,19371.0,19371.0,19082.0,19082.0,24.5885
1757926800,19058.0,19145.0,19014.0,19109.0,28.8377
1757930400,19109.0,19150.0,19001.0,19138.0,13.8635
1757934000,19138.0,19168.0,19100.0,19141.0,14.4008
1757937600,19141.0,19158.0,19100.0,19100.0,3.7048
1757941200,19100.0,19168.0,19000.0,19078.0,18.492
1757944800,19091.0,19128.0,19007.0,19090.0,7.5456
1757948400,19089.0,19104.0,18932.0,19031.0,13.8292
1757952000,19030.0,19038.0,18951.0,19009.0,5.9661
1757955600,19001.0,19030.0,18951.0,19030.0,4.0406
1757959200,19030.0,19038.0,18981.0,19036.0,5.5464
1757962800,19036.0,19050.0,18951.0,19000.0,31.4772
1757966400,18997.0,19073.0,18997.0,19064.0,0.4153
1757970000,19058.0,19115.0,19058.0,19115.0,0.3192
1757973600,19115.0,19117.0,19071.0,19091.0,2.2108
1757977200,19082.0,19128.0,19082.0,19124.0,1.2645
1757980800,19120.0,19120.0,19087.0,19099.0,2.5596
1757984400,19099.0,19179.0,19099.0,19133.0,3.5409
1757988000,19133.0,19174.0,19133.0,19138.0,2.1139
1757991600,19137.0,19171.0,19135.0,19170.0,20.4527
1757995200,19170.0,19170.0,19037.0,19130.0,10.6743
1757998800,19139.0,19173.0,19120.0,19134.0,10.0799
1758002400,19135.0,19135.0,19025.0,19040.0,17.9336
1758006000,19040.0,19071.0,19039.0,19066.0,2.7837
1758009600,19071.0,19127.0,19041.0,19066.0,2.9886
1758013200,19066.0,19072.0,19066.0,19071.0,2.5745
1758016800,19071.0,19071.0,19048.0,19066.0,2.3573
1758020400,19049.0,19054.0,19045.0,19054.0,2.5749
1758024000,19053.0,19053.0,19034.0,19042.0,3.0516
1758027600,19042.0,19054.0,18801.0,18910.0,30.7178
1758031200,18904.0,18904.0,18745.0,18820.0,22.8564
1758034800,18800.0,18868.0,18752.0,18868.0,7.4686
1758038400,18869.0,18890.0,18800.0,18823.0,9.3006
1758042000,18824.0,18999.0,18823.0,18928.0,30.6093
1758045600,18928.0,18936.0,18851.0,18872.0,1.9575
1758049200,18865.0,18920.0,18865.0,18920.0,3.1854
1758052800,18920.0,18937.0,18910.0,18937.0,0.4776
1758056400,18937.0,18965.0,18937.0,18964.0,0.8564
1758060000,18965.0,19029.0,18963.0,19029.0,7.6418
1758063600,19028.0,19028.0,18950.0,18959.0,2.5098
1758067200,18958.0,18996.0,18941.0,18971.0,3.324
1758070800,18971.0,18978.0,18964.0,18971.0,3.2899
1758074400,18972.0,19091.0,18971.0,19012.0,12.6834
1758078000,19011.0,19042.0,18936.0,18936.0,9.6157
1758081600,18937.0,18937.0,18813.0,18842.0,4.504
1758085200,18843.0,18989.0,18843.0,18989.0,5.0808
1758088800,18989.0,19101.0,18965.0,19101.0,5.7436
1758092400,19102.0,19126.0,19074.0,19082.0,7.8349
1758096000,19082.0,19082.0,18951.0,18968.0,4.0338
1758099600,18955.0,18956.0,18950.0,18950.0,1.2683
1758103200,18950.0,18951.0,18900.0,18900.0,4.147
1758106800,18900.0,18956.0,18900.0,18939.0,5.5463
1758110400,18935.0,18999.0,18930.0,18999.0,6.6463
1758114000,18999.0,19010.0,18944.0,18987.0,4.0783
1758117600,18987.0,18991.0,18902.0,18959.0,30.8016
1758121200,18957.0,18971.0,18950.0,18970.0,5.5091
1758124800,18969.0,18970.0,18908.0,18938.0,11.4025
1758128400,18938.0,19080.0,18856.0,18857.0,25.5517
1758132000,18857.0,19025.0,18716.0,18723.0,29.0601
1758135600,18800.0,19059.0,18798.0,19037.0,16.9128
1758139200,19056.0,19099.0,18980.0,18995.0,1.5956
1758142800,18948.0,19082.0,18914.0,19081.0,6.3938
1758146400,19080.0,19299.0,19060.0,19261.0,17.8495
1758150000,19295.0,19323.0,19223.0,19249.0,22.1144
1758153600,19248.0,19349.0,19245.0,19272.0,39.2551
1758157200,19271.0,19427.0,19260.0,19390.0,10.5316
1758160800,19390.0,19390.0,19330.0,19374.0,10.0073
1758164400,19374.0,19490.0,19364.0,19365.0,6.4354
1758168000,19396.0,19396.0,19320.0,19323.0,2.8941
1758171600,19323.0,19323.0,19251.0,19254.0,5.8274
1758175200,19262.0,19262.0,19126.0,19169.0,4.8623
1758178800,19169.0,19192.0,19168.0,19184.0,3.7708
1758182400,19184.0,19269.0,19180.0,19266.0,5.6461
1758186000,19266.0,19269.0,19237.0,19251.0,4.2366
1758189600,19251.0,19252.0,19173.0,19174.0,8.7941
1758193200,19173.0,19200.0,19166.0,19167.0,8.1269
1758196800,19167.0,19181.0,19166.0,19171.0,2.0908
1758200400,19166.0,19235.0,19129.0,19189.0,19.903
1758204000,19211.0,19342.0,19211.0,19235.0,7.846
1758207600,19273.0,19274.0,19222.0,19262.0,29.5002
1758211200,19262.0,19396.0,19240.0,19356.0,9.5465
1758214800,19355.0,19355.0,19258.0,19293.0,3.3566
1758218400,19289.0,19289.0,19271.0,19279.0,2.0676
1758222000,19279.0,19279.0,19191.0,19206.0,2.404
1758225600,19210.0,19236.0,19193.0,19235.0,2.1828
1758229200,19236.0,19236.0,19208.0,19217.0,0.7107
1758232800,19200.0,19232.0,19190.0,19211.0,10.799
1758236400,19190.0,19190.0,19128.0,19174.0,3.3822
1758240000,19174.0,19256.0,19174.0,19250.0,17.943
1758243600,19247.0,19300.0,19246.0,19280.0,7.0684
1758247200,19280.0,19281.0,19251.0,19251.0,3.7105
1758250800,19251.0,19255.0,19071.0,19083.0,18.3377
1758254400,19076.0,19118.0,19056.0,19118.0,5.656
1758258000,19110.0,19110.0,19057.0,19067.0,2.3129
1758261600,19067.0,19073.0,19047.0,19049.0,3.7485
1758265200,19048.0,19049.0,19013.0,19049.0,14.4346
1758268800,19049.0,19071.0,19040.0,19043.0,10.0385
1758272400,19043.0,19072.0,19022.0,19023.0,3.6175
1758276000,19023.0,19078.0,19022.0,19059.0,1.7623
1758279600,19051.0,19051.0,19042.0,19042.0,4.4661
1758283200,19043.0,19043.0,19042.0,19043.0,3.0093
1758286800,19042.0,19108.0,19042.0,19095.0,7.9112
1758290400,19092.0,19126.0,19004.0,19004.0,6.7305
1758294000,19004.0,19004.0,18850.0,18936.0,21.296
1758297600,18935.0,19001.0,18935.0,18982.0,7.5233
1758301200,18981.0,18981.0,18916.0,18917.0,3.0928
1758304800,18916.0,18916.0,18830.0,18849.0,2.9458
1758308400,18849.0,18930.0,18847.0,18847.0,7.8008
1758312000,18847.0,18913.0,18847.0,18899.0,1.2354
1758315600,18898.0,18937.0,18893.0,18937.0,1.6289
1758319200,18937.0,18952.0,18936.0,18952.0,0.8154
1758322800,18947.0,18947.0,18864.0,18921.0,1.7399
1758326400,18921.0,18954.0,18914.0,18954.0,2.6855
1758330000,18953.0,18954.0,18917.0,18934.0,2.293
1758333600,18932.0,18932.0,18916.0,18930.0,1.309
1758337200,18926.0,18933.0,18922.0,18928.0,4.2797
1758340800,18928.0,18950.0,18927.0,18949.0,3.0807
1758344400,18950.0,18969.0,18950.0,18969.0,1.4199
1758348000,18965.0,18965.0,18956.0,18956.0,0.7484
1758351600,18962.0,18971.0,18954.0,18971.0,6.5463
1758355200,18971.0,18979.0,18951.0,18959.0,3.4739
1758358800,18959.0,18960.0,18925.0,18946.0,3.2241
1758362400,18946.0,18977.0,18946.0,18954.0,1.9734
1758366000,18954.0,18964.0,18954.0,18956.0,0.2622
1758369600,18958.0,18958.0,18951.0,18951.0,0.7917
1758373200,18951.0,18962.0,18943.0,18956.0,7.7238
1758376800,18956.0,19000.0,18951.0,19000.0,9.3816
1758380400,19000.0,19070.0,19000.0,19047.0,3.8983
1758384000,19051.0,19086.0,19026.0,19062.0,5.9032
1758387600,19062.0,19062.0,18974.0,19016.0,4.5592
1758391200,19016.0,19016.0,19000.0,19000.0,0.9974
1758394800,19000.0,19000.0,18983.0,18997.0,0.9192
1758398400,19001.0,19030.0,19001.0,19022.0,0.1124
1758402000,19021.0,19078.0,19021.0,19044.0,2.5559
1758405600,19043.0,19044.0,19041.0,19043.0,0.048
1758409200,19043.0,19043.0,19000.0,19001.0,1.1604
1758412800,19000.0,19000.0,18979.0,18987.0,2.881
1758416400,18992.0,18992.0,18988.0,18990.0,0.4958
1758420000,18990.0,18990.0,18924.0,18969.0,2.517
1758423600,18965.0,18965.0,18942.0,18953.0,2.1109
1758427200,18953.0,18953.0,18933.0,18935.0,9.4327
1758430800,18937.0,18945.0,18928.0,18944.0,1.6815
1758434400,18944.0,19000.0,18944.0,18975.0,4.849
1758438000,18971.0,18972.0,18958.0,18958.0,0.6895
1758441600,18958.0,18958.0,18950.0,18951.0,1.1908
1758445200,18950.0,18951.0,18853.0,18917.0,13.8261
1758448800,18916.0,18928.0,18901.0,18901.0,3.7267
1758452400,18900.0,18900.0,18878.0,18883.0,1.991
1758456000,18883.0,18894.0,18883.0,18893.0,1.3649
1758459600,18892.0,18910.0,18892.0,18910.0,1.5544
1758463200,18910.0,18920.0,18909.0,18918.0,0.9421
1758466800,18914.0,18950.0,18914.0,18950.0,6.0858
1758470400,18950.0,18950.0,18897.0,18925.0,4.8351
1758474000,18928.0,18971.0,18914.0,18971.0,3.3404
1758477600,18971.0,18992.0,18965.0,18988.0,0.7146
1758481200,18988.0,18988.0,18948.0,18973.0,1.1045
1758484800,18982.0,18983.0,18937.0,18937.0,0.2003
1758488400,18917.0,18921.0,18899.0,18906.0,0.1105
1758492000,18914.0,18927.0,18863.0,18909.0,2.0229
1758495600,18903.0,18903.0,18850.0,18851.0,4.3492
1758499200,18850.0,18855.0,18351.0,18382.0,54.087
1758502800,18374.0,18435.0,18358.0,18381.0,36.1892
1758506400,18381.0,18400.0,18177.0,18203.0,66.3293
1758510000,18202.0,18261.0,18202.0,18261.0,15.1741
1758513600,18261.0,18277.0,18208.0,18210.0,7.9119
1758517200,18213.0,18225.0,18100.0,18100.0,40.0594
1758520800,18100.0,18100.0,17655.0,17825.0,175.319
1758524400,17825.0,17931.0,17800.0,17851.0,42.25
1758528000,17850.0,17881.0,17814.0,17855.0,15.5291
1758531600,17854.0,17854.0,17655.0,17656.0,27.3684
1758535200,17655.0,17808.0,17654.0,17798.0,20.5297
1758538800,17802.0,17820.0,17782.0,17796.0,7.734
1758542400,17795.0,17848.0,17780.0,17847.0,14.2199
1758546000,17847.0,17921.0,17795.0,17866.0,20.9233
1758549600,17889.0,17956.0,17850.0,17850.0,22.5378
1758553200,17850.0,17850.0,17780.0,17789.0,11.9935
1758556800,17793.0,17812.0,17780.0,17782.0,11.4999
1758560400,17780.0,17791.0,17728.0,17747.0,7.706
1758564000,17738.0,17799.0,17717.0,17717.0,1.5682
1758567600,17715.0,17747.0,17632.0,17633.0,18.9186
1758571200,17633.0,17831.0,17633.0,17830.0,5.0111
1758574800,17832.0,17870.0,17832.0,17870.0,1.9277
1758578400,17870.0,17896.0,17869.0,17871.0,0.9634
1758582000,17871.0,17937.0,17871.0,17902.0,3.0771
1758585600,17899.0,17944.0,17869.0,17870.0,7.7352
1758589200,17869.0,17870.0,17675.0,17676.0,10.2775
1758592800,17675.0,17706.0,17600.0,17601.0,16.0295
1758596400,17600.0,17700.0,17500.0,17681.0,56.982
1758600000,17692.0,17700.0,17550.0,17634.0,11.3224
1758603600,17637.0,17692.0,17603.0,17660.0,5.3931
1758607200,17657.0,17752.0,17657.0,17751.0,5.8766
1758610800,17752.0,17771.0,17736.0,17767.0,2.5196
1758614400,17779.0,17898.0,17751.0,17781.0,20.0541
1758618000,17781.0,17833.0,17727.0,17728.0,6.9116
1758621600,17728.0,17735.0,17727.0,17735.0,4.2068
1758625200,17735.0,17735.0,17712.0,17713.0,3.3482
1758628800,17712.0,17759.0,17701.0,17727.0,3.8314
1758632400,17727.0,17781.0,17710.0,17710.0,5.3332
1758636000,17711.0,17773.0,17650.0,17662.0,11.8645
1758639600,17661.0,17755.0,17660.0,17698.0,6.8888
1758643200,17696.0,17767.0,17650.0,17735.0,4.0868
1758646800,17705.0,17705.0,17554.0,17574.0,6.9741
1758650400,17574.0,17605.0,17565.0,17570.0,1.7801
1758654000,17639.0,17663.0,17591.0,17591.0,1.0114
1758657600,17602.0,17684.0,17567.0,17684.0,1.3137
1758661200,17683.0,17734.0,17667.0,17734.0,0.5039
1758664800,17720.0,17742.0,17691.0,17731.0,1.0345
1758668400,17707.0,17734.0,17656.0,17664.0,2.222
1758672000,17664.0,17710.0,17523.0,17663.0,47.6752
1758675600,17655.0,17722.0,17631.0,17710.0,3.3878
1758679200,17710.0,17710.0,17600.0,17646.0,8.7613
1758682800,17632.0,17635.0,17551.0,17579.0,15.0958
1758686400,17568.0,17577.0,17414.0,17518.0,58.6087
1758690000,17512.0,17626.0,17512.0,17623.0,9.5103
1758693600,17627.0,17661.0,17603.0,17656.0,6.3994
1758697200,17661.0,17666.0,17603.0,17622.0,3.4521
1758700800,17622.0,17637.0,17622.0,17632.0,0.7769
1758704400,17631.0,17665.0,17617.0,17655.0,4.1485
1758708000,17656.0,17659.0,17610.0,17626.0,2.5779
1758711600,17628.0,17720.0,17628.0,17648.0,5.3795
1758715200,17657.0,17675.0,17635.0,17655.0,3.9899
1758718800,17656.0,17670.0,17555.0,17556.0,6.011
1758722400,17556.0,17767.0,17556.0,17721.0,10.9645
1758726000,17721.0,17735.0,17619.0,17619.0,6.2195
1758729600,17601.0,17630.0,17561.0,17612.0,2.341
1758733200,17612.0,17670.0,17612.0,17651.0,1.1352
1758736800,17651.0,17651.0,17602.0,17624.0,5.0969
1758740400,17603.0,17603.0,17600.0,17601.0,3.0034
1758744000,17600.0,17601.0,17555.0,17586.0,1.6362
1758747600,17586.0,17597.0,17491.0,17491.0,17.2078
1758751200,17512.0,17564.0,17502.0,17539.0,4.718
1758754800,17549.0,17555.0,17526.0,17527.0,11.0243
1758758400,17527.0,17548.0,17421.0,17423.0,11.4949
1758762000,17422.0,17436.0,17283.0,17319.0,22.3277
1758765600,17344.0,17450.0,17215.0,17325.0,9.3235
1758769200,17326.0,17326.0,17000.0,17170.0,38.7416
1758772800,17173.0,17191.0,16867.0,16942.0,68.1679
1758776400,16925.0,17067.0,16900.0,17021.0,50.6992
1758780000,17020.0,17020.0,16907.0,16907.0,17.2476
1758783600,16907.0,16997.0,16900.0,16970.0,20.3128
1758787200,16970.0,17040.0,16960.0,16979.0,8.3189
1758790800,16980.0,17100.0,16977.0,17060.0,24.7426
1758794400,17061.0,17066.0,16991.0,16991.0,15.0666
1758798000,17005.0,17016.0,16900.0,16957.0,21.6445
1758801600,16954.0,17006.0,16702.0,16847.0,68.291
1758805200,16849.0,16947.0,16750.0,16800.0,31.6366
1758808800,16825.0,17024.0,16825.0,17013.0,14.2363
1758812400,17016.0,17016.0,16897.0,16947.0,15.4439
1758816000,16948.0,16950.0,16701.0,16701.0,26.0741
1758819600,16708.0,16708.0,16350.0,16351.0,47.1222
1758823200,16351.0,17000.0,16301.0,16699.0,43.1361
1758826800,16711.0,16777.0,16676.0,16689.0,2.3178
1758830400,16657.0,16678.0,16540.0,16588.0,3.4374
1758834000,16558.0,16702.0,16558.0,16674.0,6.6925
1758837600,16680.0,16797.0,16589.0,16624.0,6.9567
1758841200,16633.0,16682.0,16462.0,16505.0,25.7915
1758844800,16538.0,16736.0,16481.0,16735.0,27.7728
1758848400,16718.0,16827.0,16683.0,16802.0,13.3499
1758852000,16814.0,16887.0,16792.0,16834.0,21.5894
1758855600,16837.0,16870.0,16822.0,16855.0,9.5602
1758859200,16854.0,16887.0,16777.0,16787.0,3.9664
1758862800,16787.0,16857.0,16700.0,16701.0,4.845
1758866400,16700.0,16755.0,16646.0,16646.0,22.5069
1758870000,16671.0,16733.0,16611.0,16722.0,4.4074
1758873600,16717.0,16756.0,16695.0,16713.0,8.9148
1758877200,16713.0,16741.0,16577.0,16631.0,17.2263
1758880800,16635.0,16635.0,16501.0,16547.0,7.1002
1758884400,16551.0,16657.0,16506.0,16626.0,7.771
1758888000,16627.0,16828.0,16530.0,16766.0,20.089
1758891600,16757.0,16930.0,16657.0,16909.0,10.6156
1758895200,16917.0,16917.0,16731.0,16737.0,17.2236
1758898800,16746.0,16929.0,16746.0,16805.0,15.698
1758902400,16802.0,16986.0,16801.0,16976.0,11.6731
1758906000,16969.0,17230.0,16969.0,17230.0,22.1442
1758909600,17231.0,17306.0,17193.0,17222.0,16.9272
1758913200,17222.0,17222.0,17081.0,17145.0,2.6198
1758916800,17111.0,17163.0,17080.0,17086.0,0.6005
1758920400,17083.0,17116.0,17080.0,17093.0,6.6001
1758924000,17097.0,17179.0,17096.0,17160.0,5.6713
1758927600,17143.0,17191.0,17097.0,17185.0,9.8148
1758931200,17185.0,17190.0,17160.0,17172.0,3.6639
1758934800,17173.0,17184.0,17108.0,17164.0,11.4514
1758938400,17162.0,17181.0,17142.0,17154.0,6.0732
1758942000,17150.0,17213.0,17118.0,17181.0,2.3222
1758945600,17182.0,17204.0,17161.0,17165.0,18.5841
1758949200,17181.0,17184.0,17155.0,17177.0,43.9139
1758952800,17178.0,17178.0,17155.0,17162.0,6.3218
1758956400,17162.0,17165.0,17118.0,17118.0,3.6168
1758960000,17117.0,17117.0,17004.0,17007.0,9.1708
1758963600,17037.0,17048.0,17000.0,17041.0,4.5475
1758967200,17036.0,17120.0,17021.0,17090.0,2.903
1758970800,17083.0,17091.0,17047.0,17047.0,0.8787
1758974400,17053.0,17177.0,17025.0,17176.0,3.9832
1758978000,17172.0,17172.0,17119.0,17151.0,0.7187
1758981600,17149.0,17167.0,17117.0,17137.0,2.4594
1758985200,17126.0,17165.0,17101.0,17165.0,1.1433
1758988800,17150.0,17150.0,17102.0,17110.0,0.6858
1758992400,17101.0,17101.0,17014.0,17087.0,2.9679
1758996000,17075.0,17075.0,17050.0,17050.0,0.0481
1758999600,17055.0,17063.0,17052.0,17058.0,0.806
1759003200,17071.0,17071.0,17071.0,17071.0,0.0184
1759006800,17087.0,17121.0,17087.0,17121.0,0.5427
1759010400,17111.0,17167.0,17108.0,17121.0,1.1041
1759014000,17112.0,17126.0,17110.0,17118.0,0.2037
1759017600,17111.0,17162.0,17101.0,17119.0,1.1251
1759021200,17111.0,17111.0,17054.0,17056.0,1.7562
1759024800,17055.0,17104.0,17054.0,17067.0,5.6883
1759028400,17082.0,17096.0,17053.0,17070.0,4.1896
1759032000,17076.0,17081.0,17059.0,17081.0,0.3306
1759035600,17081.0,17130.0,17081.0,17112.0,1.7805
1759039200,17118.0,17118.0,17072.0,17103.0,2.0
1759042800,17104.0,17130.0,17104.0,17130.0,0.5946
1759046400,17130.0,17130.0,17081.0,17098.0,5.4704
1759050000,17081.0,17083.0,17051.0,17068.0,0.8848
1759053600,17063.0,17068.0,17036.0,17062.0,3.1106
1759057200,17060.0,17061.0,17024.0,17030.0,16.977
1759060800,17047.0,17047.0,16995.0,16997.0,23.2744
1759064400,16998.0,17130.0,16996.0,17122.0,5.9893
1759068000,17124.0,17150.0,17105.0,17150.0,2.606
1759071600,17145.0,17152.0,17128.0,17132.0,4.7244
1759075200,17137.0,17228.0,17137.0,17166.0,5.9391
1759078800,17172.0,17228.0,17160.0,17227.0,5.488
1759082400,17199.0,17200.0,17184.0,17189.0,0.224
1759086000,17200.0,17200.0,17177.0,17180.0,3.0742
1759089600,17186.0,17278.0,17186.0,17244.0,3.2019
1759093200,17247.0,17267.0,17201.0,17201.0,0.4527
1759096800,17243.0,17576.0,17243.0,17559.0,11.4295
1759100400,17575.0,17588.0,17533.0,17581.0,5.6116
1759104000,17580.0,17581.0,17521.0,17530.0,5.902
1759107600,17520.0,17530.0,17464.0,17464.0,5.263
1759111200,17464.0,17464.0,17406.0,17407.0,2.779
1759114800,17402.0,17412.0,17388.0,17400.0,5.9078
1759118400,17413.0,17435.0,17413.0,17420.0,5.2607
1759122000,17420.0,17420.0,17380.0,17399.0,5.9062
1759125600,17398.0,17398.0,17351.0,17354.0,8.0805
1759129200,17354.0,17401.0,17342.0,17400.0,3.4042
1759132800,17410.0,17475.0,17402.0,17457.0,3.468
1759136400,17444.0,17488.0,17432.0,17486.0,7.9862
1759140000,17486.0,17499.0,17451.0,17451.0,4.0449
1759143600,17427.0,17427.0,17350.0,17380.0,2.9494
1759147200,17366.0,17419.0,17350.0,17360.0,7.5016
1759150800,17363.0,17699.0,17322.0,17659.0,25.8006
1759154400,17653.0,17751.0,17632.0,17712.0,35.7412
1759158000,17700.0,17722.0,17580.0,17607.0,8.9131
1759161600,17607.0,17618.0,17530.0,17530.0,4.6755
1759165200,17530.0,17552.0,17471.0,17552.0,3.9157
1759168800,17559.0,17583.0,17528.0,17583.0,2.537
1759172400,17597.0,17669.0,17597.0,17669.0,8.3235
1759176000,17669.0,17841.0,17669.0,17831.0,6.3886
1759179600,17833.0,17841.0,17802.0,17827.0,1.1173
1759183200,17826.0,17839.0,17795.0,17839.0,0.6545
1759186800,17825.0,17836.0,17800.0,17801.0,2.8506
1759190400,17801.0,17868.0,17723.0,17774.0,5.2185
1759194000,17774.0,17800.0,17635.0,17729.0,13.6793
1759197600,17745.0,17747.0,17732.0,17735.0,9.3694
1759201200,17733.0,17747.0,17722.0,17729.0,17.563
1759204800,17728.0,17730.0,17705.0,17705.0,1.7257
1759208400,17702.0,17702.0,17630.0,17657.0,8.8763
1759212000,17657.0,17699.0,17656.0,17681.0,51.5232
1759215600,17681.0,17694.0,17615.0,17642.0,8.5318
1759219200,17647.0,17647.0,17614.0,17622.0,2.1013
1759222800,17621.0,17621.0,17517.0,17517.0,10.2708
1759226400,17501.0,17604.0,17494.0,17593.0,7.4916
1759230000,17594.0,17632.0,17575.0,17632.0,5.9454
1759233600,17615.0,17642.0,17598.0,17598.0,2.1159
1759237200,17601.0,17629.0,17550.0,17562.0,8.7757
1759240800,17584.0,17584.0,17450.0,17543.0,7.3057
1759244400,17544.0,17544.0,17387.0,17439.0,7.8607
1759248000,17446.0,17450.0,17362.0,17363.0,4.2467
1759251600,17366.0,17409.0,17360.0,17372.0,2.8112
1759255200,17363.0,17420.0,17361.0,17400.0,2.1366
1759258800,17400.0,17594.0,17391.0,17557.0,8.8475
1759262400,17582.0,17675.0,17541.0,17675.0,2.827
1759266000,17689.0,17698.0,17550.0,17550.0,3.113
1759269600,17530.0,17582.0,17472.0,17472.0,0.8072
1759273200,17471.0,17471.0,17400.0,17469.0,6.7018
1759276800,17470.0,17488.0,17450.0,17488.0,9.1142
1759280400,17486.0,17586.0,17481.0,17575.0,4.6273
1759284000,17567.0,17567.0,17502.0,17502.0,3.8641
1759287600,17500.0,17500.0,17420.0,17421.0,9.09
1759291200,17421.0,17493.0,17421.0,17445.0,2.3181
1759294800,17446.0,17483.0,17446.0,17481.0,4.3245
1759298400,17480.0,17480.0,17400.0,17401.0,8.3874
1759302000,17401.0,17460.0,17401.0,17460.0,4.3306
1759305600,17447.0,18114.0,17447.0,18025.0,84.2396
1759309200,18025.0,18122.0,17985.0,18114.0,29.6263
1759312800,18112.0,18112.0,18010.0,18011.0,5.0277
1759316400,18011.0,18072.0,18011.0,18045.0,8.7741
1759320000,18044.0,18093.0,17981.0,17981.0,15.5602
1759323600,17981.0,18039.0,17980.0,18031.0,23.3623
1759327200,18033.0,18198.0,18033.0,18153.0,49.1125
1759330800,18155.0,18230.0,18125.0,18186.0,14.5693
1759334400,18185.0,18200.0,18152.0,18152.0,4.2292
1759338000,18167.0,18169.0,18050.0,18050.0,4.456
1759341600,18050.0,18100.0,18033.0,18099.0,2.4099
1759345200,18099.0,18166.0,18098.0,18165.0,2.727
1759348800,18153.0,18153.0,18120.0,18121.0,3.2451
1759352400,18136.0,18136.0,18011.0,18046.0,4.8139
1759356000,18072.0,18137.0,18070.0,18075.0,3.1854
1759359600,18076.0,18193.0,18076.0,18193.0,8.7253
1759363200,18192.0,18277.0,18150.0,18150.0,21.1542
1759366800,18150.0,18361.0,18150.0,18361.0,11.1558
1759370400,18350.0,18375.0,18291.0,18348.0,18.5848
1759374000,18348.0,18372.0,18347.0,18347.0,12.8067
1759377600,18340.0,18450.0,18308.0,18351.0,17.8903
1759381200,18350.0,18429.0,18350.0,18393.0,4.1642
1759384800,18394.0,18520.0,18390.0,18459.0,28.41
1759388400,18460.0,18464.0,18380.0,18380.0,7.8266
1759392000,18381.0,18429.0,18377.0,18427.0,9.3535
1759395600,18427.0,18433.0,18393.0,18425.0,10.8461
1759399200,18425.0,18431.0,18387.0,18407.0,8.527
1759402800,18406.0,18410.0,18390.0,18390.0,12.6627
1759406400,18390.0,18471.0,18390.0,18471.0,6.2869
1759410000,18478.0,18491.0,18401.0,18490.0,12.6324
1759413600,18491.0,18491.0,18312.0,18330.0,5.5367
1759417200,18304.0,18520.0,18212.0,18520.0,11.8524
1759420800,18526.0,18841.0,18526.0,18588.0,63.4634
1759424400,18595.0,18653.0,18569.0,18604.0,9.6357
1759428000,18625.0,18657.0,18625.0,18648.0,1.2233
1759431600,18649.0,18729.0,18649.0,18679.0,15.6588
1759435200,18678.0,18678.0,18609.0,18662.0,5.2859
1759438800,18678.0,18698.0,18629.0,18629.0,11.4853
1759442400,18677.0,18686.0,18637.0,18651.0,4.6533
1759446000,18651.0,18707.0,18651.0,18706.0,6.1489
1759449600,18707.0,18707.0,18674.0,18695.0,5.9672
1759453200,18695.0,18725.0,18663.0,18714.0,12.0911
1759456800,18714.0,18888.0,18713.0,18887.0,24.2316
1759460400,18887.0,19050.0,18864.0,18880.0,58.0443
1759464000,18886.0,18903.0,18868.0,18875.0,3.8485
1759467600,18869.0,18879.0,18799.0,18799.0,3.488
1759471200,18799.0,18821.0,18757.0,18768.0,7.6204
1759474800,18767.0,18778.0,18704.0,18726.0,8.6945
1759478400,18723.0,18726.0,18643.0,18718.0,14.8675
1759482000,18717.0,18771.0,18717.0,18761.0,3.2358
1759485600,18750.0,18819.0,18749.0,18816.0,4.9952
1759489200,18816.0,18817.0,18779.0,18815.0,5.1858
1759492800,18814.0,18820.0,18761.0,18806.0,8.4612
1759496400,18805.0,18856.0,18743.0,18774.0,5.9081
1759500000,18774.0,18774.0,18675.0,18769.0,11.1391
1759503600,18769.0,18864.0,18706.0,18864.0,5.2056
1759507200,18897.0,18900.0,18800.0,18800.0,9.8679
1759510800,18800.0,18800.0,18580.0,18632.0,14.8742
1759514400,18580.0,18721.0,18558.0,18707.0,5.6803
1759518000,18707.0,18831.0,18707.0,18775.0,1.3943
1759521600,18772.0,18864.0,18697.0,18857.0,4.1031
1759525200,18868.0,18881.0,18831.0,18868.0,2.2058
1759528800,18869.0,18898.0,18869.0,18886.0,0.7368
1759532400,18885.0,18885.0,18829.0,18830.0,5.7998
1759536000,18830.0,18830.0,18777.0,18778.0,2.2673
1759539600,18778.0,18778.0,18695.0,18700.0,3.9705
1759543200,18700.0,18757.0,18677.0,18756.0,9.7934
1759546800,18757.0,18762.0,18720.0,18762.0,2.0404
1759550400,18762.0,18783.0,18743.0,18765.0,2.5249
1759554000,18770.0,18800.0,18769.0,18790.0,2.114
1759557600,18791.0,18849.0,18791.0,18812.0,23.4825
1759561200,18830.0,18830.0,18810.0,18814.0,8.0302
1759564800,18813.0,18813.0,18760.0,18765.0,2.5026
1759568400,18767.0,18807.0,18761.0,18766.0,6.3403
1759572000,18766.0,18815.0,18766.0,18799.0,5.0754
1759575600,18799.0,18809.0,18799.0,18799.0,1.1944
1759579200,18800.0,18800.0,18799.0,18799.0,2.1378
1759582800,18800.0,18850.0,18799.0,18843.0,9.6923
1759586400,18842.0,18856.0,18756.0,18756.0,6.7798
1759590000,18756.0,18756.0,18550.0,18623.0,15.604
1759593600,18649.0,18650.0,18587.0,18650.0,3.3543
1759597200,18649.0,18673.0,18605.0,18611.0,4.1871
1759600800,18619.0,18638.0,18600.0,18600.0,0.4744
1759604400,18597.0,18602.0,18597.0,18602.0,0.9898
1759608000,18602.0,18650.0,18602.0,18642.0,7.0479
1759611600,18649.0,18694.0,18649.0,18680.0,1.1799
1759615200,18682.0,18699.0,18673.0,18698.0,0.7552
1759618800,18699.0,18699.0,18692.0,18693.0,0.4608
1759622400,18694.0,18700.0,18653.0,18653.0,2.6253
1759626000,18666.0,18697.0,18666.0,18696.0,1.3567
1759629600,18696.0,18860.0,18687.0,18860.0,14.0341
1759633200,18860.0,18933.0,18845.0,18845.0,17.3804
1759636800,18853.0,19000.0,18824.0,18950.0,62.4023
1759640400,18956.0,18984.0,18868.0,18913.0,10.3817
1759644000,18914.0,18915.0,18871.0,18898.0,13.588
1759647600,18896.0,19050.0,18896.0,19044.0,6.5672
1759651200,19043.0,19055.0,18995.0,18998.0,8.0487
1759654800,18998.0,18998.0,18868.0,18914.0,9.9637
1759658400,18913.0,18913.0,18842.0,18891.0,9.0255
1759662000,18884.0,18969.0,18884.0,18969.0,2.6501
1759665600,18971.0,18977.0,18932.0,18945.0,5.069
1759669200,18949.0,18980.0,18943.0,18966.0,1.6638
1759672800,18966.0,19012.0,18964.0,18989.0,3.8164
1759676400,18983.0,18993.0,18956.0,18970.0,1.9785
1759680000,18970.0,18990.0,18860.0,18935.0,3.7576
1759683600,18960.0,18973.0,18800.0,18882.0,7.9205
1759687200,18884.0,18925.0,18850.0,18925.0,0.912
1759690800,18925.0,18925.0,18824.0,18824.0,0.942
1759694400,18801.0,18878.0,18779.0,18878.0,1.1816
1759698000,18860.0,18876.0,18841.0,18871.0,1.1508
1759701600,18877.0,18917.0,18871.0,18888.0,0.8975
1759705200,18899.0,18932.0,18899.0,18900.0,2.5927
1759708800,18900.0,18999.0,18777.0,18830.0,5.0695
1759712400,18779.0,18964.0,18779.0,18941.0,21.6229
1759716000,18940.0,19010.0,18902.0,19009.0,23.1208
1759719600,19010.0,19010.0,18977.0,18991.0,5.5198
1759723200,18995.0,19010.0,18953.0,18953.0,11.9961
1759726800,18954.0,18974.0,18901.0,18972.0,14.2087
1759730400,18977.0,19100.0,18977.0,19093.0,38.6274
1759734000,19094.0,19119.0,18979.0,18994.0,6.1599
1759737600,18999.0,19119.0,18999.0,19116.0,8.6295
1759741200,19117.0,19150.0,19115.0,19149.0,6.2651
1759744800,19150.0,19168.0,19132.0,19168.0,6.2152
1759748400,19168.0,19200.0,19167.0,19185.0,9.618
1759752000,19184.0,19200.0,19167.0,19175.0,8.5795
1759755600,19176.0,19289.0,19164.0,19289.0,67.4831
1759759200,19289.0,19439.0,19288.0,19337.0,77.8505
1759762800,19340.0,19490.0,19340.0,19441.0,19.0511
1759766400,19447.0,19471.0,19304.0,19428.0,31.8393
1759770000,19429.0,19520.0,19428.0,19517.0,46.9674
1759773600,19499.0,19520.0,19461.0,19520.0,4.0904
1759777200,19519.0,19600.0,19465.0,19599.0,17.0692
1759780800,19572.0,19600.0,19454.0,19476.0,15.1542
1759784400,19479.0,19493.0,19459.0,19459.0,8.3846
1759788000,19471.0,19535.0,19459.0,19509.0,5.5943
1759791600,19508.0,19533.0,19468.0,19483.0,10.5547
1759795200,19484.0,19537.0,19469.0,19500.0,14.4611
1759798800,19499.0,19588.0,19499.0,19585.0,42.8751
1759802400,19586.0,19649.0,19585.0,19634.0,27.8993
1759806000,19634.0,19685.0,19633.0,19666.0,13.9357
1759809600,19667.0,19728.0,19651.0,19727.0,14.4385
1759813200,19728.0,19766.0,19717.0,19735.0,14.7815
1759816800,19734.0,19743.0,19578.0,19591.0,39.287
1759820400,19590.0,19648.0,19590.0,19640.0,6.3191
1759824000,19641.0,19648.0,19531.0,19648.0,18.8364
1759827600,19646.0,19655.0,19645.0,19655.0,4.8218
1759831200,19654.0,19700.0,19654.0,19700.0,4.6271
1759834800,19699.0,19763.0,19699.0,19763.0,8.3502
1759838400,19763.0,19820.0,19753.0,19820.0,46.0812
1759842000,19820.0,19888.0,19600.0,19726.0,28.5508
1759845600,19750.0,19751.0,19270.0,19314.0,50.2933
1759849200,19313.0,19338.0,18810.0,18978.0,69.8211
1759852800,18979.0,19009.0,18810.0,18956.0,41.7165
1759856400,18955.0,18970.0,18856.0,18857.0,14.7128
1759860000,18870.0,18874.0,18802.0,18817.0,6.6269
1759863600,18816.0,18934.0,18816.0,18918.0,27.2847
1759867200,18880.0,19034.0,18880.0,19032.0,4.1964
1759870800,19012.0,19033.0,18936.0,18945.0,2.5206
1759874400,18945.0,18999.0,18945.0,18985.0,5.371
1759878000,18984.0,18984.0,18800.0,18803.0,14.2757
1759881600,18803.0,18929.0,18786.0,18924.0,11.6254
1759885200,18916.0,18979.0,18887.0,18977.0,9.6891
1759888800,18976.0,19030.0,18966.0,18966.0,13.3973
1759892400,18970.0,18970.0,18806.0,18831.0,12.7865
1759896000,18831.0,18890.0,18752.0,18861.0,18.2839
1759899600,18861.0,18872.0,18715.0,18767.0,9.6636
1759903200,18766.0,18848.0,18749.0,18823.0,9.2667
1759906800,18819.0,18840.0,18780.0,18837.0,7.7073
1759910400,18846.0,18970.0,18829.0,18888.0,22.0334
1759914000,18898.0,18947.0,18894.0,18936.0,23.8501
1759917600,18936.0,18960.0,18936.0,18960.0,9.1119
1759921200,18960.0,18980.0,18959.0,18960.0,7.4764
1759924800,18960.0,18987.0,18900.0,18900.0,3.0577
1759928400,18926.0,18944.0,18800.0,18898.0,5.8547
1759932000,18911.0,19098.0,18750.0,18767.0,20.8616
1759935600,18761.0,18840.0,18738.0,18743.0,4.7335
1759939200,18741.0,18926.0,18721.0,18926.0,14.7218
1759942800,18926.0,19151.0,18922.0,19079.0,16.8637
1759946400,19068.0,19076.0,18941.0,19038.0,15.262
1759950000,19022.0,19022.0,18950.0,18984.0,4.6444
1759953600,18984.0,19005.0,18950.0,18950.0,1.9846
1759957200,18959.0,19024.0,18958.0,19013.0,1.0827
1759960800,19013.0,19058.0,19013.0,19018.0,6.5993
1759964400,19022.0,19073.0,19000.0,19040.0,3.9628
1759968000,19039.0,19051.0,19000.0,19000.0,4.2845
1759971600,19001.0,19001.0,18812.0,18853.0,6.7707
1759975200,18864.0,18864.0,18636.0,18636.0,20.9275
1759978800,18635.0,18773.0,18635.0,18773.0,7.611
1759982400,18773.0,18805.0,18761.0,18780.0,5.5743
1759986000,18781.0,18796.0,18771.0,18772.0,4.0041
1759989600,18772.0,18772.0,18737.0,18737.0,5.399
1759993200,18736.0,18737.0,18681.0,18719.0,9.6732
1759996800,18716.0,18716.0,18333.0,18333.0,29.4827
1760000400,18334.0,18418.0,18334.0,18336.0,15.9074
1760004000,18336.0,18433.0,18334.0,18426.0,9.3808
1760007600,18424.0,18524.0,18424.0,18504.0,4.2382
1760011200,18500.0,18644.0,18499.0,18591.0,20.7927
1760014800,18586.0,18586.0,18414.0,18414.0,9.1413
1760018400,18412.0,18412.0,18231.0,18356.0,27.5852
1760022000,18400.0,18400.0,18200.0,18262.0,16.0659
1760025600,18261.0,18262.0,18130.0,18132.0,16.7598
1760029200,18132.0,18299.0,18130.0,18299.0,7.2866
1760032800,18355.0,18355.0,18265.0,18266.0,5.1315
1760036400,18266.0,18356.0,18266.0,18327.0,8.8775
1760040000,18373.0,18382.0,18327.0,18364.0,1.4347
1760043600,18370.0,18445.0,18370.0,18445.0,2.2004
1760047200,18445.0,18521.0,18445.0,18510.0,5.414
1760050800,18502.0,18502.0,18347.0,18459.0,9.2826
1760054400,18459.0,18519.0,18453.0,18500.0,4.7265
1760058000,18505.0,18543.0,18464.0,18468.0,10.1214
1760061600,18467.0,18468.0,18380.0,18383.0,7.4894
1760065200,18387.0,18480.0,18336.0,18336.0,3.0758
1760068800,18337.0,18368.0,18302.0,18316.0,2.0017
1760072400,18300.0,18415.0,18266.0,18407.0,4.6627
1760076000,18439.0,18464.0,18266.0,18272.0,3.3536
1760079600,18265.0,18309.0,18265.0,18279.0,4.0822
1760083200,18298.0,18362.0,18278.0,18361.0,19.9432
1760086800,18347.0,18384.0,18293.0,18294.0,20.3363
1760090400,18294.0,18367.0,18294.0,18358.0,7.5675
1760094000,18322.0,18351.0,18297.0,18351.0,2.502
1760097600,18350.0,18375.0,18315.0,18355.0,21.3456
1760101200,18364.0,18510.0,18357.0,18362.0,13.528
1760104800,18406.0,18469.0,18150.0,18150.0,32.7129
1760108400,18150.0,18151.0,17400.0,17449.0,159.1007
1760112000,17436.0,17623.0,17413.0,17550.0,37.4457
1760115600,17550.0,17585.0,17480.0,17519.0,25.9452
1760119200,17502.0,17541.0,17363.0,17363.0,21.4621
1760122800,17365.0,17381.0,17050.0,17220.0,23.7922
1760126400,17184.0,17345.0,16846.0,16999.0,37.9407
1760130000,16845.0,18200.0,16500.0,17499.0,61.9908
1760133600,17499.0,17999.0,16800.0,17401.0,74.0346
1760137200,17399.0,17872.0,16800.0,17582.0,59.4342
1760140800,17584.0,17850.0,16600.0,16780.0,170.4073
1760144400,16780.0,16781.0,16500.0,16528.0,128.1857
1760148000,16529.0,16975.0,16500.0,16975.0,81.1551
1760151600,16830.0,16996.0,16500.0,16768.0,65.183
1760155200,16767.0,16837.0,16520.0,16796.0,54.2101
1760158800,16798.0,16799.0,16451.0,16707.0,47.453
1760162400,16667.0,16738.0,16500.0,16500.0,60.6894
1760166000,16513.0,16625.0,16300.0,16401.0,45.3545
1760169600,16401.0,16730.0,16350.0,16671.0,41.5882
1760173200,16669.0,16816.0,16600.0,16758.0,28.2253
1760176800,16758.0,16861.0,16753.0,16800.0,8.7245
1760180400,16800.0,16851.0,16749.0,16805.0,21.4857
1760184000,16806.0,16859.0,16750.0,16781.0,31.2685
1760187600,16781.0,16800.0,16550.0,16800.0,38.7666
1760191200,16799.0,16800.0,16728.0,16759.0,21.0174
1760194800,16760.0,16917.0,16760.0,16830.0,19.8299
1760198400,16823.0,16909.0,16811.0,16815.0,9.5326
1760202000,16815.0,16880.0,16813.0,16814.0,5.0727
1760205600,16815.0,16815.0,16810.0,16814.0,4.995
1760209200,16814.0,16815.0,16622.0,16674.0,12.4259
1760212800,16661.0,16666.0,16500.0,16500.0,23.2337
1760216400,16501.0,16615.0,16400.0,16481.0,76.2982
1760220000,16481.0,16500.0,16400.0,16500.0,80.3983
1760223600,16500.0,16500.0,16405.0,16479.0,34.8528
1760227200,16479.0,16500.0,16000.0,16203.0,112.5163
1760230800,16242.0,16376.0,16196.0,16371.0,12.1061
1760234400,16370.0,16488.0,16370.0,16467.0,21.8385
1760238000,16487.0,16773.0,16483.0,16703.0,32.0226
1760241600,16703.0,16800.0,16665.0,16799.0,33.6876
1760245200,16799.0,16849.0,16799.0,16833.0,8.4617
1760248800,16833.0,16900.0,16833.0,16899.0,8.5437
1760252400,16900.0,16990.0,16900.0,16948.0,20.072
1760256000,16946.0,16982.0,16834.0,16889.0,34.3877
1760259600,16872.0,16878.0,16779.0,16800.0,55.1649
1760263200,16828.0,16874.0,16750.0,16751.0,11.0829
1760266800,16750.0,16750.0,16623.0,16624.0,25.2154
1760270400,16609.0,16741.0,16602.0,16633.0,11.1257
1760274000,16674.0,16687.0,16580.0,16600.0,13.2515
1760277600,16599.0,17479.0,16581.0,17205.0,43.8496
1760281200,17304.0,17718.0,17233.0,17533.0,79.8187
1760284800,17501.0,17965.0,17501.0,17753.0,32.7094
1760288400,17750.0,17998.0,17700.0,17702.0,35.9487
1760292000,17701.0,17742.0,17650.0,17660.0,42.6207
1760295600,17659.0,18130.0,17659.0,17750.0,72.3589
1760299200,17750.0,17962.0,17750.0,17801.0,10.8447
1760302800,17801.0,18001.0,17750.0,17800.0,81.9512
1760306400,17801.0,18129.0,17714.0,17714.0,75.4735
1760310000,17723.0,17878.0,17650.0,17833.0,16.1838
1760313600,17833.0,18260.0,17800.0,17800.0,47.5011
1760317200,17800.0,17948.0,17753.0,17948.0,72.244
1760320800,17948.0,17998.0,17800.0,17827.0,16.1766
1760324400,17818.0,17851.0,17774.0,17774.0,8.2144
1760328000,17778.0,17782.0,17666.0,17708.0,22.4346
1760331600,17747.0,17747.0,17585.0,17585.0,12.8291
1760335200,17655.0,17783.0,17647.0,17744.0,23.0746
1760338800,17745.0,17894.0,17741.0,17823.0,6.4949
1760342400,17813.0,17893.0,17781.0,17808.0,16.2169
1760346000,17785.0,17815.0,17620.0,17700.0,29.6843
1760349600,17702.0,17721.0,17682.0,17700.0,14.6385
1760353200,17702.0,17702.0,17339.0,17442.0,40.2103
1760356800,17432.0,17623.0,17388.0,17506.0,11.3932
1760360400,17549.0,17819.0,17514.0,17785.0,13.7825
1760364000,17801.0,17801.0,17479.0,17484.0,9.4801
1760367600,17515.0,17698.0,17506.0,17676.0,7.1035
1760371200,17684.0,17799.0,17653.0,17799.0,3.2377
1760374800,17782.0,18000.0,17751.0,18000.0,15.2508
1760378400,18000.0,18021.0,17908.0,17979.0,9.7912
1760382000,17990.0,18125.0,17990.0,18053.0,20.3111
1760385600,18074.0,18200.0,18074.0,18199.0,2.0188
1760389200,18200.0,18200.0,18084.0,18084.0,0.7155
1760392800,18089.0,18139.0,18083.0,18128.0,4.1262
1760396400,18128.0,18128.0,18019.0,18032.0,10.6936
1760400000,18030.0,18100.0,18012.0,18050.0,4.8512
1760403600,18050.0,18050.0,17950.0,17950.0,22.8537
1760407200,17952.0,17961.0,17786.0,17809.0,14.8772
1760410800,17785.0,17790.0,17628.0,17696.0,17.9785
1760414400,17697.0,17710.0,17500.0,17518.0,7.9266
1760418000,17519.0,17571.0,17259.0,17290.0,85.5136
1760421600,17287.0,17373.0,16904.0,17023.0,51.0582
1760425200,17023.0,17102.0,16900.0,16900.0,26.1041
1760428800,16909.0,17038.0,16840.0,16971.0,29.4697
1760432400,16971.0,17018.0,16923.0,16960.0,24.7287
1760436000,16953.0,16953.0,16600.0,16785.0,52.2976
1760439600,16789.0,16979.0,16789.0,16922.0,24.4761
1760443200,16930.0,16934.0,16800.0,16850.0,17.9323
1760446800,16817.0,16939.0,16659.0,16859.0,24.8092
1760450400,16880.0,17100.0,16831.0,16943.0,33.0922
1760454000,16952.0,17422.0,16871.0,17422.0,18.181
1760457600,17384.0,17694.0,17226.0,17459.0,45.8566
1760461200,17400.0,17601.0,17284.0,17490.0,9.8099
1760464800,17519.0,17600.0,17448.0,17523.0,20.8407
1760468400,17544.0,17610.0,17282.0,17494.0,7.1202
1760472000,17490.0,17530.0,17427.0,17530.0,0.536
1760475600,17510.0,17517.0,17479.0,17517.0,0.1519
1760479200,17541.0,17599.0,17477.0,17546.0,8.346
1760482800,17544.0,17629.0,17544.0,17563.0,4.8699
1760486400,17563.0,17563.0,17435.0,17511.0,18.799
1760490000,17507.0,17507.0,17343.0,17477.0,10.2423
1760493600,17478.0,17598.0,17445.0,17502.0,9.0045
1760497200,17501.0,17517.0,17305.0,17340.0,10.0599
1760500800,17334.0,17476.0,17317.0,17457.0,17.0408
1760504400,17472.0,17481.0,17369.0,17402.0,4.7124
1760508000,17411.0,17459.0,17322.0,17445.0,8.4268
1760511600,17461.0,17491.0,17423.0,17478.0,5.1837
1760515200,17478.0,17837.0,17478.0,17740.0,17.5885
1760518800,17732.0,17738.0,17601.0,17636.0,12.6138
1760522400,17628.0,17639.0,17484.0,17501.0,3.4304
1760526000,17501.0,17510.0,17400.0,17438.0,7.5277
1760529600,17430.0,17446.0,17371.0,17422.0,11.7635
1760533200,17406.0,17422.0,17144.0,17248.0,31.6008
1760536800,17266.0,17451.0,17051.0,17078.0,9.171
1760540400,17073.0,17113.0,16830.0,16941.0,26.125
1760544000,16943.0,17035.0,16914.0,16946.0,14.8722
1760547600,16945.0,17000.0,16790.0,17000.0,8.5941
1760551200,16992.0,17095.0,16955.0,17095.0,18.4577
1760554800,17040.0,17068.0,16986.0,16986.0,6.9853
1760558400,16976.0,17016.0,16817.0,16931.0,6.8651
1760562000,16890.0,16974.0,16789.0,16835.0,12.8671
1760565600,16835.0,16969.0,16835.0,16898.0,7.3966
1760569200,16892.0,17037.0,16890.0,17000.0,3.3214
1760572800,17000.0,17000.0,16941.0,16941.0,10.0796
1760576400,16941.0,17040.0,16941.0,17033.0,15.5668
1760580000,17100.0,17199.0,17010.0,17111.0,3.1181
1760583600,17142.0,17161.0,17100.0,17100.0,5.3861
1760587200,17101.0,17142.0,17024.0,17024.0,5.0788
1760590800,17022.0,17091.0,16978.0,16998.0,10.2784
1760594400,16997.0,17188.0,16997.0,17188.0,27.3259
1760598000,17187.0,17187.0,17004.0,17025.0,3.6926
1760601600,17030.0,17030.0,16970.0,16995.0,3.6266
1760605200,16994.0,17187.0,16810.0,17179.0,25.391
1760608800,17175.0,17300.0,17154.0,17243.0,6.2648
1760612400,17246.0,17280.0,17207.0,17280.0,8.7319
1760616000,17280.0,17346.0,17240.0,17284.0,9.4421
1760619600,17285.0,17320.0,17166.0,17167.0,12.5064
1760623200,17102.0,17317.0,17000.0,17164.0,8.6717
1760626800,17171.0,17171.0,16710.0,16734.0,47.9354
1760630400,16731.0,16938.0,16600.0,16938.0,41.518
1760634000,16982.0,16982.0,16812.0,16822.0,5.7773
1760637600,16812.0,16812.0,16679.0,16750.0,5.136
1760641200,16759.0,16759.0,16580.0,16672.0,11.2896
1760644800,16648.0,16661.0,16558.0,16600.0,3.4758
1760648400,16613.0,16774.0,16581.0,16774.0,4.9145
1760652000,16760.0,16771.0,16662.0,16662.0,15.0153
1760655600,16664.0,16710.0,16623.0,16659.0,17.2914
1760659200,16676.0,16772.0,16644.0,16736.0,2.6598
1760662800,16736.0,16838.0,16690.0,16691.0,7.3111
1760666400,16724.0,16757.0,16668.0,16681.0,13.112
1760670000,16681.0,16706.0,16681.0,16704.0,6.7672
1760673600,16707.0,16707.0,16659.0,16659.0,4.3095
1760677200,16659.0,16659.0,16610.0,16610.0,14.2835
1760680800,16610.0,16651.0,16241.0,16317.0,114.8728
1760684400,16318.0,16318.0,16005.0,16020.0,53.4098
1760688000,16021.0,16099.0,15912.0,15927.0,94.665
1760691600,15928.0,16050.0,15787.0,15918.0,249.5372
1760695200,15918.0,15969.0,15776.0,15961.0,37.8182
1760698800,15963.0,16307.0,15901.0,16176.0,39.013
1760702400,16177.0,16313.0,16176.0,16176.0,10.3752
1760706000,16181.0,16308.0,16059.0,16256.0,13.5573
1760709600,16239.0,16263.0,15972.0,16058.0,21.922
1760713200,16056.0,16255.0,16027.0,16254.0,9.1583
1760716800,16288.0,16418.0,16151.0,16219.0,18.2372
1760720400,16204.0,16348.0,16204.0,16341.0,7.2532
1760724000,16367.0,16479.0,16333.0,16397.0,14.1047
1760727600,16419.0,16456.0,16328.0,16389.0,4.5513
1760731200,16362.0,16505.0,16342.0,16479.0,7.4533
1760734800,16496.0,16579.0,16475.0,16579.0,1.4767
1760738400,16579.0,16592.0,16466.0,16511.0,3.8463
1760742000,16499.0,16500.0,16480.0,16480.0,6.1729
1760745600,16480.0,16480.0,16400.0,16464.0,6.7809
1760749200,16465.0,16611.0,16465.0,16575.0,11.9589
1760752800,16579.0,16639.0,16456.0,16468.0,12.2337
1760756400,16472.0,16572.0,16467.0,16526.0,5.0935
1760760000,16524.0,16544.0,16451.0,16451.0,4.9634
1760763600,16454.0,16562.0,16454.0,16562.0,1.3933
1760767200,16562.0,16596.0,16546.0,16590.0,3.0229
1760770800,16581.0,16777.0,16581.0,16682.0,16.2813
1760774400,16686.0,16727.0,16649.0,16649.0,18.692
1760778000,16650.0,16654.0,16602.0,16620.0,2.4678
1760781600,16622.0,16677.0,16588.0,16608.0,4.0573
1760785200,16616.0,16643.0,16591.0,16634.0,1.8001
1760788800,16635.0,16681.0,16615.0,16631.0,3.3461
1760792400,16623.0,16628.0,16564.0,16573.0,4.4354
1760796000,16580.0,16625.0,16550.0,16596.0,6.6521
1760799600,16609.0,16610.0,16553.0,16591.0,2.4691
1760803200,16590.0,16631.0,16526.0,16572.0,3.6957
1760806800,16558.0,16698.0,16558.0,16691.0,2.2573
1760810400,16692.0,16699.0,16640.0,16651.0,1.5126
1760814000,16659.0,16693.0,16636.0,16672.0,1.3387
1760817600,16672.0,16710.0,16639.0,16670.0,1.8167
1760821200,16605.0,16660.0,16573.0,16650.0,1.4569
1760824800,16645.0,16654.0,16619.0,16624.0,1.6219
1760828400,16619.0,16645.0,16595.0,16645.0,1.0057
1760832000,16647.0,16647.0,16533.0,16565.0,0.8886
1760835600,16555.0,16594.0,16531.0,16582.0,2.7714
1760839200,16594.0,16594.0,16547.0,16580.0,2.3448
1760842800,16582.0,16705.0,16568.0,16705.0,5.2839
1760846400,16705.0,16705.0,16679.0,16705.0,1.224
1760850000,16705.0,16750.0,16700.0,16701.0,4.9793
1760853600,16700.0,16710.0,16617.0,16624.0,5.1851
1760857200,16624.0,16658.0,16621.0,16654.0,2.1234
1760860800,16654.0,16862.0,16450.0,16566.0,18.7152
1760864400,16528.0,16826.0,16509.0,16774.0,5.011
1760868000,16768.0,16879.0,16661.0,16750.0,6.4283
1760871600,16800.0,16865.0,16751.0,16751.0,9.1826
1760875200,16752.0,16796.0,16708.0,16793.0,3.0213
1760878800,16784.0,17151.0,16736.0,17148.0,163.6184
1760882400,17149.0,17200.0,16997.0,17123.0,40.4905
1760886000,17120.0,17142.0,17071.0,17083.0,11.3637
1760889600,17084.0,17123.0,16969.0,17070.0,10.507
1760893200,17150.0,17236.0,17083.0,17088.0,12.2152
1760896800,17129.0,17161.0,17091.0,17147.0,2.2151
1760900400,17155.0,17199.0,17083.0,17100.0,4.5034
1760904000,17100.0,17151.0,17085.0,17151.0,3.4019
1760907600,17150.0,17156.0,17099.0,17132.0,8.3481
1760911200,17145.0,17238.0,17145.0,17238.0,10.9375
1760914800,17210.0,17210.0,17074.0,17094.0,5.2062
1760918400,17079.0,17079.0,16800.0,16902.0,13.9138
1760922000,16918.0,16999.0,16917.0,16973.0,2.9688
1760925600,16918.0,17021.0,16852.0,16982.0,6.8165
1760929200,16980.0,17242.0,16980.0,17242.0,15.5064
1760932800,17243.0,17300.0,17217.0,17300.0,9.3947
1760936400,17299.0,17345.0,17273.0,17316.0,29.6873
1760940000,17310.0,17395.0,17306.0,17372.0,13.8861
1760943600,17371.0,17371.0,17282.0,17282.0,9.7464
1760947200,17281.0,17310.0,17200.0,17241.0,16.4636
1760950800,17219.0,17252.0,17203.0,17240.0,8.1882
1760954400,17254.0,17273.0,17151.0,17164.0,11.4535
1760958000,17152.0,17253.0,17151.0,17229.0,5.7422
1760961600,17211.0,17240.0,17192.0,17231.0,1.5924
1760965200,17235.0,17250.0,17201.0,17230.0,12.2426
1760968800,17254.0,17254.0,17151.0,17240.0,3.1849
1760972400,17228.0,17272.0,17126.0,17126.0,8.2051
1760976000,17120.0,17120.0,16808.0,16905.0,15.3609
1760979600,16897.0,16957.0,16807.0,16906.0,7.1166
1760983200,16906.0,16989.0,16899.0,16989.0,1.6835
1760986800,16997.0,17048.0,16925.0,17015.0,3.806
1760990400,17016.0,17055.0,17016.0,17055.0,0.5668
1760994000,17090.0,17090.0,16971.0,16985.0,5.8419
1760997600,16984.0,17044.0,16984.0,17039.0,1.0923
1761001200,17043.0,17044.0,17001.0,17002.0,2.5088
1761004800,17001.0,17001.0,16951.0,16955.0,5.1566
1761008400,16950.0,16950.0,16808.0,16832.0,21.3624
1761012000,16821.0,16831.0,16730.0,16741.0,38.5247
1761015600,16741.0,16747.0,16700.0,16700.0,4.5138
1761019200,16700.0,16700.0,16358.0,16377.0,45.6719
1761022800,16394.0,16457.0,16353.0,16431.0,6.9851
1761026400,16431.0,16537.0,16430.0,16534.0,14.5082
1761030000,16528.0,16579.0,16503.0,16579.0,3.9656
1761033600,16569.0,16569.0,16452.0,16500.0,6.3346
1761037200,16499.0,16523.0,16462.0,16485.0,1.9014
1761040800,16485.0,16595.0,16470.0,16547.0,28.5747
1761044400,16542.0,16583.0,16502.0,16582.0,2.5512
1761048000,16579.0,16678.0,16541.0,16541.0,4.1641
1761051600,16544.0,16582.0,16435.0,16465.0,11.6191
1761055200,16475.0,17127.0,16469.0,17126.0,12.312
1761058800,17140.0,17347.0,17032.0,17322.0,28.5805
1761062400,17338.0,17428.0,16983.0,16983.0,34.0749
1761066000,17122.0,17129.0,16899.0,17059.0,7.3786
1761069600,17044.0,17050.0,16895.0,17011.0,3.1279
1761073200,17011.0,17051.0,16958.0,16958.0,2.5361
1761076800,16970.0,16970.0,16738.0,16785.0,0.7765
1761080400,16803.0,16815.0,16593.0,16733.0,7.1091
1761084000,16684.0,16732.0,16540.0,16566.0,4.169
1761087600,16547.0,16590.0,16421.0,16452.0,11.0921
1761091200,16458.0,16597.0,16301.0,16342.0,84.0947
1761094800,16342.0,16469.0,16342.0,16457.0,17.4193
1761098400,16462.0,16483.0,16456.0,16470.0,6.5936
1761102000,16470.0,16470.0,16401.0,16415.0,8.152
1761105600,16414.0,16506.0,16414.0,16502.0,2.5325
1761109200,16502.0,16502.0,16412.0,16465.0,10.4307
1761112800,16454.0,16492.0,16444.0,16450.0,26.579
1761116400,16424.0,16426.0,16360.0,16415.0,27.8669
1761120000,16425.0,16429.0,16400.0,16400.0,2.0942
1761123600,16401.0,16401.0,16321.0,16323.0,16.7179
1761127200,16323.0,16370.0,16300.0,16300.0,6.4025
1761130800,16295.0,16331.0,16120.0,16298.0,25.4201
1761134400,16298.0,16410.0,16285.0,16369.0,3.1813
1761138000,16369.0,16471.0,16301.0,16471.0,15.8452
1761141600,16458.0,16458.0,16120.0,16300.0,23.5973
1761145200,16362.0,16362.0,16151.0,16323.0,1.514
1761148800,16309.0,16390.0,16229.0,16297.0,2.2559
1761152400,16300.0,16300.0,16162.0,16184.0,2.1923
1761156000,16217.0,16241.0,16162.0,16162.0,2.9887
1761159600,16183.0,16271.0,16129.0,16129.0,2.4712
1761163200,16150.0,16162.0,16070.0,16100.0,3.8811
1761166800,16070.0,16070.0,15850.0,15921.0,42.2677
1761170400,15950.0,16011.0,15919.0,15976.0,7.3809
1761174000,15990.0,16211.0,15990.0,16211.0,8.6442
1761177600,16206.0,16235.0,16166.0,16235.0,8.8308
1761181200,16233.0,16309.0,16233.0,16254.0,8.9011
1761184800,16253.0,16299.0,16251.0,16260.0,6.5551
1761188400,16276.0,16302.0,16275.0,16277.0,13.2039
1761192000,16282.0,16337.0,16259.0,16314.0,16.1906
1761195600,16311.0,16336.0,16310.0,16331.0,2.3325
1761199200,16350.0,16536.0,16349.0,16533.0,21.5177
1761202800,16516.0,16516.0,16478.0,16487.0,5.2219
1761206400,16498.0,16550.0,16497.0,16499.0,8.2911
1761210000,16499.0,16500.0,16478.0,16500.0,2.7732
1761213600,16517.0,16517.0,16457.0,16471.0,35.6446
1761217200,16471.0,16481.0,16402.0,16402.0,7.1308
1761220800,16402.0,16402.0,16311.0,16313.0,4.8686
1761224400,16313.0,16366.0,16300.0,16352.0,43.4858
1761228000,16352.0,16352.0,16200.0,16314.0,38.0715
1761231600,16324.0,16458.0,16311.0,16457.0,5.2763
1761235200,16439.0,16638.0,16417.0,16611.0,82.9443
1761238800,16595.0,16600.0,16465.0,16597.0,8.6752
1761242400,16597.0,16597.0,16381.0,16381.0,1.4346
1761246000,16325.0,16383.0,16325.0,16347.0,5.3126
1761249600,16350.0,16350.0,16206.0,16230.0,5.9934
1761253200,16239.0,16255.0,16219.0,16227.0,0.0763
1761256800,16251.0,16324.0,16250.0,16308.0,2.7361
1761260400,16308.0,16365.0,16307.0,16365.0,2.6659
1761264000,16356.0,16414.0,16346.0,16414.0,25.5726
1761267600,16406.0,16462.0,16388.0,16459.0,5.4953
1761271200,16469.0,16500.0,16468.0,16500.0,3.7079
1761274800,16515.0,16515.0,16501.0,16514.0,2.6766
1761278400,16505.0,16832.0,16505.0,16830.0,70.0113
1761282000,16831.0,16850.0,16773.0,16826.0,3.8726
1761285600,16825.0,16844.0,16780.0,16843.0,4.5524
1761289200,16842.0,16842.0,16649.0,16670.0,15.7368
1761292800,16696.0,16728.0,16633.0,16711.0,7.1497
1761296400,16713.0,16773.0,16713.0,16743.0,2.8865
1761300000,16744.0,16744.0,16710.0,16741.0,0.6492
1761303600,16741.0,16744.0,16659.0,16699.0,3.2805
1761307200,16700.0,16976.0,16700.0,16771.0,23.5593
1761310800,16771.0,16825.0,16640.0,16682.0,11.1355
1761314400,16691.0,16691.0,16500.0,16510.0,9.1006
1761318000,16512.0,16575.0,16000.0,16448.0,39.1067
1761321600,16426.0,16460.0,16376.0,16456.0,6.0767
1761325200,16466.0,16513.0,16418.0,16478.0,2.0123
1761328800,16422.0,16544.0,16422.0,16541.0,3.3084
1761332400,16575.0,16632.0,16575.0,16613.0,1.311
1761336000,16605.0,16650.0,16605.0,16646.0,1.1295
1761339600,16643.0,16663.0,16643.0,16663.0,4.3104
1761343200,16661.0,16670.0,16642.0,16642.0,0.313
1761346800,16650.0,16650.0,16616.0,16633.0,0.4688
1761350400,16650.0,16650.0,16581.0,16581.0,4.8183
1761354000,16588.0,16647.0,16582.0,16629.0,6.9953
1761357600,16648.0,16648.0,16621.0,16646.0,3.8425
1761361200,16649.0,16649.0,16627.0,16627.0,2.7447
1761364800,16614.0,16645.0,16612.0,16612.0,2.1086
1761368400,16612.0,16634.0,16611.0,16633.0,0.278
1761372000,16644.0,16652.0,16631.0,16649.0,8.3542
1761375600,16649.0,16700.0,16649.0,16650.0,8.5009
1761379200,16649.0,16715.0,16649.0,16715.0,0.6456
1761382800,16731.0,16740.0,16701.0,16702.0,1.7905
1761386400,16702.0,16705.0,16669.0,16698.0,2.1105
1761390000,16680.0,16693.0,16680.0,16690.0,0.445
1761393600,16681.0,16733.0,16681.0,16710.0,0.7789
1761397200,16718.0,16718.0,16672.0,16685.0,0.7325
1761400800,16691.0,16706.0,16672.0,16676.0,4.0199
1761404400,16668.0,16669.0,16651.0,16651.0,0.8995
1761408000,16652.0,16706.0,16652.0,16672.0,22.3343
1761411600,16672.0,16672.0,16672.0,16672.0,0.0
1761415200,16652.0,16768.0,16652.0,16751.0,0.7357
1761418800,16750.0,16750.0,16714.0,16723.0,7.1028
1761422400,16725.0,16732.0,16724.0,16724.0,0.7697
1761426000,16700.0,16700.0,16678.0,16678.0,0.0092
1761429600,16704.0,16757.0,16701.0,16757.0,0.6856
1761433200,16740.0,16750.0,16718.0,16718.0,1.4063
1761436800,16718.0,16750.0,16717.0,16736.0,7.2652
1761440400,16736.0,16736.0,16631.0,16647.0,5.4093
1761444000,16646.0,16672.0,16625.0,16644.0,3.8515
1761447600,16645.0,16658.0,16633.0,16649.0,6.3214
1761451200,16651.0,16689.0,16649.0,16689.0,6.5677
1761454800,16682.0,16689.0,16682.0,16688.0,6.6559
1761458400,16688.0,16694.0,16684.0,16686.0,1.3422
1761462000,16694.0,16726.0,16690.0,16721.0,0.891
1761465600,16725.0,16750.0,16723.0,16749.0,3.5492
1761469200,16750.0,16920.0,16747.0,16866.0,19.2634
1761472800,16872.0,16880.0,16750.0,16874.0,12.971
1761476400,16873.0,17104.0,16872.0,17104.0,23.6247
1761480000,17105.0,17220.0,17097.0,17219.0,10.3273
1761483600,17220.0,17380.0,17188.0,17273.0,57.3266
1761487200,17245.0,17270.0,17185.0,17188.0,10.2879
1761490800,17189.0,17225.0,17158.0,17212.0,5.5561
1761494400,17200.0,17200.0,17112.0,17163.0,5.2567
1761498000,17145.0,17182.0,17129.0,17157.0,1.0786
1761501600,17157.0,17215.0,17157.0,17210.0,1.1
1761505200,17199.0,17199.0,17186.0,17188.0,0.1244
1761508800,17183.0,17194.0,17172.0,17185.0,2.5319
1761512400,17181.0,17250.0,17181.0,17239.0,2.5105
1761516000,17250.0,17548.0,17250.0,17542.0,52.6219
1761519600,17542.0,17590.0,17501.0,17545.0,7.6111
1761523200,17544.0,17620.0,17500.0,17584.0,28.9557
1761526800,17583.0,17695.0,17576.0,17646.0,15.2298
1761530400,17646.0,17749.0,17645.0,17713.0,14.3895
1761534000,17712.0,17774.0,17710.0,17712.0,11.0106
1761537600,17712.0,17768.0,17687.0,17765.0,14.8486
1761541200,17755.0,17888.0,17754.0,17843.0,16.6504
1761544800,17833.0,17875.0,17800.0,17846.0,15.6983
1761548400,17845.0,17873.0,17706.0,17711.0,16.1529
1761552000,17714.0,17714.0,17555.0,17555.0,15.1682
1761555600,17585.0,17586.0,17514.0,17551.0,8.6407
1761559200,17551.0,17583.0,17550.0,17573.0,4.0419
1761562800,17575.0,17577.0,17466.0,17531.0,9.3285
1761566400,17547.0,17547.0,17453.0,17494.0,5.914
1761570000,17485.0,17651.0,17480.0,17625.0,4.5265
1761573600,17626.0,17626.0,17429.0,17519.0,16.545
1761577200,17525.0,17599.0,17525.0,17589.0,9.3027
1761580800,17592.0,17750.0,17592.0,17750.0,5.4816
1761584400,17749.0,17786.0,17715.0,17785.0,3.6459
1761588000,17785.0,17800.0,17753.0,17780.0,11.4783
1761591600,17781.0,17781.0,17664.0,17714.0,1.6844
1761595200,17670.0,17670.0,17468.0,17468.0,1.9165
1761598800,17475.0,17475.0,17349.0,17386.0,3.8765
1761602400,17386.0,17483.0,17381.0,17435.0,7.6038
1761606000,17435.0,17435.0,17352.0,17401.0,3.6383
1761609600,17400.0,17401.0,17300.0,17354.0,15.5601
1761613200,17358.0,17435.0,17330.0,17427.0,8.0378
1761616800,17426.0,17446.0,17231.0,17272.0,9.0623
1761620400,17252.0,17277.0,17201.0,17255.0,8.7671
1761624000,17243.0,17293.0,17241.0,17279.0,4.3328
1761627600,17279.0,17279.0,17167.0,17168.0,7.9238
1761631200,17167.0,17320.0,17166.0,17317.0,5.6266
1761634800,17320.0,17361.0,17320.0,17345.0,2.9844
1761638400,17345.0,17394.0,17317.0,17392.0,4.3931
1761642000,17393.0,17393.0,17260.0,17344.0,7.2928
1761645600,17343.0,17343.0,17300.0,17315.0,3.0878
1761649200,17309.0,17328.0,17309.0,17310.0,0.9057
1761652800,17310.0,17333.0,17186.0,17320.0,15.646
1761656400,17324.0,17461.0,17324.0,17438.0,28.2437
1761660000,17438.0,17450.0,17111.0,17272.0,17.557
1761663600,17287.0,17353.0,17180.0,17204.0,4.5128
1761667200,17204.0,17361.0,17204.0,17361.0,2.8997
1761670800,17361.0,17380.0,17340.0,17367.0,0.859
1761674400,17381.0,17407.0,17234.0,17270.0,1.5028
1761678000,17278.0,17279.0,16975.0,16975.0,12.413
1761681600,16974.0,16974.0,16706.0,16773.0,28.4229
1761685200,16772.0,16788.0,16644.0,16787.0,13.7358
1761688800,16787.0,16810.0,16743.0,16808.0,5.114
1761692400,16807.0,16808.0,16750.0,16766.0,6.1649
1761696000,16771.0,16803.0,16736.0,16751.0,7.0321
1761699600,16751.0,16858.0,16720.0,16781.0,7.901
1761703200,16784.0,16856.0,16771.0,16856.0,1.6228
1761706800,16840.0,16840.0,16808.0,16839.0,2.685
1761710400,16843.0,16907.0,16843.0,16900.0,4.4914
1761714000,16911.0,16971.0,16902.0,16943.0,3.2576
1761717600,16961.0,16970.0,16904.0,16919.0,0.9379
1761721200,16922.0,16936.0,16901.0,16918.0,8.7306
1761724800,16907.0,16907.0,16869.0,16869.0,2.9816
1761728400,16871.0,16871.0,16808.0,16839.0,11.0251
1761732000,16838.0,16839.0,16811.0,16830.0,4.5773
1761735600,16829.0,16882.0,16800.0,16878.0,18.2417
1761739200,16878.0,16888.0,16860.0,16882.0,9.1876
1761742800,16877.0,16930.0,16800.0,16805.0,6.5483
1761746400,16805.0,16825.0,16759.0,16784.0,11.0594
1761750000,16785.0,16803.0,16646.0,16649.0,16.7643
1761753600,16648.0,16751.0,16580.0,16702.0,9.4781
1761757200,16708.0,16885.0,16708.0,16885.0,5.1205
1761760800,16837.0,16866.0,16245.0,16560.0,53.76
1761764400,16527.0,16649.0,16407.0,16496.0,8.3862
1761768000,16504.0,16653.0,16404.0,16645.0,5.9572
1761771600,16655.0,16690.0,16601.0,16662.0,1.5537
1761775200,16660.0,16660.0,16596.0,16634.0,5.4421
1761778800,16632.0,16632.0,16346.0,16435.0,7.9498
1761782400,16449.0,16533.0,16385.0,16527.0,5.9308
1761786000,16526.0,16575.0,16501.0,16553.0,12.2183
1761789600,16557.0,16628.0,16555.0,16619.0,1.2998
1761793200,16616.0,16621.0,16591.0,16592.0,1.6091
1761796800,16591.0,16591.0,16250.0,16351.0,51.318
1761800400,16350.0,16552.0,16301.0,16547.0,5.4339
1761804000,16546.0,16550.0,16478.0,16517.0,8.0046
1761807600,16509.0,16609.0,16508.0,16595.0,6.0875
1761811200,16590.0,16590.0,16521.0,16521.0,3.0754
1761814800,16518.0,16522.0,16411.0,16448.0,2.8741
1761818400,16424.0,16457.0,16421.0,16423.0,6.6046
1761822000,16421.0,16431.0,16400.0,16401.0,3.0479
1761825600,16402.0,16402.0,16101.0,16144.0,39.9664
1761829200,16144.0,16216.0,16000.0,16000.0,42.2498
1761832800,16000.0,16140.0,16000.0,16111.0,21.0665
1761836400,16130.0,16130.0,16000.0,16011.0,19.6761
1761840000,16016.0,16122.0,16003.0,16019.0,34.0219
1761843600,16022.0,16050.0,15901.0,16050.0,73.1751
1761847200,16046.0,16046.0,15888.0,15888.0,17.3466
1761850800,15888.0,16010.0,15726.0,15734.0,34.593
1761854400,15745.0,15983.0,15701.0,15983.0,10.9591
1761858000,15970.0,16088.0,15947.0,16040.0,7.477
1761861600,16042.0,16074.0,16013.0,16074.0,8.6282
1761865200,16116.0,16116.0,16057.0,16116.0,17.2723
1761868800,16116.0,16271.0,16116.0,16251.0,56.2846
1761872400,16251.0,16332.0,16228.0,16228.0,22.4609
1761876000,16272.0,16272.0,16128.0,16163.0,2.8628
1761879600,16121.0,16191.0,16121.0,16151.0,3.6451
1761883200,16161.0,16321.0,16161.0,16300.0,8.091
1761886800,16301.0,16301.0,16222.0,16222.0,2.9291
1761890400,16224.0,16224.0,16162.0,16162.0,4.544
1761894000,16163.0,16194.0,16150.0,16150.0,10.731
1761897600,16152.0,16228.0,16134.0,16228.0,11.8073
1761901200,16250.0,16250.0,16201.0,16201.0,1.9512
1761904800,16202.0,16219.0,16176.0,16176.0,3.8893
1761908400,16175.0,16305.0,16141.0,16305.0,11.7176
1761912000,16302.0,16320.0,16167.0,16167.0,4.7065
1761915600,16167.0,16256.0,16161.0,16219.0,38.4202
1761919200,16222.0,16284.0,16200.0,16284.0,7.4571
1761922800,16265.0,16304.0,16211.0,16231.0,3.2087
1761926400,16219.0,16251.0,16056.0,16059.0,7.1753
1761930000,16060.0,16133.0,16037.0,16133.0,2.9671
1761933600,16125.0,16279.0,16055.0,16163.0,9.1929
1761937200,16172.0,16403.0,16158.0,16375.0,3.9364
1761940800,16354.0,16354.0,16256.0,16256.0,3.1725
1761944400,16265.0,16267.0,16227.0,16261.0,1.249
1761948000,16276.0,16276.0,16249.0,16249.0,1.4613
1761951600,16245.0,16254.0,16224.0,16225.0,0.6602
1761955200,16219.0,16219.0,16184.0,16214.0,3.725
1761958800,16217.0,16262.0,16217.0,16218.0,18.2823
1761962400,16210.0,16261.0,16209.0,16261.0,0.6766
1761966000,16262.0,16277.0,16251.0,16274.0,0.572
1761969600,16276.0,16317.0,16271.0,16304.0,8.0042
1761973200,16307.0,16311.0,16288.0,16290.0,0.9991
1761976800,16284.0,16305.0,16273.0,16304.0,2.1178
1761980400,16305.0,16334.0,16305.0,16331.0,2.864
1761984000,16332.0,16350.0,16331.0,16350.0,7.8203
1761987600,16365.0,16369.0,16351.0,16366.0,0.9997
1761991200,16371.0,16371.0,16358.0,16367.0,0.5559
1761994800,16379.0,16379.0,16362.0,16370.0,0.708
1761998400,16371.0,16382.0,16371.0,16378.0,1.1887
1762002000,16381.0,16381.0,16317.0,16345.0,3.1647
1762005600,16350.0,16357.0,16309.0,16352.0,3.1972
1762009200,16352.0,16442.0,16308.0,16440.0,15.308
1762012800,16442.0,16461.0,16406.0,16406.0,0.3137
1762016400,16400.0,16400.0,16301.0,16308.0,3.565
1762020000,16329.0,16377.0,16329.0,16377.0,0.0204
1762023600,16366.0,16366.0,16366.0,16366.0,0.1222
1762027200,16389.0,16404.0,16389.0,16404.0,0.0496
1762030800,16356.0,16371.0,16355.0,16355.0,0.2542
1762034400,16327.0,16341.0,16327.0,16341.0,0.5172
1762038000,16334.0,16338.0,16329.0,16337.0,6.0477
1762041600,16328.0,16328.0,16311.0,16319.0,3.2992
1762045200,16320.0,16320.0,16319.0,16320.0,1.1549
1762048800,16320.0,16372.0,16320.0,16372.0,4.1382
1762052400,16368.0,16374.0,16363.0,16372.0,4.2802
1762056000,16365.0,16450.0,16365.0,16450.0,1.979
1762059600,16450.0,16450.0,16414.0,16430.0,4.3205
1762063200,16438.0,16450.0,16424.0,16450.0,7.6775
1762066800,16449.0,16487.0,16424.0,16487.0,2.6351
1762070400,16469.0,16469.0,16425.0,16425.0,2.0103
1762074000,16425.0,16439.0,16350.0,16351.0,9.7035
1762077600,16351.0,16351.0,16300.0,16301.0,6.5383
1762081200,16301.0,16418.0,16301.0,16410.0,2.0233
1762084800,16409.0,16410.0,16360.0,16360.0,4.1142
1762088400,16360.0,16360.0,16272.0,16309.0,7.9517
1762092000,16320.0,16320.0,16163.0,16246.0,20.5353
1762095600,16249.0,16298.0,16242.0,16264.0,1.5818
1762099200,16264.0,16281.0,16231.0,16275.0,5.0651
1762102800,16274.0,16275.0,16252.0,16252.0,0.2422
1762106400,16273.0,16274.0,16273.0,16274.0,0.6579
1762110000,16274.0,16274.0,16229.0,16229.0,0.9495
1762113600,16238.0,16256.0,16238.0,16256.0,0.1441
1762117200,16273.0,16274.0,16246.0,16274.0,0.9297
1762120800,16267.0,16273.0,16212.0,16214.0,0.6345
1762124400,16214.0,16444.0,16214.0,16444.0,8.6388
1762128000,16454.0,16458.0,16306.0,16306.0,8.0759
1762131600,16306.0,16306.0,16151.0,16169.0,9.6189
1762135200,16172.0,16172.0,16008.0,16028.0,13.0611
1762138800,16047.0,16054.0,15778.0,15778.0,44.4398
1762142400,15779.0,15828.0,15735.0,15828.0,13.9664
1762146000,15837.0,15899.0,15773.0,15774.0,12.7316
1762149600,15773.0,15775.0,15635.0,15688.0,37.2455
1762153200,15688.0,15761.0,15629.0,15672.0,36.4949
1762156800,15672.0,15678.0,15579.0,15671.0,14.2874
1762160400,15668.0,15756.0,15603.0,15617.0,12.1859
1762164000,15624.0,15685.0,15530.0,15530.0,12.2243
1762167600,15538.0,15694.0,15537.0,15671.0,8.0598
1762171200,15672.0,15737.0,15660.0,15679.0,9.8537
1762174800,15679.0,15736.0,15602.0,15711.0,29.4699
1762178400,15725.0,15800.0,15679.0,15755.0,5.9223
1762182000,15757.0,15757.0,15245.0,15251.0,78.3114
1762185600,15250.0,15384.0,15156.0,15381.0,18.5833
1762189200,15360.0,15638.0,15360.0,15590.0,23.7133
1762192800,15584.0,15590.0,15437.0,15471.0,3.7815
1762196400,15427.0,15511.0,15401.0,15451.0,9.3567
1762200000,15462.0,15462.0,15178.0,15245.0,28.5938
1762203600,15261.0,15368.0,15178.0,15299.0,9.0765
1762207200,15300.0,15300.0,15156.0,15266.0,8.1553
1762210800,15237.0,15261.0,15169.0,15249.0,12.9741
1762214400,15248.0,15370.0,15150.0,15305.0,19.3418
1762218000,15322.0,15465.0,15314.0,15438.0,15.7577
1762221600,15408.0,15443.0,15370.0,15386.0,9.2591
1762225200,15417.0,15450.0,15370.0,15430.0,12.0109
1762228800,15431.0,15431.0,15337.0,15337.0,8.5237
1762232400,15337.0,15337.0,14801.0,14802.0,108.0369
1762236000,14801.0,14996.0,14735.0,14805.0,44.7411
1762239600,14805.0,14826.0,14681.0,14730.0,43.618
1762243200,14730.0,14766.0,14470.0,14711.0,230.1795
1762246800,14704.0,14711.0,14637.0,14691.0,14.0858
1762250400,14695.0,14729.0,14639.0,14654.0,24.3396
1762254000,14654.0,14850.0,14654.0,14850.0,18.915
1762257600,14857.0,14875.0,14752.0,14797.0,16.2906
1762261200,14797.0,14812.0,14724.0,14799.0,10.6132
1762264800,14783.0,14996.0,14657.0,14965.0,26.1137
1762268400,14975.0,15084.0,14755.0,14801.0,22.1065
1762272000,14809.0,14824.0,14455.0,14456.0,35.7036
1762275600,14450.0,14450.0,14219.0,14234.0,49.766
1762279200,14219.0,14220.0,13800.0,13906.0,74.193
1762282800,13918.0,13958.0,13462.0,13634.0,47.7755
1762286400,13655.0,13668.0,13239.0,13560.0,20.2057
1762290000,13559.0,13570.0,12937.0,13543.0,45.1238
1762293600,13536.0,13910.0,13536.0,13801.0,180.9082
1762297200,13801.0,14100.0,13800.0,14021.0,79.4925
1762300800,14021.0,14036.0,13500.0,13755.0,61.8347
1762304400,13749.0,13753.0,13447.0,13704.0,54.3674
1762308000,13712.0,14017.0,13712.0,14017.0,29.954
1762311600,14017.0,14100.0,13953.0,14071.0,38.366
1762315200,14071.0,14081.0,14000.0,14022.0,21.1972
1762318800,14024.0,14100.0,14024.0,14026.0,9.1312
1762322400,14025.0,14057.0,13967.0,14049.0,9.6523
1762326000,14056.0,14056.0,13956.0,14050.0,15.0827
1762329600,14044.0,14044.0,13851.0,13904.0,14.9477
1762333200,13921.0,13980.0,13880.0,13920.0,6.91
1762336800,13915.0,13920.0,13800.0,13800.0,7.6298
1762340400,13800.0,13965.0,13800.0,13965.0,1.8011
1762344000,13964.0,14100.0,13936.0,14057.0,12.0752
1762347600,14060.0,14182.0,14001.0,14151.0,11.3665
1762351200,14150.0,14162.0,14000.0,14099.0,13.7269
1762354800,14102.0,14317.0,14080.0,14317.0,8.8214
1762358400,14319.0,14455.0,14225.0,14455.0,14.5277
1762362000,14455.0,14501.0,14421.0,14483.0,10.4218
1762365600,14496.0,14650.0,14464.0,14622.0,3.369
1762369200,14586.0,14614.0,14552.0,14588.0,1.3243
1762372800,14588.0,14671.0,14534.0,14534.0,0.9235
1762376400,14524.0,14535.0,14490.0,14535.0,3.0617
1762380000,14521.0,14522.0,14413.0,14452.0,4.308
1762383600,14453.0,14459.0,14405.0,14443.0,4.1933
1762387200,14444.0,14444.0,14311.0,14347.0,11.6694
1762390800,14332.0,14332.0,14210.0,14329.0,28.9154
1762394400,14327.0,14389.0,14274.0,14389.0,11.2373
1762398000,14388.0,14468.0,14388.0,14426.0,4.8349
1762401600,14426.0,14490.0,14418.0,14490.0,4.5032
1762405200,14472.0,14482.0,14232.0,14234.0,15.708
1762408800,14234.0,14283.0,14232.0,14268.0,12.7039
1762412400,14257.0,14267.0,14180.0,14227.0,25.9957
1762416000,14229.0,14256.0,14200.0,14232.0,7.8095
1762419600,14232.0,14257.0,14212.0,14245.0,5.1608
1762423200,14244.0,14332.0,14202.0,14299.0,10.5036
1762426800,14275.0,14325.0,14254.0,14315.0,1.8994
1762430400,14307.0,14307.0,14101.0,14121.0,10.6521
1762434000,14115.0,14288.0,14115.0,14269.0,11.253
1762437600,14265.0,14287.0,14004.0,14004.0,16.2091
1762441200,14002.0,14144.0,13819.0,13885.0,43.9337
1762444800,13882.0,13951.0,13665.0,13788.0,37.4047
1762448400,13813.0,14016.0,13789.0,14003.0,9.4714
1762452000,14002.0,14069.0,13870.0,14013.0,3.832
1762455600,14014.0,14043.0,13951.0,13983.0,3.2661
1762459200,14000.0,14000.0,13857.0,13891.0,0.5048
1762462800,13889.0,14000.0,13889.0,14000.0,0.6941
1762466400,13999.0,13999.0,13883.0,13963.0,1.0496
1762470000,13948.0,13948.0,13855.0,13947.0,3.9598
1762473600,13947.0,13986.0,13860.0,13975.0,32.4773
1762477200,13980.0,13980.0,13775.0,13916.0,15.1136
1762480800,13923.0,14000.0,13886.0,14000.0,7.1007
1762484400,14000.0,14084.0,14000.0,14024.0,20.9471
1762488000,14021.0,14021.0,13939.0,13979.0,20.1914
1762491600,13981.0,14085.0,13981.0,14085.0,7.7612
1762495200,14097.0,14110.0,14051.0,14052.0,6.7137
1762498800,14058.0,14095.0,14013.0,14064.0,11.203
1762502400,14082.0,14082.0,14001.0,14002.0,9.1211
1762506000,14017.0,14017.0,13807.0,13842.0,10.6341
1762509600,13858.0,13888.0,13770.0,13775.0,7.9475
1762513200,13782.0,13782.0,13579.0,13705.0,22.2223
1762516800,13694.0,13747.0,13482.0,13549.0,26.294
1762520400,13549.0,13665.0,13547.0,13622.0,14.2783
1762524000,13628.0,13869.0,13482.0,13820.0,16.9066
1762527600,13819.0,13953.0,13735.0,13875.0,12.8442
1762531200,13883.0,13957.0,13781.0,13888.0,16.1074
1762534800,13871.0,14242.0,13868.0,14206.0,24.0821
1762538400,14235.0,14419.0,14211.0,14402.0,9.4851
1762542000,14400.0,14487.0,14379.0,14459.0,8.2606
1762545600,14469.0,14550.0,14430.0,14545.0,2.8652
1762549200,14514.0,14558.0,14507.0,14555.0,0.4862
1762552800,14570.0,14579.0,14483.0,14483.0,13.1491
1762556400,14482.0,14482.0,14399.0,14400.0,7.0852
1762560000,14400.0,14455.0,14312.0,14364.0,7.6148
1762563600,14364.0,14444.0,14364.0,14396.0,9.1339
1762567200,14415.0,14503.0,14408.0,14442.0,9.5495
1762570800,14449.0,14549.0,14449.0,14516.0,8.2063
1762574400,14522.0,14600.0,14502.0,14530.0,4.087
1762578000,14528.0,14553.0,14442.0,14442.0,3.9999
1762581600,14403.0,14500.0,14391.0,14489.0,2.3804
1762585200,14475.0,14484.0,14391.0,14484.0,9.1494
1762588800,14484.0,14543.0,14444.0,14518.0,1.982
1762592400,14501.0,14525.0,14430.0,14441.0,20.0015
1762596000,14442.0,14469.0,14435.0,14460.0,0.128
1762599600,14462.0,14476.0,14318.0,14318.0,12.1351
1762603200,14315.0,14318.0,14279.0,14294.0,3.58
1762606800,14307.0,14307.0,14255.0,14259.0,2.2261
1762610400,14256.0,14301.0,14164.0,14279.0,6.0447
1762614000,14280.0,14286.0,14177.0,14200.0,5.4961
1762617600,14190.0,14195.0,14130.0,14131.0,5.3703
1762621200,14145.0,14274.0,14145.0,14274.0,3.6963
1762624800,14242.0,14270.0,14242.0,14270.0,1.2895
1762628400,14302.0,14302.0,14160.0,14204.0,0.5372
1762632000,14277.0,14278.0,14277.0,14278.0,0.0038
1762635600,14299.0,14312.0,14299.0,14300.0,0.2199
1762639200,14288.0,14288.0,14280.0,14285.0,0.353
1762642800,14307.0,14330.0,14300.0,14300.0,0.7365
1762646400,14289.0,14289.0,14184.0,14233.0,1.5154
1762650000,14244.0,14288.0,14217.0,14287.0,2.0167
1762653600,14278.0,14281.0,14188.0,14188.0,3.1217
1762657200,14157.0,14183.0,14151.0,14180.0,8.526
1762660800,14180.0,14238.0,14151.0,14191.0,1.7447
1762664400,14186.0,14305.0,14186.0,14305.0,1.6745
1762668000,14305.0,14355.0,14299.0,14302.0,0.81
1762671600,14306.0,14378.0,14306.0,14378.0,0.5404
1762675200,14363.0,14384.0,14344.0,14358.0,3.4085
1762678800,14400.0,14410.0,14300.0,14300.0,3.127
1762682400,14265.0,14297.0,14239.0,14285.0,0.6706
1762686000,14320.0,14409.0,14320.0,14409.0,0.6117
1762689600,14412.0,14530.0,14412.0,14462.0,12.4582
1762693200,14471.0,14540.0,14471.0,14538.0,7.6473
1762696800,14539.0,14921.0,14536.0,14740.0,38.4371
1762700400,14818.0,14850.0,14800.0,14800.0,4.5586
1762704000,14782.0,14830.0,14730.0,14826.0,1.1131
1762707600,14824.0,14824.0,14750.0,14750.0,0.5936
1762711200,14775.0,14873.0,14772.0,14873.0,0.3425
1762714800,14877.0,14990.0,14870.0,14990.0,7.6554
1762718400,14999.0,15046.0,14972.0,15010.0,18.8059
1762722000,15046.0,15050.0,15015.0,15015.0,4.0839
1762725600,15002.0,15085.0,14983.0,15061.0,15.6862
1762729200,15081.0,15170.0,14993.0,15015.0,8.4399
1762732800,15033.0,15259.0,14933.0,15220.0,30.7816
1762736400,15237.0,15279.0,15143.0,15188.0,17.2151
1762740000,15187.0,15221.0,15140.0,15148.0,23.7613
1762743600,15163.0,15225.0,15163.0,15183.0,11.8611
1762747200,15183.0,15185.0,15108.0,15140.0,18.2691
1762750800,15157.0,15157.0,15047.0,15073.0,8.7792
1762754400,15070.0,15094.0,15050.0,15074.0,4.8278
1762758000,15078.0,15131.0,15075.0,15093.0,20.542
1762761600,15084.0,15095.0,15002.0,15016.0,15.4898
1762765200,15016.0,15148.0,15000.0,15126.0,12.7639
1762768800,15133.0,15133.0,15053.0,15053.0,3.2358
1762772400,15053.0,15077.0,15053.0,15071.0,14.2682
1762776000,15071.0,15071.0,15000.0,15001.0,5.7393
1762779600,15004.0,15077.0,15004.0,15077.0,8.8268
1762783200,15077.0,15077.0,14720.0,14788.0,11.8449
1762786800,14787.0,14841.0,14651.0,14668.0,14.5162
1762790400,14665.0,14743.0,14665.0,14699.0,4.1664
1762794000,14704.0,14805.0,14700.0,14804.0,12.6046
1762797600,14811.0,14811.0,14784.0,14800.0,0.4752
1762801200,14751.0,14896.0,14750.0,14895.0,4.1391
1762804800,14830.0,14929.0,14830.0,14929.0,1.7005
1762808400,14875.0,14875.0,14750.0,14759.0,0.5582
1762812000,14769.0,14902.0,14731.0,14895.0,5.1837
1762815600,14887.0,14904.0,14851.0,14862.0,6.2043
1762819200,14856.0,14934.0,14771.0,14911.0,18.7594
1762822800,14924.0,15144.0,14879.0,14890.0,29.9648
1762826400,14883.0,15094.0,14834.0,15029.0,19.565
1762830000,15026.0,15093.0,14972.0,14989.0,8.3972
1762833600,14998.0,14998.0,14886.0,14886.0,7.0673
1762837200,14852.0,14854.0,14771.0,14772.0,12.0644
1762840800,14771.0,14788.0,14717.0,14788.0,7.0735
1762844400,14772.0,14808.0,14734.0,14751.0,14.1486
1762848000,14752.0,14799.0,14744.0,14797.0,11.6188
1762851600,14797.0,14887.0,14797.0,14800.0,8.3087
1762855200,14760.0,14798.0,14760.0,14780.0,2.4898
1762858800,14803.0,14879.0,14803.0,14868.0,2.2812
1762862400,14921.0,14924.0,14743.0,14743.0,3.9717
1762866000,14738.0,14834.0,14700.0,14702.0,10.2748
1762869600,14712.0,14756.0,14532.0,14668.0,14.5642
1762873200,14683.0,14683.0,14400.0,14455.0,23.8487
1762876800,14485.0,14536.0,14461.0,14536.0,1.6485
1762880400,14505.0,14548.0,14332.0,14429.0,16.2509
1762884000,14457.0,14475.0,14412.0,14429.0,15.525
1762887600,14423.0,14423.0,14370.0,14374.0,6.1072
1762891200,14377.0,14381.0,14300.0,14301.0,8.4902
1762894800,14333.0,14333.0,14201.0,14217.0,1.6296
1762898400,14200.0,14295.0,14175.0,14282.0,7.1146
1762902000,14250.0,14284.0,14192.0,14221.0,12.4812
1762905600,14218.0,14275.0,14185.0,14190.0,22.7452
1762909200,14184.0,14289.0,14172.0,14289.0,4.2125
1762912800,14288.0,14310.0,14195.0,14208.0,9.2837
1762916400,14223.0,14286.0,14222.0,14282.0,2.0974
1762920000,14281.0,14287.0,14271.0,14287.0,0.9902
1762923600,14288.0,14321.0,14288.0,14306.0,10.8458
1762927200,14302.0,14319.0,14267.0,14267.0,1.9455
1762930800,14284.0,14297.0,14214.0,14221.0,10.8087
1762934400,14226.0,14500.0,14224.0,14411.0,68.2586
1762938000,14410.0,14480.0,14410.0,14450.0,5.0175
1762941600,14459.0,14692.0,14459.0,14653.0,48.6164
1762945200,14654.0,14764.0,14654.0,14706.0,7.138
1762948800,14678.0,14746.0,14668.0,14712.0,4.6336
1762952400,14732.0,14869.0,14708.0,14843.0,6.5459
1762956000,14842.0,14842.0,14464.0,14517.0,31.8398
1762959600,14529.0,14577.0,14201.0,14201.0,18.5404
1762963200,14224.0,14230.0,14040.0,14137.0,22.3247
1762966800,14139.0,14310.0,14121.0,14225.0,3.7648
1762970400,14261.0,14350.0,14211.0,14242.0,6.9136
1762974000,14216.0,14216.0,14031.0,14177.0,4.1065
1762977600,14156.0,14272.0,14156.0,14226.0,0.4397
1762981200,14187.0,14212.0,14170.0,14212.0,0.0806
1762984800,14203.0,14203.0,14066.0,14183.0,9.5992
1762988400,14161.0,14200.0,14152.0,14174.0,5.7538
1762992000,14175.0,14234.0,14159.0,14171.0,8.4293
1762995600,14170.0,14318.0,14165.0,14220.0,6.3415
1762999200,14255.0,14298.0,14240.0,14278.0,0.6788
1763002800,14260.0,14376.0,14095.0,14333.0,48.8104
1763006400,14329.0,14455.0,14253.0,14455.0,6.2164
1763010000,14443.0,14662.0,14393.0,14647.0,11.9637
1763013600,14608.0,14719.0,14608.0,14703.0,8.6788
1763017200,14690.0,14755.0,14634.0,14646.0,20.1567
1763020800,14645.0,14704.0,14599.0,14600.0,26.2392
1763024400,14596.0,14596.0,14401.0,14401.0,7.8653
1763028000,14445.0,14520.0,14445.0,14476.0,1.2773
1763031600,14531.0,14531.0,14465.0,14500.0,13.6766
1763035200,14466.0,14524.0,14421.0,14487.0,8.1773
1763038800,14491.0,14491.0,14203.0,14212.0,13.6009
1763042400,14235.0,14353.0,14060.0,14300.0,29.4442
1763046000,14207.0,14250.0,13981.0,14017.0,36.7056
1763049600,14017.0,14066.0,13796.0,13796.0,23.5643
1763053200,13795.0,13795.0,13502.0,13502.0,36.2505
1763056800,13501.0,13501.0,13217.0,13320.0,39.8821
1763060400,13300.0,13419.0,13200.0,13258.0,27.3867
1763064000,13260.0,13314.0,13129.0,13163.0,41.3269
1763067600,13164.0,13282.0,13130.0,13194.0,15.7726
1763071200,13188.0,13412.0,13181.0,13391.0,12.1755
1763074800,13382.0,13550.0,13346.0,13421.0,66.3025
1763078400,13400.0,13412.0,13250.0,13250.0,23.0729
1763082000,13254.0,13336.0,13227.0,13290.0,14.5171
1763085600,13290.0,13480.0,13290.0,13426.0,5.1883
1763089200,13417.0,13419.0,13348.0,13393.0,14.2969
1763092800,13393.0,13393.0,13000.0,13134.0,79.0942
1763096400,13134.0,13255.0,13099.0,13240.0,53.2219
1763100000,13242.0,13336.0,13013.0,13336.0,14.7795
1763103600,13332.0,13412.0,13250.0,13315.0,18.7098
1763107200,13332.0,13332.0,13227.0,13303.0,11.0958
1763110800,13290.0,13310.0,13083.0,13102.0,14.116
1763114400,13116.0,13242.0,13095.0,13200.0,4.7226
1763118000,13174.0,13194.0,12971.0,13019.0,36.7498
1763121600,13024.0,13025.0,12781.0,12973.0,74.735
1763125200,12966.0,13043.0,12783.0,12963.0,20.8511
1763128800,12978.0,13365.0,12912.0,13284.0,27.5738
1763132400,13260.0,13390.0,13134.0,13260.0,12.4097
1763136000,13287.0,13510.0,13250.0,13456.0,8.2508
1763139600,13429.0,13468.0,13187.0,13236.0,5.0396
1763143200,13207.0,13340.0,13141.0,13192.0,4.3421
1763146800,13186.0,13403.0,13178.0,13358.0,3.1177
1763150400,13356.0,13370.0,13009.0,13028.0,4.3056
1763154000,13063.0,13207.0,13062.0,13181.0,4.698
1763157600,13185.0,13248.0,13074.0,13134.0,7.6261
1763161200,13126.0,13126.0,12900.0,12936.0,19.6046
1763164800,12936.0,13108.0,12936.0,13077.0,4.5154
1763168400,13079.0,13241.0,13012.0,13217.0,14.0917
1763172000,13221.0,13306.0,13195.0,13306.0,16.7393
1763175600,13278.0,13312.0,13201.0,13258.0,7.9699
1763179200,13256.0,13316.0,13200.0,13245.0,26.5103
1763182800,13243.0,13298.0,13205.0,13287.0,4.6947
1763186400,13278.0,13299.0,13230.0,13253.0,5.9694
1763190000,13250.0,13285.0,13230.0,13250.0,5.8969
1763193600,13244.0,13244.0,13071.0,13098.0,6.0473
1763197200,13094.0,13178.0,13082.0,13115.0,13.0728
1763200800,13110.0,13194.0,13090.0,13194.0,2.2465
1763204400,13188.0,13192.0,13103.0,13103.0,2.2284
1763208000,13101.0,13162.0,13094.0,13154.0,2.3399
1763211600,13146.0,13241.0,13134.0,13241.0,51.5516
1763215200,13254.0,13254.0,13201.0,13212.0,3.9565
1763218800,13200.0,13254.0,13200.0,13247.0,3.6736
1763222400,13245.0,13245.0,13166.0,13226.0,1.5358
1763226000,13258.0,13338.0,13235.0,13338.0,6.8943
1763229600,13350.0,13408.0,13350.0,13381.0,0.0953
1763233200,13325.0,13325.0,13291.0,13291.0,0.1767
1763236800,13272.0,13272.0,13168.0,13181.0,1.6252
1763240400,13226.0,13226.0,13102.0,13109.0,4.4268
1763244000,13115.0,13155.0,13112.0,13137.0,1.0349
1763247600,13174.0,13202.0,13167.0,13185.0,1.5669
1763251200,13138.0,13149.0,13095.0,13119.0,1.7617
1763254800,13118.0,13124.0,13037.0,13087.0,4.3296
1763258400,13084.0,13291.0,13070.0,13282.0,3.4399
1763262000,13304.0,13334.0,13269.0,13294.0,29.8204
1763265600,13300.0,13313.0,13252.0,13269.0,1.4328
1763269200,13296.0,13354.0,13296.0,13322.0,5.456
1763272800,13323.0,13356.0,13320.0,13320.0,0.9446
1763276400,13309.0,13365.0,13309.0,13365.0,5.2583
1763280000,13397.0,13397.0,13341.0,13373.0,2.5464
1763283600,13366.0,13489.0,13344.0,13489.0,7.3176
1763287200,13463.0,13464.0,13430.0,13443.0,2.5468
1763290800,13443.0,13443.0,13145.0,13166.0,11.9737
1763294400,13167.0,13204.0,13137.0,13187.0,2.6527
1763298000,13165.0,13174.0,13096.0,13112.0,8.9172
1763301600,13112.0,13193.0,13111.0,13186.0,4.8663
1763305200,13185.0,13200.0,12914.0,12914.0,26.8092
1763308800,12930.0,12996.0,12674.0,12751.0,53.0598
1763312400,12750.0,12831.0,12621.0,12830.0,13.0468
1763316000,12799.0,12995.0,12688.0,12727.0,35.2696
1763319600,12730.0,12955.0,12730.0,12857.0,12.2236
1763323200,12856.0,12932.0,12856.0,12862.0,13.1683
1763326800,12859.0,12859.0,12737.0,12780.0,4.4157
1763330400,12760.0,12902.0,12692.0,12871.0,8.8534
1763334000,12866.0,12939.0,12560.0,12891.0,25.0699
1763337600,12876.0,13045.0,12786.0,13034.0,29.1868
1763341200,13041.0,13050.0,12956.0,12956.0,10.9378
1763344800,12964.0,13109.0,12964.0,13078.0,3.8214
1763348400,13091.0,13216.0,13091.0,13216.0,3.6054
1763352000,13219.0,13280.0,13150.0,13260.0,18.3255
1763355600,13261.0,13286.0,13237.0,13260.0,3.1726
1763359200,13260.0,13270.0,13214.0,13270.0,5.3779
1763362800,13270.0,13334.0,13269.0,13310.0,16.6872
1763366400,13311.0,13334.0,13240.0,13255.0,39.5241
1763370000,13245.0,13339.0,13215.0,13262.0,3.6389
1763373600,13263.0,13313.0,13263.0,13276.0,2.3506
1763377200,13276.0,13376.0,13271.0,13311.0,13.8905
1763380800,13292.0,13292.0,13209.0,13209.0,2.9265
1763384400,13214.0,13217.0,12851.0,12937.0,35.4378
1763388000,12936.0,13299.0,12890.0,13088.0,34.0764
1763391600,13081.0,13133.0,12916.0,12956.0,7.1316
1763395200,12948.0,13049.0,12777.0,13015.0,22.8054
1763398800,13014.0,13014.0,12731.0,12745.0,14.5107
1763402400,12728.0,12796.0,12613.0,12613.0,27.0799
1763406000,12625.0,12634.0,12444.0,12446.0,45.7946
1763409600,12448.0,12570.0,12303.0,12554.0,17.5063
1763413200,12550.0,12615.0,12474.0,12547.0,12.8657
1763416800,12547.0,12630.0,12532.0,12601.0,22.6134
1763420400,12599.0,12617.0,12548.0,12616.0,32.0077
1763424000,12617.0,12650.0,12502.0,12650.0,32.9821
1763427600,12650.0,12726.0,12624.0,12625.0,16.1399
1763431200,12623.0,12733.0,12458.0,12489.0,35.2986
1763434800,12488.0,12679.0,12364.0,12678.0,23.0358
1763438400,12678.0,12678.0,12451.0,12613.0,24.9705
1763442000,12546.0,12656.0,12546.0,12619.0,5.9461
1763445600,12616.0,12623.0,12480.0,12534.0,5.2919
1763449200,12517.0,12688.0,12494.0,12676.0,29.1911
1763452800,12687.0,12813.0,12670.0,12781.0,17.1825
1763456400,12781.0,12787.0,12669.0,12783.0,16.1873
1763460000,12787.0,12815.0,12757.0,12796.0,8.7951
1763463600,12802.0,12811.0,12773.0,12785.0,5.4252
1763467200,12753.0,12783.0,12622.0,12700.0,11.9326
1763470800,12711.0,12716.0,12620.0,12700.0,6.4863
1763474400,12700.0,12851.0,12662.0,12755.0,15.4305
1763478000,12742.0,12996.0,12648.0,12901.0,24.7367
1763481600,12933.0,13180.0,12933.0,13133.0,15.8055
1763485200,13121.0,13121.0,13002.0,13049.0,13.0253
1763488800,13050.0,13174.0,13050.0,13165.0,19.369
1763492400,13165.0,13180.0,13083.0,13083.0,1.5858
1763496000,13084.0,13121.0,13034.0,13034.0,2.238
1763499600,13002.0,13032.0,12922.0,12929.0,2.403
1763503200,12924.0,13019.0,12924.0,13019.0,13.3886
1763506800,13018.0,13018.0,12968.0,13000.0,6.9383
1763510400,13013.0,13013.0,12862.0,12948.0,8.5918
1763514000,12911.0,12948.0,12856.0,12901.0,11.2156
1763517600,12930.0,12998.0,12902.0,12981.0,7.5901
1763521200,12944.0,12948.0,12806.0,12808.0,13.7002
1763524800,12809.0,12809.0,12733.0,12734.0,19.1706
1763528400,12735.0,12735.0,12500.0,12573.0,25.2345
1763532000,12573.0,12681.0,12561.0,12680.0,16.8597
1763535600,12679.0,12853.0,12679.0,12853.0,10.5772
1763539200,12850.0,12899.0,12821.0,12827.0,4.043
1763542800,12821.0,12849.0,12740.0,12849.0,5.3054
1763546400,12849.0,12932.0,12832.0,12869.0,27.6866
1763550000,12871.0,12904.0,12845.0,12846.0,0.7187
1763553600,12845.0,12929.0,12845.0,12929.0,12.6038
1763557200,12904.0,12904.0,12769.0,12769.0,3.3781
1763560800,12778.0,12786.0,12619.0,12724.0,19.9247
1763564400,12773.0,12935.0,12400.0,12401.0,22.9609
1763568000,12401.0,12443.0,12271.0,12299.0,65.2066
1763571600,12300.0,12333.0,12144.0,12181.0,40.8478
1763575200,12181.0,12181.0,12031.0,12059.0,19.652
1763578800,12089.0,12105.0,12000.0,12006.0,12.0524
1763582400,12028.0,12310.0,12000.0,12279.0,5.431
1763586000,12272.0,12470.0,12262.0,12457.0,8.0834
1763589600,12397.0,12440.0,12350.0,12440.0,1.9019
1763593200,12478.0,12597.0,12478.0,12588.0,26.544
1763596800,12588.0,12701.0,12534.0,12599.0,15.9653
1763600400,12619.0,12707.0,12619.0,12707.0,14.9421
1763604000,12701.0,12749.0,12663.0,12706.0,9.2475
1763607600,12713.0,12742.0,12700.0,12710.0,4.3531
1763611200,12700.0,12752.0,12617.0,12752.0,33.2849
1763614800,12753.0,12772.0,12680.0,12682.0,7.5199
1763618400,12683.0,12684.0,12520.0,12572.0,12.8963
1763622000,12583.0,12660.0,12583.0,12648.0,2.5358
1763625600,12639.0,12654.0,12593.0,12606.0,1.2387
1763629200,12601.0,12601.0,12500.0,12523.0,4.6827
1763632800,12501.0,12540.0,12500.0,12539.0,6.1307
1763636400,12518.0,12575.0,12502.0,12575.0,4.7584
1763640000,12562.0,12597.0,12538.0,12597.0,3.5113
1763643600,12588.0,12600.0,12500.0,12500.0,7.5474
1763647200,12500.0,12557.0,12356.0,12494.0,10.2508
1763650800,12451.0,12489.0,12329.0,12329.0,7.8844
1763654400,12335.0,12335.0,12000.0,12000.0,71.9488
1763658000,12000.0,12031.0,11801.0,11904.0,83.2538
1763661600,11850.0,11999.0,11800.0,11843.0,37.0132
1763665200,11822.0,11937.0,11657.0,11922.0,70.8096
1763668800,11911.0,11997.0,11832.0,11872.0,22.258
1763672400,11869.0,12099.0,11869.0,12044.0,11.2776
1763676000,12044.0,12132.0,12023.0,12065.0,6.0659
1763679600,12067.0,12067.0,11813.0,11840.0,12.1189
1763683200,11840.0,11948.0,11840.0,11909.0,17.4347
1763686800,11912.0,12000.0,11860.0,11903.0,24.4333
1763690400,11898.0,11898.0,11576.0,11576.0,29.701
1763694000,11600.0,11738.0,11597.0,11655.0,25.5792
1763697600,11671.0,11699.0,11562.0,11696.0,23.614
1763701200,11700.0,11738.0,11630.0,11649.0,7.9855
1763704800,11675.0,11675.0,11562.0,11590.0,54.2527
1763708400,11595.0,11609.0,11000.0,11320.0,96.3515
1763712000,11308.0,11452.0,11280.0,11417.0,24.4285
1763715600,11394.0,11417.0,11116.0,11168.0,51.6177
1763719200,11150.0,11296.0,11085.0,11212.0,22.5244
1763722800,11208.0,11309.0,11151.0,11181.0,26.2251
1763726400,11181.0,11391.0,10954.0,11359.0,65.034
1763730000,11353.0,11531.0,11306.0,11450.0,23.403
1763733600,11446.0,11600.0,11359.0,11599.0,22.9208
1763737200,11594.0,11599.0,11250.0,11308.0,44.4472
1763740800,11308.0,11517.0,11174.0,11517.0,14.6462
1763744400,11525.0,11691.0,11525.0,11600.0,6.1304
1763748000,11505.0,11638.0,11350.0,11600.0,8.1421
1763751600,11600.0,11600.0,11463.0,11463.0,3.2076
1763755200,11482.0,11482.0,11311.0,11450.0,5.2484
1763758800,11430.0,11569.0,11430.0,11549.0,4.4952
1763762400,11561.0,11561.0,11359.0,11369.0,2.9317
1763766000,11363.0,11553.0,11323.0,11533.0,6.9624
1763769600,11563.0,11588.0,11514.0,11536.0,3.6092
1763773200,11543.0,11598.0,11524.0,11569.0,5.2466
1763776800,11569.0,11569.0,11441.0,11475.0,13.5135
1763780400,11483.0,11503.0,11461.0,11490.0,7.0212
1763784000,11486.0,11486.0,11383.0,11456.0,9.6328
1763787600,11471.0,11471.0,11390.0,11422.0,9.1873
1763791200,11444.0,11539.0,11400.0,11537.0,6.3878
1763794800,11542.0,11542.0,11498.0,11501.0,9.9726
1763798400,11477.0,11477.0,11351.0,11416.0,13.4402
1763802000,11416.0,11432.0,11371.0,11374.0,5.845
1763805600,11380.0,11387.0,11301.0,11324.0,2.2669
1763809200,11324.0,11442.0,11299.0,11435.0,3.8776
1763812800,11422.0,11422.0,11335.0,11350.0,9.9441
1763816400,11350.0,11400.0,11327.0,11348.0,11.5524
1763820000,11350.0,11466.0,11350.0,11450.0,4.4866
1763823600,11451.0,11469.0,11382.0,11409.0,4.7343
1763827200,11422.0,11499.0,11410.0,11496.0,3.4524
1763830800,11485.0,11486.0,11461.0,11461.0,0.5311
1763834400,11464.0,11477.0,11464.0,11477.0,0.0513
1763838000,11474.0,11485.0,11458.0,11474.0,0.2967
1763841600,11470.0,11470.0,11437.0,11437.0,0.0527
1763845200,11422.0,11445.0,11412.0,11445.0,0.0744
1763848800,11495.0,11638.0,11495.0,11631.0,2.757
1763852400,11626.0,11628.0,11533.0,11533.0,0.9287
1763856000,11534.0,11612.0,11534.0,11555.0,11.0636
1763859600,11554.0,11725.0,11554.0,11711.0,20.9863
1763863200,11713.0,11836.0,11707.0,11776.0,34.5827
1763866800,11765.0,11793.0,11731.0,11793.0,24.3576
1763870400,11805.0,11872.0,11781.0,11795.0,23.2379
1763874000,11799.0,11809.0,11756.0,11791.0,14.0253
1763877600,11794.0,11816.0,11720.0,11746.0,20.2223
1763881200,11740.0,11742.0,11618.0,11657.0,23.7541
1763884800,11696.0,11749.0,11693.0,11748.0,6.5937
1763888400,11735.0,11780.0,11728.0,11766.0,6.4728
1763892000,11766.0,11766.0,11715.0,11737.0,5.8868
1763895600,11734.0,11782.0,11708.0,11761.0,10.3691
1763899200,11770.0,11879.0,11762.0,11838.0,12.2031
1763902800,11841.0,11879.0,11807.0,11870.0,4.4076
1763906400,11878.0,11936.0,11778.0,11778.0,21.3248
1763910000,11778.0,11864.0,11763.0,11863.0,4.7519
1763913600,11859.0,11883.0,11725.0,11725.0,16.0888
1763917200,11726.0,11740.0,11664.0,11678.0,9.0601
1763920800,11711.0,11774.0,11700.0,11739.0,2.44
1763924400,11742.0,11840.0,11740.0,11820.0,5.8437
1763928000,11793.0,11844.0,11793.0,11823.0,1.3695
1763931600,11811.0,11872.0,11785.0,11872.0,5.3819
1763935200,11873.0,11873.0,11812.0,11847.0,9.0243
1763938800,11856.0,11856.0,11692.0,11713.0,7.0644
1763942400,11695.0,11695.0,11550.0,11641.0,11.2597
1763946000,11626.0,11682.0,11582.0,11682.0,10.1351
1763949600,11679.0,11919.0,11679.0,11785.0,36.6711
1763953200,11796.0,11891.0,11796.0,11867.0,27.9266
1763956800,11872.0,11891.0,11651.0,11735.0,50.9984
1763960400,11732.0,11979.0,11732.0,11914.0,2.5767
1763964000,11901.0,11901.0,11783.0,11797.0,2.7188
1763967600,11786.0,11803.0,11745.0,11789.0,1.8874
1763971200,11789.0,11789.0,11754.0,11781.0,9.3859
1763974800,11750.0,11750.0,11608.0,11657.0,19.3999
1763978400,11657.0,11678.0,11647.0,11664.0,8.1217
1763982000,11663.0,11688.0,11640.0,11678.0,10.7425
1763985600,11669.0,11698.0,11651.0,11666.0,6.9908
1763989200,11681.0,11750.0,11681.0,11710.0,7.5485
1763992800,11683.0,11816.0,11600.0,11675.0,24.1717
1763996400,11755.0,11866.0,11705.0,11811.0,21.6607
1764000000,11812.0,11921.0,11808.0,11871.0,19.0928
1764003600,11881.0,12196.0,11881.0,12196.0,18.5821
1764007200,12196.0,12270.0,12179.0,12250.0,18.1213
1764010800,12261.0,12343.0,12261.0,12285.0,9.0189
1764014400,12284.0,12371.0,12267.0,12333.0,4.095
1764018000,12333.0,12333.0,12237.0,12271.0,9.7692
1764021600,12278.0,12312.0,12255.0,12267.0,6.4129
1764025200,12268.0,12300.0,12244.0,12249.0,6.1022
1764028800,12250.0,12250.0,12168.0,12202.0,9.1708
1764032400,12176.0,12207.0,12097.0,12100.0,32.408
1764036000,12063.0,12121.0,12050.0,12119.0,4.8439
1764039600,12111.0,12121.0,12032.0,12043.0,5.0377
1764043200,12038.0,12167.0,12038.0,12166.0,10.6703
1764046800,12166.0,12166.0,12082.0,12129.0,17.2502
1764050400,12128.0,12128.0,12078.0,12119.0,2.9954
1764054000,12100.0,12110.0,12067.0,12067.0,2.0643
1764057600,12068.0,12070.0,11932.0,11933.0,13.857
1764061200,11933.0,12005.0,11919.0,12005.0,5.8676
1764064800,11993.0,12030.0,11960.0,12026.0,2.4648
1764068400,12036.0,12036.0,12003.0,12004.0,1.6592
1764072000,12003.0,12160.0,12003.0,12152.0,31.2557
1764075600,12141.0,12157.0,12043.0,12061.0,5.1933
1764079200,12067.0,12098.0,11883.0,11947.0,5.651
1764082800,11928.0,12088.0,11876.0,12007.0,6.8692
1764086400,12018.0,12154.0,12000.0,12154.0,2.7137
1764090000,12153.0,12234.0,12032.0,12193.0,9.3771
1764093600,12195.0,12250.0,12164.0,12164.0,0.8172
1764097200,12109.0,12109.0,11926.0,12098.0,12.2617
1764100800,12192.0,12192.0,12173.0,12173.0,1.7343
1764104400,12150.0,12203.0,12142.0,12167.0,2.3744
1764108000,12160.0,12310.0,12100.0,12310.0,1.6834
1764111600,12334.0,12349.0,12273.0,12282.0,2.4157
1764115200,12281.0,12300.0,12237.0,12249.0,6.822
1764118800,12249.0,12320.0,12223.0,12292.0,6.1339
1764122400,12292.0,12301.0,12243.0,12250.0,3.112
1764126000,12250.0,12271.0,12114.0,12121.0,6.346
1764129600,12123.0,12161.0,12107.0,12140.0,1.3677
1764133200,12133.0,12200.0,12129.0,12189.0,2.422
1764136800,12182.0,12206.0,12145.0,12186.0,1.6687
1764140400,12194.0,12203.0,12161.0,12182.0,1.9443
1764144000,12188.0,12191.0,12081.0,12081.0,1.567
1764147600,12081.0,12083.0,12052.0,12053.0,2.4783
1764151200,12084.0,12096.0,12071.0,12093.0,2.6697
1764154800,12076.0,12099.0,12075.0,12098.0,9.0402
1764158400,12099.0,12100.0,11920.0,12046.0,43.2334
1764162000,12045.0,12156.0,12045.0,12147.0,7.5993
1764165600,12158.0,12216.0,12122.0,12122.0,5.6345
1764169200,12077.0,12178.0,12077.0,12143.0,3.0183
1764172800,12154.0,12272.0,12154.0,12225.0,5.313
1764176400,12222.0,12551.0,12216.0,12542.0,48.0584
1764180000,12552.0,12599.0,12488.0,12534.0,5.3458
1764183600,12571.0,12571.0,12503.0,12557.0,10.8624
1764187200,12547.0,12547.0,12471.0,12526.0,3.9738
1764190800,12512.0,12556.0,12511.0,12511.0,5.0106
1764194400,12507.0,12533.0,12507.0,12526.0,1.7645
1764198000,12538.0,12549.0,12511.0,12540.0,1.7515
1764201600,12540.0,12581.0,12463.0,12560.0,13.3737
1764205200,12599.0,12637.0,12527.0,12637.0,3.2072
1764208800,12614.0,12684.0,12576.0,12576.0,10.7752
1764212400,12575.0,12614.0,12546.0,12555.0,7.959
1764216000,12553.0,12606.0,12546.0,12578.0,12.2295
1764219600,12581.0,12587.0,12512.0,12522.0,9.6326
1764223200,12521.0,12558.0,12521.0,12535.0,12.3225
1764226800,12534.0,12557.0,12533.0,12552.0,6.5307
1764230400,12558.0,12558.0,12522.0,12541.0,5.7887
1764234000,12534.0,12593.0,12534.0,12555.0,4.0752
1764237600,12545.0,12570.0,12544.0,12570.0,2.3363
1764241200,12569.0,12570.0,12557.0,12561.0,3.6839
1764244800,12557.0,12557.0,12431.0,12431.0,13.5755
1764248400,12431.0,12457.0,12424.0,12436.0,5.1023
1764252000,12436.0,12446.0,12414.0,12428.0,2.336
1764255600,12490.0,12499.0,12430.0,12499.0,4.1444
1764259200,12500.0,12551.0,12483.0,12551.0,3.3982
1764262800,12551.0,12551.0,12521.0,12535.0,4.5272
1764266400,12525.0,12600.0,12525.0,12600.0,0.609
1764270000,12591.0,12591.0,12562.0,12577.0,0.6242
1764273600,12575.0,12603.0,12575.0,12603.0,2.5149
1764277200,12602.0,12603.0,12585.0,12603.0,1.7087
1764280800,12582.0,12582.0,12482.0,12483.0,1.5801
1764284400,12507.0,12528.0,12489.0,12504.0,1.1073
1764288000,12502.0,12516.0,12493.0,12493.0,6.6544
1764291600,12493.0,12493.0,12423.0,12434.0,3.3181
1764295200,12435.0,12482.0,12432.0,12482.0,3.5684
1764298800,12481.0,12483.0,12450.0,12460.0,7.0016
1764302400,12461.0,12499.0,12461.0,12493.0,1.3728
1764306000,12492.0,12526.0,12492.0,12520.0,1.1673
1764309600,12521.0,12521.0,12464.0,12480.0,2.9337
1764313200,12484.0,12521.0,12452.0,12453.0,2.198
1764316800,12454.0,12707.0,12454.0,12674.0,18.9486
1764320400,12675.0,12690.0,12632.0,12635.0,12.1256
1764324000,12641.0,12665.0,12610.0,12662.0,6.829
1764327600,12651.0,12651.0,12499.0,12561.0,7.4397
1764331200,12591.0,12591.0,12552.0,12579.0,2.7754
1764334800,12576.0,12762.0,12552.0,12735.0,11.1368
1764338400,12729.0,12814.0,12662.0,12691.0,5.8193
1764342000,12700.0,12788.0,12687.0,12731.0,2.1486
1764345600,12701.0,12701.0,12550.0,12583.0,10.8252
1764349200,12523.0,12604.0,12512.0,12604.0,1.8222
1764352800,12569.0,12632.0,12569.0,12615.0,2.7812
1764356400,12609.0,12674.0,12609.0,12652.0,0.8584
1764360000,12650.0,12684.0,12614.0,12684.0,1.0436
1764363600,12640.0,12642.0,12631.0,12631.0,1.7024
1764367200,12600.0,12612.0,12562.0,12612.0,3.2545
1764370800,12631.0,12631.0,12582.0,12582.0,0.0666
1764374400,12593.0,12610.0,12593.0,12602.0,4.1266
1764378000,12609.0,12650.0,12604.0,12621.0,6.0946
1764381600,12622.0,12622.0,12565.0,12573.0,37.2879
1764385200,12588.0,12595.0,12545.0,12545.0,2.0084
1764388800,12545.0,12602.0,12544.0,12602.0,1.8555
1764392400,12614.0,12621.0,12598.0,12598.0,0.2326
1764396000,12593.0,12606.0,12450.0,12478.0,11.8709
1764399600,12479.0,12502.0,12456.0,12461.0,8.3967
1764403200,12476.0,12488.0,12472.0,12473.0,1.7258
1764406800,12482.0,12482.0,12464.0,12464.0,0.3296
1764410400,12462.0,12466.0,12425.0,12454.0,3.7927
1764414000,12454.0,12454.0,12429.0,12447.0,1.8928
1764417600,12448.0,12451.0,12430.0,12443.0,2.5052
1764421200,12441.0,12456.0,12434.0,12452.0,3.3055
1764424800,12452.0,12452.0,12419.0,12419.0,3.0318
1764428400,12410.0,12497.0,12410.0,12483.0,2.3201
1764432000,12476.0,12498.0,12465.0,12469.0,1.0088
1764435600,12471.0,12471.0,12345.0,12346.0,3.806
1764439200,12343.0,12430.0,12333.0,12430.0,8.6866
1764442800,12442.0,12443.0,12433.0,12433.0,0.3677
1764446400,12404.0,12441.0,12384.0,12441.0,1.7887
1764450000,12428.0,12433.0,12428.0,12433.0,0.9774
1764453600,12426.0,12426.0,12396.0,12416.0,0.1764
1764457200,12414.0,12422.0,12400.0,12413.0,0.2875
1764460800,12414.0,12447.0,12414.0,12438.0,1.0643
1764464400,12455.0,12495.0,12455.0,12481.0,3.2535
1764468000,12496.0,12499.0,12428.0,12428.0,1.341
1764471600,12428.0,12474.0,12368.0,12466.0,3.0014
1764475200,12465.0,12466.0,12451.0,12451.0,0.2624
1764478800,12451.0,12452.0,12412.0,12431.0,0.8929
1764482400,12428.0,12447.0,12414.0,12447.0,0.4095
1764486000,12444.0,12479.0,12444.0,12478.0,1.9453
1764489600,12480.0,12500.0,12462.0,12488.0,1.7985
1764493200,12489.0,12489.0,12475.0,12485.0,1.0622
1764496800,12481.0,12497.0,12481.0,12497.0,2.2909
1764500400,12505.0,12508.0,12463.0,12470.0,3.1214
1764504000,12469.0,12578.0,12469.0,12573.0,2.6529
1764507600,12569.0,12673.0,12566.0,12665.0,3.9781
1764511200,12655.0,12655.0,12591.0,12600.0,1.6493
1764514800,12602.0,12614.0,12574.0,12586.0,2.1422
1764518400,12586.0,12656.0,12586.0,12639.0,2.3018
1764522000,12628.0,12644.0,12601.0,12625.0,1.4238
1764525600,12600.0,12600.0,12599.0,12599.0,0.1595
1764529200,12599.0,12599.0,12599.0,12599.0,0.0541
1764532800,12597.0,12611.0,12570.0,12570.0,0.0533
1764536400,12571.0,12571.0,12536.0,12553.0,6.25
1764540000,12558.0,12584.0,12556.0,12572.0,1.1944
1764543600,12595.0,12595.0,12430.0,12430.0,9.414
1764547200,12430.0,12430.0,11776.0,11798.0,109.5805
1764550800,11798.0,11860.0,11784.0,11822.0,22.2059
1764554400,11817.0,11909.0,11748.0,11770.0,18.355
1764558000,11749.0,11760.0,11688.0,11703.0,13.1873
1764561600,11700.0,11704.0,11650.0,11689.0,10.9491
1764565200,11689.0,11723.0,11660.0,11715.0,6.9659
1764568800,11715.0,11739.0,11701.0,11714.0,8.7491
1764572400,11714.0,11778.0,11712.0,11773.0,5.6858
1764576000,11773.0,11785.0,11754.0,11762.0,8.3525
1764579600,11766.0,11800.0,11749.0,11761.0,4.1778
1764583200,11769.0,11785.0,11760.0,11778.0,9.6178
1764586800,11787.0,11795.0,11766.0,11767.0,2.4614
1764590400,11772.0,11772.0,11611.0,11687.0,13.4224
1764594000,11698.0,11750.0,11635.0,11663.0,4.3229
1764597600,11665.0,11718.0,11639.0,11679.0,11.6182
1764601200,11675.0,11675.0,11283.0,11372.0,42.2162
1764604800,11384.0,11414.0,11286.0,11322.0,5.6077
1764608400,11346.0,11402.0,11333.0,11402.0,2.2216
1764612000,11416.0,11418.0,11339.0,11408.0,2.755
1764615600,11397.0,11397.0,11348.0,11351.0,0.348
1764619200,11450.0,11468.0,11386.0,11430.0,0.4743
1764622800,11459.0,11590.0,11459.0,11573.0,4.2931
1764626400,11579.0,11652.0,11578.0,11628.0,3.231
1764630000,11638.0,11678.0,11610.0,11620.0,3.9101
1764633600,11601.0,11614.0,11559.0,11593.0,4.0686
1764637200,11594.0,11700.0,11589.0,11598.0,11.0559
1764640800,11597.0,11661.0,11579.0,11625.0,4.7529
1764644400,11614.0,11637.0,11562.0,11637.0,2.1647
1764648000,11651.0,11656.0,11600.0,11642.0,1.8343
1764651600,11632.0,11638.0,11611.0,11624.0,3.0213
1764655200,11623.0,11674.0,11619.0,11664.0,3.9647
1764658800,11668.0,11668.0,11645.0,11645.0,2.4152
1764662400,11646.0,11646.0,11562.0,11600.0,2.7887
1764666000,11610.0,11647.0,11603.0,11606.0,2.4852
1764669600,11618.0,11734.0,11617.0,11722.0,2.7199
1764673200,11709.0,11743.0,11688.0,11718.0,4.9127
1764676800,11733.0,11736.0,11701.0,11727.0,9.423
1764680400,11736.0,11808.0,11716.0,11808.0,4.8755
1764684000,11801.0,12046.0,11798.0,12011.0,17.0576
1764687600,12011.0,12499.0,12011.0,12459.0,81.7186
1764691200,12459.0,12500.0,12380.0,12412.0,16.0389
1764694800,12420.0,12545.0,12409.0,12479.0,9.6583
1764698400,12488.0,12529.0,12454.0,12454.0,8.5614
1764702000,12501.0,12518.0,12499.0,12514.0,0.6957
1764705600,12451.0,12451.0,12317.0,12337.0,3.9382
1764709200,12358.0,12380.0,12347.0,12376.0,2.9709
1764712800,12405.0,12480.0,12405.0,12478.0,5.9714
1764716400,12484.0,12485.0,12391.0,12391.0,2.445
1764720000,12404.0,12404.0,12343.0,12402.0,8.5284
1764723600,12404.0,12477.0,12392.0,12469.0,6.2022
1764727200,12447.0,12550.0,12447.0,12514.0,5.365
1764730800,12496.0,12531.0,12474.0,12513.0,4.5363
1764734400,12516.0,12606.0,12515.0,12606.0,5.497
1764738000,12605.0,12645.0,12578.0,12620.0,7.2633
1764741600,12620.0,12703.0,12620.0,12660.0,11.3076
1764745200,12660.0,12661.0,12622.0,12628.0,6.3244
1764748800,12628.0,12628.0,12585.0,12593.0,5.1491
1764752400,12593.0,12600.0,12553.0,12600.0,3.298
1764756000,12600.0,12672.0,12591.0,12597.0,4.3695
1764759600,12602.0,12678.0,12602.0,12678.0,4.9805
1764763200,12675.0,12715.0,12658.0,12715.0,2.5625
1764766800,12712.0,12768.0,12712.0,12768.0,9.0161
1764770400,12759.0,12945.0,12529.0,12704.0,21.9933
1764774000,12715.0,12819.0,12618.0,12726.0,4.2952
1764777600,12722.0,12794.0,12625.0,12741.0,3.1187
1764781200,12742.0,12911.0,12742.0,12899.0,1.6362
1764784800,12912.0,12934.0,12811.0,12811.0,3.5935
1764788400,12842.0,12890.0,12842.0,12890.0,0.2831
1764792000,12871.0,12999.0,12871.0,12918.0,7.8805
1764795600,12906.0,13000.0,12906.0,13000.0,9.815
1764799200,13000.0,13125.0,12966.0,13125.0,31.457
1764802800,13127.0,13188.0,13091.0,13126.0,25.3236
1764806400,13123.0,13188.0,13074.0,13158.0,10.4852
1764810000,13182.0,13318.0,13182.0,13190.0,24.2529
1764813600,13189.0,13250.0,13171.0,13248.0,11.5662
1764817200,13246.0,13253.0,13178.0,13187.0,5.2733
1764820800,13187.0,13200.0,13093.0,13102.0,9.4064
1764824400,13104.0,13107.0,13029.0,13072.0,6.7749
1764828000,13072.0,13197.0,13069.0,13161.0,6.9261
1764831600,13160.0,13160.0,13078.0,13094.0,7.8076
1764835200,13074.0,13115.0,13029.0,13046.0,6.9393
1764838800,13103.0,13150.0,13085.0,13147.0,0.7288
1764842400,13131.0,13131.0,13109.0,13109.0,6.0142
1764846000,13087.0,13109.0,13059.0,13084.0,2.1713
1764849600,13084.0,13102.0,13039.0,13039.0,1.7129
1764853200,13044.0,13060.0,12999.0,13031.0,7.5117
1764856800,13027.0,13093.0,12918.0,12920.0,15.4149
1764860400,12934.0,13200.0,12934.0,13180.0,9.9304
1764864000,13178.0,13244.0,13021.0,13021.0,4.9302
1764867600,13042.0,13042.0,12938.0,12974.0,3.3174
1764871200,12961.0,13001.0,12919.0,12919.0,2.0477
1764874800,12897.0,12897.0,12651.0,12845.0,13.2533
1764878400,12809.0,12930.0,12809.0,12920.0,5.5664
1764882000,12920.0,12920.0,12878.0,12904.0,1.168
1764885600,12879.0,12950.0,12879.0,12944.0,1.3148
1764889200,12920.0,12936.0,12901.0,12906.0,7.0262
1764892800,12911.0,12998.0,12911.0,12976.0,7.4184
1764896400,12969.0,13041.0,12969.0,13041.0,5.8192
1764900000,13031.0,13133.0,13012.0,13118.0,9.3341
1764903600,13127.0,13142.0,13060.0,13062.0,1.1839
1764907200,13089.0,13093.0,13001.0,13013.0,13.3924
1764910800,13063.0,13063.0,13000.0,13000.0,1.86
1764914400,13024.0,13050.0,13015.0,13021.0,1.6006
1764918000,13030.0,13073.0,13030.0,13034.0,1.7611
1764921600,13029.0,13029.0,12949.0,12949.0,4.7269
1764925200,12946.0,12946.0,12802.0,12827.0,8.1204
1764928800,12843.0,12942.0,12843.0,12922.0,4.3975
1764932400,12910.0,12928.0,12830.0,12903.0,1.4608
1764936000,12884.0,12906.0,12846.0,12883.0,1.9863
1764939600,12845.0,12887.0,12730.0,12787.0,10.7816
1764943200,12778.0,12846.0,12700.0,12787.0,8.2154
1764946800,12812.0,12966.0,12785.0,12800.0,8.6081
1764950400,12803.0,12803.0,12414.0,12523.0,46.5101
1764954000,12504.0,12508.0,12440.0,12508.0,2.8564
1764957600,12519.0,12619.0,12410.0,12410.0,7.7981
1764961200,12400.0,12540.0,12300.0,12540.0,7.0178
1764964800,12537.0,12573.0,12496.0,12496.0,3.6323
1764968400,12482.0,12517.0,12465.0,12465.0,0.8488
1764972000,12453.0,12523.0,12453.0,12516.0,0.6759
1764975600,12515.0,12515.0,12454.0,12496.0,2.4606
1764979200,12496.0,12508.0,12452.0,12507.0,9.763
1764982800,12496.0,12534.0,12495.0,12513.0,1.2651
1764986400,12513.0,12518.0,12497.0,12517.0,3.2795
1764990000,12522.0,12586.0,12521.0,12565.0,0.507
1764993600,12565.0,12574.0,12539.0,12544.0,1.1605
1764997200,12551.0,12567.0,12543.0,12567.0,1.9587
1765000800,12557.0,12567.0,12552.0,12561.0,0.6908
1765004400,12564.0,12564.0,12516.0,12516.0,2.9177
1765008000,12510.0,12510.0,12464.0,12477.0,2.9398
1765011600,12467.0,12537.0,12467.0,12532.0,18.2087
1765015200,12532.0,12541.0,12513.0,12513.0,3.6187
1765018800,12539.0,12561.0,12539.0,12561.0,0.3386
1765022400,12569.0,12569.0,12548.0,12551.0,3.1233
1765026000,12535.0,12559.0,12535.0,12555.0,0.4116
1765029600,12556.0,12642.0,12556.0,12616.0,4.2173
1765033200,12615.0,12615.0,12535.0,12589.0,2.3362
1765036800,12599.0,12655.0,12599.0,12633.0,2.152
1765040400,12608.0,12645.0,12606.0,12615.0,0.9618
1765044000,12627.0,12627.0,12590.0,12590.0,0.0666
1765047600,12579.0,12580.0,12518.0,12532.0,9.2146
1765051200,12532.0,12532.0,12532.0,12532.0,0.0
1765054800,12563.0,12581.0,12563.0,12577.0,0.0785
1765058400,12570.0,12622.0,12570.0,12594.0,0.1545
1765062000,12551.0,12568.0,12536.0,12565.0,0.3936
1765065600,12565.0,12590.0,12542.0,12590.0,2.0643
1765069200,12589.0,12600.0,12583.0,12590.0,9.7744
1765072800,12584.0,12605.0,12584.0,12587.0,4.5271
1765076400,12623.0,12628.0,12618.0,12628.0,2.8046
1765080000,12625.0,12632.0,12590.0,12594.0,3.406
1765083600,12599.0,12599.0,12589.0,12592.0,3.0697
1765087200,12591.0,12594.0,12591.0,12592.0,2.3149
1765090800,12590.0,12590.0,12536.0,12536.0,2.033
1765094400,12541.0,12568.0,12521.0,12567.0,3.1061
1765098000,12550.0,12551.0,12511.0,12511.0,18.2101
1765101600,12532.0,12566.0,12532.0,12566.0,0.0658
1765105200,12570.0,12570.0,12553.0,12553.0,0.2972
1765108800,12567.0,12601.0,12567.0,12601.0,2.0116
1765112400,12600.0,12600.0,12530.0,12530.0,2.573
1765116000,12532.0,12533.0,12080.0,12163.0,32.3772
1765119600,12164.0,12514.0,12161.0,12495.0,10.504
1765123200,12489.0,12525.0,12420.0,12525.0,4.8505
1765126800,12529.0,12919.0,12523.0,12861.0,16.9571
1765130400,12868.0,12992.0,12868.0,12917.0,10.7539
1765134000,12896.0,12942.0,12887.0,12942.0,12.3529
1765137600,12936.0,12974.0,12933.0,12964.0,12.4731
1765141200,12920.0,12928.0,12700.0,12700.0,6.0692
1765144800,12718.0,12718.0,12472.0,12472.0,11.1181
1765148400,12505.0,12635.0,12505.0,12635.0,2.5899
1765152000,12638.0,12688.0,12579.0,12651.0,2.162
1765155600,12650.0,12911.0,12650.0,12779.0,10.6669
1765159200,12793.0,12841.0,12763.0,12828.0,8.8615
1765162800,12831.0,12844.0,12790.0,12825.0,8.5407
1765166400,12834.0,12900.0,12822.0,12878.0,7.1963
1765170000,12881.0,12925.0,12866.0,12891.0,9.3664
1765173600,12884.0,12903.0,12863.0,12881.0,1.3175
1765177200,12881.0,12900.0,12864.0,12886.0,3.0411
1765180800,12883.0,12935.0,12873.0,12935.0,5.2802
1765184400,12935.0,13062.0,12935.0,12990.0,8.4956
1765188000,12990.0,13016.0,12990.0,13016.0,6.8167
1765191600,13025.0,13025.0,12938.0,12954.0,5.9241
1765195200,12942.0,12944.0,12877.0,12902.0,7.1735
1765198800,12912.0,12993.0,12912.0,12962.0,2.3186
1765202400,12960.0,13066.0,12897.0,12908.0,15.4243
1765206000,12896.0,12896.0,12751.0,12790.0,4.4062
1765209600,12782.0,12885.0,12751.0,12791.0,8.5212
1765213200,12789.0,12841.0,12789.0,12800.0,1.8879
1765216800,12854.0,12871.0,12719.0,12719.0,0.8095
1765220400,12794.0,12851.0,12794.0,12850.0,2.8253
1765224000,12889.0,12905.0,12876.0,12876.0,0.2671
1765227600,12914.0,12973.0,12893.0,12933.0,0.9542
1765231200,12934.0,12934.0,12847.0,12890.0,0.1303
1765234800,12898.0,12898.0,12842.0,12873.0,0.9243
1765238400,12879.0,12921.0,12861.0,12861.0,14.6563
1765242000,12856.0,12883.0,12785.0,12814.0,5.9897
1765245600,12831.0,12831.0,12800.0,12800.0,6.3331
1765249200,12790.0,12889.0,12774.0,12889.0,1.4513
1765252800,12890.0,12892.0,12821.0,12822.0,3.527
1765256400,12822.0,12853.0,12801.0,12821.0,2.8069
1765260000,12853.0,12853.0,12783.0,12846.0,0.2659
1765263600,12856.0,12892.0,12844.0,12890.0,0.716
1765267200,12880.0,12898.0,12853.0,12873.0,0.6151
1765270800,12847.0,12856.0,12789.0,12789.0,2.2193
1765274400,12780.0,12806.0,12752.0,12787.0,7.7086
1765278000,12787.0,12810.0,12776.0,12810.0,0.3395
1765281600,12836.0,12927.0,12835.0,12927.0,1.4146
1765285200,12916.0,12919.0,12805.0,12836.0,6.5023
1765288800,12836.0,12849.0,12785.0,12820.0,4.2366
1765292400,12852.0,13358.0,12852.0,13350.0,50.6413
1765296000,13358.0,13811.0,13358.0,13808.0,183.3306
1765299600,13809.0,13900.0,13764.0,13795.0,54.1209
1765303200,13800.0,13839.0,13761.0,13800.0,17.5098
1765306800,13800.0,13800.0,13731.0,13734.0,5.1859
1765310400,13702.0,13719.0,13526.0,13598.0,8.4483
1765314000,13607.0,13637.0,13439.0,13484.0,11.9807
1765317600,13490.0,13644.0,13485.0,13633.0,24.7521
1765321200,13633.0,13643.0,13570.0,13585.0,7.1505
1765324800,13572.0,13603.0,13518.0,13569.0,11.144
1765328400,13555.0,13564.0,13488.0,13519.0,4.4667
1765332000,13519.0,13579.0,13510.0,13579.0,13.0199
1765335600,13579.0,13611.0,13579.0,13597.0,9.4419
1765339200,13597.0,13640.0,13595.0,13638.0,26.4916
1765342800,13638.0,13681.0,13620.0,13642.0,11.7404
1765346400,13642.0,13642.0,13641.0,13642.0,3.6313
1765350000,13642.0,13650.0,13623.0,13650.0,5.1308
1765353600,13656.0,13688.0,13656.0,13674.0,5.9969
1765357200,13672.0,13750.0,13650.0,13750.0,6.9378
1765360800,13750.0,13848.0,13640.0,13645.0,14.9352
1765364400,13639.0,13651.0,13600.0,13636.0,7.6953
1765368000,13636.0,13659.0,13628.0,13659.0,3.4314
1765371600,13659.0,13731.0,13657.0,13718.0,40.6192
1765375200,13713.0,13713.0,13611.0,13657.0,13.2698
1765378800,13670.0,13735.0,13645.0,13674.0,15.3876
1765382400,13673.0,13824.0,13673.0,13801.0,12.8266
1765386000,13800.0,13901.0,13796.0,13870.0,26.7138
1765389600,13852.0,14080.0,13848.0,13880.0,28.9537
1765393200,13922.0,14100.0,13800.0,13924.0,13.9601
1765396800,13913.0,14125.0,13774.0,13774.0,15.4672
1765400400,13768.0,13835.0,13705.0,13764.0,5.1044
1765404000,13774.0,13774.0,13683.0,13759.0,0.7657
1765407600,13756.0,13756.0,13667.0,13667.0,3.0057
1765411200,13691.0,13691.0,13402.0,13476.0,17.6838
1765414800,13477.0,13478.0,13343.0,13383.0,15.9763
1765418400,13383.0,13383.0,13182.0,13195.0,29.9242
1765422000,13195.0,13195.0,13051.0,13133.0,20.223
1765425600,13125.0,13232.0,13122.0,13232.0,14.3702
1765429200,13232.0,13237.0,13173.0,13236.0,4.6591
1765432800,13223.0,13231.0,13185.0,13203.0,3.6617
1765436400,13198.0,13205.0,13182.0,13199.0,0.3275
1765440000,13197.0,13197.0,13123.0,13178.0,35.1465
1765443600,13196.0,13230.0,13187.0,13198.0,6.3292
1765447200,13199.0,13199.0,13142.0,13142.0,0.405
1765450800,13175.0,13187.0,13170.0,13176.0,4.4341
1765454400,13177.0,13214.0,13157.0,13201.0,2.5646
1765458000,13209.0,13209.0,13161.0,13167.0,4.4136
1765461600,13162.0,13169.0,12994.0,13046.0,25.243
1765465200,13011.0,13196.0,13011.0,13085.0,6.6717
1765468800,13107.0,13153.0,13017.0,13108.0,1.3366
1765472400,13093.0,13172.0,13093.0,13144.0,0.5122
1765476000,13195.0,13329.0,13183.0,13192.0,2.88
1765479600,13165.0,13257.0,13165.0,13212.0,3.8868
1765483200,13218.0,13261.0,13205.0,13261.0,1.8292
1765486800,13297.0,13439.0,13297.0,13381.0,4.2639
1765490400,13382.0,13415.0,13316.0,13318.0,3.4844
1765494000,13338.0,13347.0,13295.0,13318.0,5.4349
1765497600,13318.0,13318.0,13155.0,13155.0,3.3308
1765501200,13154.0,13334.0,13154.0,13281.0,1.85
1765504800,13282.0,13398.0,13281.0,13389.0,8.9033
1765508400,13374.0,13396.0,13313.0,13340.0,1.8363
1765512000,13334.0,13334.0,13307.0,13323.0,1.9974
1765515600,13321.0,13321.0,13275.0,13316.0,5.0255
1765519200,13318.0,13367.0,13318.0,13333.0,14.954
1765522800,13330.0,13336.0,13319.0,13336.0,0.6025
1765526400,13312.0,13312.0,13266.0,13282.0,1.0729
1765530000,13289.0,13330.0,13267.0,13330.0,1.2408
1765533600,13330.0,13330.0,13300.0,13311.0,0.2616
1765537200,13307.0,13307.0,13265.0,13280.0,2.0343
1765540800,13281.0,13281.0,13280.0,13280.0,0.0483
1765544400,13288.0,13319.0,13288.0,13297.0,2.9606
1765548000,13279.0,13289.0,13239.0,13259.0,3.7969
1765551600,13243.0,13243.0,12620.0,12623.0,37.696
1765555200,12619.0,12695.0,12554.0,12614.0,44.1066
1765558800,12633.0,12736.0,12622.0,12638.0,25.6132
1765562400,12639.0,12716.0,12639.0,12688.0,6.4079
1765566000,12688.0,12688.0,12622.0,12622.0,10.5582
1765569600,12646.0,12654.0,12639.0,12654.0,0.9368
1765573200,12689.0,12708.0,12676.0,12708.0,1.5456
1765576800,12693.0,12732.0,12693.0,12726.0,0.7126
1765580400,12738.0,12749.0,12710.0,12711.0,19.7606
1765584000,12713.0,12744.0,12710.0,12714.0,4.5749
1765587600,12714.0,12731.0,12687.0,12687.0,8.414
1765591200,12700.0,12721.0,12700.0,12709.0,6.0821
1765594800,12710.0,12737.0,12710.0,12730.0,1.6711
1765598400,12729.0,12740.0,12728.0,12737.0,7.3783
1765602000,12736.0,12736.0,12717.0,12725.0,3.3082
1765605600,12727.0,12747.0,12710.0,12747.0,1.86
1765609200,12747.0,12750.0,12746.0,12750.0,2.407
1765612800,12750.0,12877.0,12750.0,12846.0,2.958
1765616400,12840.0,12860.0,12834.0,12860.0,0.2718
1765620000,12852.0,12913.0,12852.0,12896.0,0.8358
1765623600,12879.0,12879.0,12851.0,12853.0,0.5349
1765627200,12866.0,12876.0,12824.0,12830.0,8.873
1765630800,12852.0,12852.0,12757.0,12790.0,1.5031
1765634400,12812.0,12823.0,12760.0,12808.0,2.0974
1765638000,12809.0,12851.0,12801.0,12806.0,0.746
1765641600,12800.0,12800.0,12781.0,12789.0,1.611
1765645200,12782.0,12782.0,12757.0,12762.0,0.5421
1765648800,12771.0,12792.0,12771.0,12790.0,1.3457
1765652400,12769.0,12800.0,12769.0,12800.0,0.5999
1765656000,12797.0,12797.0,12797.0,12797.0,0.0025
1765659600,12759.0,12794.0,12701.0,12794.0,2.0839
1765663200,12832.0,12832.0,12825.0,12826.0,0.0119
1765666800,12822.0,12827.0,12804.0,12821.0,8.6595
1765670400,12826.0,12829.0,12788.0,12829.0,1.0347
1765674000,12829.0,12840.0,12820.0,12833.0,2.8607
1765677600,12839.0,12840.0,12829.0,12837.0,5.7566
1765681200,12840.0,12840.0,12831.0,12831.0,11.7721
1765684800,12839.0,12840.0,12802.0,12802.0,2.2268
1765688400,12815.0,12818.0,12790.0,12817.0,11.1619
1765692000,12816.0,12816.0,12799.0,12802.0,0.3274
1765695600,12801.0,12809.0,12800.0,12808.0,1.868
1765699200,12809.0,12809.0,12798.0,12798.0,1.2109
1765702800,12803.0,12808.0,12799.0,12800.0,1.3218
1765706400,12799.0,12800.0,12753.0,12791.0,3.9773
1765710000,12789.0,12789.0,12576.0,12701.0,17.233
1765713600,12700.0,12770.0,12646.0,12762.0,8.3759
1765717200,12744.0,12744.0,12688.0,12735.0,7.3019
1765720800,12752.0,12752.0,12674.0,12700.0,2.7483
1765724400,12676.0,12697.0,12644.0,12688.0,1.5247
1765728000,12693.0,12756.0,12675.0,12742.0,1.5298
1765731600,12756.0,12770.0,12680.0,12705.0,13.8952
1765735200,12705.0,12755.0,12705.0,12755.0,1.7069
1765738800,12736.0,12739.0,12722.0,12739.0,0.4475
1765742400,12720.0,12720.0,12658.0,12720.0,0.7444
1765746000,12691.0,12714.0,12685.0,12695.0,1.1056
1765749600,12691.0,12700.0,12598.0,12623.0,3.3274
1765753200,12692.0,12700.0,12508.0,12601.0,25.1622
1765756800,12601.0,12676.0,12600.0,12651.0,9.1039
1765760400,12652.0,12810.0,12636.0,12782.0,8.2096
1765764000,12777.0,12920.0,12777.0,12806.0,17.0731
1765767600,12795.0,12807.0,12758.0,12779.0,3.9243
1765771200,12764.0,12820.0,12751.0,12811.0,0.7255
1765774800,12803.0,12806.0,12785.0,12787.0,1.2974
1765778400,12793.0,12879.0,12787.0,12859.0,3.6118
1765782000,12870.0,12870.0,12813.0,12813.0,1.0431
1765785600,12827.0,12877.0,12822.0,12877.0,2.724
1765789200,12880.0,12952.0,12880.0,12930.0,3.1409
1765792800,12932.0,13019.0,12931.0,12945.0,24.6271
1765796400,12962.0,12965.0,12915.0,12950.0,5.549
1765800000,12938.0,12965.0,12922.0,12959.0,7.7552
1765803600,12952.0,12952.0,12867.0,12892.0,8.0594
1765807200,12872.0,12900.0,12500.0,12537.0,23.193
1765810800,12500.0,12560.0,12321.0,12369.0,41.2807
1765814400,12369.0,12413.0,12252.0,12285.0,20.0111
1765818000,12307.0,12307.0,12100.0,12100.0,10.3777
1765821600,12099.0,12107.0,11964.0,12096.0,24.7482
1765825200,12135.0,12190.0,12084.0,12106.0,8.1651
1765828800,12095.0,12095.0,12054.0,12077.0,2.5637
1765832400,12065.0,12124.0,12030.0,12116.0,6.7695
1765836000,12120.0,12141.0,12104.0,12141.0,2.3144
1765839600,12147.0,12217.0,12147.0,12214.0,38.0333
1765843200,12214.0,12249.0,12106.0,12106.0,18.3924
1765846800,12129.0,12177.0,12090.0,12123.0,6.3165
1765850400,12121.0,12175.0,12095.0,12122.0,3.8151
1765854000,12110.0,12110.0,12030.0,12065.0,7.5848
1765857600,12051.0,12051.0,11845.0,11950.0,24.2808
1765861200,11965.0,12014.0,11965.0,12003.0,4.6716
1765864800,12002.0,12100.0,12002.0,12098.0,20.4066
1765868400,12100.0,12105.0,12011.0,12026.0,5.5463
1765872000,12029.0,12073.0,12011.0,12038.0,5.553
1765875600,12038.0,12040.0,12025.0,12029.0,1.261
1765879200,12028.0,12147.0,12012.0,12100.0,11.5795
1765882800,12071.0,12136.0,12070.0,12131.0,11.6361
1765886400,12133.0,12142.0,12105.0,12108.0,1.8841
1765890000,12106.0,12170.0,11951.0,11951.0,15.1858
1765893600,11950.0,12090.0,11875.0,12000.0,10.5475
1765897200,12040.0,12180.0,11963.0,12136.0,19.3543
1765900800,12137.0,12137.0,12020.0,12071.0,9.238
1765904400,12070.0,12099.0,12000.0,12000.0,2.4561
1765908000,11981.0,12177.0,11980.0,12177.0,0.9721
1765911600,12105.0,12109.0,11984.0,12109.0,1.7277
1765915200,12125.0,12125.0,12125.0,12125.0,0.003
1765918800,12067.0,12091.0,12067.0,12091.0,0.6137
1765922400,12108.0,12142.0,12108.0,12123.0,0.165
1765926000,12127.0,12171.0,12114.0,12164.0,0.4391
1765929600,12166.0,12166.0,12080.0,12090.0,5.8311
1765933200,12090.0,12165.0,12083.0,12089.0,1.9119
1765936800,12091.0,12122.0,12051.0,12113.0,2.4708
1765940400,12120.0,12122.0,12059.0,12061.0,2.7248
1765944000,12065.0,12072.0,11988.0,12007.0,2.735
1765947600,11997.0,12025.0,11950.0,12002.0,3.6304
1765951200,12003.0,12056.0,12003.0,12018.0,8.9239
1765954800,12033.0,12079.0,12026.0,12077.0,0.6076
1765958400,12051.0,12062.0,12000.0,12001.0,9.0973
1765962000,12000.0,12020.0,11984.0,11997.0,14.1505
1765965600,11990.0,11995.0,11954.0,11964.0,7.2594
1765969200,11976.0,12018.0,11976.0,12009.0,0.9898
1765972800,12021.0,12025.0,11965.0,11985.0,6.4374
1765976400,11985.0,12066.0,11970.0,12059.0,2.8472
1765980000,12069.0,12396.0,11870.0,12258.0,29.4319
1765983600,12274.0,12398.0,11895.0,11900.0,30.5106
1765987200,11896.0,11969.0,11650.0,11735.0,24.2417
1765990800,11768.0,11799.0,11686.0,11704.0,11.0275
1765994400,11729.0,11745.0,11540.0,11544.0,14.4039
1765998000,11528.0,11568.0,11482.0,11565.0,28.6402
1766001600,11574.0,11626.0,11529.0,11590.0,5.3014
1766005200,11613.0,11613.0,11569.0,11586.0,6.1086
1766008800,11585.0,11652.0,11564.0,11652.0,3.8488
1766012400,11647.0,11647.0,11589.0,11618.0,6.4971
1766016000,11618.0,11650.0,11618.0,11647.0,2.1038
1766019600,11648.0,11648.0,11601.0,11616.0,10.546
1766023200,11619.0,11684.0,11619.0,11663.0,7.8305
1766026800,11656.0,11658.0,11613.0,11632.0,3.6578
1766030400,11666.0,11666.0,11637.0,11662.0,3.6059
1766034000,11654.0,11654.0,11616.0,11616.0,13.0482
1766037600,11616.0,11627.0,11533.0,11609.0,24.5128
1766041200,11620.0,11637.0,11620.0,11637.0,0.3369
1766044800,11636.0,11683.0,11636.0,11662.0,5.8555
1766048400,11663.0,11707.0,11650.0,11701.0,15.4023
1766052000,11701.0,11740.0,11696.0,11736.0,8.8132
1766055600,11730.0,11733.0,11717.0,11732.0,11.4471
1766059200,11733.0,11792.0,11732.0,11770.0,23.9878
1766062800,11783.0,12187.0,11783.0,12167.0,13.6437
1766066400,12181.0,12248.0,12021.0,12111.0,24.6675
1766070000,12097.0,12268.0,12034.0,12126.0,13.3804
1766073600,12146.0,12148.0,12034.0,12056.0,10.1367
1766077200,12048.0,12048.0,11500.0,11629.0,27.199
1766080800,11624.0,11732.0,11586.0,11588.0,5.584
1766084400,11586.0,11607.0,11432.0,11432.0,27.348
1766088000,11462.0,11520.0,11360.0,11417.0,30.6854
1766091600,11485.0,11587.0,11485.0,11587.0,2.4063
1766095200,11602.0,11631.0,11568.0,11610.0,5.2206
1766098800,11610.0,11618.0,11602.0,11602.0,3.341
1766102400,11608.0,11640.0,11555.0,11604.0,12.2227
1766106000,11605.0,11605.0,11550.0,11575.0,12.2717
1766109600,11551.0,11617.0,11535.0,11617.0,7.0947
1766113200,11617.0,11995.0,11616.0,11874.0,23.2784
1766116800,11901.0,11987.0,11901.0,11956.0,13.6677
1766120400,11956.0,11968.0,11926.0,11968.0,6.4985
1766124000,11955.0,12048.0,11937.0,12037.0,8.7977
1766127600,12053.0,12180.0,12053.0,12055.0,9.6951
1766131200,12061.0,12097.0,12030.0,12050.0,4.3286
1766134800,12050.0,12068.0,12035.0,12055.0,5.5118
1766138400,12056.0,12085.0,12046.0,12062.0,13.9538
1766142000,12067.0,12134.0,12061.0,12112.0,2.9827
1766145600,12108.0,12108.0,12038.0,12075.0,4.484
1766149200,12074.0,12100.0,12074.0,12099.0,6.0901
1766152800,12100.0,12200.0,12041.0,12138.0,8.3026
1766156400,12120.0,12284.0,12077.0,12092.0,9.0614
1766160000,12092.0,12219.0,12092.0,12100.0,8.3589
1766163600,12101.0,12174.0,11976.0,11976.0,25.0914
1766167200,11990.0,12099.0,11990.0,12085.0,3.9386
1766170800,12098.0,12183.0,12098.0,12159.0,1.9773
1766174400,12154.0,12200.0,12154.0,12184.0,8.5087
1766178000,12185.0,12185.0,12145.0,12145.0,0.6614
1766181600,12145.0,12190.0,12145.0,12182.0,4.3641
1766185200,12181.0,12181.0,12150.0,12151.0,3.6307
1766188800,12142.0,12142.0,12132.0,12132.0,0.6767
1766192400,12130.0,12142.0,12130.0,12142.0,4.7878
1766196000,12135.0,12170.0,12135.0,12165.0,0.899
1766199600,12160.0,12185.0,12159.0,12183.0,1.9842
1766203200,12183.0,12183.0,12159.0,12169.0,3.4553
1766206800,12167.0,12171.0,12164.0,12164.0,2.7374
1766210400,12152.0,12163.0,12152.0,12160.0,7.0997
1766214000,12159.0,12170.0,12152.0,12167.0,1.9059
1766217600,12166.0,12190.0,12166.0,12183.0,1.8778
1766221200,12184.0,12187.0,12183.0,12186.0,3.6554
1766224800,12187.0,12187.0,12154.0,12166.0,1.7971
1766228400,12167.0,12194.0,12167.0,12194.0,2.4916
1766232000,12194.0,12204.0,12194.0,12203.0,1.065
1766235600,12203.0,12208.0,12150.0,12174.0,4.2332
1766239200,12163.0,12163.0,12141.0,12162.0,5.0517
1766242800,12158.0,12158.0,12133.0,12146.0,1.5325
1766246400,12146.0,12154.0,12144.0,12151.0,1.6709
1766250000,12150.0,12153.0,12150.0,12152.0,0.1594
1766253600,12152.0,12152.0,12151.0,12152.0,5.4937
1766257200,12155.0,12155.0,12155.0,12155.0,0.1424
1766260800,12156.0,12156.0,12156.0,12156.0,1.8322
1766264400,12162.0,12169.0,12162.0,12162.0,0.1223
1766268000,12162.0,12162.0,12140.0,12147.0,0.2328
1766271600,12147.0,12147.0,12138.0,12138.0,0.3355
1766275200,12140.0,12141.0,12139.0,12141.0,1.6716
1766278800,12140.0,12141.0,12083.0,12110.0,5.2285
1766282400,12113.0,12113.0,12094.0,12094.0,9.9202
1766286000,12100.0,12126.0,12100.0,12117.0,1.4376
1766289600,12117.0,12144.0,12117.0,12132.0,1.555
1766293200,12132.0,12141.0,12130.0,12130.0,2.4117
1766296800,12130.0,12138.0,12130.0,12134.0,9.2223
1766300400,12134.0,12140.0,12134.0,12140.0,1.3713
1766304000,12140.0,12200.0,12139.0,12185.0,3.8353
1766307600,12186.0,12261.0,12178.0,12230.0,3.9158
1766311200,12242.0,12254.0,12214.0,12214.0,3.3974
1766314800,12215.0,12224.0,12211.0,12221.0,2.9413
1766318400,12216.0,12233.0,12173.0,12188.0,3.939
1766322000,12195.0,12195.0,12028.0,12039.0,14.5584
1766325600,12024.0,12123.0,12024.0,12103.0,6.3138
1766329200,12109.0,12124.0,12099.0,12124.0,3.0342
1766332800,12123.0,12162.0,12116.0,12162.0,2.0108
1766336400,12163.0,12166.0,12151.0,12156.0,0.322
1766340000,12155.0,12158.0,12108.0,12158.0,1.3795
1766343600,12166.0,12189.0,12166.0,12183.0,1.3902
1766347200,12177.0,12197.0,12167.0,12167.0,0.1526
1766350800,12171.0,12171.0,12116.0,12118.0,0.5404
1766354400,12116.0,12182.0,12116.0,12182.0,1.8028
1766358000,12193.0,12249.0,12193.0,12233.0,12.9483
1766361600,12236.0,12448.0,12235.0,12345.0,13.1784
1766365200,12333.0,12409.0,12316.0,12326.0,12.8185
1766368800,12312.0,12362.0,12149.0,12287.0,3.6562
1766372400,12282.0,12346.0,12265.0,12322.0,1.8103
1766376000,12323.0,12394.0,12323.0,12386.0,3.9798
1766379600,12376.0,12376.0,12352.0,12354.0,1.3424
1766383200,12352.0,12358.0,12335.0,12339.0,5.061
1766386800,12335.0,12368.0,12335.0,12346.0,13.1974
1766390400,12350.0,12417.0,12333.0,12350.0,26.4071
1766394000,12348.0,12402.0,12348.0,12394.0,3.0975
1766397600,12406.0,12417.0,12377.0,12416.0,6.4564
1766401200,12402.0,12435.0,12402.0,12434.0,9.0245
1766404800,12435.0,12500.0,12424.0,12455.0,37.9561
1766408400,12457.0,12482.0,12443.0,12465.0,6.3136
1766412000,12467.0,12512.0,12392.0,12486.0,13.1277
1766415600,12465.0,12490.0,12345.0,12428.0,12.5345
1766419200,12429.0,12429.0,12381.0,12397.0,7.8408
1766422800,12397.0,12397.0,12336.0,12363.0,3.1704
1766426400,12363.0,12381.0,12285.0,12285.0,5.7602
1766430000,12283.0,12283.0,12152.0,12152.0,1.4385
1766433600,12168.0,12170.0,12122.0,12170.0,3.1153
1766437200,12171.0,12239.0,12171.0,12200.0,1.2274
1766440800,12206.0,12301.0,12191.0,12301.0,3.5809
1766444400,12291.0,12291.0,12277.0,12285.0,0.8659
1766448000,12287.0,12364.0,12287.0,12356.0,6.8321
1766451600,12349.0,12363.0,12324.0,12333.0,3.5344
1766455200,12323.0,12326.0,12207.0,12233.0,6.3561
1766458800,12203.0,12219.0,12158.0,12215.0,11.6385
1766462400,12214.0,12214.0,12172.0,12172.0,8.9106
1766466000,12171.0,12171.0,12115.0,12132.0,2.2096
1766469600,12133.0,12133.0,12030.0,12077.0,14.2847
1766473200,12077.0,12094.0,12075.0,12090.0,9.1222
1766476800,12094.0,12107.0,12083.0,12084.0,1.5536
1766480400,12087.0,12099.0,12054.0,12098.0,6.155
1766484000,12096.0,12112.0,12095.0,12103.0,4.503
1766487600,12103.0,12129.0,12100.0,12121.0,5.3844
1766491200,12122.0,12122.0,12064.0,12070.0,1.5353
1766494800,12072.0,12081.0,11991.0,12018.0,9.0749
1766498400,12038.0,12038.0,11857.0,11880.0,21.0786
1766502000,11904.0,11942.0,11887.0,11937.0,5.7493
1766505600,11933.0,12087.0,11933.0,12062.0,1.8617
1766509200,12062.0,12062.0,11892.0,11892.0,3.0402
1766512800,11944.0,12015.0,11944.0,12011.0,0.7936
1766516400,12019.0,12019.0,11976.0,11997.0,0.3808
1766520000,11997.0,12147.0,11997.0,12106.0,3.2893
1766523600,12104.0,12118.0,12084.0,12118.0,0.8662
1766527200,12118.0,12128.0,12040.0,12053.0,0.9242
1766530800,12053.0,12100.0,12053.0,12081.0,0.5693
1766534400,12082.0,12096.0,12067.0,12096.0,1.4491
1766538000,12107.0,12113.0,12064.0,12078.0,2.0456
1766541600,12078.0,12078.0,11916.0,11962.0,7.5681
1766545200,11961.0,11991.0,11903.0,11988.0,4.3051
1766548800,11991.0,12017.0,11951.0,11951.0,2.9711
1766552400,11953.0,11961.0,11850.0,11902.0,15.6761
1766556000,11911.0,11929.0,11883.0,11929.0,1.7765
1766559600,11922.0,11951.0,11921.0,11934.0,4.2508
1766563200,11923.0,11931.0,11876.0,11881.0,3.6163
1766566800,11881.0,11893.0,11851.0,11851.0,2.8486
1766570400,11856.0,11903.0,11854.0,11893.0,1.0715
1766574000,11891.0,11901.0,11877.0,11877.0,0.1945
1766577600,11877.0,11924.0,11877.0,11920.0,2.5315
1766581200,11914.0,11914.0,11876.0,11897.0,2.9769
1766584800,11910.0,11917.0,11760.0,11829.0,4.5031
1766588400,11843.0,11892.0,11805.0,11851.0,14.6323
1766592000,11860.0,11933.0,11852.0,11907.0,9.3339
1766595600,11925.0,11937.0,11910.0,11926.0,1.0094
1766599200,11903.0,11924.0,11903.0,11914.0,1.3078
1766602800,11916.0,11916.0,11902.0,11902.0,0.0188
1766606400,11929.0,11929.0,11917.0,11917.0,0.0892
1766610000,11930.0,11955.0,11930.0,11939.0,0.0277
1766613600,11976.0,11979.0,11976.0,11979.0,0.2379
1766617200,11978.0,11978.0,11934.0,11934.0,0.8893
1766620800,11937.0,11940.0,11920.0,11920.0,1.4565
1766624400,11921.0,11931.0,11921.0,11931.0,4.2857
1766628000,11931.0,11961.0,11931.0,11960.0,0.878
1766631600,11960.0,11960.0,11929.0,11930.0,1.8479
1766635200,11940.0,11940.0,11927.0,11934.0,1.4475
1766638800,11937.0,11938.0,11921.0,11936.0,2.1515
1766642400,11934.0,11939.0,11921.0,11939.0,0.9008
1766646000,11932.0,11934.0,11927.0,11934.0,0.9674
1766649600,11935.0,11941.0,11850.0,11879.0,3.9597
1766653200,11880.0,11887.0,11879.0,11886.0,3.0273
1766656800,11882.0,11882.0,11841.0,11841.0,0.5912
1766660400,11841.0,11883.0,11841.0,11873.0,1.4572
1766664000,11876.0,11881.0,11871.0,11881.0,0.3605
1766667600,11882.0,11893.0,11846.0,11891.0,3.4639
1766671200,11897.0,11911.0,11871.0,11911.0,2.8277
1766674800,11910.0,12044.0,11910.0,12014.0,5.7219
1766678400,12011.0,12020.0,11998.0,11998.0,8.1926
1766682000,11969.0,11974.0,11955.0,11973.0,0.0362
1766685600,11986.0,12006.0,11986.0,12006.0,0.1588
1766689200,12006.0,12006.0,12006.0,12006.0,0.0
1766692800,11999.0,11999.0,11964.0,11970.0,0.4721
1766696400,11978.0,11978.0,11971.0,11971.0,0.9961
1766700000,11963.0,11963.0,11840.0,11843.0,1.178
1766703600,11851.0,11871.0,11765.0,11802.0,8.492
1766707200,11797.0,11805.0,11770.0,11773.0,1.6829
1766710800,11777.0,11825.0,11777.0,11820.0,5.8036
1766714400,11812.0,12086.0,11810.0,12020.0,6.0428
1766718000,12028.0,12028.0,11963.0,11990.0,2.4075
1766721600,11951.0,12016.0,11951.0,12012.0,1.7148
1766725200,12011.0,12014.0,12001.0,12014.0,0.714
1766728800,12014.0,12041.0,12013.0,12041.0,2.7883
1766732400,12063.0,12078.0,11959.0,11959.0,2.3946
1766736000,11983.0,11983.0,11958.0,11958.0,3.4006
1766739600,11980.0,12023.0,11980.0,12013.0,0.5316
1766743200,12000.0,12019.0,11997.0,12019.0,1.5089
1766746800,12002.0,12002.0,11995.0,11995.0,0.718
1766750400,11997.0,12017.0,11997.0,12012.0,0.2169
1766754000,12012.0,12061.0,12012.0,12044.0,2.2511
1766757600,12050.0,12050.0,11800.0,11801.0,5.9569
1766761200,11800.0,11847.0,11765.0,11840.0,16.903
1766764800,11840.0,11848.0,11801.0,11801.0,2.1497
1766768400,11801.0,11873.0,11801.0,11830.0,6.5104
1766772000,11848.0,11874.0,11848.0,11874.0,1.295
1766775600,11851.0,11855.0,11851.0,11855.0,0.1835
1766779200,11869.0,11903.0,11858.0,11899.0,0.2409
1766782800,11893.0,11896.0,11886.0,11886.0,0.0871
1766786400,11875.0,11890.0,11861.0,11889.0,0.267
1766790000,11899.0,11899.0,11890.0,11891.0,0.6813
1766793600,11901.0,11901.0,11873.0,11893.0,0.2925
1766797200,11891.0,11892.0,11880.0,11892.0,0.6389
1766800800,11896.0,11897.0,11887.0,11897.0,0.7392
1766804400,11894.0,11910.0,11890.0,11909.0,0.6286
1766808000,11910.0,11910.0,11906.0,11907.0,0.6193
1766811600,11907.0,11907.0,11906.0,11906.0,1.4918
1766815200,11907.0,11907.0,11906.0,11907.0,0.6501
1766818800,11907.0,11919.0,11907.0,11917.0,1.5292
1766822400,11918.0,11926.0,11918.0,11926.0,0.0502
1766826000,11925.0,11928.0,11922.0,11922.0,2.8656
1766829600,11910.0,11913.0,11880.0,11887.0,2.5821
1766833200,11892.0,11899.0,11886.0,11899.0,1.8957
1766836800,11907.0,11910.0,11902.0,11910.0,1.4106
1766840400,11903.0,11910.0,11901.0,11910.0,0.1942
1766844000,11903.0,11903.0,11902.0,11902.0,0.2191
1766847600,11903.0,11903.0,11901.0,11901.0,0.9289
1766851200,11901.0,11901.0,11870.0,11870.0,1.2199
1766854800,11871.0,11896.0,11871.0,11896.0,0.6524
1766858400,11893.0,11893.0,11887.0,11887.0,0.0322
1766862000,11888.0,11897.0,11888.0,11897.0,0.0798
1766865600,11911.0,11911.0,11898.0,11898.0,0.0318
1766869200,11905.0,11905.0,11901.0,11902.0,2.4819
1766872800,11913.0,11963.0,11890.0,11892.0,2.1476
1766876400,11906.0,11988.0,11906.0,11961.0,1.9305
1766880000,11957.0,11957.0,11947.0,11953.0,0.1131
1766883600,11948.0,11948.0,11935.0,11938.0,0.0949
1766887200,11937.0,11949.0,11937.0,11949.0,0.9445
1766890800,11949.0,11949.0,11937.0,11938.0,1.1586
1766894400,11931.0,11948.0,11920.0,11920.0,0.7644
1766898000,11920.0,11928.0,11900.0,11908.0,0.8416
1766901600,11909.0,11934.0,11909.0,11932.0,2.3352
1766905200,11932.0,11932.0,11911.0,11912.0,3.9638
1766908800,11912.0,11938.0,11912.0,11924.0,1.3227
1766912400,11928.0,11935.0,11908.0,11908.0,0.5973
1766916000,11916.0,11942.0,11916.0,11942.0,0.3836
1766919600,11943.0,11943.0,11941.0,11941.0,0.4822
1766923200,11940.0,11941.0,11940.0,11940.0,3.4347
1766926800,11941.0,11941.0,11924.0,11924.0,7.5247
1766930400,11921.0,11964.0,11921.0,11943.0,1.936
1766934000,11954.0,11982.0,11947.0,11947.0,9.1904
1766937600,11954.0,11954.0,11920.0,11929.0,0.6343
1766941200,11927.0,11943.0,11927.0,11936.0,3.8914
1766944800,11935.0,11935.0,11870.0,11878.0,7.3907
1766948400,11877.0,11910.0,11877.0,11890.0,0.139
1766952000,11896.0,11896.0,11896.0,11896.0,0.042
1766955600,11890.0,11902.0,11890.0,11902.0,0.0347
1766959200,11907.0,11971.0,11907.0,11971.0,0.3516
1766962800,11932.0,11963.0,11931.0,11963.0,6.4617
1766966400,11954.0,12046.0,11944.0,12023.0,4.6861
1766970000,12011.0,12050.0,11971.0,12050.0,2.4695
1766973600,12050.0,12222.0,12050.0,12156.0,19.8646
1766977200,12157.0,12307.0,12157.0,12307.0,12.2741
1766980800,12310.0,12342.0,12305.0,12305.0,5.7803
1766984400,12305.0,12311.0,12281.0,12282.0,2.3989
1766988000,12282.0,12285.0,12259.0,12272.0,5.8599
1766991600,12273.0,12274.0,12197.0,12216.0,3.0644
1766995200,12211.0,12236.0,12192.0,12212.0,1.6695
1766998800,12198.0,12198.0,11948.0,12027.0,43.4019
1767002400,12040.0,12063.0,12014.0,12014.0,1.225
1767006000,12010.0,12017.0,12000.0,12011.0,1.9315
1767009600,12010.0,12010.0,11850.0,11890.0,16.8875
1767013200,11901.0,11911.0,11901.0,11906.0,12.8498
1767016800,11906.0,12034.0,11886.0,11893.0,15.5063
1767020400,11893.0,11962.0,11887.0,11929.0,5.3226
1767024000,11925.0,11930.0,11888.0,11930.0,1.9266
1767027600,11918.0,11919.0,11900.0,11917.0,0.2641
1767031200,11956.0,11957.0,11877.0,11877.0,2.4738
1767034800,11871.0,11940.0,11871.0,11929.0,0.38
1767038400,11947.0,11947.0,11913.0,11923.0,0.2093
1767042000,11922.0,11946.0,11922.0,11946.0,6.6469
1767045600,11942.0,11970.0,11942.0,11960.0,1.2145
1767049200,11965.0,11977.0,11939.0,11955.0,0.1008
1767052800,11955.0,11964.0,11933.0,11934.0,2.0279
1767056400,11934.0,11934.0,11915.0,11934.0,0.7375
1767060000,11927.0,11933.0,11891.0,11895.0,11.0491
1767063600,11898.0,11973.0,11888.0,11972.0,3.0269
1767067200,11972.0,11973.0,11941.0,11970.0,10.8925
1767070800,11950.0,11950.0,11905.0,11906.0,1.7227
1767074400,11906.0,11950.0,11906.0,11932.0,4.2646
1767078000,11920.0,11950.0,11920.0,11935.0,0.4668
1767081600,11937.0,12114.0,11937.0,12021.0,4.5319
1767085200,12010.0,12052.0,12000.0,12052.0,7.5954
1767088800,12040.0,12043.0,12023.0,12023.0,1.2557
1767092400,12023.0,12032.0,12023.0,12030.0,2.0938
1767096000,12030.0,12044.0,12024.0,12024.0,1.4522
1767099600,12047.0,12050.0,12039.0,12049.0,4.1008
1767103200,12049.0,12107.0,11953.0,12098.0,9.6402
1767106800,12077.0,12090.0,12006.0,12090.0,1.8
1767110400,12066.0,12074.0,12000.0,12038.0,1.8746
1767114000,12040.0,12053.0,11992.0,11995.0,8.9524
1767117600,11995.0,12003.0,11965.0,11965.0,4.8691
1767121200,11957.0,11970.0,11900.0,11970.0,2.4207
1767124800,11972.0,11978.0,11953.0,11953.0,1.305
1767128400,11931.0,11931.0,11931.0,11931.0,0.25
1767132000,11960.0,11960.0,11951.0,11953.0,0.2556
1767135600,11962.0,11975.0,11957.0,11975.0,8.3166
1767139200,11976.0,11976.0,11952.0,11959.0,0.4862
1767142800,11958.0,12028.0,11958.0,12011.0,0.761
1767146400,12005.0,12023.0,12003.0,12023.0,5.5996
1767150000,12023.0,12023.0,11972.0,11989.0,2.5858
1767153600,11989.0,12007.0,11989.0,11996.0,0.5711
1767157200,11996.0,12028.0,11996.0,12028.0,2.8726
1767160800,12018.0,12027.0,12008.0,12008.0,0.3477
1767164400,12009.0,12023.0,12005.0,12023.0,0.693
1767168000,12023.0,12031.0,11996.0,12007.0,13.7002
1767171600,12020.0,12055.0,12019.0,12052.0,3.6336
1767175200,12054.0,12063.0,12051.0,12063.0,1.5315
1767178800,12068.0,12146.0,12068.0,12146.0,1.533
1767182400,12142.0,12142.0,12085.0,12085.0,1.1722
1767186000,12095.0,12135.0,12095.0,12135.0,1.6662
1767189600,12135.0,12236.0,12120.0,12126.0,12.1451
1767193200,12125.0,12125.0,12050.0,12117.0,3.7565
1767196800,12100.0,12133.0,12028.0,12077.0,2.007
1767200400,12078.0,12090.0,12055.0,12072.0,8.7662
1767204000,12114.0,12114.0,12088.0,12088.0,0.0987
1767207600,12082.0,12093.0,12071.0,12071.0,0.1816
1767211200,12054.0,12097.0,12045.0,12097.0,2.4595
1767214800,12083.0,12110.0,12083.0,12106.0,0.1634
1767218400,12087.0,12087.0,12081.0,12084.0,0.1102
1767222000,12079.0,12088.0,12075.0,12077.0,3.7654
1767225600,12083.0,12123.0,12083.0,12119.0,4.0628
1767229200,12119.0,12162.0,12119.0,12153.0,3.5528
1767232800,12151.0,12152.0,12139.0,12141.0,3.7222
1767236400,12143.0,12154.0,12143.0,12152.0,4.9953
1767240000,12146.0,12146.0,12131.0,12131.0,1.3485
1767243600,12131.0,12134.0,12131.0,12134.0,5.7005
1767247200,12134.0,12134.0,12130.0,12131.0,4.2986
1767250800,12131.0,12136.0,12131.0,12136.0,4.301
1767254400,12136.0,12153.0,12136.0,12149.0,2.4188
1767258000,12150.0,12157.0,12150.0,12156.0,0.5565
1767261600,12158.0,12158.0,12151.0,12151.0,0.0194
1767265200,12157.0,12174.0,12157.0,12172.0,0.3678
1767268800,12178.0,12178.0,12166.0,12168.0,1.0774
1767272400,12171.0,12180.0,12165.0,12165.0,1.6906
1767276000,12164.0,12164.0,12144.0,12160.0,6.969
1767279600,12160.0,12183.0,12145.0,12179.0,5.6416
1767283200,12179.0,12179.0,12149.0,12149.0,0.9097
1767286800,12169.0,12229.0,12169.0,12184.0,1.0305
1767290400,12185.0,12185.0,12167.0,12168.0,9.282
1767294000,12169.0,12194.0,12169.0,12194.0,0.0967
1767297600,12168.0,12168.0,12168.0,12168.0,0.0074
1767301200,12167.0,12167.0,12167.0,12167.0,0.1203
1767304800,12177.0,12204.0,12176.0,12204.0,1.5192
1767308400,12210.0,12234.0,12181.0,12219.0,1.5645
1767312000,12215.0,12232.0,12198.0,12216.0,2.7578
1767315600,12228.0,12228.0,12195.0,12201.0,5.15
1767319200,12192.0,12192.0,12159.0,12186.0,1.1718
1767322800,12186.0,12277.0,12186.0,12250.0,10.7542
1767326400,12251.0,12257.0,12213.0,12213.0,13.0711
1767330000,12211.0,12221.0,12201.0,12210.0,3.4296
1767333600,12221.0,12298.0,12209.0,12260.0,5.2939
1767337200,12277.0,12277.0,12231.0,12231.0,2.8036
1767340800,12235.0,12278.0,12230.0,12277.0,1.0317
1767344400,12292.0,12337.0,12290.0,12337.0,10.7899
1767348000,12337.0,12388.0,12334.0,12371.0,13.0009
1767351600,12343.0,12348.0,12315.0,12333.0,2.2379
1767355200,12334.0,12363.0,12331.0,12339.0,1.8147
1767358800,12335.0,12363.0,12332.0,12363.0,1.7109
1767362400,12347.0,12546.0,12242.0,12481.0,32.5438
1767366000,12500.0,12526.0,12381.0,12471.0,4.8287
1767369600,12486.0,12699.0,12463.0,12644.0,35.8858
1767373200,12686.0,12729.0,12599.0,12632.0,7.9439
1767376800,12623.0,12666.0,12545.0,12575.0,4.2934
1767380400,12581.0,12638.0,12581.0,12638.0,0.2952
1767384000,12638.0,12638.0,12596.0,12607.0,2.6439
1767387600,12621.0,12640.0,12612.0,12640.0,2.4988
1767391200,12657.0,12694.0,12657.0,12674.0,1.7987
1767394800,12673.0,12673.0,12623.0,12626.0,2.7439
1767398400,12626.0,12670.0,12625.0,12670.0,2.7107
1767402000,12657.0,12659.0,12636.0,12650.0,4.3817
1767405600,12641.0,12649.0,12620.0,12635.0,1.5644
1767409200,12639.0,12650.0,12631.0,12650.0,6.1503
1767412800,12650.0,12650.0,12628.0,12628.0,2.1354
1767416400,12628.0,12629.0,12591.0,12608.0,2.2735
1767420000,12607.0,12627.0,12562.0,12571.0,1.9442
1767423600,12570.0,12570.0,12482.0,12515.0,7.24
1767427200,12524.0,12550.0,12500.0,12548.0,1.7586
1767430800,12548.0,12584.0,12524.0,12555.0,1.3627
1767434400,12549.0,12550.0,12522.0,12522.0,5.8154
1767438000,12522.0,12531.0,12506.0,12531.0,0.9263
1767441600,12529.0,12540.0,12512.0,12534.0,1.3278
1767445200,12538.0,12548.0,12538.0,12542.0,3.6885
1767448800,12543.0,12569.0,12540.0,12553.0,10.1635
1767452400,12545.0,12559.0,12538.0,12554.0,0.8631
1767456000,12541.0,12559.0,12530.0,12559.0,6.7165
1767459600,12554.0,12566.0,12553.0,12566.0,0.1651
1767463200,12561.0,12582.0,12561.0,12582.0,0.2314
1767466800,12580.0,12580.0,12580.0,12580.0,0.0079
1767470400,12580.0,12580.0,12580.0,12580.0,0.18
1767474000,12600.0,12612.0,12600.0,12612.0,0.082
1767477600,12605.0,12625.0,12605.0,12609.0,1.8466
1767481200,12620.0,12635.0,12615.0,12633.0,3.6175
1767484800,12638.0,12761.0,12638.0,12760.0,8.2232
1767488400,12760.0,12761.0,12709.0,12732.0,3.4048
1767492000,12723.0,12732.0,12696.0,12696.0,3.1746
1767495600,12701.0,12729.0,12700.0,12725.0,2.5757
1767499200,12723.0,12749.0,12719.0,12736.0,3.6124
1767502800,12730.0,12743.0,12725.0,12742.0,3.0344
1767506400,12742.0,12774.0,12718.0,12718.0,7.2207
1767510000,12717.0,12727.0,12701.0,12723.0,8.1406
1767513600,12722.0,12722.0,12669.0,12704.0,1.5723
1767517200,12703.0,12735.0,12701.0,12724.0,2.3936
1767520800,12728.0,12733.0,12719.0,12731.0,5.5226
1767524400,12722.0,12722.0,12718.0,12718.0,5.2576
1767528000,12716.0,12732.0,12700.0,12700.0,4.8342
1767531600,12696.0,12716.0,12696.0,12715.0,3.514
1767535200,12715.0,12722.0,12700.0,12706.0,1.3814
1767538800,12706.0,12707.0,12647.0,12685.0,3.7476
1767542400,12695.0,12698.0,12664.0,12679.0,4.4122
1767546000,12680.0,12691.0,12678.0,12679.0,17.9171
1767549600,12663.0,12664.0,12651.0,12651.0,0.6559
1767553200,12650.0,12661.0,12628.0,12661.0,0.6682
1767556800,12670.0,12687.0,12670.0,12687.0,1.6495
1767560400,12700.0,12728.0,12684.0,12684.0,7.007
1767564000,12706.0,12706.0,12678.0,12678.0,2.6538
1767567600,12706.0,12727.0,12677.0,12695.0,4.2798
1767571200,12698.0,12818.0,12698.0,12818.0,9.2794
1767574800,12818.0,12992.0,12814.0,12949.0,21.4528
1767578400,12964.0,12975.0,12912.0,12938.0,4.3063
1767582000,12944.0,12981.0,12943.0,12963.0,3.7076
1767585600,12962.0,12964.0,12888.0,12893.0,5.5022
1767589200,12893.0,12895.0,12850.0,12850.0,5.1153
1767592800,12850.0,12850.0,12799.0,12842.0,47.4175
1767596400,12841.0,12846.0,12831.0,12837.0,3.2765
1767600000,12842.0,12880.0,12842.0,12870.0,3.4734
1767603600,12870.0,12894.0,12832.0,12881.0,4.3203
1767607200,12886.0,12912.0,12873.0,12890.0,2.0578
1767610800,12883.0,12930.0,12880.0,12929.0,1.8238
1767614400,12929.0,12930.0,12893.0,12894.0,2.7923
1767618000,12894.0,12909.0,12807.0,12848.0,4.2992
1767621600,12840.0,12928.0,12791.0,12916.0,5.8043
1767625200,12902.0,12999.0,12850.0,12991.0,12.9867
1767628800,12996.0,13000.0,12920.0,12939.0,5.6159
1767632400,12951.0,13082.0,12866.0,13070.0,25.2209
1767636000,13053.0,13063.0,12967.0,13063.0,14.6978
1767639600,13082.0,13082.0,13059.0,13067.0,6.864
1767643200,13082.0,13161.0,13081.0,13134.0,21.0654
1767646800,13136.0,13147.0,13122.0,13143.0,0.6294
1767650400,13128.0,13159.0,13119.0,13133.0,2.5985
1767654000,13122.0,13122.0,13087.0,13090.0,5.9938
1767657600,13090.0,13090.0,12978.0,13017.0,4.4447
1767661200,13023.0,13112.0,13020.0,13022.0,5.2798
1767664800,13021.0,13026.0,13000.0,13008.0,2.8717
1767668400,13002.0,13061.0,13000.0,13050.0,4.9043
1767672000,13051.0,13067.0,13031.0,13031.0,2.7533
1767675600,13029.0,13036.0,13003.0,13010.0,7.6804
1767679200,13009.0,13123.0,13009.0,13095.0,11.9399
1767682800,13097.0,13097.0,13000.0,13017.0,13.693
1767686400,13016.0,13030.0,13014.0,13023.0,4.4589
1767690000,13017.0,13046.0,13017.0,13032.0,6.8697
1767693600,13035.0,13065.0,13035.0,13059.0,1.187
1767697200,13080.0,13100.0,13078.0,13100.0,4.5529
1767700800,13100.0,13115.0,13100.0,13112.0,8.3319
1767704400,13116.0,13116.0,13097.0,13109.0,4.5226
1767708000,13113.0,13351.0,13113.0,13244.0,31.8625
1767711600,13259.0,13348.0,13222.0,13233.0,9.0019
1767715200,13247.0,13267.0,13112.0,13158.0,10.9758
1767718800,13163.0,13178.0,12951.0,12951.0,18.9091
1767722400,12950.0,13071.0,12925.0,13071.0,4.1015
1767726000,13028.0,13059.0,13028.0,13059.0,0.6108
1767729600,13044.0,13141.0,13044.0,13141.0,0.6493
1767733200,13117.0,13318.0,13116.0,13261.0,7.464
1767736800,13290.0,13290.0,13218.0,13262.0,3.318
1767740400,13265.0,13336.0,13265.0,13336.0,1.4816
1767744000,13316.0,13316.0,13200.0,13200.0,6.7059
1767747600,13200.0,13238.0,13123.0,13127.0,5.6279
1767751200,13127.0,13213.0,13125.0,13213.0,3.1968
1767754800,13233.0,13260.0,13202.0,13203.0,3.4737
1767758400,13222.0,13222.0,13169.0,13177.0,4.4432
1767762000,13169.0,13180.0,13152.0,13159.0,4.5943
1767765600,13151.0,13187.0,13151.0,13157.0,2.8996
1767769200,13177.0,13194.0,13177.0,13181.0,4.3248
1767772800,13183.0,13193.0,13178.0,13179.0,1.1192
1767776400,13175.0,13175.0,12988.0,12988.0,9.8938
1767780000,12987.0,13046.0,12970.0,13046.0,4.0268
1767783600,13056.0,13085.0,13056.0,13059.0,5.1723
1767787200,13059.0,13060.0,13037.0,13037.0,4.0031
1767790800,13036.0,13071.0,13002.0,13032.0,1.1341
1767794400,13032.0,13032.0,12900.0,12947.0,15.7216
1767798000,12940.0,12940.0,12791.0,12840.0,12.5357
1767801600,12841.0,12870.0,12800.0,12821.0,1.5921
1767805200,12819.0,12858.0,12678.0,12787.0,24.2309
1767808800,12783.0,12823.0,12739.0,12748.0,0.6232
1767812400,12760.0,12801.0,12723.0,12800.0,6.0166
1767816000,12810.0,12810.0,12752.0,12760.0,0.4244
1767819600,12771.0,12801.0,12765.0,12797.0,2.5591
1767823200,12792.0,12832.0,12778.0,12823.0,3.3016
1767826800,12788.0,12903.0,12778.0,12874.0,3.3469
1767830400,12874.0,12903.0,12814.0,12886.0,6.5395
1767834000,12879.0,12909.0,12875.0,12905.0,1.5248
1767837600,12904.0,12907.0,12814.0,12833.0,5.5736
1767841200,12833.0,12850.0,12754.0,12764.0,2.9046
1767844800,12776.0,12830.0,12776.0,12815.0,7.0512
1767848400,12823.0,12842.0,12781.0,12781.0,1.991
1767852000,12782.0,12782.0,12654.0,12654.0,7.8578
1767855600,12650.0,12732.0,12601.0,12722.0,7.3323
1767859200,12722.0,12742.0,12701.0,12701.0,2.1374
1767862800,12702.0,12707.0,12644.0,12668.0,4.0424
1767866400,12666.0,12732.0,12622.0,12732.0,6.4327
1767870000,12726.0,12726.0,12672.0,12686.0,8.7081
1767873600,12679.0,12679.0,12581.0,12599.0,5.9937
1767877200,12594.0,12598.0,12588.0,12589.0,12.9982
1767880800,12582.0,12582.0,12450.0,12503.0,15.7679
1767884400,12501.0,12636.0,12500.0,12633.0,7.5963
1767888000,12642.0,12669.0,12584.0,12669.0,3.3015
1767891600,12691.0,12733.0,12672.0,12733.0,9.5369
1767895200,12721.0,12728.0,12654.0,12654.0,3.0861
1767898800,12690.0,12690.0,12646.0,12657.0,0.0476
1767902400,12600.0,12602.0,12555.0,12602.0,1.2809
1767906000,12622.0,12662.0,12622.0,12662.0,0.3444
1767909600,12664.0,12685.0,12648.0,12660.0,1.7951
1767913200,12665.0,12672.0,12614.0,12617.0,2.8826
1767916800,12625.0,12654.0,12625.0,12649.0,1.5707
1767920400,12660.0,12750.0,12550.0,12613.0,8.0885
1767924000,12620.0,12687.0,12620.0,12634.0,0.968
1767927600,12633.0,12657.0,12625.0,12656.0,2.2215
1767931200,12657.0,12669.0,12641.0,12657.0,0.6232
1767934800,12664.0,12672.0,12647.0,12647.0,0.6829
1767938400,12665.0,12693.0,12665.0,12683.0,3.2539
1767942000,12678.0,12678.0,12661.0,12661.0,4.4747
1767945600,12640.0,12654.0,12500.0,12526.0,12.4851
1767949200,12547.0,12604.0,12547.0,12582.0,1.4701
1767952800,12568.0,12602.0,12568.0,12602.0,0.9231
1767956400,12604.0,12622.0,12568.0,12568.0,3.5901
1767960000,12571.0,12594.0,12552.0,12553.0,1.1948
1767963600,12553.0,12635.0,12552.0,12610.0,5.0293
1767967200,12606.0,12606.0,12501.0,12502.0,9.3647
1767970800,12517.0,12760.0,12473.0,12631.0,5.7116
1767974400,12662.0,12782.0,12661.0,12735.0,1.9109
1767978000,12733.0,12733.0,12638.0,12690.0,5.1343
1767981600,12645.0,12645.0,12543.0,12600.0,2.1691
1767985200,12578.0,12578.0,12500.0,12552.0,0.6129
1767988800,12576.0,12576.0,12537.0,12537.0,0.01
1767992400,12514.0,12557.0,12500.0,12544.0,1.8935
1767996000,12565.0,12565.0,12529.0,12554.0,0.0563
1767999600,12558.0,12583.0,12558.0,12573.0,0.3589
1768003200,12571.0,12578.0,12571.0,12577.0,13.5337
1768006800,12578.0,12578.0,12577.0,12577.0,3.4247
1768010400,12577.0,12578.0,12571.0,12571.0,2.1789
1768014000,12570.0,12572.0,12570.0,12572.0,0.2222
1768017600,12572.0,12572.0,12570.0,12570.0,8.5468
1768021200,12571.0,12572.0,12570.0,12572.0,1.8195
1768024800,12572.0,12579.0,12572.0,12579.0,2.6583
1768028400,12579.0,12579.0,12578.0,12579.0,1.2383
1768032000,12578.0,12579.0,12578.0,12579.0,0.642
1768035600,12579.0,12614.0,12578.0,12607.0,15.2059
1768039200,12608.0,12628.0,12608.0,12622.0,1.8804
1768042800,12626.0,12626.0,12622.0,12623.0,0.1205
1768046400,12627.0,12627.0,12615.0,12625.0,5.0162
1768050000,12624.0,12630.0,12624.0,12630.0,3.6223
1768053600,12629.0,12629.0,12615.0,12620.0,0.6831
1768057200,12624.0,12630.0,12624.0,12630.0,0.2404
1768060800,12637.0,12637.0,12633.0,12636.0,0.5754
1768064400,12636.0,12638.0,12631.0,12631.0,0.2649
1768068000,12631.0,12631.0,12631.0,12631.0,0.6288
1768071600,12633.0,12633.0,12629.0,12629.0,1.0171
1768075200,12629.0,12629.0,12629.0,12629.0,0.0159
1768078800,12628.0,12628.0,12620.0,12620.0,0.4937
1768082400,12604.0,12604.0,12600.0,12600.0,0.2046
1768086000,12591.0,12613.0,12591.0,12608.0,0.4568
1768089600,12606.0,12631.0,12606.0,12631.0,2.0311
1768093200,12631.0,12637.0,12624.0,12637.0,0.9021
1768096800,12636.0,12639.0,12630.0,12630.0,2.2047
1768100400,12633.0,12640.0,12633.0,12640.0,0.0988
1768104000,12640.0,12650.0,12639.0,12645.0,4.7677
1768107600,12646.0,12650.0,12646.0,12650.0,0.8434
1768111200,12650.0,12651.0,12634.0,12639.0,7.7016
1768114800,12639.0,12646.0,12638.0,12639.0,1.9002
1768118400,12639.0,12659.0,12639.0,12659.0,2.7659
1768122000,12676.0,12681.0,12676.0,12676.0,1.786
1768125600,12678.0,12689.0,12678.0,12689.0,2.6391
1768129200,12689.0,12689.0,12683.0,12689.0,3.3458
1768132800,12689.0,12700.0,12689.0,12700.0,1.0521
1768136400,12700.0,12711.0,12699.0,12700.0,4.2766
1768140000,12700.0,12750.0,12700.0,12750.0,4.7331
1768143600,12763.0,12763.0,12713.0,12722.0,2.7168
1768147200,12735.0,12825.0,12728.0,12772.0,6.1252
1768150800,12770.0,12780.0,12743.0,12754.0,0.6927
1768154400,12744.0,12763.0,12730.0,12763.0,1.5995
1768158000,12753.0,12753.0,12735.0,12738.0,0.8389
1768161600,12733.0,12733.0,12678.0,12689.0,5.1949
1768165200,12700.0,12744.0,12700.0,12744.0,0.313
1768168800,12733.0,12733.0,12692.0,12717.0,8.5345
1768172400,12678.0,12727.0,12626.0,12727.0,2.3679
1768176000,12743.0,12758.0,12666.0,12710.0,15.4365
1768179600,12750.0,12777.0,12709.0,12735.0,16.6907
1768183200,12738.0,12849.0,12738.0,12848.0,13.2559
1768186800,12846.0,12849.0,12815.0,12815.0,11.4314
1768190400,12817.0,12840.0,12804.0,12838.0,11.3719
1768194000,12834.0,12848.0,12827.0,12827.0,1.6558
1768197600,12824.0,12836.0,12816.0,12816.0,4.9456
1768201200,12816.0,12836.0,12733.0,12733.0,3.5034
1768204800,12738.0,12760.0,12626.0,12665.0,6.6843
1768208400,12664.0,12688.0,12663.0,12686.0,1.4163
1768212000,12686.0,12687.0,12640.0,12640.0,7.731
1768215600,12647.0,12687.0,12647.0,12680.0,5.2883
1768219200,12685.0,12688.0,12681.0,12685.0,2.1062
1768222800,12680.0,12684.0,12653.0,12660.0,0.5868
1768226400,12658.0,12659.0,12503.0,12625.0,24.3129
1768230000,12628.0,12726.0,12595.0,12726.0,9.1777
1768233600,12728.0,12768.0,12721.0,12739.0,6.2801
1768237200,12736.0,12739.0,12574.0,12619.0,9.6618
1768240800,12620.0,12646.0,12608.0,12629.0,0.6353
1768244400,12601.0,12680.0,12601.0,12680.0,0.449
1768248000,12698.0,12698.0,12605.0,12605.0,0.3337
1768251600,12604.0,12611.0,12568.0,12568.0,1.2482
1768255200,12562.0,12615.0,12562.0,12596.0,0.2796
1768258800,12593.0,12593.0,12568.0,12580.0,1.8935
1768262400,12593.0,12619.0,12593.0,12619.0,5.0091
1768266000,12619.0,12629.0,12571.0,12578.0,5.8432
1768269600,12598.0,12606.0,12595.0,12602.0,1.346
1768273200,12601.0,12652.0,12601.0,12649.0,0.8186
1768276800,12650.0,12664.0,12644.0,12664.0,3.4893
1768280400,12674.0,12750.0,12674.0,12714.0,1.5708
1768284000,12703.0,12712.0,12690.0,12712.0,2.3422
1768287600,12711.0,12711.0,12683.0,12683.0,4.4062
1768291200,12681.0,12729.0,12681.0,12729.0,5.9215
1768294800,12732.0,12764.0,12716.0,12738.0,8.1742
1768298400,12734.0,12741.0,12723.0,12723.0,0.8713
1768302000,12736.0,12740.0,12728.0,12729.0,0.3681
1768305600,12730.0,12735.0,12714.0,12725.0,0.2854
1768309200,12728.0,12810.0,12718.0,12765.0,8.5086
1768312800,12750.0,12826.0,12721.0,12758.0,17.3278
1768316400,12755.0,12879.0,12746.0,12879.0,89.8753
1768320000,12880.0,12922.0,12867.0,12905.0,45.8116
1768323600,12896.0,12896.0,12857.0,12886.0,8.5259
1768327200,12888.0,12988.0,12888.0,12944.0,15.3715
1768330800,12917.0,12990.0,12917.0,12990.0,7.7911
1768334400,12990.0,12990.0,12912.0,12946.0,19.7839
1768338000,12989.0,12990.0,12979.0,12979.0,15.9263
1768341600,12982.0,13512.0,12982.0,13437.0,83.5954
1768345200,13437.0,13481.0,13360.0,13399.0,29.2117
1768348800,13400.0,13443.0,13385.0,13393.0,22.5333
1768352400,13394.0,13467.0,13394.0,13435.0,12.6032
1768356000,13434.0,13499.0,13393.0,13404.0,14.2209
1768359600,13405.0,13483.0,13405.0,13483.0,4.2399
1768363200,13497.0,13515.0,13462.0,13463.0,23.203
1768366800,13457.0,13461.0,13418.0,13431.0,15.0343
1768370400,13427.0,13451.0,13406.0,13447.0,23.0446
1768374000,13447.0,13454.0,13420.0,13445.0,17.1967
1768377600,13455.0,13457.0,13409.0,13414.0,7.3596
1768381200,13415.0,13435.0,13406.0,13409.0,8.6717
1768384800,13412.0,13428.0,13350.0,13369.0,5.6449
1768388400,13369.0,13369.0,13265.0,13265.0,4.8203
1768392000,13264.0,13308.0,13262.0,13301.0,3.405
1768395600,13305.0,13351.0,13299.0,13331.0,12.5954
1768399200,13345.0,13529.0,13345.0,13526.0,15.6807
1768402800,13523.0,13558.0,13438.0,13512.0,8.8939
1768406400,13513.0,13700.0,13513.0,13600.0,11.0115
1768410000,13589.0,13641.0,13486.0,13522.0,1.4905
1768413600,13481.0,13535.0,13398.0,13480.0,0.1362
1768417200,13467.0,13685.0,13465.0,13575.0,5.6966
1768420800,13586.0,13650.0,13566.0,13591.0,2.2824
1768424400,13625.0,13625.0,13579.0,13584.0,1.8951
1768428000,13591.0,13591.0,13516.0,13516.0,0.1682
1768431600,13528.0,13565.0,13514.0,13529.0,1.6439
1768435200,13511.0,13511.0,13425.0,13434.0,5.7309
1768438800,13434.0,13473.0,13388.0,13422.0,3.1378
1768442400,13419.0,13420.0,13351.0,13371.0,3.2523
1768446000,13374.0,13397.0,13252.0,13270.0,23.2908
1768449600,13271.0,13349.0,13271.0,13349.0,2.3864
1768453200,13348.0,13395.0,13347.0,13395.0,0.7808
1768456800,13384.0,13415.0,13384.0,13406.0,4.1818
1768460400,13406.0,13476.0,13406.0,13463.0,3.2836
1768464000,13457.0,13493.0,13442.0,13493.0,1.3629
1768467600,13493.0,13629.0,13483.0,13628.0,16.3611
1768471200,13612.0,13645.0,13605.0,13629.0,4.502
1768474800,13622.0,13623.0,13553.0,13560.0,3.8053
1768478400,13556.0,13631.0,13553.0,13631.0,2.1309
1768482000,13638.0,13680.0,13602.0,13643.0,10.1576
1768485600,13657.0,13683.0,13475.0,13535.0,20.3015
1768489200,13546.0,13573.0,13320.0,13475.0,7.42
1768492800,13436.0,13485.0,13412.0,13485.0,0.9562
1768496400,13488.0,13493.0,13370.0,13370.0,4.6525
1768500000,13354.0,13354.0,13285.0,13308.0,14.8197
1768503600,13286.0,13338.0,13285.0,13338.0,1.7045
1768507200,13338.0,13351.0,13284.0,13284.0,3.5043
1768510800,13326.0,13377.0,13326.0,13358.0,0.4031
1768514400,13360.0,13417.0,13360.0,13389.0,3.0946
1768518000,13401.0,13454.0,13391.0,13454.0,6.7829
1768521600,13467.0,13480.0,13453.0,13466.0,5.1461
1768525200,13455.0,13462.0,13413.0,13462.0,4.061
1768528800,13450.0,13450.0,13384.0,13407.0,4.3776
1768532400,13415.0,13430.0,13385.0,13385.0,8.4726
1768536000,13385.0,13406.0,13317.0,13329.0,1.617
1768539600,13345.0,13440.0,13340.0,13440.0,3.6575
1768543200,13433.0,13451.0,13422.0,13451.0,0.7097
1768546800,13450.0,13450.0,13401.0,13414.0,1.4669
1768550400,13424.0,13448.0,13420.0,13428.0,0.6749
1768554000,13436.0,13437.0,13409.0,13417.0,3.4014
1768557600,13403.0,13403.0,13376.0,13376.0,2.1466
1768561200,13378.0,13394.0,13369.0,13394.0,0.3088
1768564800,13393.0,13433.0,13393.0,13406.0,0.9322
1768568400,13414.0,13423.0,13390.0,13414.0,0.5638
1768572000,13428.0,13443.0,13380.0,13381.0,5.1499
1768575600,13367.0,13428.0,13240.0,13249.0,23.1699
1768579200,13240.0,13326.0,13240.0,13318.0,6.2624
1768582800,13301.0,13326.0,13272.0,13320.0,1.1855
1768586400,13324.0,13325.0,13319.0,13323.0,0.184
1768590000,13310.0,13310.0,13284.0,13286.0,0.1281
1768593600,13291.0,13340.0,13257.0,13340.0,0.3134
1768597200,13360.0,13369.0,13350.0,13351.0,0.2238
1768600800,13363.0,13363.0,13334.0,13350.0,5.4621
1768604400,13352.0,13375.0,13352.0,13375.0,0.2383
1768608000,13375.0,13375.0,13357.0,13357.0,0.4597
1768611600,13366.0,13367.0,13355.0,13356.0,2.7859
1768615200,13343.0,13356.0,13341.0,13356.0,0.5787
1768618800,13360.0,13360.0,13351.0,13353.0,0.7215
1768622400,13351.0,13351.0,13342.0,13351.0,0.3542
1768626000,13359.0,13367.0,13352.0,13363.0,2.0298
1768629600,13359.0,13359.0,13348.0,13358.0,0.9726
1768633200,13353.0,13361.0,13353.0,13355.0,0.7999
1768636800,13356.0,13374.0,13356.0,13373.0,5.1912
1768640400,13374.0,13393.0,13374.0,13388.0,1.6129
1768644000,13387.0,13389.0,13387.0,13389.0,1.3181
1768647600,13388.0,13403.0,13388.0,13399.0,0.7473
1768651200,13404.0,13408.0,13400.0,13400.0,2.207
1768654800,13395.0,13410.0,13395.0,13408.0,0.4662
1768658400,13406.0,13429.0,13406.0,13427.0,1.3507
1768662000,13433.0,13500.0,13433.0,13500.0,3.9165
1768665600,13498.0,13498.0,13458.0,13464.0,1.2442
1768669200,13463.0,13492.0,13462.0,13481.0,1.4629
1768672800,13471.0,13471.0,13469.0,13469.0,0.2747
1768676400,13452.0,13463.0,13452.0,13460.0,0.0337
1768680000,13455.0,13455.0,13455.0,13455.0,0.2204
1768683600,13456.0,13456.0,13443.0,13443.0,0.1044
1768687200,13435.0,13435.0,13397.0,13401.0,1.1387
1768690800,13413.0,13425.0,13413.0,13425.0,0.1369
1768694400,13419.0,13438.0,13412.0,13412.0,0.1134
1768698000,13408.0,13416.0,13391.0,13396.0,1.4097
1768701600,13398.0,13405.0,13398.0,13401.0,0.7904
1768705200,13401.0,13443.0,13401.0,13443.0,4.6767
1768708800,13449.0,13449.0,13431.0,13431.0,0.4122
1768712400,13428.0,13441.0,13428.0,13440.0,0.3634
1768716000,13438.0,13438.0,13429.0,13429.0,0.2296
1768719600,13425.0,13425.0,13404.0,13406.0,1.3744
1768723200,13403.0,13434.0,13399.0,13431.0,1.2033
1768726800,13436.0,13450.0,13435.0,13450.0,0.5319
1768730400,13449.0,13467.0,13449.0,13467.0,1.2341
1768734000,13473.0,13473.0,13460.0,13468.0,3.1443
1768737600,13469.0,13480.0,13460.0,13473.0,1.0734
1768741200,13473.0,13499.0,13450.0,13492.0,2.1045
1768744800,13490.0,13554.0,13490.0,13498.0,10.483
1768748400,13481.0,13530.0,13477.0,13524.0,1.7136
1768752000,13526.0,13534.0,13526.0,13534.0,0.3739
1768755600,13533.0,13557.0,13533.0,13557.0,6.9774
1768759200,13563.0,13654.0,13563.0,13650.0,6.9918
1768762800,13650.0,13650.0,13585.0,13585.0,0.8841
1768766400,13591.0,13591.0,13591.0,13591.0,0.025
1768770000,13553.0,13575.0,13553.0,13565.0,1.9054
1768773600,13565.0,13608.0,13565.0,13591.0,2.4167
1768777200,13589.0,13589.0,13312.0,13338.0,28.2088
1768780800,13338.0,13338.0,12982.0,13100.0,69.6578
1768784400,13100.0,13110.0,13018.0,13055.0,31.4329
1768788000,13052.0,13081.0,13022.0,13047.0,4.5031
1768791600,13054.0,13067.0,13031.0,13066.0,17.6327
1768795200,13061.0,13083.0,13049.0,13080.0,1.1557
1768798800,13080.0,13080.0,13020.0,13034.0,2.6509
1768802400,13037.0,13037.0,13000.0,13004.0,10.1016
1768806000,13012.0,13041.0,13009.0,13035.0,1.9004
1768809600,13037.0,13077.0,13028.0,13065.0,19.9514
1768813200,13064.0,13064.0,13022.0,13022.0,1.6333
1768816800,13022.0,13042.0,13018.0,13042.0,2.5499
1768820400,13041.0,13091.0,13041.0,13081.0,2.5029
1768824000,13080.0,13117.0,13070.0,13111.0,10.2987
1768827600,13080.0,13081.0,13041.0,13060.0,1.2903
1768831200,13061.0,13061.0,13021.0,13032.0,1.4197
1768834800,13042.0,13050.0,13042.0,13044.0,0.8955
1768838400,13043.0,13056.0,13037.0,13051.0,3.3237
1768842000,13058.0,13065.0,13058.0,13065.0,3.1896
1768845600,13051.0,13051.0,13030.0,13033.0,2.666
1768849200,13053.0,13054.0,13039.0,13039.0,0.3016
1768852800,13052.0,13054.0,13041.0,13044.0,0.4553
1768856400,13035.0,13042.0,13029.0,13029.0,0.7222
1768860000,13029.0,13029.0,12945.0,12945.0,11.5063
1768863600,12945.0,12955.0,12855.0,12923.0,6.3122
1768867200,12924.0,12950.0,12873.0,12908.0,2.5151
1768870800,12898.0,12950.0,12873.0,12944.0,5.8338
1768874400,12936.0,12936.0,12897.0,12920.0,26.5071
1768878000,12919.0,12919.0,12893.0,12893.0,0.8152
1768881600,12899.0,12899.0,12838.0,12838.0,4.384
1768885200,12833.0,12841.0,12781.0,12841.0,16.3688
1768888800,12841.0,12841.0,12601.0,12616.0,53.1607
1768892400,12619.0,12668.0,12614.0,12655.0,5.0251
1768896000,12654.0,12654.0,12524.0,12560.0,6.7149
1768899600,12553.0,12554.0,12521.0,12528.0,15.1659
1768903200,12527.0,12586.0,12527.0,12566.0,0.6043
1768906800,12577.0,12594.0,12576.0,12594.0,3.6473
1768910400,12594.0,12600.0,12573.0,12589.0,9.789
1768914000,12599.0,12599.0,12485.0,12486.0,21.6427
1768917600,12496.0,12511.0,12333.0,12350.0,38.2225
1768921200,12354.0,12354.0,12180.0,12305.0,39.4031
1768924800,12314.0,12330.0,12229.0,12230.0,9.9907
1768928400,12233.0,12274.0,12154.0,12196.0,7.7123
1768932000,12191.0,12214.0,12155.0,12170.0,8.2133
1768935600,12164.0,12198.0,12131.0,12131.0,1.3335
1768939200,12147.0,12200.0,12146.0,12189.0,0.7195
1768942800,12200.0,12200.0,12152.0,12158.0,2.434
1768946400,12162.0,12165.0,11900.0,11984.0,38.5228
1768950000,11992.0,11992.0,11933.0,11955.0,8.9183
1768953600,11955.0,12055.0,11904.0,12044.0,20.3161
1768957200,12040.0,12086.0,12040.0,12072.0,10.5035
1768960800,12073.0,12100.0,12070.0,12071.0,13.207
1768964400,12071.0,12150.0,12071.0,12139.0,18.1317
1768968000,12139.0,12150.0,12130.0,12145.0,5.5666
1768971600,12140.0,12200.0,12139.0,12181.0,7.4707
1768975200,12181.0,12181.0,12136.0,12136.0,6.9376
1768978800,12135.0,12135.0,12092.0,12092.0,3.9982
1768982400,12092.0,12094.0,12051.0,12055.0,7.2915
1768986000,12066.0,12076.0,12014.0,12014.0,3.111
1768989600,12011.0,12055.0,12011.0,12055.0,0.4825
1768993200,12053.0,12061.0,11956.0,11956.0,39.5675
1768996800,11956.0,11958.0,11800.0,11894.0,41.6845
1769000400,11895.0,11944.0,11852.0,11888.0,10.3662
1769004000,11875.0,12100.0,11875.0,12097.0,32.9354
1769007600,12081.0,12220.0,12081.0,12167.0,39.8269
1769011200,12167.0,12167.0,11740.0,11750.0,19.6472
1769014800,11795.0,11804.0,11653.0,11770.0,16.567
1769018400,11775.0,11887.0,11745.0,11887.0,0.6571
1769022000,11881.0,12420.0,11851.0,12383.0,41.2231
1769025600,12385.0,12385.0,12195.0,12271.0,10.0765
1769029200,12286.0,12316.0,12282.0,12282.0,0.3666
1769032800,12273.0,12294.0,12195.0,12196.0,3.8293
1769036400,12212.0,12224.0,12061.0,12075.0,3.5523
1769040000,12075.0,12177.0,12075.0,12166.0,0.9794
1769043600,12165.0,12268.0,12165.0,12257.0,4.6974
1769047200,12254.0,12279.0,12221.0,12221.0,2.4693
1769050800,12220.0,12255.0,12150.0,12195.0,8.6495
1769054400,12197.0,12225.0,12197.0,12225.0,3.3413
1769058000,12235.0,12246.0,12208.0,12209.0,0.3951
1769061600,12227.0,12227.0,12190.0,12227.0,0.394
1769065200,12224.0,12224.0,12180.0,12180.0,2.0864
1769068800,12170.0,12174.0,12129.0,12147.0,1.8117
1769072400,12157.0,12192.0,12155.0,12187.0,0.343
1769076000,12179.0,12179.0,12135.0,12141.0,16.8099
1769079600,12142.0,12147.0,12065.0,12082.0,2.1142
1769083200,12077.0,12115.0,12061.0,12098.0,4.2789
1769086800,12098.0,12144.0,12000.0,12016.0,9.3284
1769090400,12015.0,12043.0,11894.0,11894.0,20.1504
1769094000,11893.0,11969.0,11779.0,11897.0,11.9259
1769097600,11902.0,11954.0,11850.0,11915.0,6.5964
1769101200,11915.0,11973.0,11900.0,11973.0,3.0672
1769104800,11959.0,12003.0,11902.0,11902.0,1.0911
1769108400,11900.0,11977.0,11870.0,11977.0,2.0095
1769112000,11948.0,11956.0,11893.0,11897.0,0.3425
1769115600,11906.0,11943.0,11906.0,11928.0,1.7569
1769119200,11933.0,11970.0,11933.0,11947.0,5.2382
1769122800,11947.0,11955.0,11928.0,11951.0,1.6847
1769126400,11950.0,11953.0,11929.0,11942.0,3.8498
1769130000,11942.0,11977.0,11942.0,11977.0,6.3962
1769133600,11977.0,11981.0,11929.0,11929.0,1.9164
1769137200,11928.0,11952.0,11912.0,11941.0,5.5578
1769140800,11940.0,11989.0,11940.0,11988.0,3.3187
1769144400,11978.0,11978.0,11901.0,11901.0,10.9486
1769148000,11908.0,11933.0,11814.0,11814.0,12.0412
1769151600,11810.0,11833.0,11786.0,11822.0,14.8978
1769155200,11820.0,11832.0,11725.0,11746.0,23.5304
1769158800,11755.0,11767.0,11705.0,11718.0,9.8028
1769162400,11732.0,11764.0,11714.0,11763.0,2.2341
1769166000,11760.0,11828.0,11760.0,11820.0,5.4134
1769169600,11820.0,11821.0,11790.0,11796.0,8.2091
1769173200,11801.0,11818.0,11785.0,11785.0,1.124
1769176800,11785.0,11810.0,11653.0,11706.0,15.8173
1769180400,11715.0,11899.0,11674.0,11865.0,15.169
1769184000,11866.0,11950.0,11825.0,11945.0,12.4864
1769187600,11920.0,12104.0,11911.0,12014.0,11.2601
1769191200,12009.0,12022.0,11980.0,12003.0,3.0861
1769194800,11992.0,11992.0,11856.0,11870.0,1.318
1769198400,11868.0,11888.0,11784.0,11792.0,0.4334
1769202000,11807.0,11830.0,11807.0,11818.0,0.6179
1769205600,11823.0,11867.0,11823.0,11867.0,0.3734
1769209200,11857.0,11857.0,11849.0,11856.0,0.1567
1769212800,11859.0,11859.0,11840.0,11840.0,0.6228
1769216400,11846.0,11856.0,11846.0,11849.0,3.8247
1769220000,11850.0,11869.0,11850.0,11867.0,0.3954
1769223600,11867.0,11916.0,11867.0,11913.0,9.227
1769227200,11912.0,11913.0,11912.0,11912.0,0.2991
1769230800,11913.0,11918.0,11912.0,11913.0,0.6092
1769234400,11914.0,11916.0,11913.0,11916.0,0.3477
1769238000,11917.0,11917.0,11903.0,11909.0,0.9326
1769241600,11907.0,11918.0,11907.0,11918.0,2.1894
1769245200,11919.0,11928.0,11919.0,11921.0,1.4045
1769248800,11920.0,11921.0,11920.0,11921.0,0.2524
1769252400,11921.0,11927.0,11921.0,11926.0,0.6559
1769256000,11924.0,11924.0,11913.0,11921.0,9.0856
1769259600,11922.0,11922.0,11880.0,11880.0,6.3448
1769263200,11866.0,11873.0,11700.0,11848.0,206.763
1769266800,11849.0,11882.0,11849.0,11878.0,2.0644
1769270400,11849.0,11865.0,11844.0,11865.0,0.5877
1769274000,11861.0,11865.0,11858.0,11865.0,0.78
1769277600,11865.0,11865.0,11862.0,11862.0,0.2713
1769281200,11855.0,11855.0,11828.0,11829.0,0.1325
1769284800,11834.0,11834.0,11834.0,11834.0,0.0249
1769288400,11834.0,11834.0,11818.0,11831.0,0.1143
1769292000,11829.0,11851.0,11829.0,11846.0,0.8911
1769295600,11847.0,11847.0,11831.0,11831.0,0.7707
1769299200,11835.0,11844.0,11834.0,11844.0,0.7149
1769302800,11846.0,11849.0,11827.0,11840.0,2.4711
1769306400,11840.0,11844.0,11840.0,11841.0,2.0243
1769310000,11840.0,11840.0,11790.0,11798.0,2.3381
1769313600,11802.0,11822.0,11802.0,11822.0,1.725
1769317200,11818.0,11821.0,11809.0,11821.0,1.9819
1769320800,11822.0,11822.0,11800.0,11814.0,1.6253
1769324400,11815.0,11815.0,11810.0,11812.0,0.5183
1769328000,11811.0,11815.0,11758.0,11779.0,8.596
1769331600,11771.0,11798.0,11770.0,11798.0,0.7618
1769335200,11798.0,11824.0,11798.0,11824.0,4.3239
1769338800,11826.0,11826.0,11800.0,11800.0,2.3502
1769342400,11802.0,11821.0,11797.0,11813.0,1.78
1769346000,11814.0,11824.0,11807.0,11820.0,0.8083
1769349600,11820.0,11820.0,11769.0,11772.0,7.583
1769353200,11790.0,11801.0,11761.0,11762.0,2.8792
1769356800,11772.0,11772.0,11611.0,11654.0,17.471
1769360400,11646.0,11646.0,11610.0,11630.0,2.778
1769364000,11610.0,11619.0,11409.0,11466.0,31.042
1769367600,11466.0,11478.0,11300.0,11318.0,23.6727
1769371200,11344.0,11351.0,11241.0,11298.0,9.1291
1769374800,11359.0,11365.0,11312.0,11352.0,2.7623
1769378400,11352.0,11352.0,11250.0,11293.0,20.519
1769382000,11290.0,11356.0,11240.0,11340.0,7.6617
1769385600,11335.0,11388.0,11272.0,11333.0,27.9655
1769389200,11348.0,11529.0,11348.0,11489.0,17.6136
1769392800,11488.0,11488.0,11405.0,11406.0,7.7819
1769396400,11412.0,11421.0,11314.0,11332.0,11.8102
1769400000,11332.0,11440.0,11332.0,11402.0,3.5616
1769403600,11401.0,11435.0,11348.0,11420.0,14.4595
1769407200,11420.0,11489.0,11401.0,11489.0,4.4994
1769410800,11496.0,11550.0,11485.0,11548.0,1.0636
1769414400,11542.0,11648.0,11527.0,11563.0,54.989
1769418000,11566.0,11566.0,11471.0,11472.0,18.6513
1769421600,11477.0,11541.0,11477.0,11503.0,0.675
1769425200,11505.0,11505.0,11477.0,11477.0,1.8093
1769428800,11513.0,11540.0,11512.0,11517.0,0.8344
1769432400,11518.0,11548.0,11518.0,11544.0,14.7147
1769436000,11545.0,11633.0,11450.0,11615.0,41.7922
1769439600,11599.0,11700.0,11484.0,11508.0,11.6911
1769443200,11515.0,11577.0,11493.0,11551.0,6.9143
1769446800,11552.0,11558.0,11490.0,11558.0,0.8452
1769450400,11580.0,11629.0,11573.0,11629.0,4.7489
1769454000,11631.0,11631.0,11612.0,11612.0,0.1332
1769457600,11619.0,11619.0,11532.0,11532.0,2.8237
1769461200,11565.0,11669.0,11565.0,11637.0,1.4753
1769464800,11622.0,11629.0,11598.0,11629.0,0.3687
1769468400,11594.0,11678.0,11594.0,11625.0,11.385
1769472000,11622.0,11623.0,11591.0,11596.0,3.8671
1769475600,11596.0,11663.0,11590.0,11638.0,2.8
1769479200,11657.0,11688.0,11657.0,11688.0,2.18
1769482800,11698.0,11699.0,11660.0,11682.0,11.6039
1769486400,11697.0,11713.0,11666.0,11666.0,6.4872
1769490000,11666.0,11673.0,11664.0,11673.0,5.5667
1769493600,11666.0,11670.0,11626.0,11627.0,4.9469
1769497200,11626.0,11645.0,11626.0,11626.0,1.8301
1769500800,11626.0,11629.0,11601.0,11606.0,5.8157
1769504400,11603.0,11603.0,11561.0,11561.0,6.6251
1769508000,11560.0,11577.0,11534.0,11534.0,6.3498
1769511600,11532.0,11600.0,11455.0,11588.0,11.5905
1769515200,11587.0,11614.0,11587.0,11593.0,2.9535
1769518800,11591.0,11591.0,11554.0,11566.0,2.8765
1769522400,11605.0,11678.0,11552.0,11566.0,11.2459
1769526000,11564.0,11649.0,11564.0,11644.0,2.8144
1769529600,11650.0,11853.0,11626.0,11839.0,14.8242
1769533200,11824.0,11831.0,11567.0,11586.0,9.6745
1769536800,11612.0,11801.0,11612.0,11801.0,1.3291
1769540400,11765.0,11810.0,11758.0,11806.0,1.408
1769544000,11784.0,12000.0,11784.0,11959.0,62.4411
1769547600,11976.0,12000.0,11950.0,11950.0,116.8853
1769551200,11950.0,11999.0,11911.0,11958.0,35.5062
1769554800,11955.0,12001.0,11931.0,11985.0,5.3253
1769558400,11985.0,11985.0,11912.0,11917.0,13.5239
1769562000,11917.0,11918.0,11860.0,11879.0,4.8639
1769565600,11851.0,11863.0,11841.0,11841.0,0.8414
1769569200,11845.0,11845.0,11782.0,11797.0,5.6793
1769572800,11807.0,11807.0,11767.0,11778.0,14.3736
1769576400,11787.0,11797.0,11772.0,11788.0,1.122
1769580000,11794.0,11830.0,11785.0,11830.0,2.4843
1769583600,11817.0,11817.0,11771.0,11784.0,1.9396
1769587200,11779.0,11784.0,11725.0,11725.0,5.5243
1769590800,11725.0,11818.0,11722.0,11818.0,10.7349
1769594400,11820.0,11898.0,11820.0,11865.0,4.7478
1769598000,11839.0,11927.0,11834.0,11925.0,5.4864
1769601600,11910.0,11910.0,11871.0,11877.0,6.7694
1769605200,11887.0,11923.0,11887.0,11905.0,14.5317
1769608800,11905.0,11905.0,11809.0,11818.0,16.3146
1769612400,11829.0,11838.0,11720.0,11825.0,4.4484
1769616000,11796.0,11835.0,11765.0,11777.0,7.5886
1769619600,11791.0,11882.0,11768.0,11882.0,2.6676
1769623200,11814.0,11860.0,11798.0,11809.0,2.4738
1769626800,11826.0,11857.0,11786.0,11839.0,2.3352
1769630400,11853.0,11906.0,11824.0,11840.0,0.7824
1769634000,11822.0,11858.0,11775.0,11858.0,2.0809
1769637600,11858.0,11873.0,11819.0,11841.0,7.5873
1769641200,11840.0,11840.0,11809.0,11810.0,23.9372
1769644800,11809.0,11809.0,11769.0,11796.0,8.1149
1769648400,11796.0,11796.0,11760.0,11766.0,4.5695
1769652000,11760.0,11780.0,11584.0,11600.0,44.9225
1769655600,11635.0,11673.0,11550.0,11593.0,205.9165
1769659200,11593.0,11612.0,11585.0,11612.0,16.7931
1769662800,11612.0,11639.0,11590.0,11590.0,3.2506
1769666400,11588.0,11606.0,11588.0,11601.0,10.503
1769670000,11601.0,11620.0,11600.0,11620.0,21.0113
1769673600,11619.0,11644.0,11568.0,11592.0,1.9345
1769677200,11603.0,11603.0,11575.0,11575.0,2.5994
1769680800,11564.0,11585.0,11562.0,11584.0,3.2841
1769684400,11575.0,11575.0,11503.0,11519.0,5.0382
1769688000,11519.0,11541.0,11519.0,11541.0,40.4679
1769691600,11541.0,11547.0,11539.0,11539.0,9.7921
1769695200,11541.0,11541.0,11355.0,11355.0,22.9826
1769698800,11351.0,11351.0,11070.0,11147.0,82.3947
1769702400,11146.0,11197.0,11075.0,11197.0,10.3599
1769706000,11213.0,11289.0,11184.0,11184.0,2.7291
1769709600,11169.0,11201.0,10960.0,10960.0,52.3289
1769713200,10961.0,11118.0,10944.0,11092.0,7.1481
1769716800,11083.0,11143.0,11062.0,11127.0,5.1976
1769720400,11128.0,11203.0,11128.0,11189.0,2.8976
1769724000,11191.0,11202.0,11161.0,11185.0,8.3897
1769727600,11183.0,11217.0,11162.0,11180.0,19.1241
1769731200,11201.0,11212.0,11105.0,11105.0,13.6652
1769734800,11103.0,11115.0,10667.0,10867.0,59.2292
1769738400,10866.0,10867.0,10703.0,10816.0,38.2898
1769742000,10830.0,10872.0,10830.0,10841.0,8.8037
1769745600,10842.0,10958.0,10838.0,10900.0,19.7678
1769749200,10901.0,10915.0,10876.0,10890.0,10.1424
1769752800,10881.0,10881.0,10689.0,10757.0,28.0057
1769756400,10756.0,10856.0,10756.0,10822.0,4.1428
1769760000,10805.0,10831.0,10759.0,10792.0,2.8353
1769763600,10797.0,10817.0,10719.0,10745.0,11.8893
1769767200,10759.0,10804.0,10723.0,10804.0,6.9428
1769770800,10804.0,10905.0,10804.0,10905.0,6.4547
1769774400,10903.0,10914.0,10824.0,10827.0,2.6174
1769778000,10833.0,10835.0,10767.0,10787.0,5.6046
1769781600,10792.0,10915.0,10792.0,10804.0,4.568
1769785200,10816.0,10862.0,10670.0,10798.0,7.9155
1769788800,10797.0,10827.0,10740.0,10781.0,2.8299
1769792400,10782.0,10833.0,10714.0,10749.0,2.2829
1769796000,10741.0,10843.0,10500.0,10843.0,23.4788
1769799600,10853.0,10903.0,10850.0,10874.0,3.0043
1769803200,10856.0,10856.0,10600.0,10616.0,4.5392
1769806800,10637.0,10757.0,10637.0,10753.0,141.7231
1769810400,10751.0,10770.0,10750.0,10766.0,38.8764
1769814000,10770.0,10800.0,10760.0,10800.0,18.945
1769817600,10800.0,10819.0,10790.0,10819.0,24.3875
1769821200,10809.0,10813.0,10801.0,10802.0,11.43
1769824800,10801.0,10803.0,10735.0,10791.0,11.6408
1769828400,10797.0,10805.0,10771.0,10777.0,6.023
1769832000,10772.0,10794.0,10772.0,10777.0,14.4649
1769835600,10772.0,10801.0,10770.0,10787.0,6.3476
1769839200,10787.0,10787.0,10737.0,10764.0,6.2519
1769842800,10763.0,10763.0,10694.0,10707.0,8.8778
1769846400,10716.0,10719.0,10459.0,10574.0,37.6683
1769850000,10573.0,10612.0,10541.0,10601.0,9.3998
1769853600,10589.0,10604.0,10555.0,10595.0,7.0635
1769857200,10568.0,10580.0,10533.0,10545.0,4.345
1769860800,10545.0,10551.0,10510.0,10530.0,3.8656
1769864400,10514.0,10527.0,10470.0,10489.0,6.5342
1769868000,10489.0,10529.0,10029.0,10154.0,79.6322
1769871600,10152.0,10206.0,10113.0,10121.0,17.754
1769875200,10132.0,10183.0,9929.0,9929.0,98.441
1769878800,9952.0,9975.0,9540.0,9606.0,90.6548
1769882400,9602.0,9640.0,9099.0,9542.0,55.7583
1769886000,9535.0,9742.0,9502.0,9565.0,28.3019
1769889600,9554.0,9602.0,9455.0,9539.0,4.9482
1769893200,9547.0,9676.0,9522.0,9668.0,6.8127
1769896800,9691.0,9711.0,9644.0,9701.0,14.1383
1769900400,9704.0,9898.0,9687.0,9812.0,19.5235
1769904000,9834.0,9999.0,9823.0,9890.0,49.066
1769907600,9891.0,9891.0,9779.0,9831.0,69.786
1769911200,9817.0,9883.0,9811.0,9866.0,7.9186
1769914800,9861.0,9869.0,9801.0,9837.0,7.8218
1769918400,9837.0,9858.0,9811.0,9844.0,5.8906
1769922000,9843.0,9843.0,9731.0,9751.0,34.6865
1769925600,9752.0,9788.0,9700.0,9708.0,39.028
1769929200,9707.0,9756.0,9600.0,9661.0,54.8819
1769932800,9676.0,9723.0,9619.0,9668.0,4.1068
1769936400,9648.0,9743.0,9645.0,9743.0,2.7438
1769940000,9725.0,9756.0,9537.0,9537.0,15.4758
1769943600,9554.0,9681.0,9549.0,9655.0,8.9537
1769947200,9650.0,9650.0,9545.0,9593.0,8.8914
1769950800,9606.0,9634.0,9505.0,9527.0,6.823
1769954400,9516.0,9529.0,9334.0,9508.0,31.5833
1769958000,9500.0,9500.0,9156.0,9270.0,35.8413
1769961600,9243.0,9321.0,9156.0,9221.0,14.0466
1769965200,9233.0,9289.0,9201.0,9242.0,3.8448
1769968800,9364.0,9495.0,9364.0,9374.0,8.1017
1769972400,9395.0,9395.0,9261.0,9261.0,4.2448
1769976000,9289.0,9387.0,9240.0,9275.0,2.7393
1769979600,9279.0,9279.0,9151.0,9154.0,19.0128
1769983200,9213.0,9302.0,9210.0,9278.0,5.396
1769986800,9274.0,9274.0,9000.0,9093.0,50.9831
1769990400,9093.0,9266.0,9008.0,9170.0,29.7875
1769994000,9169.0,9249.0,9000.0,9163.0,26.7412
1769997600,9153.0,9178.0,9044.0,9044.0,11.8173
1770001200,9049.0,9050.0,8680.0,8965.0,93.2317
1770004800,8957.0,9050.0,8840.0,8967.0,22.5357
1770008400,8965.0,8965.0,8772.0,8809.0,27.5934
1770012000,8798.0,8940.0,8680.0,8888.0,24.6318
1770015600,8890.0,8990.0,8890.0,8930.0,15.5285
1770019200,8920.0,9031.0,8920.0,9019.0,15.096
1770022800,9001.0,9253.0,8963.0,9192.0,31.1383
1770026400,9164.0,9187.0,9105.0,9119.0,14.7118
1770030000,9119.0,9181.0,9104.0,9124.0,15.6664
1770033600,9137.0,9255.0,9137.0,9252.0,18.0369
1770037200,9230.0,9337.0,9217.0,9326.0,23.5367
1770040800,9303.0,9448.0,9212.0,9326.0,58.8551
1770044400,9323.0,9640.0,9309.0,9479.0,38.0124
1770048000,9479.0,9553.0,9429.0,9429.0,19.5646
1770051600,9449.0,9530.0,9402.0,9416.0,15.6738
1770055200,9416.0,9424.0,9356.0,9397.0,3.412
1770058800,9379.0,9408.0,9341.0,9347.0,5.7579
1770062400,9352.0,9352.0,9276.0,9290.0,2.0619
1770066000,9291.0,9379.0,9291.0,9379.0,14.6245
1770069600,9405.0,9424.0,9365.0,9417.0,13.6377
1770073200,9418.0,9435.0,9381.0,9403.0,9.2802
1770076800,9406.0,9412.0,9323.0,9412.0,41.477
1770080400,9397.0,9397.0,9326.0,9382.0,13.3922
1770084000,9380.0,9380.0,9170.0,9170.0,26.2343
1770087600,9151.0,9306.0,9113.0,9306.0,12.7388
1770091200,9302.0,9324.0,9276.0,9302.0,2.4394
1770094800,9300.0,9300.0,9182.0,9182.0,4.8345
1770098400,9182.0,9212.0,9128.0,9176.0,6.4884
1770102000,9176.0,9260.0,9170.0,9170.0,20.9056
1770105600,9171.0,9190.0,9129.0,9151.0,17.5843
1770109200,9150.0,9150.0,8975.0,9054.0,21.9359
1770112800,9056.0,9076.0,9005.0,9017.0,10.566
1770116400,9016.0,9031.0,8982.0,9002.0,12.1853
1770120000,9004.0,9104.0,8989.0,9097.0,16.9131
1770123600,9097.0,9149.0,9084.0,9149.0,3.9266
1770127200,9137.0,9138.0,8950.0,8950.0,41.236
1770130800,8950.0,9120.0,8925.0,9094.0,40.9197
1770134400,9070.0,9070.0,8850.0,8863.0,21.6324
1770138000,8860.0,8866.0,8692.0,8692.0,52.1934
1770141600,8707.0,8716.0,8382.0,8415.0,90.6782
1770145200,8410.0,8785.0,8380.0,8751.0,52.5519
1770148800,8748.0,9256.0,8680.0,9084.0,34.7447
1770152400,9107.0,9219.0,9023.0,9023.0,15.6743
1770156000,9024.0,9024.0,8819.0,8835.0,7.1592
1770159600,8822.0,8875.0,8755.0,8814.0,20.9813
1770163200,8790.0,8891.0,8782.0,8834.0,5.831
1770166800,8834.0,8977.0,8834.0,8931.0,14.715
1770170400,8928.0,8950.0,8831.0,8853.0,6.1515
1770174000,8860.0,9021.0,8860.0,8987.0,8.9833
1770177600,8973.0,9007.0,8947.0,8947.0,7.9519
1770181200,8948.0,8962.0,8885.0,8903.0,4.2213
1770184800,8894.0,8976.0,8894.0,8958.0,3.3115
1770188400,8958.0,9011.0,8914.0,8982.0,4.4882
1770192000,8983.0,8984.0,8927.0,8967.0,2.138
1770195600,8972.0,8972.0,8876.0,8909.0,4.4247
1770199200,8904.0,8912.0,8881.0,8912.0,3.0367
1770202800,8903.0,8929.0,8785.0,8893.0,9.2781
1770206400,8888.0,8906.0,8802.0,8835.0,18.9837
1770210000,8834.0,8842.0,8675.0,8675.0,18.6307
1770213600,8673.0,8791.0,8566.0,8571.0,53.9158
1770217200,8571.0,8643.0,8439.0,8495.0,52.2541
1770220800,8494.0,8496.0,8335.0,8433.0,58.6517
1770224400,8433.0,8496.0,8300.0,8408.0,21.3471
1770228000,8356.0,8641.0,8250.0,8501.0,34.1304
1770231600,8569.0,8673.0,8457.0,8670.0,2.4146
1770235200,8633.0,8659.0,8583.0,8604.0,4.0575
1770238800,8622.0,8622.0,8369.0,8421.0,6.2594
1770242400,8396.0,8590.0,8301.0,8411.0,16.9111
1770246000,8418.0,8579.0,8405.0,8515.0,14.0714
1770249600,8501.0,8550.0,8481.0,8501.0,20.0906
1770253200,8503.0,8563.0,8406.0,8491.0,22.5767
1770256800,8482.0,8521.0,8361.0,8400.0,30.2429
1770260400,8412.0,8438.0,8315.0,8331.0,30.863
1770264000,8341.0,8390.0,8241.0,8304.0,30.8453
1770267600,8304.0,8385.0,8226.0,8288.0,19.3501
1770271200,8300.0,8302.0,8195.0,8240.0,20.5616
1770274800,8279.0,8376.0,8253.0,8253.0,18.1395
1770278400,8252.0,8358.0,8252.0,8345.0,10.2271
1770282000,8346.0,8470.0,8346.0,8428.0,6.1399
1770285600,8416.0,8460.0,8263.0,8289.0,25.6421
1770289200,8299.0,8313.0,8176.0,8222.0,20.2319
1770292800,8225.0,8261.0,8100.0,8159.0,49.3087
1770296400,8164.0,8209.0,8112.0,8137.0,25.7648
1770300000,8154.0,8303.0,8088.0,8088.0,24.8288
1770303600,8088.0,8088.0,7657.0,7772.0,251.8914
1770307200,7772.0,7989.0,7723.0,7917.0,58.275
1770310800,7926.0,7926.0,7714.0,7755.0,28.4732
1770314400,7760.0,7782.0,7605.0,7733.0,19.1947
1770318000,7688.0,7725.0,7616.0,7637.0,7.2942
1770321600,7662.0,7706.0,7303.0,7459.0,96.054
1770325200,7460.0,7599.0,7375.0,7377.0,24.1093
1770328800,7393.0,7535.0,7280.0,7480.0,38.4163
1770332400,7470.0,7625.0,7301.0,7373.0,108.8199
1770336000,7385.0,7600.0,7101.0,7521.0,186.6759
1770339600,7521.0,7776.0,7462.0,7710.0,82.1949
1770343200,7748.0,7786.0,7590.0,7601.0,24.9653
1770346800,7633.0,7647.0,7514.0,7539.0,57.6884
1770350400,7540.0,7647.0,7538.0,7617.0,33.0752
1770354000,7617.0,7890.0,7617.0,7829.0,39.807
1770357600,7830.0,7853.0,7600.0,7600.0,109.6039
1770361200,7600.0,7601.0,7507.0,7550.0,19.256
1770364800,7548.0,7571.0,7429.0,7449.0,42.2152
1770368400,7449.0,7661.0,7445.0,7627.0,19.9702
1770372000,7630.0,7670.0,7588.0,7655.0,14.9682
1770375600,7644.0,7686.0,7636.0,7675.0,20.4474
1770379200,7670.0,7672.0,7615.0,7651.0,19.4808
1770382800,7642.0,7802.0,7636.0,7781.0,34.1106
1770386400,7779.0,7995.0,7735.0,7931.0,47.543
1770390000,7927.0,7996.0,7829.0,7944.0,50.3023
1770393600,7938.0,8205.0,7930.0,8163.0,44.2592
1770397200,8163.0,8373.0,8100.0,8246.0,87.3378
1770400800,8263.0,8263.0,8100.0,8132.0,17.8957
1770404400,8145.0,8241.0,8104.0,8227.0,27.737
1770408000,8225.0,8320.0,8148.0,8177.0,9.0311
1770411600,8167.0,8200.0,8139.0,8164.0,4.6551
1770415200,8211.0,8269.0,8150.0,8249.0,14.2594
1770418800,8243.0,8289.0,8162.0,8209.0,15.265
1770422400,8209.0,8209.0,8113.0,8130.0,31.7475
1770426000,8131.0,8218.0,8100.0,8212.0,14.4025
1770429600,8211.0,8218.0,8160.0,8188.0,10.4176
1770433200,8191.0,8300.0,8191.0,8289.0,13.0521
1770436800,8303.0,8435.0,8303.0,8369.0,29.5392
1770440400,8374.0,8417.0,8327.0,8339.0,18.3402
1770444000,8344.0,8378.0,8230.0,8230.0,24.7917
1770447600,8234.0,8239.0,8005.0,8106.0,30.9062
1770451200,8106.0,8118.0,8036.0,8068.0,7.2467
1770454800,8068.0,8097.0,8000.0,8017.0,9.2057
1770458400,8014.0,8037.0,7961.0,8000.0,20.1212
1770462000,7999.0,8021.0,7985.0,8021.0,6.0075
1770465600,8017.0,8228.0,8017.0,8103.0,8.3661
1770469200,8102.0,8128.0,8061.0,8088.0,2.2122
1770472800,8099.0,8122.0,8000.0,8018.0,6.5131
1770476400,8025.0,8181.0,8025.0,8158.0,3.1318
1770480000,8159.0,8416.0,7994.0,8148.0,255.1079
1770483600,8120.0,8221.0,8095.0,8188.0,4.4732
1770487200,8228.0,8362.0,8208.0,8362.0,0.9222
1770490800,8349.0,8349.0,8289.0,8303.0,0.0923
1770494400,8293.0,8373.0,8293.0,8354.0,0.8206
1770498000,8353.0,8377.0,8336.0,8349.0,7.2609
1770501600,8350.0,8350.0,8302.0,8311.0,2.8453
1770505200,8294.0,8308.0,8253.0,8303.0,39.0003
1770508800,8292.0,8298.0,8257.0,8268.0,18.5961
1770512400,8273.0,8323.0,8273.0,8323.0,1.4227
1770516000,8324.0,8365.0,8282.0,8286.0,9.7661
1770519600,8297.0,8308.0,8260.0,8260.0,11.277
1770523200,8257.0,8269.0,8210.0,8260.0,16.4896
1770526800,8282.0,8284.0,8259.0,8268.0,0.6285
1770530400,8276.0,8290.0,8251.0,8257.0,3.1423
1770534000,8261.0,8261.0,8229.0,8248.0,4.1355
1770537600,8269.0,8409.0,8257.0,8375.0,6.1342
1770541200,8395.0,8400.0,8327.0,8327.0,13.7934
1770544800,8341.0,8366.0,8282.0,8318.0,1.0949
1770548400,8355.0,8461.0,8354.0,8458.0,10.0421
1770552000,8443.0,8492.0,8439.0,8449.0,11.4931
1770555600,8464.0,8471.0,8420.0,8441.0,17.2434
1770559200,8450.0,8450.0,8404.0,8442.0,32.4691
1770562800,8442.0,8455.0,8338.0,8361.0,27.5067
1770566400,8377.0,8379.0,8239.0,8239.0,11.8447
1770570000,8287.0,8305.0,8279.0,8299.0,4.7522
1770573600,8297.0,8400.0,8297.0,8388.0,2.4559
1770577200,8364.0,8424.0,8364.0,8424.0,3.7873
1770580800,8398.0,8398.0,8333.0,8337.0,1.3374
1770584400,8342.0,8375.0,8311.0,8311.0,0.7905
1770588000,8311.0,8361.0,8311.0,8361.0,23.1062
1770591600,8363.0,8505.0,8237.0,8302.0,14.199
1770595200,8296.0,8296.0,8237.0,8250.0,5.676
1770598800,8240.0,8293.0,8119.0,8168.0,32.3695
1770602400,8160.0,8251.0,8156.0,8213.0,6.8162
1770606000,8213.0,8275.0,8213.0,8274.0,26.6892
1770609600,8275.0,8275.0,8246.0,8252.0,3.4616
1770613200,8246.0,8272.0,8231.0,8272.0,2.462
1770616800,8259.0,8259.0,8195.0,8211.0,10.7711
1770620400,8201.0,8234.0,8159.0,8175.0,7.4988
1770624000,8163.0,8169.0,8060.0,8100.0,13.6912
1770627600,8103.0,8117.0,8050.0,8054.0,5.4513
1770631200,8059.0,8079.0,7963.0,7995.0,57.9024
1770634800,7997.0,8033.0,7996.0,8003.0,10.868
1770638400,8021.0,8054.0,8021.0,8049.0,7.447
1770642000,8045.0,8092.0,8010.0,8010.0,18.4331
1770645600,8001.0,8077.0,7957.0,8062.0,24.0122
1770649200,8089.0,8169.0,8032.0,8115.0,32.1898
1770652800,8123.0,8311.0,8106.0,8248.0,13.8539
1770656400,8248.0,8400.0,8214.0,8385.0,7.1317
1770660000,8380.0,8411.0,8337.0,8346.0,0.3767
1770663600,8386.0,8416.0,8370.0,8392.0,5.5088
1770667200,8355.0,8395.0,8355.0,8395.0,17.3695
1770670800,8396.0,8396.0,8241.0,8383.0,17.0252
1770674400,8373.0,8373.0,8323.0,8323.0,24.004
1770678000,8323.0,8338.0,8280.0,8286.0,9.8368
1770681600,8292.0,8292.0,8256.0,8265.0,1.4345
1770685200,8251.0,8350.0,8251.0,8330.0,2.076
1770688800,8322.0,8333.0,8289.0,8295.0,14.0045
1770692400,8299.0,8300.0,8105.0,8133.0,12.5088
1770696000,8158.0,8164.0,8131.0,8155.0,2.5953
1770699600,8159.0,8159.0,8077.0,8079.0,3.9747
1770703200,8096.0,8098.0,7889.0,7915.0,47.1926
1770706800,7918.0,7961.0,7914.0,7926.0,32.7521
1770710400,7926.0,7947.0,7888.0,7947.0,23.8871
1770714000,7958.0,7996.0,7937.0,7952.0,15.7959
1770717600,7951.0,7959.0,7935.0,7945.0,2.804
1770721200,7939.0,7956.0,7901.0,7902.0,9.1621
1770724800,7914.0,7953.0,7912.0,7923.0,26.2681
1770728400,7922.0,7990.0,7900.0,7976.0,38.0158
1770732000,7969.0,8033.0,7865.0,7936.0,36.4625
1770735600,7925.0,7999.0,7911.0,7980.0,9.9415
1770739200,7968.0,8027.0,7950.0,7987.0,12.283
1770742800,7963.0,8059.0,7963.0,8015.0,6.5321
1770746400,8018.0,8018.0,7877.0,7894.0,9.8319
1770750000,7919.0,7966.0,7897.0,7966.0,2.4671
1770753600,7907.0,7907.0,7907.0,7907.0,0.18
1770757200,7921.0,7940.0,7876.0,7906.0,3.0062
1770760800,7918.0,7948.0,7916.0,7935.0,4.0953
1770764400,7934.0,7948.0,7934.0,7948.0,5.0987
1770768000,7956.0,7972.0,7954.0,7955.0,1.2641
1770771600,7975.0,7981.0,7950.0,7964.0,5.9954
1770775200,7968.0,7990.0,7946.0,7946.0,6.4579
1770778800,7946.0,7946.0,7880.0,7915.0,9.5332
1770782400,7907.0,7913.0,7756.0,7767.0,38.6162
1770786000,7767.0,7802.0,7767.0,7788.0,5.2476
1770789600,7790.0,7791.0,7676.0,7684.0,68.9539
1770793200,7688.0,7720.0,7667.0,7705.0,44.584
1770796800,7703.0,7703.0,7658.0,7680.0,28.1043
1770800400,7682.0,7687.0,7653.0,7658.0,8.8313
1770804000,7651.0,7651.0,7612.0,7626.0,29.3457
1770807600,7630.0,7696.0,7630.0,7690.0,10.8169
1770811200,7691.0,7731.0,7677.0,7681.0,18.374
1770814800,7677.0,7732.0,7652.0,7715.0,12.2654
1770818400,7715.0,7910.0,7623.0,7630.0,44.5114
1770822000,7650.0,7650.0,7520.0,7602.0,48.3898
1770825600,7613.0,7694.0,7537.0,7544.0,8.8154
1770829200,7534.0,7630.0,7531.0,7605.0,6.7473
1770832800,7608.0,7668.0,7554.0,7655.0,3.9934
1770836400,7700.0,7708.0,7682.0,7682.0,0.316
1770840000,7665.0,7700.0,7665.0,7669.0,0.3876
1770843600,7696.0,7800.0,7696.0,7770.0,3.9369
1770847200,7760.0,7760.0,7683.0,7685.0,1.8113
1770850800,7681.0,7699.0,7621.0,7649.0,4.4461
1770854400,7649.0,7709.0,7649.0,7703.0,10.3617
1770858000,7718.0,7759.0,7718.0,7721.0,22.9413
1770861600,7717.0,7725.0,7690.0,7695.0,11.439
1770865200,7695.0,7714.0,7688.0,7714.0,6.1112
1770868800,7720.0,7730.0,7700.0,7708.0,6.0234
1770872400,7712.0,7714.0,7642.0,7712.0,15.6082
1770876000,7718.0,7760.0,7706.0,7722.0,2.7471
1770879600,7712.0,7743.0,7710.0,7720.0,18.3005
1770883200,7725.0,7730.0,7685.0,7708.0,6.0099
1770886800,7705.0,7762.0,7705.0,7762.0,6.5535
1770890400,7770.0,7813.0,7756.0,7813.0,14.1016
1770894000,7810.0,7836.0,7776.0,7805.0,22.9004
1770897600,7802.0,7802.0,7768.0,7768.0,9.7707
1770901200,7771.0,7822.0,7760.0,7822.0,6.5361
1770904800,7800.0,7800.0,7750.0,7773.0,15.7857
1770908400,7763.0,7770.0,7635.0,7643.0,15.8759
1770912000,7628.0,7628.0,7456.0,7490.0,89.4554
1770915600,7486.0,7543.0,7474.0,7500.0,24.8836
1770919200,7506.0,7540.0,7471.0,7520.0,4.3765
1770922800,7540.0,7599.0,7515.0,7554.0,3.6095
1770926400,7528.0,7533.0,7496.0,7496.0,1.6169
1770930000,7510.0,7543.0,7510.0,7540.0,1.4217
1770933600,7542.0,7616.0,7539.0,7610.0,5.7156
1770937200,7628.0,7638.0,7611.0,7638.0,6.1429
1770940800,7634.0,7647.0,7564.0,7584.0,12.4385
1770944400,7582.0,7641.0,7581.0,7623.0,7.5786
1770948000,7623.0,7642.0,7618.0,7642.0,0.3863
1770951600,7640.0,7663.0,7624.0,7651.0,18.4404
1770955200,7652.0,7663.0,7640.0,7640.0,8.8512
1770958800,7640.0,7640.0,7593.0,7594.0,8.1715
1770962400,7590.0,7597.0,7566.0,7590.0,4.2786
1770966000,7599.0,7635.0,7591.0,7591.0,1.7626
1770969600,7605.0,7675.0,7605.0,7669.0,76.7068
1770973200,7675.0,7676.0,7659.0,7670.0,2.6096
1770976800,7668.0,7676.0,7652.0,7661.0,9.2984
1770980400,7660.0,7660.0,7640.0,7650.0,4.4474
1770984000,7637.0,7671.0,7637.0,7671.0,0.6266
1770987600,7666.0,7728.0,7649.0,7702.0,7.0961
1770991200,7700.0,7800.0,7678.0,7785.0,11.1405
1770994800,7800.0,7999.0,7798.0,7936.0,15.8575
1770998400,7936.0,8065.0,7936.0,8065.0,28.2579
1771002000,8049.0,8061.0,8011.0,8061.0,9.555
1771005600,8041.0,8050.0,8025.0,8044.0,6.1687
1771009200,8033.0,8045.0,8030.0,8030.0,0.6772
1771012800,8045.0,8045.0,7997.0,7997.0,8.8181
1771016400,8000.0,8036.0,8000.0,8019.0,2.3384
1771020000,8025.0,8041.0,8006.0,8006.0,6.795
1771023600,8019.0,8019.0,8009.0,8009.0,2.7827
1771027200,8008.0,8019.0,8000.0,8019.0,8.196
1771030800,8019.0,8035.0,8017.0,8029.0,3.7212
1771034400,8029.0,8029.0,8015.0,8016.0,1.6128
1771038000,8016.0,8024.0,8015.0,8024.0,2.5801
1771041600,8034.0,8047.0,8031.0,8043.0,2.5036
1771045200,8043.0,8043.0,8035.0,8035.0,7.9858
1771048800,8033.0,8037.0,8019.0,8034.0,1.0503
1771052400,8038.0,8050.0,8035.0,8046.0,1.1937
1771056000,8048.0,8155.0,8048.0,8146.0,7.1169
1771059600,8162.0,8169.0,8133.0,8147.0,16.0159
1771063200,8150.0,8150.0,8136.0,8137.0,3.317
1771066800,8160.0,8234.0,8160.0,8217.0,11.7645
1771070400,8208.0,8208.0,8104.0,8117.0,7.217
1771074000,8111.0,8113.0,8081.0,8106.0,9.654
1771077600,8106.0,8175.0,8106.0,8167.0,2.3827
1771081200,8158.0,8183.0,8157.0,8172.0,4.3485
1771084800,8172.0,8172.0,8099.0,8150.0,2.5232
1771088400,8141.0,8164.0,8138.0,8143.0,1.0369
1771092000,8143.0,8143.0,8143.0,8143.0,0.0
1771095600,8160.0,8177.0,8160.0,8177.0,0.8492
1771099200,8185.0,8185.0,8161.0,8176.0,0.9215
1771102800,8199.0,8199.0,8142.0,8146.0,4.1956
1771106400,8170.0,8184.0,8170.0,8184.0,0.1838
1771110000,8185.0,8187.0,8167.0,8167.0,1.0517
1771113600,8170.0,8173.0,8125.0,8146.0,7.6649
1771117200,8145.0,8164.0,8057.0,8073.0,6.0938
1771120800,8073.0,8100.0,8033.0,8079.0,8.4801
1771124400,8072.0,8074.0,7992.0,8061.0,11.4515
1771128000,8067.0,8150.0,8067.0,8123.0,8.8672
1771131600,8129.0,8186.0,8129.0,8185.0,40.1779
1771135200,8184.0,8184.0,8161.0,8164.0,4.3341
1771138800,8161.0,8207.0,8161.0,8189.0,23.9607
1771142400,8189.0,8202.0,8057.0,8097.0,23.2776
1771146000,8092.0,8129.0,8088.0,8101.0,20.2026
1771149600,8101.0,8101.0,8051.0,8067.0,7.8285
1771153200,8067.0,8073.0,8055.0,8056.0,3.2173
1771156800,8056.0,8066.0,7871.0,7871.0,20.4187
1771160400,7872.0,7909.0,7805.0,7826.0,62.8
1771164000,7826.0,7857.0,7801.0,7851.0,10.6555
1771167600,7863.0,7878.0,7841.0,7852.0,17.3441
1771171200,7864.0,7864.0,7828.0,7848.0,1.1583
1771174800,7850.0,7850.0,7677.0,7713.0,15.3818
1771178400,7699.0,7749.0,7654.0,7664.0,18.278
1771182000,7673.0,7674.0,7575.0,7607.0,13.9948
1771185600,7601.0,7654.0,7588.0,7627.0,3.7368
1771189200,7658.0,7673.0,7658.0,7667.0,6.2985
1771192800,7677.0,7716.0,7677.0,7705.0,1.2981
1771196400,7684.0,7687.0,7616.0,7681.0,2.7361
1771200000,7681.0,7739.0,7681.0,7711.0,3.498
1771203600,7723.0,7723.0,7672.0,7677.0,6.3999
1771207200,7683.0,7691.0,7646.0,7646.0,11.8913
1771210800,7652.0,7655.0,7636.0,7655.0,19.1134
1771214400,7658.0,7711.0,7658.0,7711.0,20.545
1771218000,7716.0,7716.0,7653.0,7664.0,4.002
1771221600,7673.0,7695.0,7672.0,7693.0,0.3836
1771225200,7703.0,7740.0,7703.0,7715.0,1.4276
1771228800,7717.0,7738.0,7717.0,7738.0,1.5713
1771232400,7752.0,7810.0,7752.0,7788.0,17.8232
1771236000,7790.0,7790.0,7758.0,7758.0,4.1693
1771239600,7757.0,7757.0,7689.0,7705.0,18.3727
1771243200,7742.0,7859.0,7735.0,7856.0,5.6769
1771246800,7852.0,7909.0,7690.0,7710.0,9.9641
1771250400,7707.0,7760.0,7676.0,7732.0,2.5207
1771254000,7777.0,7777.0,7608.0,7672.0,3.4197
1771257600,7676.0,7737.0,7673.0,7733.0,7.9905
1771261200,7741.0,7780.0,7716.0,7766.0,6.084
1771264800,7777.0,7777.0,7747.0,7747.0,1.62
1771268400,7723.0,7751.0,7723.0,7746.0,1.9902
1771272000,7738.0,7780.0,7735.0,7780.0,8.6441
1771275600,7805.0,7808.0,7787.0,7794.0,0.1145
1771279200,7830.0,7830.0,7794.0,7799.0,2.6124
1771282800,7800.0,7833.0,7800.0,7829.0,0.1889
1771286400,7828.0,7839.0,7821.0,7839.0,0.2448
1771290000,7830.0,7842.0,7803.0,7803.0,1.3826
1771293600,7802.0,7847.0,7781.0,7840.0,6.0718
1771297200,7831.0,7831.0,7791.0,7791.0,3.2892
1771300800,7790.0,7818.0,7777.0,7791.0,1.0712
1771304400,7795.0,7795.0,7720.0,7743.0,2.7226
1771308000,7760.0,7768.0,7760.0,7768.0,0.1585
1771311600,7764.0,7786.0,7747.0,7786.0,1.0636
1771315200,7796.0,7799.0,7747.0,7748.0,5.8445
1771318800,7751.0,7751.0,7724.0,7750.0,23.222
1771322400,7750.0,7750.0,7703.0,7715.0,5.439
1771326000,7731.0,7731.0,7718.0,7722.0,0.1861
1771329600,7736.0,7749.0,7731.0,7746.0,0.5646
1771333200,7727.0,7820.0,7718.0,7813.0,6.0921
1771336800,7801.0,7829.0,7636.0,7636.0,7.2183
1771340400,7651.0,7706.0,7624.0,7706.0,3.2296
1771344000,7789.0,7858.0,7783.0,7785.0,16.779
1771347600,7758.0,7764.0,7672.0,7692.0,8.5742
1771351200,7698.0,7848.0,7698.0,7839.0,5.4561
1771354800,7832.0,7881.0,7832.0,7837.0,1.2554
1771358400,7813.0,7825.0,7802.0,7825.0,0.5563
1771362000,7819.0,7827.0,7805.0,7827.0,18.28
1771365600,7835.0,7842.0,7817.0,7817.0,5.469
1771369200,7812.0,7820.0,7803.0,7818.0,3.4352
1771372800,7813.0,7817.0,7785.0,7785.0,6.908
1771376400,7770.0,7770.0,7727.0,7750.0,3.7375
1771380000,7768.0,7801.0,7768.0,7801.0,1.8784
1771383600,7801.0,7841.0,7795.0,7841.0,0.8549
1771387200,7832.0,7837.0,7820.0,7837.0,1.379
1771390800,7836.0,7843.0,7830.0,7831.0,10.3434
1771394400,7831.0,7864.0,7831.0,7864.0,0.8335
1771398000,7860.0,7918.0,7842.0,7918.0,6.0734
1771401600,7919.0,7984.0,7916.0,7917.0,1.1171
1771405200,7911.0,7923.0,7908.0,7909.0,1.9062
1771408800,7909.0,7909.0,7823.0,7823.0,5.0653
1771412400,7827.0,7833.0,7771.0,7797.0,22.9479
1771416000,7785.0,7795.0,7751.0,7775.0,7.6553
1771419600,7789.0,7817.0,7725.0,7738.0,6.2162
1771423200,7747.0,7752.0,7697.0,7752.0,7.6283
1771426800,7755.0,7894.0,7755.0,7821.0,9.8234
1771430400,7803.0,7803.0,7730.0,7746.0,6.389
1771434000,7758.0,7807.0,7755.0,7755.0,1.9622
1771437600,7764.0,7764.0,7700.0,7700.0,5.6752
1771441200,7700.0,7701.0,7610.0,7629.0,13.3343
1771444800,7645.0,7685.0,7629.0,7637.0,10.9632
1771448400,7638.0,7664.0,7628.0,7646.0,1.2681
1771452000,7650.0,7674.0,7646.0,7674.0,1.9943
1771455600,7675.0,7701.0,7668.0,7701.0,0.4866
1771459200,7704.0,7721.0,7703.0,7711.0,2.3031
1771462800,7723.0,7768.0,7723.0,7747.0,1.8725
1771466400,7741.0,7762.0,7728.0,7747.0,8.6222
1771470000,7746.0,7761.0,7735.0,7761.0,0.72
1771473600,7760.0,7781.0,7754.0,7754.0,1.2848
1771477200,7754.0,7755.0,7736.0,7755.0,1.9174
1771480800,7765.0,7800.0,7763.0,7791.0,3.0662
1771484400,7797.0,7808.0,7790.0,7790.0,3.3688
1771488000,7786.0,7786.0,7730.0,7731.0,9.5172
1771491600,7732.0,7760.0,7711.0,7711.0,4.2486
1771495200,7711.0,7717.0,7700.0,7700.0,2.3125
1771498800,7700.0,7700.0,7669.0,7669.0,0.656
1771502400,7669.0,7679.0,7658.0,7676.0,8.4515
1771506000,7666.0,7666.0,7566.0,7577.0,16.6714
1771509600,7574.0,7629.0,7556.0,7629.0,16.6424
1771513200,7622.0,7647.0,7550.0,7556.0,23.6115
1771516800,7569.0,7584.0,7522.0,7554.0,28.2833
1771520400,7562.0,7629.0,7533.0,7540.0,4.7651
1771524000,7585.0,7626.0,7585.0,7618.0,5.7181
1771527600,7647.0,7647.0,7587.0,7603.0,0.0863
1771531200,7605.0,7605.0,7605.0,7605.0,0.011
1771534800,7660.0,7660.0,7649.0,7649.0,0.0644
1771538400,7635.0,7647.0,7619.0,7637.0,0.1465
1771542000,7637.0,7657.0,7636.0,7652.0,4.7187
1771545600,7653.0,7699.0,7653.0,7694.0,1.2186
1771549200,7693.0,7693.0,7664.0,7667.0,2.6694
1771552800,7673.0,7676.0,7661.0,7661.0,0.6283
1771556400,7669.0,7698.0,7669.0,7680.0,4.3087
1771560000,7678.0,7678.0,7600.0,7611.0,9.6827
1771563600,7617.0,7699.0,7617.0,7685.0,5.8416
1771567200,7681.0,7690.0,7659.0,7680.0,3.148
1771570800,7682.0,7710.0,7677.0,7695.0,4.9723
1771574400,7695.0,7699.0,7677.0,7686.0,14.7897
1771578000,7691.0,7726.0,7691.0,7718.0,15.8505
1771581600,7721.0,7728.0,7684.0,7684.0,8.3155
1771585200,7677.0,7677.0,7628.0,7628.0,3.2821
1771588800,7632.0,7649.0,7632.0,7649.0,0.3346
1771592400,7639.0,7643.0,7562.0,7589.0,7.8959
1771596000,7596.0,7651.0,7596.0,7640.0,3.4824
1771599600,7653.0,7750.0,7621.0,7705.0,7.4905
1771603200,7706.0,7749.0,7676.0,7729.0,10.3682
1771606800,7721.0,7722.0,7624.0,7718.0,4.6712
1771610400,7733.0,7762.0,7723.0,7746.0,5.3987
1771614000,7738.0,7739.0,7706.0,7706.0,1.4701
1771617600,7714.0,7725.0,7714.0,7725.0,2.0397
1771621200,7739.0,7749.0,7738.0,7749.0,0.2805
1771624800,7730.0,7736.0,7717.0,7728.0,12.299
1771628400,7728.0,7728.0,7713.0,7726.0,3.0875
1771632000,7721.0,7721.0,7704.0,7704.0,0.5191
1771635600,7713.0,7723.0,7706.0,7720.0,0.1428
1771639200,7715.0,7728.0,7710.0,7715.0,13.7139
1771642800,7703.0,7703.0,7678.0,7678.0,2.6417
1771646400,7678.0,7685.0,7677.0,7682.0,8.7147
1771650000,7695.0,7695.0,7687.0,7687.0,14.5866
1771653600,7688.0,7688.0,7684.0,7684.0,13.9603
1771657200,7691.0,7691.0,7684.0,7684.0,0.1955
1771660800,7692.0,7712.0,7692.0,7712.0,4.0206
1771664400,7711.0,7738.0,7711.0,7724.0,2.2995
1771668000,7726.0,7738.0,7726.0,7736.0,3.3023
1771671600,7740.0,7792.0,7740.0,7760.0,9.7871
1771675200,7760.0,7760.0,7736.0,7743.0,0.5148
1771678800,7746.0,7751.0,7746.0,7751.0,25.2361
1771682400,7750.0,7804.0,7750.0,7793.0,22.465
1771686000,7794.0,7794.0,7778.0,7793.0,6.7467
1771689600,7790.0,7790.0,7760.0,7788.0,0.925
1771693200,7784.0,7794.0,7776.0,7792.0,20.2978
1771696800,7792.0,7794.0,7789.0,7794.0,2.5767
1771700400,7794.0,7794.0,7784.0,7784.0,1.2449
1771704000,7785.0,7785.0,7745.0,7745.0,10.1614
1771707600,7743.0,7748.0,7735.0,7746.0,1.7301
1771711200,7747.0,7747.0,7740.0,7740.0,0.0536
1771714800,7731.0,7743.0,7731.0,7740.0,0.1399
1771718400,7735.0,7736.0,7726.0,7728.0,2.8174
1771722000,7728.0,7757.0,7728.0,7751.0,7.7747
1771725600,7758.0,7768.0,7740.0,7740.0,4.9542
1771729200,7740.0,7748.0,7725.0,7743.0,2.154
1771732800,7744.0,7744.0,7740.0,7742.0,0.5255
1771736400,7741.0,7742.0,7733.0,7742.0,1.46
1771740000,7742.0,7749.0,7741.0,7749.0,3.0984
1771743600,7749.0,7749.0,7747.0,7749.0,8.6379
1771747200,7749.0,7749.0,7732.0,7737.0,1.9228
1771750800,7740.0,7742.0,7738.0,7742.0,1.2493
1771754400,7743.0,7749.0,7743.0,7749.0,2.2566
1771758000,7749.0,7769.0,7749.0,7765.0,4.0273
1771761600,7768.0,7768.0,7704.0,7715.0,4.2193
1771765200,7716.0,7716.0,7642.0,7654.0,30.9102
1771768800,7649.0,7659.0,7632.0,7652.0,13.8798
1771772400,7648.0,7674.0,7635.0,7668.0,3.1589
1771776000,7662.0,7664.0,7639.0,7657.0,2.6493
1771779600,7645.0,7645.0,7600.0,7610.0,20.5311
1771783200,7610.0,7619.0,7609.0,7619.0,0.0484
1771786800,7620.0,7621.0,7612.0,7612.0,1.4122
1771790400,7616.0,7620.0,7613.0,7613.0,0.6108
1771794000,7613.0,7617.0,7613.0,7617.0,0.0488
1771797600,7647.0,7684.0,7632.0,7684.0,0.8866
1771801200,7677.0,7677.0,7633.0,7656.0,2.6703
1771804800,7675.0,7675.0,7560.0,7560.0,50.9311
1771808400,7562.0,7562.0,7288.0,7289.0,183.5995
1771812000,7288.0,7323.0,7281.0,7308.0,38.5822
1771815600,7307.0,7334.0,7300.0,7313.0,53.1954
1771819200,7306.0,7323.0,7288.0,7290.0,22.2595
1771822800,7313.0,7333.0,7303.0,7304.0,5.9856
1771826400,7304.0,7366.0,7304.0,7355.0,22.462
1771830000,7357.0,7384.0,7352.0,7375.0,15.0957
1771833600,7374.0,7382.0,7352.0,7352.0,8.7493
1771837200,7352.0,7495.0,7352.0,7481.0,27.1769
1771840800,7489.0,7516.0,7472.0,7472.0,20.729
1771844400,7479.0,7498.0,7472.0,7478.0,10.7372
1771848000,7476.0,7512.0,7475.0,7507.0,3.3129
1771851600,7500.0,7537.0,7498.0,7506.0,5.3942
1771855200,7506.0,7519.0,7424.0,7450.0,10.9792
1771858800,7454.0,7464.0,7410.0,7410.0,7.7681
1771862400,7401.0,7405.0,7364.0,7371.0,3.5408
1771866000,7361.0,7366.0,7199.0,7270.0,31.582
1771869600,7269.0,7304.0,7254.0,7291.0,2.1879
1771873200,7260.0,7263.0,7233.0,7253.0,1.2987
1771876800,7254.0,7272.0,7219.0,7272.0,2.4439
1771880400,7267.0,7293.0,7263.0,7285.0,0.0953
1771884000,7297.0,7299.0,7289.0,7289.0,1.1329
1771887600,7279.0,7297.0,7240.0,7253.0,10.2538
1771891200,7258.0,7300.0,7258.0,7300.0,5.7021
1771894800,7293.0,7293.0,7101.0,7238.0,91.2191
1771898400,7235.0,7263.0,7215.0,7228.0,16.5964
1771902000,7228.0,7228.0,7151.0,7178.0,12.5763
1771905600,7182.0,7182.0,7122.0,7167.0,9.7537
1771909200,7174.0,7208.0,7121.0,7160.0,15.8083
1771912800,7150.0,7172.0,7132.0,7132.0,9.3726
1771916400,7132.0,7166.0,7121.0,7146.0,16.4209
1771920000,7140.0,7181.0,7134.0,7165.0,3.8385
1771923600,7171.0,7171.0,7109.0,7131.0,9.7723
1771927200,7131.0,7137.0,7119.0,7137.0,3.8611
1771930800,7136.0,7137.0,7117.0,7123.0,5.8846
1771934400,7126.0,7142.0,7126.0,7131.0,4.3003
1771938000,7131.0,7134.0,7063.0,7104.0,32.3887
1771941600,7100.0,7216.0,7072.0,7183.0,30.3689
1771945200,7169.0,7228.0,7169.0,7204.0,12.8167
1771948800,7223.0,7270.0,7202.0,7210.0,6.298
1771952400,7283.0,7321.0,7247.0,7247.0,11.4061
1771956000,7260.0,7267.0,7238.0,7262.0,3.4241
1771959600,7260.0,7260.0,7228.0,7248.0,0.8138
1771963200,7243.0,7243.0,7243.0,7243.0,0.1371
1771966800,7243.0,7244.0,7231.0,7244.0,1.7385
1771970400,7271.0,7283.0,7265.0,7279.0,1.2613
1771974000,7276.0,7276.0,7248.0,7257.0,3.8268
1771977600,7257.0,7257.0,7229.0,7244.0,3.156
1771981200,7244.0,7504.0,7244.0,7485.0,39.0598
1771984800,7496.0,7560.0,7496.0,7512.0,15.1859
1771988400,7501.0,7501.0,7428.0,7441.0,15.6001
1771992000,7440.0,7465.0,7403.0,7438.0,5.5156
1771995600,7437.0,7437.0,7340.0,7370.0,19.3889
1771999200,7370.0,7385.0,7363.0,7363.0,4.9616
1772002800,7363.0,7390.0,7350.0,7390.0,6.0103
1772006400,7378.0,7458.0,7378.0,7458.0,11.4886
1772010000,7453.0,7485.0,7450.0,7485.0,11.741
1772013600,7483.0,7496.0,7473.0,7474.0,14.8299
1772017200,7474.0,7526.0,7473.0,7526.0,17.6543
1772020800,7532.0,7626.0,7532.0,7623.0,20.5525
1772024400,7638.0,7699.0,7629.0,7671.0,45.7754
1772028000,7671.0,7788.0,7671.0,7788.0,14.4395
1772031600,7788.0,7900.0,7751.0,7838.0,87.1678
1772035200,7839.0,7954.0,7839.0,7954.0,29.5608
1772038800,7953.0,8084.0,7953.0,8061.0,17.5474
1772042400,8069.0,8076.0,8018.0,8064.0,12.7041
1772046000,8064.0,8064.0,8026.0,8050.0,4.0987
1772049600,8050.0,8080.0,8032.0,8079.0,15.9624
1772053200,8077.0,8316.0,8057.0,8160.0,35.8209
1772056800,8185.0,8209.0,8077.0,8092.0,14.2389
1772060400,8094.0,8094.0,7924.0,7980.0,16.911
1772064000,7988.0,8052.0,7968.0,8000.0,21.7298
1772067600,8000.0,8013.0,7976.0,7995.0,9.0049
1772071200,7994.0,7994.0,7939.0,7970.0,7.5622
1772074800,7963.0,7984.0,7955.0,7981.0,2.7049
1772078400,7981.0,8066.0,7980.0,8063.0,7.0262
1772082000,8061.0,8061.0,8001.0,8032.0,7.393
1772085600,8023.0,8062.0,8022.0,8029.0,10.8485
1772089200,8035.0,8036.0,8003.0,8017.0,21.6297
1772092800,8009.0,8020.0,7984.0,8020.0,22.6147
1772096400,8021.0,8088.0,8021.0,8086.0,10.441
1772100000,8086.0,8100.0,8066.0,8066.0,9.5342
1772103600,8065.0,8065.0,8031.0,8031.0,4.6397
1772107200,8049.0,8076.0,8049.0,8076.0,3.3195
1772110800,8067.0,8075.0,8057.0,8064.0,5.3617
1772114400,8061.0,8083.0,7970.0,7998.0,11.674
1772118000,8002.0,8005.0,7875.0,7925.0,11.3054
1772121600,7925.0,7941.0,7740.0,7740.0,11.8938
1772125200,7774.0,7784.0,7750.0,7757.0,0.6323
1772128800,7759.0,7820.0,7725.0,7820.0,3.9639
1772132400,7814.0,7916.0,7814.0,7916.0,3.5994
1772136000,7913.0,7946.0,7902.0,7905.0,0.9309
1772139600,7905.0,7922.0,7892.0,7922.0,0.2641
1772143200,7918.0,7941.0,7918.0,7941.0,6.3601
1772146800,7941.0,7941.0,7916.0,7916.0,24.0093
1772150400,7920.0,7920.0,7863.0,7863.0,12.8862
1772154000,7872.0,7881.0,7832.0,7878.0,1.0859
1772157600,7885.0,7929.0,7885.0,7916.0,1.936
1772161200,7915.0,7982.0,7890.0,7982.0,5.9002
1772164800,7989.0,8039.0,7971.0,7971.0,13.2068
1772168400,7971.0,7990.0,7971.0,7983.0,5.911
1772172000,7969.0,7969.0,7936.0,7955.0,0.9031
1772175600,7954.0,7955.0,7906.0,7924.0,3.0583
1772179200,7933.0,7969.0,7933.0,7944.0,16.7522
1772182800,7942.0,7948.0,7853.0,7864.0,7.2605
1772186400,7861.0,7861.0,7750.0,7752.0,7.7234
1772190000,7753.0,7755.0,7663.0,7684.0,23.3292
1772193600,7683.0,7706.0,7651.0,7664.0,7.7239
1772197200,7677.0,7694.0,7620.0,7692.0,14.2201
1772200800,7690.0,7713.0,7611.0,7619.0,10.3894
1772204400,7618.0,7667.0,7611.0,7638.0,10.9962
1772208000,7634.0,7634.0,7556.0,7558.0,58.978
1772211600,7557.0,7565.0,7499.0,7544.0,10.9301
1772215200,7563.0,7563.0,7512.0,7512.0,5.6602
1772218800,7514.0,7525.0,7500.0,7518.0,1.2999
1772222400,7525.0,7543.0,7525.0,7534.0,0.8877
1772226000,7536.0,7563.0,7515.0,7515.0,1.1469
1772229600,7527.0,7533.0,7422.0,7525.0,12.2915
1772233200,7527.0,7566.0,7527.0,7566.0,0.7295
1772236800,7565.0,7581.0,7557.0,7579.0,4.6443
1772240400,7579.0,7588.0,7558.0,7569.0,3.4816
1772244000,7568.0,7584.0,7568.0,7583.0,2.6644
1772247600,7583.0,7583.0,7567.0,7568.0,6.7288
1772251200,7567.0,7584.0,7538.0,7566.0,7.017
1772254800,7568.0,7571.0,7537.0,7544.0,2.0877
1772258400,7544.0,7544.0,7255.0,7256.0,37.1573
1772262000,7256.0,7410.0,7255.0,7351.0,26.5017
1772265600,7339.0,7344.0,7288.0,7290.0,24.5002
1772269200,7288.0,7324.0,7265.0,7274.0,10.7205
1772272800,7274.0,7322.0,7270.0,7320.0,10.7677
1772276400,7322.0,7350.0,7260.0,7309.0,20.8436
1772280000,7310.0,7338.0,7310.0,7335.0,6.9259
1772283600,7334.0,7487.0,7325.0,7463.0,7.9991
1772287200,7464.0,7500.0,7399.0,7409.0,11.0365
1772290800,7410.0,7453.0,7370.0,7449.0,7.8424
1772294400,7449.0,7472.0,7431.0,7467.0,11.2034
1772298000,7466.0,7476.0,7410.0,7476.0,9.183
1772301600,7469.0,7600.0,7457.0,7583.0,6.1916
1772305200,7580.0,7634.0,7535.0,7621.0,3.4507
1772308800,7610.0,7721.0,7609.0,7706.0,10.1393
1772312400,7700.0,7700.0,7620.0,7673.0,1.2032
1772316000,7672.0,7757.0,7672.0,7704.0,6.1204
1772319600,7703.0,7712.0,7675.0,7694.0,9.876
1772323200,7690.0,7690.0,7659.0,7685.0,3.427
1772326800,7683.0,7878.0,7622.0,7861.0,10.9485
1772330400,7862.0,8020.0,7855.0,7946.0,34.7586
1772334000,7954.0,7965.0,7902.0,7902.0,6.5394
1772337600,7903.0,7926.0,7821.0,7877.0,16.2234
1772341200,7877.0,7880.0,7853.0,7854.0,9.8767
1772344800,7854.0,7854.0,7771.0,7802.0,6.797
1772348400,7802.0,7827.0,7791.0,7819.0,4.8243
1772352000,7817.0,7819.0,7728.0,7737.0,10.8501
1772355600,7740.0,7769.0,7713.0,7713.0,9.8609
1772359200,7716.0,7760.0,7706.0,7725.0,12.1274
1772362800,7727.0,7741.0,7718.0,7718.0,0.5426
1772366400,7731.0,7737.0,7702.0,7703.0,1.3111
1772370000,7718.0,7847.0,7681.0,7829.0,4.8833
1772373600,7808.0,7879.0,7780.0,7798.0,9.6694
1772377200,7801.0,7841.0,7788.0,7788.0,2.0572
1772380800,7774.0,7820.0,7659.0,7683.0,21.5996
1772384400,7696.0,7696.0,7636.0,7662.0,5.969
1772388000,7658.0,7750.0,7658.0,7700.0,3.0244
1772391600,7694.0,7694.0,7603.0,7603.0,2.2533
1772395200,7619.0,7619.0,7471.0,7472.0,17.5306
1772398800,7477.0,7530.0,7477.0,7529.0,2.5188
1772402400,7527.0,7651.0,7468.0,7513.0,20.3361
1772406000,7508.0,7571.0,7500.0,7560.0,11.2073
1772409600,7560.0,7696.0,7560.0,7681.0,14.9378
1772413200,7681.0,7762.0,7679.0,7685.0,5.7554
1772416800,7687.0,7687.0,7621.0,7648.0,2.9536
1772420400,7648.0,7740.0,7637.0,7717.0,14.2823
1772424000,7718.0,7733.0,7712.0,7720.0,2.2939
1772427600,7721.0,7750.0,7699.0,7732.0,5.1658
1772431200,7720.0,7720.0,7626.0,7630.0,10.027
1772434800,7627.0,7627.0,7573.0,7623.0,4.556
1772438400,7619.0,7652.0,7572.0,7647.0,9.1354
1772442000,7652.0,7705.0,7652.0,7685.0,10.1746
1772445600,7673.0,7684.0,7664.0,7672.0,1.2932
1772449200,7672.0,7672.0,7623.0,7660.0,1.0053
1772452800,7661.0,7661.0,7618.0,7632.0,0.4836
1772456400,7632.0,7645.0,7584.0,7592.0,8.2736
1772460000,7609.0,7808.0,7584.0,7780.0,17.301
1772463600,7782.0,8080.0,7782.0,8038.0,46.3784
1772467200,8039.0,8165.0,8028.0,8090.0,43.3269
1772470800,8102.0,8102.0,7955.0,7973.0,13.1254
1772474400,8006.0,8006.0,7953.0,7962.0,1.5742
1772478000,7950.0,8007.0,7950.0,8007.0,1.0564
1772481600,8013.0,8021.0,7973.0,8020.0,3.7019
1772485200,7996.0,8015.0,7973.0,8015.0,2.9425
1772488800,8016.0,8054.0,8016.0,8050.0,14.1714
1772492400,8045.0,8045.0,7949.0,7962.0,4.0123
1772496000,7973.0,7987.0,7936.0,7987.0,6.2354
1772499600,7984.0,8000.0,7936.0,7936.0,7.1886
1772503200,7925.0,7925.0,7861.0,7902.0,10.6835
1772506800,7905.0,7905.0,7872.0,7893.0,2.5056
1772510400,7890.0,7891.0,7873.0,7873.0,3.1422
1772514000,7857.0,7900.0,7820.0,7820.0,3.073
1772517600,7836.0,7854.0,7836.0,7854.0,2.0579
1772521200,7865.0,7871.0,7851.0,7863.0,3.5388
1772524800,7858.0,7863.0,7700.0,7701.0,23.5648
1772528400,7701.0,7756.0,7693.0,7697.0,7.4936
1772532000,7704.0,7747.0,7703.0,7747.0,27.0945
1772535600,7747.0,7769.0,7741.0,7761.0,7.7109
1772539200,7760.0,7840.0,7760.0,7791.0,7.1942
1772542800,7790.0,7790.0,7710.0,7723.0,5.4282
1772546400,7737.0,7800.0,7660.0,7700.0,103.572
1772550000,7696.0,7800.0,7661.0,7787.0,7.063
1772553600,7796.0,7955.0,7768.0,7854.0,9.4015
1772557200,7852.0,7852.0,7771.0,7825.0,2.5061
1772560800,7834.0,7883.0,7812.0,7858.0,1.4942
1772564400,7862.0,7868.0,7793.0,7856.0,30.1671
1772568000,7854.0,7854.0,7807.0,7807.0,0.5018
1772571600,7817.0,7817.0,7758.0,7773.0,11.0318
1772575200,7774.0,7844.0,7774.0,7834.0,3.867
1772578800,7835.0,7884.0,7835.0,7841.0,2.1564
1772582400,7833.0,7838.0,7763.0,7809.0,6.0754
1772586000,7820.0,7878.0,7804.0,7835.0,56.2776
1772589600,7834.0,7834.0,7792.0,7826.0,5.7334
1772593200,7807.0,7809.0,7700.0,7729.0,5.4487
1772596800,7753.0,7753.0,7720.0,7751.0,7.886
1772600400,7754.0,7813.0,7748.0,7813.0,2.7689
1772604000,7800.0,7844.0,7783.0,7830.0,8.1685
1772607600,7830.0,7926.0,7822.0,7911.0,36.0528
1772611200,7921.0,8148.0,7915.0,8142.0,26.9719
1772614800,8148.0,8227.0,8108.0,8177.0,54.8892
1772618400,8191.0,8230.0,8160.0,8160.0,14.3134
1772622000,8173.0,8180.0,8083.0,8104.0,10.64
1772625600,8105.0,8107.0,8048.0,8098.0,13.3863
1772629200,8099.0,8151.0,8098.0,8139.0,6.7945
1772632800,8140.0,8298.0,8138.0,8191.0,23.6031
1772636400,8196.0,8474.0,8196.0,8466.0,49.2365
1772640000,8473.0,8500.0,8397.0,8444.0,79.6753
1772643600,8437.0,8469.0,8396.0,8445.0,16.9079
1772647200,8444.0,8497.0,8427.0,8497.0,14.4931
1772650800,8499.0,8618.0,8499.0,8571.0,43.453
1772654400,8571.0,8571.0,8463.0,8464.0,8.1847
1772658000,8463.0,8471.0,8432.0,8454.0,3.2905
1772661600,8455.0,8500.0,8377.0,8377.0,16.3507
1772665200,8384.0,8391.0,8339.0,8370.0,5.8592
1772668800,8369.0,8380.0,8322.0,8370.0,20.9761
1772672400,8369.0,8407.0,8299.0,8301.0,12.1799
1772676000,8334.0,8379.0,8320.0,8343.0,1.5769
1772679600,8343.0,8353.0,8310.0,8331.0,2.5394
1772683200,8339.0,8409.0,8339.0,8409.0,10.8804
1772686800,8405.0,8405.0,8327.0,8334.0,7.76
1772690400,8338.0,8370.0,8331.0,8370.0,2.528
1772694000,8378.0,8395.0,8277.0,8291.0,10.7527
1772697600,8289.0,8344.0,8274.0,8344.0,13.1324
1772701200,8346.0,8408.0,8346.0,8383.0,5.4142
1772704800,8383.0,8510.0,8372.0,8510.0,12.1001
1772708400,8510.0,8511.0,8436.0,8437.0,5.8254
1772712000,8436.0,8444.0,8391.0,8440.0,2.2061
1772715600,8427.0,8427.0,8350.0,8369.0,14.9707
1772719200,8358.0,8389.0,8292.0,8377.0,7.3416
1772722800,8350.0,8350.0,8171.0,8209.0,13.9906
1772726400,8246.0,8300.0,8010.0,8293.0,4.7724
1772730000,8011.0,8293.0,8011.0,8133.0,4.6525
1772733600,8152.0,8188.0,8152.0,8188.0,0.1826
1772737200,8193.0,8229.0,8177.0,8200.0,0.1312
1772740800,8186.0,8241.0,8186.0,8241.0,0.2618
1772744400,8241.0,8244.0,8194.0,8203.0,1.3444
1772748000,8199.0,8203.0,8188.0,8203.0,4.3032
1772751600,8199.0,8199.0,8159.0,8159.0,4.083
1772755200,8163.0,8179.0,8163.0,8170.0,12.0471
1772758800,8171.0,8237.0,8150.0,8237.0,5.6662
1772762400,8236.0,8240.0,8224.0,8233.0,7.8558
1772766000,8230.0,8240.0,8213.0,8238.0,2.163
1772769600,8235.0,8238.0,8164.0,8183.0,5.5813
1772773200,8188.0,8191.0,8179.0,8185.0,4.3793
1772776800,8188.0,8230.0,8185.0,8215.0,5.2439
1772780400,8217.0,8249.0,8194.0,8242.0,8.3405
1772784000,8241.0,8241.0,8221.0,8221.0,3.8004
1772787600,8216.0,8216.0,8111.0,8144.0,16.2942
1772791200,8147.0,8176.0,8147.0,8168.0,6.1465
1772794800,8165.0,8165.0,8124.0,8125.0,6.146
1772798400,8107.0,8124.0,8060.0,8102.0,18.3801
1772802000,8110.0,8127.0,8010.0,8010.0,32.994
1772805600,8003.0,8003.0,7823.0,7840.0,79.1796
1772809200,7840.0,7898.0,7805.0,7834.0,23.5014
1772812800,7837.0,7858.0,7805.0,7805.0,14.6602
1772816400,7816.0,7832.0,7766.0,7791.0,17.4636
1772820000,7800.0,7869.0,7800.0,7839.0,7.3041
1772823600,7828.0,7876.0,7828.0,7859.0,0.924
1772827200,7867.0,7867.0,7814.0,7817.0,0.2657
1772830800,7842.0,7848.0,7821.0,7846.0,0.8864
1772834400,7860.0,7876.0,7858.0,7876.0,1.1271
1772838000,7870.0,7876.0,7851.0,7851.0,2.4406
1772841600,7851.0,7862.0,7850.0,7861.0,0.504
1772845200,7861.0,7863.0,7850.0,7863.0,2.2491
1772848800,7856.0,7859.0,7839.0,7858.0,1.5859
1772852400,7867.0,7909.0,7855.0,7856.0,6.9561
1772856000,7855.0,7855.0,7807.0,7837.0,6.2563
1772859600,7839.0,7845.0,7832.0,7845.0,0.5868
1772863200,7847.0,7847.0,7830.0,7830.0,1.3056
1772866800,7820.0,7863.0,7807.0,7863.0,4.9022
1772870400,7860.0,7881.0,7847.0,7847.0,16.7205
1772874000,7861.0,7886.0,7861.0,7884.0,6.1192
1772877600,7881.0,7888.0,7880.0,7881.0,1.5551
1772881200,7880.0,7904.0,7880.0,7896.0,0.5911
1772884800,7896.0,7896.0,7870.0,7872.0,4.5275
1772888400,7877.0,7877.0,7868.0,7869.0,1.7243
1772892000,7869.0,7883.0,7844.0,7883.0,4.6656
1772895600,7882.0,7887.0,7855.0,7872.0,1.3732
1772899200,7871.0,7871.0,7853.0,7856.0,9.9657
1772902800,7857.0,7870.0,7857.0,7862.0,2.6938
1772906400,7862.0,7862.0,7831.0,7835.0,1.2904
1772910000,7835.0,7835.0,7761.0,7761.0,9.8278
1772913600,7770.0,7813.0,7770.0,7808.0,1.1622
1772917200,7808.0,7818.0,7808.0,7815.0,3.2011
1772920800,7826.0,7829.0,7803.0,7810.0,1.7785
1772924400,7814.0,7835.0,7814.0,7832.0,0.307
1772928000,7842.0,7848.0,7838.0,7838.0,2.8705
1772931600,7838.0,7839.0,7831.0,7839.0,2.7519
1772935200,7838.0,7838.0,7751.0,7751.0,51.0035
1772938800,7755.0,7767.0,7755.0,7767.0,8.6599
1772942400,7766.0,7775.0,7719.0,7726.0,5.6145
1772946000,7729.0,7772.0,7720.0,7764.0,3.8554
1772949600,7766.0,7767.0,7757.0,7765.0,2.1685
1772953200,7764.0,7805.0,7764.0,7803.0,3.0334
1772956800,7802.0,7825.0,7794.0,7825.0,4.2914
1772960400,7822.0,7895.0,7822.0,7851.0,12.2112
1772964000,7851.0,7898.0,7851.0,7881.0,2.5752
1772967600,7881.0,7881.0,7791.0,7791.0,18.0482
1772971200,7809.0,7809.0,7711.0,7774.0,16.1091
1772974800,7773.0,7777.0,7705.0,7755.0,8.0977
1772978400,7754.0,7773.0,7730.0,7754.0,6.2917
1772982000,7755.0,7755.0,7729.0,7743.0,11.911
1772985600,7745.0,7756.0,7703.0,7703.0,8.5508
1772989200,7723.0,7754.0,7703.0,7711.0,1.7374
1772992800,7712.0,7712.0,7693.0,7695.0,3.9089
1772996400,7692.0,7832.0,7688.0,7821.0,3.4279
1773000000,7811.0,7831.0,7777.0,7780.0,2.0628
1773003600,7787.0,7787.0,7739.0,7762.0,0.6823
1773007200,7762.0,7762.0,7606.0,7725.0,34.4404
1773010800,7729.0,7767.0,7712.0,7715.0,2.0691
1773014400,7715.0,7804.0,7688.0,7770.0,8.3011
1773018000,7772.0,7810.0,7737.0,7758.0,16.4186
1773021600,7758.0,7813.0,7739.0,7813.0,2.1266
1773025200,7809.0,7965.0,7809.0,7828.0,58.618
1773028800,7882.0,7924.0,7875.0,7899.0,6.5832
1773032400,7887.0,8014.0,7887.0,8007.0,14.7312
1773036000,8002.0,8002.0,7917.0,7917.0,22.8918
1773039600,7909.0,7909.0,7840.0,7892.0,1.8881
1773043200,7899.0,7955.0,7899.0,7946.0,6.4768
1773046800,7941.0,8020.0,7916.0,7970.0,47.1726
1773050400,7968.0,7970.0,7926.0,7929.0,8.8022
1773054000,7929.0,7944.0,7918.0,7922.0,6.1772
1773057600,7931.0,7986.0,7928.0,7953.0,5.4251
1773061200,7957.0,8054.0,7954.0,8017.0,19.959
1773064800,8017.0,8060.0,7988.0,8036.0,7.9327
1773068400,8035.0,8050.0,8014.0,8046.0,11.7873
1773072000,8046.0,8070.0,8028.0,8057.0,13.0559
1773075600,8053.0,8059.0,7971.0,8009.0,4.3597
1773079200,8009.0,8025.0,7993.0,8000.0,2.5625
1773082800,7999.0,8130.0,7999.0,8067.0,2.7341
1773086400,8055.0,8055.0,8031.0,8031.0,1.4449
1773090000,8046.0,8058.0,8044.0,8049.0,1.4446
1773093600,8050.0,8050.0,7959.0,7959.0,2.6517
1773097200,7953.0,7953.0,7901.0,7912.0,1.5733
1773100800,7915.0,7999.0,7915.0,7983.0,6.5339
1773104400,7985.0,7995.0,7963.0,7988.0,9.5227
1773108000,7989.0,8086.0,7973.0,8068.0,22.1339
1773111600,8063.0,8078.0,7992.0,7997.0,1.8565
1773115200,8010.0,8060.0,8010.0,8060.0,0.8019
1773118800,8074.0,8095.0,8059.0,8059.0,8.8984
1773122400,8063.0,8074.0,8050.0,8059.0,3.1819
1773126000,8055.0,8100.0,8055.0,8084.0,10.1447
1773129600,8084.0,8148.0,8084.0,8125.0,26.1396
1773133200,8116.0,8150.0,8113.0,8140.0,15.133
1773136800,8140.0,8140.0,8100.0,8125.0,5.8429
1773140400,8124.0,8130.0,8107.0,8121.0,5.8322
1773144000,8122.0,8122.0,8078.0,8078.0,9.814
1773147600,8080.0,8102.0,7986.0,8007.0,11.3049
1773151200,8009.0,8160.0,7923.0,8160.0,36.689
1773154800,8170.0,8190.0,8133.0,8177.0,10.8145
1773158400,8176.0,8193.0,8155.0,8177.0,9.6596
1773162000,8179.0,8180.0,8105.0,8155.0,2.4445
1773165600,8148.0,8148.0,8017.0,8022.0,4.2824
1773169200,8024.0,8037.0,7999.0,8015.0,3.9819
1773172800,8016.0,8050.0,8016.0,8043.0,0.9228
1773176400,8043.0,8045.0,7976.0,7998.0,7.1177
1773180000,7998.0,7999.0,7987.0,7993.0,1.2134
1773183600,7994.0,8025.0,7994.0,8025.0,1.1995
1773187200,8021.0,8045.0,8011.0,8039.0,5.584
1773190800,8039.0,8039.0,8010.0,8031.0,0.7996
1773194400,8030.0,8034.0,7972.0,7980.0,5.6956
1773198000,7998.0,7998.0,7980.0,7982.0,43.5295
1773201600,7982.0,8031.0,7978.0,8031.0,2.9291
1773205200,8041.0,8043.0,7951.0,7961.0,1.8828
1773208800,7951.0,7981.0,7951.0,7981.0,2.1732
1773212400,7981.0,7981.0,7932.0,7951.0,14.8538
1773216000,7950.0,7979.0,7937.0,7978.0,19.2208
1773219600,7977.0,7977.0,7950.0,7950.0,1.0418
1773223200,7950.0,7999.0,7950.0,7990.0,2.8569
1773226800,7991.0,8011.0,7958.0,7960.0,2.8825
1773230400,7957.0,8000.0,7941.0,7970.0,16.3443
1773234000,7974.0,8198.0,7974.0,8057.0,20.2858
1773237600,8082.0,8169.0,8068.0,8133.0,10.4436
1773241200,8133.0,8133.0,8006.0,8077.0,15.2694
1773244800,8077.0,8153.0,8077.0,8148.0,4.8861
1773248400,8132.0,8188.0,8104.0,8142.0,6.4074
1773252000,8142.0,8166.0,8126.0,8166.0,0.7855
1773255600,8143.0,8160.0,8139.0,8160.0,2.5253
1773259200,8130.0,8138.0,8124.0,8124.0,2.3059
1773262800,8123.0,8135.0,8117.0,8135.0,2.7169
1773266400,8136.0,8146.0,8100.0,8100.0,5.19
1773270000,8112.0,8112.0,8051.0,8061.0,3.4715
1773273600,8064.0,8087.0,8064.0,8087.0,0.2442
1773277200,8087.0,8087.0,8042.0,8057.0,4.6286
1773280800,8056.0,8056.0,7990.0,7990.0,7.3629
1773284400,7988.0,8009.0,7976.0,7978.0,6.6154
1773288000,7978.0,8001.0,7978.0,7995.0,3.9154
1773291600,7995.0,7996.0,7977.0,7995.0,4.9348
1773295200,7995.0,8014.0,7995.0,8014.0,1.0115
1773298800,8012.0,8045.0,8006.0,8045.0,6.1479
1773302400,8045.0,8081.0,8044.0,8066.0,3.14
1773306000,8066.0,8116.0,8049.0,8091.0,5.0729
1773309600,8099.0,8173.0,8098.0,8170.0,5.3577
1773313200,8170.0,8174.0,8140.0,8140.0,8.0025
1773316800,8141.0,8170.0,8140.0,8170.0,4.537
1773320400,8160.0,8191.0,8110.0,8143.0,12.4938
1773324000,8153.0,8252.0,8061.0,8066.0,31.8967
1773327600,8078.0,8200.0,8070.0,8178.0,6.5052
1773331200,8171.0,8187.0,8132.0,8163.0,0.3961
1773334800,8167.0,8169.0,8133.0,8133.0,1.4502
1773338400,8122.0,8129.0,8088.0,8088.0,2.0292
1773342000,8085.0,8163.0,8085.0,8163.0,0.2203
1773345600,8154.0,8154.0,8150.0,8150.0,0.0253
1773349200,8140.0,8152.0,8123.0,8131.0,0.135
1773352800,8133.0,8144.0,8130.0,8130.0,0.1765
1773356400,8139.0,8240.0,8139.0,8177.0,66.6399
1773360000,8174.0,8431.0,8173.0,8321.0,134.1896
1773363600,8356.0,8374.0,8322.0,8358.0,3.1635
1773367200,8358.0,8359.0,8285.0,8285.0,3.4378
1773370800,8289.0,8318.0,8282.0,8318.0,8.4263
1773374400,8327.0,8327.0,8298.0,8298.0,3.9174
1773378000,8299.0,8308.0,8277.0,8299.0,2.7885
1773381600,8298.0,8302.0,8228.0,8236.0,8.5508
1773385200,8251.0,8266.0,8251.0,8262.0,1.9586
1773388800,8263.0,8322.0,8250.0,8275.0,7.2038
1773392400,8275.0,8324.0,8251.0,8324.0,11.0394
1773396000,8324.0,8377.0,8324.0,8371.0,8.5503
1773399600,8372.0,8372.0,8352.0,8355.0,3.6127
1773403200,8371.0,8450.0,8371.0,8436.0,7.4478
1773406800,8447.0,8622.0,8442.0,8601.0,98.9063
1773410400,8604.0,8659.0,8450.0,8450.0,43.9997
1773414000,8450.0,8506.0,8347.0,8369.0,20.5684
1773417600,8380.0,8419.0,8321.0,8394.0,7.0329
1773421200,8396.0,8412.0,8254.0,8277.0,10.2609
1773424800,8281.0,8296.0,8260.0,8275.0,2.794
1773428400,8276.0,8291.0,8276.0,8277.0,9.2477
1773432000,8310.0,8313.0,8309.0,8313.0,0.8434
1773435600,8316.0,8332.0,8296.0,8296.0,4.8012
1773439200,8281.0,8281.0,8214.0,8227.0,15.1507
1773442800,8238.0,8253.0,8238.0,8252.0,5.8342
1773446400,8252.0,8260.0,8233.0,8233.0,6.4064
1773450000,8234.0,8260.0,8234.0,8260.0,12.4414
1773453600,8257.0,8260.0,8257.0,8260.0,1.0422
1773457200,8260.0,8294.0,8260.0,8293.0,3.1161
1773460800,8295.0,8306.0,8261.0,8261.0,5.6661
1773464400,8263.0,8273.0,8263.0,8272.0,3.0774
1773468000,8272.0,8272.0,8205.0,8220.0,13.655
1773471600,8222.0,8227.0,8217.0,8221.0,0.4154
1773475200,8222.0,8222.0,8202.0,8202.0,2.4697
1773478800,8209.0,8210.0,8180.0,8180.0,11.2187
1773482400,8182.0,8182.0,8170.0,8174.0,3.0001
1773486000,8177.0,8212.0,8177.0,8202.0,0.5579
1773489600,8208.0,8214.0,8197.0,8200.0,3.4111
1773493200,8200.0,8216.0,8200.0,8216.0,9.774
1773496800,8217.0,8217.0,8201.0,8201.0,3.7755
1773500400,8201.0,8202.0,8201.0,8202.0,1.5086
1773504000,8200.0,8200.0,8198.0,8198.0,13.6371
1773507600,8198.0,8198.0,8196.0,8197.0,2.3201
1773511200,8197.0,8199.0,8197.0,8199.0,1.1137
1773514800,8199.0,8202.0,8199.0,8202.0,0.647
1773518400,8208.0,8209.0,8208.0,8209.0,0.2462
1773522000,8237.0,8247.0,8237.0,8247.0,0.0658
1773525600,8245.0,8247.0,8245.0,8247.0,0.2143
1773529200,8263.0,8295.0,8263.0,8293.0,1.6789
1773532800,8289.0,8289.0,8264.0,8264.0,0.6501
1773536400,8264.0,8266.0,8247.0,8266.0,3.001
1773540000,8287.0,8326.0,8270.0,8313.0,3.6164
1773543600,8315.0,8318.0,8289.0,8289.0,1.2351
1773547200,8304.0,8305.0,8301.0,8305.0,0.3025
1773550800,8305.0,8350.0,8305.0,8338.0,3.1836
1773554400,8342.0,8345.0,8322.0,8326.0,0.5469
1773558000,8326.0,8350.0,8326.0,8330.0,12.015
1773561600,8338.0,8350.0,8338.0,8349.0,0.1967
1773565200,8350.0,8390.0,8350.0,8377.0,4.9815
1773568800,8376.0,8381.0,8376.0,8381.0,2.0249
1773572400,8379.0,8383.0,8377.0,8383.0,1.937
1773576000,8384.0,8384.0,8344.0,8345.0,5.7064
1773579600,8343.0,8343.0,8263.0,8285.0,44.0921
1773583200,8287.0,8292.0,8263.0,8283.0,6.9485
1773586800,8280.0,8285.0,8278.0,8280.0,0.3449
1773590400,8292.0,8292.0,8277.0,8277.0,2.7406
1773594000,8283.0,8366.0,8283.0,8366.0,5.8623
1773597600,8342.0,8342.0,8299.0,8299.0,0.0566
1773601200,8310.0,8341.0,8310.0,8341.0,0.0352
1773604800,8346.0,8423.0,8346.0,8415.0,6.1894
1773608400,8414.0,8450.0,8398.0,8450.0,2.1157
1773612000,8443.0,8612.0,8403.0,8610.0,9.7178
1773615600,8615.0,8653.0,8541.0,8576.0,14.9178
1773619200,8578.0,8604.0,8544.0,8550.0,12.0601
1773622800,8550.0,8610.0,8532.0,8609.0,10.5289
1773626400,8607.0,8607.0,8553.0,8593.0,11.1102
1773630000,8584.0,8846.0,8584.0,8797.0,47.9257
1773633600,8797.0,8921.0,8797.0,8906.0,34.6621
1773637200,8901.0,8960.0,8901.0,8960.0,60.0298
1773640800,8964.0,8966.0,8901.0,8901.0,11.5389
1773644400,8901.0,8914.0,8828.0,8836.0,29.6339
1773648000,8858.0,8876.0,8801.0,8828.0,24.5251
1773651600,8824.0,8895.0,8811.0,8889.0,23.1878
1773655200,8889.0,8950.0,8875.0,8950.0,14.6153
1773658800,8953.0,8953.0,8920.0,8935.0,7.181
1773662400,8934.0,9046.0,8934.0,8969.0,25.9914
1773666000,8969.0,9050.0,8958.0,8984.0,12.1559
1773669600,8996.0,9040.0,8844.0,8973.0,41.3109
1773673200,8978.0,9022.0,8932.0,8941.0,13.9433
1773676800,8942.0,9033.0,8939.0,9033.0,1.8953
1773680400,9033.0,9111.0,9033.0,9099.0,16.115
1773684000,9100.0,9200.0,9100.0,9145.0,4.8745
1773687600,9134.0,9200.0,9130.0,9157.0,24.2171
1773691200,9160.0,9204.0,9133.0,9204.0,16.3547
1773694800,9206.0,9299.0,9206.0,9267.0,12.9257
1773698400,9266.0,9341.0,9255.0,9260.0,17.7857
1773702000,9260.0,9271.0,9150.0,9230.0,32.11
1773705600,9230.0,9299.0,9211.0,9221.0,19.4082
1773709200,9241.0,9318.0,9234.0,9267.0,22.979
1773712800,9268.0,9271.0,9219.0,9243.0,15.0483
1773716400,9244.0,9247.0,9091.0,9114.0,22.1134
1773720000,9129.0,9152.0,9005.0,9089.0,17.1232
1773723600,9088.0,9111.0,9055.0,9081.0,34.3821
1773727200,9083.0,9131.0,9056.0,9104.0,6.0845
1773730800,9105.0,9190.0,9105.0,9154.0,7.3705
1773734400,9157.0,9171.0,9122.0,9122.0,69.571
1773738000,9129.0,9146.0,8977.0,9106.0,44.0028
1773741600,9110.0,9112.0,9085.0,9098.0,3.6729
1773745200,9098.0,9168.0,9098.0,9157.0,3.2136
1773748800,9157.0,9168.0,9120.0,9120.0,2.6987
1773752400,9117.0,9209.0,9117.0,9151.0,9.9492
1773756000,9159.0,9237.0,9150.0,9216.0,11.8073
1773759600,9216.0,9298.0,9090.0,9122.0,33.2505
1773763200,9122.0,9188.0,9122.0,9157.0,3.0928
1773766800,9167.0,9205.0,9158.0,9205.0,4.2075
1773770400,9205.0,9209.0,9169.0,9169.0,5.7503
1773774000,9175.0,9194.0,9136.0,9136.0,2.964
1773777600,9138.0,9151.0,9133.0,9151.0,0.3887
1773781200,9159.0,9209.0,9159.0,9195.0,0.6575
1773784800,9195.0,9196.0,9138.0,9158.0,2.1812
1773788400,9163.0,9171.0,9132.0,9132.0,2.3991
1773792000,9133.0,9133.0,9082.0,9117.0,10.4526
1773795600,9127.0,9160.0,9124.0,9126.0,6.3352
1773799200,9135.0,9177.0,9135.0,9153.0,2.1903
1773802800,9156.0,9201.0,9150.0,9188.0,8.0335
1773806400,9187.0,9187.0,9151.0,9152.0,1.5235
1773810000,9152.0,9152.0,9106.0,9108.0,5.5637
1773813600,9107.0,9144.0,9107.0,9134.0,11.9365
1773817200,9135.0,9135.0,9110.0,9121.0,3.6968
1773820800,9119.0,9139.0,9119.0,9136.0,4.3388
1773824400,9134.0,9168.0,9134.0,9163.0,6.8353
1773828000,9163.0,9168.0,9111.0,9111.0,4.4484
1773831600,9110.0,9127.0,8950.0,8952.0,18.6688
1773835200,8951.0,8951.0,8829.0,8840.0,55.3474
1773838800,8840.0,8845.0,8790.0,8813.0,32.1076
1773842400,8819.0,8819.0,8654.0,8661.0,18.7701
1773846000,8660.0,8660.0,8600.0,8621.0,55.4922
1773849600,8623.0,8627.0,8571.0,8608.0,18.8752
1773853200,8604.0,8711.0,8604.0,8696.0,15.8223
1773856800,8697.0,8750.0,8622.0,8622.0,7.9871
1773860400,8613.0,8658.0,8613.0,8639.0,9.4689
1773864000,8632.0,8639.0,8522.0,8639.0,14.9012
1773867600,8638.0,8701.0,8638.0,8699.0,0.9853
1773871200,8697.0,8697.0,8653.0,8660.0,2.7127
1773874800,8661.0,8701.0,8659.0,8701.0,2.0209
1773878400,8701.0,8709.0,8676.0,8676.0,5.0603
1773882000,8685.0,8703.0,8661.0,8696.0,5.4343
1773885600,8695.0,8715.0,8676.0,8701.0,12.61
1773889200,8701.0,8817.0,8701.0,8756.0,17.7879
1773892800,8755.0,8755.0,8681.0,8685.0,6.1992
1773896400,8685.0,8688.0,8671.0,8672.0,0.9658
1773900000,8672.0,8681.0,8655.0,8655.0,47.9237
1773903600,8655.0,8655.0,8521.0,8587.0,9.7006
1773907200,8587.0,8593.0,8556.0,8557.0,3.419
1773910800,8565.0,8660.0,8565.0,8655.0,13.8889
1773914400,8651.0,8651.0,8624.0,8624.0,2.7126
1773918000,8608.0,8610.0,8586.0,8591.0,7.6358
1773921600,8590.0,8590.0,8463.0,8465.0,15.9022
1773925200,8463.0,8489.0,8400.0,8488.0,15.9491
1773928800,8493.0,8493.0,8362.0,8432.0,17.9889
1773932400,8419.0,8461.0,8366.0,8425.0,14.3921
1773936000,8402.0,8404.0,8365.0,8391.0,10.9897
1773939600,8394.0,8447.0,8372.0,8444.0,5.479
1773943200,8428.0,8438.0,8394.0,8404.0,1.3248
1773946800,8435.0,8540.0,8435.0,8487.0,3.9571
1773950400,8486.0,8514.0,8485.0,8500.0,10.7343
1773954000,8499.0,8525.0,8498.0,8517.0,1.6285
1773957600,8515.0,8515.0,8456.0,8466.0,3.3531
1773961200,8481.0,8496.0,8453.0,8460.0,6.3864
1773964800,8463.0,8482.0,8459.0,8479.0,13.78
1773968400,8481.0,8539.0,8481.0,8539.0,5.1513
1773972000,8512.0,8512.0,8454.0,8483.0,4.9324
1773975600,8487.0,8528.0,8487.0,8517.0,1.3444
1773979200,8514.0,8536.0,8474.0,8492.0,10.2457
1773982800,8500.0,8511.0,8476.0,8486.0,1.9768
1773986400,8476.0,8476.0,8460.0,8462.0,2.0672
1773990000,8460.0,8535.0,8422.0,8522.0,5.0774
1773993600,8518.0,8601.0,8518.0,8572.0,3.1027
1773997200,8551.0,8568.0,8473.0,8481.0,26.4451
1774000800,8475.0,8514.0,8459.0,8512.0,3.0467
1774004400,8514.0,8534.0,8483.0,8483.0,3.6303
1774008000,8497.0,8523.0,8469.0,8484.0,1.4454
1774011600,8488.0,8527.0,8447.0,8449.0,12.2495
1774015200,8449.0,8489.0,8422.0,8447.0,12.2065
1774018800,8456.0,8472.0,8424.0,8472.0,1.2269
1774022400,8475.0,8492.0,8456.0,8473.0,1.5473
1774026000,8478.0,8481.0,8442.0,8481.0,3.328
1774029600,8481.0,8481.0,8421.0,8421.0,1.3373
1774033200,8439.0,8458.0,8420.0,8458.0,1.0753
1774036800,8461.0,8471.0,8445.0,8464.0,0.663
1774040400,8465.0,8541.0,8461.0,8508.0,15.105
1774044000,8517.0,8576.0,8517.0,8550.0,2.0248
1774047600,8544.0,8544.0,8506.0,8510.0,0.9528
1774051200,8514.0,8535.0,8504.0,8531.0,0.3587
1774054800,8527.0,8552.0,8516.0,8517.0,0.6861
1774058400,8514.0,8528.0,8510.0,8528.0,1.0357
1774062000,8528.0,8541.0,8528.0,8541.0,7.7882
1774065600,8544.0,8565.0,8544.0,8554.0,1.8819
1774069200,8552.0,8573.0,8551.0,8564.0,1.7741
1774072800,8564.0,8568.0,8560.0,8568.0,1.9511
1774076400,8568.0,8596.0,8568.0,8576.0,3.7471
1774080000,8576.0,8582.0,8574.0,8580.0,5.3283
1774083600,8580.0,8590.0,8580.0,8590.0,0.8432
1774087200,8589.0,8596.0,8576.0,8577.0,3.6727
1774090800,8577.0,8580.0,8576.0,8580.0,1.1021
1774094400,8580.0,8589.0,8579.0,8585.0,3.0558
1774098000,8586.0,8586.0,8580.0,8580.0,3.4725
1774101600,8576.0,8607.0,8560.0,8560.0,11.9657
1774105200,8559.0,8571.0,8550.0,8565.0,7.6181
1774108800,8566.0,8566.0,8535.0,8535.0,1.3312
1774112400,8540.0,8547.0,8529.0,8542.0,3.1232
1774116000,8542.0,8553.0,8542.0,8550.0,0.4279
1774119600,8549.0,8549.0,8541.0,8541.0,0.254
1774123200,8544.0,8544.0,8544.0,8544.0,0.0971
1774126800,8549.0,8550.0,8547.0,8547.0,0.5845
1774130400,8546.0,8546.0,8533.0,8534.0,2.0481
1774134000,8533.0,8533.0,8300.0,8301.0,44.5695
1774137600,8300.0,8317.0,8223.0,8305.0,23.6211
1774141200,8306.0,8321.0,8297.0,8312.0,7.1885
1774144800,8323.0,8377.0,8315.0,8369.0,8.3612
1774148400,8364.0,8448.0,8353.0,8420.0,14.2364
1774152000,8420.0,8439.0,8402.0,8422.0,3.0732
1774155600,8433.0,8433.0,8421.0,8425.0,1.9964
1774159200,8422.0,8422.0,8408.0,8411.0,1.8348
1774162800,8408.0,8418.0,8385.0,8392.0,4.3944
1774166400,8350.0,8355.0,8304.0,8330.0,2.0025
1774170000,8336.0,8362.0,8319.0,8326.0,4.7492
1774173600,8327.0,8327.0,8304.0,8315.0,3.5122
1774177200,8318.0,8321.0,8280.0,8280.0,2.7608
1774180800,8278.0,8322.0,8275.0,8311.0,4.2459
1774184400,8320.0,8320.0,8280.0,8300.0,2.4903
1774188000,8301.0,8316.0,8285.0,8308.0,2.1841
1774191600,8301.0,8314.0,8293.0,8307.0,2.7407
1774195200,8313.0,8313.0,8305.0,8312.0,1.1492
1774198800,8307.0,8316.0,8297.0,8298.0,2.1685
1774202400,8294.0,8294.0,8240.0,8261.0,3.5687
1774206000,8261.0,8261.0,8229.0,8248.0,0.375
1774209600,8243.0,8266.0,8230.0,8231.0,2.7917
1774213200,8231.0,8231.0,8132.0,8168.0,17.4238
1774216800,8144.0,8238.0,8133.0,8232.0,1.3939
1774220400,8237.0,8266.0,8200.0,8201.0,1.4274
1774224000,8200.0,8221.0,8150.0,8159.0,1.9769
1774227600,8162.0,8198.0,8134.0,8160.0,25.6511
1774231200,8155.0,8223.0,8155.0,8201.0,10.955
1774234800,8202.0,8227.0,8171.0,8171.0,7.8237
1774238400,8173.0,8219.0,8171.0,8219.0,15.0082
1774242000,8230.0,8230.0,8212.0,8229.0,2.8073
1774245600,8229.0,8237.0,8140.0,8141.0,9.66
1774249200,8141.0,8179.0,8050.0,8179.0,53.3052
1774252800,8183.0,8220.0,8179.0,8179.0,28.5399
1774256400,8174.0,8174.0,8099.0,8146.0,184.7031
1774260000,8147.0,8172.0,8125.0,8150.0,7.7598
1774263600,8150.0,8725.0,8150.0,8480.0,92.4794
1774267200,8468.0,8515.0,8416.0,8511.0,6.5768
1774270800,8512.0,8672.0,8509.0,8660.0,14.356
1774274400,8660.0,8700.0,8606.0,8636.0,36.8008
1774278000,8640.0,8660.0,8436.0,8436.0,52.9038
1774281600,8450.0,8485.0,8403.0,8464.0,16.4072
1774285200,8466.0,8537.0,8428.0,8517.0,1.1873
1774288800,8530.0,8577.0,8517.0,8577.0,1.0174
1774292400,8579.0,8614.0,8530.0,8530.0,7.7923
1774296000,8537.0,8575.0,8520.0,8575.0,1.7486
1774299600,8563.0,8564.0,8549.0,8553.0,0.5865
1774303200,8552.0,8552.0,8501.0,8516.0,1.8451
1774306800,8518.0,8518.0,8487.0,8505.0,2.1241
1774310400,8511.0,8511.0,8431.0,8477.0,4.9961
1774314000,8468.0,8486.0,8421.0,8456.0,7.3718
1774317600,8453.0,8464.0,8445.0,8453.0,2.1689
1774321200,8450.0,8464.0,8440.0,8464.0,3.2754
1774324800,8465.0,8485.0,8440.0,8454.0,2.816
1774328400,8453.0,8453.0,8414.0,8452.0,24.6149
1774332000,8443.0,8482.0,8443.0,8480.0,9.6161
1774335600,8481.0,8580.0,8481.0,8580.0,5.2489
1774339200,8560.0,8569.0,8523.0,8529.0,115.9627
1774342800,8531.0,8577.0,8519.0,8577.0,5.3601
1774346400,8574.0,8575.0,8552.0,8561.0,11.3494
1774350000,8562.0,8600.0,8544.0,8573.0,3.1925
1774353600,8571.0,8584.0,8561.0,8574.0,6.6113
1774357200,8574.0,8574.0,8460.0,8470.0,3.9011
1774360800,8471.0,8496.0,8421.0,8479.0,11.9485
1774364400,8473.0,8499.0,8464.0,8464.0,2.5603
1774368000,8467.0,8477.0,8445.0,8445.0,3.2618
1774371600,8446.0,8446.0,8380.0,8380.0,4.5144
1774375200,8367.0,8423.0,8367.0,8407.0,2.6414
1774378800,8409.0,8422.0,8406.0,8406.0,0.4194
1774382400,8400.0,8521.0,8400.0,8521.0,1.5572
1774386000,8527.0,8527.0,8511.0,8524.0,0.15
1774389600,8524.0,8541.0,8505.0,8505.0,0.3186
1774393200,8514.0,8572.0,8514.0,8556.0,1.397
1774396800,8539.0,8577.0,8510.0,8558.0,17.4408
1774400400,8560.0,8576.0,8559.0,8563.0,9.8774
1774404000,8557.0,8562.0,8547.0,8551.0,2.4413
1774407600,8553.0,8559.0,8522.0,8559.0,10.6295
1774411200,8559.0,8570.0,8548.0,8568.0,44.0183
1774414800,8568.0,8615.0,8568.0,8598.0,13.7313
1774418400,8588.0,8600.0,8578.0,8596.0,26.5321
1774422000,8583.0,8610.0,8579.0,8581.0,7.8853
1774425600,8581.0,8672.0,8581.0,8634.0,6.0357
1774429200,8632.0,8647.0,8626.0,8647.0,1.9253
1774432800,8666.0,8666.0,8656.0,8658.0,2.4653
1774436400,8660.0,8700.0,8659.0,8670.0,5.037
1774440000,8684.0,8700.0,8609.0,8678.0,4.7656
1774443600,8667.0,8714.0,8664.0,8685.0,6.9536
1774447200,8681.0,8681.0,8646.0,8647.0,2.4688
1774450800,8642.0,8642.0,8550.0,8596.0,9.692
1774454400,8589.0,8667.0,8589.0,8638.0,8.7418
1774458000,8641.0,8641.0,8618.0,8618.0,0.1419
1774461600,8605.0,8628.0,8593.0,8593.0,4.1224
1774465200,8616.0,8643.0,8616.0,8643.0,0.1445
1774468800,8614.0,8615.0,8611.0,8615.0,0.5362
1774472400,8615.0,8615.0,8607.0,8607.0,0.2042
1774476000,8601.0,8648.0,8599.0,8644.0,9.4751
1774479600,8639.0,8642.0,8610.0,8615.0,0.8622
1774483200,8622.0,8622.0,8617.0,8619.0,2.277
1774486800,8620.0,8624.0,8615.0,8622.0,0.6258
1774490400,8621.0,8621.0,8549.0,8568.0,6.2188
1774494000,8568.0,8598.0,8567.0,8591.0,5.4895
1774497600,8592.0,8592.0,8585.0,8592.0,0.7429
1774501200,8591.0,8591.0,8479.0,8479.0,8.335
1774504800,8478.0,8496.0,8471.0,8490.0,5.1806
1774508400,8490.0,8499.0,8481.0,8499.0,12.5373
1774512000,8501.0,8501.0,8481.0,8487.0,1.0082
1774515600,8488.0,8495.0,8324.0,8340.0,16.6802
1774519200,8339.0,8345.0,8317.0,8327.0,12.147
1774522800,8328.0,8333.0,8276.0,8309.0,41.9667
1774526400,8305.0,8313.0,8302.0,8312.0,5.8023
1774530000,8331.0,8366.0,8312.0,8350.0,4.7056
1774533600,8344.0,8347.0,8310.0,8328.0,10.0993
1774537200,8302.0,8302.0,8259.0,8291.0,8.9633
1774540800,8300.0,8305.0,8285.0,8285.0,8.9006
1774544400,8276.0,8303.0,8229.0,8229.0,3.6048
1774548000,8233.0,8233.0,8198.0,8209.0,13.3997
1774551600,8209.0,8233.0,8194.0,8227.0,1.1283
1774555200,8228.0,8335.0,8228.0,8295.0,7.8423
1774558800,8281.0,8322.0,8276.0,8307.0,0.1235
1774562400,8301.0,8306.0,8265.0,8291.0,3.0755
1774566000,8304.0,8304.0,8262.0,8272.0,3.0219
1774569600,8276.0,8294.0,8276.0,8291.0,11.3142
1774573200,8292.0,8328.0,8292.0,8328.0,20.6487
1774576800,8334.0,8337.0,8323.0,8327.0,0.7019
1774580400,8323.0,8323.0,8290.0,8292.0,1.8269
1774584000,8290.0,8290.0,8226.0,8256.0,7.5065
1774587600,8256.0,8297.0,8256.0,8284.0,4.8639
1774591200,8288.0,8319.0,8283.0,8306.0,5.3816
1774594800,8306.0,8333.0,8306.0,8324.0,2.5599
1774598400,8321.0,8321.0,8211.0,8253.0,16.1624
1774602000,8253.0,8258.0,8218.0,8238.0,12.7027
1774605600,8238.0,8238.0,8058.0,8059.0,45.2671
1774609200,8059.0,8084.0,8058.0,8064.0,25.9704
1774612800,8062.0,8063.0,8051.0,8055.0,14.6792
1774616400,8058.0,8087.0,8008.0,8037.0,35.3787
1774620000,8030.0,8066.0,8016.0,8049.0,5.3752
1774623600,8062.0,8169.0,8062.0,8095.0,18.3664
1774627200,8081.0,8115.0,8065.0,8082.0,3.9297
1774630800,8081.0,8106.0,8026.0,8045.0,4.6895
1774634400,8060.0,8082.0,8044.0,8075.0,3.1258
1774638000,8075.0,8101.0,8030.0,8079.0,6.7022
1774641600,8088.0,8093.0,8042.0,8063.0,0.6518
1774645200,8054.0,8075.0,8051.0,8051.0,2.5906
1774648800,8051.0,8055.0,8040.0,8055.0,1.3054
1774652400,8051.0,8084.0,8042.0,8079.0,1.2671
1774656000,8077.0,8089.0,8067.0,8085.0,2.1844
1774659600,8079.0,8079.0,8052.0,8071.0,5.1436
1774663200,8077.0,8078.0,8054.0,8063.0,1.8906
1774666800,8068.0,8076.0,8064.0,8075.0,1.7838
1774670400,8075.0,8078.0,8072.0,8073.0,2.7384
1774674000,8076.0,8079.0,8070.0,8079.0,3.6205
1774677600,8079.0,8121.0,8079.0,8110.0,5.9148
1774681200,8110.0,8135.0,8107.0,8131.0,8.2897
1774684800,8130.0,8136.0,8114.0,8114.0,10.2188
1774688400,8114.0,8114.0,8092.0,8104.0,8.8518
1774692000,8103.0,8120.0,8087.0,8087.0,1.9122
1774695600,8094.0,8107.0,8093.0,8099.0,2.6645
1774699200,8096.0,8111.0,8081.0,8102.0,3.5621
1774702800,8101.0,8252.0,8100.0,8194.0,26.9294
1774706400,8191.0,8197.0,8151.0,8164.0,6.5189
1774710000,8172.0,8215.0,8165.0,8185.0,2.8018
1774713600,8197.0,8198.0,8172.0,8172.0,47.2671
1774717200,8187.0,8187.0,8151.0,8160.0,1.8784
1774720800,8165.0,8173.0,8165.0,8169.0,0.5858
1774724400,8165.0,8165.0,8151.0,8157.0,0.0726
1774728000,8173.0,8173.0,8172.0,8172.0,0.0608
1774731600,8161.0,8161.0,8120.0,8120.0,0.154
1774735200,8119.0,8127.0,8117.0,8118.0,1.7045
1774738800,8110.0,8110.0,8050.0,8057.0,16.9035
1774742400,8065.0,8070.0,8051.0,8062.0,1.1333
1774746000,8076.0,8095.0,8076.0,8081.0,1.1896
1774749600,8102.0,8113.0,8095.0,8113.0,1.4675
1774753200,8116.0,8140.0,8111.0,8121.0,1.4398
1774756800,8120.0,8125.0,8099.0,8104.0,1.1694
1774760400,8103.0,8103.0,8081.0,8086.0,9.0316
1774764000,8105.0,8107.0,8088.0,8101.0,1.3477
1774767600,8094.0,8111.0,8076.0,8111.0,1.6798
1774771200,8101.0,8104.0,8094.0,8096.0,4.7467
1774774800,8097.0,8097.0,8075.0,8078.0,2.3074
1774778400,8075.0,8075.0,8051.0,8074.0,23.1923
1774782000,8074.0,8113.0,8074.0,8099.0,3.9298
1774785600,8102.0,8102.0,8083.0,8085.0,2.0915
1774789200,8080.0,8080.0,8032.0,8035.0,7.688
1774792800,8033.0,8068.0,8030.0,8063.0,3.8196
1774796400,8070.0,8070.0,8045.0,8065.0,2.8121
1774800000,8070.0,8089.0,8070.0,8082.0,0.4291
1774803600,8080.0,8085.0,8062.0,8062.0,1.7001
1774807200,8063.0,8086.0,8063.0,8081.0,5.3657
1774810800,8078.0,8080.0,8068.0,8068.0,0.9374
1774814400,8080.0,8098.0,8080.0,8098.0,1.0719
1774818000,8098.0,8108.0,8095.0,8108.0,0.3025
1774821600,8102.0,8102.0,7880.0,7981.0,43.6559
1774825200,7991.0,8057.0,7991.0,8032.0,20.0836
1774828800,8017.0,8166.0,8017.0,8053.0,26.6046
1774832400,8091.0,8132.0,8091.0,8123.0,4.3526
1774836000,8123.0,8226.0,8117.0,8205.0,4.9031
1774839600,8205.0,8237.0,8194.0,8224.0,7.4506
1774843200,8227.0,8274.0,8227.0,8263.0,7.9347
1774846800,8275.0,8301.0,8269.0,8274.0,15.4663
1774850400,8270.0,8272.0,8250.0,8250.0,1.035
1774854000,8250.0,8324.0,8250.0,8309.0,15.6652
1774857600,8312.0,8350.0,8309.0,8322.0,15.803
1774861200,8321.0,8324.0,8301.0,8301.0,4.5257
1774864800,8300.0,8308.0,8281.0,8301.0,2.3931
1774868400,8307.0,8389.0,8307.0,8362.0,16.8022
1774872000,8364.0,8391.0,8364.0,8379.0,1.9549
1774875600,8378.0,8401.0,8336.0,8336.0,2.5978
1774879200,8327.0,8366.0,8281.0,8366.0,18.0502
1774882800,8373.0,8380.0,8347.0,8379.0,8.5673
1774886400,8374.0,8374.0,8334.0,8335.0,3.0551
1774890000,8335.0,8343.0,8237.0,8263.0,10.619
1774893600,8255.0,8255.0,8202.0,8202.0,2.4227
1774897200,8207.0,8207.0,8157.0,8157.0,0.6207
1774900800,8181.0,8181.0,8180.0,8180.0,0.0222
1774904400,8181.0,8249.0,8181.0,8249.0,0.9424
1774908000,8229.0,8229.0,8217.0,8226.0,1.0852
1774911600,8182.0,8186.0,8155.0,8182.0,1.2875
1774915200,8185.0,8213.0,8162.0,8213.0,3.3302
1774918800,8239.0,8421.0,8218.0,8373.0,23.7879
1774922400,8364.0,8374.0,8348.0,8362.0,26.0901
1774926000,8361.0,8361.0,8320.0,8329.0,2.2794
1774929600,8328.0,8342.0,8307.0,8319.0,7.1418
1774933200,8318.0,8334.0,8308.0,8334.0,1.4458
1774936800,8328.0,8328.0,8311.0,8323.0,0.7851
1774940400,8325.0,8325.0,8263.0,8298.0,3.3123
1774944000,8293.0,8299.0,8242.0,8243.0,4.0769
1774947600,8251.0,8251.0,8160.0,8168.0,11.0894
1774951200,8174.0,8214.0,8170.0,8214.0,2.5482
1774954800,8213.0,8282.0,8213.0,8276.0,3.583
1774958400,8278.0,8339.0,8274.0,8314.0,2.6683
1774962000,8315.0,8424.0,8315.0,8415.0,30.361
1774965600,8418.0,8450.0,8262.0,8287.0,25.1632
1774969200,8322.0,8398.0,8320.0,8328.0,2.4861
1774972800,8337.0,8498.0,8337.0,8455.0,7.7119
1774976400,8458.0,8557.0,8457.0,8471.0,21.485
1774980000,8500.0,8517.0,8489.0,8489.0,0.2689
1774983600,8498.0,8500.0,8474.0,8475.0,2.8512
1774987200,8487.0,8501.0,8487.0,8501.0,0.3225
1774990800,8502.0,8503.0,8473.0,8493.0,0.2429
1774994400,8490.0,8490.0,8456.0,8471.0,2.4806
1774998000,8472.0,8494.0,8466.0,8494.0,2.7229
1775001600,8492.0,8510.0,8402.0,8510.0,36.514
1775005200,8520.0,8520.0,8453.0,8456.0,5.4151
1775008800,8458.0,8458.0,8426.0,8438.0,1.0785
1775012400,8439.0,8487.0,8439.0,8480.0,8.2736
1775016000,8480.0,8527.0,8478.0,8525.0,3.5746
1775019600,8513.0,8600.0,8513.0,8576.0,11.7306
1775023200,8578.0,8685.0,8578.0,8675.0,15.9586
1775026800,8675.0,8678.0,8603.0,8603.0,9.4747
1775030400,8606.0,8614.0,8580.0,8613.0,9.9929
1775034000,8605.0,8607.0,8581.0,8599.0,17.6091
1775037600,8599.0,8599.0,8580.0,8581.0,2.3021
1775041200,8581.0,8597.0,8581.0,8597.0,2.8476
1775044800,8595.0,8610.0,8566.0,8580.0,5.3769
1775048400,8578.0,8578.0,8519.0,8537.0,2.7691
1775052000,8542.0,8574.0,8528.0,8567.0,5.9596
1775055600,8568.0,8600.0,8557.0,8599.0,10.3758
1775059200,8600.0,8641.0,8572.0,8641.0,6.2174
1775062800,8641.0,8701.0,8602.0,8602.0,10.4496
1775066400,8608.0,8608.0,8572.0,8579.0,0.1513
1775070000,8577.0,8605.0,8577.0,8605.0,0.9284
1775073600,8604.0,8610.0,8590.0,8610.0,11.4033
1775077200,8636.0,8683.0,8636.0,8683.0,1.6575
1775080800,8668.0,8668.0,8603.0,8613.0,15.2765
1775084400,8613.0,8627.0,8611.0,8616.0,6.2467
1775088000,8615.0,8668.0,8614.0,8665.0,2.0902
1775091600,8672.0,8672.0,8433.0,8460.0,21.7529
1775095200,8444.0,8453.0,8348.0,8360.0,9.6737
1775098800,8360.0,8380.0,8285.0,8305.0,8.1656
1775102400,8310.0,8312.0,8280.0,8281.0,2.7203
1775106000,8284.0,8299.0,8271.0,8299.0,2.902
1775109600,8292.0,8305.0,8292.0,8293.0,0.4397
1775113200,8297.0,8331.0,8291.0,8331.0,3.8456
1775116800,8330.0,8330.0,8305.0,8305.0,12.2831
1775120400,8304.0,8305.0,8277.0,8285.0,8.7429
1775124000,8284.0,8284.0,8260.0,8270.0,1.091
1775127600,8275.0,8277.0,8236.0,8260.0,4.23
1775131200,8254.0,8254.0,8230.0,8237.0,3.3735
1775134800,8230.0,8261.0,8109.0,8261.0,53.7658
1775138400,8261.0,8401.0,8255.0,8389.0,56.5326
1775142000,8357.0,8380.0,8324.0,8352.0,0.8295
1775145600,8352.0,8399.0,8334.0,8382.0,3.1236
1775149200,8370.0,8392.0,8316.0,8316.0,0.9587
1775152800,8312.0,8330.0,8312.0,8330.0,3.4035
1775156400,8355.0,8366.0,8351.0,8366.0,0.0547
1775160000,8368.0,8397.0,8368.0,8393.0,0.6944
1775163600,8390.0,8390.0,8362.0,8362.0,0.177
1775167200,8365.0,8371.0,8350.0,8357.0,0.0466
1775170800,8361.0,8361.0,8343.0,8343.0,0.422
1775174400,8345.0,8345.0,8325.0,8325.0,1.9797
1775178000,8326.0,8350.0,8299.0,8304.0,2.7879
1775181600,8310.0,8338.0,8293.0,8317.0,3.1336
1775185200,8318.0,8327.0,8314.0,8316.0,2.2475
1775188800,8322.0,8327.0,8311.0,8325.0,6.9988
1775192400,8321.0,8342.0,8306.0,8325.0,3.0461
1775196000,8327.0,8342.0,8323.0,8342.0,0.231
1775199600,8349.0,8380.0,8346.0,8359.0,6.727
1775203200,8357.0,8373.0,8343.0,8343.0,2.1831
1775206800,8343.0,8348.0,8340.0,8342.0,1.1631
1775210400,8339.0,8339.0,8329.0,8334.0,0.158
1775214000,8335.0,8347.0,8333.0,8347.0,1.1757
1775217600,8346.0,8389.0,8294.0,8294.0,3.1124
1775221200,8297.0,8297.0,8281.0,8281.0,2.1397
1775224800,8292.0,8310.0,8292.0,8298.0,14.6549
1775228400,8300.0,8312.0,8300.0,8300.0,2.1891
1775232000,8297.0,8299.0,8291.0,8299.0,0.1221
1775235600,8299.0,8299.0,8271.0,8275.0,4.3616
1775239200,8281.0,8281.0,8281.0,8281.0,0.0065
1775242800,8273.0,8274.0,8273.0,8274.0,0.7503
1775246400,8274.0,8274.0,8274.0,8274.0,0.0
1775250000,8286.0,8308.0,8286.0,8308.0,0.6594
1775253600,8294.0,8294.0,8282.0,8286.0,0.1338
1775257200,8282.0,8290.0,8282.0,8290.0,0.2364
1775260800,8291.0,8291.0,8287.0,8289.0,0.9057
1775264400,8289.0,8290.0,8288.0,8289.0,0.5178
1775268000,8289.0,8289.0,8288.0,8288.0,0.1698
1775271600,8290.0,8292.0,8290.0,8290.0,0.2937
1775275200,8290.0,8293.0,8290.0,8293.0,0.8999
1775278800,8294.0,8299.0,8293.0,8299.0,4.7915
1775282400,8300.0,8317.0,8299.0,8316.0,2.2168
1775286000,8317.0,8317.0,8309.0,8309.0,0.0321
1775289600,8310.0,8312.0,8309.0,8312.0,0.1603
1775293200,8303.0,8304.0,8298.0,8298.0,3.8096
1775296800,8298.0,8310.0,8297.0,8310.0,0.6282
1775300400,8310.0,8310.0,8310.0,8310.0,0.0
1775304000,8305.0,8305.0,8300.0,8300.0,0.8319
1775307600,8301.0,8311.0,8301.0,8311.0,0.5171
1775311200,8312.0,8312.0,8291.0,8304.0,1.9826
1775314800,8309.0,8325.0,8309.0,8318.0,0.9748
1775318400,8320.0,8330.0,8320.0,8330.0,0.0156
1775322000,8326.0,8326.0,8322.0,8324.0,0.0359
1775325600,8324.0,8324.0,8324.0,8324.0,0.0
1775329200,8326.0,8408.0,8326.0,8367.0,5.4071
1775332800,8366.0,8366.0,8347.0,8349.0,0.4407
1775336400,8353.0,8362.0,8353.0,8362.0,0.0814
1775340000,8366.0,8370.0,8366.0,8370.0,0.0159
1775343600,8369.0,8369.0,8361.0,8361.0,0.0669
1775347200,8355.0,8358.0,8355.0,8357.0,0.4007
1775350800,8357.0,8357.0,8345.0,8345.0,1.4332
1775354400,8344.0,8344.0,8327.0,8338.0,1.1973
1775358000,8338.0,8338.0,8327.0,8327.0,0.0785
1775361600,8323.0,8325.0,8323.0,8325.0,0.2148
1775365200,8326.0,8326.0,8306.0,8306.0,0.93
1775368800,8305.0,8305.0,8227.0,8264.0,32.1551
1775372400,8267.0,8273.0,8257.0,8259.0,3.4401
1775376000,8262.0,8264.0,8262.0,8264.0,1.0053
1775379600,8265.0,8287.0,8265.0,8282.0,0.8641
1775383200,8283.0,8304.0,8283.0,8286.0,3.495
1775386800,8285.0,8287.0,8274.0,8274.0,3.357
1775390400,8274.0,8274.0,8210.0,8210.0,2.9504
1775394000,8220.0,8253.0,8219.0,8253.0,0.4308
1775397600,8255.0,8266.0,8255.0,8266.0,0.505
1775401200,8268.0,8351.0,8268.0,8328.0,6.9221
1775404800,8323.0,8328.0,8323.0,8327.0,0.2218
1775408400,8315.0,8333.0,8304.0,8333.0,0.7037
1775412000,8334.0,8339.0,8334.0,8339.0,0.2808
1775415600,8339.0,8340.0,8339.0,8339.0,10.0508
1775419200,8341.0,8350.0,8341.0,8350.0,0.4344
1775422800,8365.0,8365.0,8334.0,8334.0,1.6722
1775426400,8340.0,8404.0,8310.0,8404.0,2.0239
1775430000,8405.0,8546.0,8405.0,8508.0,51.497
1775433600,8511.0,8565.0,8511.0,8562.0,15.9374
1775437200,8555.0,8555.0,8513.0,8522.0,1.8378
1775440800,8521.0,8607.0,8518.0,8591.0,78.5732
1775444400,8590.0,8590.0,8564.0,8564.0,29.1247
1775448000,8573.0,8575.0,8551.0,8573.0,20.8807
1775451600,8572.0,8572.0,8565.0,8569.0,14.9383
1775455200,8569.0,8585.0,8539.0,8560.0,25.5347
1775458800,8560.0,8598.0,8552.0,8588.0,58.9887
1775462400,8589.0,8618.0,8588.0,8618.0,33.8998
1775466000,8618.0,8714.0,8618.0,8648.0,65.5083
1775469600,8647.0,8658.0,8647.0,8648.0,0.6057
1775473200,8649.0,8653.0,8632.0,8647.0,8.857
1775476800,8645.0,8647.0,8623.0,8623.0,12.1358
1775480400,8622.0,8625.0,8601.0,8617.0,29.2836
1775484000,8617.0,8667.0,8604.0,8660.0,17.8038
1775487600,8660.0,8697.0,8660.0,8688.0,52.1808
1775491200,8688.0,8688.0,8620.0,8620.0,5.9474
1775494800,8610.0,8610.0,8526.0,8570.0,3.1279
1775498400,8569.0,8616.0,8569.0,8613.0,0.1651
1775502000,8606.0,8608.0,8592.0,8593.0,0.2552
1775505600,8615.0,8634.0,8615.0,8634.0,0.0791
1775509200,8629.0,8629.0,8597.0,8597.0,0.3954
1775512800,8596.0,8596.0,8487.0,8487.0,10.3193
1775516400,8480.0,8486.0,8418.0,8486.0,6.3757
1775520000,8485.0,8525.0,8485.0,8517.0,13.2104
1775523600,8507.0,8521.0,8479.0,8479.0,12.8359
1775527200,8476.0,8504.0,8474.0,8499.0,1.939
1775530800,8497.0,8511.0,8497.0,8508.0,3.192
1775534400,8508.0,8542.0,8504.0,8542.0,3.7605
1775538000,8533.0,8533.0,8509.0,8511.0,1.5817
1775541600,8508.0,8508.0,8496.0,8506.0,2.0152
1775545200,8501.0,8501.0,8490.0,8498.0,4.0468
1775548800,8499.0,8534.0,8499.0,8531.0,4.5768
1775552400,8532.0,8597.0,8532.0,8589.0,1.7721
1775556000,8587.0,8595.0,8446.0,8446.0,37.0066
1775559600,8441.0,8454.0,8436.0,8443.0,3.3532
1775563200,8437.0,8437.0,8400.0,8431.0,13.1913
1775566800,8435.0,8443.0,8400.0,8410.0,4.2221
1775570400,8402.0,8402.0,8350.0,8387.0,11.6128
1775574000,8380.0,8413.0,8360.0,8401.0,1.0498
1775577600,8428.0,8443.0,8411.0,8432.0,0.2123
1775581200,8427.0,8511.0,8423.0,8497.0,1.4415
1775584800,8467.0,8467.0,8431.0,8431.0,1.1117
1775588400,8457.0,8541.0,8457.0,8541.0,0.4338
1775592000,8543.0,8567.0,8542.0,8546.0,1.4021
1775595600,8545.0,8659.0,8545.0,8659.0,40.6229
1775599200,8658.0,8899.0,8658.0,8899.0,138.2812
1775602800,8899.0,9100.0,8899.0,9004.0,62.2028
1775606400,9008.0,9018.0,8909.0,8926.0,41.0133
1775610000,8929.0,8944.0,8909.0,8923.0,10.7663
1775613600,8923.0,8952.0,8903.0,8914.0,8.8261
1775617200,8917.0,8922.0,8904.0,8911.0,7.7018
1775620800,8915.0,8964.0,8915.0,8946.0,11.0224
1775624400,8925.0,8934.0,8918.0,8919.0,9.7465
1775628000,8918.0,8946.0,8910.0,8926.0,12.1466
1775631600,8928.0,8975.0,8928.0,8952.0,10.4062
1775635200,8952.0,8966.0,8952.0,8963.0,6.5148
1775638800,8965.0,8969.0,8940.0,8940.0,5.9529
1775642400,8946.0,8948.0,8923.0,8923.0,1.9556
1775646000,8922.0,8949.0,8914.0,8932.0,3.9251
1775649600,8936.0,8964.0,8932.0,8964.0,7.7885
1775653200,8966.0,9000.0,8893.0,8893.0,40.2852
1775656800,8900.0,8913.0,8723.0,8723.0,25.2099
1775660400,8747.0,8808.0,8746.0,8806.0,7.0643
1775664000,8817.0,8834.0,8813.0,8834.0,1.9884
1775667600,8848.0,8898.0,8836.0,8891.0,2.2473
1775671200,8891.0,8891.0,8780.0,8780.0,3.369
1775674800,8773.0,8795.0,8761.0,8795.0,0.5724
1775678400,8797.0,8829.0,8797.0,8803.0,0.2922
1775682000,8796.0,8850.0,8796.0,8838.0,0.0927
1775685600,8829.0,8829.0,8741.0,8742.0,0.6579
1775689200,8739.0,8741.0,8708.0,8737.0,2.7067
1775692800,8736.0,8747.0,8725.0,8725.0,10.0793
1775696400,8727.0,8727.0,8660.0,8694.0,8.5049
1775700000,8694.0,8713.0,8691.0,8713.0,0.9248
1775703600,8705.0,8712.0,8702.0,8712.0,1.5448
1775707200,8708.0,8708.0,8708.0,8708.0,0.3681
1775710800,8706.0,8727.0,8697.0,8714.0,15.6811
1775714400,8715.0,8721.0,8701.0,8706.0,0.285
1775718000,8706.0,8714.0,8706.0,8714.0,1.2343
1775721600,8714.0,8740.0,8711.0,8737.0,4.0405
1775725200,8734.0,8750.0,8714.0,8750.0,16.2307
1775728800,8766.0,8769.0,8747.0,8762.0,12.9688
1775732400,8761.0,8761.0,8714.0,8715.0,3.6887
1775736000,8715.0,8721.0,8702.0,8719.0,5.2789
1775739600,8719.0,8719.0,8635.0,8649.0,15.8934
1775743200,8644.0,8702.0,8634.0,8700.0,2.728
1775746800,8682.0,8863.0,8682.0,8863.0,2.6534
1775750400,8870.0,8888.0,8780.0,8811.0,5.9492
1775754000,8813.0,8862.0,8813.0,8856.0,1.3077
1775757600,8857.0,8857.0,8802.0,8807.0,13.2994
1775761200,8813.0,8844.0,8813.0,8844.0,0.9267
1775764800,8840.0,8849.0,8832.0,8832.0,0.3214
1775768400,8833.0,8855.0,8822.0,8827.0,2.8234
1775772000,8827.0,8933.0,8794.0,8794.0,11.177
1775775600,8778.0,8778.0,8724.0,8732.0,1.0824
1775779200,8734.0,8746.0,8713.0,8744.0,2.7117
1775782800,8736.0,8766.0,8679.0,8740.0,4.883
1775786400,8739.0,8743.0,8731.0,8740.0,1.7406
1775790000,8723.0,8723.0,8703.0,8707.0,2.1447
1775793600,8707.0,8742.0,8707.0,8731.0,1.324
1775797200,8727.0,8751.0,8725.0,8738.0,8.0756
1775800800,8739.0,8739.0,8706.0,8707.0,3.8599
1775804400,8707.0,8708.0,8680.0,8680.0,6.461
1775808000,8681.0,8712.0,8676.0,8694.0,20.6545
1775811600,8692.0,8735.0,8692.0,8735.0,3.4319
1775815200,8735.0,8735.0,8734.0,8735.0,3.6835
1775818800,8735.0,8844.0,8735.0,8829.0,10.6079
1775822400,8830.0,8850.0,8804.0,8833.0,7.0637
1775826000,8830.0,8831.0,8790.0,8831.0,9.7332
1775829600,8845.0,8941.0,8845.0,8915.0,38.3528
1775833200,8913.0,8950.0,8850.0,8850.0,13.5599
1775836800,8859.0,8910.0,8859.0,8910.0,2.3088
1775840400,8920.0,8928.0,8920.0,8928.0,0.4103
1775844000,8921.0,8922.0,8916.0,8919.0,0.1261
1775847600,8920.0,8920.0,8920.0,8920.0,0.2366
1775851200,8920.0,8934.0,8915.0,8934.0,3.8778
1775854800,8934.0,8934.0,8934.0,8934.0,0.0
1775858400,8937.0,8937.0,8900.0,8900.0,1.7868
1775862000,8895.0,8896.0,8895.0,8896.0,8.2057
1775865600,8896.0,8897.0,8895.0,8896.0,4.7576
1775869200,8897.0,8920.0,8896.0,8920.0,0.1789
1775872800,8912.0,8930.0,8912.0,8930.0,0.4086
1775876400,8931.0,8931.0,8904.0,8904.0,1.6248
1775880000,8909.0,8909.0,8898.0,8907.0,8.9898
1775883600,8905.0,8905.0,8882.0,8893.0,1.9118
1775887200,8894.0,8894.0,8874.0,8893.0,3.393
1775890800,8893.0,8893.0,8891.0,8891.0,0.1168
1775894400,8891.0,8895.0,8891.0,8895.0,12.3088
1775898000,8893.0,8943.0,8891.0,8931.0,6.4358
1775901600,8931.0,8931.0,8918.0,8918.0,0.5868
1775905200,8920.0,8934.0,8917.0,8934.0,0.3635
1775908800,8938.0,8941.0,8935.0,8939.0,3.1033
1775912400,8935.0,8935.0,8904.0,8915.0,6.0661
1775916000,8916.0,8929.0,8916.0,8928.0,2.5052
1775919600,8928.0,8961.0,8928.0,8949.0,6.6018
1775923200,8950.0,9035.0,8950.0,8994.0,16.3607
1775926800,8991.0,8999.0,8982.0,8999.0,1.5634
1775930400,8998.0,9174.0,8998.0,9166.0,11.7928
1775934000,9164.0,9238.0,9164.0,9210.0,10.4101
1775937600,9199.0,9199.0,9114.0,9145.0,5.7555
1775941200,9144.0,9144.0,9124.0,9135.0,1.1035
1775944800,9136.0,9159.0,9106.0,9110.0,7.2014
1775948400,9118.0,9118.0,9058.0,9087.0,1.4066
1775952000,9084.0,9084.0,9074.0,9074.0,2.1787
1775955600,9074.0,9075.0,8815.0,8820.0,10.7366
1775959200,8830.0,8865.0,8805.0,8858.0,7.0606
1775962800,8858.0,8858.0,8824.0,8825.0,7.8145
1775966400,8824.0,8824.0,8810.0,8819.0,3.3228
1775970000,8816.0,8839.0,8812.0,8831.0,1.2473
1775973600,8831.0,8845.0,8831.0,8837.0,4.5315
1775977200,8836.0,8844.0,8826.0,8844.0,5.7896
1775980800,8840.0,8840.0,8825.0,8826.0,0.9433
1775984400,8826.0,8827.0,8821.0,8826.0,0.2109
1775988000,8826.0,8834.0,8755.0,8775.0,12.03
1775991600,8772.0,8786.0,8764.0,8781.0,19.046
1775995200,8780.0,8780.0,8740.0,8741.0,20.5813
1775998800,8743.0,8743.0,8708.0,8710.0,1.9121
1776002400,8709.0,8721.0,8690.0,8691.0,20.29
1776006000,8691.0,8693.0,8600.0,8692.0,46.7858
1776009600,8699.0,8706.0,8699.0,8701.0,0.2041
1776013200,8702.0,8767.0,8702.0,8766.0,2.8756
1776016800,8758.0,8767.0,8758.0,8767.0,0.066
1776020400,8767.0,8773.0,8761.0,8761.0,0.2038
1776024000,8760.0,8803.0,8758.0,8801.0,1.3331
1776027600,8801.0,8813.0,8795.0,8795.0,1.9682
1776031200,8794.0,8794.0,8713.0,8750.0,0.5559
1776034800,8731.0,8731.0,8718.0,8723.0,0.3153
1776038400,8730.0,8770.0,8729.0,8770.0,8.8586
1776042000,8782.0,8783.0,8779.0,8781.0,1.2255
1776045600,8780.0,8781.0,8748.0,8748.0,4.2368
1776049200,8752.0,8754.0,8750.0,8753.0,3.1342
1776052800,8754.0,8763.0,8735.0,8740.0,10.1025
1776056400,8739.0,8739.0,8720.0,8736.0,15.8497
1776060000,8739.0,8772.0,8739.0,8771.0,7.9702
1776063600,8773.0,8773.0,8721.0,8736.0,11.1888
1776067200,8732.0,8732.0,8716.0,8721.0,4.8398
1776070800,8721.0,8751.0,8721.0,8744.0,1.5116
1776074400,8740.0,8740.0,8720.0,8722.0,0.9859
1776078000,8722.0,8738.0,8721.0,8736.0,3.9224
1776081600,8724.0,8762.0,8709.0,8762.0,3.4955
1776085200,8777.0,8830.0,8734.0,8830.0,55.0288
1776088800,8840.0,8919.0,8812.0,8919.0,5.6996
1776092400,8920.0,8920.0,8805.0,8826.0,14.4122
1776096000,8834.0,8905.0,8801.0,8899.0,12.9091
1776099600,8888.0,8949.0,8880.0,8880.0,5.3008
1776103200,8880.0,8910.0,8880.0,8910.0,1.1312
1776106800,8910.0,9000.0,8910.0,9000.0,6.0084
1776110400,9010.0,9010.0,8971.0,8981.0,4.5858
1776114000,8981.0,9003.0,8981.0,9003.0,5.3245
1776117600,9002.0,9327.0,9002.0,9327.0,46.1178
1776121200,9327.0,9436.0,9308.0,9403.0,46.135
1776124800,9403.0,9403.0,9325.0,9325.0,15.0333
1776128400,9331.0,9363.0,9315.0,9362.0,22.606
1776132000,9357.0,9385.0,9357.0,9374.0,23.1645
1776135600,9375.0,9375.0,9355.0,9366.0,19.4937
1776139200,9361.0,9367.0,9360.0,9362.0,6.0157
1776142800,9362.0,9370.0,9334.0,9337.0,15.7319
1776146400,9337.0,9400.0,9337.0,9400.0,3.1475
1776150000,9399.0,9440.0,9368.0,9396.0,14.257
1776153600,9399.0,9450.0,9390.0,9435.0,26.643
1776157200,9440.0,9457.0,9431.0,9438.0,6.2296
1776160800,9439.0,9439.0,9391.0,9396.0,6.4254
1776164400,9395.0,9395.0,9371.0,9389.0,11.6693
1776168000,9389.0,9390.0,9378.0,9390.0,1.8166
1776171600,9390.0,9462.0,9390.0,9462.0,16.0104
1776175200,9461.0,9528.0,9326.0,9326.0,31.9915
1776178800,9318.0,9384.0,9250.0,9365.0,16.063
1776182400,9352.0,9357.0,9206.0,9225.0,9.2182
1776186000,9228.0,9260.0,9222.0,9236.0,0.6718
1776189600,9239.0,9262.0,9115.0,9166.0,7.2852
1776193200,9186.0,9196.0,9147.0,9164.0,3.3377
1776196800,9168.0,9186.0,9168.0,9175.0,0.24
1776200400,9175.0,9203.0,9175.0,9193.0,4.4803
1776204000,9209.0,9233.0,9181.0,9186.0,9.2618
1776207600,9192.0,9214.0,9000.0,9207.0,68.7976
1776211200,9209.0,9271.0,9207.0,9245.0,37.3865
1776214800,9250.0,9268.0,9250.0,9261.0,8.2659
1776218400,9260.0,9260.0,9200.0,9201.0,5.7334
1776222000,9201.0,9226.0,9200.0,9220.0,13.8412
1776225600,9219.0,9246.0,9219.0,9246.0,3.0844
1776229200,9252.0,9265.0,9195.0,9195.0,4.5132
1776232800,9202.0,9202.0,9199.0,9201.0,4.5476
1776236400,9201.0,9204.0,9179.0,9190.0,4.2154
1776240000,9188.0,9240.0,9188.0,9234.0,6.1095
1776243600,9224.0,9226.0,9212.0,9212.0,0.7119
1776247200,9212.0,9227.0,9190.0,9211.0,3.0873
1776250800,9203.0,9260.0,9203.0,9260.0,1.1427
1776254400,9260.0,9271.0,9246.0,9262.0,8.9911
1776258000,9261.0,9261.0,9202.0,9211.0,5.4048
1776261600,9222.0,9296.0,9221.0,9278.0,9.9581
1776265200,9276.0,9300.0,9219.0,9255.0,4.3244
1776268800,9256.0,9303.0,9256.0,9286.0,7.2244
1776272400,9292.0,9339.0,9292.0,9309.0,19.7201
1776276000,9311.0,9341.0,9311.0,9341.0,0.1108
1776279600,9348.0,9420.0,9348.0,9420.0,3.4907
1776283200,9392.0,9392.0,9346.0,9360.0,0.2444
1776286800,9360.0,9360.0,9317.0,9337.0,0.3034
1776290400,9340.0,9424.0,9340.0,9373.0,21.0659
1776294000,9373.0,9373.0,9321.0,9335.0,3.0904
1776297600,9344.0,9348.0,9332.0,9348.0,2.8248
1776301200,9348.0,9348.0,9302.0,9309.0,4.3544
1776304800,9315.0,9351.0,9313.0,9331.0,3.9059
1776308400,9329.0,9335.0,9323.0,9330.0,4.516
1776312000,9329.0,9329.0,9304.0,9309.0,3.9009
1776315600,9309.0,9333.0,9307.0,9321.0,0.3358
1776319200,9322.0,9323.0,9302.0,9310.0,3.2969
1776322800,9313.0,9313.0,9256.0,9256.0,12.3192
1776326400,9259.0,9285.0,9251.0,9259.0,9.1145
1776330000,9260.0,9285.0,9260.0,9261.0,1.5823
1776333600,9260.0,9260.0,9224.0,9234.0,5.7613
1776337200,9233.0,9249.0,9227.0,9249.0,8.5807
1776340800,9249.0,9289.0,9249.0,9259.0,2.9178
1776344400,9263.0,9301.0,9110.0,9128.0,19.4488
1776348000,9121.0,9154.0,9070.0,9154.0,28.4934
1776351600,9153.0,9292.0,9153.0,9253.0,12.2988
1776355200,9267.0,9278.0,9158.0,9169.0,6.2032
1776358800,9168.0,9194.0,9167.0,9191.0,1.3419
1776362400,9203.0,9258.0,9203.0,9258.0,0.5662
1776366000,9263.0,9299.0,9245.0,9299.0,6.2773
1776369600,9299.0,9308.0,9260.0,9260.0,5.7092
1776373200,9280.0,9302.0,9245.0,9246.0,1.5315
1776376800,9266.0,9273.0,9247.0,9262.0,2.7913
1776380400,9256.0,9293.0,9256.0,9281.0,1.1263
1776384000,9280.0,9281.0,9257.0,9262.0,1.907
1776387600,9261.0,9271.0,9207.0,9224.0,3.9845
1776391200,9237.0,9237.0,9207.0,9218.0,7.257
1776394800,9215.0,9215.0,9201.0,9202.0,12.2439
1776398400,9202.0,9219.0,9201.0,9218.0,2.2645
1776402000,9218.0,9218.0,9169.0,9171.0,6.8221
1776405600,9171.0,9215.0,9171.0,9215.0,2.4067
1776409200,9221.0,9256.0,9215.0,9228.0,13.7495
1776412800,9229.0,9317.0,9227.0,9317.0,31.7683
1776416400,9311.0,9383.0,9300.0,9318.0,52.6808
1776420000,9316.0,9316.0,9248.0,9260.0,7.8626
1776423600,9268.0,9300.0,9268.0,9300.0,4.1975
1776427200,9300.0,9383.0,9299.0,9376.0,8.5098
1776430800,9365.0,9600.0,9361.0,9600.0,32.7725
1776434400,9600.0,9655.0,9577.0,9655.0,43.7722
1776438000,9655.0,9655.0,9606.0,9642.0,33.9869
1776441600,9645.0,9708.0,9645.0,9680.0,18.9171
1776445200,9677.0,9680.0,9552.0,9642.0,10.4274
1776448800,9600.0,9600.0,9561.0,9569.0,3.2622
1776452400,9569.0,9598.0,9569.0,9597.0,0.9926
1776456000,9599.0,9607.0,9567.0,9577.0,1.053
1776459600,9585.0,9607.0,9577.0,9595.0,0.6106
1776463200,9603.0,9631.0,9591.0,9629.0,5.0038
1776466800,9610.0,9610.0,9550.0,9565.0,7.7038
1776470400,9570.0,9570.0,9530.0,9564.0,9.2611
1776474000,9562.0,9571.0,9562.0,9571.0,1.3801
1776477600,9571.0,9579.0,9562.0,9567.0,10.928
1776481200,9562.0,9565.0,9500.0,9512.0,3.473
1776484800,9514.0,9530.0,9509.0,9524.0,3.8403
1776488400,9525.0,9539.0,9525.0,9526.0,7.7507
1776492000,9527.0,9538.0,9527.0,9534.0,1.7917
1776495600,9531.0,9531.0,9520.0,9520.0,1.9971
1776499200,9516.0,9517.0,9391.0,9406.0,23.2465
1776502800,9409.0,9414.0,9389.0,9397.0,3.6513
1776506400,9390.0,9390.0,9325.0,9332.0,6.8341
1776510000,9330.0,9330.0,9281.0,9312.0,88.9599
1776513600,9325.0,9341.0,9325.0,9329.0,6.7349
1776517200,9325.0,9329.0,9299.0,9320.0,4.6795
1776520800,9324.0,9348.0,9323.0,9348.0,10.397
1776524400,9349.0,9358.0,9321.0,9357.0,23.8223
1776528000,9356.0,9387.0,9350.0,9350.0,11.1787
1776531600,9341.0,9357.0,9337.0,9357.0,0.1312
1776535200,9348.0,9348.0,9289.0,9308.0,3.9778
1776538800,9320.0,9322.0,9303.0,9309.0,1.1762
1776542400,9299.0,9320.0,9299.0,9320.0,0.0575
1776546000,9315.0,9315.0,9315.0,9315.0,0.0066
1776549600,9319.0,9337.0,9319.0,9337.0,1.2716
1776553200,9338.0,9338.0,9321.0,9321.0,0.375
1776556800,9321.0,9321.0,9316.0,9317.0,2.9467
1776560400,9322.0,9322.0,9300.0,9314.0,2.8895
1776564000,9314.0,9314.0,9277.0,9284.0,5.2528
1776567600,9278.0,9292.0,9270.0,9286.0,1.5274
1776571200,9286.0,9292.0,9220.0,9248.0,33.2275
1776574800,9242.0,9266.0,9239.0,9262.0,0.2234
1776578400,9247.0,9247.0,9219.0,9234.0,6.1438
1776582000,9231.0,9231.0,9122.0,9189.0,30.9871
1776585600,9181.0,9200.0,9176.0,9196.0,4.8123
1776589200,9192.0,9193.0,9155.0,9162.0,1.4822
1776592800,9162.0,9194.0,9162.0,9193.0,1.1772
1776596400,9200.0,9231.0,9200.0,9231.0,7.8719
1776600000,9231.0,9252.0,9230.0,9245.0,7.7623
1776603600,9261.0,9307.0,9245.0,9299.0,21.1885
1776607200,9299.0,9299.0,9242.0,9288.0,2.6417
1776610800,9288.0,9288.0,9227.0,9250.0,7.0014
1776614400,9247.0,9247.0,9193.0,9193.0,2.4185
1776618000,9174.0,9188.0,9131.0,9131.0,4.4217
1776621600,9130.0,9130.0,9102.0,9105.0,4.85
1776625200,9105.0,9137.0,9105.0,9116.0,1.3601
1776628800,9120.0,9121.0,9030.0,9059.0,8.4197
1776632400,9046.0,9082.0,9034.0,9038.0,1.5111
1776636000,9030.0,9030.0,8955.0,9022.0,31.5904
1776639600,9017.0,9017.0,8974.0,9001.0,14.5281
1776643200,9001.0,9069.0,9001.0,9069.0,3.692
1776646800,9061.0,9100.0,9060.0,9084.0,2.8903
1776650400,9086.0,9086.0,9051.0,9053.0,2.7444
1776654000,9053.0,9075.0,9053.0,9071.0,7.7794
1776657600,9091.0,9091.0,9072.0,9080.0,1.9321
1776661200,9075.0,9075.0,9022.0,9039.0,20.8834
1776664800,9039.0,9091.0,9035.0,9091.0,0.9576
1776668400,9092.0,9270.0,9092.0,9110.0,16.3746
1776672000,9138.0,9161.0,9125.0,9125.0,24.1545
1776675600,9160.0,9190.0,9160.0,9183.0,4.0412
1776679200,9181.0,9214.0,9179.0,9179.0,13.0662
1776682800,9179.0,9200.0,9177.0,9196.0,8.8285
1776686400,9194.0,9243.0,9194.0,9226.0,11.4149
1776690000,9227.0,9255.0,9201.0,9204.0,20.8313
1776693600,9205.0,9239.0,9120.0,9120.0,14.3553
1776697200,9129.0,9226.0,9109.0,9199.0,3.5074
1776700800,9214.0,9224.0,9164.0,9164.0,2.6166
1776704400,9161.0,9230.0,9161.0,9223.0,2.3182
1776708000,9227.0,9300.0,9227.0,9300.0,6.4002
1776711600,9266.0,9266.0,9264.0,9264.0,0.649
1776715200,9264.0,9272.0,9261.0,9261.0,0.6595
1776718800,9288.0,9309.0,9223.0,9224.0,3.9039
1776722400,9224.0,9248.0,9224.0,9240.0,0.3361
1776726000,9223.0,9223.0,9189.0,9200.0,1.0391
1776729600,9200.0,9210.0,9192.0,9209.0,6.434
1776733200,9207.0,9221.0,9192.0,9192.0,2.6012
1776736800,9170.0,9170.0,9157.0,9157.0,0.3894
1776740400,9150.0,9170.0,9139.0,9168.0,6.6827
1776744000,9169.0,9169.0,9169.0,9169.0,0.2124
1776747600,9170.0,9195.0,9170.0,9180.0,6.4592
1776751200,9183.0,9198.0,9159.0,9198.0,0.7118
1776754800,9197.0,9204.0,9178.0,9200.0,1.6794
1776758400,9191.0,9241.0,9191.0,9230.0,1.2976
1776762000,9222.0,9390.0,9208.0,9231.0,10.1713
1776765600,9229.0,9260.0,9225.0,9256.0,14.3544
1776769200,9250.0,9250.0,9204.0,9205.0,2.3577
1776772800,9204.0,9205.0,9121.0,9135.0,5.4914
1776776400,9155.0,9179.0,9142.0,9174.0,7.4297
1776780000,9170.0,9213.0,9148.0,9148.0,7.9859
1776783600,9124.0,9157.0,9109.0,9142.0,4.6245
1776787200,9171.0,9196.0,9170.0,9195.0,3.4596
1776790800,9161.0,9161.0,9091.0,9145.0,11.5048
1776794400,9146.0,9155.0,9146.0,9155.0,0.0484
1776798000,9177.0,9228.0,9091.0,9091.0,2.9729
1776801600,9113.0,9208.0,9113.0,9190.0,2.8317
1776805200,9190.0,9190.0,9177.0,9177.0,0.0123
1776808800,9175.0,9175.0,9138.0,9159.0,0.1369
1776812400,9184.0,9237.0,9184.0,9232.0,7.7907
1776816000,9235.0,9237.0,9222.0,9222.0,2.1853
1776819600,9227.0,9232.0,9197.0,9212.0,6.7433
1776823200,9219.0,9389.0,9219.0,9389.0,40.6178
1776826800,9384.0,9396.0,9342.0,9349.0,11.4182
1776830400,9350.0,9356.0,9342.0,9348.0,5.5817
1776834000,9349.0,9500.0,9349.0,9472.0,38.5515
1776837600,9465.0,9465.0,9450.0,9450.0,1.2162
1776841200,9451.0,9459.0,9431.0,9450.0,11.324
1776844800,9451.0,9451.0,9418.0,9431.0,5.3295
1776848400,9434.0,9451.0,9425.0,9425.0,6.237
1776852000,9429.0,9448.0,9426.0,9448.0,1.6095
1776855600,9448.0,9478.0,9443.0,9475.0,8.1368
1776859200,9485.0,9500.0,9481.0,9500.0,44.1082
1776862800,9505.0,9550.0,9505.0,9538.0,8.6167
1776866400,9540.0,9555.0,9458.0,9486.0,5.8986
1776870000,9487.0,9519.0,9461.0,9509.0,21.9409
1776873600,9507.0,9520.0,9421.0,9428.0,8.5331
1776877200,9450.0,9479.0,9429.0,9479.0,18.6884
1776880800,9479.0,9489.0,9470.0,9482.0,0.1941
1776884400,9475.0,9497.0,9434.0,9458.0,1.3325
1776888000,9459.0,9476.0,9457.0,9459.0,1.6115
1776891600,9458.0,9490.0,9454.0,9483.0,5.9989
1776895200,9486.0,9486.0,9465.0,9466.0,0.915
1776898800,9472.0,9473.0,9392.0,9398.0,1.9001
1776902400,9396.0,9414.0,9300.0,9403.0,9.3406
1776906000,9393.0,9393.0,9358.0,9375.0,3.0722
1776909600,9374.0,9374.0,9319.0,9333.0,1.5072
1776913200,9328.0,9328.0,9280.0,9284.0,1.4506
1776916800,9295.0,9332.0,9289.0,9332.0,5.7991
1776920400,9332.0,9336.0,9323.0,9323.0,1.1808
1776924000,9336.0,9371.0,9335.0,9371.0,3.077
1776927600,9373.0,9374.0,9326.0,9326.0,5.5957
1776931200,9325.0,9325.0,9305.0,9306.0,6.785
1776934800,9305.0,9305.0,9237.0,9241.0,8.4637
1776938400,9234.0,9234.0,9192.0,9209.0,10.6918
1776942000,9212.0,9270.0,9212.0,9262.0,2.2501
1776945600,9264.0,9276.0,9244.0,9254.0,7.3123
1776949200,9260.0,9273.0,9230.0,9231.0,8.1564
1776952800,9244.0,9284.0,9234.0,9284.0,8.1946
1776956400,9284.0,9305.0,9261.0,9266.0,7.0219
1776960000,9273.0,9281.0,9265.0,9265.0,13.2756
1776963600,9258.0,9258.0,9113.0,9171.0,11.0116
1776967200,9191.0,9329.0,9191.0,9194.0,1.0433
1776970800,9185.0,9218.0,9168.0,9218.0,0.0449
1776974400,9230.0,9254.0,9230.0,9254.0,0.6804
1776978000,9251.0,9255.0,9239.0,9255.0,0.0346
1776981600,9250.0,9278.0,9246.0,9265.0,1.6084
1776985200,9260.0,9264.0,9242.0,9257.0,6.6755
1776988800,9261.0,9278.0,9261.0,9275.0,2.4729
1776992400,9266.0,9269.0,9234.0,9269.0,8.8564
1776996000,9275.0,9275.0,9221.0,9226.0,4.9968
1776999600,9228.0,9229.0,9165.0,9186.0,8.8789
1777003200,9188.0,9196.0,9183.0,9190.0,5.544
1777006800,9184.0,9223.0,9183.0,9223.0,1.5577
1777010400,9215.0,9215.0,9214.0,9215.0,1.3756
1777014000,9214.0,9215.0,9202.0,9204.0,5.085
1777017600,9201.0,9225.0,9198.0,9213.0,7.5604
1777021200,9210.0,9210.0,9182.0,9191.0,12.801
1777024800,9190.0,9219.0,9189.0,9219.0,5.8037
1777028400,9228.0,9272.0,9228.0,9259.0,2.5044
1777032000,9268.0,9268.0,9226.0,9226.0,0.4392
1777035600,9255.0,9266.0,9201.0,9211.0,1.4403
1777039200,9208.0,9208.0,9181.0,9206.0,3.0465
1777042800,9199.0,9247.0,9176.0,9238.0,2.8321
1777046400,9243.0,9243.0,9203.0,9204.0,1.2861
1777050000,9216.0,9220.0,9202.0,9220.0,1.0496
1777053600,9224.0,9224.0,9221.0,9221.0,0.0246
1777057200,9237.0,9237.0,9235.0,9235.0,1.0635
1777060800,9230.0,9230.0,9223.0,9223.0,0.6618
1777064400,9244.0,9244.0,9204.0,9204.0,0.7148
1777068000,9203.0,9203.0,9184.0,9195.0,1.5187
1777071600,9199.0,9204.0,9199.0,9204.0,0.5071
1777075200,9204.0,9204.0,9203.0,9204.0,6.2634
1777078800,9204.0,9222.0,9204.0,9221.0,5.3259
1777082400,9221.0,9221.0,9209.0,9214.0,0.2957
1777086000,9218.0,9222.0,9210.0,9221.0,1.2648
1777089600,9221.0,9221.0,9210.0,9211.0,5.0544
1777093200,9209.0,9214.0,9209.0,9214.0,0.6894
1777096800,9216.0,9217.0,9215.0,9215.0,1.7135
1777100400,9211.0,9215.0,9211.0,9215.0,0.1151
1777104000,9213.0,9222.0,9213.0,9220.0,11.0399
1777107600,9220.0,9228.0,9219.0,9228.0,8.5577
1777111200,9220.0,9220.0,9219.0,9219.0,0.2365
1777114800,9219.0,9220.0,9207.0,9208.0,27.4696
1777118400,9204.0,9214.0,9199.0,9208.0,12.1999
1777122000,9209.0,9219.0,9209.0,9219.0,0.7091
1777125600,9220.0,9221.0,9215.0,9221.0,4.4867
1777129200,9216.0,9220.0,9191.0,9191.0,1.6258
1777132800,9191.0,9194.0,9185.0,9185.0,4.3087
1777136400,9190.0,9200.0,9190.0,9199.0,0.0805
1777140000,9204.0,9210.0,9204.0,9210.0,0.2101
1777143600,9206.0,9206.0,9204.0,9204.0,0.575
1777147200,9204.0,9204.0,9204.0,9204.0,0.0
1777150800,9211.0,9222.0,9211.0,9213.0,0.1566
1777154400,9223.0,9238.0,9223.0,9230.0,1.027
1777158000,9224.0,9229.0,9224.0,9229.0,0.41
1777161600,9227.0,9227.0,9221.0,9221.0,1.364
1777165200,9221.0,9228.0,9221.0,9224.0,0.226
1777168800,9223.0,9224.0,9223.0,9223.0,0.1197
1777172400,9221.0,9221.0,9201.0,9202.0,2.2334
1777176000,9202.0,9222.0,9202.0,9222.0,2.0211
1777179600,9233.0,9283.0,9233.0,9271.0,6.4892
1777183200,9272.0,9272.0,9271.0,9272.0,3.8742
1777186800,9271.0,9271.0,9270.0,9270.0,1.8378
1777190400,9270.0,9272.0,9270.0,9271.0,0.0143
1777194000,9271.0,9271.0,9271.0,9271.0,0.0477
1777197600,9270.0,9271.0,9270.0,9270.0,0.6025
1777201200,9271.0,9272.0,9271.0,9272.0,1.0898
1777204800,9272.0,9272.0,9253.0,9253.0,0.4811
1777208400,9263.0,9272.0,9259.0,9272.0,2.3522
1777212000,9272.0,9335.0,9272.0,9320.0,7.7298
1777215600,9318.0,9326.0,9317.0,9318.0,1.5166
1777219200,9320.0,9320.0,9300.0,9301.0,7.8315
1777222800,9318.0,9320.0,9318.0,9320.0,0.0774
1777226400,9329.0,9383.0,9329.0,9370.0,9.32
1777230000,9370.0,9400.0,9370.0,9384.0,2.3205
1777233600,9398.0,9405.0,9393.0,9393.0,0.0382
1777237200,9395.0,9395.0,9337.0,9376.0,2.7191
1777240800,9399.0,9410.0,9355.0,9376.0,7.6442
1777244400,9375.0,9410.0,9359.0,9404.0,1.2423
1777248000,9403.0,9448.0,9357.0,9448.0,10.9843
1777251600,9447.0,9500.0,9416.0,9461.0,14.0098
1777255200,9462.0,9462.0,9443.0,9454.0,8.1425
1777258800,9455.0,9479.0,9455.0,9473.0,4.996
1777262400,9473.0,9473.0,9423.0,9428.0,12.5584
1777266000,9422.0,9422.0,9222.0,9222.0,16.2861
1777269600,9221.0,9227.0,9201.0,9222.0,20.8077
1777273200,9221.0,9223.0,9213.0,9216.0,16.2844
1777276800,9212.0,9216.0,9185.0,9208.0,9.8026
1777280400,9216.0,9234.0,9210.0,9231.0,1.9381
1777284000,9229.0,9229.0,9223.0,9226.0,9.1932
1777287600,9226.0,9229.0,9218.0,9219.0,7.4043
1777291200,9226.0,9226.0,9198.0,9206.0,17.5862
1777294800,9200.0,9208.0,9166.0,9179.0,4.3401
1777298400,9200.0,9247.0,9190.0,9202.0,14.7094
1777302000,9200.0,9200.0,9060.0,9080.0,51.9526
1777305600,9079.0,9082.0,9079.0,9079.0,10.7306
1777309200,9080.0,9134.0,9080.0,9129.0,8.3585
1777312800,9129.0,9134.0,9116.0,9120.0,4.6671
1777316400,9120.0,9120.0,9096.0,9119.0,3.1572
1777320000,9123.0,9143.0,9120.0,9128.0,1.9481
1777323600,9120.0,9126.0,9111.0,9121.0,7.6727
1777327200,9114.0,9133.0,9107.0,9133.0,1.5379
1777330800,9133.0,9171.0,9128.0,9170.0,2.2715
1777334400,9170.0,9187.0,9161.0,9184.0,5.8686
1777338000,9182.0,9189.0,9146.0,9147.0,1.3331
1777341600,9146.0,9146.0,9092.0,9093.0,1.9357
1777345200,9093.0,9093.0,9082.0,9082.0,7.2135
1777348800,9082.0,9096.0,9081.0,9084.0,1.6383
1777352400,9097.0,9100.0,9080.0,9080.0,3.7106
1777356000,9080.0,9082.0,9017.0,9039.0,27.1697
1777359600,9040.0,9050.0,9033.0,9050.0,3.9655
1777363200,9073.0,9083.0,9065.0,9069.0,10.8021
1777366800,9064.0,9075.0,9050.0,9053.0,2.5089
1777370400,9073.0,9073.0,9060.0,9070.0,1.4086
1777374000,9069.0,9070.0,9035.0,9035.0,4.5839
1777377600,9035.0,9043.0,9035.0,9042.0,5.2383
1777381200,9042.0,9049.0,8982.0,9033.0,28.3938
1777384800,9032.0,9032.0,8988.0,9010.0,18.859
1777388400,9010.0,9049.0,9010.0,9049.0,1.5323
1777392000,9048.0,9066.0,9045.0,9066.0,2.7207
1777395600,9071.0,9090.0,9055.0,9090.0,0.7318
1777399200,9090.0,9099.0,9089.0,9097.0,2.4311
1777402800,9095.0,9130.0,9093.0,9130.0,0.7983
1777406400,9121.0,9121.0,9107.0,9109.0,0.0271
1777410000,9108.0,9108.0,9089.0,9089.0,2.5972
1777413600,9089.0,9101.0,9089.0,9090.0,0.0423
1777417200,9089.0,9089.0,9073.0,9074.0,3.6439
1777420800,9081.0,9087.0,9071.0,9087.0,0.7717
1777424400,9082.0,9089.0,9049.0,9089.0,10.1321
1777428000,9089.0,9089.0,9064.0,9066.0,0.1821
1777431600,9069.0,9160.0,9069.0,9153.0,11.245
1777435200,9152.0,9249.0,9146.0,9237.0,3.3262
1777438800,9205.0,9226.0,9203.0,9217.0,2.01
1777442400,9228.0,9244.0,9199.0,9199.0,9.8333
1777446000,9198.0,9216.0,9195.0,9216.0,8.5892
1777449600,9211.0,9212.0,9201.0,9202.0,6.1534
1777453200,9202.0,9262.0,9197.0,9261.0,10.1282
1777456800,9260.0,9276.0,9236.0,9236.0,6.1095
1777460400,9235.0,9243.0,9227.0,9232.0,3.3727
1777464000,9231.0,9231.0,9151.0,9173.0,4.8644
1777467600,9174.0,9176.0,9097.0,9127.0,10.0767
1777471200,9118.0,9127.0,9101.0,9125.0,3.2079
1777474800,9122.0,9122.0,9031.0,9031.0,4.2479
1777478400,9031.0,9053.0,9031.0,9036.0,9.7085
1777482000,9035.0,9061.0,9035.0,9061.0,3.7901
1777485600,9068.0,9068.0,8870.0,8908.0,36.2536
1777489200,8909.0,8917.0,8874.0,8874.0,2.0123
1777492800,8884.0,8939.0,8884.0,8939.0,2.542
1777496400,8931.0,8985.0,8923.0,8974.0,1.4376
1777500000,8968.0,8984.0,8965.0,8981.0,0.4569
1777503600,8986.0,8987.0,8971.0,8974.0,2.1254
1777507200,8974.0,9056.0,8973.0,9056.0,4.4593
1777510800,9052.0,9056.0,9030.0,9040.0,2.4712
1777514400,9040.0,9044.0,8923.0,8943.0,6.5851
1777518000,8949.0,8986.0,8949.0,8986.0,1.7272
1777521600,8986.0,8986.0,8930.0,8931.0,1.8598
1777525200,8931.0,8951.0,8920.0,8950.0,7.2795
1777528800,8952.0,8971.0,8951.0,8961.0,3.7135
1777532400,8961.0,8996.0,8957.0,8996.0,2.2196
1777536000,8992.0,9004.0,8992.0,8997.0,4.5022
1777539600,8997.0,9044.0,8997.0,9020.0,3.7108
1777543200,9020.0,9020.0,9003.0,9007.0,3.392
1777546800,9022.0,9041.0,8998.0,9000.0,2.1287
1777550400,9005.0,9040.0,9004.0,9029.0,0.9707
1777554000,9032.0,9037.0,9001.0,9026.0,0.316
1777557600,9041.0,9041.0,8977.0,9017.0,2.1503
1777561200,9022.0,9056.0,9011.0,9027.0,3.1803
1777564800,9034.0,9037.0,9018.0,9018.0,6.9083
1777568400,9011.0,9011.0,9000.0,9008.0,3.0755
1777572000,9017.0,9017.0,9004.0,9004.0,0.4733
1777575600,9021.0,9033.0,9021.0,9033.0,0.0193
1777579200,9027.0,9034.0,9027.0,9034.0,1.5568
1777582800,9031.0,9031.0,9017.0,9017.0,0.7414
1777586400,9015.0,9015.0,9001.0,9001.0,0.0927
1777590000,9001.0,9011.0,9001.0,9009.0,0.2007
1777593600,9009.0,9030.0,8996.0,8996.0,15.291
1777597200,9014.0,9036.0,9014.0,9036.0,0.7896
1777600800,9044.0,9048.0,9034.0,9041.0,9.6953
1777604400,9042.0,9125.0,9042.0,9101.0,9.7883
1777608000,9105.0,9109.0,9091.0,9094.0,0.7662
1777611600,9088.0,9106.0,9088.0,9099.0,0.1435
1777615200,9101.0,9105.0,9059.0,9079.0,2.5843
1777618800,9079.0,9086.0,9064.0,9085.0,0.939
1777622400,9086.0,9105.0,9085.0,9103.0,1.1967
1777626000,9100.0,9101.0,9085.0,9085.0,0.113
1777629600,9085.0,9098.0,9082.0,9083.0,3.0738
1777633200,9088.0,9116.0,9088.0,9090.0,0.0972
1777636800,9095.0,9178.0,9095.0,9158.0,4.1322
1777640400,9160.0,9209.0,9160.0,9209.0,3.7357
1777644000,9210.0,9210.0,9153.0,9168.0,7.77
1777647600,9166.0,9187.0,9147.0,9163.0,3.5778
1777651200,9183.0,9183.0,9140.0,9147.0,0.5971
1777654800,9147.0,9162.0,9147.0,9162.0,2.2536
1777658400,9183.0,9183.0,9165.0,9165.0,0.1419
1777662000,9165.0,9165.0,9165.0,9165.0,0.0
1777665600,9156.0,9156.0,9086.0,9086.0,2.8109
1777669200,9109.0,9109.0,9109.0,9109.0,0.001
1777672800,9116.0,9129.0,9110.0,9112.0,1.0751
1777676400,9113.0,9120.0,9100.0,9120.0,1.1185
1777680000,9120.0,9133.0,9118.0,9129.0,0.1258
1777683600,9133.0,9135.0,9130.0,9132.0,0.457
1777687200,9132.0,9162.0,9130.0,9162.0,2.0023
1777690800,9148.0,9161.0,9148.0,9155.0,0.1911
1777694400,9157.0,9157.0,9151.0,9151.0,1.3456
1777698000,9151.0,9152.0,9141.0,9147.0,3.7882
1777701600,9152.0,9157.0,9152.0,9157.0,2.641
1777705200,9157.0,9158.0,9157.0,9157.0,0.6321
1777708800,9157.0,9158.0,9151.0,9158.0,3.6496
1777712400,9158.0,9158.0,9158.0,9158.0,2.8866
1777716000,9158.0,9158.0,9157.0,9158.0,0.1202
1777719600,9158.0,9158.0,9152.0,9156.0,4.9652
1777723200,9156.0,9158.0,9156.0,9158.0,9.7738
1777726800,9158.0,9178.0,9158.0,9168.0,17.2864
1777730400,9169.0,9169.0,9152.0,9161.0,2.3112
1777734000,9161.0,9161.0,9160.0,9160.0,0.1217
1777737600,9176.0,9176.0,9159.0,9164.0,0.5875
1777741200,9163.0,9163.0,9160.0,9161.0,0.1332
1777744800,9161.0,9168.0,9158.0,9168.0,0.3568
1777748400,9170.0,9170.0,9164.0,9168.0,0.0416
1777752000,9166.0,9166.0,9166.0,9166.0,0.0327
1777755600,9167.0,9280.0,9166.0,9233.0,8.1572
1777759200,9221.0,9229.0,9205.0,9229.0,1.202
1777762800,9219.0,9220.0,9200.0,9201.0,1.0399
1777766400,9200.0,9200.0,9184.0,9184.0,8.9698
1777770000,9184.0,9184.0,9152.0,9154.0,0.2668
1777773600,9154.0,9157.0,9139.0,9153.0,2.5651
1777777200,9153.0,9153.0,9144.0,9149.0,0.2017
1777780800,9149.0,9154.0,9136.0,9151.0,1.0
1777784400,9153.0,9154.0,9151.0,9152.0,3.718
1777788000,9152.0,9152.0,9150.0,9151.0,0.427
1777791600,9158.0,9189.0,9158.0,9189.0,8.8871
1777795200,9190.0,9190.0,9189.0,9190.0,0.5865
1777798800,9190.0,9207.0,9190.0,9207.0,1.331
1777802400,9208.0,9208.0,9190.0,9193.0,6.4184
1777806000,9190.0,9221.0,9190.0,9218.0,5.0801
1777809600,9220.0,9246.0,9220.0,9240.0,1.9127
1777813200,9236.0,9237.0,9226.0,9230.0,5.7614
1777816800,9230.0,9240.0,9230.0,9240.0,2.3227
1777820400,9241.0,9259.0,9241.0,9248.0,14.8118
1777824000,9251.0,9258.0,9237.0,9252.0,2.4507
1777827600,9249.0,9262.0,9238.0,9261.0,1.0478
1777831200,9258.0,9258.0,9247.0,9252.0,6.2242
1777834800,9252.0,9264.0,9252.0,9263.0,5.2605
1777838400,9264.0,9276.0,9255.0,9255.0,1.2934
1777842000,9246.0,9246.0,9201.0,9201.0,3.1925
1777845600,9249.0,9321.0,9249.0,9302.0,6.7126
1777849200,9297.0,9305.0,9202.0,9202.0,18.0363
1777852800,9202.0,9202.0,9153.0,9184.0,19.7915
1777856400,9187.0,9310.0,9164.0,9274.0,5.1686
1777860000,9287.0,9400.0,9279.0,9383.0,28.9667
1777863600,9385.0,9419.0,9380.0,9398.0,19.9471
1777867200,9397.0,9439.0,9397.0,9426.0,13.494
1777870800,9425.0,9425.0,9372.0,9372.0,10.5728
1777874400,9373.0,9373.0,9291.0,9345.0,5.4237
1777878000,9349.0,9352.0,9340.0,9340.0,7.9736
1777881600,9339.0,9339.0,9308.0,9315.0,16.9488
1777885200,9315.0,9350.0,9315.0,9342.0,6.1206
1777888800,9329.0,9329.0,9168.0,9249.0,15.2436
1777892400,9258.0,9263.0,9250.0,9251.0,0.3405
1777896000,9251.0,9264.0,9251.0,9260.0,0.9982
1777899600,9255.0,9256.0,9240.0,9253.0,3.2256
1777903200,9252.0,9409.0,9238.0,9399.0,13.6494
1777906800,9399.0,9399.0,9263.0,9294.0,26.2086
1777910400,9296.0,9347.0,9264.0,9329.0,0.5835
1777914000,9317.0,9396.0,9317.0,9395.0,4.4067
1777917600,9384.0,9384.0,9339.0,9339.0,0.517
1777921200,9336.0,9336.0,9336.0,9336.0,0.0188
1777924800,9323.0,9323.0,9322.0,9322.0,0.0637
1777928400,9301.0,9344.0,9301.0,9344.0,23.5296
1777932000,9343.0,9348.0,9323.0,9327.0,0.0964
1777935600,9325.0,9325.0,9288.0,9288.0,0.7743
1777939200,9310.0,9337.0,9309.0,9336.0,1.8219
1777942800,9338.0,9349.0,9338.0,9347.0,0.9879
1777946400,9347.0,9388.0,9347.0,9363.0,3.4976
1777950000,9362.0,9427.0,9362.0,9424.0,4.0759
1777953600,9424.0,9427.0,9403.0,9408.0,4.3921
1777957200,9412.0,9429.0,9408.0,9412.0,19.4753
1777960800,9411.0,9411.0,9376.0,9399.0,4.7239
1777964400,9398.0,9430.0,9398.0,9417.0,15.3267
1777968000,9416.0,9417.0,9387.0,9400.0,4.4346
1777971600,9391.0,9391.0,9370.0,9370.0,4.4921
1777975200,9376.0,9402.0,9373.0,9402.0,3.3154
1777978800,9401.0,9407.0,9400.0,9407.0,1.6427
1777982400,9406.0,9430.0,9406.0,9429.0,3.9349
1777986000,9430.0,9460.0,9427.0,9427.0,28.9255
1777989600,9427.0,9442.0,9389.0,9414.0,9.553
1777993200,9413.0,9429.0,9413.0,9422.0,0.6914
1777996800,9420.0,9421.0,9358.0,9358.0,2.0075
1778000400,9360.0,9360.0,9347.0,9347.0,1.2972
1778004000,9359.0,9381.0,9359.0,9381.0,2.7813
1778007600,9385.0,9388.0,9385.0,9388.0,0.0533
1778011200,9393.0,9416.0,9393.0,9416.0,0.873
1778014800,9417.0,9424.0,9370.0,9385.0,5.3319
1778018400,9395.0,9395.0,9325.0,9366.0,3.116
1778022000,9360.0,9360.0,9321.0,9332.0,0.683
1778025600,9343.0,9346.0,9323.0,9327.0,3.4056
1778029200,9339.0,9368.0,9339.0,9368.0,2.8713
1778032800,9359.0,9363.0,9331.0,9356.0,1.4104
1778036400,9359.0,9388.0,9359.0,9383.0,0.5169
1778040000,9386.0,9391.0,9341.0,9343.0,4.0866
1778043600,9344.0,9344.0,9321.0,9329.0,2.0144
1778047200,9333.0,9353.0,9332.0,9353.0,4.1395
1778050800,9356.0,9364.0,9354.0,9359.0,3.4434
1778054400,9360.0,9415.0,9360.0,9414.0,4.8225
1778058000,9414.0,9475.0,9390.0,9463.0,21.6986
1778061600,9465.0,9468.0,9448.0,9455.0,3.721
1778065200,9451.0,9480.0,9450.0,9451.0,7.2147
1778068800,9451.0,9451.0,9425.0,9426.0,4.4897
1778072400,9426.0,9426.0,9300.0,9302.0,27.192
1778076000,9302.0,9302.0,9240.0,9282.0,21.7586
1778079600,9280.0,9288.0,9266.0,9272.0,7.4369
1778083200,9272.0,9299.0,9264.0,9276.0,9.1067
1778086800,9274.0,9276.0,9248.0,9248.0,3.7128
1778090400,9245.0,9245.0,9210.0,9230.0,4.3442
1778094000,9226.0,9226.0,9220.0,9226.0,0.4668
1778097600,9247.0,9257.0,9233.0,9233.0,0.623
1778101200,9245.0,9265.0,9240.0,9258.0,1.4564
1778104800,9257.0,9257.0,9235.0,9237.0,3.5375
1778108400,9236.0,9238.0,9223.0,9238.0,3.9437
1778112000,9246.0,9246.0,9178.0,9178.0,43.5957
1778115600,9170.0,9170.0,9118.0,9132.0,20.3439
1778119200,9132.0,9132.0,9085.0,9106.0,7.9126
1778122800,9106.0,9116.0,9094.0,9107.0,10.5503
1778126400,9108.0,9120.0,9105.0,9120.0,2.6862
1778130000,9132.0,9140.0,9132.0,9134.0,4.5958
1778133600,9137.0,9164.0,9115.0,9164.0,5.5984
1778137200,9164.0,9197.0,9164.0,9188.0,3.6799
1778140800,9189.0,9189.0,9153.0,9153.0,6.0237
1778144400,9144.0,9154.0,9134.0,9134.0,2.5576
1778148000,9134.0,9137.0,9111.0,9129.0,7.697
1778151600,9130.0,9147.0,9129.0,9135.0,16.6201
1778155200,9140.0,9156.0,9140.0,9140.0,7.9516
1778158800,9139.0,9139.0,9057.0,9079.0,35.2205
1778162400,9075.0,9097.0,9006.0,9021.0,12.533
1778166000,9022.0,9036.0,8993.0,9013.0,21.1678
1778169600,9012.0,9016.0,8990.0,9006.0,4.7272
1778173200,9006.0,9016.0,8972.0,9016.0,3.1459
1778176800,9028.0,9032.0,9008.0,9027.0,3.8713
1778180400,9003.0,9017.0,9000.0,9000.0,2.2014
1778184000,9017.0,9017.0,9000.0,9000.0,0.9401
1778187600,9000.0,9004.0,8975.0,8996.0,4.0386
1778191200,8982.0,8987.0,8971.0,8978.0,4.7517
1778194800,8978.0,9004.0,8978.0,9002.0,5.7101
1778198400,9002.0,9019.0,8997.0,8997.0,6.9143
1778202000,9001.0,9002.0,8990.0,8991.0,8.0603
1778205600,8990.0,8990.0,8941.0,8962.0,48.4581
1778209200,8962.0,8970.0,8932.0,8970.0,5.6361
1778212800,8970.0,8984.0,8970.0,8979.0,1.3624
1778216400,8977.0,8981.0,8970.0,8978.0,5.8078
1778220000,8965.0,8965.0,8939.0,8947.0,3.6172
1778223600,8945.0,8970.0,8924.0,8970.0,4.1636
1778227200,8969.0,8995.0,8965.0,8980.0,25.0371
1778230800,8980.0,8996.0,8980.0,8982.0,13.1613
1778234400,8988.0,9000.0,8982.0,8996.0,2.2141
1778238000,9000.0,9015.0,8996.0,9015.0,4.9032
1778241600,9018.0,9033.0,8988.0,8993.0,3.2497
1778245200,8985.0,8985.0,8957.0,8957.0,10.5428
1778248800,8979.0,9013.0,8970.0,9008.0,21.316
1778252400,9008.0,9026.0,8972.0,9026.0,5.6647
1778256000,9026.0,9026.0,9009.0,9023.0,2.451
1778259600,9020.0,9096.0,9020.0,9084.0,3.8446
1778263200,9080.0,9113.0,9079.0,9103.0,5.2102
1778266800,9100.0,9100.0,9095.0,9096.0,0.1825
1778270400,9091.0,9091.0,9063.0,9063.0,1.6275
1778274000,9065.0,9080.0,9060.0,9078.0,1.6156
1778277600,9086.0,9086.0,9081.0,9081.0,0.9792
1778281200,9081.0,9081.0,9053.0,9053.0,0.2007
1778284800,9055.0,9066.0,9051.0,9061.0,18.0778
1778288400,9061.0,9082.0,9061.0,9082.0,2.254
1778292000,9084.0,9090.0,9084.0,9087.0,1.7464
1778295600,9086.0,9090.0,9074.0,9076.0,11.9782
1778299200,9090.0,9104.0,9082.0,9082.0,1.1956
1778302800,9079.0,9092.0,9079.0,9092.0,0.6823
1778306400,9093.0,9094.0,9091.0,9091.0,7.0074
1778310000,9091.0,9095.0,9090.0,9092.0,5.2033
1778313600,9096.0,9102.0,9093.0,9096.0,1.8675
1778317200,9095.0,9095.0,9090.0,9090.0,0.23
1778320800,9091.0,9091.0,9087.0,9087.0,0.3454
1778324400,9088.0,9090.0,9085.0,9089.0,0.2746
1778328000,9094.0,9099.0,9090.0,9096.0,0.3839
1778331600,9096.0,9096.0,9087.0,9087.0,2.2403
1778335200,9087.0,9089.0,9080.0,9080.0,4.926
1778338800,9080.0,9100.0,9063.0,9100.0,0.8981
1778342400,9100.0,9128.0,9100.0,9124.0,2.9546
1778346000,9128.0,9166.0,9128.0,9152.0,12.1014
1778349600,9163.0,9177.0,9158.0,9158.0,0.7896
1778353200,9161.0,9161.0,9152.0,9152.0,0.2427
1778356800,9165.0,9165.0,9156.0,9156.0,0.0772
1778360400,9156.0,9156.0,9155.0,9156.0,0.5821
1778364000,9156.0,9156.0,9155.0,9155.0,1.2616
1778367600,9151.0,9151.0,9148.0,9148.0,0.7977
1778371200,9147.0,9150.0,9135.0,9135.0,2.5108
1778374800,9132.0,9139.0,9127.0,9139.0,0.2601
1778378400,9134.0,9142.0,9132.0,9142.0,3.5333
1778382000,9143.0,9150.0,9142.0,9150.0,1.3508
1778385600,9145.0,9156.0,9145.0,9153.0,0.8065
1778389200,9146.0,9149.0,9146.0,9149.0,3.9475
1778392800,9149.0,9150.0,9148.0,9150.0,0.1641
1778396400,9149.0,9150.0,9149.0,9150.0,1.558
1778400000,9150.0,9150.0,9149.0,9150.0,7.5645
1778403600,9150.0,9156.0,9150.0,9156.0,0.1669
1778407200,9156.0,9156.0,9141.0,9141.0,6.8719
1778410800,9140.0,9140.0,9125.0,9126.0,5.3035
1778414400,9134.0,9134.0,9129.0,9132.0,0.2418
1778418000,9132.0,9151.0,9132.0,9148.0,2.6506
1778421600,9149.0,9151.0,9147.0,9149.0,1.0247
1778425200,9149.0,9198.0,9149.0,9198.0,10.4743
1778428800,9197.0,9198.0,9193.0,9197.0,15.2528
1778432400,9197.0,9250.0,9197.0,9249.0,19.1418
1778436000,9250.0,9251.0,9239.0,9239.0,1.2224
1778439600,9238.0,9255.0,9210.0,9254.0,3.0323
1778443200,9241.0,9241.0,9079.0,9083.0,5.7359
1778446800,9116.0,9147.0,9116.0,9137.0,3.1238
1778450400,9147.0,9291.0,9147.0,9291.0,10.9196
1778454000,9292.0,9314.0,9272.0,9272.0,11.0498
1778457600,9283.0,9283.0,9188.0,9192.0,4.0525
1778461200,9208.0,9244.0,9208.0,9224.0,13.8564
1778464800,9228.0,9233.0,9181.0,9189.0,9.6069
1778468400,9180.0,9180.0,9119.0,9140.0,5.7781
1778472000,9134.0,9163.0,9134.0,9163.0,0.8512
1778475600,9161.0,9177.0,9158.0,9172.0,11.706
1778479200,9165.0,9186.0,9164.0,9164.0,8.9739
1778482800,9156.0,9162.0,9154.0,9156.0,7.1174
1778486400,9156.0,9170.0,9153.0,9170.0,7.7815
1778490000,9163.0,9182.0,9163.0,9180.0,4.175
1778493600,9185.0,9188.0,9182.0,9182.0,2.6357
1778497200,9182.0,9182.0,9169.0,9179.0,5.3473
1778500800,9180.0,9186.0,9180.0,9181.0,6.3959
1778504400,9180.0,9180.0,9128.0,9135.0,7.0486
1778508000,9135.0,9156.0,9082.0,9104.0,19.506
1778511600,9108.0,9169.0,9099.0,9169.0,3.213
1778515200,9169.0,9195.0,9167.0,9168.0,2.5484
1778518800,9160.0,9200.0,9160.0,9200.0,2.4804
1778522400,9199.0,9203.0,9185.0,9191.0,1.9929
1778526000,9189.0,9189.0,9189.0,9189.0,0.9925
1778529600,9191.0,9191.0,9179.0,9183.0,0.9753
1778533200,9186.0,9186.0,9186.0,9186.0,0.0054
1778536800,9191.0,9191.0,9181.0,9191.0,0.1898
1778540400,9186.0,9191.0,9180.0,9191.0,2.7457
1778544000,9182.0,9182.0,9162.0,9166.0,4.7203
1778547600,9159.0,9159.0,9040.0,9097.0,20.5345
1778551200,9093.0,9103.0,9084.0,9090.0,5.1457
1778554800,9090.0,9096.0,9085.0,9085.0,4.5693
1778558400,9086.0,9096.0,9086.0,9094.0,1.561
1778562000,9094.0,9100.0,9093.0,9097.0,6.3172
1778565600,9094.0,9105.0,9082.0,9082.0,9.2263
1778569200,9082.0,9082.0,9035.0,9056.0,8.7457
1778572800,9056.0,9072.0,9009.0,9014.0,22.2469
1778576400,9016.0,9042.0,9003.0,9032.0,5.9096
1778580000,9032.0,9033.0,9006.0,9006.0,1.5185
1778583600,9007.0,9009.0,8998.0,9007.0,20.9169
1778587200,9011.0,9031.0,9006.0,9019.0,3.4664
1778590800,9020.0,9032.0,8974.0,8974.0,46.3628
1778594400,8974.0,8989.0,8951.0,8952.0,6.3531
1778598000,8952.0,8960.0,8926.0,8934.0,20.6579
1778601600,8934.0,8949.0,8927.0,8933.0,8.8922
1778605200,8933.0,8981.0,8933.0,8975.0,3.2957
1778608800,8975.0,9005.0,8975.0,8996.0,0.6303
1778612400,9006.0,9009.0,9006.0,9009.0,0.1179
1778616000,9010.0,9014.0,9010.0,9014.0,1.3183
1778619600,9016.0,9024.0,9016.0,9017.0,0.6744
1778623200,9020.0,9033.0,9017.0,9017.0,1.8833
1778626800,9007.0,9007.0,9007.0,9007.0,0.2242
1778630400,8996.0,9018.0,8996.0,9011.0,4.8834
1778634000,9025.0,9053.0,9025.0,9039.0,2.2717
1778637600,9038.0,9062.0,9038.0,9062.0,5.2735
1778641200,9061.0,9077.0,9053.0,9077.0,2.7698
1778644800,9074.0,9081.0,9074.0,9080.0,9.7675
1778648400,9081.0,9082.0,9074.0,9074.0,1.0813
1778652000,9069.0,9080.0,9069.0,9079.0,4.9997
1778655600,9077.0,9077.0,9064.0,9071.0,5.4524
1778659200,9077.0,9110.0,9072.0,9109.0,22.1104
1778662800,9110.0,9144.0,9110.0,9136.0,15.1359
1778666400,9118.0,9118.0,9094.0,9094.0,5.1857
1778670000,9094.0,9094.0,9072.0,9074.0,1.4251
1778673600,9074.0,9084.0,8969.0,9008.0,6.9055
1778677200,9015.0,9015.0,8932.0,8936.0,7.5149
1778680800,8935.0,8960.0,8908.0,8951.0,10.5721
1778684400,8952.0,8952.0,8858.0,8858.0,27.9034
1778688000,8864.0,8907.0,8858.0,8900.0,3.9515
1778691600,8914.0,8945.0,8910.0,8945.0,7.4164
1778695200,8953.0,8963.0,8949.0,8955.0,5.7684
1778698800,8951.0,8951.0,8931.0,8935.0,1.8119
1778702400,8940.0,8961.0,8940.0,8960.0,3.9162
1778706000,8956.0,8956.0,8934.0,8941.0,5.0663
1778709600,8943.0,8946.0,8915.0,8926.0,4.3875
1778713200,8941.0,8941.0,8930.0,8930.0,5.1752
1778716800,8930.0,8965.0,8930.0,8956.0,13.035
1778720400,8958.0,8958.0,8929.0,8930.0,10.1495
1778724000,8929.0,8930.0,8891.0,8891.0,10.5483
1778727600,8891.0,8891.0,8848.0,8848.0,22.2588
1778731200,8846.0,8906.0,8846.0,8906.0,5.1775
1778734800,8904.0,8946.0,8904.0,8946.0,0.9606
1778738400,8962.0,8966.0,8951.0,8952.0,14.3759
1778742000,8951.0,8954.0,8945.0,8953.0,2.7283
1778745600,8940.0,8963.0,8937.0,8957.0,2.0385
1778749200,8949.0,8949.0,8909.0,8916.0,3.6327
1778752800,8937.0,8938.0,8915.0,8915.0,0.6038
1778756400,8937.0,8937.0,8914.0,8914.0,5.6755
1778760000,8914.0,8928.0,8902.0,8928.0,1.4921
1778763600,8928.0,8933.0,8900.0,8903.0,5.9354
1778767200,8900.0,9015.0,8896.0,9015.0,9.1636
1778770800,9015.0,9059.0,9012.0,9059.0,3.5564
1778774400,9060.0,9111.0,9060.0,9111.0,13.1674
1778778000,9116.0,9120.0,9065.0,9103.0,4.7356
1778781600,9080.0,9107.0,9080.0,9091.0,0.2947
1778785200,9091.0,9091.0,9055.0,9055.0,1.6068
1778788800,9050.0,9050.0,9012.0,9034.0,3.9531
1778792400,9035.0,9035.0,9020.0,9032.0,0.1117
1778796000,9030.0,9034.0,9029.0,9034.0,1.764
1778799600,9020.0,9023.0,8986.0,8986.0,2.6651
1778803200,8989.0,9043.0,8988.0,9008.0,6.9607
1778806800,9017.0,9024.0,8966.0,8966.0,3.2256
1778810400,8966.0,8976.0,8923.0,8975.0,10.0634
1778814000,8975.0,8977.0,8953.0,8955.0,14.4138
1778817600,8959.0,8959.0,8945.0,8945.0,7.0235
1778821200,8932.0,8933.0,8851.0,8856.0,18.4867
1778824800,8872.0,8912.0,8872.0,8906.0,16.5776
1778828400,8906.0,8956.0,8906.0,8949.0,10.1605
1778832000,8932.0,8932.0,8891.0,8914.0,7.6522
1778835600,8915.0,8919.0,8915.0,8916.0,0.2602
1778839200,8914.0,8946.0,8914.0,8946.0,1.466
1778842800,8933.0,8934.0,8932.0,8933.0,0.2149
1778846400,8933.0,8933.0,8920.0,8921.0,2.0666
1778850000,8920.0,8920.0,8783.0,8784.0,58.2016
1778853600,8783.0,8815.0,8755.0,8778.0,7.939
1778857200,8778.0,8814.0,8772.0,8814.0,11.6086
1778860800,8819.0,8845.0,8819.0,8820.0,1.2118
1778864400,8820.0,8844.0,8820.0,8835.0,0.1412
1778868000,8842.0,8845.0,8835.0,8841.0,0.3261
1778871600,8837.0,8837.0,8831.0,8831.0,6.5395
1778875200,8830.0,8831.0,8812.0,8812.0,0.2082
1778878800,8814.0,8825.0,8805.0,8805.0,2.1045
1778882400,8810.0,8824.0,8810.0,8824.0,1.87
1778886000,8826.0,8830.0,8826.0,8830.0,0.3006
1778889600,8829.0,8844.0,8829.0,8840.0,0.1125
1778893200,8839.0,8842.0,8837.0,8841.0,0.2548
1778896800,8847.0,8848.0,8847.0,8848.0,0.8372
1778900400,8850.0,8853.0,8848.0,8848.0,2.3383
1778904000,8849.0,8849.0,8826.0,8838.0,2.8959
1778907600,8841.0,8847.0,8841.0,8847.0,0.387
1778911200,8844.0,8844.0,8810.0,8811.0,8.4125
1778914800,8805.0,8805.0,8706.0,8734.0,16.9817
1778918400,8735.0,8744.0,8734.0,8739.0,2.7007
1778922000,8739.0,8739.0,8640.0,8670.0,26.484
1778925600,8662.0,8665.0,8643.0,8665.0,7.8783
1778929200,8675.0,8683.0,8675.0,8675.0,4.9415
1778932800,8676.0,8686.0,8675.0,8684.0,0.2023
1778936400,8683.0,8684.0,8670.0,8683.0,8.8175
1778940000,8687.0,8711.0,8673.0,8694.0,11.0886
1778943600,8701.0,8701.0,8682.0,8692.0,5.126
1778947200,8690.0,8691.0,8658.0,8663.0,6.6622
1778950800,8675.0,8686.0,8670.0,8684.0,7.3729
1778954400,8680.0,8687.0,8678.0,8687.0,0.1122
1778958000,8687.0,8689.0,8687.0,8689.0,0.02
1778961600,8688.0,8688.0,8687.0,8687.0,0.1563
1778965200,8686.0,8686.0,8686.0,8686.0,0.632
1778968800,8687.0,8687.0,8686.0,8686.0,0.4832
1778972400,8686.0,8687.0,8686.0,8686.0,0.8448
1778976000,8687.0,8695.0,8675.0,8675.0,4.0056
1778979600,8661.0,8675.0,8642.0,8648.0,5.2063
1778983200,8647.0,8653.0,8646.0,8652.0,3.3011
1778986800,8653.0,8670.0,8653.0,8670.0,3.0265
1778990400,8670.0,8693.0,8669.0,8693.0,4.8786
1778994000,8694.0,8700.0,8694.0,8699.0,4.493
1778997600,8699.0,8700.0,8675.0,8675.0,7.8831
1779001200,8675.0,8684.0,8674.0,8684.0,3.6081
1779004800,8683.0,8685.0,8681.0,8685.0,0.863
1779008400,8685.0,8697.0,8685.0,8693.0,0.8055
1779012000,8695.0,8722.0,8695.0,8719.0,2.3723
1779015600,8719.0,8719.0,8717.0,8717.0,0.1181
1779019200,8717.0,8732.0,8717.0,8732.0,2.493
1779022800,8731.0,8731.0,8717.0,8726.0,4.2573
1779026400,8720.0,8720.0,8688.0,8705.0,9.3913
1779030000,8700.0,8700.0,8692.0,8692.0,1.2349
1779033600,8692.0,8693.0,8692.0,8693.0,1.0547
1779037200,8692.0,8692.0,8680.0,8688.0,1.485
1779040800,8688.0,8688.0,8682.0,8688.0,0.3002
1779044400,8702.0,8716.0,8702.0,8716.0,0.5654
1779048000,8716.0,8716.0,8716.0,8716.0,0.0
1779051600,8697.0,8711.0,8697.0,8711.0,0.081
1779055200,8681.0,8681.0,8656.0,8656.0,0.5045
1779058800,8656.0,8656.0,8352.0,8471.0,29.7579
1779062400,8471.0,8471.0,8381.0,8410.0,22.9413
1779066000,8415.0,8425.0,8402.0,8425.0,3.0647
1779069600,8426.0,8457.0,8426.0,8427.0,4.4629
1779073200,8431.0,8451.0,8430.0,8443.0,3.0856
1779076800,8443.0,8447.0,8430.0,8447.0,0.8396
1779080400,8448.0,8448.0,8444.0,8445.0,3.7026
1779084000,8445.0,8445.0,8411.0,8428.0,12.7743
1779087600,8429.0,8435.0,8411.0,8431.0,5.1669
1779091200,8430.0,8439.0,8430.0,8435.0,12.8123
1779094800,8436.0,8437.0,8421.0,8427.0,7.6666
1779098400,8425.0,8425.0,8416.0,8424.0,1.8111
1779102000,8424.0,8507.0,8422.0,8497.0,8.7308
1779105600,8502.0,8583.0,8502.0,8569.0,5.2921
1779109200,8567.0,8567.0,8467.0,8488.0,1.6615
1779112800,8474.0,8477.0,8371.0,8398.0,41.0542
1779116400,8398.0,8398.0,8355.0,8397.0,6.8314
1779120000,8384.0,8398.0,8343.0,8365.0,5.1763
1779123600,8372.0,8394.0,8372.0,8394.0,1.5773
1779127200,8379.0,8379.0,8300.0,8309.0,9.0054
1779130800,8307.0,8427.0,8303.0,8427.0,3.0419
1779134400,8461.0,8464.0,8426.0,8430.0,0.2697
1779138000,8431.0,8516.0,8431.0,8508.0,2.5254
1779141600,8506.0,8519.0,8471.0,8487.0,9.4802
1779145200,8495.0,8499.0,8472.0,8472.0,1.2884
1779148800,8472.0,8508.0,8472.0,8503.0,2.297
1779152400,8503.0,8503.0,8459.0,8459.0,7.4138
1779156000,8454.0,8491.0,8438.0,8468.0,1.6182
1779159600,8449.0,8481.0,8446.0,8481.0,4.664
1779163200,8486.0,8492.0,8474.0,8488.0,6.6764
1779166800,8488.0,8494.0,8470.0,8494.0,9.1764
1779170400,8492.0,8500.0,8487.0,8500.0,3.6928
1779174000,8500.0,8515.0,8500.0,8515.0,8.1459
1779177600,8515.0,8516.0,8496.0,8501.0,9.9593
1779181200,8499.0,8499.0,8416.0,8416.0,1.5112
1779184800,8424.0,8445.0,8422.0,8425.0,1.3513
1779188400,8441.0,8449.0,8420.0,8420.0,0.3356
1779192000,8419.0,8444.0,8419.0,8443.0,3.2522
1779195600,8440.0,8460.0,8411.0,8447.0,10.8569
1779199200,8446.0,8449.0,8378.0,8394.0,4.6685
1779202800,8413.0,8425.0,8408.0,8418.0,3.6296
1779206400,8422.0,8454.0,8412.0,8454.0,2.0278
1779210000,8465.0,8471.0,8450.0,8450.0,1.1126
1779213600,8441.0,8461.0,8441.0,8445.0,0.2091
1779217200,8461.0,8461.0,8461.0,8461.0,0.042
1779220800,8440.0,8451.0,8440.0,8451.0,8.3418
1779224400,8451.0,8460.0,8451.0,8460.0,0.0948
1779228000,8458.0,8458.0,8403.0,8413.0,0.4804
1779231600,8409.0,8446.0,8409.0,8444.0,5.2266
1779235200,8443.0,8443.0,8408.0,8428.0,3.8308
1779238800,8436.0,8450.0,8404.0,8450.0,2.6544
1779242400,8451.0,8451.0,8418.0,8421.0,4.9487
1779246000,8419.0,8444.0,8419.0,8434.0,0.3841
1779249600,8434.0,8440.0,8433.0,8434.0,1.7002
1779253200,8434.0,8496.0,8434.0,8481.0,8.3971
1779256800,8483.0,8503.0,8483.0,8503.0,5.6493
1779260400,8504.0,8507.0,8495.0,8503.0,1.3645
1779264000,8504.0,8518.0,8494.0,8504.0,12.0206
1779267600,8493.0,8495.0,8492.0,8493.0,0.8306
1779271200,8493.0,8501.0,8493.0,8494.0,2.8767
1779274800,8493.0,8494.0,8484.0,8484.0,1.2928
1779278400,8484.0,8521.0,8484.0,8521.0,0.7486
1779282000,8508.0,8508.0,8451.0,8451.0,1.6747
1779285600,8451.0,8519.0,8451.0,8517.0,3.7568
1779289200,8511.0,8555.0,8501.0,8531.0,4.3726
1779292800,8518.0,8534.0,8481.0,8501.0,2.627
1779296400,8506.0,8560.0,8506.0,8548.0,2.813
1779300000,8530.0,8532.0,8516.0,8516.0,1.7585
1779303600,8498.0,8525.0,8498.0,8525.0,6.2871
1779307200,8517.0,8517.0,8496.0,8506.0,0.3799
1779310800,8505.0,8520.0,8501.0,8501.0,1.8307
1779314400,8500.0,8500.0,8450.0,8466.0,2.2916
1779318000,8465.0,8471.0,8454.0,8471.0,3.9672
1779321600,8474.0,8512.0,8474.0,8512.0,6.6663
1779325200,8511.0,8546.0,8510.0,8510.0,9.7997
1779328800,8511.0,8529.0,8509.0,8522.0,2.2178
1779332400,8521.0,8526.0,8520.0,8522.0,3.4024
1779336000,8526.0,8526.0,8518.0,8518.0,0.2306
1779339600,8524.0,8524.0,8487.0,8488.0,1.7596
1779343200,8497.0,8498.0,8472.0,8472.0,6.6893
1779346800,8471.0,8471.0,8456.0,8470.0,5.9713
1779350400,8470.0,8517.0,8470.0,8487.0,5.0321
1779354000,8489.0,8492.0,8460.0,8460.0,2.7208
1779357600,8459.0,8459.0,8391.0,8402.0,8.6283
1779361200,8402.0,8412.0,8401.0,8405.0,1.7813
1779364800,8405.0,8417.0,8400.0,8417.0,2.1584
1779368400,8414.0,8424.0,8381.0,8424.0,9.4114
1779372000,8430.0,8441.0,8413.0,8426.0,4.5593
1779375600,8429.0,8489.0,8429.0,8487.0,3.0341
1779379200,8483.0,8483.0,8458.0,8459.0,0.3354
1779382800,8459.0,8545.0,8459.0,8545.0,8.1296
1779386400,8513.0,8513.0,8458.0,8458.0,0.252
1779390000,8494.0,8513.0,8494.0,8513.0,0.1079
1779393600,8511.0,8514.0,8494.0,8497.0,0.2194
1779397200,8496.0,8497.0,8496.0,8497.0,0.4068
1779400800,8487.0,8487.0,8472.0,8472.0,0.0412
1779404400,8469.0,8486.0,8466.0,8486.0,9.2899
1779408000,8481.0,8481.0,8476.0,8476.0,1.0332
1779411600,8473.0,8489.0,8460.0,8489.0,1.3656
1779415200,8486.0,8503.0,8486.0,8495.0,7.0116
1779418800,8496.0,8500.0,8496.0,8498.0,0.5342
1779422400,8499.0,8502.0,8495.0,8495.0,10.1754
1779426000,8488.0,8493.0,8474.0,8474.0,0.3822
1779429600,8471.0,8472.0,8459.0,8459.0,6.3015
1779433200,8458.0,8481.0,8458.0,8478.0,8.9742
1779436800,8481.0,8483.0,8451.0,8452.0,3.5357
1779440400,8452.0,8452.0,8442.0,8452.0,3.5816
1779444000,8451.0,8451.0,8445.0,8449.0,0.1192
1779447600,8449.0,8467.0,8442.0,8467.0,0.965
1779451200,8472.0,8486.0,8472.0,8480.0,1.2931
1779454800,8481.0,8481.0,8456.0,8464.0,6.2147
1779458400,8456.0,8456.0,8413.0,8425.0,19.6982
1779462000,8424.0,8453.0,8420.0,8438.0,2.0824
1779465600,8438.0,8446.0,8438.0,8446.0,0.4581
1779469200,8464.0,8467.0,8452.0,8452.0,0.2224
1779472800,8447.0,8447.0,8330.0,8366.0,9.2846
1779476400,8362.0,8362.0,8231.0,8231.0,34.7563
1779480000,8236.0,8266.0,8236.0,8266.0,0.8589
1779483600,8260.0,8282.0,8260.0,8282.0,0.1922
1779487200,8282.0,8282.0,8253.0,8263.0,0.2688
1779490800,8273.0,8275.0,8226.0,8238.0,7.9893
1779494400,8238.0,8248.0,8207.0,8239.0,5.5528
1779498000,8248.0,8258.0,8243.0,8253.0,4.3264
1779501600,8260.0,8260.0,8243.0,8253.0,2.2953
1779505200,8253.0,8261.0,8253.0,8261.0,1.587
1779508800,8258.0,8261.0,8251.0,8252.0,4.9219
1779512400,8252.0,8252.0,8239.0,8241.0,6.0053
1779516000,8243.0,8243.0,8233.0,8233.0,2.9955
1779519600,8232.0,8232.0,8013.0,8102.0,28.9067
1779523200,8104.0,8118.0,8099.0,8113.0,8.6459
1779526800,8114.0,8125.0,8113.0,8123.0,1.4208
1779530400,8122.0,8141.0,8122.0,8138.0,3.3897
1779534000,8138.0,8145.0,8135.0,8137.0,2.1234
1779537600,8138.0,8139.0,8125.0,8128.0,3.0182
1779541200,8129.0,8175.0,8129.0,8173.0,9.4847
1779544800,8173.0,8239.0,8168.0,8239.0,4.5686
1779548400,8236.0,8259.0,8214.0,8220.0,2.4268
1779552000,8230.0,8238.0,8224.0,8231.0,0.5163
1779555600,8234.0,8239.0,8234.0,8239.0,1.5145
1779559200,8239.0,8301.0,8239.0,8289.0,4.0259
1779562800,8280.0,8295.0,8280.0,8295.0,0.164
1779566400,8291.0,8545.0,8291.0,8545.0,18.4357
1779570000,8548.0,8553.0,8410.0,8453.0,7.693
1779573600,8440.0,8440.0,8405.0,8440.0,0.073
1779577200,8436.0,8448.0,8436.0,8448.0,4.7345
1779580800,8429.0,8432.0,8425.0,8432.0,1.8973
1779584400,8439.0,8449.0,8439.0,8449.0,1.9722
1779588000,8450.0,8459.0,8448.0,8456.0,6.0493
1779591600,8460.0,8462.0,8443.0,8443.0,2.9144
1779595200,8447.0,8456.0,8447.0,8456.0,0.3473
1779598800,8456.0,8456.0,8437.0,8437.0,0.197
1779602400,8451.0,8470.0,8444.0,8470.0,1.5043
1779606000,8467.0,8467.0,8450.0,8450.0,2.9778
1779609600,8455.0,8460.0,8451.0,8456.0,1.0316
1779613200,8452.0,8459.0,8451.0,8457.0,0.4688
1779616800,8460.0,8478.0,8450.0,8456.0,0.8132
1779620400,8459.0,8479.0,8459.0,8478.0,0.8815
1779624000,8478.0,8478.0,8450.0,8451.0,3.0866
1779627600,8450.0,8450.0,8407.0,8408.0,5.1448
1779631200,8408.0,8408.0,8305.0,8364.0,10.709
1779634800,8362.0,8363.0,8351.0,8355.0,0.9336
1779638400,8364.0,8389.0,8357.0,8358.0,1.6933
1779642000,8387.0,8388.0,8377.0,8380.0,0.9314
1779645600,8376.0,8376.0,8363.0,8363.0,0.0429
1779649200,8374.0,8374.0,8355.0,8355.0,1.1867
1779652800,8350.0,8350.0,8343.0,8343.0,0.132
1779656400,8351.0,8354.0,8240.0,8261.0,2.3543
1779660000,8287.0,8358.0,8287.0,8336.0,1.1233
1779663600,8343.0,8388.0,8336.0,8372.0,15.832
1779667200,8365.0,8371.0,8341.0,8341.0,28.1938
1779670800,8348.0,8349.0,8314.0,8314.0,2.7095
1779674400,8303.0,8359.0,8303.0,8314.0,17.4125
1779678000,8315.0,8315.0,8300.0,8304.0,10.0683
1779681600,8304.0,8333.0,8291.0,8333.0,36.0881
1779685200,8334.0,8349.0,8334.0,8343.0,1.3847
1779688800,8335.0,8337.0,8319.0,8337.0,1.7343
1779692400,8337.0,8367.0,8337.0,8361.0,4.3212
1779696000,8361.0,8366.0,8360.0,8366.0,1.1932
1779699600,8379.0,8379.0,8375.0,8376.0,1.1207
1779703200,8375.0,8379.0,8372.0,8373.0,4.4545
1779706800,8373.0,8379.0,8364.0,8379.0,1.5085
1779710400,8365.0,8377.0,8365.0,8376.0,0.9645
1779714000,8376.0,8376.0,8373.0,8373.0,1.4174
1779717600,8374.0,8422.0,8374.0,8422.0,9.8553
1779721200,8422.0,8444.0,8404.0,8409.0,1.9398
1779724800,8419.0,8451.0,8419.0,8451.0,16.3635
1779728400,8464.0,8465.0,8435.0,8435.0,0.3776
1779732000,8430.0,8430.0,8426.0,8426.0,0.071
1779735600,8417.0,8417.0,8390.0,8390.0,1.5764
1779739200,8399.0,8399.0,8362.0,8362.0,9.3207
1779742800,8360.0,8360.0,8352.0,8352.0,1.6696
1779746400,8354.0,8365.0,8336.0,8336.0,2.8146
1779750000,8334.0,8357.0,8334.0,8356.0,1.6219
1779753600,8358.0,8358.0,8289.0,8306.0,3.128
1779757200,8304.0,8320.0,8293.0,8311.0,1.6569
1779760800,8313.0,8313.0,8284.0,8291.0,2.4308
1779764400,8293.0,8308.0,8283.0,8308.0,1.4545
1779768000,8309.0,8316.0,8303.0,8316.0,2.2301
1779771600,8309.0,8344.0,8309.0,8335.0,0.7024
1779775200,8336.0,8344.0,8328.0,8344.0,0.7049
1779778800,8344.0,8344.0,8308.0,8339.0,2.313
1779782400,8321.0,8332.0,8321.0,8332.0,0.7825
1779786000,8332.0,8333.0,8321.0,8329.0,9.3352
1779789600,8325.0,8475.0,8325.0,8444.0,12.0428
1779793200,8448.0,8451.0,8417.0,8418.0,1.4389
1779796800,8418.0,8419.0,8390.0,8419.0,8.0767
1779800400,8432.0,8439.0,8390.0,8431.0,6.0557
1779804000,8441.0,8475.0,8370.0,8373.0,10.776
1779807600,8363.0,8363.0,8266.0,8280.0,4.0447
1779811200,8282.0,8282.0,8251.0,8252.0,1.9506
1779814800,8252.0,8268.0,8182.0,8228.0,9.6712
1779818400,8222.0,8256.0,8222.0,8231.0,1.7605
1779822000,8225.0,8248.0,8224.0,8248.0,0.404
1779825600,8248.0,8248.0,8246.0,8246.0,0.2684
1779829200,8253.0,8253.0,8240.0,8240.0,0.1895
1779832800,8240.0,8240.0,8232.0,8232.0,0.0496
1779836400,8232.0,8258.0,8232.0,8258.0,0.2137
1779840000,8255.0,8291.0,8255.0,8291.0,1.5659
1779843600,8294.0,8294.0,8261.0,8261.0,3.0145
1779847200,8265.0,8267.0,8257.0,8267.0,3.7119
1779850800,8276.0,8288.0,8256.0,8258.0,2.6289
1779854400,8256.0,8262.0,8189.0,8262.0,16.4585
1779858000,8262.0,8281.0,8261.0,8281.0,0.2264
1779861600,8282.0,8294.0,8274.0,8290.0,1.912
1779865200,8291.0,8301.0,8280.0,8301.0,2.0391
1779868800,8301.0,8344.0,8301.0,8320.0,10.0854
1779872400,8299.0,8318.0,8296.0,8305.0,3.7552
1779876000,8301.0,8316.0,8291.0,8291.0,1.3628
1779879600,8292.0,8303.0,8290.0,8291.0,1.3002
1779883200,8289.0,8346.0,8279.0,8312.0,6.0136
1779886800,8291.0,8291.0,8201.0,8229.0,2.5906
1779890400,8228.0,8249.0,8205.0,8232.0,21.2806
1779894000,8246.0,8281.0,8246.0,8267.0,3.0526
1779897600,8272.0,8272.0,8231.0,8261.0,7.3181
1779901200,8236.0,8236.0,8179.0,8179.0,6.042
1779904800,8189.0,8189.0,8178.0,8178.0,0.3781
1779908400,8178.0,8178.0,8178.0,8178.0,0.0
1779912000,8178.0,8178.0,8178.0,8178.0,0.0
1779915600,8178.0,8178.0,8178.0,8178.0,0.0
1779919200,8178.0,8178.0,8178.0,8178.0,0.0
1779922800,8280.0,8280.0,8100.0,8100.0,12.2882
1779926400,8101.0,8121.0,8090.0,8100.0,35.7117
1779930000,8106.0,8110.0,8050.0,8079.0,16.2412
1779933600,8080.0,8080.0,8071.0,8076.0,12.7461
1779937200,8075.0,8079.0,7969.0,7971.0,65.8508
1779940800,7971.0,7971.0,7900.0,7918.0,94.4378
1779944400,7918.0,7921.0,7915.0,7915.0,2.8947
1779948000,7916.0,7918.0,7904.0,7918.0,21.4929
1779951600,7921.0,7971.0,7921.0,7966.0,12.5319
1779955200,7966.0,7966.0,7932.0,7945.0,3.5788
1779958800,7941.0,7963.0,7941.0,7962.0,6.5741
1779962400,7963.0,7975.0,7951.0,7952.0,12.0782
1779966000,7952.0,7952.0,7936.0,7944.0,3.6587
1779969600,7944.0,7963.0,7924.0,7959.0,4.477
1779973200,7960.0,7960.0,7911.0,7911.0,9.8548
1779976800,7919.0,7990.0,7885.0,7965.0,18.4466
1779980400,7965.0,7980.0,7942.0,7949.0,3.212
1779984000,7948.0,8032.0,7948.0,8032.0,5.7137
1779987600,8024.0,8070.0,8024.0,8068.0,0.9621
1779991200,8067.0,8079.0,8067.0,8071.0,0.22
1779994800,8071.0,8071.0,8048.0,8048.0,1.7062
1779998400,8035.0,8051.0,8017.0,8046.0,0.7413
1780002000,8055.0,8055.0,8052.0,8052.0,0.431
1780005600,8050.0,8050.0,8001.0,8001.0,0.4529
1780009200,8001.0,8002.0,7999.0,7999.0,0.5059
1780012800,8003.0,8009.0,7999.0,7999.0,1.6613
1780016400,7999.0,8004.0,7967.0,7973.0,2.983
1780020000,7974.0,7982.0,7960.0,7960.0,3.6224
1780023600,7951.0,7969.0,7950.0,7958.0,13.57
1780027200,7958.0,7971.0,7952.0,7969.0,0.7659
1780030800,7969.0,7992.0,7969.0,7992.0,2.6779
1780034400,7996.0,8011.0,7996.0,8011.0,4.2191
1780038000,8014.0,8018.0,7964.0,7966.0,4.7977
1780041600,7980.0,7990.0,7977.0,7980.0,3.6187
1780045200,7976.0,7999.0,7973.0,7989.0,2.2217
1780048800,7999.0,7999.0,7998.0,7998.0,1.5831
1780052400,8000.0,8000.0,7987.0,7990.0,2.6944
1780056000,7990.0,7990.0,7961.0,7971.0,1.4257
1780059600,7970.0,7970.0,7932.0,7966.0,4.5195
1780063200,7970.0,7970.0,7895.0,7970.0,20.6216
1780066800,7973.0,8134.0,7973.0,8090.0,21.6175
1780070400,8104.0,8131.0,8055.0,8126.0,5.1561
1780074000,8124.0,8130.0,8078.0,8078.0,0.4038
1780077600,8070.0,8083.0,8006.0,8006.0,0.7078
1780081200,8000.0,8044.0,8000.0,8035.0,0.1865
1780084800,8033.0,8054.0,8032.0,8032.0,0.2703
1780088400,8035.0,8035.0,8019.0,8021.0,0.1727
1780092000,8006.0,8021.0,8005.0,8021.0,0.1705
1780095600,8018.0,8023.0,8005.0,8023.0,9.2492
1780099200,8015.0,8025.0,8008.0,8021.0,0.8786
1780102800,8017.0,8042.0,8017.0,8041.0,0.5383
1780106400,8040.0,8040.0,8023.0,8038.0,0.7114
1780110000,8042.0,8045.0,8021.0,8022.0,1.0904
1780113600,8016.0,8016.0,7979.0,7999.0,3.6735
1780117200,8017.0,8019.0,8017.0,8019.0,2.0419
1780120800,8013.0,8030.0,8013.0,8025.0,0.6699
1780124400,8023.0,8023.0,8020.0,8021.0,0.2154
1780128000,8021.0,8021.0,8021.0,8021.0,0.094
1780131600,8021.0,8026.0,8021.0,8024.0,6.5849
1780135200,8028.0,8039.0,8028.0,8039.0,1.709
1780138800,8032.0,8033.0,8032.0,8033.0,0.3299
1780142400,8034.0,8038.0,8033.0,8034.0,0.5059
1780146000,8044.0,8044.0,8038.0,8043.0,6.3614
1780149600,8043.0,8073.0,8043.0,8067.0,0.3012
1780153200,8070.0,8077.0,8065.0,8073.0,0.6689
1780156800,8068.0,8077.0,8068.0,8071.0,0.0542
1780160400,8071.0,8074.0,8060.0,8073.0,0.2887
1780164000,8070.0,8078.0,8066.0,8078.0,0.6345
1780167600,8070.0,8080.0,8070.0,8080.0,1.9285
1780171200,8082.0,8082.0,8082.0,8082.0,1.162
1780174800,8086.0,8086.0,8086.0,8086.0,0.0017
1780178400,8065.0,8065.0,8063.0,8063.0,0.0161
1780182000,8069.0,8069.0,8055.0,8059.0,1.0303
1780185600,8057.0,8070.0,8057.0,8068.0,0.2814
1780189200,8080.0,8100.0,8080.0,8087.0,3.7536
1780192800,8087.0,8105.0,8080.0,8080.0,2.665
1780196400,8099.0,8100.0,8099.0,8100.0,1.4228
1780200000,8099.0,8100.0,8096.0,8099.0,1.1775
1780203600,8099.0,8099.0,8095.0,8095.0,0.9097
1780207200,8092.0,8092.0,8092.0,8092.0,0.0185
1780210800,8091.0,8091.0,8066.0,8070.0,2.3591
1780214400,8076.0,8078.0,8065.0,8065.0,1.6625
1780218000,8070.0,8079.0,8060.0,8060.0,0.7525
1780221600,8055.0,8055.0,8042.0,8043.0,0.9768
1780225200,8055.0,8060.0,8055.0,8060.0,2.8011
1780228800,8060.0,8062.0,8059.0,8062.0,1.6614
1780232400,8054.0,8063.0,8051.0,8051.0,1.368
1780236000,8051.0,8051.0,8005.0,8005.0,8.1465
1780239600,8008.0,8030.0,8004.0,8016.0,20.1483
1780243200,8015.0,8017.0,7973.0,7979.0,5.9382
1780246800,7985.0,7993.0,7970.0,7993.0,0.8464
1780250400,7992.0,7992.0,7973.0,7973.0,0.7519
1780254000,7976.0,7976.0,7954.0,7966.0,1.4286
1780257600,7987.0,7995.0,7987.0,7995.0,0.0757
1780261200,7998.0,8014.0,7998.0,8014.0,0.1522
1780264800,8018.0,8018.0,8007.0,8018.0,0.5382
1780268400,8032.0,8048.0,7980.0,7995.0,1.303
1780272000,8004.0,8040.0,8004.0,8024.0,2.9774
1780275600,8027.0,8027.0,7960.0,7960.0,0.5756
1780279200,7960.0,8027.0,7952.0,8018.0,13.3551
1780282800,8018.0,8033.0,8005.0,8006.0,3.146
1780286400,8003.0,8008.0,7955.0,7968.0,3.0189
1780290000,7960.0,7967.0,7941.0,7950.0,2.8153
1780293600,7946.0,7946.0,7901.0,7913.0,2.3223
1780297200,7918.0,7926.0,7868.0,7882.0,10.815
1780300800,7882.0,7899.0,7868.0,7898.0,7.9999
1780304400,7911.0,7929.0,7911.0,7927.0,1.7156
1780308000,7920.0,7921.0,7902.0,7910.0,5.6812
1780311600,7909.0,7914.0,7895.0,7895.0,3.0039
1780315200,7898.0,7940.0,7851.0,7932.0,6.9064
1780318800,7913.0,7913.0,7833.0,7854.0,16.4755
1780322400,7880.0,7880.0,7849.0,7849.0,3.505
1780326000,7867.0,7885.0,7841.0,7860.0,2.5054
1780329600,7862.0,7885.0,7834.0,7885.0,6.1524
1780333200,7900.0,7943.0,7900.0,7942.0,4.2368
1780336800,7936.0,7946.0,7922.0,7944.0,1.6858
1780340400,7942.0,7998.0,7942.0,7991.0,1.1676
1780344000,7979.0,8000.0,7979.0,8000.0,0.3782
1780347600,7977.0,7977.0,7949.0,7951.0,15.6748
1780351200,7940.0,7987.0,7930.0,7979.0,1.0815
1780354800,7979.0,7987.0,7973.0,7973.0,0.554
1780358400,7993.0,7993.0,7951.0,7961.0,3.5848
1780362000,7950.0,7958.0,7911.0,7911.0,1.9629
1780365600,7900.0,7943.0,7845.0,7942.0,39.0075
1780369200,7950.0,7991.0,7950.0,7990.0,3.0153
1780372800,7992.0,7995.0,7963.0,7967.0,2.7737
1780376400,7957.0,7964.0,7914.0,7914.0,3.3323
1780380000,7918.0,7923.0,7901.0,7901.0,1.2128
1780383600,7910.0,7931.0,7889.0,7917.0,4.4226
1780387200,7913.0,7934.0,7901.0,7901.0,4.0402
1780390800,7900.0,7900.0,7872.0,7890.0,5.4844
1780394400,7888.0,7914.0,7885.0,7914.0,5.0033
1780398000,7915.0,7915.0,7894.0,7902.0,1.616
1780401600,7900.0,7911.0,7883.0,7894.0,5.8935
1780405200,7893.0,7911.0,7887.0,7892.0,1.5489
1780408800,7889.0,7889.0,7750.0,7775.0,71.8083
1780412400,7761.0,7766.0,7612.0,7666.0,36.4292
1780416000,7660.0,7769.0,7660.0,7697.0,9.1916
1780419600,7701.0,7724.0,7701.0,7709.0,6.1622
1780423200,7708.0,7708.0,7650.0,7655.0,3.8783
1780426800,7657.0,7663.0,7590.0,7659.0,21.0125
1780430400,7657.0,7681.0,7615.0,7636.0,5.4974
1780434000,7644.0,7645.0,7609.0,7609.0,3.9047
1780437600,7608.0,7643.0,7500.0,7500.0,24.122
1780441200,7501.0,7507.0,7402.0,7478.0,55.1654
1780444800,7468.0,7495.0,7449.0,7495.0,32.1454
1780448400,7492.0,7492.0,7430.0,7457.0,32.6981
1780452000,7457.0,7457.0,7430.0,7436.0,16.397
1780455600,7436.0,7445.0,7299.0,7354.0,76.5099
1780459200,7358.0,7417.0,7358.0,7417.0,16.5775
1780462800,7417.0,7509.0,7416.0,7509.0,13.2944
1780466400,7501.0,7551.0,7499.0,7510.0,17.0375
1780470000,7510.0,7535.0,7501.0,7535.0,7.4857
1780473600,7532.0,7548.0,7524.0,7543.0,6.0138
1780477200,7542.0,7551.0,7523.0,7551.0,18.3157
1780480800,7544.0,7585.0,7544.0,7565.0,8.1639
1780484400,7570.0,7575.0,7550.0,7551.0,17.1405
1780488000,7550.0,7552.0,7512.0,7532.0,10.9592
1780491600,7545.0,7545.0,7485.0,7496.0,6.8886
1780495200,7486.0,7487.0,7450.0,7459.0,3.2494
1780498800,7458.0,7458.0,7389.0,7389.0,11.5404
1780502400,7388.0,7390.0,7288.0,7353.0,16.5383
1780506000,7352.0,7375.0,7310.0,7331.0,2.5059
1780509600,7343.0,7350.0,7313.0,7350.0,1.3677
1780513200,7334.0,7334.0,7228.0,7228.0,55.9339
1780516800,7227.0,7264.0,7129.0,7130.0,35.4382
1780520400,7140.0,7407.0,7140.0,7392.0,6.4605
1780524000,7415.0,7415.0,7332.0,7336.0,8.9853
1780527600,7338.0,7338.0,7295.0,7295.0,7.453
1780531200,7289.0,7302.0,7151.0,7177.0,69.9426
1780534800,7190.0,7221.0,7072.0,7076.0,61.2407
1780538400,7077.0,7178.0,6975.0,7132.0,149.7228
1780542000,7131.0,7329.0,7131.0,7303.0,49.3225
1780545600,7304.0,7332.0,7300.0,7300.0,22.5168
1780549200,7301.0,7301.0,7201.0,7207.0,29.9764
1780552800,7208.0,7260.0,7207.0,7220.0,31.4237
1780556400,7220.0,7220.0,7158.0,7186.0,11.1537
1780560000,7185.0,7193.0,7126.0,7158.0,1.7284
1780563600,7144.0,7144.0,7052.0,7108.0,47.3751
1780567200,7120.0,7120.0,6993.0,6997.0,25.0647
1780570800,7012.0,7067.0,7006.0,7067.0,14.2287
1780574400,7073.0,7192.0,7059.0,7166.0,28.0705
1780578000,7165.0,7211.0,7090.0,7174.0,11.4184
1780581600,7202.0,7228.0,7138.0,7151.0,10.0572
1780585200,7149.0,7213.0,7149.0,7150.0,11.1681
1780588800,7165.0,7171.0,7131.0,7146.0,6.5362
1780592400,7146.0,7157.0,7088.0,7141.0,18.1528
1780596000,7132.0,7176.0,7106.0,7176.0,8.8607
1780599600,7162.0,7182.0,7156.0,7179.0,0.3076
1780603200,7153.0,7153.0,7128.0,7150.0,2.6656
1780606800,7145.0,7145.0,7099.0,7116.0,0.3622
1780610400,7106.0,7110.0,7075.0,7104.0,1.3168
1780614000,7134.0,7154.0,7100.0,7139.0,6.7833
1780617600,7145.0,7145.0,7102.0,7111.0,5.9607
1780621200,7101.0,7104.0,7058.0,7083.0,4.0615
1780624800,7082.0,7082.0,7000.0,7006.0,29.6371
1780628400,7003.0,7025.0,6981.0,7010.0,21.4522
1780632000,7001.0,7050.0,6971.0,7050.0,44.0967
1780635600,7060.0,7060.0,6831.0,6831.0,40.8133
1780639200,6831.0,6847.0,6660.0,6722.0,143.4636
1780642800,6722.0,6815.0,6650.0,6801.0,101.4353
1780646400,6807.0,6809.0,6745.0,6747.0,13.1365
1780650000,6748.0,6843.0,6748.0,6820.0,10.755
1780653600,6826.0,6831.0,6789.0,6814.0,18.6841
1780657200,6795.0,6822.0,6756.0,6761.0,7.2841
1780660800,6752.0,6776.0,6700.0,6726.0,24.0283
1780664400,6729.0,6800.0,6571.0,6571.0,40.8644
1780668000,6583.0,6600.0,6515.0,6518.0,60.5205
1780671600,6515.0,6529.0,6450.0,6471.0,127.3021
1780675200,6470.0,6598.0,6350.0,6581.0,37.3168
1780678800,6576.0,6592.0,6503.0,6522.0,7.8946
1780682400,6528.0,6536.0,6366.0,6368.0,13.1111
1780686000,6368.0,6800.0,6325.0,6325.0,3.1816
1780689600,6596.0,6700.0,6500.0,6700.0,0.6403
1780693200,6699.0,6699.0,6504.0,6580.0,23.016
1780696800,6562.0,6574.0,6501.0,6540.0,4.5892
1780700400,6541.0,6541.0,6403.0,6470.0,7.3827
1780704000,6475.0,6558.0,6475.0,6530.0,10.2342
1780707600,6528.0,6538.0,6475.0,6491.0,23.2195
1780711200,6490.0,6495.0,6420.0,6463.0,13.4167
1780714800,6462.0,6462.0,6392.0,6409.0,31.1005
1780718400,6407.0,6428.0,6200.0,6237.0,95.7459
1780722000,6237.0,6400.0,6194.0,6374.0,19.4014
1780725600,6400.0,6460.0,6370.0,6374.0,15.2813
1780729200,6378.0,6452.0,6365.0,6448.0,12.9177
1780732800,6445.0,6499.0,6428.0,6470.0,7.7525
1780736400,6470.0,6471.0,6400.0,6411.0,5.2617
1780740000,6408.0,6408.0,6284.0,6315.0,17.0749
1780743600,6321.0,6390.0,6321.0,6365.0,6.9606
1780747200,6374.0,6427.0,6350.0,6423.0,9.0405
1780750800,6422.0,6425.0,6359.0,6367.0,8.2931
1780754400,6382.0,6401.0,6373.0,6380.0,5.2842
1780758000,6380.0,6398.0,6335.0,6396.0,7.9316
1780761600,6397.0,6404.0,6360.0,6398.0,6.9727
1780765200,6400.0,6400.0,6344.0,6352.0,1.9906
1780768800,6366.0,6404.0,6358.0,6369.0,2.278
1780772400,6375.0,6401.0,6351.0,6364.0,13.7131
1780776000,6362.0,6371.0,6340.0,6358.0,3.6148
1780779600,6365.0,6390.0,6360.0,6366.0,3.7947
1780783200,6359.0,6372.0,6331.0,6366.0,4.2335
1780786800,6365.0,6402.0,6363.0,6402.0,2.6437
1780790400,6403.0,6412.0,6385.0,6389.0,11.6277
1780794000,6388.0,6500.0,6385.0,6488.0,12.6775
1780797600,6481.0,6499.0,6463.0,6498.0,15.1938
1780801200,6498.0,6528.0,6489.0,6508.0,12.498
1780804800,6508.0,6517.0,6464.0,6517.0,9.2009
1780808400,6516.0,6570.0,6509.0,6560.0,19.1586
1780812000,6560.0,6613.0,6532.0,6584.0,18.4717
1780815600,6583.0,6598.0,6580.0,6595.0,14.5168
1780819200,6596.0,6694.0,6580.0,6692.0,26.3757
1780822800,6691.0,6718.0,6651.0,6661.0,27.2305
1780826400,6661.0,6661.0,6629.0,6630.0,3.9438
1780830000,6629.0,6653.0,6619.0,6644.0,2.132
1780833600,6641.0,6641.0,6568.0,6610.0,18.0105
1780837200,6603.0,6621.0,6584.0,6605.0,10.1767
1780840800,6603.0,6687.0,6602.0,6650.0,15.1589
1780844400,6641.0,6674.0,6623.0,6653.0,15.0038
1780848000,6654.0,6655.0,6627.0,6642.0,5.2415
1780851600,6651.0,6672.0,6645.0,6649.0,1.7287
1780855200,6658.0,6669.0,6646.0,6658.0,4.1739
1780858800,6647.0,6647.0,6554.0,6579.0,5.2085
1780862400,6568.0,6635.0,6565.0,6635.0,2.7076
1780866000,6633.0,6639.0,6633.0,6634.0,1.5673
1780869600,6674.0,6950.0,6674.0,6830.0,37.2233
1780873200,6811.0,6880.0,6811.0,6869.0,6.4347
1780876800,6876.0,6970.0,6863.0,6926.0,6.325
1780880400,6931.0,6931.0,6821.0,6877.0,4.1257
1780884000,6882.0,6882.0,6859.0,6871.0,14.5697
1780887600,6871.0,6902.0,6848.0,6859.0,7.9642
1780891200,6858.0,6858.0,6779.0,6782.0,22.4205
1780894800,6762.0,6762.0,6728.0,6748.0,1.1866
1780898400,6750.0,6810.0,6750.0,6802.0,8.8364
1780902000,6803.0,6843.0,6791.0,6836.0,6.4735
1780905600,6832.0,6832.0,6792.0,6792.0,16.3509
1780909200,6790.0,6823.0,6785.0,6823.0,1.874
1780912800,6826.0,6843.0,6808.0,6843.0,7.4522
1780916400,6831.0,6925.0,6831.0,6886.0,17.654
1780920000,6886.0,6935.0,6842.0,6934.0,8.7152
1780923600,6919.0,6935.0,6879.0,6889.0,2.2905
1780927200,6885.0,6928.0,6872.0,6924.0,7.7074
1780930800,6933.0,6976.0,6926.0,6926.0,70.1815
1780934400,6922.0,6972.0,6899.0,6899.0,2.3765
1780938000,6899.0,6899.0,6872.0,6893.0,4.0607
1780941600,6903.0,6918.0,6872.0,6872.0,3.5411
1780945200,6879.0,6879.0,6879.0,6879.0,0.1459
1780948800,6871.0,6882.0,6871.0,6879.0,0.0905
1780952400,6887.0,6983.0,6887.0,6955.0,2.0962
1780956000,6950.0,6950.0,6901.0,6919.0,0.6261
1780959600,6949.0,6970.0,6900.0,6900.0,5.1027
1780963200,6895.0,6911.0,6788.0,6790.0,16.5439
1780966800,6796.0,6813.0,6785.0,6803.0,22.6879
1780970400,6803.0,6803.0,6751.0,6778.0,25.8459
1780974000,6789.0,6807.0,6783.0,6799.0,17.6893
1780977600,6802.0,6878.0,6791.0,6878.0,2.0004
1780981200,6877.0,6892.0,6858.0,6870.0,5.1044
1780984800,6872.0,6890.0,6854.0,6854.0,19.0345
1780988400,6868.0,6876.0,6837.0,6840.0,14.2523
1780992000,6839.0,6839.0,6804.0,6825.0,11.3316
1780995600,6825.0,6838.0,6788.0,6791.0,0.8068
1780999200,6802.0,6809.0,6796.0,6807.0,4.3659
1781002800,6813.0,6813.0,6793.0,6793.0,1.1268
1781006400,6807.0,6841.0,6797.0,6816.0,18.8869
1781010000,6826.0,6826.0,6787.0,6800.0,3.4595
1781013600,6792.0,6792.0,6679.0,6688.0,14.3903
1781017200,6697.0,6731.0,6671.0,6671.0,8.9702
1781020800,6672.0,6679.0,6594.0,6651.0,18.9652
1781024400,6653.0,6716.0,6653.0,6695.0,4.7691
1781028000,6691.0,6731.0,6691.0,6727.0,0.428
1781031600,6726.0,6750.0,6721.0,6750.0,3.0223
1781035200,6753.0,6765.0,6750.0,6763.0,0.4176
1781038800,6764.0,6765.0,6720.0,6720.0,0.882
1781042400,6717.0,6730.0,6688.0,6688.0,2.6265
1781046000,6683.0,6683.0,6655.0,6667.0,22.8077
1781049600,6673.0,6687.0,6649.0,6684.0,5.8762
1781053200,6699.0,6699.0,6665.0,6665.0,3.0011
1781056800,6681.0,6681.0,6608.0,6608.0,12.1419
1781060400,6623.0,6656.0,6623.0,6639.0,3.2513
1781064000,6640.0,6641.0,6630.0,6630.0,2.648
1781067600,6619.0,6623.0,6600.0,6623.0,3.6121
1781071200,6630.0,6650.0,6621.0,6649.0,3.3894
1781074800,6646.0,6687.0,6646.0,6682.0,8.0721
1781078400,6682.0,6682.0,6601.0,6607.0,18.4953
1781082000,6610.0,6616.0,6565.0,6616.0,1.4404
1781085600,6618.0,6632.0,6605.0,6632.0,0.7984
1781089200,6636.0,6645.0,6585.0,6614.0,16.8774
1781092800,6613.0,6688.0,6601.0,6675.0,4.3312
1781096400,6666.0,6781.0,6665.0,6745.0,27.3983
1781100000,6741.0,6741.0,6683.0,6692.0,18.1946
1781103600,6705.0,6776.0,6678.0,6763.0,3.5696
1781107200,6757.0,6757.0,6667.0,6689.0,3.233
1781110800,6693.0,6693.0,6632.0,6656.0,2.0485
1781114400,6642.0,6652.0,6633.0,6640.0,0.7189
1781118000,6643.0,6648.0,6643.0,6648.0,0.6836
1781121600,6636.0,6666.0,6634.0,6634.0,0.4483
1781125200,6645.0,6645.0,6560.0,6560.0,3.7439
1781128800,6563.0,6604.0,6557.0,6604.0,2.6203
1781132400,6602.0,6620.0,6571.0,6620.0,1.6678
1781136000,6626.0,6667.0,6620.0,6650.0,22.4398
1781139600,6655.0,6710.0,6655.0,6710.0,8.2618
1781143200,6710.0,6710.0,6676.0,6704.0,5.4801
1781146800,6702.0,6765.0,6689.0,6753.0,14.8191
1781150400,6735.0,6762.0,6732.0,6760.0,3.2517
1781154000,6755.0,6755.0,6721.0,6725.0,2.0264
1781157600,6718.0,6765.0,6718.0,6751.0,2.4574
1781161200,6747.0,6747.0,6736.0,6740.0,21.5003
1781164800,6740.0,6769.0,6740.0,6768.0,21.8121
1781168400,6759.0,6765.0,6754.0,6765.0,0.8239
1781172000,6763.0,6763.0,6744.0,6752.0,3.4406
1781175600,6752.0,6802.0,6751.0,6790.0,4.5611
1781179200,6785.0,6785.0,6703.0,6731.0,9.59
1781182800,6726.0,6756.0,6715.0,6738.0,5.7654
1781186400,6735.0,6740.0,6700.0,6726.0,4.0221
1781190000,6702.0,6720.0,6694.0,6704.0,5.0137
1781193600,6712.0,6717.0,6690.0,6690.0,0.3489
1781197200,6688.0,6889.0,6669.0,6869.0,31.9716
1781200800,6869.0,6877.0,6835.0,6867.0,3.4512
1781204400,6859.0,6880.0,6844.0,6860.0,3.3156
1781208000,6857.0,6857.0,6804.0,6804.0,0.4284
1781211600,6816.0,6853.0,6816.0,6840.0,0.9646
1781215200,6841.0,6856.0,6832.0,6832.0,4.3232
1781218800,6830.0,6832.0,6807.0,6832.0,4.9792
1781222400,6823.0,6827.0,6810.0,6816.0,7.1961
1781226000,6816.0,6816.0,6772.0,6776.0,13.4569
1781229600,6784.0,6819.0,6784.0,6819.0,1.4347
1781233200,6819.0,6819.0,6790.0,6792.0,47.6933
1781236800,6794.0,6821.0,6791.0,6816.0,9.7901
1781240400,6818.0,6818.0,6763.0,6765.0,6.0782
1781244000,6768.0,6770.0,6734.0,6745.0,5.4287
1781247600,6745.0,6753.0,6743.0,6753.0,3.4196
1781251200,6760.0,6812.0,6760.0,6801.0,45.2966
1781254800,6798.0,6840.0,6797.0,6839.0,33.7771
1781258400,6832.0,6832.0,6802.0,6807.0,3.087
1781262000,6811.0,6820.0,6806.0,6811.0,4.1528
1781265600,6803.0,6803.0,6774.0,6774.0,3.0163
1781269200,6778.0,6789.0,6742.0,6742.0,2.787
1781272800,6760.0,6850.0,6760.0,6850.0,4.0511
1781276400,6850.0,6872.0,6761.0,6761.0,13.6884
1781280000,6758.0,6814.0,6749.0,6797.0,0.8345
1781283600,6811.0,6811.0,6788.0,6788.0,0.1595
1781287200,6780.0,6801.0,6777.0,6797.0,0.3823
1781290800,6787.0,6791.0,6782.0,6785.0,0.2144
1781294400,6785.0,6785.0,6785.0,6785.0,0.0
1781298000,6780.0,6791.0,6780.0,6783.0,3.6148
1781301600,6775.0,6775.0,6775.0,6775.0,0.0102
1781305200,6770.0,6778.0,6770.0,6778.0,0.1207
1781308800,6794.0,6796.0,6793.0,6793.0,0.1632
1781312400,6793.0,6823.0,6793.0,6823.0,8.894
1781316000,6820.0,6820.0,6797.0,6797.0,10.8441
1781319600,6800.0,6800.0,6790.0,6790.0,2.4516
1781323200,6789.0,6795.0,6786.0,6795.0,0.0979
1781326800,6787.0,6787.0,6785.0,6785.0,0.8771
1781330400,6785.0,6804.0,6785.0,6804.0,4.2705
1781334000,6798.0,6830.0,6798.0,6830.0,2.8074
1781337600,6828.0,6832.0,6823.0,6823.0,1.6458
1781341200,6822.0,6824.0,6819.0,6819.0,0.1843
1781344800,6818.0,6823.0,6817.0,6818.0,2.1323
1781348400,6821.0,6835.0,6821.0,6834.0,2.5394
1781352000,6833.0,6847.0,6833.0,6847.0,1.1873
1781355600,6846.0,6846.0,6841.0,6845.0,0.5767
1781359200,6844.0,6849.0,6843.0,6844.0,5.2335
1781362800,6850.0,6862.0,6842.0,6853.0,4.1496
1781366400,6843.0,6843.0,6818.0,6832.0,1.4348
1781370000,6826.0,6836.0,6826.0,6836.0,0.1625
1781373600,6821.0,6840.0,6821.0,6833.0,2.887
1781377200,6832.0,6832.0,6832.0,6832.0,0.0076
1781380800,6824.0,6825.0,6824.0,6825.0,0.0295
1781384400,6826.0,6892.0,6826.0,6866.0,5.2077
1781388000,6860.0,6860.0,6860.0,6860.0,0.2186
1781391600,6852.0,6856.0,6844.0,6847.0,2.7479
1781395200,6846.0,6857.0,6846.0,6856.0,4.9292
1781398800,6866.0,6877.0,6866.0,6871.0,3.5428
1781402400,6871.0,6871.0,6866.0,6867.0,6.8158
1781406000,6867.0,6867.0,6853.0,6854.0,5.7829
1781409600,6854.0,6854.0,6829.0,6836.0,2.1323
1781413200,6838.0,6844.0,6835.0,6842.0,1.415
1781416800,6847.0,6849.0,6831.0,6831.0,3.3521
1781420400,6830.0,6834.0,6826.0,6826.0,0.9977
1781424000,6826.0,6833.0,6825.0,6831.0,0.8155
1781427600,6831.0,6834.0,6813.0,6834.0,2.0332
1781431200,6832.0,6832.0,6817.0,6817.0,5.6038
1781434800,6817.0,6820.0,6817.0,6819.0,0.1063
1781438400,6817.0,6817.0,6788.0,6788.0,2.8467
1781442000,6789.0,6792.0,6771.0,6781.0,7.337
1781445600,6782.0,6783.0,6739.0,6745.0,34.2475
1781449200,6745.0,6767.0,6745.0,6767.0,11.4951
1781452800,6769.0,6782.0,6767.0,6767.0,0.5277
1781456400,6768.0,6783.0,6768.0,6769.0,0.66
1781460000,6769.0,6769.0,6761.0,6768.0,0.3616
1781463600,6768.0,6768.0,6768.0,6768.0,0.0
1781467200,6780.0,6788.0,6778.0,6788.0,0.0963
1781470800,6801.0,7017.0,6801.0,6998.0,8.5705
1781474400,7001.0,7016.0,6970.0,6999.0,15.8076
1781478000,6991.0,7006.0,6983.0,7001.0,7.4424
1781481600,7005.0,7018.0,6981.0,6983.0,24.8431
1781485200,6980.0,6980.0,6952.0,6970.0,2.9495
1781488800,6967.0,7004.0,6967.0,6981.0,10.4283
1781492400,6980.0,6994.0,6969.0,6991.0,6.2514
1781496000,6990.0,6990.0,6980.0,6981.0,10.7088
1781499600,6980.0,6990.0,6973.0,6984.0,4.7715
1781503200,6988.0,6997.0,6983.0,6988.0,8.7176
1781506800,6988.0,6997.0,6980.0,6980.0,8.6268
1781510400,6978.0,6993.0,6970.0,6992.0,0.6659
1781514000,6992.0,7000.0,6965.0,6975.0,6.6935
1781517600,6975.0,7074.0,6975.0,7057.0,17.8523
1781521200,7056.0,7159.0,7051.0,7158.0,21.7547
1781524800,7159.0,7209.0,7157.0,7209.0,9.4702
1781528400,7204.0,7408.0,7204.0,7372.0,68.2191
1781532000,7365.0,7389.0,7344.0,7383.0,7.4452
1781535600,7377.0,7499.0,7377.0,7490.0,12.5811
1781539200,7490.0,7499.0,7479.0,7492.0,11.7634
1781542800,7483.0,7483.0,7433.0,7436.0,3.1733
1781546400,7434.0,7444.0,7428.0,7444.0,13.8368
1781550000,7435.0,7435.0,7376.0,7409.0,3.7082
1781553600,7400.0,7411.0,7380.0,7380.0,1.1109
1781557200,7385.0,7388.0,7359.0,7359.0,1.5301
1781560800,7350.0,7350.0,7282.0,7282.0,4.1776
1781564400,7278.0,7301.0,7261.0,7301.0,8.5413
1781568000,7300.0,7310.0,7290.0,7290.0,14.4378
1781571600,7288.0,7305.0,7283.0,7302.0,0.5738
1781575200,7294.0,7297.0,7208.0,7208.0,7.688
1781578800,7223.0,7243.0,7201.0,7242.0,8.5959
1781582400,7236.0,7249.0,7174.0,7174.0,7.5224
1781586000,7175.0,7185.0,7175.0,7185.0,0.4669
1781589600,7180.0,7220.0,7180.0,7217.0,15.5884
1781593200,7218.0,7237.0,7217.0,7237.0,12.3033
1781596800,7236.0,7352.0,7236.0,7351.0,23.8343
1781600400,7333.0,7350.0,7295.0,7303.0,4.9562
1781604000,7304.0,7327.0,7294.0,7324.0,4.8653
1781607600,7334.0,7334.0,7313.0,7326.0,3.2857
1781611200,7343.0,7474.0,7339.0,7390.0,37.9687
1781614800,7405.0,7405.0,7331.0,7337.0,20.4546
1781618400,7350.0,7357.0,7227.0,7267.0,14.7415
1781622000,7262.0,7290.0,7260.0,7260.0,5.8975
1781625600,7276.0,7276.0,7247.0,7251.0,7.3033
1781629200,7260.0,7316.0,7260.0,7316.0,0.8194
1781632800,7334.0,7367.0,7315.0,7333.0,40.9708
1781636400,7310.0,7331.0,7295.0,7309.0,32.0545
1781640000,7310.0,7324.0,7310.0,7324.0,3.075
1781643600,7328.0,7328.0,7303.0,7320.0,5.076
1781647200,7325.0,7325.0,7314.0,7314.0,0.1567
1781650800,7325.0,7325.0,7303.0,7306.0,0.2396
1781654400,7317.0,7329.0,7314.0,7320.0,1.0551
1781658000,7312.0,7322.0,7278.0,7319.0,5.078
1781661600,7327.0,7367.0,7312.0,7318.0,3.3244
1781665200,7320.0,7322.0,7309.0,7312.0,0.6198
1781668800,7315.0,7322.0,7313.0,7315.0,7.5775
1781672400,7334.0,7334.0,7302.0,7323.0,0.1006
1781676000,7317.0,7325.0,7300.0,7302.0,2.5508
1781679600,7301.0,7302.0,7286.0,7286.0,1.9188
1781683200,7269.0,7269.0,7192.0,7203.0,5.3229
1781686800,7201.0,7243.0,7201.0,7241.0,4.8229
1781690400,7232.0,7232.0,7227.0,7227.0,0.0279
1781694000,7213.0,7213.0,7189.0,7209.0,2.8158
1781697600,7207.0,7207.0,7129.0,7163.0,10.3554
1781701200,7163.0,7208.0,7163.0,7200.0,5.516
1781704800,7180.0,7181.0,7120.0,7168.0,6.7064
1781708400,7161.0,7243.0,7161.0,7231.0,1.9412
1781712000,7231.0,7277.0,7222.0,7224.0,49.6849
1781715600,7223.0,7303.0,7212.0,7292.0,21.1308
1781719200,7289.0,7289.0,7132.0,7264.0,9.4027
1781722800,7224.0,7224.0,7055.0,7070.0,7.1756
1781726400,7099.0,7099.0,7082.0,7082.0,0.5143
1781730000,7127.0,7127.0,7100.0,7100.0,0.2966
1781733600,7100.0,7117.0,7064.0,7116.0,2.2429
1781737200,7116.0,7141.0,7112.0,7138.0,0.6949
1781740800,7171.0,7190.0,7170.0,7188.0,1.9972
1781744400,7180.0,7200.0,7179.0,7181.0,6.5882
1781748000,7195.0,7196.0,7174.0,7193.0,3.5097
1781751600,7192.0,7192.0,7148.0,7153.0,3.3521
1781755200,7149.0,7152.0,7113.0,7115.0,12.8597
1781758800,7112.0,7112.0,7086.0,7101.0,29.2756
1781762400,7105.0,7131.0,7100.0,7131.0,29.4887
1781766000,7127.0,7185.0,7126.0,7185.0,28.5743
1781769600,7184.0,7199.0,7183.0,7187.0,4.9547
1781773200,7191.0,7200.0,7182.0,7198.0,30.7082
1781776800,7192.0,7204.0,7181.0,7204.0,4.2996
1781780400,7212.0,7214.0,7190.0,7190.0,0.7331
1781784000,7197.0,7220.0,7194.0,7217.0,0.7463
1781787600,7218.0,7219.0,7155.0,7178.0,2.9049
1781791200,7162.0,7191.0,7160.0,7183.0,4.8372
1781794800,7166.0,7166.0,6964.0,6964.0,15.2559
1781798400,6970.0,6985.0,6969.0,6970.0,1.8797
1781802000,6969.0,6970.0,6923.0,6946.0,36.1351
1781805600,6968.0,6968.0,6958.0,6958.0,1.0277
1781809200,6958.0,7030.0,6958.0,7026.0,1.843
1781812800,7063.0,7063.0,7058.0,7058.0,0.8812
1781816400,7056.0,7060.0,7036.0,7039.0,0.1946
1781820000,7038.0,7043.0,7019.0,7043.0,0.8636
1781823600,7041.0,7060.0,7033.0,7060.0,11.5495
1781827200,7059.0,7073.0,7048.0,7068.0,1.6039
1781830800,7068.0,7087.0,7035.0,7046.0,1.8031
1781834400,7056.0,7056.0,7027.0,7041.0,3.3566
1781838000,7043.0,7043.0,6951.0,7020.0,7.7749
1781841600,7020.0,7035.0,6988.0,6989.0,18.116
1781845200,6994.0,7019.0,6992.0,7019.0,37.4585
1781848800,7023.0,7061.0,7023.0,7061.0,8.0844
1781852400,7046.0,7046.0,7007.0,7030.0,22.9239
1781856000,7030.0,7039.0,7029.0,7034.0,7.4417
1781859600,7034.0,7034.0,7005.0,7005.0,9.4438
1781863200,7005.0,7005.0,7000.0,7000.0,2.3133
1781866800,7008.0,7016.0,7002.0,7016.0,0.0955
1781870400,7015.0,7016.0,6977.0,7016.0,6.8516
1781874000,7027.0,7081.0,7009.0,7062.0,1.6251
1781877600,7060.0,7080.0,7036.0,7076.0,3.7579
1781881200,7045.0,7079.0,7045.0,7078.0,0.5526
1781884800,7091.0,7091.0,7044.0,7044.0,2.9428
1781888400,7045.0,7070.0,7044.0,7070.0,2.3511
1781892000,7066.0,7066.0,7051.0,7051.0,0.085
1781895600,7054.0,7055.0,7047.0,7055.0,0.6011
1781899200,7062.0,7062.0,7062.0,7062.0,0.1908
1781902800,7082.0,7082.0,7054.0,7054.0,0.093
1781906400,7080.0,7085.0,7078.0,7078.0,0.051
1781910000,7078.0,7088.0,7078.0,7088.0,4.4863
1781913600,7090.0,7110.0,7082.0,7083.0,3.4886
1781917200,7083.0,7084.0,7079.0,7081.0,3.4976
1781920800,7076.0,7077.0,7072.0,7072.0,0.1994
1781924400,7074.0,7083.0,7074.0,7083.0,2.3062
1781928000,7081.0,7106.0,7076.0,7104.0,20.2544
1781931600,7123.0,7171.0,7123.0,7155.0,14.1071
1781935200,7159.0,7166.0,7154.0,7165.0,6.4596
1781938800,7160.0,7172.0,7158.0,7165.0,0.6824
1781942400,7160.0,7160.0,7158.0,7159.0,0.0564
1781946000,7161.0,7172.0,7161.0,7172.0,0.08
1781949600,7163.0,7170.0,7163.0,7170.0,0.0231
1781953200,7170.0,7172.0,7164.0,7170.0,1.4067
1781956800,7169.0,7174.0,7161.0,7162.0,0.5657
1781960400,7165.0,7166.0,7120.0,7132.0,3.6045
1781964000,7131.0,7220.0,7101.0,7204.0,7.8006
1781967600,7199.0,7236.0,7198.0,7221.0,3.9535
1781971200,7212.0,7212.0,7196.0,7196.0,0.6318
1781974800,7194.0,7194.0,7159.0,7167.0,1.431
1781978400,7181.0,7181.0,7181.0,7181.0,0.0011
1781982000,7181.0,7181.0,7181.0,7181.0,0.0
1781985600,7181.0,7181.0,7181.0,7181.0,0.0
1781989200,7179.0,7203.0,7179.0,7203.0,0.3602
1781992800,7203.0,7234.0,7203.0,7225.0,0.4174
1781996400,7233.0,7233.0,7225.0,7225.0,1.1465
1782000000,7225.0,7225.0,7212.0,7212.0,0.7196
1782003600,7210.0,7218.0,7209.0,7217.0,0.1319
1782007200,7209.0,7213.0,7209.0,7211.0,0.8804
1782010800,7208.0,7219.0,7202.0,7213.0,9.7172
1782014400,7213.0,7214.0,7204.0,7204.0,6.8184
1782018000,7200.0,7201.0,7190.0,7196.0,0.2952
1782021600,7209.0,7214.0,7209.0,7212.0,0.1392
1782025200,7200.0,7200.0,7200.0,7200.0,0.0813
1782028800,7200.0,7200.0,7171.0,7175.0,3.3193
1782032400,7180.0,7194.0,7178.0,7194.0,0.5834
1782036000,7205.0,7208.0,7190.0,7190.0,0.9964
1782039600,7192.0,7192.0,7143.0,7163.0,1.3953
1782043200,7161.0,7161.0,7139.0,7159.0,1.8023
1782046800,7159.0,7168.0,7153.0,7153.0,0.9631
1782050400,7153.0,7158.0,7151.0,7158.0,1.1407
1782054000,7160.0,7186.0,7160.0,7181.0,1.7897
1782057600,7166.0,7178.0,7154.0,7176.0,0.8231
1782061200,7172.0,7180.0,7160.0,7172.0,0.9588
1782064800,7180.0,7194.0,7180.0,7194.0,3.1824
1782068400,7194.0,7194.0,7194.0,7194.0,0.0
1782072000,7164.0,7164.0,7137.0,7137.0,0.2306
1782075600,7133.0,7133.0,7068.0,7131.0,2.3825
1782079200,7100.0,7112.0,7097.0,7112.0,0.4011
1782082800,7106.0,7115.0,7072.0,7076.0,0.9245
1782086400,7083.0,7158.0,7083.0,7158.0,4.1473
1782090000,7158.0,7260.0,7147.0,7232.0,88.4593
1782093600,7246.0,7246.0,7204.0,7204.0,3.7901
1782097200,7171.0,7213.0,7168.0,7170.0,6.8405
1782100800,7179.0,7194.0,7178.0,7194.0,3.8627
1782104400,7193.0,7201.0,7193.0,7201.0,1.2139
1782108000,7201.0,7215.0,7197.0,7200.0,4.0937
1782111600,7201.0,7264.0,7201.0,7249.0,7.4704
1782115200,7242.0,7263.0,7242.0,7250.0,2.3713
1782118800,7257.0,7257.0,7247.0,7250.0,7.454
1782122400,7250.0,7266.0,7250.0,7263.0,6.1126
1782126000,7265.0,7347.0,7264.0,7341.0,6.2343
1782129600,7341.0,7344.0,7317.0,7324.0,6.5889
1782133200,7324.0,7371.0,7324.0,7371.0,3.6662
1782136800,7377.0,7377.0,7290.0,7294.0,9.759
1782140400,7296.0,7296.0,7251.0,7251.0,0.6181
1782144000,7250.0,7250.0,7228.0,7228.0,0.8417
1782147600,7238.0,7238.0,7209.0,7209.0,0.5161
1782151200,7238.0,7260.0,7186.0,7186.0,15.6953
1782154800,7209.0,7211.0,7200.0,7211.0,0.7753
1782158400,7212.0,7217.0,7210.0,7210.0,1.2054
1782162000,7213.0,7213.0,7196.0,7196.0,1.9528
1782165600,7211.0,7211.0,7160.0,7163.0,1.6503
1782169200,7179.0,7194.0,7178.0,7191.0,3.9767
1782172800,7189.0,7193.0,7174.0,7193.0,3.3844
1782176400,7193.0,7210.0,7158.0,7158.0,38.8963
1782180000,7177.0,7192.0,7177.0,7190.0,2.6945
1782183600,7181.0,7185.0,7174.0,7185.0,0.73
1782187200,7187.0,7188.0,7157.0,7157.0,1.3649
1782190800,7157.0,7157.0,7124.0,7125.0,6.351
1782194400,7120.0,7120.0,7008.0,7041.0,8.0369
1782198000,7037.0,7045.0,7008.0,7008.0,7.043
1782201600,7001.0,7004.0,6836.0,6860.0,57.2787
1782205200,6871.0,6877.0,6867.0,6868.0,27.3341
1782208800,6868.0,6890.0,6868.0,6874.0,45.9966
1782212400,6885.0,6915.0,6885.0,6908.0,7.7651
1782216000,6913.0,6913.0,6890.0,6890.0,25.1576
1782219600,6890.0,6911.0,6851.0,6909.0,63.9531
1782223200,6910.0,6941.0,6901.0,6919.0,13.6096
1782226800,6906.0,6909.0,6884.0,6898.0,18.855
1782230400,6899.0,6932.0,6899.0,6901.0,8.7728
1782234000,6900.0,6900.0,6886.0,6887.0,17.9817
1782237600,6894.0,6894.0,6859.0,6859.0,42.1142
1782241200,6896.0,6900.0,6888.0,6888.0,1.0081
1782244800,6914.0,6914.0,6914.0,6914.0,0.1084
1782248400,6906.0,6917.0,6906.0,6917.0,0.7274
1782252000,6930.0,6934.0,6896.0,6903.0,0.5347
1782255600,6896.0,6912.0,6894.0,6912.0,0.4547
1782259200,6921.0,6945.0,6921.0,6932.0,2.1862
1782262800,6931.0,6950.0,6923.0,6945.0,4.713
1782266400,6931.0,6931.0,6912.0,6915.0,5.7592
1782270000,6915.0,6927.0,6897.0,6923.0,3.5466
1782273600,6922.0,6928.0,6904.0,6928.0,1.033
1782277200,6936.0,6959.0,6936.0,6950.0,1.9465
1782280800,6944.0,6955.0,6944.0,6950.0,7.6691
1782284400,6964.0,6964.0,6945.0,6946.0,5.1863
1782288000,6945.0,6949.0,6942.0,6948.0,2.3758
1782291600,6941.0,6941.0,6924.0,6924.0,1.4435
1782295200,6920.0,6922.0,6912.0,6912.0,3.317
1782298800,6911.0,7011.0,6884.0,6973.0,3.0707
1782302400,6976.0,6978.0,6948.0,6948.0,6.6559
1782306000,6944.0,6944.0,6841.0,6860.0,8.4078
1782309600,6850.0,6880.0,6832.0,6843.0,28.4716
1782313200,6848.0,6858.0,6750.0,6751.0,12.9167
1782316800,6751.0,6792.0,6612.0,6620.0,31.8456
1782320400,6620.0,6631.0,6500.0,6528.0,74.9014
1782324000,6506.0,6603.0,6506.0,6570.0,3.6907
1782327600,6558.0,6594.0,6546.0,6594.0,5.4563
1782331200,6594.0,6750.0,6594.0,6733.0,11.3782
1782334800,6733.0,6751.0,6707.0,6750.0,4.6408
1782338400,6768.0,6785.0,6741.0,6744.0,7.1512
1782342000,6744.0,6762.0,6739.0,6762.0,1.4466
1782345600,6760.0,6774.0,6748.0,6748.0,2.9675
1782349200,6750.0,6751.0,6700.0,6725.0,64.1262
1782352800,6715.0,6721.0,6705.0,6705.0,20.9149
1782356400,6705.0,6717.0,6697.0,6701.0,3.4552
1782360000,6702.0,6734.0,6700.0,6734.0,24.5873
1782363600,6742.0,6821.0,6742.0,6800.0,13.3377
1782367200,6801.0,6836.0,6801.0,6836.0,8.3481
1782370800,6839.0,6850.0,6837.0,6850.0,4.1277
1782374400,6852.0,6852.0,6832.0,6833.0,2.0979
1782378000,6833.0,6842.0,6815.0,6821.0,2.256
1782381600,6822.0,6822.0,6776.0,6776.0,2.3271
1782385200,6767.0,6767.0,6748.0,6748.0,7.2153
1782388800,6750.0,6817.0,6731.0,6778.0,3.1964
1782392400,6776.0,6779.0,6381.0,6410.0,67.5852
1782396000,6405.0,6599.0,6405.0,6535.0,53.8018
1782399600,6517.0,6517.0,6436.0,6506.0,20.5041
1782403200,6506.0,6581.0,6465.0,6476.0,16.9708
1782406800,6476.0,6528.0,6464.0,6516.0,13.5971
1782410400,6521.0,6521.0,6476.0,6497.0,1.4148
1782414000,6496.0,6496.0,6446.0,6461.0,11.5212
1782417600,6460.0,6490.0,6451.0,6452.0,0.6307
1782421200,6454.0,6533.0,6454.0,6533.0,3.1931
1782424800,6521.0,6521.0,6488.0,6497.0,15.0987
1782428400,6499.0,6525.0,6480.0,6483.0,5.2698
1782432000,6482.0,6494.0,6474.0,6474.0,6.8337
1782435600,6473.0,6473.0,6419.0,6435.0,55.5355
1782439200,6436.0,6436.0,6301.0,6310.0,58.428
1782442800,6310.0,6431.0,6269.0,6431.0,58.1062
1782446400,6413.0,6433.0,6391.0,6391.0,11.8013
1782450000,6400.0,6427.0,6394.0,6421.0,2.3094
1782453600,6421.0,6480.0,6379.0,6474.0,21.3095
1782457200,6468.0,6520.0,6468.0,6506.0,4.9976
1782460800,6504.0,6504.0,6438.0,6438.0,3.6424
1782464400,6437.0,6437.0,6385.0,6394.0,15.5494
1782468000,6385.0,6393.0,6365.0,6369.0,9.0147
1782471600,6375.0,6391.0,6352.0,6352.0,2.9219
1782475200,6360.0,6409.0,6297.0,6331.0,22.0221
1782478800,6329.0,6450.0,6281.0,6450.0,13.938
1782482400,6450.0,6472.0,6400.0,6424.0,24.2367
1782486000,6424.0,6530.0,6424.0,6499.0,11.8784
1782489600,6510.0,6551.0,6478.0,6490.0,6.5987
1782493200,6494.0,6527.0,6494.0,6505.0,1.395
1782496800,6515.0,6517.0,6477.0,6477.0,1.3395
1782500400,6480.0,6503.0,6480.0,6497.0,0.7008
1782504000,6484.0,6500.0,6457.0,6457.0,10.7803
1782507600,6462.0,6490.0,6455.0,6481.0,0.1874
1782511200,6479.0,6481.0,6479.0,6481.0,0.0235
1782514800,6491.0,6495.0,6483.0,6491.0,11.7749
1782518400,6495.0,6498.0,6470.0,6487.0,6.8592
1782522000,6485.0,6488.0,6485.0,6486.0,0.474
1782525600,6485.0,6518.0,6484.0,6515.0,7.7177
1782529200,6507.0,6510.0,6499.0,6501.0,6.8145
1782532800,6506.0,6515.0,6494.0,6494.0,3.2829
1782536400,6494.0,6497.0,6488.0,6497.0,0.5407
1782540000,6487.0,6502.0,6481.0,6502.0,0.3064
1782543600,6501.0,6515.0,6501.0,6514.0,0.3966
1782547200,6513.0,6514.0,6503.0,6503.0,0.1193
1782550800,6508.0,6510.0,6495.0,6502.0,1.2284
1782554400,6501.0,6505.0,6501.0,6505.0,0.2352
1782558000,6508.0,6509.0,6495.0,6509.0,2.4421
1782561600,6507.0,6515.0,6502.0,6515.0,0.842
1782565200,6515.0,6531.0,6514.0,6531.0,0.5693
1782568800,6528.0,6548.0,6528.0,6548.0,1.7344
1782572400,6549.0,6600.0,6549.0,6591.0,2.6652
1782576000,6592.0,6594.0,6582.0,6594.0,0.8356
1782579600,6600.0,6600.0,6539.0,6549.0,3.3626
1782583200,6546.0,6546.0,6532.0,6546.0,1.1279
1782586800,6552.0,6552.0,6478.0,6485.0,1.535
1782590400,6497.0,6497.0,6497.0,6497.0,0.0461
1782594000,6498.0,6505.0,6470.0,6470.0,7.6831
1782597600,6472.0,6488.0,6432.0,6488.0,4.3706
1782601200,6493.0,6493.0,6462.0,6470.0,0.6201
1782604800,6477.0,6484.0,6474.0,6474.0,0.6923
1782608400,6473.0,6480.0,6459.0,6477.0,0.7123
1782612000,6484.0,6490.0,6455.0,6460.0,1.1573
1782615600,6462.0,6463.0,6460.0,6460.0,3.2282
1782619200,6463.0,6467.0,6463.0,6465.0,0.6029
1782622800,6465.0,6465.0,6440.0,6446.0,1.7767
1782626400,6446.0,6446.0,6423.0,6441.0,1.4675
1782630000,6458.0,6474.0,6458.0,6474.0,0.5379
1782633600,6474.0,6502.0,6473.0,6502.0,3.1194
1782637200,6501.0,6502.0,6488.0,6488.0,0.5591
1782640800,6487.0,6487.0,6468.0,6470.0,0.5782
1782644400,6490.0,6497.0,6474.0,6497.0,1.6872
1782648000,6491.0,6501.0,6480.0,6497.0,1.3108
1782651600,6480.0,6490.0,6470.0,6488.0,0.81
1782655200,6481.0,6498.0,6481.0,6492.0,0.6356
1782658800,6492.0,6498.0,6473.0,6489.0,15.7738
1782662400,6486.0,6486.0,6445.0,6447.0,2.1938
1782666000,6444.0,6444.0,6436.0,6436.0,0.4142
1782669600,6451.0,6455.0,6451.0,6455.0,0.2091
1782673200,6450.0,6450.0,6405.0,6406.0,4.22
1782676800,6460.0,6465.0,6456.0,6456.0,0.0811
1782680400,6456.0,6456.0,6420.0,6420.0,0.2041
1782684000,6467.0,6481.0,6375.0,6385.0,12.693
1782687600,6416.0,6476.0,6416.0,6465.0,7.1881
1782691200,6450.0,6461.0,6385.0,6432.0,54.3148
1782694800,6435.0,6435.0,6387.0,6413.0,3.3266
1782698400,6408.0,6431.0,6351.0,6427.0,20.3077
1782702000,6436.0,6467.0,6432.0,6454.0,2.9941
1782705600,6450.0,6450.0,6429.0,6429.0,1.8612
1782709200,6428.0,6444.0,6383.0,6444.0,13.753
1782712800,6445.0,6464.0,6436.0,6445.0,3.8151
1782716400,6443.0,6445.0,6431.0,6445.0,2.4143
1782720000,6438.0,6439.0,6413.0,6423.0,5.8543
1782723600,6418.0,6433.0,6408.0,6416.0,38.68
1782727200,6420.0,6451.0,6420.0,6429.0,32.3532
1782730800,6425.0,6430.0,6385.0,6404.0,39.5249
1782734400,6404.0,6489.0,6393.0,6418.0,4.8633
1782738000,6419.0,6458.0,6387.0,6391.0,9.7297
1782741600,6395.0,6420.0,6346.0,6407.0,129.1576
1782745200,6397.0,6454.0,6375.0,6451.0,6.3033
1782748800,6451.0,6463.0,6430.0,6463.0,1.7174
1782752400,6467.0,6638.0,6467.0,6634.0,10.4337
1782756000,6625.0,6626.0,6594.0,6599.0,9.0441
1782759600,6594.0,6611.0,6594.0,6611.0,1.0982
1782763200,6588.0,6588.0,6588.0,6588.0,0.0155
1782766800,6586.0,6586.0,6568.0,6583.0,3.8164
1782770400,6587.0,6587.0,6562.0,6566.0,3.378
1782774000,6565.0,6565.0,6549.0,6556.0,0.5828
1782777600,6556.0,6556.0,6489.0,6489.0,4.1809
1782781200,6489.0,6489.0,6467.0,6472.0,1.9804
1782784800,6470.0,6482.0,6459.0,6482.0,14.7534
1782788400,6482.0,6490.0,6482.0,6482.0,2.0851
1782792000,6482.0,6489.0,6456.0,6483.0,17.7872
1782795600,6483.0,6489.0,6475.0,6489.0,1.281
1782799200,6489.0,6502.0,6488.0,6502.0,9.8368
1782802800,6501.0,6506.0,6495.0,6498.0,2.0139
1782806400,6502.0,6507.0,6451.0,6451.0,27.8466
1782810000,6451.0,6480.0,6444.0,6480.0,7.4901
1782813600,6480.0,6490.0,6472.0,6482.0,8.5136
1782817200,6483.0,6489.0,6460.0,6461.0,2.1855
1782820800,6457.0,6457.0,6380.0,6380.0,5.9903
1782824400,6374.0,6411.0,6374.0,6410.0,28.9977
1782828000,6417.0,6451.0,6406.0,6406.0,13.387
1782831600,6406.0,6448.0,6400.0,6419.0,8.7361
1782835200,6425.0,6455.0,6406.0,6455.0,4.5477
1782838800,6442.0,6449.0,6435.0,6441.0,0.3373
1782842400,6441.0,6471.0,6441.0,6452.0,0.928
1782846000,6478.0,6478.0,6478.0,6478.0,0.0037
1782849600,6475.0,6475.0,6460.0,6460.0,1.4775
1782853200,6464.0,6464.0,6445.0,6445.0,1.1268
1782856800,6450.0,6457.0,6433.0,6434.0,1.2593
1782860400,6431.0,6445.0,6431.0,6445.0,2.6596
1782864000,6447.0,6451.0,6430.0,6447.0,21.8317
1782867600,6445.0,6488.0,6376.0,6471.0,10.9527
1782871200,6472.0,6513.0,6458.0,6503.0,1.4731
1782874800,6503.0,6546.0,6500.0,6542.0,9.1164
1782878400,6536.0,6563.0,6524.0,6559.0,4.3465
1782882000,6557.0,6557.0,6510.0,6529.0,4.2486
1782885600,6533.0,6533.0,6452.0,6464.0,1.0791
1782889200,6462.0,6473.0,6458.0,6473.0,3.1434
1782892800,6472.0,6476.0,6450.0,6476.0,6.7518
1782896400,6487.0,6499.0,6485.0,6485.0,13.8564
1782900000,6483.0,6484.0,6457.0,6459.0,4.9274
1782903600,6461.0,6461.0,6437.0,6437.0,3.1685
1782907200,6440.0,6451.0,6433.0,6442.0,2.6896
1782910800,6452.0,6549.0,6451.0,6549.0,4.9545
1782914400,6550.0,6621.0,6543.0,6566.0,50.2437
1782918000,6579.0,6681.0,6579.0,6640.0,5.0607
1782921600,6639.0,6650.0,6617.0,6619.0,9.4616
1782925200,6618.0,6646.0,6610.0,6646.0,0.6353
1782928800,6635.0,6638.0,6628.0,6628.0,0.6408
1782932400,6643.0,6643.0,6630.0,6630.0,1.6666
1782936000,6612.0,6627.0,6612.0,6627.0,0.6447
1782939600,6628.0,6690.0,6628.0,6690.0,0.1497
1782943200,6676.0,6725.0,6637.0,6637.0,15.7186
1782946800,6628.0,6631.0,6594.0,6594.0,1.864
1782950400,6592.0,6592.0,6557.0,6565.0,17.947
1782954000,6568.0,6638.0,6567.0,6628.0,4.9842
1782957600,6625.0,6639.0,6621.0,6637.0,1.395
1782961200,6635.0,6698.0,6629.0,6698.0,16.1185
1782964800,6692.0,6692.0,6664.0,6673.0,22.1088
1782968400,6665.0,6669.0,6646.0,6649.0,0.8063
1782972000,6645.0,6655.0,6617.0,6620.0,12.5475
1782975600,6617.0,6617.0,6595.0,6595.0,10.4498
1782979200,6592.0,6619.0,6592.0,6618.0,2.4137
1782982800,6618.0,6708.0,6612.0,6708.0,2.2369
1782986400,6699.0,6719.0,6697.0,6715.0,10.2251
1782990000,6714.0,6743.0,6714.0,6718.0,9.1748
1782993600,6724.0,6790.0,6724.0,6787.0,5.6184
1782997200,6788.0,6978.0,6786.0,6973.0,40.8621
1783000800,6975.0,7015.0,6917.0,6925.0,17.8101
1783004400,6933.0,6943.0,6898.0,6930.0,4.159
1783008000,6921.0,6935.0,6890.0,6926.0,2.387
1783011600,6928.0,6941.0,6892.0,6918.0,1.2124
1783015200,6937.0,6946.0,6936.0,6946.0,1.6221
1783018800,6936.0,6936.0,6925.0,6926.0,1.8149
1783022400,6936.0,6936.0,6918.0,6933.0,0.2425
1783026000,6934.0,6945.0,6934.0,6943.0,0.645
1783029600,6921.0,6924.0,6915.0,6922.0,3.1001
1783033200,6922.0,6923.0,6908.0,6923.0,0.3836
1783036800,6923.0,6925.0,6913.0,6916.0,1.173
1783040400,6912.0,6981.0,6912.0,6974.0,26.9876
1783044000,6965.0,6966.0,6918.0,6921.0,8.7685
1783047600,6928.0,6961.0,6920.0,6946.0,3.6606
1783051200,6953.0,6953.0,6938.0,6943.0,1.764
1783054800,6935.0,6984.0,6935.0,6984.0,6.3293
1783058400,6976.0,6994.0,6975.0,6978.0,1.2971
1783062000,6978.0,6999.0,6978.0,6999.0,1.8494
1783065600,6992.0,7038.0,6987.0,7001.0,19.1281
1783069200,7008.0,7041.0,7008.0,7038.0,1.8746
1783072800,7038.0,7106.0,7038.0,7106.0,11.9557
1783076400,7091.0,7106.0,7090.0,7096.0,4.4032
1783080000,7098.0,7099.0,7060.0,7064.0,1.3935
1783083600,7064.0,7128.0,7064.0,7117.0,7.8403
1783087200,7112.0,7112.0,7051.0,7080.0,9.3136
1783090800,7079.0,7101.0,7046.0,7046.0,2.3786
1783094400,7048.0,7053.0,7045.0,7052.0,1.6392
1783098000,7053.0,7079.0,7053.0,7079.0,5.3244
1783101600,7070.0,7070.0,7070.0,7070.0,0.0143
1783105200,7069.0,7115.0,7069.0,7098.0,2.3407
1783108800,7096.0,7192.0,7096.0,7175.0,35.6899
1783112400,7178.0,7199.0,7152.0,7175.0,0.6267
1783116000,7171.0,7171.0,7149.0,7150.0,0.3619
1783119600,7148.0,7154.0,7148.0,7148.0,0.5829
1783123200,7148.0,7163.0,7148.0,7152.0,8.7327
1783126800,7149.0,7149.0,7105.0,7112.0,5.1964
1783130400,7108.0,7126.0,7108.0,7126.0,2.276
1783134000,7116.0,7138.0,7114.0,7138.0,3.1792
1783137600,7138.0,7169.0,7134.0,7162.0,3.361
1783141200,7161.0,7161.0,7148.0,7150.0,13.2405
1783144800,7160.0,7161.0,7148.0,7148.0,5.4821
1783148400,7149.0,7158.0,7141.0,7151.0,8.1633
1783152000,7157.0,7174.0,7155.0,7174.0,0.6979
1783155600,7166.0,7175.0,7151.0,7156.0,7.2255
1783159200,7160.0,7162.0,7160.0,7162.0,0.1308
1783162800,7160.0,7162.0,7156.0,7158.0,0.24
1783166400,7162.0,7177.0,7162.0,7175.0,0.5489
1783170000,7177.0,7220.0,7176.0,7181.0,13.6617
1783173600,7193.0,7213.0,7193.0,7207.0,7.6385
1783177200,7219.0,7303.0,7219.0,7291.0,26.5214
1783180800,7291.0,7292.0,7265.0,7288.0,24.1519
1783184400,7288.0,7329.0,7241.0,7316.0,4.8537
1783188000,7320.0,7500.0,7305.0,7305.0,62.6594
1783191600,7303.0,7311.0,7303.0,7304.0,0.252
1783195200,7310.0,7310.0,7281.0,7281.0,0.7375
1783198800,7281.0,7297.0,7280.0,7286.0,5.9194
1783202400,7285.0,7285.0,7285.0,7285.0,8.6305
1783206000,7285.0,7285.0,7244.0,7252.0,2.4299
1783209600,7241.0,7242.0,7226.0,7226.0,0.6499
1783213200,7222.0,7228.0,7190.0,7199.0,1.9295
1783216800,7198.0,7198.0,7168.0,7168.0,15.3355
1783220400,7174.0,7182.0,7171.0,7172.0,6.8542
1783224000,7172.0,7200.0,7171.0,7200.0,3.5156
1783227600,7200.0,7200.0,7195.0,7195.0,7.8963
1783231200,7194.0,7197.0,7194.0,7196.0,0.5145
1783234800,7195.0,7204.0,7195.0,7204.0,2.7857
1783238400,7211.0,7213.0,7205.0,7206.0,1.5913
1783242000,7204.0,7205.0,7150.0,7165.0,0.8823
1783245600,7159.0,7172.0,7159.0,7172.0,2.282
1783249200,7172.0,7189.0,7172.0,7178.0,0.9469
1783252800,7178.0,7199.0,7167.0,7193.0,4.1041
1783256400,7193.0,7194.0,7186.0,7191.0,1.2033
1783260000,7191.0,7212.0,7191.0,7212.0,1.9636
1783263600,7214.0,7242.0,7214.0,7230.0,7.3169
1783267200,7230.0,7230.0,7221.0,7221.0,2.8705
1783270800,7225.0,7255.0,7225.0,7251.0,1.1419
1783274400,7252.0,7267.0,7252.0,7267.0,0.1806
1783278000,7261.0,7266.0,7259.0,7259.0,0.5034
1783281600,7258.0,7261.0,7244.0,7244.0,0.1663
1783285200,7244.0,7300.0,7228.0,7300.0,6.4802
1783288800,7278.0,7348.0,7278.0,7285.0,8.9881
1783292400,7287.0,7343.0,7272.0,7273.0,2.9541
1783296000,7273.0,7294.0,7244.0,7294.0,11.1899
1783299600,7293.0,7316.0,7280.0,7280.0,3.405
1783303200,7280.0,7281.0,7260.0,7261.0,2.7821
1783306800,7263.0,7263.0,7232.0,7238.0,6.9787
1783310400,7238.0,7257.0,7238.0,7256.0,3.7616
1783314000,7244.0,7244.0,7206.0,7236.0,3.2163
1783317600,7233.0,7233.0,7223.0,7223.0,3.3875
1783321200,7223.0,7229.0,7212.0,7228.0,5.5574
1783324800,7231.0,7239.0,7200.0,7201.0,8.0185
1783328400,7201.0,7201.0,7174.0,7178.0,1.6687
1783332000,7189.0,7229.0,7189.0,7229.0,3.472
1783335600,7228.0,7243.0,7197.0,7197.0,1.5082
1783339200,7185.0,7185.0,7087.0,7121.0,19.4268
1783342800,7110.0,7155.0,7080.0,7144.0,15.4727
1783346400,7141.0,7187.0,7131.0,7157.0,4.0386
1783350000,7160.0,7296.0,7160.0,7296.0,2.8374
1783353600,7297.0,7368.0,7297.0,7329.0,84.8944
1783357200,7318.0,7336.0,7306.0,7306.0,9.6628
1783360800,7308.0,7325.0,7308.0,7324.0,1.649
1783364400,7331.0,7331.0,7322.0,7322.0,0.8532
1783368000,7320.0,7324.0,7301.0,7324.0,7.641
1783371600,7321.0,7450.0,7321.0,7411.0,58.7894
1783375200,7407.0,7407.0,7371.0,7377.0,1.7794
1783378800,7373.0,7373.0,7349.0,7349.0,12.5935
1783382400,7348.0,7371.0,7334.0,7369.0,13.1709
1783386000,7361.0,7361.0,7320.0,7326.0,0.2933
1783389600,7323.0,7323.0,7279.0,7283.0,3.7778
1783393200,7255.0,7255.0,7239.0,7240.0,0.1943
1783396800,7239.0,7239.0,7219.0,7220.0,1.636
1783400400,7219.0,7241.0,7199.0,7241.0,7.4771
1783404000,7239.0,7266.0,7225.0,7266.0,1.8409
1783407600,7269.0,7278.0,7247.0,7248.0,1.4859
1783411200,7239.0,7244.0,7225.0,7228.0,0.3955
1783414800,7228.0,7255.0,7228.0,7255.0,0.8369
1783418400,7258.0,7268.0,7255.0,7256.0,1.937
1783422000,7255.0,7273.0,7228.0,7268.0,2.1787
1783425600,7269.0,7319.0,7269.0,7276.0,1.8364
1783429200,7262.0,7262.0,7221.0,7221.0,1.3415
1783432800,7220.0,7300.0,7205.0,7300.0,4.5292
1783436400,7304.0,7345.0,7284.0,7337.0,6.8123
1783440000,7330.0,7392.0,7325.0,7383.0,11.9404
1783443600,7362.0,7377.0,7351.0,7377.0,1.4406
1783447200,7386.0,7390.0,7304.0,7304.0,1.2987
1783450800,7300.0,7300.0,7260.0,7271.0,18.6636
1783454400,7298.0,7298.0,7298.0,7298.0,0.6707
1783458000,7299.0,7299.0,7250.0,7250.0,2.402
1783461600,7262.0,7262.0,7254.0,7254.0,0.0433
1783465200,7261.0,7273.0,7246.0,7246.0,0.4978
1783468800,7256.0,7287.0,7254.0,7277.0,4.0819
1783472400,7279.0,7279.0,7183.0,7186.0,6.1621
1783476000,7183.0,7194.0,7145.0,7194.0,12.128
1783479600,7196.0,7209.0,7162.0,7162.0,3.4138
1783483200,7161.0,7183.0,7161.0,7172.0,1.186
1783486800,7181.0,7181.0,7161.0,7166.0,8.5109
1783490400,7163.0,7163.0,7151.0,7160.0,4.7731
1783494000,7150.0,7170.0,7150.0,7170.0,4.4285
1783497600,7169.0,7169.0,7060.0,7089.0,8.2207
1783501200,7095.0,7109.0,7078.0,7108.0,13.9003
1783504800,7108.0,7108.0,7106.0,7108.0,16.2548
1783508400,7108.0,7145.0,7102.0,7141.0,8.0325
1783512000,7136.0,7146.0,7128.0,7128.0,4.9081
1783515600,7113.0,7118.0,7085.0,7103.0,3.213
1783519200,7103.0,7114.0,7056.0,7071.0,8.0182
1783522800,7059.0,7060.0,7016.0,7038.0,1.858
1783526400,7051.0,7100.0,7046.0,7100.0,1.7047
1783530000,7091.0,7116.0,7084.0,7084.0,0.118
1783533600,7103.0,7103.0,7084.0,7084.0,0.7555
1783537200,7103.0,7103.0,7103.0,7103.0,0.0035
1783540800,7103.0,7103.0,7103.0,7103.0,0.0
1783544400,7106.0,7106.0,7096.0,7104.0,0.3984
1783548000,7105.0,7122.0,7102.0,7113.0,1.411
1783551600,7116.0,7121.0,7111.0,7115.0,2.5675
1783555200,7129.0,7129.0,7102.0,7102.0,0.7645
1783558800,7104.0,7158.0,7078.0,7078.0,3.7848
1783562400,7076.0,7103.0,7061.0,7063.0,3.8741
1783566000,7057.0,7089.0,7057.0,7074.0,7.8124
1783569600,7103.0,7103.0,7103.0,7103.0,0.0327
1783573200,7125.0,7142.0,7119.0,7142.0,1.7383
1783576800,7144.0,7164.0,7140.0,7164.0,1.2761
1783580400,7170.0,7179.0,7158.0,7173.0,0.8319
1783584000,7157.0,7171.0,7157.0,7161.0,5.4662
1783587600,7158.0,7161.0,7151.0,7151.0,2.4665
1783591200,7165.0,7168.0,7138.0,7138.0,9.1372
1783594800,7131.0,7131.0,7115.0,7120.0,0.8537
1783598400,7118.0,7118.0,7100.0,7108.0,1.5354
1783602000,7141.0,7146.0,7111.0,7146.0,22.506
1783605600,7140.0,7140.0,7103.0,7108.0,2.1653
1783609200,7128.0,7139.0,7125.0,7125.0,13.814
1783612800,7123.0,7123.0,7101.0,7110.0,1.1346
1783616400,7137.0,7161.0,7134.0,7158.0,1.4241
1783620000,7165.0,7188.0,7165.0,7168.0,7.8417
1783623600,7168.0,7168.0,7150.0,7155.0,2.9027
1783627200,7154.0,7154.0,7145.0,7145.0,0.0454
1783630800,7153.0,7153.0,7143.0,7150.0,7.4856
1783634400,7152.0,7152.0,7147.0,7147.0,0.0497
1783638000,7147.0,7148.0,7132.0,7148.0,1.7853
1783641600,7137.0,7137.0,7110.0,7118.0,2.3608
1783645200,7126.0,7244.0,7126.0,7244.0,10.1583
1783648800,7211.0,7218.0,7196.0,7217.0,1.0253
1783652400,7220.0,7229.0,7207.0,7229.0,1.3243
1783656000,7231.0,7239.0,7224.0,7228.0,0.646
1783659600,7225.0,7242.0,7222.0,7232.0,11.5344
1783663200,7232.0,7242.0,7231.0,7231.0,6.3245
1783666800,7232.0,7232.0,7231.0,7231.0,2.5161
1783670400,7232.0,7277.0,7231.0,7262.0,3.4049
1783674000,7262.0,7299.0,7256.0,7297.0,0.7104
1783677600,7298.0,7325.0,7295.0,7324.0,4.7153
1783681200,7326.0,7326.0,7312.0,7326.0,5.0809
1783684800,7324.0,7337.0,7307.0,7309.0,11.8429
1783688400,7313.0,7360.0,7313.0,7360.0,4.3233
1783692000,7345.0,7345.0,7255.0,7282.0,11.1778
1783695600,7281.0,7315.0,7281.0,7289.0,24.1916
1783699200,7295.0,7320.0,7295.0,7320.0,5.3963
1783702800,7308.0,7308.0,7304.0,7304.0,0.0733
1783706400,7295.0,7295.0,7275.0,7276.0,2.2031
1783710000,7276.0,7299.0,7276.0,7299.0,0.1446
1783713600,7298.0,7298.0,7298.0,7298.0,0.0176
1783717200,7286.0,7298.0,7286.0,7298.0,0.2338
1783720800,7298.0,7298.0,7298.0,7298.0,0.5906
1783724400,7297.0,7314.0,7297.0,7314.0,5.352
1783728000,7314.0,7314.0,7294.0,7299.0,0.2656
1783731600,7300.0,7313.0,7295.0,7301.0,9.4886
1783735200,7294.0,7308.0,7291.0,7308.0,1.7139
1783738800,7315.0,7319.0,7310.0,7319.0,0.2109
1783742400,7317.0,7326.0,7316.0,7323.0,0.2631
1783746000,7320.0,7328.0,7320.0,7327.0,0.4095
1783749600,7323.0,7333.0,7322.0,7330.0,1.4599
1783753200,7330.0,7336.0,7330.0,7335.0,3.1003
1783756800,7335.0,7341.0,7335.0,7340.0,0.4609
1783760400,7332.0,7333.0,7332.0,7333.0,5.3309
1783764000,7331.0,7334.0,7330.0,7334.0,2.0082
1783767600,7334.0,7342.0,7333.0,7340.0,1.0499
1783771200,7342.0,7343.0,7336.0,7342.0,1.4554
1783774800,7338.0,7350.0,7337.0,7350.0,5.609
1783778400,7349.0,7390.0,7349.0,7388.0,2.1029
1783782000,7389.0,7437.0,7387.0,7397.0,11.8686
1783785600,7397.0,7419.0,7391.0,7419.0,17.2856
1783789200,7420.0,7440.0,7417.0,7440.0,1.3537
1783792800,7435.0,7441.0,7432.0,7432.0,2.3678
1783796400,7428.0,7432.0,7418.0,7418.0,0.0533
1783800000,7429.0,7441.0,7429.0,7436.0,0.0865
1783803600,7435.0,7437.0,7433.0,7433.0,0.4816
1783807200,7433.0,7433.0,7386.0,7391.0,1.0325
1783810800,7388.0,7388.0,7285.0,7306.0,6.5304
1783814400,7294.0,7294.0,7267.0,7290.0,9.5654
1783818000,7290.0,7359.0,7290.0,7359.0,9.8425
1783821600,7355.0,7355.0,7346.0,7350.0,4.835
1783825200,7349.0,7368.0,7349.0,7365.0,0.6958
1783828800,7368.0,7370.0,7352.0,7352.0,1.4427
1783832400,7352.0,7353.0,7347.0,7349.0,1.3559
1783836000,7348.0,7348.0,7307.0,7313.0,3.4383
1783839600,7318.0,7323.0,7318.0,7323.0,0.3554
1783843200,7326.0,7361.0,7326.0,7351.0,0.3196
1783846800,7351.0,7351.0,7334.0,7347.0,0.9552
1783850400,7346.0,7346.0,7338.0,7338.0,0.7333
1783854000,7338.0,7353.0,7333.0,7353.0,0.4613
1783857600,7351.0,7363.0,7351.0,7363.0,0.3813
1783861200,7363.0,7367.0,7359.0,7363.0,0.8865
1783864800,7359.0,7413.0,7356.0,7413.0,3.109
1783868400,7407.0,7424.0,7406.0,7418.0,1.6568
1783872000,7419.0,7422.0,7412.0,7416.0,1.5237
1783875600,7420.0,7420.0,7411.0,7411.0,0.2177
1783879200,7406.0,7417.0,7400.0,7417.0,12.4513
1783882800,7417.0,7417.0,7417.0,7417.0,0.0
1783886400,7411.0,7411.0,7411.0,7411.0,0.5392
1783890000,7415.0,7417.0,7389.0,7389.0,1.3623
1783893600,7378.0,7378.0,7340.0,7349.0,1.3527
1783897200,7348.0,7365.0,7348.0,7364.0,0.3343
1783900800,7362.0,7500.0,7362.0,7442.0,15.5728
1783904400,7448.0,7448.0,7378.0,7378.0,7.3094
1783908000,7373.0,7397.0,7353.0,7377.0,1.0002
1783911600,7369.0,7369.0,7265.0,7273.0,3.1305
1783915200,7268.0,7288.0,7260.0,7275.0,3.0272
1783918800,7274.0,7296.0,7251.0,7275.0,22.6371
1783922400,7277.0,7279.0,7255.0,7267.0,12.0258
1783926000,7263.0,7306.0,7260.0,7306.0,3.8032
1783929600,7292.0,7317.0,7292.0,7317.0,0.4074
1783933200,7307.0,7307.0,7305.0,7305.0,1.6795
1783936800,7300.0,7300.0,7273.0,7273.0,5.5211
1783940400,7276.0,7287.0,7276.0,7287.0,0.1386
1783944000,7284.0,7284.0,7240.0,7241.0,6.523
1783947600,7243.0,7256.0,7225.0,7240.0,2.4971
1783951200,7247.0,7266.0,7217.0,7266.0,5.3839
1783954800,7279.0,7286.0,7262.0,7263.0,24.5068
1783958400,7263.0,7271.0,7230.0,7244.0,1.2093
1783962000,7243.0,7255.0,7196.0,7196.0,5.6236
1783965600,7177.0,7216.0,7167.0,7216.0,10.0842
1783969200,7217.0,7239.0,7217.0,7239.0,0.715
1783972800,7250.0,7250.0,7215.0,7215.0,0.1108
1783976400,7220.0,7220.0,7174.0,7185.0,1.1668
1783980000,7201.0,7220.0,7201.0,7202.0,1.8385
1783983600,7212.0,7250.0,7212.0,7250.0,1.7645
1783987200,7252.0,7286.0,7249.0,7286.0,7.8821
1783990800,7293.0,7314.0,7290.0,7294.0,2.5566
1783994400,7291.0,7305.0,7266.0,7285.0,0.4757
1783998000,7273.0,7283.0,7262.0,7277.0,2.2001
1784001600,7285.0,7304.0,7285.0,7298.0,1.2299
1784005200,7295.0,7322.0,7295.0,7304.0,4.8815
1784008800,7304.0,7304.0,7290.0,7290.0,2.5497
1784012400,7290.0,7292.0,7281.0,7287.0,10.2162
1784016000,7284.0,7308.0,7280.0,7298.0,5.3505
1784019600,7298.0,7305.0,7297.0,7298.0,0.2179
1784023200,7297.0,7361.0,7297.0,7361.0,0.6947
1784026800,7347.0,7353.0,7347.0,7351.0,0.1672
1784030400,7345.0,7595.0,7340.0,7595.0,75.9334
1784034000,7595.0,7678.0,7580.0,7642.0,39.102
1784037600,7642.0,7662.0,7600.0,7662.0,26.2713
1784041200,7675.0,7683.0,7652.0,7652.0,16.4434
1784044800,7651.0,7653.0,7631.0,7643.0,2.977
1784048400,7632.0,7632.0,7606.0,7619.0,3.8505
1784052000,7620.0,7642.0,7620.0,7642.0,1.2464
1784055600,7644.0,7650.0,7644.0,7649.0,1.2922
1784059200,7649.0,7650.0,7647.0,7647.0,0.2607
1784062800,7646.0,7650.0,7645.0,7645.0,0.138
1784066400,7645.0,7700.0,7644.0,7694.0,22.2693
1784070000,7680.0,7696.0,7667.0,7695.0,10.5653
1784073600,7696.0,7696.0,7651.0,7658.0,2.7399
1784077200,7658.0,7658.0,7612.0,7614.0,10.8043
1784080800,7614.0,7614.0,7600.0,7600.0,6.6433
1784084400,7600.0,7630.0,7600.0,7630.0,0.8923
1784088000,7631.0,7638.0,7631.0,7638.0,0.8597
1784091600,7636.0,7637.0,7617.0,7637.0,1.1443
1784095200,7651.0,7680.0,7640.0,7640.0,2.0954
1784098800,7639.0,7639.0,7593.0,7611.0,20.1826
1784102400,7611.0,7643.0,7611.0,7643.0,6.6367
1784106000,7646.0,7668.0,7646.0,7665.0,5.4695
1784109600,7660.0,7676.0,7646.0,7659.0,2.5481
1784113200,7658.0,7679.0,7658.0,7679.0,0.7531
1784116800,7679.0,7847.0,7674.0,7847.0,34.7663
1784120400,7847.0,7913.0,7819.0,7819.0,27.2144
1784124000,7847.0,7869.0,7833.0,7864.0,13.8734
1784127600,7864.0,7880.0,7854.0,7872.0,44.0316
1784131200,7872.0,7872.0,7776.0,7805.0,24.6239
1784134800,7826.0,7860.0,7826.0,7849.0,1.3225
1784138400,7856.0,7882.0,7851.0,7853.0,2.2091
1784142000,7843.0,7843.0,7835.0,7839.0,0.4446
1784145600,7836.0,7855.0,7835.0,7842.0,0.6255
1784149200,7837.0,7837.0,7833.0,7833.0,0.0521
1784152800,7830.0,7841.0,7826.0,7831.0,1.1044
1784156400,7836.0,7837.0,7806.0,7814.0,2.0133
1784160000,7813.0,7828.0,7793.0,7800.0,1.9064
1784163600,7800.0,7837.0,7781.0,7837.0,9.4268
1784167200,7829.0,7837.0,7828.0,7837.0,2.4778
1784170800,7842.0,7860.0,7833.0,7834.0,19.8288
1784174400,7833.0,7833.0,7820.0,7822.0,1.7438
1784178000,7820.0,7838.0,7817.0,7838.0,3.0805
1784181600,7838.0,7838.0,7811.0,7830.0,22.7371
1784185200,7831.0,7831.0,7773.0,7779.0,6.9623
1784188800,7788.0,7788.0,7661.0,7684.0,21.8548
1784192400,7689.0,7699.0,7684.0,7685.0,1.881
1784196000,7686.0,7700.0,7686.0,7699.0,1.0618
1784199600,7700.0,7700.0,7693.0,7695.0,17.3842
1784203200,7691.0,7691.0,7645.0,7651.0,4.8028
1784206800,7654.0,7700.0,7654.0,7690.0,14.2742
1784210400,7689.0,7716.0,7670.0,7670.0,5.9607
1784214000,7666.0,7718.0,7653.0,7685.0,8.8168
1784217600,7673.0,7683.0,7667.0,7679.0,2.5685
1784221200,7669.0,7669.0,7632.0,7639.0,1.549
1784224800,7665.0,7665.0,7665.0,7665.0,0.113
1784228400,7659.0,7659.0,7659.0,7659.0,0.0569
1784232000,7659.0,7659.0,7659.0,7659.0,0.0
1784235600,7654.0,7671.0,7654.0,7671.0,1.2319
1784239200,7677.0,7677.0,7641.0,7641.0,4.7234
1784242800,7635.0,7635.0,7605.0,7623.0,5.9864
1784246400,7619.0,7620.0,7568.0,7620.0,3.8009
1784250000,7641.0,7643.0,7568.0,7573.0,8.7687
1784253600,7575.0,7582.0,7553.0,7554.0,4.6381
1784257200,7562.0,7600.0,7562.0,7588.0,11.3776
1784260800,7586.0,7587.0,7543.0,7574.0,22.5537
1784264400,7573.0,7574.0,7472.0,7472.0,21.9626
1784268000,7472.0,7504.0,7471.0,7498.0,3.1615
1784271600,7498.0,7499.0,7488.0,7490.0,5.259
1784275200,7489.0,7495.0,7477.0,7494.0,3.6885
1784278800,7498.0,7519.0,7495.0,7519.0,4.4696
1784282400,7525.0,7537.0,7521.0,7535.0,1.157
1784286000,7528.0,7550.0,7528.0,7547.0,6.1305
1784289600,7530.0,7530.0,7515.0,7515.0,0.2241
1784293200,7510.0,7510.0,7424.0,7497.0,8.6144
1784296800,7498.0,7527.0,7483.0,7495.0,6.0685
1784300400,7491.0,7524.0,7450.0,7524.0,11.3351
1784304000,7516.0,7557.0,7516.0,7557.0,1.0608
1784307600,7552.0,7617.0,7552.0,7576.0,38.5348
1784311200,7560.0,7575.0,7552.0,7575.0,0.6759
1784314800,7542.0,7556.0,7542.0,7556.0,0.5211
1784318400,7550.0,7550.0,7550.0,7550.0,0.0154
1784322000,7554.0,7559.0,7549.0,7549.0,0.0858
1784325600,7548.0,7548.0,7538.0,7538.0,0.6387
1784329200,7538.0,7546.0,7531.0,7546.0,0.6897
1784332800,7546.0,7550.0,7546.0,7549.0,0.2262
1784336400,7548.0,7551.0,7547.0,7550.0,1.0331
1784340000,7549.0,7553.0,7549.0,7551.0,15.3464
1784343600,7550.0,7551.0,7550.0,7551.0,0.2237
1784347200,7552.0,7585.0,7552.0,7577.0,29.5516
1784350800,7578.0,7604.0,7578.0,7601.0,19.6264
1784354400,7600.0,7600.0,7586.0,7590.0,1.006
1784358000,7592.0,7592.0,7589.0,7589.0,0.7993
1784361600,7589.0,7602.0,7589.0,7602.0,1.8838
1784365200,7602.0,7602.0,7591.0,7597.0,2.5614
1784368800,7597.0,7597.0,7597.0,7597.0,1.2539
1784372400,7597.0,7597.0,7596.0,7597.0,3.5061
1784376000,7603.0,7603.0,7587.0,7599.0,1.1103
1784379600,7596.0,7596.0,7581.0,7582.0,1.2965
1784383200,7581.0,7622.0,7581.0,7606.0,56.5104
1784386800,7607.0,7607.0,7598.0,7598.0,0.8817
1784390400,7595.0,7595.0,7590.0,7590.0,2.8951
1784394000,7596.0,7613.0,7596.0,7613.0,0.058
1784397600,7620.0,7665.0,7620.0,7646.0,7.361
1784401200,7655.0,7660.0,7649.0,7649.0,0.7754
1784404800,7653.0,7653.0,7648.0,7648.0,3.4292
1784408400,7646.0,7658.0,7645.0,7658.0,2.0831
1784412000,7672.0,7672.0,7670.0,7671.0,0.5167
1784415600,7673.0,7676.0,7665.0,7666.0,0.5971
1784419200,7670.0,7671.0,7666.0,7667.0,2.0437
1784422800,7667.0,7667.0,7655.0,7657.0,0.2008
1784426400,7665.0,7707.0,7665.0,7707.0,3.6745
1784430000,7700.0,7700.0,7668.0,7682.0,1.2106
1784433600,7683.0,7691.0,7679.0,7686.0,3.2077
1784437200,7690.0,7692.0,7683.0,7692.0,0.6359
1784440800,7691.0,7694.0,7691.0,7691.0,4.1743
1784444400,7692.0,7698.0,7690.0,7695.0,2.728
1784448000,7695.0,7716.0,7690.0,7716.0,2.5465
1784451600,7712.0,7712.0,7682.0,7682.0,4.6734
1784455200,7681.0,7714.0,7681.0,7707.0,17.8593
1784458800,7711.0,7720.0,7710.0,7711.0,1.7966
1784462400,7710.0,7710.0,7680.0,7700.0,2.1109
1784466000,7688.0,7698.0,7683.0,7698.0,1.8571
1784469600,7699.0,7707.0,7689.0,7707.0,2.1894
1784473200,7707.0,7707.0,7683.0,7695.0,0.2681
1784476800,7687.0,7687.0,7667.0,7667.0,0.6501
1784480400,7667.0,7679.0,7639.0,7668.0,1.606
1784484000,7667.0,7667.0,7620.0,7630.0,0.3947
1784487600,7631.0,7631.0,7631.0,7631.0,0.0137
1784491200,7642.0,7643.0,7639.0,7643.0,1.0223
1784494800,7648.0,7652.0,7623.0,7629.0,4.3442
1784498400,7630.0,7682.0,7630.0,7673.0,11.7363
1784502000,7672.0,7682.0,7662.0,7681.0,7.4711
1784505600,7678.0,7749.0,7650.0,7650.0,2.7392
1784509200,7682.0,7722.0,7667.0,7667.0,5.3012
1784512800,7671.0,7710.0,7671.0,7710.0,0.8608
1784516400,7710.0,7710.0,7680.0,7702.0,1.2378
1784520000,7708.0,7708.0,7681.0,7681.0,1.2147
1784523600,7678.0,7678.0,7617.0,7619.0,1.9427
1784527200,7619.0,7622.0,7577.0,7594.0,11.8579
1784530800,7601.0,7633.0,7598.0,7633.0,3.7058
1784534400,7636.0,7646.0,7609.0,7609.0,0.78
1784538000,7619.0,7639.0,7619.0,7639.0,0.183
1784541600,7649.0,7664.0,7645.0,7663.0,0.6923
1784545200,7678.0,7763.0,7678.0,7763.0,5.0056
1784548800,7766.0,7766.0,7693.0,7693.0,2.2855
1784552400,7685.0,7685.0,7672.0,7672.0,0.2405
1784556000,7640.0,7663.0,7606.0,7650.0,6.6793
1784559600,7682.0,7792.0,7682.0,7790.0,11.38
1784563200,7785.0,7798.0,7762.0,7783.0,1.2427
1784566800,7780.0,7780.0,7772.0,7772.0,3.6691
1784570400,7797.0,7836.0,7778.0,7778.0,8.4715
1784574000,7770.0,7770.0,7761.0,7761.0,0.0338
1784577600,7777.0,7799.0,7777.0,7795.0,0.6905
1784581200,7794.0,7799.0,7794.0,7799.0,0.0321
1784584800,7782.0,7782.0,7765.0,7765.0,6.496
1784588400,7765.0,7791.0,7765.0,7785.0,0.9571
1784592000,7786.0,7826.0,7784.0,7826.0,10.6125
1784595600,7829.0,7833.0,7809.0,7812.0,2.1603
1784599200,7811.0,7840.0,7808.0,7840.0,24.2615
1784602800,7844.0,7877.0,7844.0,7874.0,5.2123
1784606400,7878.0,7878.0,7861.0,7865.0,3.7465
1784610000,7861.0,7886.0,7857.0,7878.0,1.4935
1784613600,7887.0,7913.0,7887.0,7912.0,7.3862
1784617200,7912.0,7920.0,7912.0,7919.0,4.5268
1784620800,7918.0,7968.0,7913.0,7939.0,17.6724
1784624400,7936.0,7940.0,7935.0,7935.0,17.8684
1784628000,7940.0,7949.0,7910.0,7910.0,5.6254
1784631600,7910.0,7911.0,7881.0,7902.0,6.3052
1784635200,7906.0,7927.0,7899.0,7926.0,2.7648
1784638800,7921.0,7923.0,7882.0,7913.0,2.4913
1784642400,7914.0,7915.0,7880.0,7884.0,3.1152
1784646000,7878.0,7878.0,7860.0,7878.0,8.1221
1784649600,7883.0,7883.0,7859.0,7862.0,3.6398
1784653200,7859.0,7864.0,7838.0,7839.0,0.9289
1784656800,7838.0,7847.0,7837.0,7839.0,2.5609
1784660400,7844.0,7852.0,7842.0,7852.0,0.0319
1784664000,7848.0,7859.0,7844.0,7859.0,0.1987
1784667600,7857.0,7860.0,7857.0,7860.0,0.0073
1784671200,7846.0,7846.0,7839.0,7839.0,0.024
1784674800,7838.0,7867.0,7831.0,7867.0,4.2341
1784678400,7874.0,7918.0,7874.0,7907.0,2.6508
1784682000,7910.0,7911.0,7878.0,7896.0,13.3731
1784685600,7894.0,7895.0,7879.0,7879.0,7.6568
1784689200,7885.0,7900.0,7878.0,7899.0,8.4548
1784692800,7896.0,7910.0,7895.0,7910.0,0.4033
1784696400,7907.0,7907.0,7858.0,7858.0,1.5825
1784700000,7857.0,7857.0,7833.0,7848.0,3.2436
1784703600,7847.0,7848.0,7830.0,7830.0,2.0754
1784707200,7839.0,7859.0,7839.0,7856.0,4.122
1784710800,7859.0,7869.0,7856.0,7857.0,6.251
1784714400,7870.0,7897.0,7870.0,7890.0,8.0132
1784718000,7888.0,7889.0,7869.0,7874.0,5.0137
1784721600,7864.0,7870.0,7839.0,7839.0,1.8035
1784725200,7845.0,7930.0,7845.0,7930.0,7.2502
1784728800,7925.0,7969.0,7885.0,7895.0,18.3737
1784732400,7897.0,7963.0,7897.0,7941.0,0.5589
1784736000,7938.0,7981.0,7938.0,7966.0,2.0942
1784739600,7969.0,7969.0,7925.0,7935.0,0.3413
1784743200,7926.0,7926.0,7878.0,7896.0,2.6076
1784746800,7889.0,7889.0,7879.0,7885.0,0.9926
1784750400,7882.0,7882.0,7878.0,7878.0,0.1178
1784754000,7877.0,7901.0,7877.0,7900.0,0.0645
1784757600,7914.0,7917.0,7891.0,7917.0,0.4087
1784761200,7917.0,7917.0,7872.0,7903.0,1.8826
1784764800,7903.0,7917.0,7903.0,7911.0,1.633
1784768400,7905.0,7905.0,7883.0,7883.0,1.9819
1784772000,7882.0,7882.0,7868.0,7871.0,0.2714
1784775600,7868.0,7868.0,7851.0,7851.0,3.3607
1784779200,7852.0,7862.0,7852.0,7853.0,0.4665
1784782800,7852.0,7871.0,7852.0,7859.0,2.0384
1784786400,7859.0,7869.0,7859.0,7869.0,1.3594
1784790000,7868.0,7868.0,7833.0,7839.0,19.8071
1784793600,7844.0,7870.0,7844.0,7870.0,13.6623
1784797200,7871.0,7888.0,7871.0,7887.0,1.4235
1784800800,7882.0,7888.0,7879.0,7888.0,0.4743
1784804400,7882.0,7887.0,7880.0,7883.0,0.3522
1784808000,7888.0,7888.0,7766.0,7799.0,7.2344
1784811600,7805.0,7805.0,7776.0,7802.0,3.8741
1784815200,7780.0,7800.0,7756.0,7760.0,6.9089
1784818800,7757.0,7759.0,7714.0,7744.0,1.7252
1784822400,7740.0,7740.0,7732.0,7732.0,1.6328
1784826000,7733.0,7737.0,7704.0,7704.0,3.699
1784829600,7701.0,7701.0,7701.0,7701.0,0.1985
1784833200,7700.0,7700.0,7671.0,7671.0,1.9461
1784836800,7699.0,7732.0,7699.0,7732.0,1.9671
1784840400,7727.0,7727.0,7708.0,7708.0,0.0425
1784844000,7707.0,7713.0,7700.0,7711.0,2.314
1784847600,7717.0,7718.0,7702.0,7702.0,4.2991
1784851200,7702.0,7702.0,7650.0,7665.0,3.5385
1784854800,7673.0,7699.0,7673.0,7697.0,3.5468
1784858400,7694.0,7700.0,7668.0,7668.0,8.1142
1784862000,7677.0,7710.0,7677.0,7710.0,3.7411
1784865600,7710.0,7715.0,7701.0,7701.0,3.3991
1784869200,7701.0,7726.0,7701.0,7726.0,2.6229
1784872800,7731.0,7747.0,7731.0,7747.0,4.0198
1784876400,7763.0,7809.0,7763.0,7765.0,5.7308
1784880000,7770.0,7775.0,7757.0,7765.0,1.8555
1784883600,7756.0,7756.0,7729.0,7732.0,0.8819
1784887200,7752.0,7752.0,7735.0,7735.0,4.6584
1784890800,7735.0,7735.0,7709.0,7709.0,2.1416
1784894400,7736.0,7736.0,7700.0,7700.0,3.6311
1784898000,7700.0,7700.0,7606.0,7606.0,6.2972
1784901600,7630.0,7638.0,7602.0,7633.0,8.4402
1784905200,7639.0,7678.0,7621.0,7667.0,4.1858
1784908800,7654.0,7654.0,7582.0,7621.0,21.8517
1784912400,7641.0,7666.0,7641.0,7666.0,2.0154
1784916000,7666.0,7666.0,7666.0,7666.0,0.0
1784919600,7652.0,7652.0,7652.0,7652.0,0.0106
1784923200,7652.0,7652.0,7652.0,7652.0,0.0
1784926800,7643.0,7643.0,7643.0,7643.0,0.013
1784930400,7643.0,7644.0,7643.0,7644.0,0.9569
1784934000,7646.0,7652.0,7646.0,7652.0,3.0916
1784937600,7657.0,7661.0,7645.0,7645.0,7.0661
1784941200,7653.0,7653.0,7648.0,7649.0,0.2727
1784944800,7648.0,7649.0,7648.0,7649.0,0.5316
1784948400,7648.0,7648.0,7640.0,7640.0,1.5397
1784952000,7645.0,7646.0,7645.0,7646.0,0.533
1784955600,7647.0,7647.0,7644.0,7644.0,1.0779
1784959200,7643.0,7644.0,7632.0,7632.0,6.3781
1784962800,7637.0,7637.0,7636.0,7636.0,3.6945
1784966400,7635.0,7635.0,7622.0,7622.0,3.3666
1784970000,7617.0,7634.0,7617.0,7634.0,0.631
1784973600,7634.0,7634.0,7634.0,7634.0,0.0879
1784977200,7634.0,7640.0,7634.0,7640.0,0.5497
1784980800,7639.0,7640.0,7639.0,7640.0,0.2569
1784984400,7639.0,7686.0,7639.0,7677.0,7.6159
1784988000,7677.0,7686.0,7677.0,7686.0,5.4695
1784991600,7685.0,7688.0,7685.0,7685.0,0.7142
1784995200,7684.0,7685.0,7675.0,7682.0,1.5807
1784998800,7682.0,7695.0,7682.0,7695.0,0.0732
1785002400,7706.0,7706.0,7706.0,7706.0,0.0041
1785006000,7710.0,7710.0,7710.0,7710.0,1.1927
1785009600,7710.0,7710.0,7706.0,7706.0,0.091
1785013200,7694.0,7698.0,7690.0,7698.0,0.1379
1785016800,7702.0,7708.0,7702.0,7708.0,0.2662
1785020400,7710.0,7710.0,7710.0,7710.0,0.6943
1785024000,7721.0,7727.0,7721.0,7722.0,0.4213
1785027600,7735.0,7735.0,7728.0,7729.0,5.7806
1785031200,7728.0,7728.0,7722.0,7725.0,0.9854
1785034800,7726.0,7741.0,7726.0,7738.0,0.6193
1785038400,7737.0,7753.0,7737.0,7753.0,1.4211
1785042000,7753.0,7758.0,7750.0,7750.0,3.4295
1785045600,7751.0,7751.0,7735.0,7742.0,1.866
1785049200,7742.0,7752.0,7739.0,7739.0,1.1435
1785052800,7738.0,7740.0,7735.0,7740.0,0.3495
1785056400,7738.0,7748.0,7738.0,7748.0,0.4512
1785060000,7749.0,7752.0,7746.0,7752.0,0.5115
1785063600,7752.0,7759.0,7752.0,7758.0,15.4148
1785067200,7758.0,7769.0,7758.0,7760.0,1.3144
1785070800,7760.0,7760.0,7745.0,7758.0,4.3505
1785074400,7758.0,7800.0,7758.0,7800.0,1.9432
1785078000,7800.0,7868.0,7800.0,7863.0,5.8779
1785081600,7860.0,7901.0,7851.0,7882.0,4.5023
1785085200,7882.0,7882.0,7852.0,7860.0,6.5243
1785088800,7860.0,7860.0,7859.0,7860.0,10.1093
1785092400,7868.0,7871.0,7864.0,7871.0,1.8254
1785096000,7865.0,7865.0,7864.0,7864.0,0.1657
1785099600,7869.0,7915.0,7869.0,7910.0,6.5863
1785103200,7915.0,7996.0,7915.0,7992.0,11.3462
1785106800,7994.0,8040.0,7994.0,8005.0,20.4207
1785110400,8005.0,8005.0,7930.0,7930.0,13.5571
1785114000,7930.0,7947.0,7920.0,7942.0,7.9541
1785117600,7946.0,7955.0,7936.0,7936.0,5.2707
1785121200,7936.0,7950.0,7935.0,7950.0,25.2955
1785124800,7954.0,7988.0,7954.0,7979.0,12.2489
1785128400,7979.0,8026.0,7979.0,8026.0,4.5235
1785132000,8022.0,8061.0,8022.0,8036.0,5.0635
1785135600,8035.0,8036.0,8020.0,8034.0,9.1512
1785139200,8029.0,8036.0,8026.0,8036.0,4.5386
1785142800,8030.0,8030.0,8003.0,8024.0,4.8171
1785146400,8021.0,8040.0,8020.0,8033.0,4.1786
1785150000,8032.0,8032.0,8006.0,8009.0,2.6714
1785153600,8009.0,8014.0,7954.0,7987.0,12.4433
1785157200,7987.0,8065.0,7985.0,8011.0,12.2366
1785160800,8016.0,8022.0,7867.0,7905.0,11.4302
1785164400,7910.0,7921.0,7901.0,7902.0,3.8445
1785168000,7907.0,7957.0,7907.0,7957.0,8.1007
1785171600,7942.0,7963.0,7942.0,7963.0,0.4413
1785175200,7958.0,7958.0,7922.0,7939.0,0.848
1785178800,7941.0,7996.0,7941.0,7996.0,3.4581
1785182400,7985.0,7985.0,7975.0,7975.0,0.1477
1785186000,7980.0,7980.0,7970.0,7970.0,0.1912
1785189600,7968.0,7968.0,7773.0,7773.0,13.9713
1785193200,7774.0,7779.0,7743.0,7761.0,22.4904
1785196800,7761.0,7761.0,7711.0,7714.0,6.6214
1785200400,7713.0,7713.0,7680.0,7700.0,14.0458
1785204000,7699.0,7708.0,7698.0,7702.0,9.7377
1785207600,7702.0,7718.0,7702.0,7717.0,0.9378
1785211200,7717.0,7718.0,7712.0,7717.0,7.2613
1785214800,7716.0,7747.0,7716.0,7738.0,14.5483
1785218400,7738.0,7741.0,7722.0,7741.0,6.3261
1785222000,7739.0,7740.0,7733.0,7733.0,0.2302
1785225600,7725.0,7734.0,7723.0,7734.0,0.4002
1785229200,7729.0,7731.0,7709.0,7709.0,7.4687
1785232800,7709.0,7718.0,7708.0,7715.0,1.1987
1785236400,7716.0,7716.0,7700.0,7705.0,7.149
1785240000,7706.0,7758.0,7706.0,7758.0,3.5096
1785243600,7764.0,7772.0,7650.0,7697.0,15.6337
1785247200,7704.0,7770.0,7689.0,7762.0,7.337
1785250800,7757.0,7880.0,7748.0,7855.0,87.2974
1785254400,7861.0,7877.0,7860.0,7877.0,3.0192
1785258000,7869.0,7869.0,7777.0,7791.0,4.0168
1785261600,7792.0,7826.0,7792.0,7826.0,0.3633
1785265200,7822.0,7851.0,7822.0,7851.0,0.2677
1785268800,7851.0,7857.0,7851.0,7857.0,1.1416
1785272400,7853.0,7872.0,7852.0,7872.0,0.4635
1785276000,7872.0,7872.0,7830.0,7830.0,1.7815
1785279600,7826.0,7856.0,7808.0,7856.0,0.266
1785283200,7859.0,7869.0,7810.0,7810.0,17.8973
1785286800,7846.0,7846.0,7807.0,7807.0,0.8651
1785290400,7802.0,7834.0,7792.0,7817.0,2.7473
1785294000,7819.0,7819.0,7750.0,7750.0,1.4182
1785297600,7749.0,7774.0,7728.0,7774.0,2.1176
1785301200,7775.0,7811.0,7775.0,7811.0,1.9673
1785304800,7802.0,7845.0,7800.0,7845.0,5.5636
1785308400,7840.0,7851.0,7829.0,7851.0,2.052
1785312000,7854.0,7854.0,7830.0,7837.0,0.5154
1785315600,7836.0,7863.0,7836.0,7862.0,12.8652
1785319200,7859.0,7860.0,7840.0,7840.0,0.5888
1785322800,7843.0,7843.0,7835.0,7840.0,3.2409
1785326400,7838.0,7838.0,7813.0,7818.0,1.9912
1785330000,7806.0,7843.0,7796.0,7796.0,9.0546
1785333600,7816.0,7830.0,7768.0,7783.0,3.6298
1785337200,7784.0,7784.0,7755.0,7755.0,2.1286
1785340800,7760.0,7770.0,7751.0,7758.0,13.1821
1785344400,7762.0,7818.0,7762.0,7818.0,18.6708
1785348000,7837.0,7882.0,7770.0,7882.0,41.2076
1785351600,7852.0,7852.0,7719.0,7738.0,4.5743
1785355200,7737.0,7737.0,7710.0,7724.0,1.3904
1785358800,7717.0,7753.0,7700.0,7753.0,2.1009
1785362400,7763.0,7803.0,7763.0,7803.0,0.9244
1785366000,7803.0,7823.0,7799.0,7823.0,1.631
1785369600,7823.0,7823.0,7768.0,7768.0,4.4775
1785373200,7770.0,7851.0,7770.0,7851.0,4.2756
1785376800,7848.0,7848.0,7827.0,7832.0,1.0732
1785380400,7832.0,7832.0,7788.0,7822.0,12.0286
1785384000,7817.0,7817.0,7783.0,7783.0,2.7717
1785387600,7786.0,7801.0,7780.0,7795.0,0.2308
1785391200,7794.0,7794.0,7777.0,7778.0,8.749
1785394800,7785.0,7794.0,7782.0,7788.0,2.085
1785398400,7786.0,7826.0,7785.0,7822.0,2.4679
1785402000,7823.0,7849.0,7823.0,7840.0,2.262
1785405600,7839.0,7842.0,7836.0,7836.0,2.4979
1785409200,7834.0,7855.0,7834.0,7850.0,8.0009
1785412800,7857.0,7857.0,7852.0,7857.0,1.7076
1785416400,7862.0,7897.0,7852.0,7888.0,13.9929
1785420000,7874.0,7874.0,7828.0,7834.0,1.862
1785423600,7831.0,7845.0,7828.0,7836.0,5.9294
1785427200,7835.0,7852.0,7834.0,7834.0,1.7589
1785430800,7840.0,7841.0,7839.0,7841.0,3.3917
1785434400,7847.0,7847.0,7840.0,7840.0,1.3163
1785438000,7841.0,7859.0,7841.0,7859.0,1.3423
1785441600,7857.0,7858.0,7857.0,7858.0,0.2279
1785445200,7859.0,7859.0,7855.0,7855.0,0.778
1785448800,7854.0,7881.0,7854.0,7874.0,5.578
1785452400,7875.0,7899.0,7869.0,7869.0,15.1206
1785456000,7844.0,7844.0,7834.0,7834.0,0.1211
1785459600,7840.0,7880.0,7806.0,7806.0,4.7027
1785463200,7805.0,7805.0,7784.0,7789.0,8.63
1785466800,7789.0,7813.0,7783.0,7813.0,1.3294
1785470400,7805.0,7805.0,7799.0,7800.0,0.2994
1785474000,7800.0,7800.0,7792.0,7795.0,0.5896
1785477600,7799.0,7801.0,7793.0,7793.0,1.8204
1785481200,7792.0,7792.0,7732.0,7739.0,9.679
1785484800,7742.0,7751.0,7742.0,7748.0,10.7474
1785488400,7750.0,7750.0,7720.0,7720.0,9.8708
1785492000,7724.0,7738.0,7705.0,7738.0,2.2866
1785495600,7741.0,7741.0,7730.0,7731.0,6.599
1785499200,7731.0,7731.0,7694.0,7702.0,19.8839
1785502800,7711.0,7738.0,7652.0,7652.0,8.0672
1785506400,7657.0,7660.0,7595.0,7631.0,14.4809
1785510000,7626.0,7647.0,7617.0,7646.0,2.5067
1785513600,7644.0,7654.0,7644.0,7649.0,0.8362
1785517200,7650.0,7688.0,7650.0,7688.0,0.5977
1785520800,7692.0,7692.0,7671.0,7682.0,1.5368
1785524400,7680.0,7680.0,7669.0,7669.0,0.3604
1785528000,7673.0,7673.0,7656.0,7656.0,0.2477
1785531600,7647.0,7649.0,7640.0,7645.0,1.9312
1785535200,7642.0,7645.0,7642.0,7644.0,0.1265
1785538800,7645.0,7649.0,7644.0,7649.0,4.569
1785542400,7649.0,7659.0,7649.0,7657.0,0.2627
1785546000,7657.0,7662.0,7657.0,7661.0,0.7838
1785549600,7661.0,7668.0,7661.0,7668.0,0.2341
1785553200,7668.0,7668.0,7666.0,7668.0,0.5787
1785556800,7668.0,7671.0,7668.0,7671.0,2.1504
1785560400,7671.0,7671.0,7669.0,7669.0,0.76
1785564000,7668.0,7671.0,7668.0,7671.0,0.3438
1785567600,7672.0,7680.0,7671.0,7674.0,1.681
1785571200,7674.0,7674.0,7671.0,7671.0,0.0937
1785574800,7671.0,7674.0,7671.0,7671.0,1.4486
1785578400,7670.0,7670.0,7656.0,7657.0,2.2377
1785582000,7662.0,7662.0,7661.0,7661.0,1.3265
1785585600,7662.0,7666.0,7662.0,7666.0,1.2164
1785589200,7665.0,7666.0,7665.0,7666.0,0.2471
1785592800,7666.0,7677.0,7666.0,7677.0,2.1427
1785596400,7679.0,7684.0,7677.0,7677.0,0.8892
1785600000,7676.0,7676.0,7671.0,7671.0,0.3039
1785603600,7666.0,7666.0,7634.0,7639.0,3.2754
1785607200,7640.0,7640.0,7495.0,7529.0,26.196
1785610800,7543.0,7544.0,7539.0,7542.0,0.7334
1785614400,7541.0,7541.0,7539.0,7539.0,0.6465
1785618000,7540.0,7555.0,7540.0,7555.0,1.1447
1785621600,7555.0,7575.0,7555.0,7574.0,6.0013
1785625200,7574.0,7574.0,7570.0,7573.0,13.2341
1785628800,7574.0,7578.0,7572.0,7572.0,2.4769
1785632400,7576.0,7612.0,7576.0,7612.0,0.5283
1785636000,7611.0,7710.0,7611.0,7687.0,2.9676
1785639600,7688.0,7698.0,7688.0,7698.0,6.6089
1785643200,7700.0,7705.0,7700.0,7702.0,2.7246
1785646800,7703.0,7703.0,7690.0,7690.0,2.5891
1785650400,7691.0,7691.0,7691.0,7691.0,0.1922
1785654000,7691.0,7691.0,7690.0,7690.0,0.9328
1785657600,7691.0,7691.0,7664.0,7664.0,4.4481
1785661200,7663.0,7666.0,7650.0,7666.0,0.5899
1785664800,7665.0,7665.0,7649.0,7650.0,0.3477
1785668400,7649.0,7649.0,7581.0,7581.0,2.871
1785672000,7587.0,7604.0,7587.0,7597.0,1.5612
1785675600,7597.0,7597.0,7542.0,7542.0,28.6051
1785679200,7584.0,7589.0,7578.0,7588.0,0.2419
1785682800,7588.0,7601.0,7588.0,7595.0,4.5316
1785686400,7593.0,7615.0,7593.0,7615.0,0.2461
1785690000,7614.0,7634.0,7614.0,7634.0,0.0622
1785693600,7634.0,7675.0,7634.0,7675.0,2.126
1785697200,7665.0,7671.0,7665.0,7671.0,0.0617
1785700800,7682.0,7690.0,7682.0,7690.0,0.0433
1785704400,7689.0,7731.0,7689.0,7726.0,3.6191
1785708000,7730.0,7738.0,7690.0,7695.0,2.0854
1785711600,7693.0,7693.0,7675.0,7683.0,1.6288
1785715200,7693.0,7694.0,7664.0,7664.0,2.1538
1785718800,7652.0,7655.0,7640.0,7640.0,2.9229
1785722400,7631.0,7634.0,7626.0,7628.0,3.6096
1785726000,7625.0,7625.0,7586.0,7604.0,2.8667
1785729600,7605.0,7615.0,7601.0,7601.0,3.0896
1785733200,7595.0,7600.0,7592.0,7600.0,0.2334
1785736800,7608.0,7608.0,7569.0,7569.0,3.2774
1785740400,7564.0,7564.0,7545.0,7556.0,14.9571
1785744000,7554.0,7554.0,7509.0,7537.0,1.8962
1785747600,7537.0,7576.0,7537.0,7576.0,1.0358
1785751200,7590.0,7590.0,7561.0,7561.0,0.569
1785754800,7565.0,7567.0,7556.0,7560.0,3.1052
1785758400,7555.0,7565.0,7552.0,7565.0,1.0877
1785762000,7565.0,7618.0,7558.0,7618.0,19.2163
1785765600,7618.0,7669.0,7601.0,7668.0,27.0809
1785769200,7667.0,7667.0,7630.0,7630.0,3.1656
1785772800,7630.0,7645.0,7629.0,7637.0,21.2694
1785776400,7637.0,7645.0,7630.0,7645.0,5.9311
1785780000,7645.0,7646.0,7645.0,7646.0,0.0786
1785783600,7644.0,7654.0,7644.0,7654.0,0.5718
1785787200,7650.0,7652.0,7646.0,7646.0,2.3263
1785790800,7643.0,7643.0,7636.0,7637.0,11.9838
1785794400,7630.0,7630.0,7595.0,7604.0,1.8129
1785798000,7608.0,7608.0,7599.0,7603.0,0.7448
1785801600,7602.0,7609.0,7576.0,7578.0,3.7891
1785805200,7578.0,7636.0,7578.0,7635.0,9.1251
1785808800,7636.0,7646.0,7626.0,7645.0,7.354
1785812400,7639.0,7639.0,7614.0,7631.0,0.9039
1785816000,7625.0,7650.0,7625.0,7650.0,22.0512
1785819600,7650.0,7650.0,7631.0,7631.0,4.2005
1785823200,7632.0,7636.0,7591.0,7591.0,6.8974
1785826800,7597.0,7623.0,7590.0,7623.0,13.0812
1785830400,7615.0,7615.0,7596.0,7597.0,1.5449
1785834000,7599.0,7599.0,7589.0,7589.0,1.7315
1785837600,7594.0,7639.0,7589.0,7634.0,2.2609
1785841200,7634.0,7661.0,7634.0,7661.0,14.0016
1785844800,7661.0,7687.0,7657.0,7676.0,15.4296
1785848400,7676.0,7676.0,7639.0,7639.0,12.2005
1785852000,7633.0,7676.0,7625.0,7676.0,14.6542
1785855600,7673.0,7680.0,7644.0,7680.0,9.7572
1785859200,7670.0,7671.0,7648.0,7656.0,2.8895
1785862800,7665.0,7679.0,7665.0,7668.0,6.1735
1785866400,7675.0,7699.0,7675.0,7699.0,14.3532
1785870000,7689.0,7700.0,7689.0,7700.0,0.0695
1785873600,7695.0,7695.0,7680.0,7688.0,0.361
1785877200,7683.0,7684.0,7683.0,7684.0,0.5627
1785880800,7683.0,7683.0,7670.0,7680.0,1.8465
1785884400,7680.0,7695.0,7670.0,7671.0,0.9622
1785888000,7669.0,7669.0,7659.0,7661.0,1.8123
1785891600,7652.0,7669.0,7644.0,7669.0,2.3925
1785895200,7668.0,7677.0,7664.0,7674.0,23.9831
1785898800,7672.0,7672.0,7633.0,7634.0,12.8859
1785902400,7635.0,7641.0,7634.0,7638.0,10.2641
1785906000,7638.0,7661.0,7638.0,7661.0,5.1178
1785909600,7656.0,7656.0,7646.0,7646.0,10.7216
1785913200,7640.0,7640.0,7628.0,7635.0,6.4034
1785916800,7643.0,7653.0,7643.0,7648.0,6.8898
1785920400,7649.0,7658.0,7649.0,7658.0,1.4924
1785924000,7657.0,7659.0,7642.0,7642.0,4.4557
1785927600,7647.0,7648.0,7647.0,7647.0,1.2648
1785931200,7647.0,7700.0,7647.0,7682.0,8.3953
1785934800,7679.0,7684.0,7616.0,7684.0,15.1211
1785938400,7687.0,7696.0,7646.0,7673.0,10.9878
1785942000,7679.0,7693.0,7676.0,7676.0,3.829
1785945600,7677.0,7748.0,7677.0,7736.0,5.1491
1785949200,7749.0,7823.0,7743.0,7823.0,2.4951
1785952800,7837.0,7860.0,7836.0,7842.0,3.3296
1785956400,7843.0,7843.0,7842.0,7842.0,0.272
1785960000,7840.0,7852.0,7840.0,7852.0,5.0672
1785963600,7839.0,7839.0,7795.0,7803.0,29.0591
1785967200,7805.0,7814.0,7805.0,7807.0,1.1915
1785970800,7803.0,7808.0,7786.0,7806.0,1.3012
1785974400,7806.0,7808.0,7806.0,7807.0,0.7942
1785978000,7800.0,7800.0,7790.0,7794.0,7.1348
1785981600,7795.0,7797.0,7764.0,7770.0,3.3113
1785985200,7770.0,7770.0,7764.0,7768.0,1.4973
1785988800,7765.0,7797.0,7765.0,7797.0,3.9835
1785992400,7798.0,7838.0,7798.0,7820.0,2.9844
1785996000,7816.0,7822.0,7816.0,7822.0,1.1737
1785999600,7821.0,7822.0,7809.0,7810.0,1.0501
1786003200,7811.0,7822.0,7810.0,7822.0,2.6401
1786006800,7820.0,7820.0,7783.0,7796.0,2.7886
1786010400,7794.0,7794.0,7781.0,7781.0,1.8101
1786014000,7778.0,7798.0,7769.0,7797.0,1.8914
1786017600,7796.0,7796.0,7786.0,7790.0,1.696
1786021200,7785.0,7813.0,7759.0,7813.0,3.629
1786024800,7803.0,7830.0,7803.0,7826.0,22.1457
1786028400,7828.0,7845.0,7823.0,7823.0,3.6217
1786032000,7822.0,7824.0,7816.0,7821.0,0.1025
1786035600,7824.0,7828.0,7817.0,7820.0,0.2197
1786039200,7818.0,7818.0,7800.0,7800.0,0.2741
1786042800,7793.0,7794.0,7793.0,7794.0,1.0185
1786046400,7794.0,7795.0,7794.0,7795.0,0.013
1786050000,7790.0,7790.0,7790.0,7790.0,0.0391
1786053600,7785.0,7785.0,7778.0,7780.0,1.2268
1786057200,7779.0,7779.0,7768.0,7775.0,2.3877
1786060800,7775.0,7775.0,7774.0,7774.0,0.0386
1786064400,7774.0,7786.0,7771.0,7771.0,3.9011
1786068000,7779.0,7786.0,7770.0,7776.0,1.2516
1786071600,7775.0,7775.0,7766.0,7767.0,11.9567
1786075200,7765.0,7768.0,7754.0,7757.0,5.4282
1786078800,7761.0,7763.0,7760.0,7762.0,0.2452
1786082400,7766.0,7782.0,7766.0,7782.0,2.2093
1786086000,7781.0,7785.0,7777.0,7781.0,4.3312
1786089600,7782.0,7804.0,7782.0,7804.0,1.7535
1786093200,7804.0,7820.0,7804.0,7820.0,1.3034
1786096800,7817.0,7820.0,7817.0,7819.0,4.9832
1786100400,7819.0,7834.0,7819.0,7831.0,2.5274
1786104000,7830.0,7907.0,7830.0,7894.0,97.7
1786107600,7889.0,7900.0,7867.0,7867.0,9.0296
1786111200,7862.0,7863.0,7825.0,7830.0,3.9706
1786114800,7829.0,7843.0,7829.0,7843.0,1.5794
1786118400,7844.0,7859.0,7818.0,7818.0,1.8284
1786122000,7817.0,7817.0,7804.0,7808.0,1.7952
1786125600,7809.0,7810.0,7809.0,7810.0,2.6711
1786129200,7810.0,7833.0,7810.0,7833.0,3.2529
1786132800,7834.0,7834.0,7834.0,7834.0,0.009
1786136400,7830.0,7834.0,7830.0,7834.0,0.0659
1786140000,7835.0,7835.0,7829.0,7830.0,0.8873
1786143600,7830.0,7830.0,7830.0,7830.0,0.0239
1786147200,7829.0,7829.0,7828.0,7828.0,0.1587
1786150800,7827.0,7828.0,7827.0,7828.0,9.0842
1786154400,7828.0,7828.0,7825.0,7825.0,0.1036
1786158000,7826.0,7841.0,7826.0,7838.0,0.7052
1786161600,7839.0,7840.0,7839.0,7839.0,3.1057
1786165200,7839.0,7840.0,7839.0,7840.0,0.0411
1786168800,7840.0,7842.0,7840.0,7842.0,0.1248
1786172400,7842.0,7842.0,7841.0,7841.0,0.1118
1786176000,7841.0,7843.0,7839.0,7843.0,1.4988
1786179600,7843.0,7844.0,7842.0,7844.0,0.2537
1786183200,7854.0,7862.0,7853.0,7862.0,0.6576
1786186800,7861.0,7862.0,7861.0,7862.0,0.671
1786190400,7862.0,7862.0,7861.0,7861.0,2.335
1786194000,7857.0,7857.0,7855.0,7855.0,0.4038
1786197600,7859.0,7868.0,7859.0,7868.0,0.9864
1786201200,7868.0,7868.0,7863.0,7865.0,1.2726
1786204800,7865.0,7870.0,7865.0,7870.0,1.0939
1786208400,7869.0,7870.0,7869.0,7870.0,0.1604
1786212000,7877.0,7877.0,7873.0,7873.0,0.0751
1786215600,7873.0,7873.0,7873.0,7873.0,0.0
1786219200,7870.0,7870.0,7870.0,7870.0,0.1366
1786222800,7870.0,7871.0,7870.0,7870.0,0.2041
1786226400,7871.0,7871.0,7869.0,7869.0,4.9426
1786230000,7870.0,7870.0,7869.0,7869.0,1.5442
1786233600,7869.0,7870.0,7869.0,7870.0,0.0593
1786237200,7870.0,7870.0,7857.0,7859.0,7.6054
1786240800,7859.0,7859.0,7858.0,7858.0,0.5837
1786244400,7859.0,7859.0,7851.0,7852.0,1.3447
1786248000,7852.0,7852.0,7850.0,7850.0,0.0905
1786251600,7850.0,7850.0,7850.0,7850.0,0.9008
1786255200,7845.0,7857.0,7845.0,7857.0,14.6423
1786258800,7858.0,7859.0,7858.0,7859.0,0.1526
1786262400,7860.0,7873.0,7853.0,7853.0,1.3579
1786266000,7853.0,7866.0,7852.0,7866.0,0.1354
1786269600,7869.0,7873.0,7869.0,7872.0,1.8759
1786273200,7870.0,7870.0,7860.0,7860.0,2.9425
1786276800,7860.0,7861.0,7860.0,7860.0,0.1923
1786280400,7860.0,7880.0,7860.0,7874.0,1.4706
1786284000,7874.0,7882.0,7873.0,7876.0,0.2338
1786287600,7878.0,7886.0,7878.0,7883.0,0.6253
1786291200,7883.0,7883.0,7874.0,7877.0,0.4119
1786294800,7877.0,7877.0,7874.0,7874.0,0.4169
1786298400,7874.0,7874.0,7873.0,7873.0,0.0612
1786302000,7870.0,7871.0,7870.0,7870.0,0.019
1786305600,7869.0,7869.0,7869.0,7869.0,0.5111
1786309200,7869.0,7875.0,7869.0,7875.0,0.0456
1786312800,7875.0,7902.0,7853.0,7861.0,6.5016
1786316400,7859.0,7859.0,7827.0,7827.0,3.3022
1786320000,7827.0,7874.0,7825.0,7836.0,26.4741
1786323600,7836.0,7883.0,7827.0,7871.0,4.2377
1786327200,7861.0,7861.0,7817.0,7845.0,18.0453
1786330800,7844.0,7847.0,7836.0,7837.0,2.2933
1786334400,7840.0,7840.0,7830.0,7830.0,0.2109
1786338000,7828.0,7849.0,7828.0,7849.0,0.8151
1786341600,7849.0,7890.0,7849.0,7863.0,25.8001
1786345200,7863.0,7865.0,7863.0,7865.0,0.1909
1786348800,7865.0,7869.0,7864.0,7866.0,3.8373
1786352400,7867.0,7867.0,7843.0,7843.0,2.3495
1786356000,7848.0,7848.0,7848.0,7848.0,0.1141
1786359600,7847.0,7848.0,7847.0,7848.0,0.275
1786363200,7848.0,7848.0,7810.0,7810.0,9.5079
1786366800,7807.0,7815.0,7771.0,7771.0,6.4648
1786370400,7777.0,7790.0,7763.0,7763.0,3.7451
1786374000,7762.0,7762.0,7687.0,7697.0,8.8189
1786377600,7696.0,7697.0,7675.0,7681.0,2.0563
1786381200,7675.0,7684.0,7675.0,7684.0,0.3077
1786384800,7683.0,7683.0,7675.0,7676.0,0.9961
1786388400,7677.0,7692.0,7677.0,7692.0,0.464
1786392000,7694.0,7694.0,7693.0,7694.0,3.5222
1786395600,7694.0,7694.0,7687.0,7687.0,8.006
1786399200,7686.0,7686.0,7686.0,7686.0,0.3905
1786402800,7685.0,7686.0,7676.0,7680.0,2.1431
1786406400,7680.0,7680.0,7679.0,7679.0,9.6105
1786410000,7679.0,7688.0,7679.0,7688.0,12.3288
1786413600,7688.0,7692.0,7688.0,7691.0,2.4765
1786417200,7691.0,7696.0,7691.0,7696.0,0.2149
1786420800,7696.0,7699.0,7696.0,7699.0,1.3148
1786424400,7699.0,7699.0,7687.0,7691.0,11.6923
1786428000,7690.0,7690.0,7688.0,7688.0,0.892
1786431600,7689.0,7690.0,7686.0,7689.0,1.7786
1786435200,7689.0,7689.0,7686.0,7687.0,0.6116
1786438800,7687.0,7688.0,7687.0,7688.0,1.21
1786442400,7690.0,7718.0,7690.0,7711.0,4.3677
1786446000,7713.0,7738.0,7713.0,7738.0,1.4474
1786449600,7738.0,7738.0,7737.0,7737.0,5.2314
1786453200,7738.0,7738.0,7727.0,7738.0,3.5758
1786456800,7734.0,7737.0,7680.0,7681.0,6.3606
1786460400,7684.0,7692.0,7620.0,7633.0,6.3079
1786464000,7635.0,7647.0,7630.0,7646.0,0.476
1786467600,7646.0,7652.0,7646.0,7652.0,1.094
1786471200,7651.0,7652.0,7651.0,7652.0,0.451
1786474800,7653.0,7715.0,7653.0,7715.0,22.3289
1786478400,7715.0,7715.0,7715.0,7715.0,0.0
1786482000,7715.0,7718.0,7715.0,7718.0,0.0582
1786485600,7718.0,7724.0,7714.0,7714.0,0.2141
1786489200,7717.0,7717.0,7715.0,7715.0,0.1757
1786492800,7714.0,7715.0,7714.0,7715.0,1.5569
1786496400,7715.0,7718.0,7715.0,7717.0,0.5793
1786500000,7722.0,7726.0,7722.0,7724.0,1.4976
1786503600,7724.0,7724.0,7718.0,7721.0,2.6547
1786507200,7721.0,7740.0,7721.0,7734.0,28.3795
1786510800,7734.0,7739.0,7734.0,7739.0,0.4323
1786514400,7739.0,7739.0,7732.0,7732.0,0.7564
1786518000,7732.0,7739.0,7732.0,7737.0,1.8884
1786521600,7738.0,7749.0,7737.0,7737.0,11.3628
1786525200,7742.0,7788.0,7742.0,7788.0,0.461
1786528800,7783.0,7811.0,7783.0,7803.0,4.7354
1786532400,7803.0,7822.0,7798.0,7822.0,0.6091
1786536000,7818.0,7849.0,7801.0,7802.0,20.4678
1786539600,7809.0,7809.0,7786.0,7790.0,3.41
1786543200,7781.0,7781.0,7730.0,7730.0,8.3506
1786546800,7727.0,7743.0,7727.0,7742.0,4.7886
1786550400,7742.0,7742.0,7734.0,7740.0,0.2221
1786554000,7737.0,7737.0,7730.0,7731.0,0.5193
1786557600,7730.0,7730.0,7730.0,7730.0,0.0602
1786561200,7730.0,7730.0,7706.0,7706.0,0.3494
1786564800,7702.0,7716.0,7700.0,7716.0,0.0942
1786568400,7716.0,7716.0,7686.0,7700.0,0.8066
1786572000,7690.0,7692.0,7689.0,7690.0,0.7239
1786575600,7685.0,7689.0,7685.0,7689.0,3.1329
1786579200,7690.0,7705.0,7690.0,7701.0,2.4174
1786582800,7701.0,7702.0,7691.0,7695.0,1.8701
1786586400,7695.0,7701.0,7683.0,7701.0,5.1554
1786590000,7707.0,7717.0,7707.0,7717.0,5.7468
1786593600,7723.0,7745.0,7723.0,7745.0,58.5012
1786597200,7745.0,7764.0,7745.0,7762.0,2.6564
1786600800,7761.0,7761.0,7752.0,7758.0,0.1524
1786604400,7765.0,7765.0,7764.0,7764.0,0.0491
1786608000,7764.0,7764.0,7756.0,7756.0,1.7622
1786611600,7745.0,7745.0,7722.0,7730.0,0.7774
1786615200,7722.0,7722.0,7712.0,7712.0,5.3455
1786618800,7712.0,7712.0,7690.0,7699.0,0.9082
1786622400,7699.0,7724.0,7699.0,7722.0,5.3341
1786626000,7733.0,7744.0,7728.0,7739.0,7.2557
1786629600,7735.0,7751.0,7732.0,7750.0,0.8291
1786633200,7750.0,7750.0,7719.0,7719.0,0.255
1786636800,7702.0,7709.0,7650.0,7674.0,3.7908
1786640400,7681.0,7693.0,7681.0,7693.0,1.7895
1786644000,7689.0,7699.0,7689.0,7699.0,0.0356
1786647600,7714.0,7726.0,7714.0,7726.0,6.0109
1786651200,7726.0,7726.0,7719.0,7719.0,0.3662
1786654800,7719.0,7727.0,7719.0,7727.0,0.0278
1786658400,7727.0,7739.0,7727.0,7738.0,0.4251
1786662000,7738.0,7738.0,7717.0,7721.0,3.1663
1786665600,7720.0,7725.0,7720.0,7725.0,0.1858
1786669200,7723.0,7725.0,7723.0,7724.0,0.6334
1786672800,7725.0,7725.0,7725.0,7725.0,0.2683
1786676400,7724.0,7725.0,7724.0,7725.0,8.5839
1786680000,7724.0,7724.0,7723.0,7723.0,1.6453
1786683600,7724.0,7724.0,7710.0,7712.0,0.3007
1786687200,7708.0,7708.0,7681.0,7681.0,0.7737
1786690800,7681.0,7689.0,7681.0,7688.0,1.4576
1786694400,7687.0,7688.0,7680.0,7683.0,26.25
1786698000,7694.0,7694.0,7684.0,7684.0,1.0403
1786701600,7687.0,7695.0,7687.0,7693.0,2.0154
1786705200,7692.0,7703.0,7692.0,7703.0,0.6287
1786708800,7698.0,7698.0,7693.0,7693.0,4.098
1786712400,7685.0,7685.0,7666.0,7667.0,1.2207
1786716000,7667.0,7678.0,7660.0,7660.0,2.3613
1786719600,7660.0,7720.0,7660.0,7720.0,0.9539
1786723200,7722.0,7730.0,7722.0,7730.0,0.8095
1786726800,7730.0,7730.0,7717.0,7717.0,0.1728
1786730400,7705.0,7705.0,7697.0,7701.0,1.2322
1786734000,7694.0,7700.0,7694.0,7700.0,0.1121
1786737600,7706.0,7706.0,7706.0,7706.0,0.0194
1786741200,7706.0,7706.0,7706.0,7706.0,0.0121
1786744800,7697.0,7705.0,7696.0,7705.0,1.5114
1786748400,7705.0,7706.0,7705.0,7706.0,0.073
1786752000,7706.0,7716.0,7706.0,7716.0,0.3627
1786755600,7716.0,7722.0,7716.0,7722.0,1.9545
1786759200,7722.0,7727.0,7722.0,7727.0,0.9101
1786762800,7726.0,7727.0,7726.0,7727.0,0.1489
1786766400,7726.0,7726.0,7725.0,7725.0,0.9628
1786770000,7726.0,7726.0,7720.0,7720.0,0.31
1786773600,7717.0,7722.0,7717.0,7721.0,3.4238
1786777200,7719.0,7720.0,7716.0,7717.0,6.8372
1786780800,7716.0,7716.0,7713.0,7713.0,0.0881
1786784400,7706.0,7706.0,7705.0,7706.0,0.19
1786788000,7706.0,7710.0,7706.0,7710.0,0.3054
1786791600,7712.0,7712.0,7709.0,7709.0,0.231
1786795200,7709.0,7716.0,7708.0,7716.0,0.1933
1786798800,7723.0,7727.0,7723.0,7727.0,7.6306
1786802400,7724.0,7727.0,7724.0,7727.0,0.149
1786806000,7727.0,7729.0,7727.0,7728.0,0.401
1786809600,7729.0,7730.0,7729.0,7730.0,0.6571
1786813200,7733.0,7733.0,7731.0,7731.0,0.083
1786816800,7731.0,7733.0,7731.0,7733.0,0.065
1786820400,7733.0,7733.0,7733.0,7733.0,0.0
1786824000,7730.0,7730.0,7725.0,7725.0,2.943
1786827600,7727.0,7727.0,7727.0,7727.0,0.0129
1786831200,7727.0,7727.0,7727.0,7727.0,0.0129
1786834800,7724.0,7724.0,7724.0,7724.0,0.0152
1786838400,7724.0,7724.0,7724.0,7724.0,0.2967
1786842000,7723.0,7723.0,7706.0,7706.0,0.8281
1786845600,7714.0,7728.0,7714.0,7728.0,0.1375
1786849200,7728.0,7728.0,7727.0,7727.0,0.1166
1786852800,7727.0,7728.0,7727.0,7728.0,0.5837
1786856400,7721.0,7721.0,7717.0,7717.0,0.2808
1786860000,7713.0,7714.0,7713.0,7714.0,0.1744
1786863600,7714.0,7717.0,7714.0,7717.0,0.1558
1786867200,7717.0,7717.0,7716.0,7717.0,0.2993
1786870800,7718.0,7718.0,7717.0,7717.0,0.029
1786874400,7717.0,7717.0,7716.0,7717.0,0.1384
1786878000,7717.0,7717.0,7717.0,7717.0,0.1384
1786881600,7715.0,7715.0,7715.0,7715.0,0.001
1786885200,7716.0,7717.0,7716.0,7717.0,0.1062
1786888800,7719.0,7720.0,7719.0,7720.0,0.2012
1786892400,7720.0,7720.0,7719.0,7720.0,1.7486
1786896000,7720.0,7720.0,7719.0,7720.0,0.1586
1786899600,7720.0,7720.0,7713.0,7713.0,0.7199
1786903200,7713.0,7713.0,7713.0,7713.0,0.0777
1786906800,7719.0,7719.0,7719.0,7719.0,0.0647
1786910400,7713.0,7713.0,7713.0,7713.0,0.0388
1786914000,7713.0,7713.0,7673.0,7680.0,3.0846
1786917600,7676.0,7684.0,7670.0,7671.0,1.4052
1786921200,7679.0,7679.0,7672.0,7675.0,0.9352
1786924800,7674.0,7676.0,7670.0,7676.0,7.3298
1786928400,7684.0,7749.0,7684.0,7739.0,2.3405
1786932000,7736.0,7776.0,7728.0,7773.0,5.1781
1786935600,7771.0,7773.0,7761.0,7764.0,1.7768
1786939200,7765.0,7767.0,7762.0,7764.0,2.7354
1786942800,7764.0,7764.0,7750.0,7751.0,2.4705
1786946400,7750.0,7784.0,7744.0,7773.0,4.3764
1786950000,7759.0,7759.0,7741.0,7741.0,1.2578
1786953600,7742.0,7742.0,7705.0,7705.0,11.8057
1786957200,7709.0,7717.0,7709.0,7709.0,0.7607
1786960800,7708.0,7756.0,7704.0,7756.0,4.2433
1786964400,7751.0,7754.0,7745.0,7745.0,0.9077
1786968000,7750.0,7750.0,7724.0,7725.0,2.4269
1786971600,7725.0,7751.0,7723.0,7744.0,1.1705
1786975200,7744.0,7753.0,7733.0,7753.0,1.3998
1786978800,7752.0,7768.0,7747.0,7768.0,2.9484
1786982400,7758.0,7758.0,7753.0,7758.0,0.2166
1786986000,7769.0,7769.0,7750.0,7750.0,0.4684
1786989600,7750.0,7750.0,7750.0,7750.0,0.0
1786993200,7750.0,7750.0,7750.0,7750.0,0.0
1786996800,7750.0,7750.0,7750.0,7750.0,0.0
1787000400,7753.0,7753.0,7746.0,7746.0,0.0074
1787004000,7743.0,7743.0,7742.0,7743.0,0.1527
1787007600,7749.0,7775.0,7749.0,7773.0,2.0139
1787011200,7763.0,7764.0,7756.0,7756.0,0.7737
1787014800,7754.0,7754.0,7728.0,7728.0,1.5419
1787018400,7724.0,7724.0,7697.0,7698.0,8.1623
1787022000,7700.0,7703.0,7686.0,7703.0,1.084
1787025600,7699.0,7705.0,7699.0,7705.0,1.0907
1787029200,7706.0,7710.0,7703.0,7706.0,3.929
1787032800,7703.0,7739.0,7703.0,7726.0,4.0786
1787036400,7728.0,7728.0,7716.0,7716.0,0.9866
1787040000,7704.0,7721.0,7704.0,7721.0,7.6243
1787043600,7721.0,7721.0,7709.0,7709.0,4.0604
1787047200,7709.0,7713.0,7709.0,7713.0,0.8422
1787050800,7717.0,7730.0,7717.0,7729.0,0.8055
1787054400,7730.0,7730.0,7721.0,7726.0,4.2846
1787058000,7724.0,7724.0,7710.0,7723.0,0.9181
1787061600,7723.0,7802.0,7723.0,7773.0,46.1718
1787065200,7774.0,7797.0,7767.0,7792.0,21.3022
1787068800,7788.0,7797.0,7781.0,7797.0,3.1319
1787072400,7782.0,7782.0,7771.0,7774.0,0.6174
1787076000,7774.0,7780.0,7774.0,7780.0,0.021
1787079600,7780.0,7780.0,7780.0,7780.0,0.0
1787083200,7780.0,7780.0,7780.0,7780.0,0.0
1787086800,7777.0,7778.0,7777.0,7778.0,0.014
1787090400,7778.0,7778.0,7777.0,7777.0,0.5596
1787094000,7777.0,7790.0,7763.0,7790.0,0.5006
1787097600,7779.0,7785.0,7771.0,7778.0,0.5189
1787101200,7776.0,7788.0,7774.0,7774.0,1.0781
1787104800,7773.0,7773.0,7757.0,7760.0,0.8378
1787108400,7757.0,7774.0,7751.0,7774.0,6.3611
1787112000,7770.0,7774.0,7770.0,7772.0,1.066
1787115600,7772.0,7774.0,7770.0,7774.0,1.812
1787119200,7770.0,7793.0,7755.0,7793.0,3.2284
1787122800,7795.0,7798.0,7789.0,7796.0,0.7726
1787126400,7795.0,7823.0,7789.0,7823.0,2.6736
1787130000,7816.0,7816.0,7805.0,7805.0,1.1586
1787133600,7801.0,7805.0,7801.0,7805.0,0.2473
1787137200,7813.0,7819.0,7813.0,7817.0,3.9317
1787140800,7818.0,7880.0,7817.0,7872.0,20.9535
1787144400,7872.0,7872.0,7843.0,7855.0,7.6035
1787148000,7855.0,8011.0,7855.0,7994.0,52.4198
1787151600,7995.0,8500.0,7982.0,8448.0,164.9955
1787155200,8419.0,8507.0,8000.0,8478.0,67.6293
1787158800,8471.0,8480.0,8400.0,8479.0,6.0583
1787162400,8474.0,8475.0,8435.0,8475.0,3.2235
1787166000,8480.0,8519.0,8479.0,8519.0,45.1837
1787169600,8519.0,9007.0,8519.0,8977.0,116.6857
1787173200,8983.0,9359.0,8979.0,9242.0,89.8999
1787176800,9240.0,9240.0,9065.0,9081.0,14.8428
1787180400,9076.0,9118.0,9000.0,9085.0,21.5016
1787184000,9077.0,9143.0,9077.0,9088.0,19.6054
1787187600,9103.0,9119.0,9065.0,9114.0,35.7858
1787191200,9114.0,9114.0,9037.0,9046.0,11.5147
1787194800,9046.0,9070.0,8972.0,9057.0,13.5448
1787198400,9055.0,9070.0,9053.0,9055.0,5.3234
1787202000,9052.0,9062.0,9027.0,9036.0,5.6406
1787205600,9040.0,9100.0,9010.0,9100.0,11.7256
1787209200,9098.0,9100.0,9054.0,9062.0,8.1162
1787212800,9060.0,9184.0,9059.0,9176.0,28.3705
1787216400,9173.0,9218.0,9167.0,9174.0,66.0696
1787220000,9173.0,9218.0,9162.0,9184.0,17.8117
1787223600,9198.0,9299.0,9198.0,9227.0,11.9522
1787227200,9230.0,9230.0,9127.0,9192.0,12.2809
1787230800,9189.0,9218.0,9092.0,9143.0,22.3697
1787234400,9149.0,9183.0,9135.0,9149.0,10.5121
1787238000,9149.0,9325.0,9149.0,9312.0,44.1488
1787241600,9309.0,9359.0,9298.0,9356.0,39.5736
1787245200,9325.0,9345.0,9303.0,9340.0,5.5845
1787248800,9330.0,9331.0,9276.0,9277.0,6.5489
1787252400,9276.0,9300.0,9264.0,9275.0,0.8638
1787256000,9270.0,9270.0,9234.0,9234.0,0.0997
1787259600,9251.0,9265.0,9232.0,9232.0,0.7379
1787263200,9227.0,9227.0,9182.0,9200.0,3.4801
1787266800,9200.0,9330.0,9199.0,9330.0,8.6466
1787270400,9330.0,9389.0,9330.0,9376.0,57.1972
1787274000,9379.0,9500.0,9379.0,9450.0,135.8035
1787277600,9455.0,9460.0,9417.0,9420.0,14.6536
1787281200,9421.0,9421.0,9388.0,9396.0,13.1679
1787284800,9399.0,9421.0,9396.0,9421.0,3.8252
1787288400,9421.0,9444.0,9417.0,9444.0,4.8771
1787292000,9444.0,9500.0,9259.0,9500.0,69.094
1787295600,9499.0,9554.0,9491.0,9497.0,22.6557
1787299200,9499.0,9689.0,9499.0,9689.0,95.6759
1787302800,9680.0,9680.0,9530.0,9565.0,30.0836
1787306400,9581.0,9600.0,9550.0,9583.0,8.3587
1787310000,9571.0,9571.0,9464.0,9501.0,19.2338
1787313600,9501.0,9584.0,9491.0,9572.0,6.4755
1787317200,9584.0,9610.0,9501.0,9570.0,28.4313
1787320800,9560.0,9599.0,9517.0,9578.0,20.9049
1787324400,9578.0,9631.0,9578.0,9611.0,24.8862
1787328000,9611.0,9665.0,9552.0,9658.0,19.2386
1787331600,9649.0,9721.0,9649.0,9719.0,50.3108
1787335200,9721.0,9747.0,9630.0,9695.0,4.6461
1787338800,9694.0,9700.0,9667.0,9682.0,3.1629
1787342400,9676.0,9777.0,9676.0,9759.0,34.8692
1787346000,9761.0,9995.0,9751.0,9951.0,53.0153
1787349600,9995.0,10100.0,9986.0,10051.0,35.3345
1787353200,10051.0,10097.0,10005.0,10031.0,12.2948
1787356800,10030.0,10040.0,9950.0,10018.0,24.0017
1787360400,10026.0,10050.0,10000.0,10019.0,10.2471
1787364000,10014.0,10014.0,9940.0,9960.0,25.5856
1787367600,9975.0,10034.0,9966.0,10022.0,8.317
1787371200,10022.0,10050.0,10000.0,10039.0,20.1763
1787374800,10039.0,10039.0,9656.0,9718.0,122.8748
1787378400,9748.0,9771.0,9685.0,9758.0,8.5022
1787382000,9792.0,9809.0,9751.0,9771.0,34.982
1787385600,9770.0,9801.0,9722.0,9727.0,19.7794
1787389200,9736.0,9759.0,9660.0,9727.0,57.7346
1787392800,9729.0,9729.0,9600.0,9649.0,22.6302
1787396400,9649.0,9660.0,9600.0,9641.0,7.1241
1787400000,9660.0,9729.0,9651.0,9718.0,1.0879
1787403600,9714.0,9714.0,9690.0,9690.0,1.567
1787407200,9686.0,9689.0,9650.0,9650.0,5.0748
1787410800,9650.0,9650.0,9388.0,9561.0,23.6115
1787414400,9561.0,9618.0,9550.0,9618.0,8.7473
1787418000,9618.0,9650.0,9617.0,9650.0,1.6945
1787421600,9636.0,9650.0,9636.0,9650.0,1.0846
1787425200,9648.0,9666.0,9648.0,9666.0,0.2883
1787428800,9693.0,9693.0,9670.0,9670.0,0.0444
1787432400,9668.0,9668.0,9600.0,9600.0,2.3535
1787436000,9600.0,9623.0,9587.0,9620.0,1.2465
1787439600,9616.0,9662.0,9600.0,9649.0,3.9009
1787443200,9640.0,9675.0,9618.0,9660.0,8.8162
1787446800,9653.0,9683.0,9649.0,9662.0,3.5891
1787450400,9662.0,9678.0,9596.0,9607.0,10.9612
1787454000,9610.0,9650.0,9514.0,9610.0,10.7534
1787457600,9606.0,9619.0,9478.0,9478.0,12.3994
1787461200,9477.0,9481.0,9350.0,9465.0,43.6535
1787464800,9465.0,9598.0,9345.0,9524.0,21.8686
1787468400,9521.0,9551.0,9520.0,9551.0,1.5182
1787472000,9549.0,9662.0,9549.0,9636.0,7.1814
1787475600,9636.0,9657.0,9630.0,9631.0,15.7985
1787479200,9640.0,9664.0,9630.0,9660.0,4.7549
1787482800,9663.0,9709.0,9635.0,9705.0,4.5045
1787486400,9701.0,9701.0,9653.0,9688.0,17.4541
1787490000,9685.0,9883.0,9685.0,9813.0,12.3829
1787493600,9821.0,9864.0,9601.0,9779.0,32.3985
1787497200,9765.0,9816.0,9744.0,9778.0,5.6656
1787500800,9795.0,9832.0,9795.0,9832.0,6.5117
1787504400,9826.0,9826.0,9772.0,9795.0,5.6941
1787508000,9783.0,9806.0,9778.0,9800.0,1.6878
1787511600,9799.0,9806.0,9776.0,9798.0,5.1496
1787515200,9798.0,9798.0,9798.0,9798.0,0.0
1787518800,9799.0,9911.0,9675.0,9911.0,11.0158
1787522400,9878.0,9878.0,9831.0,9831.0,2.3501
1787526000,9830.0,9853.0,9778.0,9853.0,8.2091
1787529600,9845.0,9871.0,9803.0,9853.0,13.3228
1787533200,9858.0,9921.0,9758.0,9758.0,20.3445
1787536800,9759.0,9832.0,9669.0,9796.0,16.6608
1787540400,9792.0,9800.0,9770.0,9783.0,4.494
1787544000,9783.0,9830.0,9783.0,9806.0,2.9597
1787547600,9807.0,9876.0,9807.0,9855.0,3.4328
1787551200,9855.0,9902.0,9844.0,9890.0,2.1322
1787554800,9891.0,9945.0,9891.0,9892.0,6.596
1787558400,9891.0,9892.0,9827.0,9892.0,5.869
1787562000,9900.0,9927.0,9900.0,9923.0,3.0633
1787565600,9927.0,10000.0,9924.0,9925.0,36.9509
1787569200,9907.0,10090.0,9907.0,10041.0,16.4456
1787572800,10038.0,10150.0,9983.0,10135.0,40.6493
1787576400,10135.0,10137.0,10002.0,10050.0,24.5095
1787580000,10050.0,10179.0,10050.0,10130.0,15.1785
1787583600,10143.0,10185.0,9992.0,10000.0,36.6396
1787587200,10005.0,10072.0,9960.0,9960.0,5.1605
1787590800,9975.0,9975.0,9901.0,9930.0,5.7296
1787594400,9934.0,9985.0,9934.0,9957.0,3.9762
1787598000,9940.0,9943.0,9924.0,9924.0,0.4149
1787601600,9938.0,9958.0,9925.0,9949.0,0.5347
1787605200,9957.0,9990.0,9957.0,9990.0,0.1722
1787608800,9992.0,9992.0,9917.0,9977.0,7.2768
1787612400,9956.0,10002.0,9956.0,9973.0,1.0406
1787616000,9986.0,10049.0,9946.0,10046.0,17.9577
1787619600,10032.0,10068.0,10010.0,10040.0,5.5071
1787623200,10049.0,10169.0,10034.0,10079.0,14.9735
1787626800,10080.0,10098.0,10030.0,10032.0,4.1467
1787630400,10059.0,10059.0,10031.0,10033.0,2.7935
1787634000,10033.0,10088.0,10033.0,10087.0,3.7964
1787637600,10088.0,10100.0,10064.0,10064.0,5.6652
1787641200,10064.0,10095.0,9951.0,10004.0,10.7594
1787644800,9995.0,10053.0,9977.0,10003.0,1.9153
1787648400,10003.0,10024.0,9950.0,9950.0,6.1355
