timestamp,open,high,low,close,volume
1784646600,272312.0,272312.0,272311.0,272311.0,0.037995
1784646900,272311.0,272312.0,272311.0,272312.0,0.040649
1784647200,272312.0,272312.0,272311.0,272311.0,0.095075
1784647500,272310.0,272311.0,272284.0,272284.0,0.023586
1784647800,272283.0,272283.0,272000.0,272001.0,0.15159
1784648100,272001.0,272001.0,272000.0,272001.0,0.087165
1784648400,272283.0,272283.0,272001.0,272001.0,0.022487
1784648700,272001.0,272024.0,272001.0,272024.0,0.017845
1784649000,272079.0,272122.0,272079.0,272122.0,0.017301
1784649300,272082.0,272271.0,272082.0,272209.0,0.014639
1784649600,272093.0,272283.0,272051.0,272283.0,0.002138
1784649900,272305.0,272305.0,272158.0,272158.0,0.020205
1784650200,272002.0,272002.0,272001.0,272002.0,0.020027
1784650500,272000.0,272001.0,272000.0,272001.0,0.009268
1784650800,272001.0,272001.0,272001.0,272001.0,0.011865
1784651100,272001.0,272001.0,272001.0,272001.0,0.001011
1784651400,272000.0,272000.0,271726.0,271727.0,0.00831
1784651700,271727.0,272134.0,271727.0,271926.0,0.015335
1784652000,271926.0,271926.0,271863.0,271863.0,0.005915
1784652300,271601.0,271602.0,271601.0,271601.0,0.006065
1784652600,271601.0,271704.0,271601.0,271603.0,0.01504
1784652900,271920.0,271920.0,271920.0,271920.0,0.000542
1784653200,271714.0,271726.0,271639.0,271639.0,0.002575
1784653500,271625.0,271626.0,271625.0,271626.0,0.002537
1784653800,271601.0,271601.0,271601.0,271601.0,0.004499
1784654100,271600.0,271600.0,271501.0,271501.0,0.008208
1784654400,271500.0,271500.0,271500.0,271500.0,0.001847
1784654700,271501.0,271501.0,271500.0,271501.0,0.007126
1784655000,271500.0,271500.0,271500.0,271500.0,0.003008
1784655300,271500.0,271500.0,271413.0,271418.0,0.021175
1784655600,271382.0,271479.0,271381.0,271479.0,0.003955
1784655900,271000.0,271000.0,270317.0,270317.0,0.060432
1784656200,270600.0,270800.0,270542.0,270542.0,0.012205
1784656500,270411.0,270411.0,270359.0,270359.0,0.024665
1784656800,270217.0,270217.0,270217.0,270217.0,0.007401
1784657100,270344.0,270828.0,270344.0,270828.0,0.014965
1784657400,270828.0,270828.0,270828.0,270828.0,0.0
1784657700,270603.0,270603.0,270603.0,270603.0,0.001677
1784658000,270547.0,270702.0,270547.0,270702.0,0.003125
1784658300,270408.0,270425.0,270278.0,270425.0,0.027971
1784658600,270426.0,270426.0,270217.0,270413.0,0.00144
1784658900,270413.0,270413.0,270413.0,270413.0,0.0
1784659200,270413.0,270413.0,270413.0,270413.0,0.0
1784659500,270686.0,270686.0,270686.0,270686.0,0.000819
1784659800,270686.0,270686.0,270685.0,270686.0,0.023192
1784660100,270686.0,270686.0,270686.0,270686.0,0.004941
1784660400,270686.0,270686.0,270685.0,270685.0,0.007249
1784660700,270686.0,270686.0,270685.0,270685.0,0.029614
1784661000,270685.0,270685.0,270685.0,270685.0,0.022166
1784661300,270685.0,270685.0,270685.0,270685.0,0.000757
1784661600,270686.0,270686.0,270686.0,270686.0,0.003035
1784661900,270686.0,270686.0,270686.0,270686.0,0.006719
1784662200,270686.0,270686.0,270686.0,270686.0,0.0
1784662500,270687.0,270687.0,270687.0,270687.0,0.019758
1784662800,271113.0,271113.0,271113.0,271113.0,0.032335
1784663100,271113.0,271113.0,271113.0,271113.0,0.000158
1784663400,271114.0,271177.0,271114.0,271177.0,0.001583
1784663700,271177.0,271177.0,271102.0,271102.0,0.020692
1784664000,271102.0,271102.0,271102.0,271102.0,0.0
1784664300,271095.0,271129.0,271095.0,271129.0,0.025819
1784664600,271145.0,271145.0,271031.0,271031.0,0.00802
1784664900,270973.0,270973.0,270972.0,270973.0,0.019929
1784665200,270973.0,270973.0,270973.0,270973.0,0.001299
1784665500,270973.0,270973.0,270973.0,270973.0,0.021829
1784665800,271091.0,271091.0,271091.0,271091.0,0.007377
1784666100,271091.0,271091.0,271091.0,271091.0,0.0
1784666400,271252.0,271252.0,271252.0,271252.0,0.001011
1784666700,271252.0,271252.0,271252.0,271252.0,0.0
1784667000,271225.0,271225.0,271112.0,271112.0,0.072256
1784667300,271112.0,271112.0,271112.0,271112.0,0.0
1784667600,270773.0,270773.0,270773.0,270773.0,0.007377
1784667900,270772.0,270772.0,270772.0,270772.0,0.0009
1784668200,270951.0,271001.0,270951.0,271001.0,0.327044
1784668500,271001.0,271001.0,271001.0,271001.0,0.0
1784668800,270828.0,270828.0,270828.0,270828.0,0.000579
1784669100,270828.0,270828.0,270828.0,270828.0,0.0
1784669400,270645.0,270645.0,270644.0,270644.0,0.021276
1784669700,270645.0,270843.0,270645.0,270843.0,0.022163
1784670000,270843.0,270843.0,270843.0,270843.0,0.0
1784670300,270843.0,270843.0,270843.0,270843.0,0.0
1784670600,270835.0,270935.0,270835.0,270935.0,0.00875
1784670900,270861.0,271033.0,270861.0,270867.0,0.005469
1784671200,270848.0,270848.0,270845.0,270845.0,0.002093
1784671500,270773.0,270773.0,270772.0,270772.0,0.02862
1784671800,270805.0,270805.0,270805.0,270805.0,0.000534
1784672100,270805.0,270805.0,270457.0,270457.0,0.024106
1784672400,270302.0,270441.0,270302.0,270385.0,0.008524
1784672700,270303.0,270409.0,270303.0,270409.0,0.002248
1784673000,270412.0,270412.0,270412.0,270412.0,0.000957
1784673300,270644.0,270645.0,270644.0,270644.0,0.00786
1784673600,270645.0,270645.0,270644.0,270645.0,0.074994
1784673900,270402.0,270402.0,270402.0,270402.0,0.003037
1784674200,270486.0,270486.0,270486.0,270486.0,0.018489
1784674500,270566.0,270566.0,270566.0,270566.0,0.042781
1784674800,270566.0,270566.0,270382.0,270522.0,0.021158
1784675100,270521.0,270521.0,270398.0,270429.0,0.024843
1784675400,270429.0,270585.0,270380.0,270436.0,0.002718
1784675700,270480.0,270521.0,270480.0,270521.0,0.008746
1784676000,270706.0,270706.0,270705.0,270706.0,0.000737
1784676300,270706.0,270743.0,270706.0,270743.0,0.013324
1784676600,270742.0,270956.0,270742.0,270956.0,0.039764
1784676900,270956.0,270956.0,270955.0,270955.0,0.003659
1784677200,270956.0,270956.0,270956.0,270956.0,0.001495
1784677500,270956.0,270956.0,270955.0,270955.0,0.014711
1784677800,271100.0,271112.0,271100.0,271112.0,0.031081
1784678100,271146.0,271466.0,271146.0,271466.0,0.009614
1784678400,271466.0,271608.0,271466.0,271608.0,0.007789
1784678700,271622.0,271622.0,271621.0,271622.0,0.015834
1784679000,271625.0,271872.0,271624.0,271872.0,0.00555
1784679300,271892.0,271893.0,271784.0,271784.0,0.007149
1784679600,271818.0,272023.0,271818.0,272023.0,0.006163
1784679900,271903.0,271904.0,271903.0,271903.0,0.008743
1784680200,271903.0,272052.0,271903.0,272052.0,0.008777
1784680500,272053.0,272053.0,271904.0,271970.0,0.028245
1784680800,271970.0,271971.0,271970.0,271971.0,0.019842
1784681100,271977.0,272047.0,271739.0,271740.0,0.079122
1784681400,271918.0,271919.0,271795.0,271857.0,0.008863
1784681700,271857.0,271857.0,271856.0,271856.0,0.008212
1784682000,271857.0,271857.0,271628.0,271628.0,0.009994
1784682300,271709.0,271710.0,271709.0,271709.0,0.059019
1784682600,271579.0,271579.0,271407.0,271407.0,0.000499
1784682900,271406.0,271407.0,271362.0,271362.0,0.035333
1784683200,271363.0,271363.0,271146.0,271146.0,0.12724
1784683500,271145.0,271146.0,271111.0,271111.0,0.012541
1784683800,271111.0,271111.0,271110.0,271110.0,0.00236
1784684100,271110.0,271111.0,271110.0,271111.0,0.012889
1784684400,271110.0,271111.0,271000.0,271000.0,0.079273
1784684700,271126.0,271144.0,271126.0,271144.0,0.04201
1784685000,271144.0,271144.0,271143.0,271144.0,0.021247
1784685300,271144.0,271144.0,271143.0,271143.0,0.007234
1784685600,271144.0,271144.0,271144.0,271144.0,0.024536
1784685900,271143.0,271144.0,271143.0,271144.0,0.046115
1784686200,271114.0,271145.0,271113.0,271145.0,0.006509
1784686500,271145.0,271146.0,271145.0,271146.0,0.009585
1784686800,271146.0,271177.0,271145.0,271177.0,0.004258
1784687100,271165.0,271166.0,271165.0,271166.0,0.003372
1784687400,271027.0,271027.0,271003.0,271004.0,0.00992
1784687700,271003.0,271004.0,270822.0,270822.0,0.015933
1784688000,270852.0,271027.0,270852.0,271026.0,0.020926
1784688300,270918.0,270957.0,270918.0,270957.0,0.018524
1784688600,270948.0,270948.0,270926.0,270926.0,0.025287
1784688900,270929.0,270929.0,270928.0,270928.0,0.022303
1784689200,270929.0,270929.0,270929.0,270929.0,0.029445
1784689500,270928.0,270929.0,270928.0,270929.0,0.006489
1784689800,270928.0,270928.0,270501.0,270502.0,0.123571
1784690100,270502.0,270502.0,270501.0,270502.0,0.004093
1784690400,270502.0,270509.0,270502.0,270508.0,0.043358
1784690700,270509.0,270795.0,270509.0,270795.0,0.015055
1784691000,270794.0,270795.0,270794.0,270795.0,0.00897
1784691300,270640.0,270640.0,270576.0,270577.0,0.114528
1784691600,270577.0,270704.0,270577.0,270704.0,0.015609
1784691900,270935.0,270986.0,270871.0,270986.0,0.038919
1784692200,270929.0,270929.0,270720.0,270720.0,0.01201
1784692500,270721.0,270721.0,270501.0,270501.0,0.160521
1784692800,270501.0,270501.0,270500.0,270501.0,0.114473
1784693100,270645.0,270852.0,270645.0,270852.0,0.009301
1784693400,270852.0,270852.0,270851.0,270851.0,0.00399
1784693700,270852.0,270852.0,270851.0,270851.0,0.233138
1784694000,270852.0,270852.0,270852.0,270852.0,0.002839
1784694300,270852.0,270852.0,270852.0,270852.0,0.0
1784694600,270852.0,270870.0,270852.0,270870.0,0.057726
1784694900,270870.0,270870.0,270869.0,270869.0,0.007579
1784695200,270870.0,270871.0,270869.0,270871.0,0.002257
1784695500,270871.0,270914.0,270871.0,270914.0,0.047965
1784695800,270915.0,271080.0,270915.0,271080.0,0.013931
1784696100,271079.0,271079.0,271044.0,271044.0,0.012045
1784696400,271046.0,271046.0,271006.0,271006.0,0.027593
1784696700,271006.0,271007.0,271006.0,271006.0,0.021851
1784697000,271007.0,271007.0,271001.0,271001.0,0.03003
1784697300,271001.0,271001.0,270849.0,270849.0,0.02117
1784697600,270603.0,270603.0,270216.0,270216.0,0.049087
1784697900,270220.0,270220.0,270217.0,270217.0,0.070756
1784698200,270217.0,270217.0,270132.0,270132.0,0.026363
1784698500,270131.0,270132.0,270001.0,270002.0,0.026212
1784698800,270002.0,270002.0,270001.0,270002.0,0.01941
1784699100,270002.0,270062.0,270000.0,270000.0,0.054874
1784699400,270000.0,270001.0,270000.0,270001.0,0.009823
1784699700,270001.0,270001.0,270000.0,270001.0,0.031878
1784700000,270001.0,270001.0,270000.0,270001.0,0.02605
1784700300,270001.0,270001.0,270000.0,270001.0,0.080112
1784700600,270001.0,270001.0,270000.0,270000.0,0.042632
1784700900,270001.0,270001.0,270000.0,270001.0,0.089941
1784701200,270000.0,270001.0,270000.0,270000.0,0.006374
1784701500,270000.0,270001.0,270000.0,270001.0,0.006298
1784701800,270001.0,270001.0,269868.0,269868.0,0.019328
1784702100,269869.0,269976.0,269869.0,269883.0,0.031082
1784702400,269897.0,270001.0,269896.0,270001.0,0.014604
1784702700,269917.0,269918.0,269884.0,269884.0,0.014302
1784703000,269883.0,269883.0,269883.0,269883.0,0.002391
1784703300,269884.0,269884.0,269883.0,269883.0,0.00856
1784703600,269998.0,269998.0,269883.0,269884.0,0.020276
1784703900,269998.0,269998.0,269998.0,269998.0,0.009051
1784704200,269998.0,269998.0,269997.0,269997.0,0.006605
1784704500,269886.0,269886.0,269589.0,269589.0,0.017205
1784704800,269589.0,269590.0,269589.0,269590.0,0.188794
1784705100,269590.0,269590.0,269552.0,269587.0,0.053841
1784705400,269587.0,269587.0,269443.0,269443.0,0.010339
1784705700,269443.0,269444.0,269443.0,269444.0,0.005647
1784706000,269370.0,269370.0,269108.0,269291.0,0.037329
1784706300,269292.0,269360.0,269292.0,269317.0,0.004872
1784706600,269316.0,269317.0,269292.0,269293.0,0.027889
1784706900,269292.0,269366.0,269292.0,269366.0,0.061539
1784707200,269365.0,269590.0,269365.0,269590.0,0.06697
1784707500,269590.0,270000.0,269590.0,269999.0,0.167392
1784707800,269999.0,270001.0,269999.0,270000.0,0.006726
1784708100,270001.0,270009.0,270000.0,270008.0,0.011641
1784708400,270009.0,270355.0,270009.0,270354.0,0.187953
1784708700,270255.0,270255.0,270116.0,270116.0,0.002564
1784709000,270275.0,270275.0,270275.0,270275.0,0.000797
1784709300,270139.0,270139.0,270005.0,270005.0,0.026444
1784709600,270005.0,270005.0,270000.0,270001.0,0.007166
1784709900,269999.0,269999.0,269806.0,269806.0,0.46505
1784710200,269807.0,269807.0,269717.0,269717.0,0.467499
1784710500,269730.0,269850.0,269730.0,269849.0,0.003609
1784710800,269735.0,269887.0,269734.0,269887.0,0.005244
1784711100,269887.0,270133.0,269739.0,270132.0,0.011718
1784711400,270133.0,270133.0,269808.0,269867.0,0.023366
1784711700,269867.0,270178.0,269866.0,270178.0,0.018266
1784712000,270136.0,270139.0,270135.0,270139.0,0.013362
1784712300,270138.0,270139.0,269951.0,269962.0,0.022097
1784712600,269962.0,269962.0,269642.0,269642.0,0.001913
1784712900,269642.0,269643.0,269501.0,269504.0,0.00564
1784713200,269504.0,269504.0,269500.0,269501.0,0.014055
1784713500,269501.0,269641.0,269369.0,269641.0,0.006252
1784713800,269416.0,269416.0,269320.0,269320.0,0.172496
1784714100,269465.0,269539.0,269465.0,269539.0,0.016807
1784714400,269685.0,269692.0,269557.0,269692.0,0.002117
1784714700,269691.0,269692.0,269691.0,269692.0,0.012023
1784715000,269691.0,269692.0,269691.0,269692.0,0.003253
1784715300,269692.0,269692.0,269691.0,269691.0,0.000787
1784715600,269691.0,269691.0,269691.0,269691.0,0.0
1784715900,269692.0,269692.0,269692.0,269692.0,0.089086
1784716200,269692.0,269692.0,269691.0,269691.0,0.001633
1784716500,269691.0,269692.0,269691.0,269691.0,0.002798
1784716800,269691.0,269691.0,269686.0,269686.0,0.023791
1784717100,269686.0,270026.0,269686.0,270026.0,0.159224
1784717400,270043.0,270043.0,270030.0,270031.0,0.025463
1784717700,270003.0,270003.0,269877.0,269878.0,0.002846
1784718000,269878.0,269878.0,269683.0,269684.0,0.377305
1784718300,269683.0,269684.0,269683.0,269684.0,0.012082
1784718600,269684.0,269684.0,269684.0,269684.0,0.001657
1784718900,269684.0,269684.0,269683.0,269683.0,0.032204
1784719200,269684.0,269684.0,269683.0,269684.0,0.009949
1784719500,269685.0,269686.0,269685.0,269685.0,0.079068
1784719800,269686.0,269686.0,269686.0,269686.0,0.021563
1784720100,269686.0,269686.0,269686.0,269686.0,0.007605
1784720400,269602.0,269602.0,269602.0,269602.0,0.01344
1784720700,269602.0,269686.0,269602.0,269685.0,0.075546
1784721000,269686.0,269789.0,269686.0,269789.0,0.012455
1784721300,269789.0,269789.0,269788.0,269789.0,0.002239
1784721600,269789.0,269789.0,269789.0,269789.0,0.002553
1784721900,269788.0,269788.0,269501.0,269501.0,0.066985
1784722200,269502.0,269502.0,269501.0,269502.0,0.561803
1784722500,269501.0,269501.0,269501.0,269501.0,0.021738
1784722800,269500.0,269501.0,269500.0,269501.0,0.019715
1784723100,269501.0,269501.0,269500.0,269500.0,0.007297
1784723400,269501.0,269501.0,269243.0,269243.0,0.009448
1784723700,269243.0,269243.0,269058.0,269104.0,0.034299
1784724000,269104.0,269104.0,269054.0,269054.0,0.038661
1784724300,269054.0,269054.0,269000.0,269000.0,0.083926
1784724600,268733.0,268733.0,268599.0,268599.0,0.006558
1784724900,268600.0,268600.0,268387.0,268387.0,0.009967
1784725200,268418.0,268419.0,268352.0,268353.0,0.038962
1784725500,268441.0,268454.0,268227.0,268454.0,0.021725
1784725800,268454.0,268563.0,268454.0,268552.0,0.041982
1784726100,268455.0,268455.0,268455.0,268455.0,0.001599
1784726400,268455.0,268455.0,268455.0,268455.0,0.003626
1784726700,268455.0,268455.0,268455.0,268455.0,0.185891
1784727000,268588.0,268600.0,268519.0,268600.0,0.058228
1784727300,268619.0,269279.0,268619.0,268858.0,0.045388
1784727600,269008.0,269421.0,269008.0,269421.0,0.014242
1784727900,269421.0,269422.0,269421.0,269421.0,0.004343
1784728200,269422.0,269422.0,269421.0,269422.0,0.005509
1784728500,269596.0,269596.0,269505.0,269534.0,0.008426
1784728800,269534.0,269587.0,269534.0,269587.0,0.007935
1784729100,269600.0,270337.0,269600.0,269658.0,0.144589
1784729400,269803.0,269867.0,269502.0,269502.0,0.007194
1784729700,269501.0,269501.0,268857.0,268891.0,0.061414
1784730000,268890.0,268890.0,268687.0,268687.0,0.045428
1784730300,268564.0,268683.0,268556.0,268556.0,0.00331
1784730600,268501.0,268669.0,268500.0,268669.0,0.007042
1784730900,268668.0,269014.0,268668.0,268770.0,0.030958
1784731200,268743.0,268743.0,268676.0,268676.0,0.008972
1784731500,268501.0,268704.0,268501.0,268502.0,0.097268
1784731800,268769.0,268769.0,268769.0,268769.0,0.009795
1784732100,268707.0,268707.0,268707.0,268707.0,0.002265
1784732400,268763.0,269038.0,268763.0,269038.0,0.09766
1784732700,269258.0,269306.0,269258.0,269306.0,0.027089
1784733000,269368.0,269503.0,269327.0,269503.0,0.051371
1784733300,269503.0,269503.0,269502.0,269503.0,0.014994
1784733600,269635.0,269821.0,269635.0,269821.0,0.042639
1784733900,269880.0,270000.0,269880.0,270000.0,0.004841
1784734200,270000.0,270151.0,270000.0,270151.0,0.051673
1784734500,270032.0,270032.0,270027.0,270027.0,0.000658
1784734800,270027.0,270028.0,270027.0,270028.0,0.004028
1784735100,270027.0,270028.0,270027.0,270028.0,0.025278
1784735400,270028.0,270028.0,270028.0,270028.0,0.114049
1784735700,270027.0,270028.0,270027.0,270028.0,0.003017
1784736000,270028.0,270028.0,270026.0,270026.0,0.003067
1784736300,270027.0,270243.0,270027.0,270243.0,0.027618
1784736600,270243.0,270243.0,270096.0,270229.0,0.006729
1784736900,270117.0,270117.0,270006.0,270006.0,0.016731
1784737200,270007.0,270007.0,269705.0,269705.0,0.096266
1784737500,269705.0,269719.0,269642.0,269719.0,0.000502
1784737800,269937.0,270644.0,269937.0,270644.0,0.06227
1784738100,270645.0,270867.0,270645.0,270867.0,0.00585
1784738400,270868.0,270899.0,270868.0,270899.0,0.012656
1784738700,270871.0,270871.0,270870.0,270870.0,0.003221
1784739000,270871.0,270871.0,270867.0,270867.0,0.052018
1784739300,270867.0,270868.0,270867.0,270867.0,0.072042
1784739600,270868.0,270868.0,270867.0,270867.0,0.025201
1784739900,270867.0,270868.0,270867.0,270868.0,0.007692
1784740200,270867.0,270868.0,270867.0,270867.0,0.046888
1784740500,270867.0,270867.0,270275.0,270275.0,0.168901
1784740800,270301.0,270301.0,270185.0,270185.0,0.028559
1784741100,270156.0,270156.0,270156.0,270156.0,0.000361
1784741400,270156.0,270156.0,270155.0,270155.0,0.00464
1784741700,270156.0,270363.0,270156.0,270333.0,0.011261
1784742000,270364.0,270364.0,270364.0,270364.0,0.003135
1784742300,270363.0,270530.0,270363.0,270529.0,0.002558
1784742600,270529.0,270529.0,270529.0,270529.0,0.0
1784742900,270529.0,270529.0,270529.0,270529.0,0.0
1784743200,270361.0,270361.0,270200.0,270207.0,0.006994
1784743500,270163.0,270163.0,270162.0,270162.0,0.002055
1784743800,270162.0,270162.0,270162.0,270162.0,0.0
1784744100,270156.0,270156.0,270155.0,270155.0,0.010771
1784744400,270155.0,270156.0,269648.0,269648.0,0.026156
1784744700,269548.0,269548.0,269548.0,269548.0,0.000558
1784745000,269479.0,269479.0,269306.0,269306.0,0.026926
1784745300,269306.0,269306.0,269306.0,269306.0,0.0
1784745600,269307.0,269307.0,269307.0,269307.0,0.000887
1784745900,269307.0,269307.0,269307.0,269307.0,0.039689
1784746200,269307.0,269307.0,269307.0,269307.0,0.003228
1784746500,269307.0,269484.0,269307.0,269484.0,0.016446
1784746800,269531.0,269531.0,269475.0,269475.0,0.057321
1784747100,269305.0,269305.0,269301.0,269301.0,0.003725
1784747400,269300.0,269301.0,269300.0,269300.0,0.00399
1784747700,269166.0,269166.0,269165.0,269165.0,0.001368
1784748000,269239.0,269293.0,269239.0,269293.0,0.006785
1784748300,269293.0,269293.0,269293.0,269293.0,0.0
1784748600,269604.0,269604.0,269604.0,269604.0,0.000579
1784748900,269604.0,269604.0,269604.0,269604.0,0.0
1784749200,269478.0,269481.0,269475.0,269481.0,0.001835
1784749500,269417.0,269417.0,269318.0,269397.0,0.015577
1784749800,269477.0,269530.0,269477.0,269530.0,0.173999
1784750100,269686.0,269686.0,269685.0,269685.0,0.000335
1784750400,269678.0,269678.0,269530.0,269530.0,0.007772
1784750700,269275.0,269275.0,269275.0,269275.0,0.000185
1784751000,269274.0,269320.0,269274.0,269320.0,0.0098
1784751300,269320.0,269320.0,269320.0,269320.0,0.0
1784751600,269320.0,269320.0,269320.0,269320.0,0.0
1784751900,269574.0,269574.0,269574.0,269574.0,0.005686
1784752200,269574.0,269574.0,269574.0,269574.0,0.003665
1784752500,269515.0,269515.0,269515.0,269515.0,0.000361
1784752800,269515.0,269524.0,269515.0,269524.0,0.008426
1784753100,269524.0,269524.0,269524.0,269524.0,0.0
1784753400,269524.0,269524.0,269524.0,269524.0,0.0
1784753700,269554.0,269554.0,269527.0,269527.0,0.003691
1784754000,269518.0,269518.0,269518.0,269518.0,0.000161
1784754300,269518.0,269518.0,269518.0,269518.0,0.000927
1784754600,269533.0,269533.0,269532.0,269533.0,0.004328
1784754900,269514.0,269514.0,269514.0,269514.0,0.000241
1784755200,269515.0,269515.0,269515.0,269515.0,0.060556
1784755500,269515.0,269515.0,269515.0,269515.0,0.0
1784755800,269492.0,269493.0,269492.0,269493.0,0.003733
1784756100,269493.0,269493.0,269493.0,269493.0,0.0
1784756400,269493.0,269493.0,269493.0,269493.0,0.0
1784756700,270058.0,270058.0,270058.0,270058.0,0.001866
1784757000,270056.0,270056.0,270056.0,270056.0,0.000185
1784757300,269960.0,269960.0,269959.0,269959.0,0.001883
1784757600,269904.0,269904.0,269904.0,269904.0,0.0089
1784757900,269798.0,269798.0,269683.0,269683.0,0.021727
1784758200,269828.0,269828.0,269828.0,269828.0,0.00037
1784758500,269734.0,269770.0,269734.0,269769.0,0.018287
1784758800,269706.0,269706.0,269706.0,269706.0,0.000764
1784759100,269853.0,269853.0,269852.0,269852.0,0.008232
1784759400,269743.0,269747.0,269743.0,269747.0,0.012236
1784759700,269747.0,269747.0,269747.0,269747.0,0.000171
1784760000,269746.0,269746.0,269529.0,269547.0,0.081914
1784760300,269547.0,269700.0,269547.0,269700.0,0.02064
1784760600,269804.0,269827.0,269804.0,269827.0,0.002174
1784760900,269875.0,270003.0,269875.0,270003.0,0.001439
1784761200,269863.0,269900.0,269810.0,269810.0,0.007874
1784761500,269845.0,269986.0,269845.0,269986.0,0.006227
1784761800,269986.0,269987.0,269986.0,269986.0,0.038067
1784762100,269492.0,269492.0,269490.0,269490.0,0.003281
1784762400,269481.0,269675.0,269481.0,269674.0,0.004121
1784762700,269674.0,269674.0,269674.0,269674.0,0.0
1784763000,269662.0,269797.0,269661.0,269661.0,0.023812
1784763300,269491.0,269679.0,269491.0,269652.0,0.020564
1784763600,269652.0,269652.0,269629.0,269629.0,0.013988
1784763900,269770.0,269784.0,269770.0,269783.0,0.00429
1784764200,269784.0,269784.0,269784.0,269784.0,0.000721
1784764500,269922.0,269922.0,269922.0,269922.0,0.001631
1784764800,270217.0,270217.0,270132.0,270132.0,0.001579
1784765100,270213.0,270215.0,270213.0,270215.0,0.04261
1784765400,270351.0,270383.0,270351.0,270383.0,0.087098
1784765700,270392.0,270492.0,270392.0,270406.0,0.047749
1784766000,270488.0,270491.0,270488.0,270491.0,0.004347
1784766300,270491.0,270546.0,270491.0,270546.0,0.002504
1784766600,270546.0,270546.0,270546.0,270546.0,0.000435
1784766900,270678.0,270678.0,270401.0,270401.0,0.041861
1784767200,270400.0,270401.0,270234.0,270234.0,0.006388
1784767500,270234.0,270235.0,270234.0,270235.0,0.024012
1784767800,270234.0,270234.0,270021.0,270035.0,0.012849
1784768100,270035.0,270035.0,270011.0,270011.0,0.022324
1784768400,270011.0,270012.0,270011.0,270011.0,0.018712
1784768700,270195.0,270225.0,269888.0,269888.0,0.03502
1784769000,269888.0,269889.0,269762.0,269762.0,0.018871
1784769300,269763.0,269763.0,269571.0,269571.0,0.010208
1784769600,269571.0,269571.0,269531.0,269531.0,0.016494
1784769900,269530.0,269530.0,269400.0,269400.0,0.011267
1784770200,269401.0,269401.0,269400.0,269400.0,0.011176
1784770500,269400.0,269401.0,269172.0,269172.0,0.015183
1784770800,269001.0,269002.0,268867.0,268867.0,0.016786
1784771100,268878.0,268966.0,268872.0,268902.0,0.123213
1784771400,268892.0,268963.0,268892.0,268963.0,0.007319
1784771700,268962.0,268963.0,268962.0,268963.0,0.081642
1784772000,268963.0,268964.0,268819.0,268842.0,0.007048
1784772300,268919.0,268951.0,268919.0,268951.0,0.021518
1784772600,268951.0,268951.0,268950.0,268951.0,0.025611
1784772900,268951.0,268951.0,268950.0,268951.0,0.00349
1784773200,268950.0,268951.0,268950.0,268951.0,0.003978
1784773500,268951.0,268951.0,268801.0,268801.0,0.031586
1784773800,268801.0,268963.0,268801.0,268963.0,0.009764
1784774100,268963.0,268963.0,268864.0,268865.0,0.003644
1784774400,268864.0,268864.0,268862.0,268862.0,0.009676
1784774700,268915.0,268915.0,268914.0,268915.0,0.003225
1784775000,268915.0,268915.0,268863.0,268864.0,0.013659
1784775300,268864.0,268954.0,268864.0,268953.0,0.003365
1784775600,268954.0,268954.0,268864.0,268864.0,0.00556
1784775900,268864.0,268864.0,268801.0,268801.0,0.013253
1784776200,268802.0,268802.0,268328.0,268328.0,0.065321
1784776500,268325.0,268325.0,268300.0,268302.0,0.045558
1784776800,268302.0,268407.0,268302.0,268377.0,0.076432
1784777100,268378.0,268378.0,268300.0,268377.0,0.008291
1784777400,268387.0,268510.0,268387.0,268413.0,0.010404
1784777700,268414.0,268507.0,268414.0,268507.0,0.016646
1784778000,268507.0,268545.0,268462.0,268463.0,0.00925
1784778300,268478.0,268478.0,268477.0,268478.0,0.011289
1784778600,268396.0,268544.0,268396.0,268544.0,0.014732
1784778900,268434.0,268434.0,268433.0,268434.0,0.016495
1784779200,268434.0,268434.0,268433.0,268433.0,0.000525
1784779500,268448.0,268448.0,268447.0,268448.0,0.052101
1784779800,268448.0,268448.0,268447.0,268448.0,0.02862
1784780100,268448.0,268534.0,268448.0,268534.0,0.002643
1784780400,268534.0,268534.0,268533.0,268534.0,0.012459
1784780700,268534.0,268543.0,268533.0,268543.0,0.009461
1784781000,268544.0,268544.0,268543.0,268543.0,0.009736
1784781300,268544.0,268544.0,268448.0,268448.0,0.014495
1784781600,268448.0,268449.0,268448.0,268449.0,0.006867
1784781900,268449.0,268449.0,268447.0,268447.0,0.015891
1784782200,268448.0,268448.0,268447.0,268448.0,0.00935
1784782500,268447.0,268447.0,268300.0,268301.0,0.0417
1784782800,268300.0,268301.0,268300.0,268301.0,0.009151
1784783100,268301.0,268301.0,268300.0,268301.0,0.013684
1784783400,268301.0,268302.0,268300.0,268302.0,0.009242
1784783700,268302.0,268324.0,268302.0,268324.0,0.069706
1784784000,268324.0,268325.0,268324.0,268325.0,0.008641
1784784300,268325.0,268542.0,268324.0,268541.0,0.010677
1784784600,268542.0,268544.0,268542.0,268543.0,0.006984
1784784900,268544.0,268544.0,268543.0,268544.0,0.013278
1784785200,268544.0,268544.0,268543.0,268544.0,0.0505
1784785500,268544.0,268698.0,268544.0,268695.0,0.01835
1784785800,268427.0,268573.0,268427.0,268573.0,0.042508
1784786100,268572.0,268573.0,268572.0,268572.0,0.007254
1784786400,268573.0,268682.0,268548.0,268548.0,0.011747
1784786700,268606.0,268606.0,268482.0,268482.0,0.007931
1784787000,268463.0,268463.0,268431.0,268449.0,0.003568
1784787300,268449.0,268605.0,268449.0,268467.0,0.291059
1784787600,268539.0,268582.0,268426.0,268426.0,0.00393
1784787900,268302.0,268754.0,268302.0,268754.0,0.018169
1784788200,268754.0,268755.0,268754.0,268755.0,0.045712
1784788500,268755.0,268755.0,268754.0,268755.0,0.046142
1784788800,268755.0,268755.0,268754.0,268755.0,0.006742
1784789100,268854.0,268855.0,268854.0,268855.0,0.001919
1784789400,268854.0,268855.0,268854.0,268855.0,0.006542
1784789700,268855.0,268855.0,268854.0,268854.0,0.02005
1784790000,268855.0,268855.0,268753.0,268753.0,0.0393
1784790300,268753.0,268753.0,268753.0,268753.0,0.01939
1784790600,268753.0,268753.0,267709.0,267709.0,0.32488
1784790900,267710.0,267710.0,267709.0,267710.0,0.020181
1784791200,267709.0,267716.0,267583.0,267583.0,0.225757
1784791500,267583.0,267610.0,267583.0,267610.0,0.084068
1784791800,267610.0,267610.0,267589.0,267589.0,0.021555
1784792100,267589.0,267590.0,267589.0,267590.0,0.008741
1784792400,267589.0,267589.0,267588.0,267589.0,0.009059
1784792700,267588.0,267604.0,267581.0,267583.0,0.047485
1784793000,267583.0,267583.0,267581.0,267581.0,0.000919
1784793300,267580.0,267581.0,267580.0,267580.0,0.003705
1784793600,267581.0,267582.0,267581.0,267582.0,0.005978
1784793900,267582.0,267609.0,267581.0,267608.0,0.082022
1784794200,267609.0,267973.0,267608.0,267973.0,0.024062
1784794500,267974.0,268150.0,267973.0,268149.0,0.094077
1784794800,268150.0,268152.0,268122.0,268122.0,0.007223
1784795100,268123.0,268123.0,268123.0,268123.0,0.189611
1784795400,268386.0,268386.0,268384.0,268384.0,0.002445
1784795700,268491.0,268492.0,268433.0,268434.0,0.005592
1784796000,268357.0,268452.0,268357.0,268452.0,0.004793
1784796300,268452.0,268452.0,268451.0,268452.0,0.0198
1784796600,268387.0,268408.0,268365.0,268408.0,0.209106
1784796900,268408.0,268488.0,268407.0,268488.0,0.156833
1784797200,268481.0,268481.0,268481.0,268481.0,0.000918
1784797500,268746.0,268746.0,268745.0,268745.0,0.081361
1784797800,268675.0,268675.0,268675.0,268675.0,0.001778
1784798100,268633.0,268750.0,268633.0,268684.0,0.010634
1784798400,268786.0,268786.0,268748.0,268748.0,0.003489
1784798700,268748.0,268787.0,268747.0,268787.0,0.018061
1784799000,268768.0,268789.0,268767.0,268789.0,0.041524
1784799300,268789.0,268789.0,268788.0,268788.0,0.027746
1784799600,268789.0,268789.0,268788.0,268789.0,0.00357
1784799900,268789.0,268802.0,268788.0,268802.0,0.010435
1784800200,268802.0,268802.0,268788.0,268788.0,0.035541
1784800500,268789.0,268789.0,268787.0,268788.0,0.001905
1784800800,268788.0,268788.0,268787.0,268787.0,0.013818
1784801100,268788.0,268788.0,268702.0,268702.0,0.004919
1784801400,268701.0,268780.0,268701.0,268780.0,0.009022
1784801700,268801.0,268801.0,268800.0,268801.0,0.003449
1784802000,268801.0,268801.0,268719.0,268797.0,0.019487
1784802300,268815.0,268847.0,268815.0,268846.0,0.285884
1784802600,268847.0,268859.0,268846.0,268859.0,0.047871
1784802900,268859.0,268860.0,268859.0,268859.0,0.008127
1784803200,268860.0,268860.0,268859.0,268859.0,0.002683
1784803500,268860.0,268860.0,268859.0,268860.0,0.014758
1784803800,268860.0,268860.0,268859.0,268860.0,0.019461
1784804100,268859.0,268859.0,268824.0,268825.0,0.031284
1784804400,268825.0,268825.0,268823.0,268824.0,0.001251
1784804700,268823.0,268823.0,268823.0,268823.0,0.004336
1784805000,268823.0,268824.0,268823.0,268824.0,0.001559
1784805300,268824.0,268824.0,268823.0,268824.0,0.030461
1784805600,268824.0,268824.0,268823.0,268823.0,0.00262
1784805900,268805.0,268805.0,268800.0,268800.0,0.010179
1784806200,268800.0,268801.0,268800.0,268801.0,0.001134
1784806500,268800.0,268800.0,268800.0,268800.0,0.020752
1784806800,268800.0,268800.0,268650.0,268651.0,0.015779
1784807100,268650.0,268651.0,268650.0,268650.0,0.012639
1784807400,268650.0,268650.0,268649.0,268650.0,0.004436
1784807700,268650.0,268650.0,268649.0,268649.0,0.001503
1784808000,268650.0,268650.0,268623.0,268624.0,0.016234
1784808300,268624.0,268624.0,268501.0,268502.0,0.041674
1784808600,268501.0,268501.0,268268.0,268268.0,0.013684
1784808900,268235.0,268235.0,268223.0,268223.0,0.012715
1784809200,268223.0,268224.0,268223.0,268224.0,0.023986
1784809500,268223.0,268223.0,268000.0,268000.0,0.235329
1784809800,268001.0,268001.0,267577.0,267578.0,0.105867
1784810100,267577.0,267577.0,267255.0,267256.0,0.067197
1784810400,267255.0,267255.0,267000.0,267001.0,0.043797
1784810700,267000.0,267001.0,266581.0,266582.0,0.136059
1784811000,266670.0,266971.0,266670.0,266970.0,0.034061
1784811300,266971.0,266971.0,266713.0,266714.0,0.02766
1784811600,266890.0,266890.0,266711.0,266711.0,0.031552
1784811900,266710.0,266710.0,266580.0,266581.0,0.05734
1784812200,266501.0,266501.0,266501.0,266501.0,0.002575
1784812500,266500.0,266501.0,266500.0,266500.0,0.008887
1784812800,266501.0,266527.0,266442.0,266464.0,0.153352
1784813100,266462.0,266462.0,266275.0,266275.0,0.044797
1784813400,266440.0,266585.0,266440.0,266584.0,0.011123
1784813700,266585.0,266585.0,266155.0,266156.0,0.077565
1784814000,266323.0,266574.0,266322.0,266424.0,0.01241
1784814300,266458.0,266458.0,266101.0,266102.0,0.068469
1784814600,266101.0,266295.0,266001.0,266295.0,0.03024
1784814900,266566.0,266566.0,266013.0,266013.0,0.007775
1784815200,266012.0,266012.0,266011.0,266012.0,0.00857
1784815500,266011.0,266012.0,266000.0,266000.0,0.017128
1784815800,265900.0,266391.0,265900.0,266391.0,0.116977
1784816100,266391.0,266410.0,266339.0,266339.0,0.038965
1784816400,266556.0,266588.0,266556.0,266588.0,0.089585
1784816700,266723.0,266774.0,266719.0,266719.0,0.012395
1784817000,266551.0,266681.0,266551.0,266570.0,0.028648
1784817300,266551.0,266858.0,266293.0,266782.0,0.034656
1784817600,266782.0,266782.0,266402.0,266402.0,0.010002
1784817900,266204.0,266204.0,266201.0,266201.0,0.004497
1784818200,266200.0,266200.0,265742.0,265742.0,0.008536
1784818500,265700.0,265701.0,265690.0,265690.0,0.005614
1784818800,265754.0,265755.0,265688.0,265688.0,0.15538
1784819100,265671.0,265671.0,265500.0,265555.0,0.014141
1784819400,265501.0,265501.0,265151.0,265151.0,0.056324
1784819700,265339.0,265440.0,265339.0,265440.0,0.028868
1784820000,265742.0,265863.0,265742.0,265863.0,0.0123
1784820300,265890.0,265890.0,265889.0,265889.0,0.099263
1784820600,265787.0,265908.0,265786.0,265862.0,0.009697
1784820900,265888.0,266011.0,265800.0,266010.0,0.018378
1784821200,266011.0,266011.0,265886.0,265938.0,0.029974
1784821500,265814.0,266052.0,265814.0,266052.0,0.008266
1784821800,266053.0,266188.0,266034.0,266034.0,0.015203
1784822100,266034.0,266202.0,266034.0,266078.0,0.019622
1784822400,266035.0,266035.0,265822.0,265823.0,0.002658
1784822700,265823.0,265823.0,265822.0,265822.0,0.003881
1784823000,265822.0,265822.0,265774.0,265775.0,0.04372
1784823300,265775.0,265775.0,265622.0,265622.0,0.019027
1784823600,265621.0,265621.0,265600.0,265601.0,0.003868
1784823900,265601.0,265601.0,265601.0,265601.0,0.035519
1784824200,265601.0,265601.0,265601.0,265601.0,0.000503
1784824500,265600.0,265600.0,265600.0,265600.0,0.000195
1784824800,265600.0,265600.0,265437.0,265438.0,0.0028
1784825100,265437.0,265437.0,265173.0,265266.0,0.002967
1784825400,265151.0,265231.0,265150.0,265231.0,0.14608
1784825700,265306.0,265336.0,265306.0,265336.0,0.018468
1784826000,265316.0,265316.0,265315.0,265315.0,0.004476
1784826300,265355.0,265355.0,265354.0,265354.0,0.000676
1784826600,265336.0,265336.0,265332.0,265332.0,0.000273
1784826900,265318.0,265358.0,265318.0,265358.0,0.022799
1784827200,265358.0,265358.0,265358.0,265358.0,0.0
1784827500,265537.0,265537.0,265537.0,265537.0,0.001442
1784827800,265579.0,265579.0,265579.0,265579.0,0.003665
1784828100,265610.0,265610.0,265465.0,265466.0,0.003368
1784828400,265466.0,265552.0,265466.0,265551.0,0.007256
1784828700,265552.0,265552.0,265551.0,265552.0,0.002039
1784829000,265503.0,265503.0,265502.0,265502.0,0.002496
1784829300,265452.0,265452.0,265301.0,265301.0,0.071214
1784829600,265301.0,265301.0,265301.0,265301.0,0.011104
1784829900,265301.0,265301.0,265301.0,265301.0,0.019568
1784830200,265300.0,265300.0,265300.0,265300.0,0.001764
1784830500,265236.0,265236.0,265235.0,265235.0,0.019818
1784830800,265236.0,265236.0,265164.0,265164.0,0.004876
1784831100,265278.0,265343.0,265278.0,265343.0,0.002162
1784831400,265343.0,265531.0,265343.0,265531.0,0.00091
1784831700,265624.0,265624.0,265623.0,265624.0,0.00182
1784832000,265624.0,265624.0,265495.0,265495.0,0.002666
1784832300,265821.0,265821.0,265821.0,265821.0,0.003806
1784832600,265821.0,265822.0,265821.0,265822.0,0.002143
1784832900,265821.0,265822.0,265749.0,265749.0,0.003318
1784833200,265816.0,265816.0,265816.0,265816.0,0.003718
1784833500,265816.0,265816.0,265816.0,265816.0,0.000556
1784833800,265479.0,265548.0,265479.0,265548.0,0.011071
1784834100,265578.0,265718.0,265578.0,265704.0,0.02027
1784834400,265597.0,265597.0,265558.0,265559.0,0.001154
1784834700,265822.0,265822.0,265821.0,265822.0,0.002625
1784835000,265822.0,265822.0,265822.0,265822.0,0.001576
1784835300,265822.0,265822.0,265822.0,265822.0,0.000233
1784835600,265458.0,265458.0,265277.0,265299.0,0.155946
1784835900,265299.0,265299.0,265299.0,265299.0,0.010134
1784836200,265298.0,265298.0,265292.0,265292.0,0.006805
1784836500,265401.0,265401.0,265401.0,265401.0,0.000342
1784836800,265760.0,265760.0,265760.0,265760.0,0.001947
1784837100,265823.0,266267.0,265823.0,266267.0,0.025662
1784837400,266267.0,266267.0,266267.0,266267.0,0.000291
1784837700,266403.0,266403.0,266403.0,266403.0,0.000498
1784838000,266403.0,266403.0,266403.0,266403.0,0.000365
1784838300,266403.0,266733.0,266403.0,266733.0,0.006423
1784838600,266733.0,266885.0,266713.0,266751.0,0.076074
1784838900,266752.0,266764.0,266752.0,266764.0,0.037312
1784839200,266764.0,266764.0,266764.0,266764.0,0.0
1784839500,266726.0,266726.0,266693.0,266693.0,0.008418
1784839800,266693.0,266704.0,266693.0,266704.0,0.000486
1784840100,266831.0,266831.0,266831.0,266831.0,0.003689
1784840400,266831.0,266886.0,266830.0,266886.0,0.001185
1784840700,266877.0,266877.0,266877.0,266877.0,0.001873
1784841000,266877.0,266877.0,266877.0,266877.0,0.0
1784841300,266877.0,266877.0,266877.0,266877.0,0.0
1784841600,266877.0,266877.0,266877.0,266877.0,0.0
1784841900,266679.0,266679.0,266679.0,266679.0,0.001125
1784842200,266679.0,266679.0,266679.0,266679.0,0.0
1784842500,266659.0,266659.0,266430.0,266504.0,0.005958
1784842800,266497.0,266601.0,266497.0,266572.0,0.031003
1784843100,266738.0,266738.0,266738.0,266738.0,0.000355
1784843400,266816.0,266817.0,266816.0,266817.0,0.025122
1784843700,266660.0,266778.0,266660.0,266778.0,0.007689
1784844000,266811.0,266811.0,266759.0,266759.0,0.00564
1784844300,266873.0,266978.0,266873.0,266978.0,0.00664
1784844600,266978.0,266978.0,266621.0,266621.0,0.003962
1784844900,266621.0,266629.0,266595.0,266595.0,0.006829
1784845200,266595.0,266775.0,266595.0,266775.0,0.002088
1784845500,266775.0,266886.0,266775.0,266886.0,0.017146
1784845800,266885.0,267043.0,266885.0,267026.0,0.002535
1784846100,267027.0,267027.0,267027.0,267027.0,0.000183
1784846400,267027.0,267027.0,267026.0,267027.0,0.002327
1784846700,267027.0,267027.0,267027.0,267027.0,0.001995
1784847000,267027.0,267027.0,266906.0,266906.0,0.014491
1784847300,266906.0,266975.0,266906.0,266975.0,0.000709
1784847600,266975.0,267077.0,266975.0,267077.0,0.016418
1784847900,267077.0,267106.0,267077.0,267105.0,0.005147
1784848200,267086.0,267086.0,266988.0,266988.0,0.035681
1784848500,267014.0,267015.0,267014.0,267014.0,0.005859
1784848800,267015.0,267015.0,267015.0,267015.0,0.005896
1784849100,267015.0,267015.0,267015.0,267015.0,0.001119
1784849400,266966.0,266967.0,266966.0,266967.0,0.004389
1784849700,267045.0,267138.0,267045.0,267138.0,0.006565
1784850000,267138.0,267138.0,267138.0,267138.0,0.008409
1784850300,267137.0,267138.0,267137.0,267138.0,0.00271
1784850600,267138.0,267138.0,267064.0,267064.0,0.010403
1784850900,267064.0,267064.0,267025.0,267025.0,0.01477
1784851200,267025.0,267026.0,267025.0,267025.0,0.015089
1784851500,267024.0,267024.0,266661.0,266661.0,0.190212
1784851800,266660.0,266660.0,266502.0,266502.0,0.09485
1784852100,266502.0,266502.0,266476.0,266476.0,0.007452
1784852400,266477.0,266477.0,266476.0,266477.0,0.039283
1784852700,266477.0,266477.0,266313.0,266313.0,0.035387
1784853000,266313.0,266313.0,266268.0,266268.0,0.002864
1784853300,266268.0,266268.0,266251.0,266252.0,0.00353
1784853600,266250.0,266251.0,266086.0,266087.0,0.041872
1784853900,266249.0,266249.0,266248.0,266248.0,0.003145
1784854200,266249.0,266249.0,266248.0,266249.0,0.023429
1784854500,266248.0,266249.0,266248.0,266249.0,0.009682
1784854800,266249.0,266751.0,266249.0,266751.0,0.028535
1784855100,266963.0,266964.0,266963.0,266964.0,0.034352
1784855400,266964.0,266964.0,266863.0,266864.0,0.014517
1784855700,266864.0,266864.0,266863.0,266864.0,0.007533
1784856000,266863.0,266864.0,266863.0,266864.0,0.024019
1784856300,266863.0,267028.0,266863.0,267028.0,0.019637
1784856600,266937.0,266937.0,266937.0,266937.0,0.000693
1784856900,267124.0,267242.0,267124.0,267242.0,0.002239
1784857200,267264.0,267328.0,267264.0,267327.0,0.043932
1784857500,267327.0,267327.0,267326.0,267327.0,0.077035
1784857800,267327.0,267327.0,267326.0,267326.0,0.073343
1784858100,267325.0,267326.0,267325.0,267325.0,0.021608
1784858400,267321.0,267322.0,267320.0,267321.0,0.049996
1784858700,267321.0,267321.0,267052.0,267198.0,0.082201
1784859000,267197.0,267345.0,267197.0,267345.0,0.077483
1784859300,267345.0,267345.0,267307.0,267307.0,0.039801
1784859600,267307.0,267329.0,267171.0,267329.0,0.021621
1784859900,267364.0,267405.0,267364.0,267405.0,0.016035
1784860200,267387.0,267387.0,266820.0,266820.0,0.025215
1784860500,266696.0,266760.0,266696.0,266759.0,0.043416
1784860800,266774.0,266776.0,266774.0,266776.0,0.028766
1784861100,266776.0,266776.0,266775.0,266775.0,0.005562
1784861400,266775.0,266951.0,266775.0,266946.0,0.016008
1784861700,267001.0,267206.0,267001.0,267206.0,0.008949
1784862000,267206.0,267206.0,267205.0,267206.0,0.005169
1784862300,267206.0,267665.0,267206.0,267665.0,0.13016
1784862600,267666.0,267946.0,267665.0,267946.0,0.043325
1784862900,267946.0,268000.0,267946.0,267999.0,0.028367
1784863200,267999.0,268000.0,267999.0,267999.0,0.127781
1784863500,268000.0,268002.0,268000.0,268002.0,0.034418
1784863800,268001.0,268002.0,268001.0,268001.0,0.007171
1784864100,268002.0,268002.0,268001.0,268001.0,0.03933
1784864400,268001.0,268002.0,268001.0,268002.0,0.015329
1784864700,268002.0,268100.0,268002.0,268100.0,0.122918
1784865000,268100.0,268332.0,268100.0,268284.0,0.132414
1784865300,268316.0,268416.0,268316.0,268415.0,0.002637
1784865600,268415.0,268416.0,268415.0,268416.0,0.121299
1784865900,268416.0,268416.0,268416.0,268416.0,0.002856
1784866200,268416.0,268416.0,268308.0,268309.0,0.009137
1784866500,268309.0,268309.0,268307.0,268307.0,0.040139
1784866800,268308.0,268308.0,268307.0,268308.0,0.044394
1784867100,268308.0,268390.0,268307.0,268390.0,0.010606
1784867400,268341.0,268341.0,268322.0,268323.0,0.016562
1784867700,268303.0,268303.0,268302.0,268302.0,0.013609
1784868000,268302.0,268303.0,268302.0,268303.0,0.03347
1784868300,268302.0,268303.0,268302.0,268303.0,0.005034
1784868600,268302.0,268303.0,268302.0,268302.0,0.038871
1784868900,268281.0,268281.0,268281.0,268281.0,0.02912
1784869200,268280.0,268281.0,268221.0,268221.0,0.010026
1784869500,268220.0,268221.0,268220.0,268220.0,0.003816
1784869800,268221.0,268270.0,268221.0,268270.0,0.007612
1784870100,268269.0,268270.0,268269.0,268270.0,0.009583
1784870400,268270.0,268270.0,268269.0,268270.0,0.026427
1784870700,268270.0,268270.0,268270.0,268270.0,0.003153
1784871000,268270.0,268270.0,268237.0,268237.0,0.002288
1784871300,268236.0,268237.0,268236.0,268236.0,0.004101
1784871600,268237.0,268237.0,268236.0,268237.0,0.005019
1784871900,268237.0,268237.0,268237.0,268237.0,0.002528
1784872200,268237.0,268237.0,268236.0,268236.0,0.00106
1784872500,268236.0,268237.0,268236.0,268237.0,0.002862
1784872800,268237.0,268237.0,268237.0,268237.0,0.004162
1784873100,268236.0,268237.0,268236.0,268237.0,0.003293
1784873400,268270.0,268271.0,268269.0,268271.0,0.006229
1784873700,268271.0,268495.0,268270.0,268495.0,0.088727
1784874000,268500.0,268561.0,268500.0,268561.0,0.002728
1784874300,268620.0,268620.0,268620.0,268620.0,0.020439
1784874600,268593.0,268593.0,268592.0,268592.0,0.001767
1784874900,268592.0,268620.0,268592.0,268620.0,0.010098
1784875200,268619.0,268620.0,268619.0,268619.0,0.043013
1784875500,268620.0,268620.0,268619.0,268620.0,0.01557
1784875800,268620.0,268767.0,268620.0,268722.0,0.137324
1784876100,268722.0,268781.0,268696.0,268781.0,0.17614
1784876400,268799.0,268860.0,268799.0,268859.0,0.012034
1784876700,268860.0,268860.0,268859.0,268860.0,0.066776
1784877000,268958.0,269400.0,268958.0,269400.0,0.136215
1784877300,269448.0,269555.0,269448.0,269555.0,0.003778
1784877600,269680.0,269680.0,269393.0,269393.0,0.015028
1784877900,269400.0,269401.0,269263.0,269263.0,0.032547
1784878200,269263.0,269469.0,269043.0,269043.0,0.042537
1784878500,269019.0,269019.0,268822.0,268823.0,0.221759
1784878800,268822.0,268822.0,268123.0,268258.0,0.183122
1784879100,268300.0,268300.0,268299.0,268300.0,0.00646
1784879400,268335.0,268507.0,268335.0,268507.0,0.018284
1784879700,268607.0,268627.0,268607.0,268627.0,0.018955
1784880000,268626.0,268627.0,268626.0,268626.0,0.015792
1784880300,268627.0,268627.0,268626.0,268626.0,0.020067
1784880600,268657.0,268657.0,268657.0,268657.0,0.000776
1784880900,268657.0,268657.0,268657.0,268657.0,0.013195
1784881200,268657.0,268657.0,268193.0,268260.0,0.040939
1784881500,268254.0,268254.0,268253.0,268254.0,0.180047
1784881800,268255.0,268455.0,268255.0,268455.0,0.044971
1784882100,268439.0,268463.0,268434.0,268463.0,0.174613
1784882400,268614.0,268614.0,268613.0,268614.0,0.003841
1784882700,268612.0,268612.0,268611.0,268611.0,0.001909
1784883000,268612.0,268612.0,268611.0,268611.0,0.0086
1784883300,268611.0,268611.0,268404.0,268404.0,0.006981
1784883600,268404.0,268404.0,268254.0,268254.0,0.120206
1784883900,268255.0,268255.0,267201.0,267437.0,0.165072
1784884200,267437.0,267438.0,267020.0,267174.0,0.034947
1784884500,267054.0,267054.0,267005.0,267006.0,0.012594
1784884800,267006.0,267006.0,267005.0,267005.0,0.007589
1784885100,267006.0,267006.0,267005.0,267006.0,0.007342
1784885400,267006.0,267006.0,267001.0,267002.0,0.030735
1784885700,267001.0,267002.0,267001.0,267001.0,0.009452
1784886000,267002.0,267158.0,267002.0,267158.0,0.020078
1784886300,267158.0,267359.0,267158.0,267322.0,0.00807
1784886600,267323.0,267323.0,267323.0,267323.0,0.005107
1784886900,267323.0,267323.0,267322.0,267322.0,0.003368
1784887200,267323.0,267418.0,267305.0,267418.0,0.045276
1784887500,267414.0,267414.0,267216.0,267216.0,0.005241
1784887800,267215.0,267216.0,267002.0,267003.0,0.028553
1784888100,267002.0,267003.0,267002.0,267003.0,0.031258
1784888400,267003.0,267003.0,267002.0,267003.0,0.00213
1784888700,267002.0,267003.0,267002.0,267003.0,0.004356
1784889000,267096.0,267096.0,267056.0,267056.0,0.00284
1784889300,267025.0,267050.0,267024.0,267050.0,0.01073
1784889600,267043.0,267121.0,267043.0,267064.0,0.003294
1784889900,267049.0,267050.0,267049.0,267050.0,0.005116
1784890200,267050.0,267050.0,266944.0,266945.0,0.076328
1784890500,266945.0,266945.0,266686.0,266723.0,0.057358
1784890800,266724.0,266910.0,266687.0,266910.0,0.006509
1784891100,266910.0,266944.0,266910.0,266944.0,0.004966
1784891400,266913.0,266913.0,266838.0,266906.0,0.032534
1784891700,266906.0,267088.0,266906.0,267088.0,0.001869
1784892000,267088.0,267088.0,267088.0,267088.0,0.016195
1784892300,267088.0,267212.0,267088.0,267212.0,0.002367
1784892600,266987.0,266987.0,266971.0,266971.0,0.001306
1784892900,266970.0,266970.0,266839.0,266839.0,0.101193
1784893200,266935.0,266935.0,266838.0,266839.0,0.022651
1784893500,266838.0,266838.0,266252.0,266379.0,0.016875
1784893800,266765.0,267168.0,266765.0,267168.0,0.004502
1784894100,267224.0,267224.0,267136.0,267136.0,0.010192
1784894400,267231.0,267231.0,267137.0,267137.0,0.002319
1784894700,267137.0,267137.0,267137.0,267137.0,0.00434
1784895000,267230.0,267284.0,267230.0,267279.0,0.005647
1784895300,267176.0,267232.0,267144.0,267144.0,0.000692
1784895600,267137.0,267347.0,267137.0,267347.0,0.123625
1784895900,267314.0,267356.0,267214.0,267214.0,0.005961
1784896200,267139.0,267139.0,267138.0,267139.0,0.116125
1784896500,267137.0,267137.0,267136.0,267136.0,0.004698
1784896800,267137.0,267137.0,267136.0,267137.0,0.020742
1784897100,267136.0,267136.0,266397.0,266459.0,0.042804
1784897400,266294.0,266294.0,266293.0,266293.0,0.004249
1784897700,266294.0,266294.0,266201.0,266201.0,0.020606
1784898000,266201.0,266201.0,266080.0,266081.0,0.029757
1784898300,266080.0,266080.0,264662.0,264662.0,0.205452
1784898600,264501.0,264712.0,264500.0,264513.0,0.009754
1784898900,264513.0,264940.0,264513.0,264939.0,0.005708
1784899200,264940.0,264940.0,264619.0,264619.0,0.003297
1784899500,264505.0,264505.0,264504.0,264505.0,0.011437
1784899800,264504.0,264504.0,264369.0,264370.0,0.058351
1784900100,264370.0,264370.0,264370.0,264370.0,0.004692
1784900400,264370.0,264370.0,264060.0,264368.0,0.008076
1784900700,264523.0,264539.0,264173.0,264173.0,0.057706
1784901000,264056.0,264056.0,263020.0,263020.0,0.219576
1784901300,263020.0,263312.0,262840.0,263312.0,0.071686
1784901600,263381.0,263387.0,263200.0,263200.0,0.032322
1784901900,263200.0,263404.0,263141.0,263404.0,0.022579
1784902200,263545.0,263551.0,263326.0,263326.0,0.023108
1784902500,263119.0,263119.0,262500.0,262501.0,0.23768
1784902800,262501.0,262501.0,262223.0,262223.0,0.410135
1784903100,262223.0,262223.0,262168.0,262169.0,0.014465
1784903400,262187.0,262187.0,262186.0,262187.0,0.034938
1784903700,262187.0,262213.0,262187.0,262199.0,0.064845
1784904000,262198.0,262206.0,262198.0,262206.0,0.008056
1784904300,262206.0,262206.0,262205.0,262205.0,0.010874
1784904600,262205.0,262536.0,262205.0,262529.0,0.087688
1784904900,262701.0,262989.0,262701.0,262942.0,0.06101
1784905200,262979.0,262979.0,262978.0,262979.0,0.044006
1784905500,262979.0,262979.0,262406.0,262765.0,0.002934
1784905800,262753.0,263278.0,262753.0,263278.0,0.075353
1784906100,263279.0,263563.0,262864.0,262867.0,0.017006
1784906400,263136.0,263368.0,263136.0,263342.0,0.013522
1784906700,263328.0,263473.0,263328.0,263440.0,0.012462
1784907000,263417.0,263559.0,263412.0,263559.0,0.070604
1784907300,263674.0,263830.0,263674.0,263830.0,0.013569
1784907600,263831.0,263931.0,263606.0,263606.0,0.015626
1784907900,263616.0,263616.0,263616.0,263616.0,0.078987
1784908200,263616.0,263616.0,263401.0,263401.0,0.082534
1784908500,263593.0,263598.0,263400.0,263400.0,0.115217
1784908800,263400.0,263400.0,263373.0,263374.0,0.023024
1784909100,263382.0,263527.0,263351.0,263527.0,0.004614
1784909400,263510.0,263510.0,263444.0,263444.0,0.00417
1784909700,263352.0,263352.0,263352.0,263352.0,0.000384
1784910000,263507.0,263507.0,263507.0,263507.0,0.003736
1784910300,263507.0,263507.0,263397.0,263397.0,0.022957
1784910600,263354.0,263354.0,263131.0,263135.0,0.013481
1784910900,263107.0,263107.0,263107.0,263107.0,0.00076
1784911200,263107.0,263107.0,263107.0,263107.0,0.00172
1784911500,263107.0,263107.0,262557.0,262557.0,0.173361
1784911800,262627.0,262715.0,262540.0,262715.0,0.022103
1784912100,262990.0,262990.0,262990.0,262990.0,0.00037
1784912400,262990.0,262990.0,262990.0,262990.0,0.0
1784912700,262821.0,262829.0,262795.0,262795.0,0.002102
1784913000,262829.0,262829.0,262775.0,262792.0,0.001213
1784913300,262793.0,262830.0,262793.0,262830.0,0.002653
1784913600,263121.0,263121.0,263120.0,263121.0,0.002645
1784913900,263121.0,263395.0,263121.0,263395.0,0.013601
1784914200,263395.0,263397.0,263395.0,263397.0,0.049423
1784914500,263576.0,263576.0,263575.0,263575.0,0.001725
1784914800,263576.0,263576.0,263576.0,263576.0,0.00215
1784915100,263576.0,263576.0,263575.0,263576.0,0.02629
1784915400,263576.0,263576.0,263576.0,263576.0,0.001979
1784915700,263576.0,263576.0,263575.0,263575.0,0.011858
1784916000,263576.0,263576.0,263576.0,263576.0,0.000379
1784916300,263576.0,263576.0,263576.0,263576.0,0.000189
1784916600,263576.0,263576.0,263576.0,263576.0,0.006278
1784916900,263577.0,263577.0,263577.0,263577.0,0.000342
1784917200,263539.0,263606.0,263539.0,263606.0,0.002309
1784917500,263605.0,263606.0,263564.0,263564.0,0.065387
1784917800,263601.0,263605.0,263592.0,263592.0,0.008028
1784918100,263592.0,263605.0,263592.0,263605.0,0.012259
1784918400,263605.0,263605.0,263515.0,263515.0,0.002402
1784918700,263515.0,263515.0,263515.0,263515.0,0.0
1784919000,263821.0,263822.0,263821.0,263822.0,0.001236
1784919300,263822.0,263822.0,263822.0,263822.0,0.0
1784919600,263822.0,263822.0,263821.0,263821.0,0.008813
1784919900,263900.0,263900.0,263635.0,263635.0,0.001536
1784920200,263635.0,263724.0,263635.0,263724.0,0.001275
1784920500,263642.0,263739.0,263642.0,263739.0,0.001916
1784920800,263830.0,263830.0,263830.0,263830.0,0.001573
1784921100,263800.0,263800.0,263800.0,263800.0,0.003718
1784921400,263827.0,263828.0,263827.0,263828.0,0.000976
1784921700,263828.0,263828.0,263828.0,263828.0,0.01074
1784922000,263828.0,263828.0,263828.0,263828.0,0.0
1784922300,263960.0,263960.0,263905.0,263905.0,0.098768
1784922600,263819.0,263843.0,263819.0,263843.0,0.004404
1784922900,263860.0,263865.0,263860.0,263865.0,0.00045
1784923200,263865.0,263865.0,263865.0,263865.0,0.001317
1784923500,263865.0,263865.0,263818.0,263818.0,0.037905
1784923800,263818.0,263818.0,263817.0,263817.0,0.004631
1784924100,263817.0,263817.0,263817.0,263817.0,0.003356
1784924400,263818.0,263818.0,263818.0,263818.0,0.000203
1784924700,263818.0,263818.0,263818.0,263818.0,0.000407
1784925000,263750.0,263750.0,263750.0,263750.0,0.004025
1784925300,263750.0,263750.0,263750.0,263750.0,0.0
1784925600,263704.0,263704.0,263704.0,263704.0,0.001983
1784925900,263704.0,263704.0,263704.0,263704.0,0.000374
1784926200,263704.0,263704.0,263704.0,263704.0,0.003787
1784926500,263704.0,263704.0,263704.0,263704.0,0.0
1784926800,263704.0,263704.0,263704.0,263704.0,0.0
1784927100,263704.0,263704.0,263704.0,263704.0,0.0
1784927400,263704.0,263704.0,263704.0,263704.0,0.0
1784927700,263704.0,263704.0,263704.0,263704.0,0.000179
1784928000,263704.0,263704.0,263704.0,263704.0,0.0
1784928300,263704.0,263704.0,263704.0,263704.0,0.00075
1784928600,263704.0,263704.0,263704.0,263704.0,0.000401
1784928900,263703.0,263703.0,263703.0,263703.0,0.000721
1784929200,263704.0,263704.0,263704.0,263704.0,0.000758
1784929500,263704.0,263704.0,263704.0,263704.0,0.003026
1784929800,263703.0,263704.0,263703.0,263704.0,0.001475
1784930100,263704.0,263704.0,263704.0,263704.0,0.0
1784930400,263704.0,263704.0,263704.0,263704.0,0.000437
1784930700,263704.0,263704.0,263704.0,263704.0,0.000191
1784931000,263704.0,263704.0,263704.0,263704.0,0.003295
1784931300,263704.0,263704.0,263704.0,263704.0,0.0
1784931600,263704.0,263704.0,263704.0,263704.0,0.0
1784931900,263704.0,263704.0,263703.0,263703.0,0.0047
1784932200,263704.0,263704.0,263704.0,263704.0,0.002687
1784932500,263853.0,263853.0,263853.0,263853.0,0.002303
1784932800,263852.0,263853.0,263852.0,263853.0,0.000872
1784933100,263853.0,263853.0,263777.0,263777.0,0.003527
1784933400,263777.0,263777.0,263777.0,263777.0,0.007852
1784933700,263777.0,263777.0,263777.0,263777.0,0.000361
1784934000,263714.0,263714.0,263714.0,263714.0,0.003196
1784934300,263735.0,263735.0,263735.0,263735.0,0.002978
1784934600,263735.0,263735.0,263735.0,263735.0,0.001905
1784934900,263735.0,263735.0,263735.0,263735.0,0.00119
1784935200,263735.0,263735.0,263735.0,263735.0,0.000665
1784935500,263735.0,263735.0,263735.0,263735.0,0.016238
1784935800,263735.0,263767.0,263735.0,263767.0,0.001311
1784936100,263722.0,263722.0,263722.0,263722.0,0.000233
1784936400,263722.0,263722.0,263722.0,263722.0,0.000163
1784936700,263764.0,263764.0,263764.0,263764.0,0.002808
1784937000,263764.0,263764.0,263764.0,263764.0,0.003746
1784937300,263764.0,263764.0,263764.0,263764.0,0.012772
1784937600,263764.0,263764.0,263764.0,263764.0,0.004178
1784937900,263764.0,263764.0,263764.0,263764.0,0.0012
1784938200,263764.0,263764.0,263763.0,263763.0,0.005596
1784938500,263763.0,263764.0,263763.0,263764.0,0.002355
1784938800,263764.0,263764.0,263763.0,263764.0,0.006822
1784939100,263764.0,263764.0,263763.0,263764.0,0.026086
1784939400,263764.0,263764.0,263731.0,263731.0,0.005532
1784939700,263732.0,263732.0,263732.0,263732.0,0.002587
1784940000,263732.0,263732.0,263731.0,263731.0,0.072564
1784940300,263731.0,263731.0,263731.0,263731.0,0.008393
1784940600,263731.0,263731.0,263730.0,263730.0,0.017649
1784940900,263730.0,263730.0,263700.0,263701.0,0.06438
1784941200,263701.0,263701.0,263595.0,263678.0,0.009751
1784941500,263612.0,263612.0,263610.0,263611.0,0.027721
1784941800,263601.0,263601.0,263414.0,263414.0,0.115478
1784942100,263415.0,263415.0,263414.0,263414.0,0.003942
1784942400,263415.0,263415.0,263404.0,263405.0,0.001585
1784942700,263405.0,263405.0,263404.0,263405.0,0.011114
1784943000,263405.0,263405.0,263341.0,263341.0,0.003633
1784943300,263489.0,263572.0,263489.0,263572.0,0.031801
1784943600,263532.0,263532.0,263531.0,263531.0,0.015028
1784943900,263532.0,263591.0,263531.0,263591.0,0.014474
1784944200,263592.0,263592.0,263592.0,263592.0,0.001302
1784944500,263592.0,263592.0,263529.0,263529.0,0.001066
1784944800,263530.0,263530.0,263529.0,263529.0,0.003942
1784945100,263529.0,263530.0,263529.0,263530.0,0.01326
1784945400,263530.0,263530.0,263530.0,263530.0,0.003494
1784945700,263530.0,263530.0,263530.0,263530.0,0.00757
1784946000,263530.0,263530.0,263442.0,263442.0,0.019926
1784946300,263410.0,263410.0,263409.0,263410.0,0.014653
1784946600,263410.0,263410.0,263341.0,263341.0,0.000886
1784946900,263340.0,263341.0,263340.0,263341.0,0.006974
1784947200,263341.0,263341.0,263341.0,263341.0,0.00476
1784947500,263341.0,263341.0,263341.0,263341.0,0.00739
1784947800,263341.0,263341.0,263341.0,263341.0,0.001069
1784948100,263341.0,263341.0,263341.0,263341.0,0.010682
1784948400,263340.0,263340.0,263340.0,263340.0,0.00311
1784948700,263340.0,263341.0,263340.0,263341.0,0.007446
1784949000,263341.0,263341.0,263341.0,263341.0,0.00776
1784949300,263341.0,263341.0,263341.0,263341.0,0.026517
1784949600,263341.0,263341.0,263340.0,263341.0,0.009398
1784949900,263341.0,263442.0,263341.0,263441.0,0.018781
1784950200,263441.0,263442.0,263441.0,263442.0,0.006317
1784950500,263442.0,263442.0,263442.0,263442.0,0.013582
1784950800,263441.0,263442.0,263441.0,263442.0,0.011206
1784951100,263442.0,263442.0,263442.0,263442.0,0.09875
1784951400,263442.0,263442.0,263442.0,263442.0,0.031374
1784951700,263442.0,263442.0,263442.0,263442.0,0.000852
1784952000,263442.0,263442.0,263442.0,263442.0,0.001088
1784952300,263449.0,263532.0,263449.0,263532.0,0.011896
1784952600,263532.0,263532.0,263532.0,263532.0,0.006665
1784952900,263539.0,263539.0,263539.0,263539.0,0.006947
1784953200,263539.0,263540.0,263539.0,263540.0,0.006733
1784953500,263539.0,263539.0,263539.0,263539.0,0.001136
1784953800,263540.0,263540.0,263539.0,263539.0,0.013596
1784954100,263539.0,263540.0,263539.0,263539.0,0.005344
1784954400,263636.0,263801.0,263636.0,263801.0,0.008211
1784954700,263809.0,263810.0,263809.0,263810.0,0.011503
1784955000,263810.0,263811.0,263810.0,263811.0,0.014151
1784955300,263811.0,263811.0,263724.0,263724.0,0.004744
1784955600,263763.0,263823.0,263762.0,263823.0,0.00525
1784955900,263823.0,263823.0,263822.0,263822.0,0.002802
1784956200,263765.0,263766.0,263765.0,263766.0,0.002263
1784956500,263766.0,263766.0,263766.0,263766.0,0.001016
1784956800,263766.0,263766.0,263765.0,263765.0,0.010312
1784957100,263766.0,263766.0,263766.0,263766.0,0.001229
1784957400,263766.0,263766.0,263711.0,263711.0,0.005596
1784957700,263555.0,263555.0,263554.0,263554.0,0.006668
1784958000,263442.0,263443.0,263442.0,263443.0,0.043152
1784958300,263443.0,263443.0,263442.0,263443.0,0.005072
1784958600,263443.0,263443.0,263400.0,263400.0,0.106976
1784958900,263343.0,263343.0,263341.0,263341.0,0.005586
1784959200,263342.0,263342.0,263342.0,263342.0,0.006975
1784959500,263342.0,263342.0,263341.0,263342.0,0.012512
1784959800,263342.0,263342.0,263341.0,263341.0,0.001149
1784960100,263342.0,263342.0,263341.0,263342.0,0.006348
1784960400,263342.0,263342.0,263342.0,263342.0,0.005321
1784960700,263342.0,263342.0,263342.0,263342.0,0.011352
1784961000,263342.0,263342.0,263300.0,263300.0,0.094041
1784961300,263247.0,263247.0,263246.0,263246.0,0.020052
1784961600,263246.0,263247.0,263246.0,263246.0,0.125745
1784961900,263247.0,263247.0,263201.0,263202.0,0.002708
1784962200,263201.0,263202.0,263201.0,263202.0,0.004337
1784962500,263202.0,263202.0,263201.0,263201.0,0.006309
1784962800,263202.0,263202.0,263202.0,263202.0,0.001297
1784963100,263201.0,263202.0,263201.0,263202.0,0.009862
1784963400,263202.0,263202.0,263202.0,263202.0,0.005677
1784963700,263202.0,263202.0,263201.0,263202.0,0.011684
1784964000,263202.0,263202.0,263201.0,263201.0,0.005713
1784964300,263201.0,263201.0,263200.0,263200.0,0.226239
1784964600,263200.0,263201.0,263200.0,263201.0,0.009525
1784964900,263201.0,263201.0,263201.0,263201.0,0.006599
1784965200,263201.0,263201.0,263200.0,263201.0,0.093006
1784965500,263201.0,263201.0,263201.0,263201.0,0.020174
1784965800,263201.0,263201.0,263200.0,263201.0,0.003011
1784966100,263200.0,263201.0,263200.0,263200.0,0.00955
1784966400,263201.0,263201.0,263186.0,263186.0,0.009156
1784966700,263187.0,263187.0,263166.0,263167.0,0.121452
1784967000,263167.0,263167.0,263167.0,263167.0,0.004724
1784967300,263167.0,263167.0,263166.0,263166.0,0.00111
1784967600,263139.0,263139.0,263139.0,263139.0,0.000754
1784967900,263139.0,263139.0,263139.0,263139.0,0.000384
1784968200,263139.0,263139.0,263139.0,263139.0,0.001315
1784968500,263032.0,263032.0,263031.0,263031.0,0.018556
1784968800,263032.0,263032.0,263032.0,263032.0,0.006489
1784969100,263032.0,263032.0,263000.0,263000.0,0.300937
1784969400,263001.0,263001.0,262553.0,262553.0,0.141164
1784969700,262553.0,262553.0,262400.0,262527.0,0.027648
1784970000,262528.0,262567.0,262528.0,262567.0,0.010905
1784970300,262530.0,262530.0,262429.0,262429.0,0.028442
1784970600,262500.0,262500.0,262500.0,262500.0,0.011428
1784970900,262567.0,262568.0,262567.0,262568.0,0.007837
1784971200,262568.0,262655.0,262568.0,262654.0,0.075997
1784971500,262668.0,262715.0,262668.0,262715.0,0.007344
1784971800,262758.0,262864.0,262758.0,262864.0,0.006227
1784972100,262864.0,262864.0,262864.0,262864.0,0.03905
1784972400,262835.0,262835.0,262834.0,262835.0,0.004003
1784972700,262883.0,262883.0,262882.0,262882.0,0.000734
1784973000,262976.0,263064.0,262976.0,263064.0,0.004106
1784973300,263064.0,263064.0,263064.0,263064.0,0.012352
1784973600,263063.0,263064.0,263063.0,263064.0,0.004403
1784973900,263063.0,263064.0,263063.0,263064.0,0.043926
1784974200,263063.0,263064.0,263063.0,263064.0,0.002349
1784974500,263064.0,263065.0,263064.0,263065.0,0.005197
1784974800,263065.0,263065.0,263064.0,263065.0,0.000934
1784975100,263064.0,263065.0,263064.0,263064.0,0.01085
1784975400,263065.0,263094.0,263065.0,263094.0,0.027173
1784975700,263094.0,263094.0,263093.0,263094.0,0.020303
1784976000,263094.0,263156.0,263094.0,263156.0,0.00455
1784976300,263156.0,263156.0,263156.0,263156.0,0.004863
1784976600,263156.0,263156.0,263131.0,263131.0,0.008365
1784976900,263252.0,263259.0,263252.0,263259.0,0.004402
1784977200,263269.0,263309.0,263258.0,263309.0,0.007084
1784977500,263339.0,263339.0,263320.0,263320.0,0.00443
1784977800,263314.0,263314.0,263299.0,263299.0,0.007773
1784978100,263299.0,263371.0,263298.0,263371.0,0.005985
1784978400,263370.0,263371.0,263370.0,263371.0,0.001895
1784978700,263371.0,263371.0,263371.0,263371.0,0.001861
1784979000,263454.0,263455.0,263454.0,263455.0,0.013465
1784979300,263391.0,263391.0,263391.0,263391.0,0.001857
1784979600,263304.0,263304.0,263304.0,263304.0,0.019718
1784979900,263305.0,263305.0,263304.0,263304.0,0.001789
1784980200,263346.0,263428.0,263346.0,263414.0,0.048187
1784980500,263414.0,263414.0,263413.0,263414.0,0.003509
1784980800,263342.0,263413.0,263342.0,263413.0,0.005003
1784981100,263413.0,263453.0,263413.0,263447.0,0.000965
1784981400,263399.0,263400.0,263312.0,263313.0,0.023704
1784981700,263356.0,263410.0,263356.0,263410.0,0.008451
1784982000,263410.0,263410.0,263314.0,263314.0,0.006713
1784982300,263314.0,263392.0,263314.0,263392.0,0.003123
1784982600,263327.0,263327.0,263327.0,263327.0,0.018518
1784982900,263340.0,263455.0,263340.0,263455.0,0.015501
1784983200,263500.0,263553.0,263500.0,263552.0,0.079289
1784983500,263553.0,263600.0,263553.0,263600.0,0.005013
1784983800,263600.0,263600.0,263599.0,263600.0,0.003419
1784984100,263599.0,263660.0,263599.0,263660.0,0.004095
1784984400,263660.0,263677.0,263660.0,263676.0,0.004278
1784984700,263677.0,263677.0,263676.0,263677.0,0.011846
1784985000,263677.0,263677.0,263677.0,263677.0,0.0
1784985300,263677.0,263677.0,263677.0,263677.0,0.001444
1784985600,263677.0,263677.0,263677.0,263677.0,0.000437
1784985900,263676.0,263677.0,263676.0,263676.0,0.038709
1784986200,263677.0,263677.0,263668.0,263668.0,0.006253
1784986500,263669.0,263721.0,263669.0,263721.0,0.002689
1784986800,263721.0,263970.0,263721.0,263970.0,0.017203
1784987100,263999.0,264000.0,263999.0,263999.0,0.012413
1784987400,264000.0,264000.0,263811.0,263811.0,0.006568
1784987700,263950.0,263950.0,263721.0,263721.0,0.006372
1784988000,263798.0,263798.0,263670.0,263670.0,0.000768
1784988300,263762.0,263803.0,263740.0,263803.0,0.001134
1784988600,263836.0,263850.0,263798.0,263850.0,0.003891
1784988900,263850.0,263850.0,263850.0,263850.0,0.000576
1784989200,263803.0,263839.0,263725.0,263726.0,0.026116
1784989500,263792.0,263792.0,263791.0,263791.0,0.009673
1784989800,263792.0,263901.0,263792.0,263901.0,0.038689
1784990100,263901.0,263974.0,263901.0,263974.0,0.005059
1784990400,263974.0,263974.0,263912.0,263912.0,0.006645
1784990700,263994.0,263994.0,263905.0,263905.0,0.011667
1784991000,263905.0,264004.0,263905.0,264004.0,0.014995
1784991300,264004.0,264077.0,264004.0,264077.0,0.034548
1784991600,264072.0,264072.0,264020.0,264021.0,0.058514
1784991900,264066.0,264090.0,264066.0,264090.0,0.011121
1784992200,264136.0,264260.0,264136.0,264259.0,0.012028
1784992500,264220.0,264220.0,264198.0,264198.0,0.003799
1784992800,264198.0,264250.0,264183.0,264183.0,0.006404
1784993100,264145.0,264145.0,264054.0,264054.0,0.016259
1784993400,264055.0,264055.0,264028.0,264029.0,0.037607
1784993700,264029.0,264145.0,264029.0,264145.0,0.002449
1784994000,264176.0,264176.0,264117.0,264117.0,0.004594
1784994300,264037.0,264037.0,264037.0,264037.0,0.020293
1784994600,264029.0,264029.0,264029.0,264029.0,0.002502
1784994900,264029.0,264029.0,264028.0,264028.0,0.032008
1784995200,264028.0,264028.0,264028.0,264028.0,0.006396
1784995500,264028.0,264028.0,264027.0,264027.0,0.001958
1784995800,264027.0,264027.0,264027.0,264027.0,0.0
1784996100,264055.0,264055.0,264027.0,264028.0,0.004789
1784996400,264028.0,264028.0,264000.0,264000.0,0.142052
1784996700,264001.0,264001.0,263885.0,263886.0,0.001103
1784997000,263886.0,263886.0,263886.0,263886.0,0.004124
1784997300,263988.0,264057.0,263988.0,264057.0,0.005041
1784997600,264058.0,264058.0,264057.0,264058.0,0.008054
1784997900,264058.0,264063.0,264057.0,264063.0,0.002807
1784998200,264063.0,264063.0,264063.0,264063.0,0.000267
1784998500,264064.0,264064.0,264064.0,264064.0,0.000887
1784998800,264064.0,264064.0,264064.0,264064.0,0.002006
1784999100,264064.0,264064.0,264064.0,264064.0,0.002266
1784999400,264064.0,264064.0,264064.0,264064.0,0.002681
1784999700,264064.0,264064.0,264064.0,264064.0,0.000863
1785000000,264064.0,264064.0,264064.0,264064.0,0.0
1785000300,264064.0,264064.0,264064.0,264064.0,0.000929
1785000600,264136.0,264136.0,264135.0,264136.0,0.004884
1785000900,264135.0,264136.0,264135.0,264136.0,0.004051
1785001200,264136.0,264136.0,264136.0,264136.0,0.0
1785001500,264136.0,264335.0,264136.0,264314.0,0.000887
1785001800,264380.0,264381.0,264267.0,264267.0,0.0144
1785002100,264267.0,264267.0,264267.0,264267.0,0.0
1785002400,264311.0,264621.0,264311.0,264621.0,0.030242
1785002700,264589.0,264610.0,264589.0,264610.0,0.000989
1785003000,264611.0,264611.0,264611.0,264611.0,0.000919
1785003300,264596.0,264687.0,264596.0,264687.0,0.009652
1785003600,264687.0,264687.0,264687.0,264687.0,0.0
1785003900,264622.0,264646.0,264622.0,264646.0,0.000941
1785004200,264821.0,264821.0,264821.0,264821.0,0.000304
1785004500,264821.0,264821.0,264821.0,264821.0,0.0
1785004800,264763.0,264763.0,264763.0,264763.0,0.001285
1785005100,264763.0,264853.0,264763.0,264853.0,0.000769
1785005400,264808.0,264808.0,264808.0,264808.0,0.000213
1785005700,264808.0,264808.0,264808.0,264808.0,0.0
1785006000,264861.0,264861.0,264843.0,264843.0,0.002052
1785006300,264843.0,264843.0,264843.0,264843.0,0.0
1785006600,264860.0,264860.0,264860.0,264860.0,0.000339
1785006900,264860.0,264860.0,264860.0,264860.0,0.001
1785007200,264861.0,264861.0,264861.0,264861.0,0.00088
1785007500,264861.0,264861.0,264861.0,264861.0,0.0
1785007800,264861.0,264861.0,264861.0,264861.0,0.0
1785008100,264856.0,264856.0,264856.0,264856.0,0.000306
1785008400,264844.0,264844.0,264844.0,264844.0,0.000793
1785008700,264840.0,264840.0,264840.0,264840.0,0.00028
1785009000,264840.0,264840.0,264840.0,264840.0,0.0
1785009300,264840.0,264840.0,264840.0,264840.0,0.0
1785009600,264814.0,264814.0,264814.0,264814.0,0.000158
1785009900,264814.0,264814.0,264814.0,264814.0,0.0
1785010200,264814.0,264814.0,264814.0,264814.0,0.0
1785010500,264708.0,264708.0,264708.0,264708.0,0.000103
1785010800,264708.0,264708.0,264708.0,264708.0,0.0
1785011100,264708.0,264708.0,264708.0,264708.0,0.0
1785011400,264708.0,264708.0,264708.0,264708.0,0.0
1785011700,264708.0,264708.0,264708.0,264708.0,0.0
1785012000,264708.0,264708.0,264708.0,264708.0,0.0
1785012300,264566.0,264566.0,264566.0,264566.0,0.004861
1785012600,264566.0,264566.0,264566.0,264566.0,0.0
1785012900,264648.0,264648.0,264648.0,264648.0,0.042758
1785013200,264648.0,264648.0,264648.0,264648.0,0.0
1785013500,264567.0,264567.0,264567.0,264567.0,0.002847
1785013800,264505.0,264505.0,264403.0,264403.0,0.004333
1785014100,264404.0,264404.0,264404.0,264404.0,0.003367
1785014400,264404.0,264404.0,264404.0,264404.0,0.0
1785014700,264404.0,264404.0,264404.0,264404.0,0.0
1785015000,264404.0,264404.0,264404.0,264404.0,0.0
1785015300,264404.0,264404.0,264404.0,264404.0,0.0
1785015600,264706.0,264706.0,264656.0,264656.0,0.000692
1785015900,264656.0,264656.0,264656.0,264656.0,0.000424
1785016200,264656.0,264656.0,264656.0,264656.0,0.0
1785016500,264704.0,264704.0,264704.0,264704.0,0.001346
1785016800,264705.0,264705.0,264705.0,264705.0,0.001064
1785017100,264785.0,264832.0,264785.0,264832.0,0.002706
1785017400,264837.0,264837.0,264837.0,264837.0,0.000868
1785017700,264837.0,264837.0,264837.0,264837.0,0.0
1785018000,264861.0,264861.0,264861.0,264861.0,0.000377
1785018300,264758.0,264758.0,264758.0,264758.0,0.000294
1785018600,264732.0,264750.0,264732.0,264750.0,0.001459
1785018900,264750.0,264850.0,264750.0,264850.0,0.004366
1785019200,264850.0,264850.0,264850.0,264850.0,0.0
1785019500,264853.0,264853.0,264808.0,264808.0,0.002325
1785019800,264863.0,264863.0,264863.0,264863.0,0.008806
1785020100,264863.0,264863.0,264863.0,264863.0,0.004764
1785020400,264863.0,264863.0,264862.0,264862.0,0.0048
1785020700,264863.0,264863.0,264863.0,264863.0,0.002064
1785021000,264863.0,264863.0,264863.0,264863.0,0.000804
1785021300,264863.0,264863.0,264863.0,264863.0,0.020531
1785021600,264863.0,264863.0,264863.0,264863.0,0.0
1785021900,264863.0,264863.0,264863.0,264863.0,0.000542
1785022200,264875.0,264875.0,264875.0,264875.0,0.000288
1785022500,264875.0,264875.0,264874.0,264874.0,0.002059
1785022800,264875.0,264875.0,264875.0,264875.0,0.000481
1785023100,264874.0,264875.0,264874.0,264875.0,0.001045
1785023400,264875.0,264875.0,264874.0,264874.0,0.003789
1785023700,264874.0,264874.0,264874.0,264874.0,0.000367
1785024000,264874.0,264874.0,264864.0,264864.0,0.042331
1785024300,264899.0,264899.0,264899.0,264899.0,0.000555
1785024600,264899.0,264899.0,264898.0,264899.0,0.025365
1785024900,264899.0,264899.0,264899.0,264899.0,0.020703
1785025200,264899.0,265012.0,264898.0,265012.0,0.022396
1785025500,265075.0,265205.0,265075.0,265205.0,0.006189
1785025800,265205.0,265205.0,265169.0,265199.0,0.01148
1785026100,265199.0,265199.0,265199.0,265199.0,0.0
1785026400,265030.0,265030.0,265030.0,265030.0,0.017206
1785026700,265000.0,265000.0,264993.0,264993.0,0.005478
1785027000,264992.0,265196.0,264992.0,265196.0,0.002666
1785027300,265195.0,265287.0,265195.0,265274.0,0.002878
1785027600,265348.0,265348.0,265196.0,265196.0,0.003399
1785027900,265215.0,265215.0,265214.0,265214.0,0.003576
1785028200,265168.0,265235.0,265168.0,265235.0,0.137485
1785028500,265235.0,265236.0,265235.0,265236.0,0.014104
1785028800,265236.0,265236.0,265211.0,265212.0,0.002148
1785029100,265212.0,265212.0,265191.0,265191.0,0.009716
1785029400,265192.0,265212.0,265191.0,265211.0,0.290474
1785029700,265211.0,265211.0,265211.0,265211.0,0.0
1785030000,265137.0,265137.0,265136.0,265136.0,0.003446
1785030300,265137.0,265137.0,265062.0,265132.0,0.01275
1785030600,265123.0,265154.0,265123.0,265154.0,0.005491
1785030900,265154.0,265154.0,265106.0,265106.0,0.041686
1785031200,265106.0,265106.0,265020.0,265084.0,0.027819
1785031500,265047.0,265047.0,265047.0,265047.0,0.006532
1785031800,265009.0,265144.0,265009.0,265144.0,0.016991
1785032100,265144.0,265144.0,265143.0,265144.0,0.013286
1785032400,265144.0,265144.0,265122.0,265123.0,0.016418
1785032700,265122.0,265123.0,265122.0,265123.0,0.011894
1785033000,265123.0,265123.0,265122.0,265123.0,0.016001
1785033300,265123.0,265123.0,265123.0,265123.0,0.003061
1785033600,265122.0,265123.0,265122.0,265123.0,0.003546
1785033900,265123.0,265123.0,265122.0,265123.0,0.022991
1785034200,265122.0,265228.0,265122.0,265228.0,0.001508
1785034500,265228.0,265228.0,265227.0,265227.0,0.003956
1785034800,265246.0,265246.0,265246.0,265246.0,0.004012
1785035100,265169.0,265169.0,265168.0,265169.0,0.003453
1785035400,265169.0,265320.0,265169.0,265319.0,0.015326
1785035700,265320.0,265320.0,265320.0,265320.0,0.001889
1785036000,265319.0,265320.0,265319.0,265320.0,0.000634
1785036300,265320.0,265320.0,265320.0,265320.0,0.011674
1785036600,265320.0,265320.0,265319.0,265320.0,0.004733
1785036900,265320.0,265320.0,265320.0,265320.0,0.002151
1785037200,265320.0,265320.0,265319.0,265319.0,0.014916
1785037500,265320.0,265320.0,265319.0,265320.0,0.011068
1785037800,265320.0,265320.0,265319.0,265320.0,0.010888
1785038100,265320.0,265320.0,265318.0,265318.0,0.003892
1785038400,265319.0,265319.0,265318.0,265319.0,0.003962
1785038700,265319.0,265319.0,265319.0,265319.0,0.0
1785039000,265319.0,265319.0,265319.0,265319.0,0.004738
1785039300,265303.0,265303.0,265303.0,265303.0,0.020648
1785039600,265303.0,265303.0,265301.0,265301.0,0.114248
1785039900,265302.0,265302.0,265302.0,265302.0,0.000376
1785040200,265302.0,265302.0,265302.0,265302.0,0.114421
1785040500,265301.0,265302.0,265301.0,265301.0,0.007132
1785040800,265302.0,265302.0,265301.0,265302.0,0.005175
1785041100,265302.0,265302.0,265301.0,265302.0,0.019401
1785041400,265302.0,265302.0,265301.0,265302.0,0.014081
1785041700,265301.0,265302.0,265301.0,265301.0,0.005976
1785042000,265302.0,265302.0,265302.0,265302.0,0.012002
1785042300,265302.0,265302.0,265302.0,265302.0,0.010403
1785042600,265302.0,265302.0,265302.0,265302.0,0.000802
1785042900,265301.0,265302.0,265301.0,265302.0,0.006241
1785043200,265302.0,265302.0,265302.0,265302.0,0.040054
1785043500,265302.0,265302.0,265302.0,265302.0,0.008167
1785043800,265302.0,265302.0,265128.0,265128.0,0.009285
1785044100,265128.0,265129.0,265128.0,265129.0,0.002106
1785044400,265129.0,265134.0,265128.0,265134.0,0.041319
1785044700,265126.0,265126.0,265126.0,265126.0,0.004033
1785045000,265126.0,265126.0,265126.0,265126.0,0.001511
1785045300,265123.0,265123.0,265122.0,265122.0,0.029029
1785045600,265123.0,265123.0,265100.0,265100.0,0.006703
1785045900,265003.0,265003.0,264869.0,264869.0,0.036105
1785046200,264869.0,264869.0,264564.0,264638.0,0.194987
1785046500,264638.0,264727.0,264619.0,264619.0,0.011459
1785046800,264619.0,264620.0,264559.0,264559.0,0.01578
1785047100,264559.0,264559.0,264559.0,264559.0,0.001631
1785047400,264559.0,264559.0,264559.0,264559.0,0.000887
1785047700,264600.0,264752.0,264600.0,264752.0,0.010485
1785048000,264774.0,264775.0,264774.0,264775.0,0.003389
1785048300,264775.0,264852.0,264775.0,264852.0,0.00666
1785048600,264852.0,264934.0,264852.0,264934.0,0.004295
1785048900,264984.0,265063.0,264984.0,265063.0,0.004248
1785049200,265063.0,265063.0,265062.0,265062.0,0.003195
1785049500,265022.0,265022.0,264978.0,264978.0,0.001913
1785049800,264885.0,264885.0,264885.0,264885.0,0.006416
1785050100,264987.0,264987.0,264955.0,264955.0,0.005656
1785050400,264870.0,264870.0,264844.0,264844.0,0.012043
1785050700,264843.0,264843.0,264843.0,264843.0,0.00354
1785051000,264843.0,264843.0,264843.0,264843.0,0.000262
1785051300,264843.0,264843.0,264837.0,264837.0,0.001979
1785051600,264836.0,264837.0,264836.0,264836.0,0.010117
1785051900,264833.0,264833.0,264832.0,264833.0,0.013383
1785052200,264833.0,264833.0,264831.0,264832.0,0.027536
1785052500,264832.0,264832.0,264832.0,264832.0,0.0
1785052800,264832.0,264832.0,264832.0,264832.0,0.001783
1785053100,264831.0,264832.0,264831.0,264831.0,0.024754
1785053400,264832.0,264832.0,264831.0,264831.0,0.004294
1785053700,264832.0,264832.0,264832.0,264832.0,0.005447
1785054000,265001.0,265001.0,265000.0,265000.0,0.039265
1785054300,264918.0,264918.0,264886.0,264887.0,0.02208
1785054600,264887.0,264887.0,264887.0,264887.0,0.000301
1785054900,264886.0,264887.0,264886.0,264887.0,0.010863
1785055200,264887.0,264993.0,264887.0,264993.0,0.018571
1785055500,265090.0,265090.0,265090.0,265090.0,0.001668
1785055800,265091.0,265091.0,265090.0,265090.0,0.017466
1785056100,265090.0,265090.0,265090.0,265090.0,0.003648
1785056400,265090.0,265090.0,265090.0,265090.0,0.02253
1785056700,265094.0,265147.0,265094.0,265147.0,0.015144
1785057000,265146.0,265146.0,265146.0,265146.0,0.032805
1785057300,265147.0,265311.0,265147.0,265311.0,0.005929
1785057600,265311.0,265312.0,265311.0,265311.0,0.018451
1785057900,265312.0,265312.0,265311.0,265311.0,0.005081
1785058200,265312.0,265312.0,265255.0,265255.0,0.001048
1785058500,265255.0,265312.0,265255.0,265312.0,0.052755
1785058800,265312.0,265312.0,265311.0,265311.0,0.005892
1785059100,265312.0,265312.0,265311.0,265312.0,0.016176
1785059400,265312.0,265312.0,265311.0,265312.0,0.007284
1785059700,265312.0,265312.0,265311.0,265311.0,0.048543
1785060000,265254.0,265254.0,265254.0,265254.0,0.001218
1785060300,265254.0,265254.0,265254.0,265254.0,0.000444
1785060600,265254.0,265254.0,265253.0,265254.0,0.022786
1785060900,265253.0,265254.0,265253.0,265254.0,0.005885
1785061200,265254.0,265305.0,265253.0,265305.0,0.004902
1785061500,265305.0,265305.0,265304.0,265305.0,0.001697
1785061800,265278.0,265278.0,265277.0,265277.0,0.001749
1785062100,265297.0,265298.0,265297.0,265298.0,0.004732
1785062400,265298.0,265313.0,265298.0,265312.0,0.023715
1785062700,265320.0,265320.0,265319.0,265319.0,0.039576
1785063000,265318.0,265319.0,265318.0,265319.0,0.00246
1785063300,265319.0,265319.0,265318.0,265318.0,0.002295
1785063600,265319.0,265319.0,265319.0,265319.0,0.013793
1785063900,265318.0,265318.0,265318.0,265318.0,0.001959
1785064200,265318.0,265318.0,265318.0,265318.0,0.0
1785064500,265319.0,265319.0,265319.0,265319.0,0.073729
1785064800,265319.0,265319.0,265318.0,265318.0,0.003955
1785065100,265318.0,265319.0,265318.0,265319.0,0.089228
1785065400,265319.0,265319.0,265319.0,265319.0,0.0
1785065700,265318.0,265319.0,265318.0,265319.0,0.007772
1785066000,265319.0,265319.0,265319.0,265319.0,0.000572
1785066300,265319.0,265319.0,265318.0,265318.0,0.008241
1785066600,265319.0,265319.0,265319.0,265319.0,0.003426
1785066900,265319.0,265319.0,265318.0,265318.0,0.004323
1785067200,265318.0,265319.0,265318.0,265319.0,0.010908
1785067500,265320.0,265756.0,265320.0,265739.0,0.022426
1785067800,265559.0,265613.0,265559.0,265613.0,0.019586
1785068100,265559.0,265559.0,265559.0,265559.0,0.003712
1785068400,265395.0,265395.0,265321.0,265380.0,0.009267
1785068700,265482.0,265493.0,265481.0,265493.0,0.001684
1785069000,265493.0,265493.0,265422.0,265423.0,0.002963
1785069300,265423.0,265423.0,265422.0,265423.0,0.055627
1785069600,265325.0,265325.0,265324.0,265324.0,0.002837
1785069900,265318.0,265318.0,265297.0,265298.0,0.016706
1785070200,265250.0,265250.0,265168.0,265168.0,0.002195
1785070500,265168.0,265168.0,265168.0,265168.0,0.008168
1785070800,265168.0,265168.0,265167.0,265168.0,0.015886
1785071100,265167.0,265168.0,265101.0,265101.0,0.105107
1785071400,265101.0,265101.0,265100.0,265100.0,0.006983
1785071700,265095.0,265096.0,265095.0,265096.0,0.024487
1785072000,265096.0,265343.0,265096.0,265342.0,0.003103
1785072300,265302.0,265302.0,265192.0,265192.0,0.005555
1785072600,265087.0,265087.0,265087.0,265087.0,0.00329
1785072900,265154.0,265154.0,265154.0,265154.0,0.000645
1785073200,265181.0,265377.0,265181.0,265377.0,0.038749
1785073500,265377.0,265377.0,265377.0,265377.0,0.022038
1785073800,265377.0,265377.0,265376.0,265377.0,0.00297
1785074100,265343.0,265344.0,265343.0,265343.0,0.134616
1785074400,265344.0,265344.0,265344.0,265344.0,0.000906
1785074700,265592.0,266000.0,265592.0,265999.0,0.015527
1785075000,266000.0,266000.0,265922.0,265942.0,0.001908
1785075300,265943.0,265943.0,265943.0,265943.0,0.000913
1785075600,265908.0,265909.0,265827.0,265828.0,0.039737
1785075900,265828.0,265828.0,265513.0,265728.0,0.002156
1785076200,265728.0,265909.0,265418.0,265418.0,0.005596
1785076500,265894.0,265942.0,265862.0,265942.0,0.003284
1785076800,265948.0,265999.0,265948.0,265998.0,0.056427
1785077100,265999.0,265999.0,265998.0,265999.0,0.049799
1785077400,265999.0,265999.0,265778.0,265983.0,0.259257
1785077700,265983.0,265983.0,265983.0,265983.0,0.0
1785078000,265991.0,265991.0,265990.0,265990.0,0.006305
1785078300,265991.0,265991.0,265983.0,265983.0,0.003393
1785078600,265984.0,265984.0,265983.0,265984.0,0.003552
1785078900,265985.0,265999.0,265985.0,265999.0,0.01331
1785079200,266000.0,266000.0,265999.0,266000.0,0.090743
1785079500,266000.0,266000.0,265999.0,266000.0,0.00739
1785079800,265999.0,266000.0,265999.0,265999.0,0.006208
1785080100,266000.0,266000.0,265999.0,266000.0,0.048433
1785080400,265999.0,266000.0,265999.0,266000.0,0.006261
1785080700,265999.0,266000.0,265999.0,266000.0,0.007292
1785081000,266000.0,266000.0,266000.0,266000.0,0.002191
1785081300,266000.0,266000.0,266000.0,266000.0,0.04354
1785081600,266000.0,266000.0,266000.0,266000.0,0.005645
1785081900,265999.0,266000.0,265998.0,265998.0,0.030541
1785082200,265998.0,265999.0,265998.0,265999.0,0.012156
1785082500,265999.0,265999.0,265998.0,265998.0,0.001053
1785082800,265998.0,265999.0,265998.0,265999.0,0.003587
1785083100,265999.0,266000.0,265999.0,266000.0,0.021253
1785083400,266000.0,266400.0,266000.0,266400.0,0.11568
1785083700,266459.0,266459.0,266335.0,266335.0,0.003589
1785084000,266334.0,266411.0,266334.0,266411.0,0.001008
1785084300,266328.0,266328.0,266282.0,266282.0,0.004714
1785084600,266338.0,266338.0,266033.0,266033.0,0.013185
1785084900,266032.0,266032.0,266032.0,266032.0,0.007021
1785085200,265986.0,265986.0,265985.0,265985.0,0.008492
1785085500,265991.0,265991.0,265991.0,265991.0,0.000367
1785085800,266050.0,266050.0,266050.0,266050.0,0.000548
1785086100,266181.0,266181.0,266086.0,266086.0,0.008171
1785086400,266052.0,266052.0,265995.0,265995.0,0.013318
1785086700,265996.0,265996.0,265996.0,265996.0,0.019052
1785087000,265995.0,266079.0,265995.0,266079.0,0.004937
1785087300,266080.0,266080.0,265988.0,265989.0,0.004223
1785087600,265989.0,265989.0,265989.0,265989.0,0.000384
1785087900,265988.0,265989.0,265988.0,265989.0,0.000592
1785088200,265989.0,265989.0,265989.0,265989.0,0.0
1785088500,265989.0,265989.0,265989.0,265989.0,0.0
1785088800,265989.0,265989.0,265989.0,265989.0,0.0
1785089100,265989.0,265989.0,265989.0,265989.0,0.000402
1785089400,265988.0,265988.0,265988.0,265988.0,0.000818
1785089700,265988.0,265988.0,265988.0,265988.0,0.001168
1785090000,265989.0,265989.0,265988.0,265989.0,0.001228
1785090300,265989.0,265989.0,265989.0,265989.0,0.0
1785090600,265989.0,265989.0,265989.0,265989.0,0.0
1785090900,265988.0,265988.0,265988.0,265988.0,0.018797
1785091200,265988.0,265988.0,265988.0,265988.0,0.0
1785091500,265989.0,266017.0,265988.0,266016.0,0.020687
1785091800,266179.0,266179.0,266179.0,266179.0,0.001147
1785092100,266127.0,266127.0,266127.0,266127.0,0.00651
1785092400,266127.0,266127.0,266059.0,266059.0,0.004449
1785092700,266060.0,266060.0,266060.0,266060.0,0.000871
1785093000,265996.0,265996.0,265996.0,265996.0,0.001353
1785093300,265997.0,265997.0,265996.0,265996.0,0.029596
1785093600,265995.0,265996.0,265995.0,265996.0,0.001966
1785093900,266015.0,266015.0,266015.0,266015.0,0.000388
1785094200,266123.0,266123.0,266123.0,266123.0,0.007403
1785094500,266123.0,266123.0,266123.0,266123.0,0.0
1785094800,266086.0,266086.0,266086.0,266086.0,0.000846
1785095100,266086.0,266086.0,266086.0,266086.0,0.0
1785095400,266019.0,266019.0,266019.0,266019.0,0.00045
1785095700,265993.0,265993.0,265993.0,265993.0,0.000157
1785096000,265993.0,265993.0,265993.0,265993.0,0.004983
1785096300,265993.0,265993.0,265993.0,265993.0,0.0
1785096600,265993.0,265993.0,265993.0,265993.0,0.0
1785096900,265994.0,265994.0,265994.0,265994.0,0.000198
1785097200,265993.0,265993.0,265993.0,265993.0,0.070492
1785097500,265993.0,265993.0,265993.0,265993.0,0.0
1785097800,265983.0,265983.0,265983.0,265983.0,0.000367
1785098100,265984.0,265984.0,265983.0,265983.0,0.008364
1785098400,265984.0,265984.0,265984.0,265984.0,0.007665
1785098700,265984.0,265984.0,265984.0,265984.0,0.0
1785099000,265984.0,265984.0,265984.0,265984.0,0.000939
1785099300,265983.0,265983.0,265983.0,265983.0,0.002577
1785099600,265984.0,265984.0,265984.0,265984.0,0.000163
1785099900,265984.0,265984.0,265984.0,265984.0,0.0
1785100200,265983.0,265984.0,265983.0,265984.0,0.012865
1785100500,265984.0,265984.0,265983.0,265983.0,0.00238
1785100800,265983.0,265983.0,265983.0,265983.0,0.0
1785101100,265984.0,266184.0,265984.0,266184.0,0.0501
1785101400,266184.0,266184.0,266183.0,266183.0,0.00761
1785101700,266183.0,266183.0,266183.0,266183.0,0.0
1785102000,266164.0,266165.0,266164.0,266165.0,0.005635
1785102300,266183.0,266183.0,266183.0,266183.0,0.00235
1785102600,266183.0,266183.0,266183.0,266183.0,0.0
1785102900,266184.0,266222.0,266184.0,266222.0,0.00113
1785103200,266847.0,267762.0,266847.0,267762.0,0.005652
1785103500,267774.0,267774.0,267629.0,267629.0,0.019283
1785103800,267629.0,267629.0,267629.0,267629.0,0.000264
1785104100,267826.0,267826.0,267787.0,267803.0,0.001702
1785104400,267691.0,267811.0,267660.0,267785.0,0.019969
1785104700,267803.0,267803.0,267803.0,267803.0,0.002112
1785105000,267778.0,267888.0,267778.0,267888.0,0.055394
1785105300,267888.0,267999.0,267887.0,267999.0,0.020132
1785105600,267999.0,268000.0,267999.0,267999.0,0.005506
1785105900,267999.0,268000.0,267999.0,268000.0,0.001982
1785106200,268000.0,268000.0,267999.0,267999.0,0.001778
1785106500,268000.0,268000.0,267856.0,267879.0,0.082661
1785106800,267931.0,267982.0,267887.0,267887.0,0.024378
1785107100,267886.0,267999.0,267886.0,267999.0,0.013444
1785107400,267999.0,267999.0,267889.0,267889.0,0.005621
1785107700,267889.0,268000.0,267889.0,267938.0,0.011151
1785108000,267937.0,267937.0,267889.0,267890.0,0.030236
1785108300,267889.0,267890.0,267889.0,267890.0,0.010002
1785108600,267889.0,267960.0,267672.0,267960.0,0.023114
1785108900,267749.0,267749.0,267725.0,267725.0,0.003114
1785109200,267649.0,267810.0,267649.0,267810.0,0.008932
1785109500,267947.0,267947.0,267829.0,267829.0,0.02229
1785109800,267843.0,267900.0,267843.0,267876.0,0.044131
1785110100,267753.0,267754.0,267753.0,267753.0,0.00307
1785110400,267817.0,267817.0,267749.0,267749.0,0.006423
1785110700,267631.0,267631.0,267001.0,267001.0,0.060774
1785111000,267001.0,267001.0,266876.0,266876.0,0.006618
1785111300,266877.0,266877.0,266833.0,266833.0,0.007922
1785111600,266707.0,266708.0,266707.0,266708.0,0.001865
1785111900,266708.0,266814.0,266708.0,266790.0,0.00921
1785112200,266723.0,266723.0,266219.0,266561.0,0.125454
1785112500,266376.0,266376.0,266311.0,266311.0,0.003039
1785112800,266310.0,266312.0,266310.0,266311.0,0.015009
1785113100,266444.0,266497.0,266312.0,266313.0,0.009581
1785113400,266313.0,266313.0,266311.0,266311.0,0.003934
1785113700,266312.0,266312.0,266236.0,266311.0,0.117233
1785114000,266289.0,266309.0,266289.0,266309.0,0.078956
1785114300,266308.0,266535.0,266308.0,266311.0,0.117768
1785114600,266310.0,266311.0,266310.0,266311.0,0.025247
1785114900,266311.0,266311.0,266074.0,266074.0,0.044835
1785115200,266074.0,266075.0,266074.0,266075.0,0.026657
1785115500,266075.0,266075.0,266057.0,266057.0,0.009284
1785115800,266002.0,266003.0,266001.0,266001.0,0.026958
1785116100,266000.0,266000.0,265505.0,265875.0,0.026761
1785116400,265857.0,265950.0,265857.0,265950.0,0.002109
1785116700,265949.0,266167.0,265853.0,266165.0,0.099892
1785117000,266165.0,266187.0,266165.0,266187.0,0.002845
1785117300,266187.0,266187.0,266186.0,266186.0,0.023567
1785117600,266187.0,266202.0,266187.0,266202.0,0.00736
1785117900,266203.0,266266.0,266203.0,266206.0,0.032964
1785118200,266211.0,266215.0,266210.0,266210.0,0.022075
1785118500,266210.0,266214.0,266205.0,266214.0,0.08345
1785118800,266214.0,266214.0,266186.0,266189.0,0.131299
1785119100,266188.0,266189.0,266188.0,266188.0,0.014513
1785119400,266188.0,266188.0,265934.0,265934.0,0.026479
1785119700,265935.0,266214.0,265935.0,266214.0,0.069916
1785120000,266214.0,266214.0,266213.0,266214.0,0.028508
1785120300,266213.0,266214.0,266213.0,266214.0,0.011759
1785120600,266213.0,266214.0,266213.0,266214.0,0.006407
1785120900,266214.0,266214.0,266020.0,266193.0,0.008045
1785121200,266189.0,266215.0,266189.0,266215.0,0.004855
1785121500,266215.0,266310.0,266214.0,266309.0,0.076964
1785121800,266309.0,266388.0,266309.0,266388.0,0.007015
1785122100,266399.0,266499.0,266399.0,266499.0,0.061609
1785122400,266499.0,266758.0,266498.0,266758.0,0.012348
1785122700,266758.0,266758.0,266757.0,266757.0,0.007331
1785123000,266500.0,266507.0,266500.0,266507.0,0.008867
1785123300,266507.0,266552.0,266507.0,266552.0,0.041919
1785123600,266504.0,266717.0,266504.0,266716.0,0.009289
1785123900,266727.0,266734.0,266698.0,266698.0,0.016377
1785124200,266568.0,266585.0,266568.0,266585.0,0.009566
1785124500,266585.0,266585.0,266525.0,266525.0,0.002524
1785124800,266525.0,266559.0,266443.0,266559.0,0.100106
1785125100,266560.0,266586.0,266560.0,266585.0,0.007877
1785125400,266586.0,266586.0,266571.0,266572.0,0.099765
1785125700,266572.0,266578.0,266572.0,266578.0,0.002565
1785126000,266577.0,266878.0,266577.0,266878.0,0.469572
1785126300,266878.0,266878.0,266581.0,266582.0,0.019388
1785126600,266582.0,266582.0,266582.0,266582.0,0.004162
1785126900,266582.0,266666.0,266581.0,266665.0,0.063555
1785127200,266713.0,266727.0,266713.0,266726.0,0.034095
1785127500,266731.0,266731.0,266666.0,266666.0,0.007634
1785127800,266666.0,266667.0,266634.0,266634.0,0.012672
1785128100,266634.0,266634.0,266603.0,266603.0,0.115726
1785128400,266604.0,266604.0,266466.0,266469.0,0.261984
1785128700,266469.0,266469.0,266468.0,266469.0,0.073347
1785129000,266724.0,266724.0,266545.0,266717.0,0.049237
1785129300,266630.0,266631.0,266630.0,266631.0,0.000961
1785129600,266721.0,266793.0,266721.0,266793.0,0.008243
1785129900,266792.0,266793.0,266792.0,266793.0,0.036344
1785130200,266792.0,266792.0,266792.0,266792.0,0.121442
1785130500,266792.0,266792.0,266791.0,266791.0,0.008298
1785130800,266792.0,266792.0,266739.0,266750.0,0.179238
1785131100,266750.0,266750.0,266750.0,266750.0,0.009217
1785131400,266750.0,266750.0,266748.0,266749.0,0.044525
1785131700,266749.0,266999.0,266749.0,266997.0,0.114235
1785132000,266998.0,267000.0,266998.0,267000.0,0.004014
1785132300,266999.0,267898.0,266999.0,267322.0,0.115782
1785132600,267323.0,267603.0,267323.0,267603.0,0.026564
1785132900,267603.0,267603.0,267479.0,267479.0,0.005628
1785133200,267480.0,267480.0,267337.0,267357.0,0.053657
1785133500,267357.0,267358.0,267100.0,267199.0,0.012979
1785133800,267300.0,267360.0,267300.0,267360.0,0.003674
1785134100,267359.0,267516.0,267359.0,267399.0,0.068577
1785134400,267309.0,267372.0,267309.0,267372.0,0.001412
1785134700,267187.0,267187.0,267119.0,267119.0,0.005885
1785135000,267119.0,267119.0,266966.0,266966.0,0.033237
1785135300,266968.0,266968.0,266916.0,266916.0,0.02018
1785135600,266927.0,266961.0,266820.0,266957.0,0.014517
1785135900,266957.0,266958.0,266808.0,266808.0,0.006651
1785136200,266913.0,266913.0,266836.0,266899.0,0.084887
1785136500,266895.0,266958.0,266895.0,266958.0,0.003643
1785136800,266957.0,266958.0,266957.0,266958.0,0.004673
1785137100,266957.0,266959.0,266957.0,266957.0,0.123619
1785137400,266857.0,266857.0,266494.0,266495.0,0.092485
1785137700,266495.0,266495.0,266495.0,266495.0,0.015043
1785138000,266495.0,266495.0,266494.0,266494.0,0.014839
1785138300,266462.0,266492.0,266462.0,266492.0,0.010245
1785138600,266491.0,266492.0,266491.0,266492.0,0.025197
1785138900,266492.0,266492.0,266463.0,266463.0,0.010196
1785139200,266316.0,266316.0,266315.0,266316.0,0.004491
1785139500,266315.0,266316.0,266315.0,266316.0,0.005417
1785139800,266316.0,266316.0,266316.0,266316.0,0.002401
1785140100,266316.0,266316.0,266315.0,266316.0,0.01985
1785140400,266330.0,266330.0,266328.0,266328.0,0.201179
1785140700,266329.0,266408.0,266318.0,266318.0,0.008103
1785141000,266318.0,266318.0,266317.0,266318.0,0.042611
1785141300,266317.0,266317.0,266316.0,266317.0,0.002756
1785141600,266317.0,266317.0,266316.0,266317.0,0.006052
1785141900,266317.0,266317.0,266316.0,266317.0,0.003952
1785142200,266317.0,266317.0,266316.0,266317.0,0.002692
1785142500,266316.0,266317.0,266316.0,266317.0,0.006947
1785142800,266316.0,266317.0,266316.0,266317.0,0.002379
1785143100,266317.0,266317.0,266316.0,266316.0,0.000637
1785143400,266316.0,266317.0,266316.0,266317.0,0.00216
1785143700,266317.0,266317.0,266317.0,266317.0,0.000484
1785144000,266317.0,266317.0,266316.0,266316.0,0.004231
1785144300,266316.0,266317.0,266316.0,266317.0,0.185184
1785144600,266395.0,266396.0,266395.0,266395.0,0.005005
1785144900,266396.0,266458.0,266396.0,266458.0,0.009718
1785145200,266458.0,266458.0,266457.0,266458.0,0.012752
1785145500,266458.0,266458.0,266458.0,266458.0,0.001168
1785145800,266457.0,266457.0,266457.0,266457.0,0.016349
1785146100,266458.0,266458.0,266457.0,266458.0,0.021768
1785146400,266458.0,266458.0,266429.0,266429.0,0.025846
1785146700,266428.0,266428.0,266405.0,266407.0,0.025943
1785147000,266407.0,266407.0,266406.0,266407.0,0.009553
1785147300,266407.0,266407.0,266406.0,266406.0,0.035384
1785147600,266407.0,266496.0,266406.0,266496.0,0.051027
1785147900,266495.0,266496.0,266495.0,266495.0,0.033569
1785148200,266496.0,266496.0,266495.0,266496.0,0.007448
1785148500,266496.0,266496.0,266495.0,266496.0,0.005747
1785148800,266496.0,267000.0,266496.0,267000.0,0.119846
1785149100,267000.0,267000.0,266999.0,266999.0,0.086692
1785149400,267000.0,267000.0,266998.0,266999.0,0.050328
1785149700,266999.0,266999.0,266998.0,266998.0,0.002966
1785150000,266998.0,266999.0,266717.0,266717.0,0.048828
1785150300,266718.0,266718.0,266717.0,266717.0,0.012222
1785150600,266717.0,266718.0,266641.0,266641.0,0.003703
1785150900,266501.0,266501.0,266500.0,266500.0,0.011809
1785151200,266500.0,266501.0,266414.0,266414.0,0.003418
1785151500,266414.0,266414.0,266300.0,266301.0,0.024738
1785151800,266301.0,266301.0,266301.0,266301.0,0.031389
1785152100,266301.0,266301.0,266300.0,266300.0,0.00476
1785152400,266301.0,266301.0,266301.0,266301.0,0.000745
1785152700,266300.0,266301.0,266300.0,266300.0,0.009795
1785153000,266300.0,266301.0,266300.0,266301.0,0.013856
1785153300,266301.0,266301.0,266200.0,266201.0,0.01637
1785153600,266201.0,266201.0,266200.0,266201.0,0.02389
1785153900,266201.0,266201.0,266200.0,266201.0,0.013386
1785154200,266300.0,266300.0,266002.0,266002.0,0.023905
1785154500,266003.0,266003.0,266003.0,266003.0,0.004892
1785154800,266003.0,266003.0,266002.0,266003.0,0.004129
1785155100,266003.0,266003.0,266002.0,266002.0,0.1711
1785155400,266002.0,266002.0,265500.0,265500.0,0.010819
1785155700,265446.0,265447.0,265339.0,265339.0,0.002318
1785156000,265339.0,265814.0,265339.0,265814.0,0.076628
1785156300,265813.0,266093.0,265813.0,266079.0,0.082657
1785156600,266080.0,266080.0,265938.0,265939.0,0.028553
1785156900,265939.0,266058.0,265939.0,266058.0,0.0064
1785157200,266058.0,266058.0,266058.0,266058.0,0.120354
1785157500,266058.0,266058.0,266047.0,266047.0,0.047615
1785157800,265981.0,265981.0,265944.0,265944.0,0.000732
1785158100,265940.0,265940.0,265940.0,265940.0,0.00233
1785158400,265940.0,265940.0,265745.0,265745.0,0.006899
1785158700,265744.0,265745.0,265744.0,265745.0,0.004226
1785159000,265744.0,266164.0,265744.0,266164.0,0.040566
1785159300,266299.0,267394.0,266299.0,267394.0,0.109128
1785159600,267394.0,267900.0,267394.0,267899.0,0.034554
1785159900,267900.0,267901.0,267899.0,267901.0,0.031866
1785160200,268000.0,268000.0,267255.0,267255.0,0.035719
1785160500,267255.0,267255.0,266502.0,266502.0,0.03247
1785160800,266502.0,266502.0,266502.0,266502.0,0.006357
1785161100,266896.0,266896.0,266404.0,266769.0,0.00913
1785161400,266847.0,266847.0,266579.0,266579.0,0.053753
1785161700,266580.0,266947.0,266563.0,266563.0,0.01754
1785162000,266324.0,266324.0,265744.0,265746.0,0.036045
1785162300,265746.0,265746.0,265564.0,265564.0,0.070355
1785162600,265501.0,265501.0,264764.0,264764.0,0.229082
1785162900,264764.0,264765.0,264577.0,264578.0,0.04031
1785163200,264578.0,264578.0,264577.0,264578.0,0.035719
1785163500,264578.0,264578.0,264319.0,264319.0,0.052241
1785163800,264319.0,264389.0,264319.0,264389.0,0.085244
1785164100,264389.0,264626.0,264389.0,264622.0,0.043759
1785164400,264622.0,264715.0,264621.0,264715.0,0.005827
1785164700,264848.0,265071.0,264848.0,265071.0,0.015385
1785165000,265070.0,265070.0,264740.0,264880.0,0.008679
1785165300,264878.0,264878.0,264877.0,264877.0,0.138468
1785165600,264868.0,265093.0,264868.0,265093.0,0.016762
1785165900,265093.0,265093.0,265093.0,265093.0,0.007647
1785166200,265092.0,265093.0,264779.0,264779.0,0.127544
1785166500,264502.0,264565.0,264065.0,264565.0,0.033021
1785166800,264565.0,264565.0,264564.0,264565.0,0.027972
1785167100,264590.0,264590.0,264589.0,264590.0,0.002294
1785167400,264590.0,264649.0,264590.0,264649.0,0.005969
1785167700,264648.0,264649.0,264584.0,264584.0,0.025664
1785168000,264585.0,264585.0,264527.0,264527.0,0.002291
1785168300,264527.0,264648.0,264527.0,264648.0,0.003748
1785168600,264648.0,264648.0,264648.0,264648.0,0.011092
1785168900,264648.0,264648.0,264647.0,264648.0,0.005679
1785169200,264648.0,264648.0,264647.0,264648.0,0.057518
1785169500,264648.0,265139.0,264648.0,265139.0,0.160372
1785169800,265139.0,265227.0,265139.0,265227.0,0.039395
1785170100,265798.0,265798.0,265797.0,265797.0,0.084214
1785170400,265798.0,265798.0,265798.0,265798.0,0.002084
1785170700,265798.0,265798.0,265797.0,265798.0,0.002983
1785171000,265798.0,265798.0,265798.0,265798.0,0.000473
1785171300,265804.0,265804.0,265803.0,265803.0,0.006337
1785171600,265804.0,265804.0,265386.0,265692.0,0.056182
1785171900,265609.0,265609.0,265609.0,265609.0,0.00043
1785172200,265609.0,265610.0,265609.0,265609.0,0.003607
1785172500,265609.0,265610.0,265609.0,265610.0,0.004533
1785172800,265610.0,266239.0,265610.0,266239.0,0.007433
1785173100,266239.0,266239.0,266238.0,266239.0,0.009636
1785173400,266239.0,266239.0,266239.0,266239.0,0.007587
1785173700,266239.0,266239.0,266238.0,266239.0,0.019601
1785174000,266239.0,266239.0,266238.0,266239.0,0.015656
1785174300,266239.0,266239.0,266239.0,266239.0,0.000183
1785174600,266239.0,266239.0,266239.0,266239.0,0.0
1785174900,266238.0,266238.0,266238.0,266238.0,0.003196
1785175200,266238.0,266238.0,266238.0,266238.0,0.0
1785175500,266239.0,266239.0,266239.0,266239.0,0.00133
1785175800,266239.0,266239.0,266239.0,266239.0,0.0
1785176100,266238.0,266238.0,265738.0,265738.0,0.013449
1785176400,265738.0,265738.0,265737.0,265738.0,0.003936
1785176700,265738.0,265927.0,265738.0,265927.0,0.012753
1785177000,265927.0,265927.0,265927.0,265927.0,0.0
1785177300,265927.0,265927.0,265927.0,265927.0,0.000539
1785177600,265927.0,265927.0,265609.0,265609.0,0.005031
1785177900,265609.0,265609.0,265609.0,265609.0,0.0
1785178200,265610.0,265610.0,265548.0,265548.0,0.002077
1785178500,265547.0,265547.0,265547.0,265547.0,0.005126
1785178800,265547.0,265547.0,265547.0,265547.0,0.0
1785179100,265548.0,265548.0,265548.0,265548.0,0.00081
1785179400,265987.0,265987.0,265987.0,265987.0,0.001242
1785179700,265987.0,265987.0,265987.0,265987.0,0.000681
1785180000,265987.0,265987.0,265987.0,265987.0,0.0
1785180300,266129.0,266129.0,266129.0,266129.0,0.001692
1785180600,266129.0,266129.0,266129.0,266129.0,0.0
1785180900,266130.0,266358.0,266130.0,266358.0,0.002899
1785181200,266359.0,266359.0,266359.0,266359.0,0.000239
1785181500,266359.0,266359.0,266359.0,266359.0,0.0
1785181800,266358.0,266358.0,266358.0,266358.0,0.000286
1785182100,266358.0,266358.0,266358.0,266358.0,0.0
1785182400,266358.0,266358.0,266358.0,266358.0,0.0
1785182700,266358.0,266358.0,266358.0,266358.0,0.007581
1785183000,266358.0,266358.0,266358.0,266358.0,0.0
1785183300,266358.0,266358.0,266358.0,266358.0,0.0
1785183600,266064.0,266064.0,266064.0,266064.0,0.001123
1785183900,266064.0,266064.0,266064.0,266064.0,0.000502
1785184200,266064.0,266064.0,266064.0,266064.0,0.0
1785184500,266064.0,266064.0,266064.0,266064.0,0.0
1785184800,266063.0,266063.0,266063.0,266063.0,0.000529
1785185100,266063.0,266063.0,266063.0,266063.0,0.001167
1785185400,266064.0,266064.0,266063.0,266063.0,0.00166
1785185700,266064.0,266064.0,266064.0,266064.0,0.000775
1785186000,266064.0,266064.0,266063.0,266063.0,0.003571
1785186300,266064.0,266064.0,266064.0,266064.0,0.000431
1785186600,266063.0,266063.0,266063.0,266063.0,0.00056
1785186900,266063.0,266063.0,266063.0,266063.0,0.0
1785187200,266064.0,266064.0,266063.0,266063.0,0.001051
1785187500,266063.0,266063.0,266063.0,266063.0,0.0
1785187800,266064.0,266064.0,265949.0,265949.0,0.001758
1785188100,265949.0,265949.0,265949.0,265949.0,0.0
1785188400,265949.0,265949.0,265949.0,265949.0,0.000977
1785188700,265949.0,265949.0,265949.0,265949.0,0.003771
1785189000,265949.0,265949.0,265949.0,265949.0,0.001938
1785189300,265948.0,265949.0,265948.0,265949.0,0.001664
1785189600,265948.0,265948.0,265547.0,265547.0,0.002685
1785189900,265546.0,265547.0,265546.0,265547.0,0.000583
1785190200,265547.0,265547.0,265547.0,265547.0,0.027949
1785190500,265547.0,265547.0,265547.0,265547.0,0.027875
1785190800,265547.0,265547.0,265547.0,265547.0,0.0
1785191100,265547.0,265547.0,265467.0,265468.0,0.004702
1785191400,265467.0,265467.0,265001.0,265001.0,0.042707
1785191700,265001.0,265001.0,265001.0,265001.0,0.004806
1785192000,265000.0,265000.0,263679.0,263679.0,0.031518
1785192300,263609.0,263609.0,263313.0,263314.0,0.01512
1785192600,263313.0,263313.0,263000.0,263000.0,0.614461
1785192900,263001.0,263001.0,262188.0,262188.0,0.222033
1785193200,262187.0,262188.0,261316.0,261317.0,0.695177
1785193500,261317.0,262080.0,261317.0,261700.0,0.140461
1785193800,261648.0,261859.0,261593.0,261859.0,0.009936
1785194100,261859.0,262087.0,261475.0,262086.0,0.190177
1785194400,262087.0,262301.0,262087.0,262301.0,0.006837
1785194700,262301.0,262301.0,262301.0,262301.0,0.011062
1785195000,262301.0,262301.0,262300.0,262301.0,0.010879
1785195300,262301.0,262301.0,262007.0,262007.0,0.058041
1785195600,262001.0,262002.0,261354.0,261444.0,0.067004
1785195900,261444.0,261444.0,261444.0,261444.0,0.028381
1785196200,261444.0,261623.0,261444.0,261623.0,0.011942
1785196500,261623.0,261624.0,261623.0,261624.0,0.008774
1785196800,261624.0,261624.0,261623.0,261624.0,0.04717
1785197100,261624.0,261624.0,261373.0,261373.0,0.011992
1785197400,261372.0,261372.0,261299.0,261300.0,0.100731
1785197700,261300.0,261585.0,261300.0,261585.0,0.13217
1785198000,261585.0,261801.0,261320.0,261320.0,0.122211
1785198300,261320.0,261320.0,261319.0,261320.0,0.013863
1785198600,261320.0,261320.0,261320.0,261320.0,0.017258
1785198900,261319.0,261358.0,261319.0,261358.0,0.03621
1785199200,261358.0,261358.0,261357.0,261358.0,0.007327
1785199500,261357.0,261357.0,260912.0,260912.0,0.389637
1785199800,260915.0,260915.0,260913.0,260914.0,0.004196
1785200100,260913.0,260913.0,260857.0,260858.0,0.011862
1785200400,260850.0,260850.0,260622.0,260622.0,0.22906
1785200700,260621.0,260621.0,259017.0,259017.0,2.373087
1785201000,259017.0,259200.0,259016.0,259200.0,0.088775
1785201300,259200.0,259341.0,259200.0,259200.0,0.155841
1785201600,259200.0,259231.0,259199.0,259226.0,0.033114
1785201900,259226.0,259591.0,259226.0,259591.0,0.018656
1785202200,259591.0,259725.0,259591.0,259724.0,0.023878
1785202500,259725.0,259725.0,259615.0,259616.0,0.021655
1785202800,259615.0,259615.0,259565.0,259565.0,0.039479
1785203100,259500.0,259501.0,259293.0,259294.0,0.009577
1785203400,259294.0,259377.0,259294.0,259377.0,0.009234
1785203700,259377.0,259415.0,259376.0,259415.0,0.595196
1785204000,259311.0,259311.0,259307.0,259308.0,0.045058
1785204300,259308.0,259445.0,259307.0,259445.0,0.17248
1785204600,259445.0,259488.0,259444.0,259487.0,0.033529
1785204900,259488.0,259488.0,259487.0,259488.0,0.029965
1785205200,259488.0,259533.0,259487.0,259532.0,0.045529
1785205500,259533.0,259533.0,259533.0,259533.0,0.028523
1785205800,259532.0,259533.0,259501.0,259501.0,0.018706
1785206100,259502.0,259502.0,259500.0,259501.0,0.009716
1785206400,259501.0,259501.0,259487.0,259488.0,0.02003
1785206700,259488.0,259488.0,259487.0,259487.0,0.128238
1785207000,259301.0,259301.0,259294.0,259295.0,0.030122
1785207300,259295.0,259295.0,259294.0,259294.0,0.03807
1785207600,259295.0,259295.0,259294.0,259295.0,0.013929
1785207900,259295.0,259295.0,259294.0,259295.0,0.029993
1785208200,259295.0,259295.0,259294.0,259295.0,0.012971
1785208500,259497.0,259529.0,259497.0,259529.0,0.026319
1785208800,259529.0,259725.0,259528.0,259725.0,0.028658
1785209100,259725.0,259725.0,259724.0,259725.0,0.093658
1785209400,259725.0,259725.0,259724.0,259725.0,0.033486
1785209700,259725.0,259725.0,259724.0,259725.0,0.004258
1785210000,259725.0,259881.0,259724.0,259881.0,0.044086
1785210300,259880.0,259880.0,259880.0,259880.0,0.025871
1785210600,259879.0,259880.0,259879.0,259879.0,0.010593
1785210900,259880.0,259880.0,259742.0,259743.0,0.032672
1785211200,259743.0,259827.0,259743.0,259827.0,0.012984
1785211500,259827.0,259827.0,259826.0,259827.0,0.01939
1785211800,259826.0,259827.0,259826.0,259827.0,0.00363
1785212100,259826.0,259827.0,259826.0,259826.0,0.006372
1785212400,259827.0,259827.0,259826.0,259827.0,0.025692
1785212700,259827.0,259827.0,259826.0,259827.0,0.011817
1785213000,259826.0,259827.0,259826.0,259827.0,0.007185
1785213300,259827.0,259827.0,259827.0,259827.0,0.012521
1785213600,259827.0,259827.0,259827.0,259827.0,0.028419
1785213900,259827.0,259827.0,259826.0,259827.0,0.060506
1785214200,259827.0,259827.0,259826.0,259826.0,0.013018
1785214500,259827.0,259947.0,259827.0,259947.0,0.011848
1785214800,259947.0,260278.0,259947.0,260278.0,0.258473
1785215100,260278.0,260440.0,260277.0,260440.0,0.06689
1785215400,260440.0,260440.0,260439.0,260440.0,0.025824
1785215700,260440.0,260666.0,260440.0,260666.0,0.04164
1785216000,260747.0,260747.0,260747.0,260747.0,0.017388
1785216300,260747.0,260747.0,260746.0,260747.0,0.018346
1785216600,260747.0,260747.0,260747.0,260747.0,0.00487
1785216900,260746.0,260746.0,260700.0,260701.0,0.022477
1785217200,260701.0,260701.0,260700.0,260701.0,0.02086
1785217500,260731.0,260731.0,260731.0,260731.0,0.003878
1785217800,260731.0,260731.0,260731.0,260731.0,0.013464
1785218100,260730.0,260731.0,260730.0,260731.0,0.068747
1785218400,260731.0,260731.0,260730.0,260730.0,0.007846
1785218700,260730.0,260731.0,260730.0,260730.0,0.043452
1785219000,260731.0,260731.0,260721.0,260721.0,0.176664
1785219300,260721.0,260721.0,260721.0,260721.0,0.038546
1785219600,260720.0,260721.0,260699.0,260699.0,0.13813
1785219900,260698.0,260698.0,260601.0,260679.0,0.044836
1785220200,260678.0,260679.0,260678.0,260678.0,0.023957
1785220500,260679.0,260679.0,260678.0,260679.0,0.045702
1785220800,260680.0,260680.0,260679.0,260679.0,0.05524
1785221100,260680.0,260699.0,260680.0,260698.0,0.027819
1785221400,260699.0,260699.0,260698.0,260699.0,0.004344
1785221700,260699.0,260904.0,260699.0,260904.0,0.030437
1785222000,260904.0,260904.0,260890.0,260890.0,0.025733
1785222300,260661.0,260661.0,260661.0,260661.0,0.001162
1785222600,260661.0,260662.0,260633.0,260633.0,0.062519
1785222900,260632.0,260742.0,260632.0,260742.0,0.005217
1785223200,260741.0,260741.0,260626.0,260626.0,0.004389
1785223500,260627.0,260816.0,260627.0,260663.0,0.054992
1785223800,260663.0,260795.0,260662.0,260795.0,0.128243
1785224100,260795.0,260795.0,260556.0,260600.0,0.193934
1785224400,260600.0,260996.0,260600.0,260612.0,0.196634
1785224700,260612.0,260612.0,260612.0,260612.0,0.011556
1785225000,260611.0,260612.0,260562.0,260562.0,0.004301
1785225300,260563.0,260563.0,260562.0,260562.0,0.054949
1785225600,260563.0,260563.0,260562.0,260563.0,0.006383
1785225900,260562.0,260563.0,260562.0,260563.0,0.005473
1785226200,260563.0,260563.0,260562.0,260562.0,0.01272
1785226500,260562.0,260563.0,260562.0,260563.0,0.119597
1785226800,260562.0,260562.0,260376.0,260377.0,0.030147
1785227100,260377.0,260377.0,260376.0,260377.0,0.01117
1785227400,260377.0,260421.0,260376.0,260421.0,0.381572
1785227700,260377.0,260377.0,260376.0,260376.0,0.007471
1785228000,260376.0,260530.0,260376.0,260530.0,0.00826
1785228300,260528.0,260528.0,260527.0,260527.0,0.020605
1785228600,260527.0,260527.0,260397.0,260397.0,0.035035
1785228900,260398.0,260398.0,260397.0,260398.0,0.010638
1785229200,260398.0,260398.0,260397.0,260398.0,0.015218
1785229500,260398.0,260398.0,260397.0,260397.0,0.019257
1785229800,260397.0,260398.0,260397.0,260398.0,0.399903
1785230100,260398.0,260398.0,260397.0,260397.0,0.008772
1785230400,260398.0,260398.0,260397.0,260398.0,0.014021
1785230700,260398.0,260398.0,260397.0,260398.0,0.006407
1785231000,260397.0,260712.0,260397.0,260712.0,0.010744
1785231300,260712.0,260712.0,260711.0,260712.0,0.009006
1785231600,260712.0,260712.0,260712.0,260712.0,0.003011
1785231900,260712.0,260712.0,260711.0,260712.0,0.017692
1785232200,260711.0,260712.0,260417.0,260417.0,0.011855
1785232500,260416.0,260417.0,260416.0,260417.0,0.01399
1785232800,260417.0,260417.0,260417.0,260417.0,0.003849
1785233100,260398.0,260398.0,260397.0,260397.0,0.065219
1785233400,260398.0,260398.0,260397.0,260398.0,0.013771
1785233700,260398.0,260398.0,260397.0,260397.0,0.002447
1785234000,260398.0,260398.0,260397.0,260398.0,0.006728
1785234300,260397.0,260398.0,260397.0,260398.0,0.004383
1785234600,260397.0,260397.0,260397.0,260397.0,0.03864
1785234900,260397.0,260500.0,260397.0,260500.0,0.068402
1785235200,260499.0,260631.0,260499.0,260630.0,0.050939
1785235500,260630.0,260708.0,260629.0,260707.0,0.016509
1785235800,260707.0,260707.0,260707.0,260707.0,0.004959
1785236100,260708.0,260708.0,260707.0,260708.0,0.011518
1785236400,260707.0,260708.0,260480.0,260480.0,0.020676
1785236700,260417.0,260480.0,260417.0,260477.0,0.142355
1785237000,260477.0,260477.0,260476.0,260477.0,0.010476
1785237300,260477.0,260974.0,260477.0,260974.0,0.093542
1785237600,260974.0,260974.0,260765.0,260765.0,0.004596
1785237900,260765.0,260765.0,260764.0,260765.0,0.008548
1785238200,260764.0,260764.0,260644.0,260664.0,0.18113
1785238500,260663.0,260853.0,260663.0,260853.0,0.019827
1785238800,260853.0,260853.0,260601.0,260601.0,0.008448
1785239100,260602.0,260602.0,260601.0,260602.0,0.00663
1785239400,260818.0,260819.0,260818.0,260819.0,0.015792
1785239700,260819.0,260819.0,260726.0,260726.0,0.00976
1785240000,260726.0,260726.0,260634.0,260634.0,0.006759
1785240300,260634.0,260962.0,260634.0,260962.0,0.065846
1785240600,260962.0,260962.0,260772.0,260772.0,0.005182
1785240900,260614.0,260614.0,260613.0,260614.0,0.033581
1785241200,260614.0,260614.0,260614.0,260614.0,0.049781
1785241500,260613.0,260768.0,260613.0,260767.0,0.014399
1785241800,260768.0,260768.0,260767.0,260768.0,0.004208
1785242100,260768.0,260768.0,260767.0,260767.0,0.082879
1785242400,260766.0,260766.0,260751.0,260752.0,0.064773
1785242700,260751.0,260774.0,260751.0,260774.0,0.041655
1785243000,260774.0,260775.0,260774.0,260774.0,0.073967
1785243300,260775.0,260782.0,260774.0,260782.0,0.075592
1785243600,260782.0,260928.0,260782.0,260928.0,0.013553
1785243900,260928.0,260928.0,260927.0,260928.0,0.059255
1785244200,260927.0,260928.0,260796.0,260796.0,0.00378
1785244500,260795.0,260796.0,260795.0,260796.0,0.030298
1785244800,260796.0,260796.0,260775.0,260775.0,0.038205
1785245100,260775.0,260775.0,260516.0,260516.0,0.018658
1785245400,260515.0,260515.0,260000.0,260001.0,0.047475
1785245700,260000.0,260332.0,259000.0,259000.0,0.59739
1785246000,259001.0,259001.0,258999.0,259000.0,0.189094
1785246300,259000.0,259000.0,258495.0,258597.0,0.063466
1785246600,258515.0,259108.0,258515.0,259108.0,0.097648
1785246900,259108.0,259108.0,259107.0,259108.0,0.209626
1785247200,259107.0,259553.0,259107.0,259552.0,0.039894
1785247500,259553.0,259859.0,259553.0,259852.0,0.060082
1785247800,259853.0,259853.0,259850.0,259850.0,0.014588
1785248100,259442.0,259442.0,259107.0,259108.0,0.076069
1785248400,259108.0,259717.0,258893.0,259717.0,0.022644
1785248700,259684.0,259684.0,259683.0,259683.0,0.016789
1785249000,259684.0,259684.0,259683.0,259684.0,0.006641
1785249300,259684.0,260084.0,259684.0,260084.0,0.058312
1785249600,259804.0,260357.0,259804.0,260356.0,0.033714
1785249900,260356.0,260719.0,260356.0,260719.0,0.012851
1785250200,260719.0,260719.0,260718.0,260719.0,0.025242
1785250500,260719.0,260752.0,260719.0,260752.0,0.008339
1785250800,260751.0,260752.0,260183.0,260183.0,0.015835
1785251100,260162.0,260280.0,260001.0,260118.0,0.037221
1785251400,260289.0,260686.0,260289.0,260685.0,0.076488
1785251700,260525.0,260525.0,260343.0,260458.0,0.013078
1785252000,260458.0,262000.0,260458.0,262000.0,0.314873
1785252300,262234.0,262235.0,261971.0,261972.0,0.041234
1785252600,261972.0,261972.0,261970.0,261971.0,0.074249
1785252900,261971.0,261971.0,261922.0,261923.0,0.031343
1785253200,261923.0,261972.0,261923.0,261972.0,0.014704
1785253500,261972.0,262374.0,261972.0,262374.0,0.130206
1785253800,262374.0,262374.0,262086.0,262086.0,0.028061
1785254100,261748.0,261841.0,261748.0,261841.0,0.009217
1785254400,261841.0,261841.0,261822.0,261823.0,0.002981
1785254700,261823.0,261823.0,261782.0,261783.0,0.009191
1785255000,261783.0,261783.0,261539.0,261539.0,0.089152
1785255300,261719.0,261719.0,261545.0,261545.0,0.0315
1785255600,261546.0,261736.0,261545.0,261735.0,0.008348
1785255900,261735.0,261736.0,261735.0,261736.0,0.00325
1785256200,261735.0,261735.0,261470.0,261470.0,0.001092
1785256500,261300.0,261301.0,261174.0,261174.0,0.01197
1785256800,261173.0,261619.0,261173.0,261619.0,0.17192
1785257100,261619.0,261619.0,261488.0,261616.0,0.003331
1785257400,261617.0,261800.0,261617.0,261800.0,0.171298
1785257700,261800.0,261800.0,261799.0,261800.0,0.000792
1785258000,261800.0,261800.0,261800.0,261800.0,0.005471
1785258300,261799.0,261905.0,261799.0,261904.0,0.179325
1785258600,261707.0,261707.0,261638.0,261638.0,0.088344
1785258900,261637.0,261637.0,261343.0,261343.0,0.004072
1785259200,261342.0,261342.0,261149.0,261149.0,0.003513
1785259500,261283.0,261283.0,261282.0,261282.0,0.003328
1785259800,261251.0,261251.0,261030.0,261030.0,0.037513
1785260100,261002.0,261002.0,260692.0,260692.0,0.024538
1785260400,260560.0,260560.0,260474.0,260474.0,0.00448
1785260700,260474.0,260577.0,260474.0,260577.0,0.004127
1785261000,260771.0,260772.0,260771.0,260772.0,0.000906
1785261300,260771.0,260772.0,260771.0,260772.0,0.005261
1785261600,260772.0,260772.0,260772.0,260772.0,0.002013
1785261900,261154.0,261154.0,261000.0,261000.0,0.012403
1785262200,260925.0,260925.0,260925.0,260925.0,0.000192
1785262500,260838.0,260839.0,260838.0,260838.0,0.013203
1785262800,260838.0,260838.0,260838.0,260838.0,0.0
1785263100,260802.0,260803.0,260802.0,260803.0,0.002524
1785263400,260803.0,260803.0,260778.0,260778.0,0.004005
1785263700,260778.0,260778.0,260778.0,260778.0,0.0
1785264000,260778.0,260828.0,260778.0,260828.0,0.000898
1785264300,260828.0,260828.0,260827.0,260828.0,0.001455
1785264600,260828.0,261032.0,260828.0,261032.0,0.000378
1785264900,260880.0,260880.0,260880.0,260880.0,0.000217
1785265200,260880.0,260880.0,260880.0,260880.0,0.001311
1785265500,260880.0,260880.0,260880.0,260880.0,0.000624
1785265800,260880.0,260880.0,260880.0,260880.0,0.0
1785266100,261167.0,261167.0,261167.0,261167.0,0.000862
1785266400,261167.0,261167.0,261166.0,261166.0,0.010585
1785266700,260819.0,260819.0,260819.0,260819.0,0.001948
1785267000,260820.0,260976.0,260820.0,260976.0,0.02404
1785267300,260976.0,260976.0,260976.0,260976.0,0.000373
1785267600,260976.0,260976.0,260976.0,260976.0,0.0
1785267900,260975.0,260975.0,260956.0,260956.0,0.028247
1785268200,260780.0,260780.0,260780.0,260780.0,0.001916
1785268500,260780.0,260976.0,260780.0,260976.0,0.003113
1785268800,260976.0,260977.0,260976.0,260977.0,0.02411
1785269100,260977.0,260977.0,260977.0,260977.0,0.0
1785269400,261496.0,261496.0,261496.0,261496.0,0.001138
1785269700,261495.0,261495.0,261495.0,261495.0,0.003366
1785270000,261495.0,261496.0,261495.0,261496.0,0.004002
1785270300,261461.0,261462.0,261400.0,261400.0,0.003138
1785270600,261342.0,261342.0,261312.0,261312.0,0.002723
1785270900,261313.0,261321.0,261313.0,261321.0,0.023707
1785271200,261321.0,261321.0,261321.0,261321.0,0.000186
1785271500,261321.0,261321.0,261321.0,261321.0,0.0
1785271800,261321.0,261321.0,261321.0,261321.0,0.0
1785272100,261321.0,261321.0,261321.0,261321.0,0.0
1785272400,261321.0,261321.0,261321.0,261321.0,0.003973
1785272700,261320.0,261486.0,261320.0,261485.0,0.010054
1785273000,261485.0,261485.0,261373.0,261374.0,0.006658
1785273300,261374.0,261374.0,261374.0,261374.0,0.0
1785273600,261374.0,261374.0,261374.0,261374.0,0.005739
1785273900,261374.0,261374.0,261374.0,261374.0,0.0
1785274200,261374.0,261374.0,261374.0,261374.0,0.004616
1785274500,261374.0,261374.0,261374.0,261374.0,0.026833
1785274800,261374.0,261374.0,261374.0,261374.0,0.0
1785275100,261495.0,261495.0,261495.0,261495.0,0.002284
1785275400,261636.0,261636.0,261636.0,261636.0,0.000579
1785275700,261635.0,261635.0,261635.0,261635.0,0.000258
1785276000,261636.0,261636.0,261636.0,261636.0,0.000354
1785276300,261635.0,261635.0,261635.0,261635.0,0.001966
1785276600,261636.0,261636.0,261636.0,261636.0,0.010005
1785276900,261577.0,261577.0,261576.0,261577.0,0.001007
1785277200,261577.0,261577.0,261576.0,261577.0,0.004115
1785277500,261576.0,261577.0,261576.0,261576.0,0.008256
1785277800,261577.0,261577.0,261459.0,261460.0,0.009429
1785278100,261460.0,261460.0,261459.0,261459.0,0.000529
1785278400,261460.0,261460.0,261459.0,261459.0,0.000821
1785278700,261459.0,261460.0,261459.0,261460.0,0.006159
1785279000,261460.0,261460.0,261315.0,261315.0,0.024095
1785279300,261315.0,261316.0,261315.0,261316.0,0.000889
1785279600,261316.0,261316.0,260785.0,260785.0,0.028173
1785279900,260785.0,260785.0,260785.0,260785.0,0.0
1785280200,260778.0,260778.0,260777.0,260778.0,0.02048
1785280500,260777.0,260778.0,260777.0,260778.0,0.000416
1785280800,260777.0,260777.0,260772.0,260772.0,0.027145
1785281100,260771.0,260771.0,260701.0,260701.0,0.002483
1785281400,260701.0,261081.0,260700.0,261081.0,0.002314
1785281700,261141.0,261142.0,261141.0,261142.0,0.050938
1785282000,261142.0,261142.0,261141.0,261142.0,0.015921
1785282300,261142.0,261479.0,261141.0,261479.0,0.052829
1785282600,261479.0,261523.0,261479.0,261522.0,0.023489
1785282900,261573.0,261573.0,261572.0,261573.0,0.015322
1785283200,261573.0,261638.0,261572.0,261637.0,0.042512
1785283500,261637.0,261950.0,261637.0,261950.0,0.056397
1785283800,261950.0,261950.0,261889.0,261889.0,0.017523
1785284100,261855.0,261856.0,261801.0,261801.0,0.071383
1785284400,261801.0,261801.0,261616.0,261650.0,0.146009
1785284700,261650.0,261650.0,261592.0,261593.0,0.025916
1785285000,261593.0,261593.0,261478.0,261479.0,0.004164
1785285300,261479.0,261646.0,261479.0,261646.0,0.003034
1785285600,261646.0,261647.0,261646.0,261647.0,0.142617
1785285900,261647.0,262037.0,261647.0,262001.0,0.125177
1785286200,262001.0,262001.0,261758.0,261758.0,0.059165
1785286500,261759.0,261759.0,261601.0,261601.0,0.029891
1785286800,261504.0,261686.0,261504.0,261686.0,0.003888
1785287100,261685.0,261685.0,261685.0,261685.0,0.000427
1785287400,261685.0,261685.0,261301.0,261301.0,0.067592
1785287700,261301.0,261301.0,261193.0,261193.0,0.093986
1785288000,261193.0,261193.0,261192.0,261192.0,0.008568
1785288300,261193.0,261193.0,261192.0,261193.0,0.015792
1785288600,261413.0,261413.0,261358.0,261358.0,0.090752
1785288900,261358.0,261359.0,261358.0,261359.0,0.008876
1785289200,261358.0,261358.0,261356.0,261357.0,0.020669
1785289500,261356.0,261357.0,261356.0,261356.0,0.014503
1785289800,261356.0,261356.0,261141.0,261141.0,0.061987
1785290100,261140.0,261140.0,261001.0,261002.0,0.012811
1785290400,261002.0,261002.0,261001.0,261001.0,0.00901
1785290700,261000.0,261001.0,261000.0,261001.0,0.024902
1785291000,261001.0,261001.0,261000.0,261000.0,0.013352
1785291300,261001.0,261001.0,261001.0,261001.0,0.023381
1785291600,261001.0,261139.0,261000.0,261139.0,0.021491
1785291900,261139.0,261359.0,261139.0,261359.0,0.112934
1785292200,261503.0,261739.0,261503.0,261739.0,0.022276
1785292500,261739.0,261900.0,261739.0,261900.0,0.012079
1785292800,261999.0,262140.0,261999.0,262140.0,0.011529
1785293100,262139.0,262139.0,261605.0,261605.0,0.048174
1785293400,261604.0,261605.0,261604.0,261605.0,0.042802
1785293700,261604.0,261644.0,261604.0,261644.0,0.007626
1785294000,261643.0,261644.0,261643.0,261643.0,0.011301
1785294300,261503.0,261503.0,261502.0,261502.0,0.00909
1785294600,261501.0,261522.0,261501.0,261522.0,0.177973
1785294900,261521.0,261522.0,260936.0,261382.0,0.36876
1785295200,261282.0,261424.0,261282.0,261424.0,0.011951
1785295500,261424.0,261424.0,261258.0,261258.0,0.048023
1785295800,261257.0,261257.0,260615.0,260709.0,0.041942
1785296100,260709.0,261105.0,260708.0,260918.0,0.077705
1785296400,260918.0,260918.0,260796.0,260802.0,0.056908
1785296700,260802.0,260802.0,260801.0,260801.0,0.022306
1785297000,260802.0,260802.0,260801.0,260802.0,0.00557
1785297300,260802.0,260802.0,260802.0,260802.0,0.005647
1785297600,260802.0,260802.0,260538.0,260539.0,0.038612
1785297900,260501.0,260539.0,260289.0,260519.0,0.012139
1785298200,260519.0,260519.0,260519.0,260519.0,0.002226
1785298500,260518.0,260519.0,260486.0,260486.0,0.005826
1785298800,260486.0,260486.0,260291.0,260292.0,0.146307
1785299100,260536.0,260569.0,260536.0,260569.0,0.038392
1785299400,260569.0,260816.0,260568.0,260816.0,0.072588
1785299700,260817.0,261113.0,260794.0,261113.0,0.008798
1785300000,261113.0,261113.0,261113.0,261113.0,0.006689
1785300300,261138.0,261138.0,261137.0,261138.0,0.034687
1785300600,261138.0,261164.0,261138.0,261164.0,0.112505
1785300900,261164.0,261164.0,261164.0,261164.0,0.000584
1785301200,261164.0,261169.0,261164.0,261165.0,0.026894
1785301500,261165.0,261169.0,261164.0,261169.0,0.014734
1785301800,261169.0,261194.0,261169.0,261194.0,0.004888
1785302100,261194.0,261194.0,261193.0,261193.0,0.041735
1785302400,261115.0,261294.0,261114.0,261238.0,0.026477
1785302700,261232.0,261271.0,261231.0,261271.0,0.119414
1785303000,261269.0,261270.0,261269.0,261269.0,0.038679
1785303300,261269.0,261397.0,261269.0,261397.0,0.036592
1785303600,261400.0,261498.0,261400.0,261494.0,0.107141
1785303900,261494.0,261495.0,261494.0,261495.0,0.018023
1785304200,261495.0,261495.0,261494.0,261494.0,0.008126
1785304500,261495.0,261643.0,261495.0,261643.0,0.014405
1785304800,261642.0,261643.0,261642.0,261643.0,0.01011
1785305100,261642.0,261643.0,261642.0,261643.0,0.057671
1785305400,261643.0,261643.0,261643.0,261643.0,0.002964
1785305700,261642.0,261898.0,261642.0,261898.0,0.17542
1785306000,261898.0,261898.0,261897.0,261898.0,0.001524
1785306300,261898.0,262667.0,261898.0,262667.0,0.124113
1785306600,262670.0,263216.0,262670.0,263214.0,0.010106
1785306900,263214.0,263214.0,263213.0,263213.0,0.003787
1785307200,263214.0,263214.0,263188.0,263188.0,0.017789
1785307500,263188.0,263188.0,263188.0,263188.0,0.003264
1785307800,263188.0,263340.0,263188.0,263340.0,0.003242
1785308100,263268.0,263268.0,263267.0,263268.0,0.010946
1785308400,263268.0,263268.0,263267.0,263268.0,0.003049
1785308700,263268.0,263387.0,263267.0,263387.0,0.010539
1785309000,263387.0,263387.0,263387.0,263387.0,0.003781
1785309300,263387.0,263387.0,263323.0,263323.0,0.009324
1785309600,263324.0,263324.0,263297.0,263298.0,0.026755
1785309900,263298.0,263298.0,263297.0,263298.0,0.003477
1785310200,263297.0,263321.0,263297.0,263319.0,0.018687
1785310500,263319.0,263320.0,263319.0,263320.0,0.033517
1785310800,263320.0,263323.0,263319.0,263323.0,0.018417
1785311100,263323.0,263324.0,263322.0,263324.0,0.007312
1785311400,263323.0,263324.0,263323.0,263324.0,0.028274
1785311700,263324.0,263325.0,263323.0,263325.0,0.015673
1785312000,263386.0,263458.0,263386.0,263458.0,0.005626
1785312300,263458.0,263458.0,263457.0,263458.0,0.009143
1785312600,263458.0,263458.0,263457.0,263457.0,0.00867
1785312900,263458.0,263458.0,263458.0,263458.0,0.000632
1785313200,263458.0,263458.0,263367.0,263368.0,0.006563
1785313500,263368.0,263368.0,263279.0,263279.0,0.070228
1785313800,263279.0,263280.0,263279.0,263280.0,0.00037
1785314100,263280.0,263280.0,263279.0,263279.0,0.014388
1785314400,263280.0,263280.0,263214.0,263215.0,0.010463
1785314700,263215.0,263697.0,263215.0,263697.0,0.00833
1785315000,263697.0,263697.0,263428.0,263429.0,0.038179
1785315300,263429.0,263429.0,263428.0,263429.0,0.014701
1785315600,263429.0,263429.0,263428.0,263429.0,0.006447
1785315900,263428.0,263428.0,263428.0,263428.0,0.000792
1785316200,263427.0,263428.0,263427.0,263428.0,0.003097
1785316500,263428.0,263663.0,263428.0,263663.0,0.016088
1785316800,263663.0,263663.0,263546.0,263546.0,0.061892
1785317100,263669.0,263670.0,263617.0,263618.0,0.016049
1785317400,263618.0,263652.0,263618.0,263652.0,0.01628
1785317700,263652.0,263669.0,263652.0,263669.0,0.051071
1785318000,263951.0,264229.0,263951.0,264229.0,0.070627
1785318300,264228.0,264229.0,264228.0,264229.0,0.004354
1785318600,264228.0,264229.0,264228.0,264229.0,0.007376
1785318900,264229.0,264613.0,264229.0,264613.0,0.096342
1785319200,264613.0,264613.0,264612.0,264612.0,0.004355
1785319500,264612.0,264613.0,264612.0,264613.0,0.001548
1785319800,264613.0,264613.0,264375.0,264421.0,0.186702
1785320100,264421.0,264421.0,264420.0,264420.0,0.007639
1785320400,264420.0,264550.0,264420.0,264550.0,0.008812
1785320700,264550.0,264550.0,264550.0,264550.0,0.004379
1785321000,264550.0,264550.0,264549.0,264549.0,0.004978
1785321300,264550.0,264550.0,264512.0,264512.0,0.010231
1785321600,264512.0,264595.0,264512.0,264595.0,0.03439
1785321900,264598.0,264598.0,264597.0,264597.0,0.003923
1785322200,264597.0,264597.0,263657.0,263868.0,0.034161
1785322500,263716.0,263843.0,263716.0,263843.0,0.00631
1785322800,263843.0,263843.0,263843.0,263843.0,0.016921
1785323100,263842.0,263843.0,263842.0,263843.0,0.013794
1785323400,263842.0,263888.0,263842.0,263888.0,0.016495
1785323700,263888.0,263899.0,263888.0,263899.0,0.001816
1785324000,263899.0,264320.0,263899.0,264320.0,0.048979
1785324300,264319.0,264320.0,264319.0,264319.0,0.006872
1785324600,264320.0,264320.0,264126.0,264126.0,0.126038
1785324900,264125.0,264126.0,264067.0,264068.0,0.040949
1785325200,264068.0,264068.0,264067.0,264067.0,0.125347
1785325500,264068.0,264068.0,264068.0,264068.0,0.017953
1785325800,264068.0,264068.0,264067.0,264067.0,0.018017
1785326100,264067.0,264068.0,264067.0,264068.0,0.00847
1785326400,264068.0,264068.0,264067.0,264067.0,0.018992
1785326700,264066.0,264067.0,264000.0,264000.0,0.009992
1785327000,264000.0,264000.0,263999.0,264000.0,0.008577
1785327300,264000.0,264000.0,263845.0,263845.0,0.076743
1785327600,263843.0,263843.0,263841.0,263842.0,0.007581
1785327900,263841.0,263842.0,263841.0,263842.0,0.003866
1785328200,263842.0,263842.0,263842.0,263842.0,0.017674
1785328500,263842.0,263842.0,263841.0,263842.0,0.015579
1785328800,263842.0,263842.0,263800.0,263801.0,0.006837
1785329100,263801.0,263801.0,263800.0,263800.0,0.027214
1785329400,263801.0,263801.0,263800.0,263801.0,0.00893
1785329700,263801.0,263801.0,263360.0,263360.0,0.059781
1785330000,263359.0,263360.0,263359.0,263360.0,0.006352
1785330300,263360.0,263360.0,263359.0,263360.0,0.034735
1785330600,263360.0,263360.0,263359.0,263360.0,0.003856
1785330900,263563.0,263622.0,263228.0,263228.0,0.045401
1785331200,263228.0,263274.0,263227.0,263274.0,0.019481
1785331500,263274.0,263274.0,263273.0,263274.0,0.010826
1785331800,263274.0,263560.0,263273.0,263560.0,0.031627
1785332100,263559.0,263560.0,263008.0,263195.0,0.019357
1785332400,263561.0,263963.0,263561.0,263963.0,0.068567
1785332700,263963.0,264580.0,263963.0,264580.0,0.099877
1785333000,264768.0,264769.0,263960.0,263960.0,0.108108
1785333300,263960.0,264683.0,263959.0,264682.0,0.012507
1785333600,264683.0,264812.0,264683.0,264812.0,0.094616
1785333900,264812.0,264812.0,264391.0,264391.0,0.012702
1785334200,264391.0,264392.0,263883.0,263883.0,0.02976
1785334500,263608.0,263680.0,263608.0,263679.0,0.004924
1785334800,263678.0,263882.0,263678.0,263882.0,0.008067
1785335100,263881.0,263881.0,263185.0,263186.0,0.008649
1785335400,263186.0,263415.0,263186.0,263415.0,0.052297
1785335700,263414.0,263414.0,263313.0,263314.0,0.011918
1785336000,263314.0,263314.0,263069.0,263069.0,0.018201
1785336300,263069.0,263069.0,263068.0,263069.0,0.009664
1785336600,263069.0,263330.0,263022.0,263329.0,0.054622
1785336900,263330.0,263330.0,263139.0,263165.0,0.076788
1785337200,263165.0,263165.0,263165.0,263165.0,0.027988
1785337500,263165.0,263165.0,263009.0,263009.0,0.027423
1785337800,263008.0,263008.0,263000.0,263000.0,0.306325
1785338100,262994.0,262994.0,262950.0,262950.0,0.061277
1785338400,262553.0,262553.0,262550.0,262550.0,0.009963
1785338700,262803.0,262804.0,262803.0,262804.0,0.002057
1785339000,262804.0,262804.0,262605.0,262608.0,0.320052
1785339300,262608.0,262884.0,262608.0,262882.0,0.028955
1785339600,262570.0,262570.0,262501.0,262501.0,0.054978
1785339900,262501.0,262501.0,262501.0,262501.0,0.001442
1785340200,262500.0,262610.0,262500.0,262610.0,0.006491
1785340500,262609.0,262609.0,262274.0,262274.0,0.014022
1785340800,262274.0,262274.0,262057.0,262154.0,0.09079
1785341100,262155.0,262155.0,262120.0,262120.0,0.005134
1785341400,262120.0,262121.0,262120.0,262121.0,0.003568
1785341700,262121.0,262121.0,262080.0,262080.0,0.003772
1785342000,262080.0,262467.0,262080.0,262467.0,0.212289
1785342300,262467.0,262467.0,262467.0,262467.0,0.005993
1785342600,262467.0,262467.0,262158.0,262158.0,0.011639
1785342900,262158.0,262158.0,262010.0,262010.0,0.007327
1785343200,262010.0,262010.0,261113.0,261113.0,0.068224
1785343500,261000.0,261001.0,261000.0,261000.0,0.010294
1785343800,260949.0,260949.0,260896.0,260897.0,0.009554
1785344100,260929.0,261292.0,260929.0,261292.0,0.547237
1785344400,261011.0,261315.0,261011.0,261315.0,0.00581
1785344700,261315.0,261315.0,261314.0,261315.0,0.003553
1785345000,261315.0,261445.0,261314.0,261444.0,0.072818
1785345300,261445.0,261445.0,261367.0,261367.0,0.027231
1785345600,261367.0,261367.0,261367.0,261367.0,0.000339
1785345900,261368.0,261368.0,261367.0,261367.0,0.00222
1785346200,261367.0,261441.0,261367.0,261441.0,0.004239
1785346500,261653.0,261654.0,261653.0,261653.0,0.035536
1785346800,261654.0,261654.0,261654.0,261654.0,0.096207
1785347100,261654.0,261793.0,261654.0,261793.0,0.084946
1785347400,261793.0,262497.0,261793.0,262497.0,0.010865
1785347700,262779.0,262812.0,262779.0,262812.0,0.016189
1785348000,262812.0,264253.0,262812.0,264252.0,0.047366
1785348300,263457.0,263820.0,262547.0,262547.0,0.540812
1785348600,263431.0,263821.0,263431.0,263666.0,0.10548
1785348900,263665.0,263665.0,263200.0,263200.0,0.007351
1785349200,263200.0,263200.0,262509.0,262509.0,0.002483
1785349500,262508.0,262508.0,261967.0,261968.0,0.003008
1785349800,262263.0,262502.0,261442.0,261908.0,0.012364
1785350100,261908.0,262509.0,261714.0,262509.0,0.007545
1785350400,262747.0,263044.0,262747.0,263044.0,0.007081
1785350700,263541.0,263543.0,263541.0,263543.0,0.008908
1785351000,263775.0,264224.0,263775.0,264224.0,0.003106
1785351300,264224.0,264238.0,263849.0,263849.0,0.015216
1785351600,263849.0,264036.0,263849.0,264036.0,0.011758
1785351900,264036.0,264036.0,263074.0,263074.0,0.004796
1785352200,262965.0,262965.0,262965.0,262965.0,0.000369
1785352500,262966.0,263543.0,262966.0,263166.0,0.004644
1785352800,262372.0,262647.0,262274.0,262647.0,0.038279
1785353100,262339.0,262339.0,262176.0,262176.0,0.064635
1785353400,261937.0,262079.0,261937.0,262079.0,0.003892
1785353700,261799.0,261799.0,261764.0,261765.0,0.0232
1785354000,261678.0,261678.0,261678.0,261678.0,0.009847
1785354300,261444.0,261444.0,260372.0,260372.0,0.088248
1785354600,260539.0,260539.0,260539.0,260539.0,0.000377
1785354900,260539.0,260539.0,260539.0,260539.0,0.002719
1785355200,260538.0,260538.0,260000.0,260001.0,0.054502
1785355500,260001.0,260190.0,260000.0,260000.0,0.23363
1785355800,259797.0,260244.0,259797.0,260244.0,0.015663
1785356100,260244.0,260575.0,260244.0,260575.0,0.006566
1785356400,260575.0,260575.0,260575.0,260575.0,0.0
1785356700,260574.0,260574.0,259825.0,259825.0,0.008051
1785357000,259825.0,260064.0,259825.0,260064.0,0.002401
1785357300,260064.0,260567.0,260064.0,260567.0,0.032577
1785357600,260568.0,260568.0,260568.0,260568.0,0.011513
1785357900,260287.0,260287.0,260286.0,260286.0,0.003504
1785358200,260287.0,260287.0,260287.0,260287.0,0.001125
1785358500,260286.0,260287.0,260286.0,260287.0,0.007644
1785358800,260235.0,260235.0,259800.0,259800.0,0.041786
1785359100,259684.0,259684.0,259113.0,259118.0,0.042927
1785359400,259118.0,259886.0,259118.0,259886.0,0.039853
1785359700,259719.0,259719.0,259586.0,259586.0,0.014331
1785360000,259586.0,259586.0,259586.0,259586.0,0.0001
1785360300,259586.0,259965.0,259586.0,259965.0,0.005023
1785360600,259967.0,259967.0,259967.0,259967.0,0.000662
1785360900,259967.0,259967.0,259967.0,259967.0,0.000427
1785361200,260317.0,260317.0,260317.0,260317.0,0.004204
1785361500,260173.0,260174.0,260173.0,260174.0,0.002017
1785361800,260478.0,260478.0,260478.0,260478.0,0.002228
1785362100,260902.0,260902.0,260902.0,260902.0,0.000385
1785362400,261077.0,261801.0,261077.0,261801.0,0.623988
1785362700,261800.0,262188.0,261800.0,261837.0,0.040126
1785363000,261837.0,262061.0,261837.0,262061.0,0.007824
1785363300,262061.0,262061.0,262061.0,262061.0,0.0
1785363600,262060.0,262060.0,262060.0,262060.0,0.00038
1785363900,262061.0,262061.0,262061.0,262061.0,0.019497
1785364200,262060.0,262061.0,262060.0,262060.0,0.002864
1785364500,262060.0,262060.0,262060.0,262060.0,0.015177
1785364800,261836.0,261937.0,261836.0,261937.0,0.00204
1785365100,261936.0,261958.0,261936.0,261957.0,0.004454
1785365400,261718.0,261718.0,261718.0,261718.0,0.001252
1785365700,261719.0,261719.0,261718.0,261718.0,0.039393
1785366000,261718.0,261719.0,261718.0,261718.0,0.011117
1785366300,261718.0,261718.0,261716.0,261717.0,0.00543
1785366600,261716.0,261717.0,261716.0,261717.0,0.002506
1785366900,261717.0,261717.0,261716.0,261717.0,0.010099
1785367200,261885.0,261885.0,261885.0,261885.0,0.001449
1785367500,261885.0,262012.0,261885.0,262012.0,0.000746
1785367800,262012.0,262012.0,261741.0,261742.0,0.011729
1785368100,261742.0,261742.0,261741.0,261742.0,0.006116
1785368400,261742.0,261742.0,261742.0,261742.0,0.00112
1785368700,261742.0,262088.0,261742.0,262087.0,0.014013
1785369000,262087.0,262088.0,262087.0,262087.0,0.015232
1785369300,261944.0,261944.0,261943.0,261944.0,0.011564
1785369600,261943.0,262063.0,261943.0,262062.0,0.024783
1785369900,262063.0,262063.0,262062.0,262062.0,0.003888
1785370200,262063.0,262126.0,262063.0,262123.0,0.296219
1785370500,262015.0,262085.0,262012.0,262085.0,0.008136
1785370800,262086.0,262086.0,262085.0,262085.0,0.002016
1785371100,262085.0,262086.0,262085.0,262086.0,0.000689
1785371400,262086.0,262086.0,261888.0,261888.0,0.01718
1785371700,261777.0,261777.0,261463.0,261464.0,0.05175
1785372000,261463.0,261463.0,261090.0,261090.0,0.136042
1785372300,261077.0,261077.0,261060.0,261061.0,0.032355
1785372600,260989.0,260989.0,260868.0,260868.0,0.006639
1785372900,260870.0,260871.0,260869.0,260869.0,0.049609
1785373200,260869.0,261066.0,260869.0,261066.0,0.091707
1785373500,261152.0,261305.0,261152.0,261287.0,0.060244
1785373800,261200.0,261200.0,261039.0,261039.0,0.004008
1785374100,261039.0,261039.0,260869.0,260869.0,0.044506
1785374400,260869.0,260994.0,260869.0,260994.0,0.001398
1785374700,260993.0,261171.0,260993.0,261171.0,0.006141
1785375000,261171.0,261477.0,261171.0,261477.0,0.002638
1785375300,261553.0,261891.0,261553.0,261891.0,0.005102
1785375600,261891.0,262084.0,261890.0,262084.0,0.020527
1785375900,262165.0,262723.0,262165.0,262723.0,0.036943
1785376200,262873.0,262874.0,262872.0,262874.0,0.040446
1785376500,262874.0,262988.0,262874.0,262987.0,0.007105
1785376800,262988.0,263172.0,262987.0,263101.0,0.127981
1785377100,263100.0,263101.0,263100.0,263101.0,0.004116
1785377400,263101.0,263101.0,261630.0,263101.0,0.820006
1785377700,263101.0,263101.0,263100.0,263100.0,0.057551
1785378000,263100.0,263101.0,263100.0,263101.0,0.006815
1785378300,263101.0,263101.0,263100.0,263101.0,0.040292
1785378600,263101.0,263101.0,263100.0,263101.0,0.077181
1785378900,263101.0,263101.0,262837.0,262850.0,0.01016
1785379200,262850.0,262888.0,262850.0,262888.0,0.006537
1785379500,262888.0,262888.0,262887.0,262888.0,0.004934
1785379800,262888.0,262888.0,262887.0,262888.0,0.007906
1785380100,262888.0,262888.0,262701.0,262701.0,0.006532
1785380400,262700.0,262701.0,262700.0,262701.0,0.004459
1785380700,262700.0,262701.0,262700.0,262701.0,0.007691
1785381000,262701.0,262701.0,261037.0,262546.0,0.512363
1785381300,262545.0,262945.0,262545.0,262945.0,0.075569
1785381600,262945.0,262945.0,262945.0,262945.0,0.00331
1785381900,262944.0,262944.0,262877.0,262878.0,0.01251
1785382200,262877.0,262877.0,262877.0,262877.0,0.001292
1785382500,262877.0,262877.0,262531.0,262531.0,0.005871
1785382800,262531.0,262532.0,262530.0,262532.0,0.025836
1785383100,262532.0,262532.0,262531.0,262532.0,0.01085
1785383400,262532.0,262532.0,262531.0,262532.0,0.013398
1785383700,262532.0,262532.0,262531.0,262532.0,0.060472
1785384000,262532.0,262532.0,262531.0,262531.0,0.028693
1785384300,262531.0,262532.0,262531.0,262531.0,0.049914
1785384600,262531.0,262531.0,262501.0,262502.0,0.013586
1785384900,262502.0,262502.0,262502.0,262502.0,0.001263
1785385200,262502.0,262502.0,262501.0,262502.0,0.065514
1785385500,262501.0,262502.0,262501.0,262502.0,0.022824
1785385800,262502.0,262502.0,262501.0,262501.0,0.060219
1785386100,262502.0,262502.0,262500.0,262500.0,0.014424
1785386400,262501.0,262501.0,262500.0,262500.0,0.055693
1785386700,262501.0,262501.0,262500.0,262501.0,0.018139
1785387000,262500.0,262501.0,262500.0,262501.0,0.009051
1785387300,262501.0,262501.0,262500.0,262500.0,0.009879
1785387600,262501.0,262501.0,261805.0,261805.0,0.010032
1785387900,261804.0,261954.0,261237.0,261842.0,0.31086
1785388200,261842.0,261843.0,261392.0,261392.0,0.05053
1785388500,261364.0,261507.0,261363.0,261507.0,0.048458
1785388800,261443.0,261443.0,261443.0,261443.0,0.009583
1785389100,261445.0,261785.0,261445.0,261785.0,0.012123
1785389400,261786.0,262223.0,261786.0,262223.0,0.011634
1785389700,262223.0,262223.0,262222.0,262222.0,0.002422
1785390000,262222.0,262223.0,262222.0,262222.0,0.004614
1785390300,262222.0,262295.0,262222.0,262295.0,0.017005
1785390600,262295.0,262295.0,262294.0,262295.0,0.018885
1785390900,262294.0,262294.0,261846.0,261847.0,0.036249
1785391200,261863.0,261902.0,261863.0,261902.0,0.042064
1785391500,261901.0,261901.0,261863.0,261899.0,0.024584
1785391800,261900.0,261900.0,261871.0,261872.0,0.021235
1785392100,261871.0,261872.0,261871.0,261872.0,0.008559
1785392400,261872.0,261872.0,261871.0,261872.0,0.001944
1785392700,261871.0,261900.0,261871.0,261900.0,0.006934
1785393000,261900.0,261900.0,261899.0,261899.0,0.018806
1785393300,261899.0,261900.0,261855.0,261855.0,0.006766
1785393600,261855.0,261855.0,261623.0,261757.0,0.111387
1785393900,261757.0,261757.0,261712.0,261713.0,0.007257
1785394200,261713.0,261713.0,261711.0,261712.0,0.008413
1785394500,261712.0,261712.0,261711.0,261712.0,0.026098
1785394800,261769.0,261900.0,261768.0,261900.0,0.007589
1785395100,261899.0,261900.0,261899.0,261899.0,0.003138
1785395400,261900.0,261900.0,261899.0,261900.0,0.006487
1785395700,261900.0,261900.0,261899.0,261899.0,0.002373
1785396000,261900.0,261900.0,261899.0,261900.0,0.020681
1785396300,261900.0,261900.0,261840.0,261841.0,0.015005
1785396600,261841.0,261841.0,261685.0,261686.0,0.003726
1785396900,261685.0,261718.0,261684.0,261718.0,0.054002
1785397200,261865.0,261865.0,261864.0,261865.0,0.010416
1785397500,261864.0,261865.0,261864.0,261865.0,0.000672
1785397800,261865.0,261865.0,261864.0,261865.0,0.004944
1785398100,261864.0,261864.0,261697.0,261714.0,0.018303
1785398400,261714.0,261714.0,261713.0,261714.0,0.011295
1785398700,261714.0,261831.0,261714.0,261819.0,0.015567
1785399000,261819.0,261819.0,261818.0,261819.0,0.021795
1785399300,261819.0,261819.0,261817.0,261818.0,0.035418
1785399600,261818.0,262000.0,261818.0,262000.0,0.146918
1785399900,262054.0,262565.0,262054.0,262565.0,0.012259
1785400200,262566.0,262566.0,262565.0,262566.0,0.001738
1785400500,262566.0,262752.0,262566.0,262752.0,0.026384
1785400800,262751.0,262751.0,262677.0,262677.0,0.165097
1785401100,262678.0,262678.0,262677.0,262677.0,0.410709
1785401400,262677.0,262678.0,262677.0,262678.0,1.382791
1785401700,262677.0,262678.0,262677.0,262677.0,0.074114
1785402000,262591.0,262591.0,262439.0,262544.0,0.34502
1785402300,262595.0,262595.0,262594.0,262594.0,0.001647
1785402600,262595.0,262944.0,262595.0,262944.0,0.140086
1785402900,262944.0,263179.0,262944.0,263179.0,0.032076
1785403200,263179.0,263395.0,263179.0,263395.0,0.034199
1785403500,263391.0,263391.0,263390.0,263391.0,0.032768
1785403800,263391.0,263459.0,263390.0,263459.0,0.007814
1785404100,263793.0,263793.0,263792.0,263792.0,0.014158
1785404400,263793.0,263849.0,263792.0,263849.0,0.079542
1785404700,263907.0,263909.0,263907.0,263909.0,0.004327
1785405000,263909.0,263909.0,263908.0,263908.0,0.017053
1785405300,263909.0,263909.0,263909.0,263909.0,0.005191
1785405600,263908.0,263909.0,263908.0,263909.0,0.004441
1785405900,263908.0,263908.0,263795.0,263871.0,0.113248
1785406200,263872.0,263872.0,263871.0,263871.0,0.063992
1785406500,263872.0,263872.0,263871.0,263872.0,0.004
1785406800,263871.0,263900.0,263871.0,263899.0,0.023817
1785407100,263900.0,263900.0,263899.0,263900.0,0.002929
1785407400,263899.0,263900.0,263899.0,263899.0,0.143405
1785407700,263899.0,263900.0,263899.0,263900.0,0.109735
1785408000,263900.0,263900.0,263899.0,263900.0,0.002172
1785408300,263899.0,263900.0,263899.0,263900.0,0.004206
1785408600,263900.0,263900.0,263900.0,263900.0,0.047972
1785408900,263899.0,263900.0,263899.0,263900.0,0.007972
1785409200,263900.0,263900.0,263899.0,263900.0,0.010295
1785409500,263899.0,263899.0,263871.0,263871.0,0.020381
1785409800,263871.0,263872.0,263871.0,263872.0,0.02393
1785410100,263872.0,263872.0,263871.0,263872.0,0.003152
1785410400,263872.0,263872.0,263871.0,263872.0,0.003634
1785410700,263871.0,263872.0,263871.0,263871.0,0.009836
1785411000,263872.0,263872.0,263871.0,263872.0,0.018334
1785411300,263871.0,263872.0,263871.0,263872.0,0.005067
1785411600,263872.0,263982.0,263872.0,263980.0,0.010952
1785411900,263981.0,263981.0,263981.0,263981.0,0.013311
1785412200,263981.0,264400.0,263981.0,264400.0,0.082661
1785412500,264455.0,264500.0,264455.0,264500.0,0.004975
1785412800,264500.0,264566.0,264500.0,264565.0,0.008406
1785413100,264565.0,264567.0,264565.0,264567.0,0.005435
1785413400,264753.0,265000.0,264752.0,265000.0,0.129819
1785413700,265000.0,265000.0,264999.0,265000.0,0.119478
1785414000,264999.0,265000.0,264999.0,265000.0,0.044622
1785414300,265000.0,265000.0,265000.0,265000.0,0.023191
1785414600,265000.0,265000.0,264999.0,264999.0,0.052029
1785414900,265000.0,265000.0,264999.0,265000.0,0.00387
1785415200,265000.0,265000.0,264999.0,265000.0,0.050896
1785415500,265000.0,265000.0,264999.0,264999.0,0.001444
1785415800,265000.0,265000.0,264999.0,264999.0,0.044267
1785416100,265000.0,265000.0,264999.0,265000.0,0.021839
1785416400,265000.0,265000.0,265000.0,265000.0,0.0338
1785416700,265000.0,265000.0,265000.0,265000.0,0.07978
1785417000,264999.0,265000.0,264999.0,265000.0,0.014118
1785417300,264999.0,265000.0,264999.0,264999.0,0.055036
1785417600,264914.0,264914.0,264913.0,264913.0,0.06063
1785417900,264914.0,264914.0,264913.0,264914.0,0.012597
1785418200,264912.0,264912.0,264530.0,264530.0,0.104173
1785418500,264519.0,264519.0,264518.0,264519.0,0.004011
1785418800,264463.0,265000.0,264463.0,265000.0,0.187347
1785419100,265000.0,265499.0,265000.0,265499.0,0.833241
1785419400,265500.0,265658.0,265500.0,265658.0,0.016209
1785419700,265658.0,265658.0,265657.0,265657.0,0.005056
1785420000,265658.0,265658.0,265253.0,265253.0,0.087745
1785420300,265048.0,265048.0,264685.0,264685.0,0.054552
1785420600,264686.0,264686.0,264518.0,264518.0,0.00586
1785420900,264518.0,264518.0,264196.0,264196.0,0.04985
1785421200,264197.0,264515.0,264196.0,264515.0,0.051471
1785421500,264514.0,264515.0,264514.0,264515.0,0.012979
1785421800,264515.0,264515.0,264514.0,264515.0,0.024402
1785422100,264515.0,264516.0,264515.0,264516.0,0.010038
1785422400,264516.0,264516.0,264516.0,264516.0,0.042322
1785422700,264515.0,264516.0,264515.0,264516.0,0.021366
1785423000,264516.0,264804.0,264516.0,264804.0,0.03806
1785423300,264803.0,264803.0,264132.0,264132.0,0.114452
1785423600,264133.0,264350.0,264012.0,264350.0,0.044937
1785423900,264350.0,264351.0,264350.0,264351.0,0.005734
1785424200,264612.0,264613.0,264371.0,264372.0,0.016891
1785424500,264372.0,264372.0,264371.0,264371.0,0.177675
1785424800,264372.0,264859.0,264372.0,264859.0,0.016971
1785425100,264859.0,264859.0,264298.0,264298.0,0.150071
1785425400,264149.0,264149.0,264000.0,264000.0,0.047127
1785425700,264000.0,264016.0,264000.0,264016.0,0.018953
1785426000,264015.0,264016.0,264015.0,264016.0,0.026735
1785426300,264392.0,264513.0,264392.0,264513.0,0.052285
1785426600,264512.0,264512.0,264512.0,264512.0,0.000206
1785426900,264513.0,264513.0,264276.0,264390.0,0.03284
1785427200,264391.0,264391.0,264391.0,264391.0,0.002688
1785427500,264391.0,264391.0,264391.0,264391.0,0.00077
1785427800,264391.0,264843.0,264391.0,264843.0,0.001074
1785428100,264843.0,264843.0,264843.0,264843.0,0.004258
1785428400,264843.0,264843.0,264843.0,264843.0,0.099453
1785428700,264843.0,264843.0,264842.0,264843.0,0.004476
1785429000,264843.0,264843.0,264842.0,264842.0,0.011473
1785429300,264843.0,264843.0,264842.0,264842.0,0.022083
1785429600,264843.0,264843.0,264842.0,264842.0,0.017485
1785429900,264842.0,264842.0,264604.0,264613.0,0.009429
1785430200,264612.0,264612.0,264612.0,264612.0,0.01672
1785430500,264612.0,264613.0,264612.0,264613.0,0.003799
1785430800,264613.0,265331.0,264613.0,264712.0,0.135478
1785431100,264712.0,264713.0,264712.0,264713.0,0.0019
1785431400,264713.0,264713.0,264713.0,264713.0,0.000175
1785431700,264713.0,264713.0,264713.0,264713.0,0.003138
1785432000,264752.0,264752.0,264752.0,264752.0,0.000113
1785432300,264752.0,264752.0,264752.0,264752.0,0.000313
1785432600,264752.0,265028.0,264752.0,265026.0,0.038809
1785432900,265026.0,265026.0,264856.0,264856.0,0.015345
1785433200,264856.0,265093.0,264856.0,265093.0,0.001963
1785433500,265380.0,265380.0,265219.0,265219.0,0.008696
1785433800,265099.0,265100.0,264912.0,264912.0,0.004468
1785434100,264912.0,264912.0,264912.0,264912.0,0.00038
1785434400,264912.0,264912.0,264912.0,264912.0,0.0002
1785434700,264912.0,264912.0,264911.0,264911.0,0.000553
1785435000,264911.0,264911.0,264911.0,264911.0,0.0
1785435300,264801.0,264802.0,264801.0,264802.0,0.012112
1785435600,264801.0,264802.0,264801.0,264802.0,0.043698
1785435900,264801.0,264801.0,264801.0,264801.0,0.000517
1785436200,264802.0,264802.0,264802.0,264802.0,0.039761
1785436500,264802.0,264802.0,264802.0,264802.0,0.000594
1785436800,264801.0,264801.0,264801.0,264801.0,0.000191
1785437100,264802.0,264802.0,264801.0,264801.0,0.0024
1785437400,264801.0,264801.0,264801.0,264801.0,0.000513
1785437700,264801.0,264801.0,264800.0,264800.0,0.000883
1785438000,264801.0,264801.0,264801.0,264801.0,0.004022
1785438300,264801.0,264801.0,264801.0,264801.0,0.000378
1785438600,264801.0,264801.0,264801.0,264801.0,0.000378
1785438900,264800.0,264801.0,264800.0,264801.0,0.002899
1785439200,264801.0,264801.0,264800.0,264800.0,0.0027
1785439500,264800.0,264800.0,264800.0,264800.0,0.002448
1785439800,264800.0,264800.0,264800.0,264800.0,0.0
1785440100,264801.0,264801.0,264801.0,264801.0,0.001321
1785440400,264892.0,264892.0,264891.0,264892.0,0.005604
1785440700,264892.0,264892.0,264892.0,264892.0,0.0
1785441000,264892.0,264892.0,264892.0,264892.0,0.0
1785441300,264892.0,264892.0,264892.0,264892.0,0.0
1785441600,264892.0,264892.0,264892.0,264892.0,0.0
1785441900,264892.0,264892.0,264892.0,264892.0,0.0
1785442200,264892.0,264892.0,264892.0,264892.0,0.0
1785442500,264892.0,264892.0,264892.0,264892.0,0.0
1785442800,264892.0,264892.0,264892.0,264892.0,0.0
1785443100,264892.0,264892.0,264892.0,264892.0,0.188706
1785443400,264892.0,264892.0,264892.0,264892.0,0.0
1785443700,264891.0,264891.0,264801.0,264801.0,0.08203
1785444000,264801.0,264801.0,264801.0,264801.0,0.009265
1785444300,264800.0,264801.0,264800.0,264801.0,0.000811
1785444600,264800.0,264800.0,264800.0,264800.0,0.000755
1785444900,264801.0,264801.0,264801.0,264801.0,0.001102
1785445200,264801.0,264801.0,264801.0,264801.0,0.0
1785445500,264801.0,264801.0,264801.0,264801.0,0.001285
1785445800,264800.0,264800.0,264606.0,264606.0,0.042086
1785446100,264608.0,264608.0,264608.0,264608.0,0.010628
1785446400,264608.0,264608.0,264608.0,264608.0,0.00224
1785446700,264608.0,264608.0,264608.0,264608.0,0.001846
1785447000,264608.0,264608.0,264608.0,264608.0,0.000185
1785447300,264608.0,264608.0,264608.0,264608.0,0.000203
1785447600,264607.0,264607.0,264607.0,264607.0,0.009749
1785447900,264607.0,264607.0,264607.0,264607.0,0.002448
1785448200,264608.0,264608.0,264608.0,264608.0,0.004568
1785448500,264608.0,264608.0,264608.0,264608.0,0.000366
1785448800,264608.0,264608.0,264608.0,264608.0,0.001889
1785449100,264607.0,264608.0,264607.0,264608.0,0.001038
1785449400,264608.0,264608.0,264608.0,264608.0,0.0
1785449700,264995.0,264995.0,264995.0,264995.0,0.001207
1785450000,264995.0,264995.0,264995.0,264995.0,0.001121
1785450300,264997.0,265000.0,264997.0,265000.0,0.002781
1785450600,265380.0,265380.0,265229.0,265229.0,0.022509
1785450900,265229.0,265229.0,265228.0,265229.0,0.005057
1785451200,265229.0,265229.0,265092.0,265106.0,0.024008
1785451500,265105.0,265106.0,265105.0,265105.0,0.002195
1785451800,265106.0,265106.0,265105.0,265106.0,0.003426
1785452100,265106.0,265106.0,264923.0,264923.0,0.010044
1785452400,264922.0,264922.0,264880.0,264880.0,0.003524
1785452700,264879.0,265053.0,264879.0,265041.0,0.006522
1785453000,265042.0,265089.0,265041.0,265089.0,0.009691
1785453300,265106.0,265106.0,265106.0,265106.0,0.000781
1785453600,265106.0,265122.0,265106.0,265122.0,0.012242
1785453900,265220.0,265220.0,265220.0,265220.0,0.001724
1785454200,265219.0,265496.0,265219.0,265495.0,0.02414
1785454500,265496.0,265496.0,265495.0,265496.0,0.042832
1785454800,265496.0,265496.0,264931.0,264931.0,0.010402
1785455100,264931.0,264931.0,264931.0,264931.0,0.00037
1785455400,264610.0,264765.0,264610.0,264613.0,0.004933
1785455700,264614.0,264614.0,264614.0,264614.0,0.002534
1785456000,264614.0,264614.0,264614.0,264614.0,0.02042
1785456300,264836.0,264894.0,264765.0,264765.0,0.031193
1785456600,264626.0,264626.0,264625.0,264626.0,0.080765
1785456900,264721.0,264721.0,264626.0,264627.0,0.025118
1785457200,264626.0,264626.0,264601.0,264623.0,0.053652
1785457500,264602.0,264602.0,264600.0,264600.0,0.176247
1785457800,264546.0,264549.0,264437.0,264465.0,0.015337
1785458100,264466.0,264550.0,264466.0,264550.0,0.001391
1785458400,264550.0,264550.0,264549.0,264549.0,0.01363
1785458700,264550.0,264550.0,264518.0,264518.0,0.007652
1785459000,264316.0,264316.0,264315.0,264315.0,0.010141
1785459300,264284.0,264285.0,264284.0,264284.0,0.020962
1785459600,264305.0,265009.0,264305.0,265009.0,0.051342
1785459900,265009.0,266339.0,265009.0,266339.0,0.189723
1785460200,266394.0,266660.0,266366.0,266366.0,0.079835
1785460500,266365.0,266365.0,265948.0,266067.0,0.022078
1785460800,265729.0,265730.0,265729.0,265730.0,0.012723
1785461100,265730.0,266086.0,265730.0,266086.0,0.01148
1785461400,266085.0,266086.0,265740.0,265740.0,0.013509
1785461700,265740.0,265740.0,265167.0,265167.0,0.034197
1785462000,265168.0,265168.0,265008.0,265009.0,0.016864
1785462300,265009.0,265009.0,264021.0,264021.0,0.125792
1785462600,264020.0,264020.0,263870.0,263873.0,0.036568
1785462900,263872.0,263872.0,263835.0,263835.0,0.061096
1785463200,263727.0,263727.0,263293.0,263519.0,0.038176
1785463500,263681.0,263829.0,263681.0,263828.0,0.007479
1785463800,263829.0,263829.0,263828.0,263829.0,0.022101
1785464100,263828.0,263828.0,263233.0,263233.0,0.024573
1785464400,263233.0,263233.0,263158.0,263158.0,0.028401
1785464700,263159.0,263208.0,263152.0,263152.0,0.036536
1785465000,263151.0,263151.0,263018.0,263018.0,0.152537
1785465300,263010.0,263010.0,263008.0,263009.0,0.02244
1785465600,263001.0,263001.0,262710.0,262710.0,0.012674
1785465900,262710.0,263060.0,262709.0,262818.0,0.185674
1785466200,262845.0,262926.0,262583.0,262926.0,0.02555
1785466500,262712.0,262768.0,262711.0,262768.0,0.003057
1785466800,262767.0,262767.0,262628.0,262682.0,0.065717
1785467100,262682.0,262682.0,262551.0,262608.0,0.008772
1785467400,262588.0,262588.0,262502.0,262502.0,0.005415
1785467700,262641.0,262917.0,262641.0,262917.0,0.027594
1785468000,263073.0,263073.0,263072.0,263072.0,0.054519
1785468300,263073.0,263073.0,263072.0,263073.0,0.046979
1785468600,263072.0,263073.0,263072.0,263073.0,0.00524
1785468900,263072.0,263073.0,263072.0,263073.0,0.018421
1785469200,263073.0,263200.0,263072.0,263200.0,0.02342
1785469500,263199.0,263200.0,263125.0,263126.0,0.049479
1785469800,263125.0,263391.0,263125.0,263391.0,0.124698
1785470100,263391.0,263396.0,263132.0,263132.0,0.069728
1785470400,263133.0,263375.0,263132.0,263374.0,0.028037
1785470700,263375.0,263375.0,263144.0,263144.0,0.012344
1785471000,263237.0,263250.0,263119.0,263119.0,0.239222
1785471300,263206.0,263206.0,263131.0,263131.0,0.020767
1785471600,263132.0,263132.0,263106.0,263107.0,0.016137
1785471900,263106.0,263114.0,263106.0,263114.0,0.052645
1785472200,263124.0,263261.0,263124.0,263145.0,0.008303
1785472500,263145.0,263241.0,263145.0,263154.0,0.008708
1785472800,263155.0,263166.0,263155.0,263166.0,0.009897
1785473100,263264.0,263264.0,263185.0,263195.0,0.006541
1785473400,263195.0,263195.0,263194.0,263195.0,0.011243
1785473700,263195.0,263195.0,263194.0,263195.0,0.006132
1785474000,263195.0,263500.0,263194.0,263500.0,0.019538
1785474300,263500.0,263535.0,263426.0,263534.0,0.179794
1785474600,263535.0,263536.0,263535.0,263536.0,0.000823
1785474900,263536.0,263536.0,263536.0,263536.0,0.011731
1785475200,263536.0,263536.0,263535.0,263536.0,0.01493
1785475500,263536.0,263536.0,263535.0,263535.0,0.040925
1785475800,263535.0,263536.0,263535.0,263536.0,0.119913
1785476100,263536.0,263536.0,263536.0,263536.0,0.002756
1785476400,263536.0,263536.0,263535.0,263535.0,0.046664
1785476700,263536.0,263536.0,263536.0,263536.0,0.001738
1785477000,263535.0,263536.0,263535.0,263535.0,0.030739
1785477300,263536.0,263536.0,263535.0,263536.0,0.017939
1785477600,263535.0,263535.0,263534.0,263535.0,0.02093
1785477900,263535.0,263535.0,263535.0,263535.0,0.013415
1785478200,263535.0,263535.0,263534.0,263535.0,0.065463
1785478500,263534.0,263535.0,263534.0,263535.0,0.002491
1785478800,263535.0,263535.0,263534.0,263534.0,0.014677
1785479100,263535.0,263668.0,263534.0,263668.0,0.010954
1785479400,263775.0,263776.0,263775.0,263776.0,0.035015
1785479700,263775.0,263775.0,263573.0,263574.0,0.010835
1785480000,263535.0,263536.0,263535.0,263536.0,0.002728
1785480300,263536.0,263536.0,263070.0,263071.0,0.117457
1785480600,263071.0,263071.0,263070.0,263070.0,0.192774
1785480900,263002.0,263002.0,263001.0,263002.0,0.010715
1785481200,263000.0,263001.0,262999.0,262999.0,0.008912
1785481500,262999.0,262999.0,262501.0,262563.0,0.02289
1785481800,262563.0,262563.0,262400.0,262400.0,0.009491
1785482100,262401.0,262401.0,262400.0,262401.0,0.102135
1785482400,262401.0,262401.0,262205.0,262205.0,0.072656
1785482700,262206.0,262206.0,262194.0,262195.0,0.037845
1785483000,262086.0,262284.0,262086.0,262284.0,0.032646
1785483300,262083.0,262152.0,262066.0,262066.0,0.022159
1785483600,262066.0,262067.0,262001.0,262001.0,0.031573
1785483900,262001.0,262002.0,262001.0,262002.0,0.023872
1785484200,262002.0,262011.0,262002.0,262011.0,0.013773
1785484500,262011.0,262031.0,262010.0,262030.0,0.013401
1785484800,262010.0,262010.0,262009.0,262009.0,0.010401
1785485100,262010.0,262010.0,262001.0,262002.0,0.061841
1785485400,262001.0,262002.0,262001.0,262001.0,0.006128
1785485700,262001.0,262002.0,262001.0,262002.0,0.023673
1785486000,262002.0,262002.0,262002.0,262002.0,0.055867
1785486300,262002.0,262002.0,262002.0,262002.0,0.006111
1785486600,262002.0,262002.0,262002.0,262002.0,0.00795
1785486900,262002.0,262002.0,262001.0,262001.0,0.029605
1785487200,262002.0,262002.0,261818.0,261819.0,0.146475
1785487500,261819.0,261819.0,261818.0,261818.0,0.01348
1785487800,261818.0,261818.0,261730.0,261739.0,0.042983
1785488100,261717.0,261717.0,261716.0,261716.0,0.093831
1785488400,261715.0,261716.0,261715.0,261716.0,0.107785
1785488700,261715.0,261715.0,261714.0,261715.0,0.142839
1785489000,261714.0,261714.0,261652.0,261652.0,0.006192
1785489300,261652.0,261652.0,261651.0,261651.0,0.00045
1785489600,261651.0,261651.0,261165.0,261185.0,0.08267
1785489900,261184.0,261184.0,260500.0,261022.0,0.383723
1785490200,261022.0,261022.0,260883.0,260949.0,0.004471
1785490500,260927.0,261054.0,260927.0,261054.0,0.008349
1785490800,261054.0,261054.0,261053.0,261054.0,0.085283
1785491100,261096.0,261132.0,261039.0,261132.0,0.021848
1785491400,261132.0,261249.0,261132.0,261174.0,0.023006
1785491700,261175.0,261202.0,261175.0,261202.0,0.040551
1785492000,261202.0,261202.0,261175.0,261175.0,0.000991
1785492300,261175.0,261175.0,260946.0,260951.0,0.006549
1785492600,260951.0,261076.0,260950.0,261076.0,0.009942
1785492900,261076.0,261076.0,261076.0,261076.0,0.004796
1785493200,261076.0,261452.0,261076.0,261452.0,0.013811
1785493500,261453.0,261453.0,261453.0,261453.0,0.004524
1785493800,261592.0,261594.0,261592.0,261593.0,0.009738
1785494100,261594.0,261594.0,261593.0,261594.0,0.004417
1785494400,261593.0,261594.0,261593.0,261594.0,0.010805
1785494700,261594.0,261665.0,261594.0,261665.0,0.024967
1785495000,261665.0,261759.0,261665.0,261759.0,0.018793
1785495300,261759.0,261804.0,261759.0,261804.0,0.004585
1785495600,261804.0,261878.0,261804.0,261878.0,0.008025
1785495900,261878.0,261878.0,261877.0,261878.0,0.010109
1785496200,261878.0,261878.0,261878.0,261878.0,0.001846
1785496500,261877.0,262021.0,261877.0,262021.0,0.001752
1785496800,261926.0,262011.0,261926.0,262011.0,0.006109
1785497100,262062.0,262077.0,262062.0,262077.0,0.010208
1785497400,261932.0,261932.0,261882.0,261882.0,0.014512
1785497700,261882.0,261882.0,261881.0,261881.0,0.010101
1785498000,261882.0,261882.0,261882.0,261882.0,0.012853
1785498300,261882.0,261882.0,261805.0,261805.0,0.005561
1785498600,261806.0,261806.0,261805.0,261806.0,0.007459
1785498900,261806.0,261806.0,261805.0,261805.0,0.052365
1785499200,261805.0,261805.0,261804.0,261805.0,0.055641
1785499500,261805.0,261805.0,261805.0,261805.0,0.002262
1785499800,261805.0,261805.0,261450.0,261450.0,0.060811
1785500100,261395.0,261395.0,261243.0,261244.0,0.026903
1785500400,261244.0,261309.0,261244.0,261280.0,0.031401
1785500700,261279.0,261378.0,261279.0,261378.0,0.006777
1785501000,261400.0,261400.0,261006.0,261006.0,0.00143
1785501300,261000.0,261239.0,261000.0,261092.0,0.005871
1785501600,261033.0,261073.0,261033.0,261073.0,0.006886
1785501900,261073.0,261142.0,261072.0,261142.0,0.069174
1785502200,261142.0,261271.0,261142.0,261271.0,0.03218
1785502500,261271.0,261271.0,261271.0,261271.0,0.016262
1785502800,261271.0,261271.0,261270.0,261271.0,0.009818
1785503100,261271.0,261352.0,261270.0,261351.0,0.018318
1785503400,261352.0,261352.0,261323.0,261323.0,0.021972
1785503700,261370.0,261543.0,261370.0,261542.0,0.135108
1785504000,261399.0,261606.0,261399.0,261592.0,0.116106
1785504300,261584.0,261604.0,261457.0,261560.0,0.015312
1785504600,261459.0,261459.0,260785.0,260922.0,0.010991
1785504900,261235.0,261235.0,260642.0,260771.0,0.014709
1785505200,260620.0,260620.0,260501.0,260501.0,0.098719
1785505500,260501.0,260501.0,259999.0,259999.0,0.662439
1785505800,259888.0,259888.0,259740.0,259741.0,0.014022
1785506100,259723.0,259723.0,259549.0,259549.0,0.031465
1785506400,259465.0,259465.0,258801.0,258801.0,0.079061
1785506700,258800.0,258800.0,257002.0,257002.0,0.36955
1785507000,257002.0,257605.0,256588.0,257002.0,0.26714
1785507300,257002.0,257022.0,257000.0,257001.0,1.155254
1785507600,257001.0,257001.0,257000.0,257001.0,0.095631
1785507900,257001.0,257001.0,256887.0,256887.0,0.133321
1785508200,257062.0,257070.0,257004.0,257010.0,0.103985
1785508500,257310.0,257562.0,257310.0,257327.0,0.016595
1785508800,257627.0,257627.0,257018.0,257127.0,0.026691
1785509100,257122.0,257526.0,257045.0,257526.0,0.020074
1785509400,257503.0,257573.0,257077.0,257077.0,0.23877
1785509700,257077.0,257365.0,257077.0,257225.0,0.056024
1785510000,257069.0,257338.0,257034.0,257137.0,0.012042
1785510300,257143.0,257148.0,257042.0,257042.0,0.023487
1785510600,257043.0,257043.0,257030.0,257031.0,0.025853
1785510900,257147.0,257147.0,257030.0,257031.0,0.006189
1785511200,257031.0,257031.0,256993.0,256994.0,0.080898
1785511500,256994.0,256994.0,256651.0,256656.0,0.186912
1785511800,256656.0,256656.0,256656.0,256656.0,0.009813
1785512100,256656.0,257371.0,256656.0,257371.0,0.049888
1785512400,257354.0,257359.0,257197.0,257265.0,0.052865
1785512700,257290.0,257295.0,257290.0,257291.0,0.06208
1785513000,257291.0,257413.0,257290.0,257413.0,0.045108
1785513300,257413.0,257413.0,257318.0,257318.0,0.052071
1785513600,257317.0,257588.0,257317.0,257561.0,0.076952
1785513900,257569.0,257783.0,257560.0,257783.0,0.012074
1785514200,257783.0,257784.0,257783.0,257784.0,0.008798
1785514500,257784.0,257862.0,257609.0,257862.0,0.004185
1785514800,257863.0,257863.0,257862.0,257862.0,0.004386
1785515100,257863.0,257948.0,257863.0,257948.0,0.09247
1785515400,257992.0,257992.0,257870.0,257870.0,0.001238
1785515700,257890.0,257890.0,257611.0,257722.0,0.014067
1785516000,257775.0,257775.0,257686.0,257686.0,0.001529
1785516300,257770.0,257801.0,257675.0,257675.0,0.023224
1785516600,257675.0,257738.0,257675.0,257738.0,0.003252
1785516900,257738.0,257832.0,257738.0,257832.0,0.019192
1785517200,257826.0,258002.0,257826.0,257879.0,0.022264
1785517500,257879.0,257879.0,257673.0,257673.0,0.026556
1785517800,257674.0,257823.0,257674.0,257823.0,0.016639
1785518100,257824.0,257824.0,257824.0,257824.0,0.024515
1785518400,257826.0,257826.0,257826.0,257826.0,0.003478
1785518700,257866.0,258086.0,257866.0,258086.0,0.012348
1785519000,258177.0,258353.0,258177.0,258353.0,0.237713
1785519300,258505.0,258505.0,258505.0,258505.0,0.001192
1785519600,258643.0,258643.0,258643.0,258643.0,0.002223
1785519900,258643.0,258916.0,258643.0,258916.0,0.003019
1785520200,258867.0,259245.0,258867.0,259245.0,0.033056
1785520500,259245.0,259490.0,259245.0,259378.0,0.003019
1785520800,259568.0,259568.0,259329.0,259329.0,0.005085
1785521100,259330.0,259330.0,259301.0,259302.0,0.005082
1785521400,259253.0,259254.0,259045.0,259045.0,0.048119
1785521700,259057.0,259099.0,258958.0,259099.0,0.020792
1785522000,259102.0,259102.0,259100.0,259100.0,0.00173
1785522300,258951.0,258951.0,258951.0,258951.0,0.00032
1785522600,258927.0,258927.0,258927.0,258927.0,0.000232
1785522900,258927.0,258927.0,258927.0,258927.0,0.0
1785523200,258926.0,258926.0,258926.0,258926.0,0.029949
1785523500,258808.0,258808.0,258808.0,258808.0,0.000352
1785523800,258808.0,259048.0,258808.0,259048.0,0.101423
1785524100,259048.0,259048.0,259048.0,259048.0,0.0
1785524400,259033.0,259033.0,258764.0,258764.0,0.001285
1785524700,258828.0,258828.0,258828.0,258828.0,0.000234
1785525000,258828.0,258828.0,258828.0,258828.0,0.0
1785525300,259060.0,259060.0,259060.0,259060.0,0.001177
1785525600,258982.0,258982.0,258812.0,258812.0,0.001074
1785525900,258633.0,258633.0,258632.0,258632.0,0.01254
1785526200,258631.0,258631.0,258630.0,258630.0,0.00104
1785526500,258612.0,258612.0,258588.0,258588.0,0.02578
1785526800,258526.0,258526.0,258526.0,258526.0,0.000232
1785527100,258526.0,258526.0,258526.0,258526.0,0.0
1785527400,258627.0,258627.0,258627.0,258627.0,0.001545
1785527700,258627.0,258627.0,258626.0,258626.0,0.007154
1785528000,258627.0,258627.0,258627.0,258627.0,0.001976
1785528300,258626.0,258626.0,258501.0,258501.0,0.014373
1785528600,258501.0,258501.0,258501.0,258501.0,0.0
1785528900,258624.0,258624.0,258623.0,258624.0,0.019497
1785529200,258624.0,258624.0,258624.0,258624.0,0.019717
1785529500,258624.0,258624.0,258624.0,258624.0,0.0
1785529800,258624.0,258624.0,258624.0,258624.0,0.0
1785530100,258518.0,258518.0,258518.0,258518.0,0.001087
1785530400,258518.0,258518.0,258518.0,258518.0,0.0
1785530700,258608.0,258608.0,258510.0,258510.0,0.000815
1785531000,258510.0,258510.0,258510.0,258510.0,0.000378
1785531300,258512.0,258512.0,258511.0,258511.0,0.000857
1785531600,258510.0,258510.0,258308.0,258308.0,0.016298
1785531900,258308.0,258308.0,258308.0,258308.0,0.0
1785532200,258308.0,258308.0,258308.0,258308.0,0.0
1785532500,258622.0,258622.0,258622.0,258622.0,0.005881
1785532800,258622.0,258622.0,258621.0,258622.0,0.036713
1785533100,258621.0,258622.0,258621.0,258622.0,0.000797
1785533400,258622.0,258622.0,258622.0,258622.0,0.002898
1785533700,258622.0,258622.0,258622.0,258622.0,0.073574
1785534000,258622.0,258622.0,258622.0,258622.0,0.0
1785534300,258626.0,258632.0,258626.0,258632.0,0.024735
1785534600,258632.0,258633.0,258632.0,258633.0,0.05679
1785534900,258354.0,258354.0,258354.0,258354.0,0.002391
1785535200,258349.0,258349.0,258347.0,258347.0,0.004066
1785535500,258497.0,258497.0,258497.0,258497.0,0.000388
1785535800,258632.0,258632.0,258632.0,258632.0,0.093195
1785536100,258632.0,258632.0,258632.0,258632.0,0.020014
1785536400,258632.0,258632.0,258631.0,258631.0,0.016086
1785536700,258632.0,258632.0,258632.0,258632.0,0.000387
1785537000,258557.0,258557.0,258557.0,258557.0,0.001376
1785537300,258268.0,258310.0,258268.0,258310.0,0.070514
1785537600,258311.0,258311.0,258311.0,258311.0,0.004021
1785537900,258349.0,258349.0,258348.0,258348.0,0.000561
1785538200,258281.0,258281.0,258280.0,258281.0,0.002746
1785538500,258280.0,258400.0,258280.0,258400.0,0.006992
1785538800,258349.0,258349.0,258349.0,258349.0,0.001412
1785539100,258349.0,258484.0,258349.0,258484.0,0.0401
1785539400,258522.0,258522.0,258511.0,258511.0,0.048107
1785539700,258511.0,258511.0,258490.0,258492.0,0.009014
1785540000,258492.0,258593.0,258492.0,258593.0,0.000561
1785540300,258531.0,258531.0,258531.0,258531.0,0.00097
1785540600,258531.0,258531.0,258531.0,258531.0,0.014489
1785540900,258531.0,258531.0,258531.0,258531.0,0.007338
1785541200,258531.0,258531.0,258531.0,258531.0,0.013345
1785541500,258531.0,258531.0,258291.0,258345.0,0.12968
1785541800,258281.0,258282.0,258281.0,258282.0,0.006848
1785542100,258281.0,258281.0,258281.0,258281.0,0.002131
1785542400,258281.0,258477.0,258281.0,258421.0,0.003275
1785542700,258421.0,258496.0,258380.0,258494.0,0.002835
1785543000,258452.0,258452.0,258452.0,258452.0,0.019151
1785543300,258450.0,258454.0,258402.0,258454.0,0.193713
1785543600,258456.0,258456.0,258456.0,258456.0,0.015095
1785543900,258456.0,258574.0,258456.0,258562.0,0.078907
1785544200,258499.0,258499.0,258456.0,258456.0,0.003119
1785544500,258455.0,258473.0,258455.0,258473.0,0.006514
1785544800,258473.0,258539.0,258473.0,258539.0,0.00327
1785545100,258539.0,258610.0,258539.0,258610.0,0.039962
1785545400,258610.0,258610.0,258555.0,258555.0,0.014791
1785545700,258555.0,258555.0,258455.0,258469.0,0.033509
1785546000,258469.0,258469.0,258468.0,258469.0,0.019271
1785546300,258469.0,258469.0,258469.0,258469.0,0.004543
1785546600,258469.0,258469.0,258469.0,258469.0,0.00612
1785546900,258469.0,258469.0,258468.0,258468.0,0.004205
1785547200,258469.0,258469.0,258468.0,258468.0,0.00345
1785547500,258468.0,258468.0,258391.0,258391.0,0.136037
1785547800,258408.0,258409.0,258357.0,258357.0,0.060508
1785548100,258357.0,258357.0,258356.0,258357.0,0.02806
1785548400,258366.0,258366.0,258365.0,258366.0,0.015578
1785548700,258365.0,258366.0,258365.0,258365.0,0.009204
1785549000,258366.0,258366.0,258365.0,258366.0,0.008423
1785549300,258366.0,258366.0,258365.0,258365.0,0.001374
1785549600,258366.0,258433.0,258366.0,258433.0,0.034064
1785549900,258450.0,258515.0,258450.0,258515.0,0.028304
1785550200,258515.0,258630.0,258514.0,258630.0,0.063157
1785550500,258630.0,258630.0,258630.0,258630.0,0.003508
1785550800,258630.0,258630.0,258629.0,258630.0,0.012632
1785551100,258630.0,258630.0,258630.0,258630.0,0.004499
1785551400,258630.0,258633.0,258630.0,258633.0,0.005205
1785551700,258633.0,258943.0,258633.0,258927.0,0.025705
1785552000,258949.0,258949.0,258903.0,258903.0,0.01456
1785552300,258904.0,258904.0,258904.0,258904.0,0.005598
1785552600,258904.0,258904.0,258904.0,258904.0,0.001427
1785552900,258903.0,258903.0,258903.0,258903.0,0.04141
1785553200,258904.0,258904.0,258904.0,258904.0,0.010699
1785553500,258904.0,258904.0,258903.0,258903.0,0.005447
1785553800,258903.0,258903.0,258547.0,258561.0,0.044835
1785554100,258560.0,258560.0,258542.0,258542.0,0.042736
1785554400,258542.0,258727.0,258542.0,258714.0,0.004283
1785554700,258714.0,258714.0,258714.0,258714.0,0.013171
1785555000,258714.0,258717.0,258713.0,258717.0,0.018455
1785555300,258636.0,258636.0,258623.0,258623.0,0.007981
1785555600,258593.0,258594.0,258593.0,258594.0,0.038134
1785555900,258835.0,258835.0,258548.0,258548.0,0.003314
1785556200,258833.0,258833.0,258668.0,258691.0,0.005186
1785556500,258830.0,258830.0,258830.0,258830.0,0.003055
1785556800,258830.0,258830.0,258679.0,258679.0,0.090478
1785557100,258785.0,258785.0,258766.0,258771.0,0.011185
1785557400,258770.0,258770.0,258717.0,258718.0,0.007844
1785557700,258717.0,258718.0,258717.0,258718.0,0.003595
1785558000,258717.0,258718.0,258717.0,258718.0,0.014666
1785558300,258718.0,258718.0,258718.0,258718.0,0.000951
1785558600,258718.0,258718.0,258717.0,258718.0,0.014501
1785558900,258718.0,258718.0,258718.0,258718.0,0.011298
1785559200,258718.0,258718.0,258718.0,258718.0,0.032965
1785559500,258718.0,258718.0,258717.0,258718.0,0.033549
1785559800,258739.0,258739.0,258738.0,258739.0,0.02386
1785560100,258738.0,258739.0,258738.0,258739.0,0.007021
1785560400,258739.0,258739.0,258739.0,258739.0,0.011629
1785560700,258753.0,258866.0,258753.0,258866.0,0.007125
1785561000,258865.0,258948.0,258865.0,258948.0,0.00829
1785561300,258948.0,258948.0,258845.0,258845.0,0.022676
1785561600,258845.0,258849.0,258795.0,258795.0,0.021332
1785561900,258825.0,258901.0,258825.0,258839.0,0.013958
1785562200,258839.0,258839.0,258838.0,258839.0,0.015534
1785562500,258860.0,258883.0,258839.0,258839.0,0.041758
1785562800,258840.0,258840.0,258840.0,258840.0,0.013133
1785563100,258840.0,258840.0,258800.0,258800.0,0.147208
1785563400,258800.0,258800.0,258707.0,258708.0,0.020365
1785563700,258708.0,258708.0,258707.0,258707.0,0.052103
1785564000,258708.0,258708.0,258707.0,258708.0,0.006901
1785564300,258701.0,258701.0,258643.0,258643.0,0.009065
1785564600,258642.0,258690.0,258642.0,258690.0,0.017967
1785564900,258690.0,258691.0,258690.0,258691.0,0.004542
1785565200,258691.0,258691.0,258690.0,258691.0,0.016715
1785565500,258691.0,258691.0,258690.0,258691.0,0.020638
1785565800,258691.0,258691.0,258690.0,258691.0,0.009829
1785566100,258699.0,258699.0,258699.0,258699.0,0.005191
1785566400,258699.0,258699.0,258699.0,258699.0,0.000553
1785566700,258699.0,258699.0,258699.0,258699.0,0.001026
1785567000,258700.0,258707.0,258700.0,258706.0,0.020975
1785567300,258707.0,258869.0,258707.0,258864.0,0.048287
1785567600,258864.0,258864.0,258863.0,258863.0,0.011002
1785567900,258864.0,258864.0,258864.0,258864.0,0.003944
1785568200,258864.0,258974.0,258864.0,258974.0,0.029839
1785568500,258973.0,258974.0,258810.0,258810.0,0.007473
1785568800,258810.0,258810.0,258810.0,258810.0,0.007049
1785569100,258810.0,258810.0,258809.0,258810.0,0.011533
1785569400,258811.0,258811.0,258655.0,258655.0,0.011583
1785569700,258655.0,258656.0,258655.0,258656.0,0.029517
1785570000,258656.0,258656.0,258655.0,258655.0,0.005672
1785570300,258656.0,258695.0,258656.0,258695.0,0.009204
1785570600,258695.0,258695.0,258694.0,258694.0,0.02756
1785570900,258695.0,258695.0,258695.0,258695.0,0.005469
1785571200,258816.0,258816.0,258815.0,258816.0,0.008973
1785571500,258816.0,258879.0,258816.0,258879.0,0.006231
1785571800,258879.0,258879.0,258878.0,258878.0,0.001786
1785572100,258879.0,258895.0,258879.0,258895.0,0.006174
1785572400,258894.0,258915.0,258894.0,258915.0,0.002485
1785572700,258914.0,258915.0,258914.0,258915.0,0.005937
1785573000,258915.0,258915.0,258915.0,258915.0,0.004793
1785573300,258915.0,258943.0,258914.0,258939.0,0.007888
1785573600,258940.0,258940.0,258939.0,258939.0,0.011604
1785573900,258940.0,258940.0,258939.0,258940.0,0.016208
1785574200,258940.0,258979.0,258940.0,258979.0,0.004673
1785574500,258999.0,258999.0,258998.0,258999.0,0.010798
1785574800,258999.0,259108.0,258998.0,259027.0,0.056379
1785575100,259028.0,259028.0,259027.0,259027.0,0.009922
1785575400,259028.0,259028.0,259027.0,259027.0,0.251139
1785575700,259027.0,259028.0,258918.0,258918.0,0.045991
1785576000,258918.0,259092.0,258918.0,258960.0,0.007547
1785576300,258960.0,258960.0,258960.0,258960.0,0.023417
1785576600,258960.0,258960.0,258959.0,258960.0,0.014229
1785576900,258960.0,258960.0,258959.0,258960.0,0.042957
1785577200,258960.0,258960.0,258960.0,258960.0,0.036052
1785577500,258960.0,258960.0,258865.0,258865.0,0.157434
1785577800,258865.0,258865.0,258864.0,258865.0,0.008949
1785578100,258865.0,258865.0,258864.0,258865.0,0.021854
1785578400,258865.0,258865.0,258862.0,258862.0,0.028683
1785578700,258863.0,258863.0,258863.0,258863.0,0.00286
1785579000,258862.0,258862.0,258841.0,258842.0,0.005887
1785579300,258841.0,258841.0,258840.0,258841.0,0.005726
1785579600,258841.0,258841.0,258841.0,258841.0,0.0
1785579900,258841.0,258841.0,258840.0,258840.0,0.038198
1785580200,258841.0,258841.0,258840.0,258841.0,0.025533
1785580500,258841.0,258841.0,258839.0,258840.0,0.085671
1785580800,258840.0,258840.0,258840.0,258840.0,0.001541
1785581100,258840.0,258840.0,258816.0,258824.0,0.01388
1785581400,258824.0,258824.0,258823.0,258823.0,0.02337
1785581700,258823.0,258824.0,258823.0,258824.0,0.040287
1785582000,258823.0,258824.0,258823.0,258823.0,0.003091
1785582300,258824.0,258824.0,258823.0,258823.0,0.002075
1785582600,258823.0,258824.0,258823.0,258824.0,0.002977
1785582900,258824.0,258824.0,258823.0,258823.0,0.021074
1785583200,258823.0,258846.0,258822.0,258846.0,0.020489
1785583500,258845.0,258846.0,258845.0,258846.0,0.016621
1785583800,258846.0,258928.0,258846.0,258922.0,0.020018
1785584100,258856.0,258856.0,258855.0,258856.0,0.026235
1785584400,258856.0,258856.0,258855.0,258856.0,0.007149
1785584700,258856.0,258856.0,258856.0,258856.0,0.003423
1785585000,258856.0,258856.0,258855.0,258856.0,0.037915
1785585300,258856.0,258856.0,258855.0,258855.0,0.002867
1785585600,258856.0,258856.0,258855.0,258856.0,0.004062
1785585900,258856.0,258922.0,258856.0,258922.0,0.012144
1785586200,258922.0,258922.0,258922.0,258922.0,0.005685
1785586500,258921.0,258922.0,258921.0,258922.0,0.012349
1785586800,258922.0,258922.0,258921.0,258921.0,0.010413
1785587100,258921.0,258922.0,258921.0,258922.0,0.008514
1785587400,258922.0,258922.0,258921.0,258922.0,0.036775
1785587700,258922.0,258922.0,258921.0,258922.0,0.008478
1785588000,258922.0,258922.0,258922.0,258922.0,0.002999
1785588300,258921.0,258922.0,258921.0,258922.0,0.000624
1785588600,258921.0,258922.0,258921.0,258922.0,0.043864
1785588900,258847.0,258848.0,258835.0,258835.0,0.006278
1785589200,258835.0,258835.0,258834.0,258834.0,0.003133
1785589500,258835.0,258835.0,258835.0,258835.0,0.024126
1785589800,258835.0,258835.0,258835.0,258835.0,0.020462
1785590100,258835.0,258835.0,258835.0,258835.0,0.001853
1785590400,258835.0,258835.0,258834.0,258835.0,0.007173
1785590700,258835.0,258835.0,258835.0,258835.0,0.007019
1785591000,258835.0,258835.0,258834.0,258835.0,0.006586
1785591300,258835.0,258835.0,258834.0,258834.0,0.002303
1785591600,258834.0,258834.0,258816.0,258817.0,0.02263
1785591900,258817.0,258817.0,258817.0,258817.0,0.001368
1785592200,258816.0,258817.0,258816.0,258817.0,0.002783
1785592500,258817.0,258817.0,258817.0,258817.0,0.002648
1785592800,258817.0,258817.0,258816.0,258817.0,0.002945
1785593100,258816.0,258817.0,258816.0,258817.0,0.004896
1785593400,258817.0,258817.0,258817.0,258817.0,0.000174
1785593700,258817.0,258817.0,258816.0,258816.0,0.073106
1785594000,258816.0,258816.0,258816.0,258816.0,0.001474
1785594300,258816.0,258816.0,258815.0,258816.0,0.025772
1785594600,258816.0,258816.0,258816.0,258816.0,0.022254
1785594900,258816.0,258816.0,258655.0,258658.0,0.11193
1785595200,258658.0,258658.0,258658.0,258658.0,0.007134
1785595500,258740.0,258740.0,258740.0,258740.0,0.000727
1785595800,258740.0,258740.0,258740.0,258740.0,0.002098
1785596100,258740.0,258740.0,258740.0,258740.0,0.002493
1785596400,258740.0,258740.0,258739.0,258740.0,0.02372
1785596700,258740.0,258740.0,258739.0,258739.0,0.023611
1785597000,258740.0,258740.0,258740.0,258740.0,0.014388
1785597300,258740.0,258740.0,258701.0,258701.0,0.018977
1785597600,258701.0,258701.0,258535.0,258536.0,0.010337
1785597900,258533.0,258534.0,258533.0,258534.0,0.00552
1785598200,258534.0,258534.0,258533.0,258533.0,0.011627
1785598500,258502.0,258502.0,258502.0,258502.0,0.001399
1785598800,258502.0,258502.0,258502.0,258502.0,0.006563
1785599100,258502.0,258502.0,258502.0,258502.0,0.003004
1785599400,258502.0,258502.0,258500.0,258500.0,0.020743
1785599700,258500.0,258501.0,258500.0,258501.0,0.06237
1785600000,258501.0,258501.0,258402.0,258402.0,0.007442
1785600300,258401.0,258402.0,258401.0,258402.0,0.001606
1785600600,258401.0,258401.0,258301.0,258302.0,0.035791
1785600900,258301.0,258301.0,258141.0,258144.0,0.004712
1785601200,258143.0,258143.0,258143.0,258143.0,0.007915
1785601500,258154.0,258265.0,258136.0,258136.0,0.003382
1785601800,258195.0,258195.0,258195.0,258195.0,0.00313
1785602100,258194.0,258297.0,258194.0,258297.0,0.000551
1785602400,258296.0,258296.0,258190.0,258215.0,0.098651
1785602700,258262.0,258262.0,258262.0,258262.0,0.001883
1785603000,258262.0,258262.0,258262.0,258262.0,0.000282
1785603300,258036.0,258036.0,258036.0,258036.0,0.003886
1785603600,258231.0,258231.0,258231.0,258231.0,0.00016
1785603900,258231.0,258231.0,258231.0,258231.0,0.000559
1785604200,258231.0,258231.0,258074.0,258074.0,0.030267
1785604500,258009.0,258009.0,258009.0,258009.0,0.000387
1785604800,258009.0,258009.0,258009.0,258009.0,0.000859
1785605100,258008.0,258008.0,257950.0,257950.0,0.111113
1785605400,257950.0,257950.0,257828.0,257828.0,0.00592
1785605700,257825.0,257825.0,257825.0,257825.0,0.020177
1785606000,257656.0,257656.0,257656.0,257656.0,0.014982
1785606300,257656.0,257656.0,257655.0,257655.0,0.002984
1785606600,257600.0,257600.0,257447.0,257447.0,0.01378
1785606900,257371.0,257371.0,257371.0,257371.0,0.000388
1785607200,257370.0,257370.0,257290.0,257290.0,0.025213
1785607500,257291.0,257295.0,257291.0,257295.0,0.001812
1785607800,257295.0,257336.0,257295.0,257336.0,0.043228
1785608100,257290.0,257290.0,257130.0,257130.0,0.002853
1785608400,257130.0,257130.0,256822.0,256823.0,0.216067
1785608700,256823.0,256823.0,256823.0,256823.0,0.000879
1785609000,256823.0,256823.0,256001.0,256002.0,0.09539
1785609300,256002.0,256002.0,256002.0,256002.0,0.0
1785609600,256103.0,256103.0,256003.0,256003.0,0.002233
1785609900,256002.0,256126.0,256002.0,256004.0,0.001832
1785610200,256003.0,256106.0,256003.0,256106.0,0.015844
1785610500,256106.0,256592.0,256106.0,256592.0,0.017354
1785610800,256748.0,256748.0,256616.0,256681.0,0.002911
1785611100,256839.0,256839.0,256839.0,256839.0,0.001517
1785611400,256798.0,256798.0,256798.0,256798.0,0.001021
1785611700,256767.0,256767.0,256767.0,256767.0,0.008105
1785612000,256767.0,256767.0,256767.0,256767.0,0.0
1785612300,256748.0,256748.0,256747.0,256748.0,0.011064
1785612600,256748.0,256748.0,256748.0,256748.0,0.00021
1785612900,256748.0,256748.0,256748.0,256748.0,0.002142
1785613200,256747.0,256747.0,256747.0,256747.0,0.003708
1785613500,256748.0,256748.0,256746.0,256746.0,0.009145
1785613800,256746.0,256746.0,256746.0,256746.0,0.0
1785614100,256746.0,256746.0,256746.0,256746.0,0.003894
1785614400,256746.0,256746.0,256746.0,256746.0,0.00779
1785614700,256746.0,256746.0,256746.0,256746.0,0.001171
1785615000,256746.0,256746.0,256746.0,256746.0,0.000179
1785615300,256746.0,256746.0,256746.0,256746.0,0.002128
1785615600,256852.0,256852.0,256852.0,256852.0,0.000389
1785615900,256852.0,256852.0,256852.0,256852.0,0.001902
1785616200,256852.0,256852.0,256852.0,256852.0,0.0
1785616500,256852.0,256852.0,256852.0,256852.0,0.0
1785616800,256841.0,256841.0,256841.0,256841.0,0.075577
1785617100,256841.0,256841.0,256841.0,256841.0,0.0
1785617400,256891.0,256934.0,256891.0,256933.0,0.001496
1785617700,257025.0,257025.0,257025.0,257025.0,0.000207
1785618000,257262.0,257376.0,257262.0,257376.0,0.00053
1785618300,257378.0,257378.0,257377.0,257377.0,0.003168
1785618600,257378.0,257378.0,257378.0,257378.0,0.000187
1785618900,257378.0,257378.0,257378.0,257378.0,0.001554
1785619200,257378.0,257378.0,257378.0,257378.0,0.0
1785619500,257378.0,257378.0,257378.0,257378.0,0.0
1785619800,257379.0,257379.0,257379.0,257379.0,0.000255
1785620100,257379.0,257379.0,257379.0,257379.0,0.0
1785620400,257483.0,257483.0,257483.0,257483.0,0.004372
1785620700,257483.0,257483.0,257483.0,257483.0,0.0
1785621000,257539.0,257539.0,257539.0,257539.0,0.001108
1785621300,257539.0,257539.0,257539.0,257539.0,0.0
1785621600,257552.0,257552.0,257552.0,257552.0,0.000189
1785621900,257615.0,257616.0,257615.0,257616.0,0.058682
1785622200,257617.0,257617.0,257617.0,257617.0,0.015202
1785622500,257618.0,257618.0,257618.0,257618.0,0.003837
1785622800,257618.0,257618.0,257618.0,257618.0,0.001362
1785623100,257618.0,257618.0,257618.0,257618.0,0.0
1785623400,257634.0,257634.0,257634.0,257634.0,0.012032
1785623700,257634.0,257634.0,257634.0,257634.0,0.003844
1785624000,257662.0,257662.0,257662.0,257662.0,0.007663
1785624300,257661.0,257662.0,257661.0,257662.0,0.00033
1785624600,257625.0,257625.0,257625.0,257625.0,0.000724
1785624900,257625.0,257625.0,257625.0,257625.0,0.116981
1785625200,257661.0,257661.0,257661.0,257661.0,0.00246
1785625500,257661.0,257661.0,257608.0,257608.0,0.013871
1785625800,257566.0,257566.0,257538.0,257539.0,0.014104
1785626100,257539.0,257539.0,257476.0,257476.0,0.013401
1785626400,257456.0,257485.0,257456.0,257472.0,0.002513
1785626700,257464.0,257464.0,257391.0,257391.0,0.021312
1785627000,257391.0,257456.0,257391.0,257456.0,0.002165
1785627300,257455.0,257455.0,257455.0,257455.0,0.003981
1785627600,257580.0,257580.0,257580.0,257580.0,0.0297
1785627900,257615.0,257660.0,257615.0,257660.0,0.040048
1785628200,257660.0,257660.0,257660.0,257660.0,0.0
1785628500,257659.0,257660.0,257659.0,257659.0,0.014321
1785628800,257775.0,257800.0,257774.0,257800.0,0.010435
1785629100,257872.0,257872.0,257871.0,257871.0,0.016499
1785629400,257873.0,257999.0,257873.0,257999.0,0.020351
1785629700,258000.0,258069.0,258000.0,258069.0,0.001744
1785630000,258069.0,258069.0,258069.0,258069.0,0.001282
1785630300,258032.0,258032.0,257845.0,257845.0,0.00042
1785630600,257845.0,257911.0,257844.0,257911.0,0.003078
1785630900,257965.0,257965.0,257964.0,257964.0,0.038382
1785631200,257965.0,257965.0,257965.0,257965.0,0.030005
1785631500,257965.0,257965.0,257965.0,257965.0,0.000991
1785631800,257965.0,257965.0,257964.0,257964.0,0.006517
1785632100,257964.0,257964.0,257910.0,257911.0,0.056693
1785632400,257911.0,257911.0,257910.0,257911.0,0.027024
1785632700,257911.0,257911.0,257911.0,257911.0,0.003919
1785633000,257912.0,258033.0,257911.0,258033.0,0.018053
1785633300,258298.0,258488.0,258298.0,258488.0,0.00765
1785633600,258383.0,258383.0,258290.0,258290.0,0.00902
1785633900,258290.0,258290.0,258289.0,258290.0,0.01979
1785634200,258290.0,258290.0,258290.0,258290.0,0.006266
1785634500,258451.0,258451.0,258451.0,258451.0,0.003969
1785634800,258451.0,258451.0,258429.0,258429.0,0.0037
1785635100,258321.0,258321.0,258321.0,258321.0,0.003546
1785635400,258321.0,258321.0,258320.0,258320.0,0.005951
1785635700,258321.0,258321.0,258236.0,258236.0,0.028861
1785636000,258237.0,258237.0,258236.0,258237.0,0.013661
1785636300,258237.0,260330.0,258236.0,259752.0,0.022465
1785636600,259752.0,260119.0,259752.0,259982.0,0.04601
1785636900,259982.0,260151.0,259967.0,260151.0,0.019503
1785637200,260265.0,260265.0,260161.0,260162.0,0.003941
1785637500,260162.0,260162.0,260162.0,260162.0,0.007323
1785637800,260099.0,260100.0,260099.0,260099.0,0.005549
1785638100,260099.0,260100.0,260087.0,260087.0,0.010959
1785638400,260087.0,260087.0,259868.0,259868.0,0.016743
1785638700,259867.0,260054.0,259718.0,260054.0,0.003619
1785639000,260054.0,260136.0,259931.0,260136.0,0.005198
1785639300,260136.0,260137.0,259986.0,260032.0,0.044503
1785639600,260084.0,260084.0,260084.0,260084.0,0.001238
1785639900,259952.0,260001.0,259893.0,259893.0,0.015633
1785640200,259905.0,259906.0,259905.0,259906.0,0.002237
1785640500,259955.0,259955.0,259954.0,259954.0,0.016616
1785640800,260006.0,260306.0,260006.0,260306.0,0.024399
1785641100,260300.0,260301.0,260056.0,260056.0,0.028221
1785641400,260056.0,260056.0,260055.0,260056.0,0.003572
1785641700,260056.0,260056.0,260055.0,260055.0,0.004625
1785642000,260056.0,260254.0,260056.0,260254.0,0.001735
1785642300,260254.0,260254.0,260254.0,260254.0,0.01031
1785642600,260254.0,260254.0,260229.0,260229.0,0.007378
1785642900,260228.0,260229.0,260228.0,260229.0,0.035146
1785643200,260253.0,260253.0,260253.0,260253.0,0.000759
1785643500,260252.0,260253.0,260252.0,260253.0,0.0042
1785643800,260253.0,260325.0,259762.0,259762.0,0.563553
1785644100,260263.0,260263.0,260263.0,260263.0,0.001973
1785644400,260262.0,260263.0,260262.0,260263.0,0.002742
1785644700,260304.0,260305.0,260304.0,260305.0,0.025234
1785645000,260305.0,260305.0,260304.0,260305.0,0.003091
1785645300,260304.0,260305.0,260304.0,260305.0,0.001341
1785645600,260305.0,260305.0,260305.0,260305.0,0.003664
1785645900,260305.0,260305.0,260304.0,260305.0,0.009506
1785646200,260305.0,260305.0,260304.0,260305.0,0.039195
1785646500,260305.0,260399.0,260304.0,260399.0,0.029799
1785646800,260399.0,260399.0,260310.0,260310.0,0.002654
1785647100,260310.0,260310.0,260308.0,260309.0,0.043661
1785647400,260306.0,260306.0,260306.0,260306.0,0.00545
1785647700,260306.0,260306.0,260159.0,260159.0,0.061181
1785648000,260159.0,260160.0,260159.0,260160.0,0.019104
1785648300,260160.0,260160.0,260160.0,260160.0,0.0
1785648600,260158.0,260158.0,260141.0,260141.0,0.034769
1785648900,260016.0,260017.0,260016.0,260016.0,0.003978
1785649200,260017.0,260017.0,259771.0,259771.0,0.024798
1785649500,259798.0,259817.0,259798.0,259817.0,0.012554
1785649800,259817.0,259817.0,259816.0,259816.0,0.006252
1785650100,259883.0,259891.0,259883.0,259891.0,0.047832
1785650400,259891.0,260105.0,259891.0,259971.0,0.121279
1785650700,259970.0,259970.0,259942.0,259942.0,0.010166
1785651000,259942.0,259942.0,259925.0,259925.0,0.004584
1785651300,259925.0,259925.0,259925.0,259925.0,0.001623
1785651600,259888.0,259888.0,259888.0,259888.0,0.022552
1785651900,260006.0,260007.0,260006.0,260007.0,0.002799
1785652200,260075.0,260075.0,260012.0,260012.0,0.004087
1785652500,260012.0,260012.0,260012.0,260012.0,0.000591
1785652800,259955.0,260076.0,259955.0,260045.0,0.000857
1785653100,260045.0,260045.0,260044.0,260045.0,0.02729
1785653400,260044.0,260045.0,260044.0,260045.0,0.013878
1785653700,260045.0,260045.0,260045.0,260045.0,0.0043
1785654000,260045.0,260045.0,260044.0,260045.0,0.032737
1785654300,260045.0,260045.0,260045.0,260045.0,0.013519
1785654600,260045.0,260045.0,260044.0,260045.0,0.007105
1785654900,260045.0,260045.0,260045.0,260045.0,0.007039
1785655200,260045.0,260045.0,260044.0,260044.0,0.045282
1785655500,260045.0,260045.0,260045.0,260045.0,0.019321
1785655800,260044.0,260045.0,260044.0,260045.0,0.040199
1785656100,260045.0,260124.0,260045.0,260124.0,0.003968
1785656400,260125.0,260125.0,260124.0,260125.0,0.018134
1785656700,260125.0,260125.0,260125.0,260125.0,0.001315
1785657000,260125.0,260125.0,260125.0,260125.0,0.007851
1785657300,260125.0,260125.0,260125.0,260125.0,0.005303
1785657600,260125.0,260125.0,260004.0,260005.0,0.10645
1785657900,260040.0,260040.0,260039.0,260039.0,0.000654
1785658200,260040.0,260121.0,260040.0,260120.0,0.011289
1785658500,260082.0,260082.0,260003.0,260003.0,0.028943
1785658800,260002.0,260003.0,260001.0,260001.0,0.007223
1785659100,260001.0,260001.0,260000.0,260001.0,0.00724
1785659400,260000.0,260001.0,260000.0,260001.0,0.006558
1785659700,260001.0,260001.0,259571.0,259572.0,0.04791
1785660000,259551.0,259551.0,259481.0,259481.0,0.010434
1785660300,259480.0,259480.0,259294.0,259294.0,0.002774
1785660600,259294.0,259294.0,259032.0,259064.0,0.055483
1785660900,259064.0,259064.0,259022.0,259022.0,0.008619
1785661200,259023.0,259023.0,259001.0,259001.0,0.004222
1785661500,259000.0,259000.0,258577.0,258866.0,0.004063
1785661800,259265.0,259354.0,259265.0,259353.0,0.013667
1785662100,259354.0,259354.0,259353.0,259353.0,0.010774
1785662400,259354.0,259354.0,259353.0,259353.0,0.013174
1785662700,259354.0,259354.0,259229.0,259230.0,0.01451
1785663000,259205.0,259229.0,259205.0,259229.0,0.12336
1785663300,259230.0,259250.0,259230.0,259250.0,0.003588
1785663600,259251.0,259251.0,259250.0,259250.0,0.001293
1785663900,259251.0,259251.0,259251.0,259251.0,0.00377
1785664200,259251.0,259251.0,259250.0,259250.0,0.017924
1785664500,259251.0,259251.0,259251.0,259251.0,0.001106
1785664800,259251.0,259251.0,259084.0,259085.0,0.026099
1785665100,259122.0,259122.0,259025.0,259026.0,0.059042
1785665400,259025.0,259026.0,259025.0,259026.0,0.057582
1785665700,259063.0,259104.0,259062.0,259104.0,0.004175
1785666000,259126.0,259126.0,259028.0,259029.0,0.000641
1785666300,259021.0,259021.0,258539.0,258539.0,0.004599
1785666600,258639.0,258848.0,258639.0,258839.0,0.005215
1785666900,258675.0,258812.0,258675.0,258716.0,0.005535
1785667200,258731.0,259075.0,258717.0,258717.0,0.010026
1785667500,258945.0,259027.0,258752.0,258752.0,0.00561
1785667800,258678.0,258833.0,258678.0,258717.0,0.006465
1785668100,258985.0,258985.0,258686.0,258704.0,0.003507
1785668400,258692.0,258692.0,258692.0,258692.0,0.000502
1785668700,258692.0,258692.0,258691.0,258691.0,0.039127
1785669000,258665.0,258665.0,258563.0,258563.0,0.005095
1785669300,258433.0,258733.0,258409.0,258413.0,0.02041
1785669600,258475.0,258505.0,258475.0,258505.0,0.0055
1785669900,258505.0,258505.0,258505.0,258505.0,0.002857
1785670200,258504.0,258504.0,258252.0,258257.0,0.017511
1785670500,258378.0,258422.0,258316.0,258422.0,0.025572
1785670800,258439.0,258439.0,258369.0,258370.0,0.009868
1785671100,258370.0,258394.0,258370.0,258394.0,0.006085
1785671400,258395.0,258395.0,258321.0,258321.0,0.004492
1785671700,258257.0,258257.0,257900.0,257901.0,0.058196
1785672000,258019.0,258263.0,258019.0,258121.0,0.010413
1785672300,258121.0,258499.0,258121.0,258167.0,0.010769
1785672600,258204.0,258204.0,258204.0,258204.0,0.00017
1785672900,258354.0,258461.0,258354.0,258422.0,0.008754
1785673200,258420.0,258576.0,258413.0,258576.0,0.005729
1785673500,258420.0,258487.0,258420.0,258487.0,0.0073
1785673800,258487.0,258487.0,258423.0,258453.0,0.01068
1785674100,258454.0,258454.0,258334.0,258334.0,0.058497
1785674400,258334.0,258334.0,258334.0,258334.0,0.027428
1785674700,258334.0,258334.0,258333.0,258334.0,0.005693
1785675000,258333.0,258334.0,258333.0,258334.0,0.00675
1785675300,258334.0,258334.0,258333.0,258333.0,0.005634
1785675600,258334.0,258334.0,258204.0,258204.0,0.067426
1785675900,258205.0,258205.0,258204.0,258204.0,0.056682
1785676200,258203.0,258203.0,258076.0,258080.0,0.015523
1785676500,258080.0,258080.0,258080.0,258080.0,0.003964
1785676800,258080.0,258080.0,258006.0,258006.0,0.016324
1785677100,258007.0,258007.0,258007.0,258007.0,0.004065
1785677400,258006.0,258007.0,258006.0,258006.0,0.005111
1785677700,258007.0,258007.0,258000.0,258000.0,0.0234
1785678000,258001.0,258001.0,258001.0,258001.0,0.001641
1785678300,258001.0,258015.0,258000.0,258015.0,0.031458
1785678600,258042.0,258042.0,258041.0,258041.0,0.021849
1785678900,258042.0,258042.0,258042.0,258042.0,0.004312
1785679200,258042.0,258042.0,258002.0,258002.0,0.010048
1785679500,258002.0,258002.0,258001.0,258001.0,0.032352
1785679800,258000.0,258001.0,258000.0,258000.0,0.006382
1785680100,258001.0,258078.0,258000.0,258078.0,0.151373
1785680400,258078.0,258078.0,258077.0,258077.0,0.024311
1785680700,258078.0,258078.0,258077.0,258078.0,0.011326
1785681000,258077.0,258078.0,258077.0,258078.0,0.010753
1785681300,258078.0,258079.0,258078.0,258079.0,0.001164
1785681600,258078.0,258078.0,258078.0,258078.0,0.000835
1785681900,258078.0,258078.0,258078.0,258078.0,0.018087
1785682200,258079.0,258079.0,258050.0,258050.0,0.008575
1785682500,258050.0,258050.0,258050.0,258050.0,0.000714
1785682800,258051.0,258051.0,258001.0,258001.0,0.034381
1785683100,258002.0,258002.0,258001.0,258002.0,0.002285
1785683400,258002.0,258002.0,258001.0,258002.0,0.10226
1785683700,258002.0,258002.0,258002.0,258002.0,0.009713
1785684000,258002.0,258002.0,258002.0,258002.0,0.010057
1785684300,258002.0,258002.0,258001.0,258002.0,0.026822
1785684600,258001.0,258002.0,258001.0,258002.0,0.001973
1785684900,258079.0,258079.0,258018.0,258018.0,0.013556
1785685200,258017.0,258018.0,258017.0,258018.0,0.000593
1785685500,258018.0,258042.0,258018.0,258038.0,0.030082
1785685800,258007.0,258007.0,258002.0,258002.0,0.014666
1785686100,258001.0,258001.0,258001.0,258001.0,0.024595
1785686400,258001.0,258001.0,258001.0,258001.0,0.004488
1785686700,258000.0,258000.0,257900.0,257901.0,0.021724
1785687000,257941.0,257941.0,257939.0,257939.0,0.001509
1785687300,257939.0,257939.0,257939.0,257939.0,0.0
1785687600,257902.0,257902.0,257901.0,257901.0,0.017195
1785687900,257919.0,257919.0,257901.0,257901.0,0.024734
1785688200,257901.0,258109.0,257901.0,258109.0,0.000566
1785688500,258109.0,258134.0,258108.0,258134.0,0.001375
1785688800,258189.0,258328.0,258188.0,258328.0,0.012687
1785689100,258328.0,258328.0,258327.0,258327.0,0.006523
1785689400,258243.0,258243.0,258242.0,258243.0,0.003635
1785689700,258243.0,258243.0,257988.0,257988.0,0.295219
1785690000,257988.0,257988.0,257988.0,257988.0,0.0
1785690300,258145.0,258145.0,258145.0,258145.0,0.00192
1785690600,258198.0,258210.0,258198.0,258210.0,0.00145
1785690900,258210.0,258210.0,258209.0,258209.0,0.036912
1785691200,258210.0,258210.0,258210.0,258210.0,0.007773
1785691500,258455.0,258455.0,258455.0,258455.0,0.003907
1785691800,258524.0,258578.0,258524.0,258578.0,0.001232
1785692100,258578.0,258578.0,258578.0,258578.0,0.0
1785692400,258582.0,258582.0,258582.0,258582.0,0.001835
1785692700,258656.0,258708.0,258656.0,258708.0,0.043753
1785693000,258708.0,258708.0,258708.0,258708.0,0.003879
1785693300,258707.0,258707.0,258707.0,258707.0,0.000493
1785693600,258708.0,258708.0,258708.0,258708.0,0.000201
1785693900,258670.0,258670.0,258670.0,258670.0,0.001437
1785694200,258651.0,258651.0,258650.0,258651.0,0.00785
1785694500,258651.0,258651.0,258651.0,258651.0,0.000193
1785694800,258580.0,258581.0,258580.0,258581.0,0.002585
1785695100,258580.0,258580.0,258580.0,258580.0,0.001391
1785695400,258581.0,258581.0,258581.0,258581.0,0.005471
1785695700,258736.0,258736.0,258736.0,258736.0,0.002512
1785696000,258990.0,259255.0,258990.0,259255.0,0.005338
1785696300,259255.0,259255.0,259255.0,259255.0,0.0
1785696600,258879.0,258973.0,258879.0,258973.0,0.020716
1785696900,258972.0,258972.0,258806.0,258806.0,0.203698
1785697200,258812.0,258812.0,258812.0,258812.0,0.004249
1785697500,258812.0,258812.0,258812.0,258812.0,0.0
1785697800,258812.0,258812.0,258812.0,258812.0,0.0
1785698100,258812.0,258812.0,258812.0,258812.0,0.016222
1785698400,258812.0,258812.0,258812.0,258812.0,0.001309
1785698700,258812.0,258812.0,258812.0,258812.0,0.0
1785699000,258812.0,258812.0,258812.0,258812.0,0.0
1785699300,258788.0,258788.0,258788.0,258788.0,0.000216
1785699600,258849.0,258849.0,258849.0,258849.0,0.000318
1785699900,259042.0,259042.0,259042.0,259042.0,0.000192
1785700200,259042.0,259042.0,259042.0,259042.0,0.0
1785700500,259042.0,259042.0,259042.0,259042.0,0.0
1785700800,259042.0,259042.0,259042.0,259042.0,0.0
1785701100,259042.0,259042.0,259042.0,259042.0,0.0
1785701400,259042.0,259042.0,259042.0,259042.0,0.0
1785701700,259042.0,259042.0,259042.0,259042.0,0.000325
1785702000,259043.0,259043.0,259042.0,259042.0,0.002835
1785702300,259042.0,259042.0,259042.0,259042.0,0.0
1785702600,259043.0,259043.0,259043.0,259043.0,0.000386
1785702900,259043.0,259043.0,259043.0,259043.0,0.0
1785703200,259073.0,259073.0,259073.0,259073.0,0.019299
1785703500,259073.0,259073.0,259073.0,259073.0,0.0
1785703800,259205.0,259205.0,259205.0,259205.0,0.000409
1785704100,259205.0,259205.0,259205.0,259205.0,0.000802
1785704400,259205.0,259205.0,259205.0,259205.0,0.000792
1785704700,259416.0,259416.0,259416.0,259416.0,0.034007
1785705000,259416.0,259416.0,259416.0,259416.0,0.0
1785705300,259416.0,259417.0,259416.0,259417.0,0.002066
1785705600,259416.0,259416.0,259416.0,259416.0,0.000432
1785705900,259416.0,259416.0,259416.0,259416.0,0.0
1785706200,259416.0,259417.0,259416.0,259417.0,0.007183
1785706500,259417.0,259417.0,259417.0,259417.0,0.0
1785706800,259469.0,260000.0,259469.0,260000.0,0.076142
1785707100,260000.0,260000.0,260000.0,260000.0,0.0
1785707400,260000.0,260000.0,259734.0,259734.0,0.038708
1785707700,259733.0,259734.0,259733.0,259734.0,0.007113
1785708000,260027.0,260027.0,260026.0,260026.0,0.001161
1785708300,260027.0,260027.0,260026.0,260027.0,0.002287
1785708600,260027.0,260027.0,260026.0,260027.0,0.037018
1785708900,260027.0,260031.0,260027.0,260031.0,0.008729
1785709200,260071.0,260071.0,260071.0,260071.0,0.000393
1785709500,260071.0,260071.0,260071.0,260071.0,0.014261
1785709800,259786.0,259786.0,259598.0,259598.0,0.004529
1785710100,259308.0,259309.0,259201.0,259201.0,0.003445
1785710400,259201.0,259201.0,259200.0,259200.0,0.000859
1785710700,259329.0,259329.0,259329.0,259329.0,0.025188
1785711000,259329.0,259329.0,259329.0,259329.0,0.0
1785711300,259153.0,259153.0,259153.0,259153.0,0.002159
1785711600,259153.0,259233.0,259152.0,259233.0,0.009206
1785711900,259148.0,259148.0,259148.0,259148.0,0.004661
1785712200,259147.0,259148.0,258976.0,258976.0,0.00483
1785712500,258976.0,258976.0,258975.0,258975.0,0.255487
1785712800,259481.0,259481.0,259444.0,259444.0,0.003514
1785713100,259497.0,259499.0,259497.0,259498.0,0.03515
1785713400,259499.0,259499.0,259498.0,259498.0,0.003168
1785713700,259499.0,259499.0,259499.0,259499.0,0.021849
1785714000,259394.0,259394.0,259394.0,259394.0,0.000771
1785714300,259459.0,259499.0,259459.0,259499.0,0.002458
1785714600,259498.0,259498.0,259393.0,259493.0,0.019736
1785714900,259499.0,259500.0,259499.0,259499.0,0.111103
1785715200,259500.0,259500.0,259356.0,259356.0,0.003051
1785715500,259268.0,259416.0,259141.0,259141.0,0.037722
1785715800,259142.0,259142.0,259142.0,259142.0,0.001377
1785716100,259142.0,259142.0,259141.0,259142.0,0.00471
1785716400,259142.0,259142.0,259141.0,259141.0,0.005414
1785716700,259141.0,259141.0,258581.0,258581.0,0.025399
1785717000,258581.0,258581.0,258579.0,258580.0,0.004873
1785717300,258659.0,258714.0,258659.0,258714.0,0.004774
1785717600,258713.0,258714.0,258713.0,258714.0,0.005692
1785717900,258713.0,258714.0,258399.0,258399.0,0.151951
1785718200,258399.0,258400.0,258399.0,258400.0,0.130842
1785718500,258400.0,258400.0,258399.0,258399.0,0.022493
1785718800,258315.0,258392.0,258315.0,258392.0,0.003782
1785719100,258392.0,258392.0,258263.0,258263.0,0.004477
1785719400,258263.0,258392.0,258221.0,258221.0,0.018516
1785719700,258221.0,258222.0,258133.0,258133.0,0.005773
1785720000,258133.0,258133.0,258048.0,258098.0,0.020785
1785720300,258098.0,258115.0,258098.0,258115.0,0.005505
1785720600,258115.0,258135.0,258115.0,258135.0,0.006915
1785720900,258135.0,258135.0,258133.0,258133.0,0.004771
1785721200,258133.0,258373.0,258133.0,258373.0,0.096072
1785721500,258372.0,258372.0,258188.0,258188.0,0.047977
1785721800,258118.0,258118.0,258099.0,258099.0,0.024427
1785722100,258100.0,258100.0,258100.0,258100.0,0.00051
1785722400,258213.0,258254.0,258119.0,258254.0,0.00302
1785722700,258102.0,258152.0,258102.0,258114.0,0.051037
1785723000,258114.0,258254.0,258113.0,258254.0,0.017274
1785723300,258251.0,258252.0,258175.0,258228.0,0.023046
1785723600,258275.0,258275.0,258274.0,258275.0,0.001806
1785723900,258274.0,258275.0,258100.0,258101.0,0.021617
1785724200,258101.0,258101.0,258101.0,258101.0,0.01114
1785724500,258133.0,258133.0,258132.0,258133.0,0.008753
1785724800,258132.0,258133.0,258132.0,258133.0,0.021951
1785725100,258133.0,258133.0,258132.0,258133.0,0.021704
1785725400,258133.0,258133.0,258132.0,258133.0,0.001072
1785725700,258133.0,258133.0,258132.0,258132.0,0.015197
1785726000,258105.0,258106.0,258105.0,258106.0,0.002196
1785726300,258106.0,258106.0,258105.0,258106.0,0.012115
1785726600,258106.0,258106.0,258105.0,258105.0,0.006942
1785726900,258106.0,258106.0,258100.0,258100.0,0.077773
1785727200,258101.0,258101.0,258100.0,258101.0,0.033321
1785727500,258100.0,258101.0,258100.0,258100.0,0.024392
1785727800,258101.0,258101.0,258100.0,258100.0,0.005264
1785728100,258100.0,258101.0,258100.0,258100.0,0.013434
1785728400,258101.0,258101.0,258100.0,258101.0,0.019867
1785728700,258100.0,258101.0,257850.0,257851.0,0.647563
1785729000,257851.0,257851.0,257500.0,257500.0,0.080399
1785729300,257749.0,257749.0,257501.0,257501.0,0.006666
1785729600,257501.0,257501.0,257211.0,257372.0,0.091026
1785729900,257373.0,257373.0,257331.0,257331.0,0.013961
1785730200,257201.0,257201.0,257200.0,257200.0,0.005232
1785730500,257201.0,257363.0,257201.0,257363.0,0.004198
1785730800,257362.0,257393.0,257362.0,257393.0,0.014863
1785731100,257393.0,257393.0,257392.0,257393.0,0.038639
1785731400,257393.0,257393.0,257392.0,257392.0,0.014574
1785731700,257393.0,257393.0,257393.0,257393.0,0.000825
1785732000,257393.0,257393.0,257392.0,257392.0,0.028461
1785732300,257393.0,257393.0,257392.0,257392.0,0.101728
1785732600,257393.0,257393.0,257392.0,257393.0,0.030779
1785732900,257393.0,257393.0,257201.0,257201.0,0.320067
1785733200,257201.0,257201.0,257200.0,257201.0,0.006567
1785733500,257200.0,257200.0,257000.0,257002.0,0.326531
1785733800,257001.0,257002.0,257001.0,257002.0,0.042377
1785734100,257115.0,257115.0,257039.0,257039.0,0.062751
1785734400,257086.0,257086.0,257044.0,257044.0,0.01721
1785734700,257044.0,257045.0,257044.0,257044.0,0.015785
1785735000,257044.0,257045.0,257044.0,257044.0,0.044533
1785735300,257044.0,257045.0,257044.0,257044.0,0.025287
1785735600,257044.0,257045.0,257044.0,257045.0,0.002148
1785735900,257044.0,257045.0,257044.0,257044.0,0.004818
1785736200,257099.0,257099.0,257059.0,257060.0,0.004177
1785736500,257059.0,257060.0,257059.0,257060.0,0.001553
1785736800,257060.0,257060.0,257059.0,257059.0,0.004907
1785737100,257060.0,257100.0,257060.0,257100.0,0.006075
1785737400,257100.0,257100.0,257099.0,257100.0,0.202667
1785737700,257100.0,257100.0,257082.0,257082.0,0.005095
1785738000,257083.0,257083.0,257082.0,257083.0,0.005027
1785738300,257083.0,257083.0,257082.0,257082.0,0.002368
1785738600,257082.0,257083.0,257082.0,257082.0,0.102751
1785738900,257083.0,257083.0,256886.0,256886.0,0.035362
1785739200,256886.0,256886.0,256800.0,256800.0,0.019761
1785739500,256745.0,256745.0,256500.0,256501.0,0.025562
1785739800,256502.0,256502.0,256501.0,256501.0,0.001889
1785740100,256502.0,256502.0,256342.0,256343.0,0.072596
1785740400,256316.0,256316.0,256300.0,256301.0,0.036086
1785740700,256301.0,256357.0,256301.0,256357.0,0.011897
1785741000,256357.0,256357.0,256301.0,256301.0,0.027739
1785741300,256300.0,256300.0,256166.0,256166.0,0.008927
1785741600,256166.0,256249.0,256166.0,256249.0,0.017412
1785741900,256299.0,256299.0,256298.0,256298.0,0.016721
1785742200,256299.0,256470.0,256298.0,256469.0,0.207677
1785742500,256555.0,256599.0,256381.0,256381.0,0.042672
1785742800,256382.0,256382.0,256381.0,256381.0,0.014167
1785743100,256382.0,256486.0,256382.0,256486.0,0.019639
1785743400,256468.0,256468.0,256383.0,256383.0,0.058174
1785743700,256383.0,256383.0,256382.0,256382.0,0.118963
1785744000,256383.0,256427.0,256383.0,256427.0,0.024618
1785744300,256427.0,256427.0,256383.0,256384.0,0.02618
1785744600,256384.0,256384.0,256383.0,256383.0,0.005385
1785744900,256383.0,256384.0,256381.0,256381.0,0.025576
1785745200,256301.0,256301.0,256105.0,256106.0,0.46381
1785745500,256105.0,256106.0,256000.0,256001.0,0.704743
1785745800,256001.0,256001.0,255580.0,255596.0,0.16563
1785746100,255596.0,255750.0,255596.0,255749.0,0.07426
1785746400,255827.0,255827.0,255826.0,255827.0,0.00365
1785746700,255940.0,255940.0,255939.0,255940.0,0.005071
1785747000,255940.0,256043.0,255939.0,256043.0,0.027982
1785747300,256042.0,256205.0,256042.0,256202.0,0.343532
1785747600,256244.0,256244.0,256201.0,256203.0,0.007839
1785747900,256208.0,256376.0,256208.0,256376.0,0.095559
1785748200,256357.0,256406.0,256354.0,256393.0,0.01846
1785748500,256393.0,256420.0,256393.0,256419.0,0.033269
1785748800,256420.0,256731.0,256420.0,256679.0,0.034013
1785749100,256682.0,256682.0,256682.0,256682.0,0.005153
1785749400,256675.0,256675.0,256674.0,256675.0,0.06179
1785749700,256675.0,256679.0,256675.0,256679.0,0.024448
1785750000,256679.0,256740.0,256679.0,256740.0,0.019332
1785750300,256740.0,256956.0,256739.0,256956.0,0.001812
1785750600,257028.0,257074.0,257028.0,257074.0,0.010312
1785750900,257244.0,257337.0,257244.0,257337.0,0.026779
1785751200,257399.0,257399.0,257399.0,257399.0,0.165043
1785751500,257398.0,257398.0,257398.0,257398.0,0.038846
1785751800,257342.0,257342.0,257254.0,257254.0,0.035769
1785752100,257240.0,257363.0,257240.0,257355.0,0.023299
1785752400,257281.0,257352.0,257281.0,257351.0,0.00133
1785752700,257326.0,257333.0,257326.0,257330.0,0.002178
1785753000,257331.0,257331.0,256993.0,256993.0,0.00721
1785753300,256993.0,256993.0,256993.0,256993.0,0.003923
1785753600,256993.0,256993.0,256992.0,256993.0,0.00655
1785753900,257004.0,257004.0,257003.0,257003.0,0.034321
1785754200,257003.0,257004.0,257003.0,257003.0,0.020852
1785754500,257003.0,257234.0,257003.0,257234.0,0.012886
1785754800,257234.0,257234.0,257111.0,257111.0,0.024418
1785755100,257111.0,257111.0,256875.0,256876.0,0.009861
1785755400,256876.0,256876.0,256875.0,256876.0,0.024837
1785755700,256876.0,256876.0,256876.0,256876.0,0.005598
1785756000,256876.0,257259.0,256876.0,257259.0,0.015277
1785756300,257258.0,257259.0,257258.0,257259.0,0.021544
1785756600,257159.0,257160.0,257159.0,257159.0,0.010759
1785756900,257247.0,257395.0,257247.0,257395.0,0.023315
1785757200,257313.0,257313.0,257107.0,257108.0,0.046488
1785757500,257108.0,257108.0,257068.0,257068.0,0.075294
1785757800,257068.0,257068.0,256922.0,256922.0,0.034399
1785758100,256922.0,256922.0,256686.0,256686.0,0.019338
1785758400,256686.0,256804.0,256685.0,256803.0,0.015647
1785758700,256804.0,256804.0,256800.0,256800.0,0.009016
1785759000,256800.0,256801.0,256800.0,256800.0,0.002936
1785759300,256800.0,256801.0,256800.0,256800.0,0.013859
1785759600,256927.0,256960.0,256927.0,256960.0,0.003819
1785759900,256960.0,257049.0,256960.0,257003.0,0.236641
1785760200,257003.0,257003.0,257002.0,257002.0,0.029466
1785760500,257002.0,257003.0,257002.0,257002.0,0.007474
1785760800,257003.0,257269.0,257002.0,257269.0,0.072711
1785761100,257269.0,257399.0,257269.0,257398.0,0.008022
1785761400,257399.0,257399.0,257368.0,257368.0,0.001369
1785761700,257369.0,257381.0,257369.0,257381.0,0.036886
1785762000,257381.0,257400.0,257381.0,257400.0,0.028524
1785762300,257400.0,257400.0,257400.0,257400.0,0.015342
1785762600,257400.0,257453.0,257400.0,257453.0,0.024899
1785762900,257683.0,257990.0,257523.0,257990.0,0.088292
1785763200,258000.0,258143.0,258000.0,258096.0,0.020912
1785763500,258087.0,258087.0,257901.0,257901.0,0.017392
1785763800,257900.0,257900.0,257190.0,257190.0,0.053245
1785764100,257382.0,258023.0,257382.0,257635.0,0.094035
1785764400,257951.0,258003.0,257951.0,258003.0,0.055847
1785764700,258003.0,258143.0,257737.0,258143.0,0.1614
1785765000,258396.0,258995.0,258390.0,258939.0,0.690062
1785765300,258999.0,259691.0,258999.0,259691.0,0.186811
1785765600,259501.0,259501.0,259086.0,259278.0,0.061401
1785765900,259279.0,259279.0,259252.0,259253.0,0.012391
1785766200,259296.0,259913.0,259296.0,259624.0,0.017118
1785766500,259624.0,259914.0,259624.0,259913.0,0.012947
1785766800,259601.0,259601.0,259195.0,259211.0,0.048764
1785767100,259635.0,261000.0,259635.0,261000.0,0.150653
1785767400,261000.0,261320.0,261000.0,261318.0,0.166907
1785767700,261318.0,261318.0,260800.0,261063.0,0.028528
1785768000,261064.0,261400.0,261064.0,261282.0,0.010229
1785768300,261398.0,261400.0,261161.0,261161.0,0.011816
1785768600,261413.0,261494.0,261214.0,261493.0,0.019675
1785768900,261498.0,261500.0,261497.0,261500.0,0.007635
1785769200,261522.0,261998.0,261522.0,261825.0,0.06526
1785769500,261794.0,261794.0,261512.0,261512.0,0.044056
1785769800,261701.0,261701.0,261469.0,261470.0,0.008541
1785770100,261469.0,261470.0,261248.0,261248.0,0.034719
1785770400,261248.0,261249.0,261248.0,261249.0,0.022027
1785770700,261268.0,261269.0,261247.0,261247.0,0.054682
1785771000,261248.0,261381.0,261247.0,261248.0,0.015402
1785771300,261248.0,261469.0,261247.0,261469.0,0.005861
1785771600,261469.0,261469.0,261255.0,261255.0,0.004761
1785771900,261397.0,261398.0,261266.0,261266.0,0.002996
1785772200,261266.0,261266.0,261248.0,261248.0,0.015114
1785772500,261248.0,261248.0,260801.0,260801.0,0.016835
1785772800,260947.0,261028.0,260822.0,261028.0,0.070586
1785773100,261028.0,261028.0,261028.0,261028.0,0.000513
1785773400,260873.0,261119.0,260812.0,261119.0,0.083561
1785773700,261121.0,261302.0,261121.0,261302.0,0.001677
1785774000,261302.0,261302.0,261301.0,261302.0,0.0077
1785774300,261302.0,261302.0,261302.0,261302.0,0.000199
1785774600,261301.0,261301.0,261301.0,261301.0,0.001413
1785774900,261214.0,261214.0,261184.0,261184.0,0.014181
1785775200,261185.0,261185.0,260864.0,260864.0,0.005325
1785775500,261163.0,261163.0,261163.0,261163.0,0.000171
1785775800,261136.0,261136.0,261136.0,261136.0,0.001587
1785776100,261016.0,261016.0,261016.0,261016.0,0.007378
1785776400,260770.0,260770.0,260770.0,260770.0,0.000599
1785776700,261006.0,261006.0,261006.0,261006.0,0.004882
1785777000,261006.0,261006.0,261006.0,261006.0,0.0
1785777300,261006.0,261006.0,261006.0,261006.0,0.001779
1785777600,261006.0,261302.0,261006.0,261302.0,0.100809
1785777900,261470.0,261470.0,261302.0,261302.0,0.000628
1785778200,261123.0,261123.0,261123.0,261123.0,0.000214
1785778500,261229.0,261415.0,261228.0,261415.0,0.108927
1785778800,261169.0,261169.0,261169.0,261169.0,0.000445
1785779100,261347.0,261468.0,261347.0,261468.0,0.039441
1785779400,261390.0,261390.0,261390.0,261390.0,0.000591
1785779700,261345.0,261345.0,261328.0,261328.0,0.019921
1785780000,261328.0,261328.0,261328.0,261328.0,0.0
1785780300,261328.0,261331.0,261328.0,261331.0,0.025439
1785780600,261331.0,261461.0,261331.0,261461.0,0.060202
1785780900,261461.0,261461.0,261460.0,261460.0,0.001877
1785781200,261461.0,261461.0,261461.0,261461.0,0.001174
1785781500,261332.0,261332.0,261332.0,261332.0,0.000513
1785781800,261331.0,261331.0,261227.0,261227.0,0.004097
1785782100,261227.0,261227.0,261227.0,261227.0,0.0
1785782400,261195.0,261195.0,261195.0,261195.0,0.000995
1785782700,261195.0,261195.0,261195.0,261195.0,0.0
1785783000,261030.0,261205.0,261030.0,261205.0,0.000645
1785783300,261205.0,261205.0,261205.0,261205.0,0.0
1785783600,261272.0,261272.0,261272.0,261272.0,0.000494
1785783900,261272.0,261272.0,261272.0,261272.0,0.0
1785784200,261399.0,261399.0,261399.0,261399.0,0.000792
1785784500,261450.0,261450.0,261450.0,261450.0,0.000394
1785784800,261450.0,261451.0,261450.0,261451.0,0.048439
1785785100,261451.0,261451.0,261451.0,261451.0,0.0
1785785400,261451.0,261451.0,261451.0,261451.0,0.000415
1785785700,261451.0,261451.0,261451.0,261451.0,0.0
1785786000,261363.0,261363.0,261363.0,261363.0,0.000634
1785786300,261460.0,261460.0,261460.0,261460.0,0.003765
1785786600,261459.0,261459.0,261459.0,261459.0,0.000358
1785786900,261459.0,261459.0,261459.0,261459.0,0.0
1785787200,261133.0,261133.0,261133.0,261133.0,0.000186
1785787500,261133.0,261133.0,261133.0,261133.0,0.003796
1785787800,261360.0,261360.0,261360.0,261360.0,0.000885
1785788100,261360.0,261360.0,261360.0,261360.0,0.0
1785788400,261360.0,261360.0,261360.0,261360.0,0.0
1785788700,261360.0,261360.0,261360.0,261360.0,0.0
1785789000,261373.0,261373.0,261373.0,261373.0,0.001713
1785789300,261372.0,261372.0,261372.0,261372.0,0.005734
1785789600,261373.0,261373.0,261373.0,261373.0,0.000191
1785789900,261372.0,261372.0,261372.0,261372.0,0.026743
1785790200,261205.0,261205.0,260860.0,260860.0,0.002917
1785790500,260930.0,260931.0,260930.0,260931.0,0.002279
1785790800,260931.0,260931.0,260865.0,260865.0,0.001763
1785791100,260865.0,260865.0,260865.0,260865.0,0.0
1785791400,260865.0,260865.0,260865.0,260865.0,0.0
1785791700,260730.0,260769.0,260630.0,260769.0,0.019116
1785792000,260612.0,260612.0,260612.0,260612.0,0.000824
1785792300,260612.0,260612.0,260612.0,260612.0,0.0
1785792600,260612.0,260612.0,260612.0,260612.0,0.005704
1785792900,260611.0,260611.0,260610.0,260610.0,0.003996
1785793200,260611.0,260611.0,260611.0,260611.0,0.00777
1785793500,260611.0,260611.0,260611.0,260611.0,0.000194
1785793800,260610.0,260611.0,260610.0,260610.0,0.003824
1785794100,260475.0,260475.0,260271.0,260271.0,0.002433
1785794400,260272.0,260272.0,260271.0,260271.0,0.001358
1785794700,260001.0,260001.0,259677.0,259677.0,0.028182
1785795000,259796.0,259796.0,259761.0,259761.0,0.002206
1785795300,259979.0,260314.0,259979.0,260314.0,0.000713
1785795600,260316.0,260316.0,259963.0,259963.0,0.002722
1785795900,259902.0,259902.0,259902.0,259902.0,0.000178
1785796200,259902.0,259902.0,259899.0,259901.0,0.022079
1785796500,259899.0,260016.0,259802.0,259866.0,0.001853
1785796800,259866.0,259866.0,259866.0,259866.0,0.000412
1785797100,259896.0,259896.0,259896.0,259896.0,0.028857
1785797400,259896.0,259896.0,259895.0,259896.0,0.002615
1785797700,259896.0,259896.0,259896.0,259896.0,0.007718
1785798000,259896.0,259896.0,259896.0,259896.0,0.001564
1785798300,259896.0,259898.0,259896.0,259898.0,0.008587
1785798600,259898.0,259898.0,259896.0,259897.0,0.004356
1785798900,259897.0,259897.0,259896.0,259896.0,0.008539
1785799200,259897.0,259897.0,259897.0,259897.0,0.004794
1785799500,259898.0,259898.0,259898.0,259898.0,0.001059
1785799800,259898.0,259898.0,259896.0,259896.0,0.013467
1785800100,259897.0,259897.0,259633.0,259679.0,0.014022
1785800400,259679.0,259687.0,259658.0,259687.0,0.008136
1785800700,259742.0,259783.0,259715.0,259783.0,0.025004
1785801000,259783.0,259783.0,259716.0,259754.0,0.026845
1785801300,259754.0,259761.0,259753.0,259761.0,0.069183
1785801600,259760.0,259896.0,259760.0,259896.0,0.005661
1785801900,259896.0,260000.0,259896.0,259999.0,1.012507
1785802200,259999.0,259999.0,259916.0,259916.0,0.017957
1785802500,259917.0,259917.0,259717.0,259717.0,0.005093
1785802800,259717.0,259717.0,259716.0,259717.0,0.011262
1785803100,259716.0,259717.0,259716.0,259717.0,0.108949
1785803400,259717.0,259717.0,259717.0,259717.0,0.001082
1785803700,259716.0,259716.0,259568.0,259568.0,0.040407
1785804000,259568.0,259571.0,259500.0,259501.0,0.039568
1785804300,259501.0,259501.0,259500.0,259500.0,0.014421
1785804600,259568.0,259712.0,259516.0,259516.0,0.010752
1785804900,259501.0,259501.0,259293.0,259294.0,0.006363
1785805200,259354.0,259670.0,259354.0,259670.0,0.012463
1785805500,259566.0,259719.0,259566.0,259718.0,0.053812
1785805800,259718.0,259718.0,259717.0,259718.0,0.052702
1785806100,259718.0,259718.0,259588.0,259718.0,0.004042
1785806400,259719.0,259720.0,259718.0,259720.0,0.072988
1785806700,259720.0,259720.0,259720.0,259720.0,0.003682
1785807000,259720.0,260000.0,259720.0,260000.0,0.170123
1785807300,260000.0,260670.0,260000.0,260592.0,0.105822
1785807600,260738.0,261000.0,260738.0,261000.0,0.063716
1785807900,261000.0,261033.0,260999.0,261032.0,0.0408
1785808200,260920.0,261032.0,260900.0,261031.0,0.141376
1785808500,261032.0,261096.0,261031.0,261095.0,0.017117
1785808800,261096.0,261096.0,261022.0,261022.0,0.007071
1785809100,260981.0,260981.0,260888.0,260888.0,0.043111
1785809400,260972.0,260972.0,260938.0,260948.0,0.185335
1785809700,260947.0,260948.0,260947.0,260948.0,0.010467
1785810000,260691.0,260691.0,260690.0,260691.0,0.001593
1785810300,260588.0,260588.0,260587.0,260588.0,0.010376
1785810600,260724.0,260976.0,260724.0,260976.0,0.021701
1785810900,261050.0,261351.0,261050.0,261246.0,0.234097
1785811200,261246.0,261489.0,261246.0,261360.0,0.030579
1785811500,261360.0,261361.0,261360.0,261360.0,0.017217
1785811800,261310.0,261310.0,261193.0,261193.0,0.002316
1785812100,261192.0,261193.0,261066.0,261079.0,0.069477
1785812400,261043.0,261043.0,261041.0,261041.0,0.081958
1785812700,261041.0,261042.0,260930.0,260930.0,0.065445
1785813000,260897.0,260897.0,260750.0,260751.0,0.031014
1785813300,260750.0,260750.0,260662.0,260662.0,0.00438
1785813600,260663.0,260663.0,260662.0,260662.0,0.000968
1785813900,260662.0,260732.0,260662.0,260732.0,0.002927
1785814200,260732.0,260983.0,260731.0,260983.0,0.034095
1785814500,260983.0,260983.0,260982.0,260982.0,0.027342
1785814800,260983.0,260983.0,260982.0,260983.0,0.016676
1785815100,260983.0,260983.0,260982.0,260982.0,0.005419
1785815400,260983.0,260983.0,260977.0,260977.0,0.016777
1785815700,260977.0,260977.0,260919.0,260919.0,0.009789
1785816000,260918.0,260919.0,260866.0,260917.0,0.004892
1785816300,260864.0,260865.0,260864.0,260864.0,0.006097
1785816600,260911.0,260911.0,260877.0,260877.0,0.003256
1785816900,260915.0,260981.0,260860.0,260981.0,0.040113
1785817200,260982.0,260982.0,260981.0,260981.0,0.006493
1785817500,260981.0,260982.0,260981.0,260982.0,0.005374
1785817800,260982.0,260982.0,260981.0,260982.0,0.016421
1785818100,260982.0,261008.0,260981.0,261008.0,0.136039
1785818400,261375.0,261499.0,261375.0,261499.0,0.007566
1785818700,261499.0,261871.0,261498.0,261871.0,1.058989
1785819000,261872.0,261985.0,261872.0,261985.0,0.049582
1785819300,261989.0,261989.0,261853.0,261853.0,0.003997
1785819600,261691.0,261692.0,261521.0,261521.0,0.0056
1785819900,261521.0,261563.0,261514.0,261514.0,0.031124
1785820200,261514.0,261514.0,261132.0,261132.0,0.039436
1785820500,261132.0,261132.0,261131.0,261132.0,0.014932
1785820800,261131.0,261149.0,261131.0,261149.0,0.055041
1785821100,261089.0,261089.0,261088.0,261089.0,0.001906
1785821400,261088.0,261089.0,261088.0,261088.0,0.008236
1785821700,261088.0,261088.0,261016.0,261016.0,0.018385
1785822000,261017.0,261068.0,261017.0,261068.0,0.058139
1785822300,261042.0,261057.0,261042.0,261057.0,0.002871
1785822600,261057.0,261057.0,261016.0,261016.0,0.002786
1785822900,261017.0,261017.0,261015.0,261016.0,0.0118
1785823200,261016.0,261016.0,260801.0,260801.0,0.235599
1785823500,260867.0,260931.0,260867.0,260929.0,0.004392
1785823800,260929.0,260929.0,260804.0,260804.0,0.011943
1785824100,260806.0,260968.0,260806.0,260968.0,0.042039
1785824400,260964.0,260964.0,260863.0,260863.0,0.017984
1785824700,260855.0,260855.0,260668.0,260668.0,0.006652
1785825000,260718.0,260718.0,260599.0,260630.0,0.091262
1785825300,260630.0,260630.0,260629.0,260629.0,0.05408
1785825600,260629.0,260629.0,260629.0,260629.0,0.005882
1785825900,260629.0,260629.0,260593.0,260593.0,0.038037
1785826200,260593.0,260594.0,260593.0,260593.0,0.030374
1785826500,260593.0,260593.0,260365.0,260365.0,0.051044
1785826800,260365.0,260366.0,260350.0,260350.0,0.014794
1785827100,260268.0,260293.0,260267.0,260293.0,0.011334
1785827400,260293.0,260293.0,260292.0,260292.0,0.009396
1785827700,260293.0,260293.0,260292.0,260293.0,0.014558
1785828000,260293.0,260293.0,260006.0,260006.0,0.012788
1785828300,260051.0,260193.0,260051.0,260193.0,0.01584
1785828600,260349.0,260349.0,260348.0,260349.0,0.004115
1785828900,260348.0,260349.0,260348.0,260349.0,0.008843
1785829200,260349.0,260349.0,260348.0,260348.0,0.0062
1785829500,260348.0,260349.0,260348.0,260349.0,0.004597
1785829800,260349.0,260349.0,260348.0,260348.0,0.005194
1785830100,260349.0,260349.0,260348.0,260348.0,0.119053
1785830400,260345.0,260346.0,260345.0,260346.0,0.019697
1785830700,260347.0,260347.0,260217.0,260217.0,0.031549
1785831000,260108.0,260108.0,260108.0,260108.0,0.001124
1785831300,260123.0,260123.0,260078.0,260079.0,0.005308
1785831600,260021.0,260021.0,260021.0,260021.0,0.001445
1785831900,260021.0,260311.0,259459.0,260116.0,0.419271
1785832200,259990.0,259990.0,259864.0,259864.0,0.036615
1785832500,259837.0,259837.0,259836.0,259836.0,0.00303
1785832800,259836.0,259837.0,259836.0,259836.0,0.629121
1785833100,260042.0,260042.0,259839.0,259951.0,0.706496
1785833400,259982.0,259982.0,259941.0,259941.0,0.011696
1785833700,259941.0,259941.0,259940.0,259941.0,0.002734
1785834000,259889.0,259889.0,259888.0,259889.0,0.010942
1785834300,259889.0,259889.0,259836.0,259846.0,0.163721
1785834600,259846.0,259922.0,259845.0,259922.0,0.002741
1785834900,259921.0,259921.0,259884.0,259885.0,0.005919
1785835200,259885.0,259970.0,259885.0,259970.0,0.001104
1785835500,259991.0,259992.0,259991.0,259991.0,0.013349
1785835800,259992.0,259992.0,259992.0,259992.0,0.005355
1785836100,259992.0,259992.0,259992.0,259992.0,0.005846
1785836400,259992.0,259992.0,259992.0,259992.0,0.046328
1785836700,259991.0,259992.0,259851.0,259898.0,0.010935
1785837000,259959.0,260075.0,259959.0,260074.0,0.099952
1785837300,260074.0,260075.0,260074.0,260074.0,0.086745
1785837600,260075.0,260075.0,260075.0,260075.0,0.000211
1785837900,260074.0,260075.0,260074.0,260075.0,0.003401
1785838200,260074.0,260075.0,260074.0,260075.0,0.003124
1785838500,260075.0,260075.0,259877.0,259877.0,0.036911
1785838800,259877.0,260032.0,259857.0,259857.0,0.05123
1785839100,259856.0,259857.0,259800.0,259800.0,0.029608
1785839400,259800.0,259801.0,259800.0,259800.0,0.003788
1785839700,259693.0,259693.0,259660.0,259661.0,0.085954
1785840000,259661.0,259974.0,259661.0,259974.0,0.001719
1785840300,260105.0,260962.0,260105.0,260805.0,0.114403
1785840600,260725.0,260805.0,260605.0,260605.0,0.030051
1785840900,260731.0,260731.0,260731.0,260731.0,0.004442
1785841200,260730.0,260731.0,260730.0,260730.0,0.007032
1785841500,260733.0,260733.0,260685.0,260686.0,0.111275
1785841800,260686.0,260686.0,260686.0,260686.0,0.005907
1785842100,260685.0,260685.0,260626.0,260626.0,0.008632
1785842400,260627.0,260936.0,260627.0,260763.0,0.050143
1785842700,260762.0,260847.0,260762.0,260847.0,0.016697
1785843000,260847.0,260847.0,260663.0,260664.0,0.038325
1785843300,260762.0,260762.0,260762.0,260762.0,0.005863
1785843600,260761.0,260847.0,260686.0,260847.0,0.051972
1785843900,261000.0,261080.0,261000.0,261080.0,0.340945
1785844200,261173.0,261174.0,261173.0,261174.0,0.00201
1785844500,261221.0,261221.0,261220.0,261221.0,0.016212
1785844800,261220.0,261221.0,261220.0,261221.0,0.007903
1785845100,261221.0,261221.0,261220.0,261221.0,0.002322
1785845400,261221.0,261221.0,261220.0,261221.0,0.041572
1785845700,261221.0,261221.0,261221.0,261221.0,0.002364
1785846000,261221.0,261221.0,261220.0,261220.0,0.005426
1785846300,261221.0,261221.0,261220.0,261220.0,0.001691
1785846600,261221.0,261221.0,261220.0,261220.0,0.020982
1785846900,261251.0,261741.0,261251.0,261741.0,0.012931
1785847200,261716.0,261716.0,261591.0,261591.0,0.004253
1785847500,261571.0,261571.0,261494.0,261571.0,0.020972
1785847800,261496.0,261685.0,261496.0,261637.0,0.00951
1785848100,261637.0,261637.0,261554.0,261554.0,0.012243
1785848400,261507.0,261709.0,261507.0,261709.0,0.008431
1785848700,261661.0,261833.0,261661.0,261832.0,0.058274
1785849000,261833.0,261833.0,261718.0,261718.0,0.005995
1785849300,261718.0,261718.0,261442.0,261442.0,0.008873
1785849600,261442.0,261723.0,261442.0,261723.0,0.080579
1785849900,261539.0,261611.0,261539.0,261595.0,0.064982
1785850200,261760.0,261934.0,261760.0,261934.0,0.084752
1785850500,261609.0,261934.0,261609.0,261844.0,0.02474
1785850800,261844.0,261998.0,261844.0,261998.0,0.032799
1785851100,261975.0,261975.0,261241.0,261241.0,0.010996
1785851400,261468.0,261468.0,261310.0,261310.0,0.025173
1785851700,261310.0,261310.0,261178.0,261178.0,0.00861
1785852000,261179.0,261179.0,261178.0,261178.0,0.039391
1785852300,261178.0,261553.0,261175.0,261176.0,0.03578
1785852600,261175.0,261175.0,261016.0,261016.0,0.054329
1785852900,261017.0,261106.0,261017.0,261105.0,0.027485
1785853200,261001.0,261064.0,261001.0,261064.0,0.011161
1785853500,261077.0,261670.0,261077.0,261670.0,0.035415
1785853800,261837.0,261909.0,261666.0,261909.0,0.025225
1785854100,261909.0,261909.0,261886.0,261907.0,0.029521
1785854400,261908.0,262500.0,261908.0,262499.0,1.378378
1785854700,262586.0,262586.0,262585.0,262586.0,0.001583
1785855000,262586.0,262606.0,262586.0,262606.0,0.0028
1785855300,262605.0,262616.0,262605.0,262616.0,0.004689
1785855600,262741.0,262798.0,262740.0,262798.0,0.004863
1785855900,262797.0,262798.0,262797.0,262798.0,0.031311
1785856200,262798.0,262798.0,262336.0,262343.0,0.04441
1785856500,262400.0,262400.0,262400.0,262400.0,0.008431
1785856800,262399.0,262400.0,262399.0,262400.0,0.007066
1785857100,262400.0,262400.0,262230.0,262230.0,0.042907
1785857400,262230.0,262231.0,261900.0,261900.0,0.084262
1785857700,261901.0,261901.0,261794.0,261804.0,0.006087
1785858000,261977.0,262262.0,261977.0,262262.0,0.01117
1785858300,262598.0,262924.0,262597.0,262920.0,0.06935
1785858600,262903.0,262929.0,262827.0,262827.0,0.001085
1785858900,262906.0,262932.0,262816.0,262816.0,0.001354
1785859200,262733.0,262733.0,262593.0,262593.0,0.011012
1785859500,262402.0,262402.0,262263.0,262342.0,0.010393
1785859800,262428.0,262429.0,262370.0,262370.0,0.001562
1785860100,262370.0,262588.0,262370.0,262588.0,0.003534
1785860400,262565.0,262668.0,262565.0,262668.0,0.000591
1785860700,262504.0,262659.0,262417.0,262418.0,0.006636
1785861000,262418.0,262418.0,262374.0,262413.0,0.002775
1785861300,262413.0,262413.0,262194.0,262194.0,0.046652
1785861600,262194.0,262195.0,262194.0,262195.0,0.044064
1785861900,262195.0,262195.0,262194.0,262194.0,0.107143
1785862200,262195.0,262220.0,262102.0,262103.0,0.024045
1785862500,262069.0,262069.0,262069.0,262069.0,0.008665
1785862800,262069.0,262069.0,262069.0,262069.0,0.0
1785863100,262498.0,262628.0,262498.0,262628.0,0.008598
1785863400,262674.0,262674.0,262673.0,262674.0,0.00549
1785863700,262674.0,262674.0,262607.0,262607.0,0.002449
1785864000,262507.0,262645.0,262507.0,262645.0,0.000414
1785864300,262677.0,262677.0,262677.0,262677.0,0.0001
1785864600,262677.0,262677.0,262677.0,262677.0,0.0
1785864900,262876.0,262876.0,262876.0,262876.0,0.009926
1785865200,262820.0,262820.0,262820.0,262820.0,0.00024
1785865500,262798.0,262798.0,262504.0,262504.0,0.003998
1785865800,262416.0,262416.0,262366.0,262366.0,0.002131
1785866100,262367.0,262367.0,262367.0,262367.0,0.000426
1785866400,262276.0,262623.0,262276.0,262623.0,0.001523
1785866700,262729.0,262729.0,262729.0,262729.0,0.000199
1785867000,262819.0,262819.0,262819.0,262819.0,0.001672
1785867300,262999.0,263219.0,262999.0,263219.0,0.123532
1785867600,263219.0,263506.0,263219.0,263506.0,0.006871
1785867900,263648.0,263790.0,263648.0,263788.0,0.015182
1785868200,263787.0,263820.0,263697.0,263698.0,0.001879
1785868500,263698.0,263698.0,263698.0,263698.0,0.0
1785868800,263641.0,263641.0,263641.0,263641.0,0.022424
1785869100,263641.0,263641.0,263641.0,263641.0,0.00013
1785869400,263642.0,263642.0,263641.0,263642.0,0.005216
1785869700,263642.0,263642.0,263642.0,263642.0,0.001677
1785870000,263642.0,263642.0,263642.0,263642.0,0.0
1785870300,263642.0,263642.0,263642.0,263642.0,0.0
1785870600,263642.0,263642.0,263642.0,263642.0,0.000185
1785870900,263642.0,263743.0,263642.0,263743.0,0.00884
1785871200,263743.0,263743.0,263743.0,263743.0,0.000369
1785871500,263661.0,263661.0,263661.0,263661.0,0.000398
1785871800,263660.0,263660.0,263660.0,263660.0,0.003537
1785872100,263660.0,263660.0,263660.0,263660.0,0.0
1785872400,263660.0,263660.0,263660.0,263660.0,0.0
1785872700,263660.0,263660.0,263660.0,263660.0,0.0
1785873000,263726.0,263726.0,263701.0,263701.0,0.00059
1785873300,263700.0,263700.0,263658.0,263658.0,0.005409
1785873600,263648.0,263648.0,263164.0,263164.0,0.01361
1785873900,263164.0,263164.0,263164.0,263164.0,0.0
1785874200,263164.0,263164.0,263164.0,263164.0,0.0027
1785874500,263164.0,263164.0,263164.0,263164.0,0.0
1785874800,263164.0,263164.0,263164.0,263164.0,0.0
1785875100,262804.0,262804.0,262804.0,262804.0,0.000258
1785875400,262804.0,262804.0,262804.0,262804.0,0.0
1785875700,263324.0,263324.0,263324.0,263324.0,0.002981
1785876000,263364.0,263514.0,263364.0,263514.0,0.046424
1785876300,263894.0,263898.0,263893.0,263898.0,0.002814
1785876600,263741.0,263741.0,263741.0,263741.0,0.019172
1785876900,263741.0,263741.0,263741.0,263741.0,0.0
1785877200,263761.0,263761.0,263737.0,263737.0,0.001016
1785877500,263737.0,263737.0,263736.0,263737.0,0.007111
1785877800,263737.0,263737.0,263737.0,263737.0,0.0
1785878100,263416.0,263416.0,263416.0,263416.0,0.000972
1785878400,263433.0,263433.0,263334.0,263334.0,0.000638
1785878700,263528.0,263528.0,263528.0,263528.0,0.000778
1785879000,263528.0,263528.0,263292.0,263292.0,0.000573
1785879300,263291.0,263291.0,263291.0,263291.0,0.001962
1785879600,263440.0,263440.0,263440.0,263440.0,0.001475
1785879900,263330.0,263331.0,263330.0,263331.0,0.003595
1785880200,263337.0,263337.0,263336.0,263336.0,0.000855
1785880500,263216.0,263217.0,263216.0,263217.0,0.021899
1785880800,263237.0,263237.0,263162.0,263162.0,0.0058
1785881100,263372.0,263372.0,263372.0,263372.0,0.008658
1785881400,263372.0,263372.0,263372.0,263372.0,0.002622
1785881700,263372.0,263372.0,263217.0,263293.0,0.009114
1785882000,263345.0,263345.0,263345.0,263345.0,0.000759
1785882300,263220.0,263220.0,263220.0,263220.0,0.004512
1785882600,263400.0,263482.0,263400.0,263481.0,0.035811
1785882900,263481.0,263482.0,263481.0,263481.0,0.011049
1785883200,263480.0,263481.0,263480.0,263480.0,0.039003
1785883500,263480.0,263481.0,263480.0,263480.0,0.000551
1785883800,263481.0,263481.0,263480.0,263480.0,0.007224
1785884100,263480.0,263481.0,263480.0,263481.0,0.045113
1785884400,263481.0,263481.0,263481.0,263481.0,0.001142
1785884700,263480.0,263996.0,263479.0,263995.0,0.351364
1785885000,263996.0,263997.0,263995.0,263996.0,0.07662
1785885300,263997.0,264027.0,263997.0,264027.0,0.104576
1785885600,264266.0,264266.0,263802.0,263802.0,0.005028
1785885900,263641.0,263641.0,263493.0,263493.0,0.046135
1785886200,263493.0,263493.0,263311.0,263312.0,0.028665
1785886500,263312.0,263312.0,263312.0,263312.0,0.029736
1785886800,263381.0,263381.0,263380.0,263380.0,0.007054
1785887100,263322.0,263322.0,263195.0,263195.0,0.022983
1785887400,263028.0,263028.0,263027.0,263027.0,0.009597
1785887700,263027.0,263027.0,263000.0,263000.0,0.004525
1785888000,263001.0,263001.0,262918.0,262919.0,0.009855
1785888300,262918.0,262918.0,262909.0,262909.0,0.009027
1785888600,262909.0,262910.0,262399.0,262399.0,0.010217
1785888900,262640.0,262641.0,262593.0,262593.0,0.005594
1785889200,262594.0,262594.0,262593.0,262594.0,0.028753
1785889500,262593.0,262593.0,261167.0,261167.0,0.371655
1785889800,262798.0,262973.0,262798.0,262972.0,0.015481
1785890100,262973.0,263076.0,262973.0,263002.0,0.025817
1785890400,263002.0,263002.0,262663.0,262666.0,0.014741
1785890700,262666.0,262666.0,262594.0,262594.0,0.032366
1785891000,262594.0,262594.0,262587.0,262587.0,0.018248
1785891300,262587.0,262587.0,262587.0,262587.0,0.008848
1785891600,262587.0,262587.0,262521.0,262521.0,0.003461
1785891900,262521.0,262521.0,262496.0,262496.0,0.173914
1785892200,262496.0,262497.0,262496.0,262496.0,0.032986
1785892500,262496.0,262496.0,262496.0,262496.0,0.002953
1785892800,262495.0,262759.0,262495.0,262727.0,0.01411
1785893100,262727.0,262727.0,262489.0,262594.0,0.00453
1785893400,262672.0,262858.0,262672.0,262858.0,0.001892
1785893700,262877.0,262978.0,262876.0,262978.0,0.066009
1785894000,263166.0,263262.0,263166.0,263228.0,0.054876
1785894300,263100.0,263100.0,263100.0,263100.0,0.011937
1785894600,263331.0,263367.0,263327.0,263366.0,0.066455
1785894900,263367.0,263399.0,263367.0,263398.0,0.024711
1785895200,263399.0,263500.0,263399.0,263500.0,0.046421
1785895500,263500.0,263871.0,263499.0,263861.0,0.343966
1785895800,263847.0,263858.0,263778.0,263858.0,0.033069
1785896100,263858.0,263858.0,263517.0,263518.0,0.095209
1785896400,263462.0,263683.0,263462.0,263683.0,0.039141
1785896700,263866.0,263866.0,263782.0,263782.0,0.023183
1785897000,263793.0,263855.0,263754.0,263855.0,0.006019
1785897300,263855.0,263855.0,263774.0,263809.0,0.024256
1785897600,263808.0,263829.0,263808.0,263808.0,0.005175
1785897900,263809.0,263809.0,263808.0,263809.0,0.007227
1785898200,263808.0,263809.0,263808.0,263809.0,0.024476
1785898500,263809.0,263809.0,263601.0,263601.0,0.078227
1785898800,263602.0,263697.0,263539.0,263565.0,0.175693
1785899100,263564.0,263707.0,263544.0,263604.0,0.022891
1785899400,263553.0,263554.0,263553.0,263554.0,0.027399
1785899700,263402.0,263402.0,262979.0,262979.0,0.016371
1785900000,262858.0,262858.0,262504.0,262504.0,0.022438
1785900300,262504.0,262504.0,262503.0,262504.0,0.014636
1785900600,262500.0,262501.0,262416.0,262434.0,0.010507
1785900900,262499.0,262520.0,262498.0,262520.0,0.013716
1785901200,262521.0,262628.0,262474.0,262494.0,0.092374
1785901500,262495.0,262549.0,262494.0,262549.0,0.008218
1785901800,262550.0,262726.0,262543.0,262569.0,0.018627
1785902100,262623.0,262624.0,262623.0,262624.0,0.000706
1785902400,262624.0,262706.0,262586.0,262586.0,0.048263
1785902700,262582.0,262583.0,262582.0,262582.0,0.052561
1785903000,262426.0,262477.0,262426.0,262476.0,0.072718
1785903300,262475.0,262475.0,262355.0,262355.0,0.336868
1785903600,262356.0,262356.0,262355.0,262355.0,0.002026
1785903900,262355.0,262355.0,262253.0,262310.0,0.006457
1785904200,262331.0,262355.0,262331.0,262354.0,0.001296
1785904500,262355.0,262355.0,262355.0,262355.0,0.002604
1785904800,262355.0,262355.0,262354.0,262355.0,0.009606
1785905100,262354.0,262355.0,262354.0,262355.0,0.010966
1785905400,262355.0,262355.0,262354.0,262354.0,0.00106
1785905700,262355.0,262392.0,262354.0,262381.0,0.188006
1785906000,262381.0,262543.0,262380.0,262543.0,0.023812
1785906300,262543.0,262810.0,262543.0,262809.0,0.06088
1785906600,262811.0,262811.0,262811.0,262811.0,0.000463
1785906900,262975.0,262975.0,262860.0,262866.0,0.087112
1785907200,262992.0,263109.0,262992.0,263109.0,0.027191
1785907500,263176.0,263470.0,263176.0,263351.0,0.005263
1785907800,263317.0,263373.0,263139.0,263139.0,0.016879
1785908100,263114.0,263134.0,263036.0,263134.0,0.028042
1785908400,263065.0,263116.0,262987.0,262996.0,0.017303
1785908700,263125.0,263180.0,263125.0,263180.0,0.001735
1785909000,263125.0,263125.0,263007.0,263007.0,0.172655
1785909300,263001.0,263012.0,263001.0,263002.0,0.005255
1785909600,263002.0,263002.0,263002.0,263002.0,0.0
1785909900,263022.0,263022.0,263001.0,263002.0,0.005224
1785910200,263001.0,263001.0,263001.0,263001.0,0.001913
1785910500,263001.0,263001.0,263000.0,263001.0,0.003813
1785910800,263001.0,263001.0,263000.0,263001.0,0.006546
1785911100,263000.0,263001.0,263000.0,263001.0,0.003033
1785911400,263001.0,263001.0,263001.0,263001.0,0.00018
1785911700,263001.0,263017.0,263001.0,263017.0,0.005444
1785912000,263016.0,263016.0,263001.0,263001.0,0.002199
1785912300,263001.0,263001.0,262756.0,262756.0,0.06411
1785912600,262754.0,262754.0,262750.0,262750.0,0.037962
1785912900,262751.0,262751.0,262750.0,262751.0,0.018465
1785913200,262750.0,262750.0,262525.0,262525.0,0.019685
1785913500,262599.0,262642.0,262522.0,262522.0,0.051798
1785913800,262522.0,262522.0,262522.0,262522.0,0.001827
1785914100,262521.0,262522.0,262354.0,262354.0,0.017295
1785914400,262354.0,262354.0,262034.0,262043.0,0.086472
1785914700,262043.0,262102.0,262040.0,262040.0,0.029237
1785915000,262039.0,262040.0,262037.0,262037.0,0.009002
1785915300,262038.0,262038.0,262037.0,262037.0,0.012762
1785915600,262036.0,262036.0,261693.0,261693.0,0.077873
1785915900,261693.0,262022.0,261693.0,261982.0,0.011065
1785916200,261828.0,261983.0,261828.0,261983.0,0.02015
1785916500,261904.0,262101.0,261904.0,262100.0,0.025403
1785916800,262101.0,262102.0,262101.0,262102.0,0.022604
1785917100,262372.0,262372.0,262299.0,262334.0,0.200595
1785917400,262639.0,262675.0,262639.0,262661.0,0.011862
1785917700,262518.0,262518.0,262384.0,262384.0,0.004164
1785918000,262518.0,262519.0,262504.0,262504.0,0.017989
1785918300,262641.0,262641.0,262564.0,262599.0,0.010005
1785918600,262599.0,262600.0,262599.0,262600.0,0.005602
1785918900,262599.0,262699.0,262599.0,262699.0,0.012346
1785919200,262459.0,262459.0,262258.0,262258.0,0.011159
1785919500,262257.0,262257.0,262257.0,262257.0,0.001113
1785919800,262257.0,262258.0,262257.0,262257.0,0.036365
1785920100,262276.0,262277.0,262207.0,262207.0,0.045772
1785920400,262207.0,262207.0,262206.0,262207.0,0.000659
1785920700,262206.0,262277.0,262206.0,262277.0,0.017866
1785921000,262277.0,262277.0,262277.0,262277.0,0.00265
1785921300,262277.0,262490.0,262261.0,262262.0,0.078427
1785921600,262374.0,262374.0,262373.0,262374.0,0.00494
1785921900,262364.0,262364.0,262277.0,262278.0,0.005258
1785922200,262319.0,262376.0,262319.0,262375.0,0.100455
1785922500,262407.0,262455.0,262407.0,262455.0,0.005579
1785922800,262455.0,262455.0,262396.0,262397.0,0.012372
1785923100,262397.0,262397.0,262330.0,262344.0,0.103315
1785923400,262343.0,262393.0,262294.0,262346.0,0.011397
1785923700,262347.0,262347.0,262272.0,262273.0,0.008879
1785924000,262273.0,262273.0,262273.0,262273.0,0.012111
1785924300,262382.0,262408.0,262382.0,262408.0,0.024166
1785924600,262272.0,262273.0,262272.0,262273.0,0.000532
1785924900,262308.0,262308.0,262280.0,262281.0,0.002396
1785925200,262281.0,262301.0,262280.0,262301.0,0.100689
1785925500,262331.0,262400.0,262331.0,262400.0,0.007714
1785925800,262399.0,262400.0,262399.0,262400.0,0.008149
1785926100,262510.0,262510.0,262510.0,262510.0,0.000756
1785926400,262510.0,262584.0,262444.0,262455.0,0.025349
1785926700,262373.0,262389.0,262101.0,262101.0,0.001902
1785927000,262101.0,262101.0,262101.0,262101.0,0.0
1785927300,262101.0,262101.0,261826.0,261956.0,0.020556
1785927600,261956.0,262065.0,261956.0,262065.0,0.013712
1785927900,262065.0,262100.0,261999.0,261999.0,0.016012
1785928200,262100.0,262100.0,262099.0,262099.0,0.031375
1785928500,261992.0,261992.0,261992.0,261992.0,0.000563
1785928800,261992.0,262067.0,261991.0,262067.0,0.035349
1785929100,262067.0,262067.0,262033.0,262033.0,0.001767
1785929400,262033.0,262101.0,262032.0,262101.0,0.018646
1785929700,262101.0,262101.0,262100.0,262100.0,0.024049
1785930000,262100.0,262101.0,262100.0,262101.0,0.021483
1785930300,262101.0,262101.0,262100.0,262101.0,0.008004
1785930600,262101.0,262101.0,262100.0,262101.0,0.01173
1785930900,262101.0,262101.0,262101.0,262101.0,0.015345
1785931200,262101.0,262154.0,262101.0,262154.0,0.015649
1785931500,262227.0,262503.0,262227.0,262503.0,0.003359
1785931800,262503.0,262610.0,262502.0,262609.0,0.006979
1785932100,262610.0,263150.0,262610.0,263150.0,0.213179
1785932400,263211.0,263715.0,263211.0,263715.0,0.017865
1785932700,263715.0,263716.0,263715.0,263716.0,0.008673
1785933000,263715.0,263716.0,263715.0,263715.0,0.030016
1785933300,263715.0,263794.0,263715.0,263793.0,0.077432
1785933600,263793.0,263794.0,263793.0,263794.0,0.24398
1785933900,263721.0,263721.0,263721.0,263721.0,0.000226
1785934200,263721.0,263721.0,263676.0,263676.0,0.030836
1785934500,263677.0,263677.0,263675.0,263675.0,0.007447
1785934800,263676.0,263676.0,263204.0,263204.0,0.005287
1785935100,263203.0,263204.0,263203.0,263204.0,0.001122
1785935400,263203.0,263203.0,262838.0,262838.0,0.022822
1785935700,262838.0,262839.0,262838.0,262839.0,0.016984
1785936000,262838.0,262838.0,262838.0,262838.0,0.001135
1785936300,262835.0,262835.0,262835.0,262835.0,0.045037
1785936600,262835.0,262835.0,262088.0,262089.0,0.043147
1785936900,262088.0,263158.0,262088.0,263158.0,0.117033
1785937200,263050.0,263271.0,262826.0,262826.0,0.079084
1785937500,262598.0,263013.0,262411.0,263013.0,0.005221
1785937800,263056.0,263519.0,263056.0,263519.0,0.022151
1785938100,263374.0,263677.0,263374.0,263677.0,0.011085
1785938400,263676.0,263676.0,263489.0,263666.0,0.009388
1785938700,263667.0,263866.0,263667.0,263866.0,0.087701
1785939000,263866.0,263867.0,263866.0,263867.0,0.00539
1785939300,263867.0,263867.0,263866.0,263867.0,0.059516
1785939600,263954.0,263968.0,263868.0,263868.0,0.042393
1785939900,263867.0,263867.0,263643.0,263726.0,0.020977
1785940200,263620.0,263866.0,263538.0,263866.0,0.008306
1785940500,263839.0,263839.0,263413.0,263571.0,0.064642
1785940800,263408.0,263544.0,263408.0,263544.0,0.405756
1785941100,263545.0,263545.0,263545.0,263545.0,0.025525
1785941400,263545.0,263864.0,263545.0,263684.0,0.169588
1785941700,263787.0,263866.0,263662.0,263865.0,0.021902
1785942000,263994.0,264000.0,263971.0,264000.0,0.053881
1785942300,263999.0,264200.0,263999.0,264200.0,0.183665
1785942600,264200.0,264500.0,264200.0,264500.0,0.73749
1785942900,264500.0,264500.0,264011.0,264436.0,0.089556
1785943200,264330.0,264330.0,264016.0,264125.0,0.042166
1785943500,264273.0,264273.0,264137.0,264137.0,0.01124
1785943800,264090.0,264244.0,264090.0,264244.0,0.005616
1785944100,264158.0,264244.0,264158.0,264244.0,0.029583
1785944400,264434.0,264434.0,264316.0,264316.0,0.001812
1785944700,264045.0,264210.0,264045.0,264186.0,0.004226
1785945000,264022.0,264022.0,263812.0,263812.0,0.002174
1785945300,263812.0,263812.0,263674.0,263692.0,0.041967
1785945600,263692.0,263692.0,263692.0,263692.0,0.002242
1785945900,263936.0,263936.0,263936.0,263936.0,0.000188
1785946200,263863.0,263962.0,263862.0,263962.0,0.034901
1785946500,264061.0,264234.0,264061.0,264234.0,0.033141
1785946800,264233.0,264498.0,264233.0,264498.0,0.006624
1785947100,264497.0,264498.0,264497.0,264498.0,0.00307
1785947400,264498.0,264500.0,264498.0,264500.0,0.051744
1785947700,264499.0,264518.0,264499.0,264518.0,0.037189
1785948000,264537.0,264549.0,264537.0,264548.0,0.06044
1785948300,264549.0,264549.0,264548.0,264548.0,0.026144
1785948600,264548.0,264549.0,264548.0,264549.0,0.004331
1785948900,264549.0,264549.0,264548.0,264548.0,0.000879
1785949200,264549.0,264549.0,264548.0,264548.0,0.006216
1785949500,264549.0,264549.0,264549.0,264549.0,0.001024
1785949800,264548.0,264548.0,264499.0,264499.0,0.022639
1785950100,264499.0,264499.0,264498.0,264498.0,0.014329
1785950400,264074.0,264074.0,264074.0,264074.0,0.011474
1785950700,264206.0,264250.0,264206.0,264250.0,0.000606
1785951000,264250.0,264250.0,264250.0,264250.0,0.0
1785951300,264250.0,264250.0,264250.0,264250.0,0.0
1785951600,264566.0,264570.0,264566.0,264570.0,0.00083
1785951900,264505.0,264506.0,264505.0,264505.0,0.011139
1785952200,264506.0,264584.0,264506.0,264584.0,0.002276
1785952500,264585.0,264845.0,264585.0,264826.0,0.135131
1785952800,264817.0,264818.0,264682.0,264682.0,0.011992
1785953100,264648.0,264649.0,264648.0,264649.0,0.004889
1785953400,264599.0,264714.0,264599.0,264714.0,0.000396
1785953700,264805.0,264805.0,264652.0,264652.0,0.002729
1785954000,264613.0,264613.0,264613.0,264613.0,0.001511
1785954300,264613.0,264613.0,264613.0,264613.0,0.0
1785954600,264585.0,264586.0,264585.0,264586.0,0.030518
1785954900,264586.0,264666.0,264586.0,264666.0,0.00214
1785955200,264746.0,264788.0,264746.0,264788.0,0.100189
1785955500,264896.0,264945.0,264896.0,264945.0,0.002848
1785955800,264801.0,264801.0,264800.0,264801.0,0.039171
1785956100,264801.0,264801.0,264801.0,264801.0,0.0
1785956400,264801.0,265000.0,264800.0,264800.0,0.079397
1785956700,264800.0,264800.0,264800.0,264800.0,0.0
1785957000,265000.0,265000.0,265000.0,265000.0,0.000965
1785957300,264999.0,265000.0,264999.0,265000.0,0.0238
1785957600,265000.0,265000.0,265000.0,265000.0,0.0
1785957900,265000.0,265000.0,265000.0,265000.0,0.0
1785958200,265000.0,265000.0,265000.0,265000.0,0.000192
1785958500,265000.0,265000.0,265000.0,265000.0,0.0
1785958800,264999.0,265000.0,264999.0,264999.0,0.001818
1785959100,264999.0,264999.0,264999.0,264999.0,0.0
1785959400,265000.0,265000.0,265000.0,265000.0,0.114386
1785959700,265000.0,265000.0,265000.0,265000.0,0.0
1785960000,265000.0,265000.0,265000.0,265000.0,0.0
1785960300,265000.0,265000.0,265000.0,265000.0,0.000596
1785960600,265000.0,265000.0,265000.0,265000.0,0.000177
1785960900,265000.0,265000.0,265000.0,265000.0,0.003328
1785961200,265000.0,265399.0,265000.0,265399.0,0.626478
1785961500,265399.0,265399.0,265399.0,265399.0,0.000754
1785961800,265398.0,265398.0,265398.0,265398.0,0.014937
1785962100,265399.0,265399.0,265398.0,265399.0,0.006039
1785962400,265398.0,265398.0,265398.0,265398.0,0.0012
1785962700,265399.0,265399.0,265399.0,265399.0,0.000244
1785963000,265399.0,265399.0,265398.0,265399.0,0.000691
1785963300,265399.0,265399.0,265399.0,265399.0,0.0
1785963600,265076.0,265076.0,264892.0,264892.0,0.025848
1785963900,264892.0,264892.0,264892.0,264892.0,0.0
1785964200,264892.0,264892.0,264892.0,264892.0,0.00011
1785964500,264893.0,264893.0,264892.0,264892.0,0.003242
1785964800,264892.0,264892.0,264892.0,264892.0,0.0
1785965100,264654.0,264654.0,264654.0,264654.0,0.002082
1785965400,264654.0,264654.0,264654.0,264654.0,0.00018
1785965700,264589.0,264589.0,264589.0,264589.0,0.00104
1785966000,264589.0,264590.0,264589.0,264590.0,0.000415
1785966300,264590.0,264590.0,264590.0,264590.0,0.0
1785966600,264590.0,264590.0,264590.0,264590.0,0.0
1785966900,264670.0,264670.0,264670.0,264670.0,0.001491
1785967200,264650.0,264650.0,264587.0,264587.0,0.02432
1785967500,264588.0,264588.0,264588.0,264588.0,0.000665
1785967800,264587.0,264588.0,264587.0,264588.0,0.006055
1785968100,264588.0,264588.0,264588.0,264588.0,0.00545
1785968400,264587.0,264587.0,264587.0,264587.0,0.00359
1785968700,264587.0,264588.0,264587.0,264588.0,0.00316
1785969000,264588.0,264588.0,264588.0,264588.0,0.004075
1785969300,264588.0,264588.0,264587.0,264587.0,0.001156
1785969600,264587.0,264587.0,264587.0,264587.0,0.013483
1785969900,264588.0,264588.0,264588.0,264588.0,0.016808
1785970200,264587.0,264587.0,264587.0,264587.0,0.016859
1785970500,264586.0,264586.0,264584.0,264584.0,0.018396
1785970800,264585.0,264585.0,264563.0,264566.0,0.007453
1785971100,264501.0,264501.0,264500.0,264501.0,0.008685
1785971400,264501.0,264501.0,264500.0,264500.0,0.005938
1785971700,264501.0,264501.0,264378.0,264378.0,0.00953
1785972000,264378.0,264378.0,264378.0,264378.0,0.0
1785972300,264579.0,264580.0,264579.0,264579.0,0.004292
1785972600,264494.0,264495.0,264395.0,264395.0,0.001296
1785972900,264444.0,264444.0,264444.0,264444.0,0.001542
1785973200,264448.0,264448.0,264448.0,264448.0,0.017459
1785973500,264463.0,264463.0,264430.0,264430.0,0.001645
1785973800,264429.0,264430.0,264429.0,264430.0,0.006956
1785974100,264429.0,264429.0,264303.0,264359.0,0.021163
1785974400,264359.0,264359.0,264358.0,264359.0,0.06039
1785974700,264359.0,264359.0,264358.0,264359.0,0.015958
1785975000,264327.0,264327.0,264302.0,264303.0,0.007919
1785975300,264300.0,264301.0,264300.0,264300.0,0.033143
1785975600,264301.0,264417.0,264300.0,264417.0,0.012015
1785975900,264416.0,264438.0,264416.0,264438.0,0.002149
1785976200,264438.0,264438.0,264438.0,264438.0,0.000265
1785976500,264438.0,264438.0,264437.0,264438.0,0.007462
1785976800,264437.0,264438.0,264338.0,264338.0,0.060123
1785977100,264130.0,264131.0,264130.0,264130.0,0.02658
1785977400,264250.0,264372.0,264126.0,264372.0,0.008383
1785977700,264372.0,264372.0,264372.0,264372.0,0.000792
1785978000,264372.0,264373.0,264157.0,264157.0,0.014624
1785978300,264162.0,264162.0,264010.0,264010.0,0.006378
1785978600,264048.0,264048.0,264011.0,264011.0,0.028352
1785978900,264011.0,264011.0,264001.0,264002.0,0.024772
1785979200,264002.0,264002.0,264001.0,264002.0,0.0079
1785979500,264000.0,264001.0,264000.0,264000.0,0.010796
1785979800,264000.0,264001.0,264000.0,264001.0,0.023497
1785980100,264000.0,264064.0,264000.0,264064.0,0.023603
1785980400,264064.0,264064.0,264000.0,264001.0,0.006237
1785980700,264001.0,264001.0,264001.0,264001.0,0.011698
1785981000,264299.0,264299.0,264149.0,264149.0,0.018634
1785981300,264149.0,264149.0,264148.0,264149.0,0.003736
1785981600,264059.0,264059.0,264058.0,264059.0,0.03879
1785981900,264059.0,264059.0,264058.0,264059.0,0.004348
1785982200,264059.0,264255.0,264059.0,264255.0,0.001307
1785982500,264059.0,264059.0,264000.0,264001.0,0.049792
1785982800,264000.0,264001.0,264000.0,264000.0,0.056038
1785983100,264001.0,264001.0,263802.0,263920.0,0.079857
1785983400,263823.0,264026.0,263823.0,264010.0,0.012447
1785983700,264016.0,264036.0,263873.0,263873.0,0.015694
1785984000,264044.0,264044.0,264043.0,264043.0,0.002547
1785984300,264044.0,264044.0,264044.0,264044.0,0.006996
1785984600,264043.0,264044.0,264043.0,264044.0,0.026985
1785984900,264043.0,264044.0,264043.0,264044.0,0.038227
1785985200,264095.0,264221.0,264095.0,264185.0,0.081665
1785985500,264184.0,264185.0,264108.0,264108.0,0.028283
1785985800,264171.0,264171.0,264171.0,264171.0,0.001798
1785986100,264171.0,264171.0,264109.0,264110.0,0.025958
1785986400,264110.0,264110.0,264110.0,264110.0,0.042862
1785986700,264109.0,264109.0,264045.0,264104.0,0.193761
1785987000,264104.0,264105.0,264104.0,264104.0,0.012804
1785987300,264102.0,264102.0,264101.0,264101.0,0.021022
1785987600,264102.0,264102.0,264101.0,264102.0,0.00554
1785987900,264102.0,264102.0,264066.0,264066.0,0.00941
1785988200,264065.0,264066.0,264065.0,264066.0,0.016155
1785988500,264066.0,264082.0,264066.0,264082.0,0.008943
1785988800,264082.0,264113.0,264082.0,264113.0,0.01552
1785989100,264112.0,264117.0,264112.0,264117.0,0.129215
1785989400,264117.0,264120.0,264117.0,264120.0,0.007958
1785989700,264120.0,264184.0,264119.0,264183.0,0.016851
1785990000,264183.0,264489.0,264183.0,264488.0,0.107871
1785990300,264489.0,264499.0,264489.0,264499.0,0.090379
1785990600,264498.0,264499.0,264498.0,264499.0,0.001362
1785990900,264499.0,264500.0,264498.0,264499.0,0.108589
1785991200,264500.0,264500.0,264500.0,264500.0,0.012079
1785991500,264500.0,264500.0,264499.0,264499.0,0.003886
1785991800,264499.0,264500.0,264499.0,264500.0,0.059
1785992100,264500.0,264500.0,264499.0,264500.0,0.012706
1785992400,264500.0,264500.0,264499.0,264500.0,0.085083
1785992700,264500.0,265147.0,264500.0,265147.0,2.177945
1785993000,265400.0,265434.0,265400.0,265434.0,0.010215
1785993300,265434.0,265595.0,265434.0,265595.0,0.008607
1785993600,265595.0,265595.0,265593.0,265593.0,0.007175
1785993900,265594.0,265594.0,265097.0,265318.0,0.069249
1785994200,265262.0,265374.0,265255.0,265255.0,0.004608
1785994500,265389.0,265389.0,265164.0,265165.0,0.021505
1785994800,265171.0,265275.0,265171.0,265275.0,0.002698
1785995100,265279.0,265279.0,265270.0,265270.0,0.013037
1785995400,265270.0,265270.0,265202.0,265202.0,0.030337
1785995700,265202.0,265202.0,265201.0,265202.0,0.025022
1785996000,265202.0,265202.0,265154.0,265154.0,0.021297
1785996300,265163.0,265229.0,265119.0,265120.0,0.015738
1785996600,265120.0,265120.0,265002.0,265002.0,0.017372
1785996900,265003.0,265003.0,265003.0,265003.0,0.004217
1785997200,265003.0,265003.0,265002.0,265003.0,0.010259
1785997500,265003.0,265020.0,265002.0,265020.0,0.009395
1785997800,265032.0,265033.0,265032.0,265033.0,0.023094
1785998100,265033.0,265033.0,265032.0,265032.0,0.013661
1785998400,265032.0,265032.0,264467.0,264987.0,0.135535
1785998700,264987.0,265031.0,264943.0,264943.0,0.047789
1785999000,264944.0,265030.0,264886.0,265030.0,0.010246
1785999300,265025.0,265025.0,264925.0,264993.0,0.206848
1785999600,264983.0,264984.0,264827.0,264837.0,0.022408
1785999900,264925.0,264982.0,264925.0,264982.0,0.015112
1786000200,264982.0,264982.0,264982.0,264982.0,0.014781
1786000500,264981.0,264982.0,264981.0,264982.0,0.004958
1786000800,264982.0,264984.0,264982.0,264983.0,0.026897
1786001100,264984.0,265179.0,264984.0,265179.0,0.097784
1786001400,265179.0,265179.0,265154.0,265155.0,0.015676
1786001700,265142.0,265147.0,265087.0,265087.0,0.003136
1786002000,265077.0,265078.0,265077.0,265078.0,0.02858
1786002300,265078.0,265078.0,265077.0,265077.0,0.020445
1786002600,265010.0,265010.0,265010.0,265010.0,0.004227
1786002900,265009.0,265010.0,265009.0,265010.0,0.004103
1786003200,265010.0,265069.0,265009.0,265068.0,0.007873
1786003500,265019.0,265019.0,265018.0,265019.0,0.094361
1786003800,265019.0,265019.0,264994.0,264994.0,0.008506
1786004100,264995.0,264995.0,264994.0,264994.0,0.004674
1786004400,264994.0,264995.0,264994.0,264995.0,0.002504
1786004700,264995.0,264995.0,264994.0,264995.0,0.006865
1786005000,264995.0,264995.0,264995.0,264995.0,0.009379
1786005300,265004.0,265076.0,265004.0,265076.0,0.020161
1786005600,265076.0,265076.0,265075.0,265075.0,0.002165
1786005900,265076.0,265100.0,265074.0,265100.0,0.026763
1786006200,265099.0,265179.0,265099.0,265179.0,0.01794
1786006500,265180.0,265180.0,265179.0,265179.0,0.038142
1786006800,265179.0,265180.0,265008.0,265028.0,0.014877
1786007100,265036.0,265036.0,265011.0,265011.0,0.01193
1786007400,265011.0,265011.0,265010.0,265010.0,0.021758
1786007700,265011.0,265011.0,265010.0,265011.0,0.043212
1786008000,265011.0,265011.0,264991.0,264991.0,0.025242
1786008300,264991.0,264991.0,264980.0,264981.0,0.013209
1786008600,264980.0,264980.0,264683.0,264683.0,0.020319
1786008900,264657.0,264657.0,264468.0,264468.0,0.032707
1786009200,264347.0,264348.0,264347.0,264348.0,0.044153
1786009500,264347.0,264372.0,264347.0,264372.0,0.002118
1786009800,264372.0,264384.0,264371.0,264384.0,0.002376
1786010100,264384.0,264417.0,264384.0,264417.0,0.029396
1786010400,264398.0,264398.0,264397.0,264397.0,0.003048
1786010700,264398.0,264398.0,264397.0,264398.0,0.010183
1786011000,264140.0,264140.0,264139.0,264139.0,0.016657
1786011300,264140.0,264353.0,264135.0,264353.0,0.014549
1786011600,264353.0,264393.0,264353.0,264393.0,0.013966
1786011900,264393.0,264395.0,264393.0,264395.0,0.016627
1786012200,264395.0,264395.0,264394.0,264395.0,0.036605
1786012500,264395.0,264395.0,264395.0,264395.0,0.130274
1786012800,264395.0,264395.0,264295.0,264296.0,0.08473
1786013100,264254.0,264271.0,264253.0,264271.0,0.031807
1786013400,264271.0,264271.0,264271.0,264271.0,0.001722
1786013700,264252.0,264252.0,264231.0,264231.0,0.000545
1786014000,264208.0,264208.0,264208.0,264208.0,0.003834
1786014300,264015.0,264015.0,264014.0,264015.0,0.006964
1786014600,264015.0,264015.0,264014.0,264015.0,0.024511
1786014900,264015.0,264015.0,264015.0,264015.0,0.01033
1786015200,264015.0,264015.0,264014.0,264014.0,0.00746
1786015500,264179.0,264179.0,264167.0,264167.0,0.017673
1786015800,264168.0,264168.0,264167.0,264168.0,0.001155
1786016100,264168.0,264255.0,264168.0,264255.0,0.0155
1786016400,264256.0,264256.0,264256.0,264256.0,0.007037
1786016700,264255.0,264256.0,264255.0,264256.0,0.003438
1786017000,264255.0,264255.0,264224.0,264224.0,0.012524
1786017300,264224.0,264225.0,264224.0,264225.0,0.009031
1786017600,264224.0,264224.0,264053.0,264053.0,0.018197
1786017900,264053.0,264053.0,264033.0,264033.0,0.019213
1786018200,264032.0,264032.0,264001.0,264001.0,0.040196
1786018500,264000.0,264001.0,264000.0,264000.0,0.006472
1786018800,264001.0,264001.0,264000.0,264000.0,0.014479
1786019100,264001.0,264001.0,264000.0,264001.0,0.057769
1786019400,264001.0,264001.0,264000.0,264000.0,0.015309
1786019700,264000.0,264001.0,264000.0,264000.0,0.006027
1786020000,264000.0,264001.0,264000.0,264001.0,0.007656
1786020300,264001.0,264001.0,264000.0,264001.0,0.052945
1786020600,264001.0,264001.0,264001.0,264001.0,0.082048
1786020900,264001.0,264001.0,264001.0,264001.0,0.003712
1786021200,264000.0,264000.0,263751.0,263752.0,0.043495
1786021500,263751.0,263751.0,263300.0,263300.0,0.010791
1786021800,263301.0,263301.0,263019.0,263019.0,0.227754
1786022100,263019.0,263019.0,263018.0,263019.0,0.007469
1786022400,263019.0,263019.0,263018.0,263019.0,0.04847
1786022700,263001.0,263001.0,262952.0,262952.0,0.008555
1786023000,262951.0,262952.0,262734.0,262734.0,0.024578
1786023300,262734.0,263105.0,262734.0,263104.0,0.095574
1786023600,263105.0,263550.0,263105.0,263550.0,0.021857
1786023900,263550.0,263835.0,263550.0,263835.0,0.057168
1786024200,263780.0,263890.0,263768.0,263768.0,0.00208
1786024500,263921.0,264027.0,263878.0,263878.0,0.194785
1786024800,263775.0,263823.0,263751.0,263751.0,0.059178
1786025100,263936.0,264009.0,263909.0,263921.0,0.025738
1786025400,264010.0,264142.0,263874.0,263874.0,0.041436
1786025700,263873.0,263874.0,263807.0,263807.0,0.002004
1786026000,263806.0,264307.0,263796.0,264187.0,0.047224
1786026300,264187.0,264187.0,264186.0,264186.0,0.095057
1786026600,264186.0,264186.0,263751.0,264175.0,0.006761
1786026900,264175.0,264412.0,264175.0,264411.0,0.099092
1786027200,264468.0,265000.0,264468.0,265000.0,0.032426
1786027500,265000.0,265000.0,264905.0,264905.0,0.055952
1786027800,264768.0,264941.0,264768.0,264841.0,0.010845
1786028100,264904.0,265000.0,264903.0,264999.0,0.009881
1786028400,265000.0,265000.0,264999.0,265000.0,0.043358
1786028700,265000.0,265280.0,264999.0,265280.0,0.038581
1786029000,265280.0,265500.0,265280.0,265432.0,0.031758
1786029300,265466.0,265492.0,265024.0,265024.0,0.037165
1786029600,265025.0,265025.0,264854.0,264868.0,0.087389
1786029900,264986.0,265160.0,264986.0,265159.0,0.038658
1786030200,265242.0,265300.0,265040.0,265053.0,0.197167
1786030500,264903.0,264992.0,264821.0,264992.0,0.030138
1786030800,264985.0,264985.0,264911.0,264945.0,0.144492
1786031100,264928.0,264945.0,264928.0,264945.0,0.036113
1786031400,264945.0,264945.0,264597.0,264597.0,0.056016
1786031700,264596.0,264596.0,264494.0,264495.0,0.008495
1786032000,264493.0,264494.0,264462.0,264462.0,0.024805
1786032300,264274.0,264378.0,264274.0,264378.0,0.00096
1786032600,264396.0,264492.0,264383.0,264401.0,0.011295
1786032900,264401.0,264401.0,264401.0,264401.0,0.022979
1786033200,264490.0,264490.0,264401.0,264401.0,0.002529
1786033500,264401.0,264401.0,264187.0,264206.0,0.032738
1786033800,264207.0,264207.0,264206.0,264207.0,0.020419
1786034100,264206.0,264207.0,264206.0,264207.0,0.005613
1786034400,264207.0,264207.0,264206.0,264206.0,0.035415
1786034700,264206.0,264207.0,264206.0,264206.0,0.072279
1786035000,264206.0,264207.0,264206.0,264207.0,0.002493
1786035300,264210.0,264210.0,264210.0,264210.0,0.004918
1786035600,264209.0,264288.0,264209.0,264288.0,0.04343
1786035900,264288.0,264440.0,264288.0,264440.0,0.01701
1786036200,264449.0,264449.0,264291.0,264313.0,0.076931
1786036500,264259.0,264311.0,264251.0,264251.0,0.008601
1786036800,264315.0,264410.0,264315.0,264410.0,0.004201
1786037100,264409.0,264409.0,264409.0,264409.0,0.000176
1786037400,264410.0,264410.0,264410.0,264410.0,0.001866
1786037700,264409.0,264409.0,264189.0,264189.0,0.061604
1786038000,264189.0,264189.0,264189.0,264189.0,0.010243
1786038300,264189.0,264189.0,264189.0,264189.0,0.000753
1786038600,264189.0,264189.0,264189.0,264189.0,0.000159
1786038900,264189.0,264189.0,263967.0,263967.0,0.032032
1786039200,263949.0,263949.0,263949.0,263949.0,0.000616
1786039500,263751.0,263751.0,263533.0,263591.0,0.039846
1786039800,263591.0,263659.0,263591.0,263659.0,0.006994
1786040100,263791.0,263791.0,263791.0,263791.0,0.001031
1786040400,263791.0,263791.0,263791.0,263791.0,0.0
1786040700,263791.0,263791.0,263791.0,263791.0,0.0
1786041000,263591.0,263591.0,263591.0,263591.0,0.001316
1786041300,263591.0,263591.0,263591.0,263591.0,0.0
1786041600,263537.0,263537.0,263536.0,263536.0,0.002405
1786041900,263536.0,263536.0,263212.0,263213.0,0.00994
1786042200,263187.0,263187.0,263167.0,263167.0,0.001312
1786042500,263237.0,263591.0,263237.0,263591.0,0.078638
1786042800,263224.0,263345.0,263224.0,263345.0,0.000493
1786043100,263368.0,263368.0,263327.0,263335.0,0.004015
1786043400,263335.0,263380.0,263335.0,263380.0,0.010884
1786043700,263336.0,263336.0,263299.0,263299.0,0.003732
1786044000,263281.0,263374.0,263281.0,263374.0,0.004705
1786044300,263212.0,263212.0,263212.0,263212.0,0.00037
1786044600,263183.0,263183.0,263183.0,263183.0,0.000243
1786044900,263183.0,263183.0,263183.0,263183.0,0.000296
1786045200,263183.0,263183.0,263183.0,263183.0,0.0
1786045500,263279.0,263279.0,263208.0,263208.0,0.006577
1786045800,263185.0,263186.0,263185.0,263186.0,0.004205
1786046100,263316.0,263316.0,263283.0,263283.0,0.005799
1786046400,263521.0,263521.0,263521.0,263521.0,0.000591
1786046700,263557.0,263557.0,263557.0,263557.0,0.000281
1786047000,263557.0,263558.0,263557.0,263558.0,0.001147
1786047300,263558.0,263558.0,263558.0,263558.0,0.0
1786047600,263365.0,263427.0,263365.0,263427.0,0.004218
1786047900,263427.0,263427.0,263427.0,263427.0,0.0
1786048200,263339.0,263339.0,263339.0,263339.0,0.000161
1786048500,263318.0,263318.0,263256.0,263256.0,0.01597
1786048800,263267.0,263267.0,263267.0,263267.0,0.000745
1786049100,263268.0,263268.0,263268.0,263268.0,0.001876
1786049400,263481.0,263481.0,263481.0,263481.0,0.001328
1786049700,263481.0,263481.0,263481.0,263481.0,0.0
1786050000,263203.0,263203.0,263203.0,263203.0,0.000531
1786050300,263357.0,263357.0,263357.0,263357.0,0.000331
1786050600,263287.0,263287.0,263287.0,263287.0,0.003733
1786050900,263354.0,263354.0,263354.0,263354.0,0.000106
1786051200,263354.0,263354.0,263354.0,263354.0,0.0
1786051500,263380.0,263380.0,263380.0,263380.0,0.001554
1786051800,263256.0,263256.0,263184.0,263200.0,0.004126
1786052100,263233.0,263233.0,263233.0,263233.0,0.000433
1786052400,263233.0,263233.0,263233.0,263233.0,0.0
1786052700,263233.0,263233.0,263233.0,263233.0,0.0
1786053000,263296.0,263296.0,263296.0,263296.0,0.001139
1786053300,263295.0,263295.0,263183.0,263184.0,0.004313
1786053600,263184.0,263184.0,263183.0,263183.0,0.004981
1786053900,263155.0,263155.0,263154.0,263154.0,0.001486
1786054200,263154.0,263154.0,263154.0,263154.0,0.0
1786054500,263155.0,263155.0,263155.0,263155.0,0.001554
1786054800,263154.0,263154.0,263116.0,263116.0,0.000451
1786055100,263107.0,263107.0,263107.0,263107.0,0.002964
1786055400,263106.0,263106.0,263002.0,263002.0,0.020586
1786055700,263002.0,263002.0,263002.0,263002.0,0.009789
1786056000,263002.0,263002.0,263001.0,263002.0,0.014297
1786056300,263002.0,263002.0,262742.0,262742.0,0.025117
1786056600,262797.0,262797.0,262770.0,262770.0,0.004446
1786056900,262755.0,262755.0,262755.0,262755.0,0.001902
1786057200,262786.0,262790.0,262786.0,262790.0,0.008129
1786057500,262790.0,262790.0,262789.0,262790.0,0.004588
1786057800,262790.0,262790.0,262789.0,262790.0,0.004174
1786058100,262746.0,262746.0,262746.0,262746.0,0.00016
1786058400,262771.0,262771.0,262701.0,262701.0,0.005025
1786058700,262701.0,262701.0,262670.0,262670.0,0.104519
1786059000,262590.0,262591.0,262584.0,262584.0,0.011004
1786059300,262584.0,262584.0,262506.0,262506.0,0.020591
1786059600,262507.0,262507.0,262501.0,262501.0,0.003551
1786059900,262500.0,262502.0,262248.0,262248.0,0.037523
1786060200,262431.0,262725.0,262431.0,262725.0,0.003659
1786060500,262725.0,262781.0,262725.0,262780.0,0.005908
1786060800,262779.0,262780.0,262779.0,262779.0,0.002088
1786061100,262780.0,262780.0,262779.0,262780.0,0.012377
1786061400,262780.0,262780.0,262780.0,262780.0,0.007927
1786061700,262780.0,262788.0,262673.0,262788.0,0.019789
1786062000,262728.0,262728.0,262597.0,262665.0,0.012242
1786062300,262665.0,262787.0,262665.0,262731.0,0.007848
1786062600,262621.0,262789.0,262621.0,262789.0,0.209656
1786062900,262791.0,262835.0,262790.0,262835.0,0.033327
1786063200,262651.0,262775.0,262651.0,262775.0,0.002058
1786063500,262881.0,262940.0,262658.0,262658.0,0.004912
1786063800,262628.0,262828.0,262628.0,262825.0,0.049897
1786064100,262798.0,262860.0,262675.0,262811.0,0.04955
1786064400,262997.0,262997.0,262996.0,262997.0,0.002479
1786064700,262996.0,263000.0,262996.0,263000.0,0.02084
1786065000,263000.0,263001.0,263000.0,263000.0,0.003649
1786065300,263000.0,263000.0,262965.0,262965.0,0.002234
1786065600,262986.0,262995.0,262931.0,262932.0,0.009029
1786065900,262954.0,263002.0,262954.0,263002.0,0.004318
1786066200,263002.0,263346.0,263002.0,263346.0,0.008926
1786066500,263347.0,263347.0,263135.0,263135.0,0.030568
1786066800,263134.0,263134.0,262896.0,263014.0,0.019415
1786067100,263034.0,263144.0,263034.0,263144.0,0.005177
1786067400,263287.0,263287.0,263286.0,263287.0,0.005534
1786067700,263286.0,263348.0,263286.0,263348.0,0.014089
1786068000,263349.0,263349.0,263184.0,263185.0,0.010128
1786068300,263186.0,263186.0,262965.0,262965.0,0.010647
1786068600,262833.0,263130.0,262802.0,263130.0,0.016356
1786068900,263186.0,263556.0,263186.0,263556.0,0.006039
1786069200,263438.0,263438.0,262927.0,263018.0,0.033194
1786069500,262881.0,263009.0,262881.0,262887.0,0.202923
1786069800,262888.0,263015.0,262888.0,262965.0,0.367182
1786070100,262995.0,263014.0,262937.0,262937.0,0.013393
1786070400,262898.0,263455.0,262861.0,263265.0,0.007511
1786070700,263265.0,263370.0,263265.0,263370.0,0.017007
1786071000,263299.0,263477.0,263299.0,263427.0,0.081616
1786071300,263426.0,263427.0,263280.0,263280.0,0.013035
1786071600,263219.0,263219.0,263218.0,263219.0,0.006418
1786071900,263219.0,263219.0,263115.0,263146.0,0.013556
1786072200,263145.0,263145.0,262997.0,263067.0,0.156466
1786072500,263066.0,263066.0,262983.0,262983.0,0.002265
1786072800,262983.0,262983.0,262675.0,262857.0,0.066916
1786073100,262942.0,263049.0,262942.0,263049.0,0.005939
1786073400,263167.0,263167.0,263069.0,263112.0,0.009666
1786073700,262988.0,263076.0,262948.0,262966.0,0.268682
1786074000,262965.0,262996.0,262965.0,262996.0,0.042217
1786074300,263046.0,263047.0,262957.0,262957.0,0.016585
1786074600,263011.0,263043.0,263011.0,263043.0,0.003606
1786074900,262973.0,262973.0,262972.0,262972.0,0.02058
1786075200,262973.0,262973.0,262972.0,262973.0,0.033903
1786075500,262972.0,262972.0,262950.0,262969.0,0.055885
1786075800,262986.0,262987.0,262986.0,262987.0,0.026871
1786076100,262987.0,262987.0,262986.0,262987.0,0.011883
1786076400,263040.0,263105.0,263040.0,263105.0,0.006116
1786076700,263105.0,263105.0,263101.0,263102.0,0.013871
1786077000,263102.0,263102.0,263101.0,263102.0,0.010502
1786077300,263102.0,263102.0,263000.0,263000.0,0.024444
1786077600,263002.0,263002.0,263001.0,263001.0,0.019407
1786077900,263000.0,263001.0,263000.0,263000.0,0.001835
1786078200,263001.0,263001.0,262803.0,262803.0,0.077527
1786078500,262802.0,262802.0,262603.0,262693.0,0.007827
1786078800,262734.0,262741.0,262733.0,262741.0,0.039504
1786079100,262652.0,262652.0,262619.0,262619.0,0.03605
1786079400,262619.0,262621.0,262619.0,262621.0,0.012131
1786079700,262621.0,262621.0,262620.0,262621.0,0.003269
1786080000,262621.0,262621.0,262501.0,262506.0,0.086259
1786080300,262507.0,262507.0,262506.0,262507.0,0.020354
1786080600,262506.0,262506.0,262502.0,262502.0,0.043675
1786080900,262502.0,262619.0,262501.0,262619.0,0.075658
1786081200,262619.0,262625.0,262542.0,262625.0,0.032318
1786081500,262625.0,262626.0,262625.0,262626.0,0.041339
1786081800,262882.0,263005.0,262882.0,263005.0,0.014082
1786082100,263007.0,263018.0,262943.0,262943.0,0.027231
1786082400,262952.0,262975.0,262868.0,262930.0,0.017556
1786082700,262933.0,263034.0,262933.0,263034.0,0.030386
1786083000,263028.0,263052.0,262926.0,262926.0,0.040106
1786083300,263053.0,263053.0,263052.0,263053.0,0.012538
1786083600,263052.0,263053.0,263052.0,263053.0,0.017736
1786083900,263159.0,263159.0,263159.0,263159.0,0.001146
1786084200,263159.0,263159.0,263158.0,263158.0,0.061921
1786084500,262954.0,263039.0,262954.0,262995.0,0.007348
1786084800,262995.0,263042.0,262952.0,262953.0,0.113693
1786085100,262952.0,262953.0,262938.0,262939.0,0.009636
1786085400,262939.0,262939.0,262938.0,262938.0,0.027974
1786085700,262939.0,262939.0,262938.0,262939.0,0.00964
1786086000,262939.0,262939.0,262938.0,262939.0,0.031642
1786086300,262920.0,262921.0,262920.0,262920.0,0.030958
1786086600,262921.0,262921.0,262897.0,262897.0,0.008398
1786086900,262833.0,262937.0,262833.0,262937.0,0.018195
1786087200,262937.0,262937.0,262936.0,262936.0,0.005169
1786087500,262936.0,262937.0,262936.0,262937.0,0.009663
1786087800,262937.0,262937.0,262936.0,262937.0,0.009772
1786088100,262936.0,262938.0,262936.0,262938.0,0.024407
1786088400,262938.0,262939.0,262938.0,262939.0,0.009658
1786088700,262939.0,262939.0,262938.0,262938.0,0.004794
1786089000,262939.0,262939.0,262938.0,262939.0,0.043381
1786089300,262939.0,262939.0,262939.0,262939.0,0.036701
1786089600,262939.0,262939.0,262938.0,262939.0,0.022699
1786089900,262939.0,262939.0,262939.0,262939.0,0.001391
1786090200,262939.0,263041.0,262939.0,263041.0,0.036379
1786090500,263042.0,263042.0,263041.0,263041.0,0.001173
1786090800,263042.0,263185.0,263042.0,263185.0,0.019921
1786091100,263186.0,263200.0,263186.0,263200.0,0.044449
1786091400,263200.0,263200.0,263199.0,263199.0,0.011151
1786091700,263200.0,263392.0,263200.0,263380.0,0.074119
1786092000,263396.0,263998.0,263396.0,263988.0,0.023618
1786092300,263989.0,263989.0,263901.0,263901.0,0.020796
1786092600,263979.0,263980.0,263979.0,263980.0,0.016503
1786092900,263980.0,263980.0,263979.0,263980.0,0.004586
1786093200,263980.0,264554.0,263979.0,264554.0,0.014047
1786093500,264079.0,264240.0,264079.0,264240.0,0.02898
1786093800,264260.0,264649.0,264260.0,264494.0,0.064791
1786094100,264472.0,264612.0,264471.0,264612.0,0.025823
1786094400,264612.0,264645.0,264612.0,264645.0,0.069777
1786094700,264725.0,264834.0,264725.0,264834.0,0.014299
1786095000,264996.0,264996.0,264976.0,264995.0,0.070975
1786095300,264996.0,265000.0,264996.0,265000.0,0.087145
1786095600,265000.0,265365.0,265000.0,265127.0,0.036235
1786095900,265128.0,265128.0,264928.0,264928.0,0.011003
1786096200,265047.0,265053.0,264956.0,264956.0,0.085681
1786096500,264956.0,264956.0,264920.0,264920.0,0.007777
1786096800,264927.0,264927.0,264926.0,264926.0,0.0077
1786097100,264927.0,264927.0,264927.0,264927.0,0.00268
1786097400,264926.0,264926.0,264920.0,264920.0,0.103404
1786097700,264921.0,264921.0,264920.0,264921.0,0.015041
1786098000,264935.0,264969.0,264920.0,264920.0,0.163229
1786098300,264994.0,265068.0,264994.0,265068.0,0.01525
1786098600,265169.0,265169.0,265169.0,265169.0,0.003994
1786098900,265146.0,265147.0,265022.0,265022.0,0.066955
1786099200,265022.0,265022.0,265021.0,265021.0,0.001941
1786099500,265022.0,265131.0,265022.0,265130.0,0.13595
1786099800,265185.0,265185.0,265185.0,265185.0,0.232418
1786100100,265185.0,265185.0,265185.0,265185.0,0.006341
1786100400,265185.0,265363.0,265185.0,265363.0,0.003638
1786100700,265363.0,265497.0,265363.0,265497.0,0.012077
1786101000,265498.0,265498.0,265496.0,265496.0,0.008011
1786101300,265496.0,265496.0,265496.0,265496.0,0.000518
1786101600,265497.0,265998.0,265497.0,265997.0,0.224903
1786101900,265997.0,265998.0,265997.0,265997.0,0.039118
1786102200,265912.0,265993.0,265904.0,265904.0,0.013103
1786102500,265904.0,265980.0,265903.0,265980.0,0.043952
1786102800,265980.0,265980.0,265979.0,265979.0,0.016028
1786103100,265976.0,265976.0,265975.0,265976.0,0.00258
1786103400,265976.0,265976.0,265907.0,265908.0,0.026762
1786103700,265908.0,265908.0,265907.0,265908.0,0.03661
1786104000,265907.0,265908.0,265907.0,265908.0,0.004603
1786104300,265907.0,265907.0,265906.0,265906.0,0.076923
1786104600,265907.0,266196.0,265906.0,266196.0,0.153245
1786104900,266269.0,266275.0,266203.0,266271.0,0.005538
1786105200,266250.0,266259.0,266093.0,266146.0,0.039229
1786105500,266109.0,266110.0,266109.0,266110.0,0.003469
1786105800,266110.0,266324.0,265802.0,266321.0,0.064345
1786106100,265889.0,266105.0,265800.0,266105.0,0.026122
1786106400,266105.0,266266.0,266105.0,266169.0,0.054539
1786106700,266256.0,266386.0,266256.0,266386.0,0.078147
1786107000,266386.0,266499.0,266386.0,266498.0,0.023736
1786107300,266500.0,266600.0,266499.0,266600.0,0.045531
1786107600,266599.0,266600.0,266410.0,266537.0,0.022302
1786107900,266600.0,266600.0,266558.0,266558.0,0.008199
1786108200,266483.0,266483.0,266435.0,266481.0,0.010079
1786108500,266436.0,266467.0,266435.0,266467.0,0.083471
1786108800,266467.0,266467.0,266467.0,266467.0,0.025202
1786109100,266452.0,266452.0,266435.0,266436.0,0.035378
1786109400,266435.0,266663.0,266435.0,266472.0,0.085528
1786109700,266669.0,266697.0,266460.0,266460.0,0.020047
1786110000,266646.0,266713.0,266464.0,266712.0,0.037115
1786110300,266714.0,266736.0,266437.0,266437.0,0.029988
1786110600,266436.0,266436.0,266435.0,266436.0,0.202543
1786110900,266436.0,266436.0,266435.0,266435.0,0.019648
1786111200,266435.0,266435.0,266105.0,266106.0,0.034439
1786111500,266106.0,266106.0,265566.0,265566.0,0.092106
1786111800,265505.0,265505.0,265235.0,265235.0,0.044024
1786112100,265357.0,265376.0,265357.0,265376.0,0.341814
1786112400,265728.0,265937.0,265728.0,265937.0,0.046746
1786112700,266098.0,266499.0,266098.0,266499.0,0.048826
1786113000,266498.0,266498.0,266495.0,266495.0,0.003642
1786113300,266495.0,266496.0,266495.0,266495.0,0.017251
1786113600,266495.0,266496.0,266261.0,266261.0,0.084903
1786113900,266188.0,266245.0,266161.0,266161.0,0.071317
1786114200,266161.0,266161.0,265828.0,265831.0,0.056147
1786114500,265835.0,265835.0,265717.0,265718.0,0.049224
1786114800,265718.0,265718.0,265462.0,265462.0,0.041829
1786115100,265435.0,265749.0,265435.0,265749.0,0.022289
1786115400,265796.0,265869.0,265534.0,265538.0,0.196789
1786115700,265538.0,265538.0,265538.0,265538.0,0.000909
1786116000,265539.0,265539.0,265539.0,265539.0,0.002267
1786116300,265539.0,265539.0,265538.0,265539.0,0.013368
1786116600,265539.0,265796.0,265539.0,265796.0,0.156074
1786116900,265796.0,265843.0,265641.0,265641.0,0.033386
1786117200,265895.0,265895.0,265744.0,265885.0,0.025402
1786117500,265750.0,265752.0,265739.0,265740.0,0.002839
1786117800,265740.0,265762.0,265584.0,265584.0,0.023661
1786118100,265584.0,265584.0,265583.0,265583.0,0.051264
1786118400,265583.0,265583.0,265583.0,265583.0,0.0
1786118700,265583.0,265655.0,265583.0,265655.0,0.000783
1786119000,265757.0,265831.0,265689.0,265831.0,0.016028
1786119300,265830.0,265830.0,265766.0,265766.0,0.005449
1786119600,265644.0,265654.0,265558.0,265558.0,0.009145
1786119900,265558.0,265559.0,265558.0,265559.0,0.000457
1786120200,265558.0,265559.0,265506.0,265507.0,0.007651
1786120500,265551.0,265551.0,265550.0,265551.0,0.006148
1786120800,265551.0,265551.0,265551.0,265551.0,0.004711
1786121100,265551.0,265551.0,265550.0,265551.0,0.004255
1786121400,265550.0,265550.0,265010.0,265198.0,0.393743
1786121700,265198.0,265198.0,265132.0,265134.0,0.01124
1786122000,265134.0,265134.0,265010.0,265010.0,0.077508
1786122300,265009.0,265009.0,264617.0,264853.0,0.011241
1786122600,264763.0,264763.0,264763.0,264763.0,0.150929
1786122900,264654.0,264654.0,264653.0,264654.0,0.005145
1786123200,264630.0,264630.0,264630.0,264630.0,0.000184
1786123500,264610.0,264610.0,264570.0,264570.0,0.000398
1786123800,264569.0,264569.0,264263.0,264263.0,0.017902
1786124100,264263.0,264263.0,264263.0,264263.0,0.0
1786124400,264426.0,264426.0,264426.0,264426.0,0.002298
1786124700,264426.0,264426.0,264425.0,264425.0,0.000478
1786125000,264628.0,264628.0,264628.0,264628.0,0.011863
1786125300,264709.0,264709.0,264709.0,264709.0,0.002981
1786125600,264888.0,265004.0,264888.0,265004.0,0.00421
1786125900,265004.0,265083.0,265004.0,265083.0,0.00553
1786126200,265083.0,265083.0,265083.0,265083.0,0.0
1786126500,265083.0,265083.0,265083.0,265083.0,0.000244
1786126800,265083.0,265083.0,265083.0,265083.0,0.0
1786127100,265007.0,265007.0,265007.0,265007.0,0.000793
1786127400,265059.0,265059.0,265058.0,265059.0,0.000984
1786127700,265058.0,265058.0,265002.0,265002.0,0.017879
1786128000,265002.0,265002.0,265002.0,265002.0,0.000613
1786128300,265002.0,265002.0,265001.0,265002.0,0.001085
1786128600,265002.0,265002.0,265001.0,265001.0,0.002682
1786128900,265002.0,265002.0,265002.0,265002.0,0.000616
1786129200,265002.0,265002.0,265002.0,265002.0,0.0
1786129500,265021.0,265021.0,265021.0,265021.0,0.000271
1786129800,265187.0,265187.0,265187.0,265187.0,0.000246
1786130100,265184.0,265184.0,265184.0,265184.0,0.000773
1786130400,265466.0,265466.0,265466.0,265466.0,0.001314
1786130700,265466.0,265472.0,265466.0,265472.0,0.001683
1786131000,265472.0,265472.0,265471.0,265472.0,0.002076
1786131300,265505.0,265505.0,265505.0,265505.0,0.000202
1786131600,265559.0,265559.0,265559.0,265559.0,0.000879
1786131900,265592.0,265592.0,265592.0,265592.0,0.003923
1786132200,265502.0,265502.0,265502.0,265502.0,0.000101
1786132500,265541.0,265541.0,265540.0,265541.0,0.000763
1786132800,265541.0,265541.0,265541.0,265541.0,0.0
1786133100,265532.0,265532.0,265532.0,265532.0,0.000499
1786133400,265551.0,265551.0,265551.0,265551.0,0.000932
1786133700,265551.0,265551.0,265551.0,265551.0,0.0
1786134000,265580.0,265580.0,265580.0,265580.0,0.016698
1786134300,265581.0,265581.0,265581.0,265581.0,0.000102
1786134600,265507.0,265507.0,265424.0,265424.0,0.006185
1786134900,265424.0,265424.0,265424.0,265424.0,0.0
1786135200,265425.0,265425.0,265425.0,265425.0,0.005663
1786135500,265494.0,265494.0,265494.0,265494.0,0.000371
1786135800,265494.0,265494.0,265494.0,265494.0,0.001507
1786136100,265494.0,265494.0,265494.0,265494.0,0.0
1786136400,265494.0,265494.0,265494.0,265494.0,0.000171
1786136700,265494.0,265494.0,265494.0,265494.0,0.000199
1786137000,265494.0,265494.0,265494.0,265494.0,0.0
1786137300,265494.0,265494.0,265494.0,265494.0,0.0
1786137600,265463.0,265498.0,265463.0,265498.0,0.001989
1786137900,265499.0,265500.0,265499.0,265500.0,0.001937
1786138200,265500.0,265500.0,265500.0,265500.0,0.000564
1786138500,265500.0,265500.0,265500.0,265500.0,0.0
1786138800,265500.0,265600.0,265500.0,265600.0,0.018621
1786139100,265600.0,265600.0,265600.0,265600.0,0.002477
1786139400,265600.0,265600.0,265600.0,265600.0,0.0
1786139700,265457.0,265457.0,265457.0,265457.0,0.000366
1786140000,265457.0,265457.0,265457.0,265457.0,0.000378
1786140300,265456.0,265457.0,265456.0,265456.0,0.003931
1786140600,265456.0,265456.0,265456.0,265456.0,0.0
1786140900,265457.0,265457.0,265456.0,265457.0,0.00153
1786141200,265457.0,265457.0,265457.0,265457.0,0.0
1786141500,265457.0,265457.0,265457.0,265457.0,0.000337
1786141800,265456.0,265533.0,265272.0,265272.0,0.018015
1786142100,265272.0,265272.0,265271.0,265272.0,0.043862
1786142400,265272.0,265272.0,265272.0,265272.0,0.005328
1786142700,265272.0,265272.0,265271.0,265272.0,0.008042
1786143000,265271.0,265403.0,265271.0,265402.0,0.058615
1786143300,265288.0,265289.0,265288.0,265289.0,0.008424
1786143600,265289.0,265289.0,265289.0,265289.0,0.005254
1786143900,265289.0,265289.0,265289.0,265289.0,0.000846
1786144200,265289.0,265289.0,265288.0,265289.0,0.00633
1786144500,265289.0,265289.0,265288.0,265288.0,0.004673
1786144800,265288.0,265288.0,265288.0,265288.0,0.000222
1786145100,265288.0,265289.0,265288.0,265289.0,0.01241
1786145400,265289.0,265289.0,265289.0,265289.0,0.008083
1786145700,265289.0,265289.0,265289.0,265289.0,0.019502
1786146000,265289.0,265289.0,265289.0,265289.0,0.001543
1786146300,265288.0,265321.0,265288.0,265321.0,0.002419
1786146600,265359.0,265359.0,265359.0,265359.0,0.000276
1786146900,265359.0,265359.0,265359.0,265359.0,0.022826
1786147200,265359.0,265359.0,265359.0,265359.0,0.001784
1786147500,265385.0,265429.0,265367.0,265367.0,0.001535
1786147800,265367.0,265368.0,265367.0,265367.0,0.00408
1786148100,265368.0,265368.0,265290.0,265290.0,0.008999
1786148400,265290.0,265290.0,265290.0,265290.0,0.007747
1786148700,265290.0,265290.0,265289.0,265290.0,0.189667
1786149000,265290.0,265290.0,265289.0,265290.0,0.015148
1786149300,265289.0,265290.0,265289.0,265290.0,0.001948
1786149600,265289.0,265290.0,265289.0,265290.0,0.002161
1786149900,265290.0,265290.0,265290.0,265290.0,0.000566
1786150200,265290.0,265331.0,265290.0,265331.0,0.002619
1786150500,265330.0,265331.0,265330.0,265331.0,0.009514
1786150800,265349.0,265349.0,265348.0,265349.0,0.006071
1786151100,265349.0,265349.0,265349.0,265349.0,0.019282
1786151400,265349.0,265514.0,265349.0,265514.0,0.034888
1786151700,265514.0,265514.0,265430.0,265462.0,0.004445
1786152000,265462.0,265462.0,265408.0,265408.0,0.010481
1786152300,265407.0,265408.0,265407.0,265408.0,0.003104
1786152600,265408.0,265408.0,265407.0,265407.0,0.004081
1786152900,265408.0,265408.0,265408.0,265408.0,0.005081
1786153200,265408.0,265408.0,265408.0,265408.0,0.000529
1786153500,265408.0,265408.0,265386.0,265386.0,0.006918
1786153800,265386.0,265386.0,265385.0,265385.0,0.000622
1786154100,265386.0,265386.0,265386.0,265386.0,0.000305
1786154400,265386.0,265386.0,265350.0,265350.0,0.081683
1786154700,265350.0,265350.0,265349.0,265350.0,0.099116
1786155000,265350.0,265350.0,265349.0,265350.0,0.007902
1786155300,265350.0,265350.0,265349.0,265349.0,0.006912
1786155600,265350.0,265350.0,265349.0,265349.0,0.001597
1786155900,265350.0,265407.0,265349.0,265407.0,0.228105
1786156200,265407.0,265530.0,265407.0,265530.0,0.009614
1786156500,265382.0,265382.0,265382.0,265382.0,0.004935
1786156800,265382.0,265382.0,265382.0,265382.0,0.001577
1786157100,265381.0,265382.0,265381.0,265382.0,0.0085
1786157400,265382.0,265382.0,265381.0,265382.0,0.017387
1786157700,265382.0,265405.0,265382.0,265405.0,0.060963
1786158000,265406.0,265406.0,265406.0,265406.0,0.002943
1786158300,265406.0,265406.0,265405.0,265405.0,0.002834
1786158600,265405.0,265454.0,265405.0,265451.0,0.114356
1786158900,265536.0,265599.0,265536.0,265599.0,0.026971
1786159200,265599.0,265599.0,265598.0,265598.0,0.003397
1786159500,265599.0,265599.0,265598.0,265598.0,0.003644
1786159800,265599.0,265599.0,265598.0,265598.0,0.009225
1786160100,265598.0,265599.0,265598.0,265598.0,0.002085
1786160400,265599.0,265599.0,265598.0,265599.0,0.004536
1786160700,265599.0,265600.0,265599.0,265600.0,0.057504
1786161000,265599.0,265629.0,265599.0,265629.0,0.047733
1786161300,265629.0,265680.0,265629.0,265680.0,0.230067
1786161600,265700.0,265700.0,265700.0,265700.0,0.002045
1786161900,265686.0,265686.0,265627.0,265627.0,0.143271
1786162200,265627.0,265627.0,265626.0,265627.0,0.018508
1786162500,265627.0,265627.0,265626.0,265627.0,0.008839
1786162800,265627.0,265627.0,265626.0,265627.0,0.192883
1786163100,265627.0,265627.0,265626.0,265627.0,0.023422
1786163400,265626.0,265627.0,265626.0,265627.0,0.002175
1786163700,265627.0,265627.0,265627.0,265627.0,0.003896
1786164000,265717.0,265749.0,265717.0,265749.0,0.012969
1786164300,265749.0,265749.0,265749.0,265749.0,0.004666
1786164600,265748.0,265749.0,265748.0,265748.0,0.023011
1786164900,265748.0,265749.0,265748.0,265749.0,0.011003
1786165200,265749.0,265749.0,265748.0,265749.0,0.392115
1786165500,265749.0,265749.0,265748.0,265748.0,0.004367
1786165800,265749.0,265749.0,265748.0,265749.0,0.010896
1786166100,265749.0,265749.0,265748.0,265749.0,0.031934
1786166400,265749.0,265749.0,265748.0,265749.0,0.011745
1786166700,265749.0,265749.0,265748.0,265749.0,0.005974
1786167000,265749.0,265749.0,265749.0,265749.0,0.002041
1786167300,265749.0,265749.0,265748.0,265749.0,0.004828
1786167600,265749.0,265749.0,265749.0,265749.0,0.023503
1786167900,265750.0,265796.0,265750.0,265796.0,0.006281
1786168200,265795.0,265795.0,265723.0,265723.0,0.022251
1786168500,265723.0,265723.0,265723.0,265723.0,0.004748
1786168800,265795.0,265795.0,265795.0,265795.0,0.000112
1786169100,265732.0,265732.0,265731.0,265732.0,0.002382
1786169400,265732.0,265795.0,265732.0,265783.0,0.006545
1786169700,265799.0,265799.0,265761.0,265762.0,0.010716
1786170000,265776.0,265776.0,265775.0,265775.0,0.003494
1786170300,265775.0,265775.0,265775.0,265775.0,0.037596
1786170600,265836.0,265836.0,265787.0,265787.0,0.007645
1786170900,265788.0,265788.0,265788.0,265788.0,0.000273
1786171200,265826.0,265830.0,265826.0,265830.0,0.003171
1786171500,265830.0,265830.0,265829.0,265830.0,0.014054
1786171800,265839.0,265840.0,265839.0,265840.0,0.039181
1786172100,265985.0,265990.0,265985.0,265990.0,0.013326
1786172400,265923.0,265923.0,265923.0,265923.0,0.001895
1786172700,265924.0,265991.0,265924.0,265991.0,0.001909
1786173000,265991.0,265992.0,265991.0,265992.0,0.000764
1786173300,265992.0,265992.0,265991.0,265992.0,0.00121
1786173600,265992.0,265993.0,265992.0,265993.0,0.027647
1786173900,265993.0,265993.0,265993.0,265993.0,0.011119
1786174200,265993.0,265993.0,265993.0,265993.0,0.001968
1786174500,265993.0,265993.0,265993.0,265993.0,0.005262
1786174800,265857.0,265858.0,265857.0,265858.0,0.00416
1786175100,265858.0,265858.0,265857.0,265858.0,0.139511
1786175400,265858.0,265858.0,265857.0,265857.0,0.003894
1786175700,265858.0,265858.0,265858.0,265858.0,0.015582
1786176000,265858.0,265858.0,265858.0,265858.0,0.004217
1786176300,265858.0,265858.0,265857.0,265858.0,0.013114
1786176600,265858.0,265898.0,265858.0,265898.0,0.078651
1786176900,265932.0,265965.0,265932.0,265965.0,0.024488
1786177200,265965.0,265984.0,265965.0,265984.0,0.007127
1786177500,265985.0,265985.0,265984.0,265985.0,0.01251
1786177800,265985.0,265985.0,265984.0,265985.0,0.022272
1786178100,265985.0,265999.0,265985.0,265999.0,0.001884
1786178400,265999.0,266000.0,265999.0,266000.0,0.018294
1786178700,266000.0,266000.0,266000.0,266000.0,0.002647
1786179000,266000.0,266000.0,265999.0,266000.0,0.028141
1786179300,266000.0,266000.0,266000.0,266000.0,0.000229
1786179600,266000.0,266000.0,266000.0,266000.0,0.001314
1786179900,266000.0,266000.0,265999.0,265999.0,0.001935
1786180200,266000.0,266000.0,265999.0,265999.0,0.018702
1786180500,266000.0,266000.0,265999.0,266000.0,0.010989
1786180800,265999.0,266000.0,265999.0,266000.0,0.068596
1786181100,266000.0,266000.0,266000.0,266000.0,0.007371
1786181400,266196.0,266196.0,266051.0,266051.0,0.004306
1786181700,266051.0,266052.0,266051.0,266052.0,0.009405
1786182000,266052.0,266052.0,266051.0,266052.0,0.002949
1786182300,266052.0,266052.0,266051.0,266052.0,0.005519
1786182600,266052.0,266052.0,266052.0,266052.0,0.006719
1786182900,266052.0,266052.0,266052.0,266052.0,0.006677
1786183200,266051.0,266052.0,266051.0,266051.0,0.019324
1786183500,266051.0,266052.0,266051.0,266052.0,0.044402
1786183800,266052.0,266052.0,266052.0,266052.0,0.0
1786184100,266052.0,266052.0,266051.0,266051.0,0.000804
1786184400,266052.0,266052.0,266052.0,266052.0,0.021794
1786184700,266052.0,266052.0,266051.0,266052.0,0.003696
1786185000,266052.0,266052.0,266051.0,266051.0,0.005316
1786185300,266052.0,266084.0,266052.0,266084.0,0.031061
1786185600,266085.0,266197.0,266085.0,266196.0,0.019965
1786185900,266196.0,266197.0,266196.0,266196.0,0.002361
1786186200,266196.0,266196.0,266196.0,266196.0,0.0
1786186500,266197.0,266197.0,266197.0,266197.0,0.000511
1786186800,266197.0,266197.0,266196.0,266197.0,0.003185
1786187100,266196.0,266196.0,266192.0,266192.0,0.013616
1786187400,266192.0,266193.0,266184.0,266184.0,0.008435
1786187700,266171.0,266171.0,266065.0,266066.0,0.016489
1786188000,266066.0,266066.0,266065.0,266066.0,0.004711
1786188300,266066.0,266066.0,266065.0,266066.0,0.003534
1786188600,266065.0,266066.0,266065.0,266066.0,0.013261
1786188900,266066.0,266066.0,266066.0,266066.0,0.002558
1786189200,266065.0,266066.0,266065.0,266066.0,0.001627
1786189500,266065.0,266065.0,266064.0,266065.0,0.065899
1786189800,266065.0,266065.0,266064.0,266064.0,0.011819
1786190100,266060.0,266060.0,266054.0,266054.0,0.024408
1786190400,266053.0,266054.0,266053.0,266053.0,0.012452
1786190700,266051.0,266051.0,265984.0,265984.0,0.020473
1786191000,265921.0,265922.0,265921.0,265922.0,0.00363
1786191300,265975.0,265975.0,265974.0,265974.0,0.019382
1786191600,265975.0,265975.0,265974.0,265974.0,0.034459
1786191900,265937.0,265938.0,265937.0,265938.0,0.001518
1786192200,265938.0,265960.0,265938.0,265960.0,0.004159
1786192500,265961.0,265961.0,265960.0,265961.0,0.006268
1786192800,265961.0,265961.0,265961.0,265961.0,0.004291
1786193100,265961.0,265982.0,265961.0,265982.0,0.005734
1786193400,265985.0,265985.0,265985.0,265985.0,0.00211
1786193700,265985.0,265999.0,265985.0,265999.0,0.004207
1786194000,265998.0,265999.0,265998.0,265999.0,0.004172
1786194300,265999.0,265999.0,265999.0,265999.0,0.009684
1786194600,265998.0,265999.0,265998.0,265999.0,0.002548
1786194900,265999.0,265999.0,265999.0,265999.0,0.009969
1786195200,265999.0,265999.0,265998.0,265998.0,0.025261
1786195500,265999.0,265999.0,265998.0,265998.0,0.004306
1786195800,265999.0,265999.0,265998.0,265999.0,0.002239
1786196100,265999.0,265999.0,265999.0,265999.0,0.002848
1786196400,265999.0,265999.0,265999.0,265999.0,0.008886
1786196700,265998.0,265999.0,265998.0,265999.0,0.001289
1786197000,265999.0,265999.0,265998.0,265998.0,0.062198
1786197300,265999.0,265999.0,265999.0,265999.0,0.002646
1786197600,265998.0,265999.0,265998.0,265999.0,0.002174
1786197900,265999.0,265999.0,265998.0,265999.0,0.002268
1786198200,265999.0,265999.0,265999.0,265999.0,0.003862
1786198500,265999.0,265999.0,265999.0,265999.0,0.007888
1786198800,265999.0,265999.0,265998.0,265998.0,0.002737
1786199100,265999.0,265999.0,265998.0,265999.0,0.023407
1786199400,265999.0,266255.0,265999.0,266255.0,0.260663
1786199700,266255.0,266256.0,266255.0,266256.0,0.004737
1786200000,266256.0,266256.0,266255.0,266256.0,0.009612
1786200300,266256.0,266260.0,266255.0,266260.0,0.053072
1786200600,266259.0,266355.0,266259.0,266354.0,0.10935
1786200900,266354.0,266355.0,266354.0,266354.0,0.076674
1786201200,266354.0,266355.0,266353.0,266353.0,0.012259
1786201500,266353.0,266353.0,266352.0,266353.0,0.006399
1786201800,266352.0,266353.0,266352.0,266353.0,0.004312
1786202100,266353.0,266353.0,266352.0,266352.0,0.059814
1786202400,266353.0,266353.0,266352.0,266352.0,0.011278
1786202700,266352.0,266353.0,266352.0,266353.0,0.000761
1786203000,266352.0,266353.0,266352.0,266353.0,0.008135
1786203300,266353.0,266353.0,266352.0,266353.0,0.003332
1786203600,266352.0,266353.0,266352.0,266353.0,0.01622
1786203900,266353.0,266353.0,266353.0,266353.0,0.004981
1786204200,266352.0,266353.0,266352.0,266353.0,0.021552
1786204500,266352.0,266353.0,266352.0,266353.0,0.164245
1786204800,266352.0,266353.0,266352.0,266353.0,0.001727
1786205100,266352.0,266397.0,266352.0,266397.0,0.003983
1786205400,266397.0,266397.0,266397.0,266397.0,0.001683
1786205700,266356.0,266356.0,266356.0,266356.0,0.000428
1786206000,266360.0,266399.0,266360.0,266399.0,0.10066
1786206300,266399.0,266399.0,266398.0,266398.0,0.002149
1786206600,266399.0,266399.0,266399.0,266399.0,0.00241
1786206900,266399.0,266399.0,266399.0,266399.0,0.001238
1786207200,266398.0,266398.0,266398.0,266398.0,0.001475
1786207500,266399.0,266399.0,266399.0,266399.0,0.000299
1786207800,266399.0,266400.0,266398.0,266400.0,0.189957
1786208100,266400.0,266400.0,266400.0,266400.0,0.000679
1786208400,266400.0,266400.0,266400.0,266400.0,0.001305
1786208700,266400.0,266400.0,266400.0,266400.0,0.002202
1786209000,266399.0,266399.0,266399.0,266399.0,0.006369
1786209300,266400.0,266400.0,266399.0,266399.0,0.012558
1786209600,266400.0,266400.0,266400.0,266400.0,0.000612
1786209900,266400.0,266400.0,266400.0,266400.0,0.004251
1786210200,266400.0,266400.0,266400.0,266400.0,0.001178
1786210500,266400.0,266400.0,266399.0,266399.0,0.002549
1786210800,266400.0,266400.0,266400.0,266400.0,0.001758
1786211100,266400.0,266400.0,266399.0,266400.0,0.050895
1786211400,266399.0,266450.0,266399.0,266450.0,0.056468
1786211700,266450.0,266450.0,266450.0,266450.0,0.0
1786212000,266450.0,266450.0,266450.0,266450.0,0.0
1786212300,266450.0,266450.0,266449.0,266450.0,0.004115
1786212600,266450.0,266450.0,266450.0,266450.0,0.0
1786212900,266450.0,266494.0,266450.0,266494.0,0.000379
1786213200,266494.0,266494.0,266494.0,266494.0,0.000432
1786213500,266494.0,266494.0,266494.0,266494.0,0.000385
1786213800,266494.0,266494.0,266494.0,266494.0,0.005823
1786214100,266494.0,266494.0,266493.0,266494.0,0.008801
1786214400,266493.0,266494.0,266493.0,266494.0,0.000725
1786214700,266494.0,266494.0,266494.0,266494.0,0.0
1786215000,266494.0,266494.0,266494.0,266494.0,0.000958
1786215300,266493.0,266494.0,266493.0,266494.0,0.001122
1786215600,266494.0,266494.0,266494.0,266494.0,0.0
1786215900,266494.0,266494.0,266494.0,266494.0,0.000992
1786216200,266494.0,266494.0,266494.0,266494.0,0.000769
1786216500,266493.0,266494.0,266493.0,266494.0,0.042299
1786216800,266494.0,266494.0,266494.0,266494.0,0.0
1786217100,266494.0,266494.0,266494.0,266494.0,0.000832
1786217400,266494.0,266494.0,266494.0,266494.0,0.0
1786217700,266493.0,266494.0,266493.0,266494.0,0.012307
1786218000,266494.0,266494.0,266494.0,266494.0,0.0
1786218300,266494.0,266494.0,266494.0,266494.0,0.000433
1786218600,266494.0,266494.0,266494.0,266494.0,0.0
1786218900,266494.0,266494.0,266494.0,266494.0,0.0
1786219200,266494.0,266494.0,266494.0,266494.0,0.000174
1786219500,266494.0,266495.0,266494.0,266495.0,0.023932
1786219800,266495.0,266495.0,266495.0,266495.0,0.0
1786220100,266495.0,266495.0,266495.0,266495.0,0.0
1786220400,266494.0,266494.0,266494.0,266494.0,0.000272
1786220700,266494.0,266494.0,266494.0,266494.0,0.0
1786221000,266494.0,266494.0,266494.0,266494.0,0.0
1786221300,266495.0,266495.0,266494.0,266495.0,0.002368
1786221600,266495.0,266495.0,266495.0,266495.0,0.0
1786221900,266495.0,266495.0,266495.0,266495.0,0.003665
1786222200,266495.0,266495.0,266495.0,266495.0,0.0
1786222500,266494.0,266495.0,266494.0,266495.0,0.006789
1786222800,266494.0,266494.0,266494.0,266494.0,0.000344
1786223100,266494.0,266494.0,266494.0,266494.0,0.0
1786223400,266495.0,266495.0,266495.0,266495.0,0.000158
1786223700,266495.0,266495.0,266495.0,266495.0,0.0
1786224000,266494.0,266494.0,266494.0,266494.0,0.000378
1786224300,266494.0,266494.0,266494.0,266494.0,0.0
1786224600,266494.0,266494.0,266494.0,266494.0,0.000864
1786224900,266495.0,266495.0,266495.0,266495.0,0.002293
1786225200,266495.0,266495.0,266495.0,266495.0,0.0
1786225500,266494.0,266494.0,266494.0,266494.0,0.000783
1786225800,266495.0,266495.0,266495.0,266495.0,0.000236
1786226100,266495.0,266495.0,266495.0,266495.0,0.0
1786226400,266495.0,266495.0,266495.0,266495.0,0.0
1786226700,266495.0,266495.0,266494.0,266495.0,0.024902
1786227000,266495.0,266495.0,266495.0,266495.0,0.0
1786227300,266495.0,266495.0,266495.0,266495.0,0.0001
1786227600,266495.0,266495.0,266495.0,266495.0,0.000365
1786227900,266494.0,266494.0,266494.0,266494.0,0.00113
1786228200,266495.0,266495.0,266494.0,266494.0,0.017861
1786228500,266494.0,266494.0,266494.0,266494.0,0.051372
1786228800,266494.0,266494.0,266493.0,266493.0,0.058273
1786229100,266493.0,266493.0,266493.0,266493.0,0.0
1786229400,266494.0,266494.0,266450.0,266450.0,0.030661
1786229700,266450.0,266450.0,266322.0,266328.0,0.038144
1786230000,266327.0,266328.0,266327.0,266328.0,0.004951
1786230300,266327.0,266327.0,266327.0,266327.0,0.000601
1786230600,266328.0,266328.0,266328.0,266328.0,0.001447
1786230900,266327.0,266328.0,266327.0,266328.0,0.007899
1786231200,266328.0,266328.0,266328.0,266328.0,0.004523
1786231500,266328.0,266328.0,266327.0,266328.0,0.004604
1786231800,266328.0,266328.0,266327.0,266327.0,0.006821
1786232100,266327.0,266328.0,266327.0,266328.0,0.004952
1786232400,266328.0,266328.0,266328.0,266328.0,0.001126
1786232700,266327.0,266328.0,266327.0,266328.0,0.000767
1786233000,266328.0,266328.0,266328.0,266328.0,0.000938
1786233300,266328.0,266328.0,266328.0,266328.0,0.002668
1786233600,266327.0,266328.0,266327.0,266328.0,0.005983
1786233900,266328.0,266328.0,266328.0,266328.0,0.002285
1786234200,266328.0,266328.0,266327.0,266328.0,0.002468
1786234500,266328.0,266328.0,266328.0,266328.0,0.0773
1786234800,266328.0,266328.0,266327.0,266328.0,0.004493
1786235100,266327.0,266328.0,266327.0,266328.0,0.009774
1786235400,266376.0,266376.0,266376.0,266376.0,0.00074
1786235700,266376.0,266401.0,266376.0,266400.0,0.009981
1786236000,266401.0,266401.0,266400.0,266401.0,0.017426
1786236300,266402.0,266402.0,266401.0,266401.0,0.001423
1786236600,266402.0,266402.0,266401.0,266402.0,0.003599
1786236900,266402.0,266402.0,266401.0,266401.0,0.002731
1786237200,266402.0,266402.0,266402.0,266402.0,0.000153
1786237500,266451.0,266451.0,266450.0,266450.0,0.010605
1786237800,266451.0,266451.0,266450.0,266450.0,0.001345
1786238100,266450.0,266451.0,266450.0,266451.0,0.002597
1786238400,266451.0,266451.0,266451.0,266451.0,0.001935
1786238700,266346.0,266346.0,266346.0,266346.0,0.016261
1786239000,266346.0,266346.0,266084.0,266097.0,0.115138
1786239300,266096.0,266097.0,266096.0,266097.0,0.018326
1786239600,266097.0,266097.0,266097.0,266097.0,0.00082
1786239900,266097.0,266097.0,266097.0,266097.0,0.006782
1786240200,266097.0,266097.0,266086.0,266086.0,0.002205
1786240500,266086.0,266086.0,266085.0,266085.0,0.001356
1786240800,266001.0,266001.0,266001.0,266001.0,0.00439
1786241100,266001.0,266001.0,266000.0,266000.0,0.008887
1786241400,266000.0,266001.0,266000.0,266001.0,0.011029
1786241700,266001.0,266001.0,266001.0,266001.0,0.000551
1786242000,266001.0,266001.0,266001.0,266001.0,0.000417
1786242300,266001.0,266001.0,265982.0,265982.0,0.004755
1786242600,265982.0,265982.0,265981.0,265982.0,0.03645
1786242900,265982.0,265982.0,265981.0,265981.0,0.000918
1786243200,265982.0,265982.0,265982.0,265982.0,0.017605
1786243500,265982.0,265982.0,265982.0,265982.0,0.018982
1786243800,265982.0,265982.0,265981.0,265981.0,0.009415
1786244100,265982.0,265982.0,265905.0,265906.0,0.080938
1786244400,265905.0,265905.0,265904.0,265904.0,0.012979
1786244700,265902.0,265902.0,265901.0,265901.0,0.010611
1786245000,265900.0,265901.0,265900.0,265901.0,0.00294
1786245300,265900.0,265900.0,265553.0,265553.0,0.091794
1786245600,265553.0,265553.0,265552.0,265553.0,0.071034
1786245900,265553.0,265553.0,265553.0,265553.0,0.020706
1786246200,265553.0,265553.0,265553.0,265553.0,0.019355
1786246500,265553.0,265553.0,265553.0,265553.0,0.000848
1786246800,265621.0,265621.0,265620.0,265620.0,0.020983
1786247100,265620.0,265621.0,265620.0,265621.0,0.01108
1786247400,265621.0,265621.0,265621.0,265621.0,0.004989
1786247700,265620.0,265621.0,265620.0,265621.0,0.00653
1786248000,265621.0,265621.0,265620.0,265621.0,0.005225
1786248300,265621.0,265621.0,265621.0,265621.0,0.000886
1786248600,265621.0,265621.0,265621.0,265621.0,0.003044
1786248900,265621.0,265621.0,265621.0,265621.0,0.00479
1786249200,265621.0,265621.0,265620.0,265620.0,0.009712
1786249500,265621.0,265621.0,265620.0,265620.0,0.014397
1786249800,265621.0,265621.0,265620.0,265620.0,0.002957
1786250100,265621.0,265621.0,265620.0,265621.0,0.161902
1786250400,265621.0,265621.0,265620.0,265620.0,0.004497
1786250700,265621.0,265621.0,265621.0,265621.0,0.00527
1786251000,265621.0,265621.0,265620.0,265620.0,0.003669
1786251300,265621.0,265621.0,265621.0,265621.0,0.005352
1786251600,265621.0,265621.0,265621.0,265621.0,0.00267
1786251900,265621.0,265621.0,265489.0,265489.0,0.043781
1786252200,265534.0,265534.0,265533.0,265533.0,0.006257
1786252500,265534.0,265534.0,265534.0,265534.0,0.003923
1786252800,265533.0,265534.0,265533.0,265534.0,0.044643
1786253100,265534.0,265534.0,265534.0,265534.0,0.009977
1786253400,265534.0,265534.0,265533.0,265533.0,0.004937
1786253700,265534.0,265534.0,265534.0,265534.0,0.002917
1786254000,265534.0,265534.0,265534.0,265534.0,0.007521
1786254300,265534.0,265534.0,265533.0,265533.0,0.022184
1786254600,265534.0,265534.0,265533.0,265534.0,0.02137
1786254900,265534.0,265534.0,265534.0,265534.0,0.001985
1786255200,265534.0,265534.0,265534.0,265534.0,0.0
1786255500,265534.0,265534.0,265533.0,265534.0,0.193794
1786255800,265534.0,265534.0,265533.0,265534.0,0.021932
1786256100,265534.0,265534.0,265533.0,265534.0,0.00299
1786256400,265534.0,265542.0,265534.0,265542.0,0.031008
1786256700,265542.0,265651.0,265542.0,265648.0,0.378344
1786257000,265648.0,265648.0,265647.0,265648.0,0.009499
1786257300,265648.0,265648.0,265647.0,265647.0,0.020604
1786257600,265647.0,265648.0,265647.0,265648.0,0.003041
1786257900,265648.0,265648.0,265648.0,265648.0,0.000728
1786258200,265648.0,265648.0,265647.0,265647.0,0.011725
1786258500,265647.0,265648.0,265647.0,265648.0,0.013921
1786258800,265648.0,265648.0,265648.0,265648.0,0.002432
1786259100,265648.0,265648.0,265647.0,265648.0,0.008311
1786259400,265648.0,265648.0,265647.0,265648.0,0.018878
1786259700,265648.0,265648.0,265647.0,265647.0,0.04403
1786260000,265648.0,265648.0,265648.0,265648.0,0.001937
1786260300,265648.0,265648.0,265647.0,265648.0,0.009877
1786260600,265648.0,265648.0,265647.0,265647.0,0.000963
1786260900,265648.0,265648.0,265647.0,265648.0,0.015461
1786261200,265648.0,265648.0,265648.0,265648.0,0.00695
1786261500,265648.0,265648.0,265648.0,265648.0,0.001796
1786261800,265647.0,265648.0,265647.0,265648.0,0.005253
1786262100,265616.0,265616.0,265615.0,265615.0,0.013095
1786262400,265616.0,265648.0,265615.0,265647.0,0.009288
1786262700,265648.0,265790.0,265648.0,265790.0,0.054443
1786263000,265790.0,265837.0,265790.0,265837.0,0.015174
1786263300,265837.0,265907.0,265836.0,265907.0,0.029185
1786263600,265907.0,265907.0,265906.0,265907.0,0.009542
1786263900,265887.0,265887.0,265887.0,265887.0,0.002122
1786264200,265886.0,265886.0,265852.0,265852.0,0.03021
1786264500,265849.0,265850.0,265837.0,265837.0,0.009876
1786264800,265837.0,265837.0,265836.0,265837.0,0.068199
1786265100,265836.0,265837.0,265836.0,265837.0,0.004317
1786265400,265837.0,265837.0,265837.0,265837.0,0.00412
1786265700,265837.0,265837.0,265837.0,265837.0,0.000203
1786266000,265837.0,265837.0,265836.0,265836.0,0.00211
1786266300,265837.0,265837.0,265836.0,265837.0,0.005014
1786266600,265837.0,265837.0,265836.0,265837.0,0.005675
1786266900,265837.0,265837.0,265837.0,265837.0,0.000497
1786267200,265836.0,265837.0,265815.0,265815.0,0.044705
1786267500,265814.0,265814.0,265814.0,265814.0,0.001052
1786267800,265815.0,265815.0,265814.0,265814.0,0.002547
1786268100,265814.0,265814.0,265801.0,265802.0,0.002597
1786268400,265801.0,265802.0,265801.0,265802.0,0.001125
1786268700,265802.0,265802.0,265801.0,265801.0,0.006772
1786269000,265802.0,265802.0,265801.0,265801.0,0.051476
1786269300,265802.0,265802.0,265802.0,265802.0,0.001177
1786269600,265802.0,265802.0,265801.0,265801.0,0.025267
1786269900,265802.0,265802.0,265802.0,265802.0,0.000189
1786270200,265802.0,265802.0,265801.0,265801.0,0.002587
1786270500,265803.0,265842.0,265803.0,265842.0,0.006345
1786270800,265841.0,265841.0,265841.0,265841.0,0.012949
1786271100,265841.0,265842.0,265841.0,265842.0,0.004643
1786271400,265842.0,265842.0,265842.0,265842.0,0.033796
1786271700,265843.0,265909.0,265843.0,265909.0,0.041001
1786272000,265909.0,265909.0,265908.0,265909.0,0.004418
1786272300,265909.0,265910.0,265909.0,265910.0,0.008803
1786272600,265909.0,265910.0,265909.0,265910.0,0.007535
1786272900,265910.0,266000.0,265910.0,266000.0,0.020371
1786273200,266099.0,266099.0,266098.0,266099.0,0.048023
1786273500,266099.0,266099.0,266098.0,266099.0,0.001956
1786273800,266099.0,266099.0,266098.0,266098.0,0.006717
1786274100,266099.0,266099.0,266098.0,266099.0,0.001036
1786274400,266098.0,266099.0,266098.0,266099.0,0.003979
1786274700,266098.0,266099.0,266098.0,266099.0,0.001065
1786275000,266099.0,266099.0,266099.0,266099.0,0.034687
1786275300,266099.0,266124.0,266099.0,266124.0,0.058102
1786275600,266124.0,266228.0,266123.0,266211.0,0.167391
1786275900,266211.0,266212.0,266211.0,266212.0,0.001996
1786276200,266134.0,266134.0,266133.0,266134.0,0.042068
1786276500,266133.0,266134.0,266133.0,266134.0,0.043424
1786276800,266134.0,266134.0,266134.0,266134.0,0.005532
1786277100,266134.0,266134.0,266134.0,266134.0,0.000729
1786277400,266133.0,266134.0,266133.0,266134.0,0.003926
1786277700,266134.0,266134.0,266133.0,266133.0,0.003461
1786278000,266099.0,266099.0,266098.0,266099.0,0.024809
1786278300,266098.0,266099.0,266098.0,266099.0,0.119239
1786278600,266099.0,266099.0,266099.0,266099.0,0.00233
1786278900,266099.0,266099.0,266099.0,266099.0,0.004163
1786279200,266099.0,266099.0,266098.0,266098.0,0.014595
1786279500,266098.0,266099.0,266098.0,266099.0,0.082317
1786279800,266099.0,266099.0,266099.0,266099.0,0.001088
1786280100,266098.0,266099.0,266098.0,266099.0,0.002053
1786280400,266158.0,266202.0,266158.0,266202.0,0.005097
1786280700,266239.0,266239.0,266239.0,266239.0,0.000679
1786281000,266273.0,266273.0,266272.0,266273.0,0.004348
1786281300,266273.0,266274.0,266273.0,266274.0,0.052494
1786281600,266310.0,266463.0,266310.0,266463.0,0.02374
1786281900,266463.0,266499.0,266462.0,266499.0,0.009134
1786282200,266500.0,266599.0,266499.0,266599.0,0.143443
1786282500,266599.0,266599.0,266598.0,266599.0,0.017229
1786282800,266599.0,266999.0,266599.0,266999.0,0.027516
1786283100,266999.0,266999.0,266998.0,266999.0,0.060309
1786283400,266999.0,266999.0,266998.0,266998.0,0.105006
1786283700,266999.0,266999.0,266998.0,266999.0,0.024162
1786284000,266999.0,266999.0,266871.0,266941.0,0.006217
1786284300,266941.0,266999.0,266941.0,266998.0,0.033044
1786284600,266998.0,266999.0,266998.0,266999.0,0.013988
1786284900,266999.0,266999.0,266998.0,266999.0,0.188085
1786285200,266999.0,266999.0,266999.0,266999.0,0.00965
1786285500,266987.0,266988.0,266987.0,266987.0,0.130113
1786285800,266988.0,266990.0,266987.0,266989.0,0.022066
1786286100,266989.0,266990.0,266989.0,266990.0,0.003855
1786286400,266990.0,266990.0,266832.0,266851.0,0.006962
1786286700,266980.0,266981.0,266980.0,266981.0,0.002618
1786287000,266980.0,266981.0,266980.0,266981.0,0.052894
1786287300,266981.0,266990.0,266980.0,266990.0,0.017201
1786287600,266989.0,266990.0,266989.0,266990.0,0.148422
1786287900,266989.0,266990.0,266989.0,266990.0,0.130844
1786288200,266990.0,266990.0,266989.0,266989.0,0.054492
1786288500,266989.0,266990.0,266989.0,266990.0,0.007751
1786288800,266990.0,266999.0,266990.0,266999.0,0.05326
1786289100,266999.0,266999.0,266999.0,266999.0,0.003816
1786289400,266999.0,266999.0,266998.0,266998.0,0.056959
1786289700,266998.0,266999.0,266998.0,266999.0,0.006391
1786290000,266998.0,266999.0,266998.0,266998.0,0.050577
1786290300,266998.0,266998.0,266998.0,266998.0,0.025334
1786290600,266998.0,266999.0,266998.0,266999.0,0.008879
1786290900,266998.0,266999.0,266998.0,266999.0,0.000919
1786291200,266998.0,266999.0,266998.0,266999.0,0.000364
1786291500,266998.0,267000.0,266998.0,267000.0,0.058843
1786291800,267000.0,267000.0,266998.0,266999.0,0.022968
1786292100,266998.0,266999.0,266998.0,266999.0,0.003442
1786292400,266999.0,266999.0,266999.0,266999.0,0.000307
1786292700,266998.0,266999.0,266998.0,266999.0,0.002917
1786293000,266999.0,266999.0,266998.0,266999.0,0.012442
1786293300,266998.0,266999.0,266998.0,266999.0,0.024047
1786293600,266998.0,266999.0,266998.0,266999.0,0.002691
1786293900,266999.0,266999.0,266998.0,266999.0,0.01507
1786294200,266999.0,266999.0,266998.0,266999.0,0.006463
1786294500,266998.0,266999.0,266998.0,266999.0,0.118242
1786294800,266999.0,266999.0,266999.0,266999.0,0.001007
1786295100,266998.0,266999.0,266998.0,266998.0,0.011644
1786295400,266998.0,266998.0,266998.0,266998.0,0.0
1786295700,266998.0,266999.0,266998.0,266998.0,0.001186
1786296000,266998.0,266998.0,266998.0,266998.0,0.0
1786296300,266999.0,266999.0,266999.0,266999.0,0.00269
1786296600,266999.0,266999.0,266999.0,266999.0,0.008707
1786296900,266999.0,266999.0,266998.0,266998.0,0.010634
1786297200,266999.0,266999.0,266998.0,266999.0,0.00884
1786297500,266999.0,266999.0,266999.0,266999.0,0.008417
1786297800,266999.0,266999.0,266998.0,266998.0,0.002659
1786298100,266999.0,266999.0,266998.0,266998.0,0.001102
1786298400,266998.0,266999.0,266998.0,266998.0,0.011343
1786298700,266998.0,266999.0,266998.0,266999.0,0.002608
1786299000,266998.0,266999.0,266998.0,266999.0,0.006953
1786299300,266999.0,266999.0,266998.0,266998.0,0.00749
1786299600,266999.0,266999.0,266999.0,266999.0,0.000166
1786299900,266999.0,266999.0,266999.0,266999.0,0.000541
1786300200,266999.0,266999.0,266999.0,266999.0,0.001223
1786300500,266999.0,266999.0,266999.0,266999.0,0.0
1786300800,266999.0,266999.0,266999.0,266999.0,0.000491
1786301100,266998.0,266999.0,266998.0,266999.0,0.000605
1786301400,266999.0,266999.0,266999.0,266999.0,0.001052
1786301700,266999.0,266999.0,266999.0,266999.0,0.0
1786302000,266999.0,266999.0,266999.0,266999.0,0.000375
1786302300,266999.0,266999.0,266999.0,266999.0,0.000809
1786302600,266999.0,266999.0,266999.0,266999.0,0.002989
1786302900,266999.0,266999.0,266999.0,266999.0,0.001322
1786303200,266999.0,266999.0,266999.0,266999.0,0.000366
1786303500,266999.0,266999.0,266999.0,266999.0,0.0
1786303800,266999.0,266999.0,266999.0,266999.0,0.0
1786304100,266998.0,266999.0,266998.0,266999.0,0.000659
1786304400,266999.0,266999.0,266999.0,266999.0,0.000891
1786304700,266999.0,266999.0,266999.0,266999.0,0.000408
1786305000,266999.0,266999.0,266999.0,266999.0,0.0
1786305300,266999.0,266999.0,266999.0,266999.0,0.0
1786305600,266998.0,266999.0,266998.0,266999.0,0.003593
1786305900,266999.0,266999.0,266999.0,266999.0,0.0
1786306200,266999.0,266999.0,266999.0,266999.0,0.0
1786306500,266999.0,266999.0,266999.0,266999.0,0.0
1786306800,266998.0,266998.0,266998.0,266998.0,0.000536
1786307100,266998.0,266998.0,266998.0,266998.0,0.0
1786307400,266998.0,266998.0,266998.0,266998.0,0.0
1786307700,266998.0,266998.0,266998.0,266998.0,0.0
1786308000,266998.0,266998.0,266998.0,266998.0,0.000746
1786308300,266998.0,266998.0,266998.0,266998.0,0.0
1786308600,266997.0,266997.0,266997.0,266997.0,0.000247
1786308900,266997.0,266997.0,266997.0,266997.0,0.0
1786309200,266998.0,266998.0,266998.0,266998.0,0.002016
1786309500,266997.0,266997.0,266997.0,266997.0,0.00701
1786309800,266997.0,266997.0,266997.0,266997.0,0.0
1786310100,266997.0,266997.0,266997.0,266997.0,0.0
1786310400,266997.0,266997.0,266997.0,266997.0,0.0
1786310700,266997.0,266998.0,266997.0,266998.0,0.002573
1786311000,266998.0,266998.0,266998.0,266998.0,0.000187
1786311300,266998.0,266998.0,266998.0,266998.0,0.0
1786311600,266997.0,266997.0,266997.0,266997.0,0.000208
1786311900,266998.0,266998.0,266998.0,266998.0,0.001809
1786312200,266997.0,266997.0,266997.0,266997.0,0.008588
1786312500,266998.0,266998.0,266998.0,266998.0,0.000116
1786312800,266998.0,266998.0,266998.0,266998.0,0.0
1786313100,266997.0,266998.0,266997.0,266998.0,0.020742
1786313400,266998.0,267404.0,266998.0,267404.0,0.556073
1786313700,267447.0,267499.0,267335.0,267335.0,0.00265
1786314000,267345.0,267345.0,267295.0,267295.0,0.033351
1786314300,267124.0,267124.0,267124.0,267124.0,0.019088
1786314600,267123.0,267124.0,266888.0,266888.0,0.082056
1786314900,266742.0,266742.0,266637.0,266637.0,0.035936
1786315200,266547.0,266547.0,266547.0,266547.0,0.000968
1786315500,266548.0,266548.0,266547.0,266547.0,0.005146
1786315800,266546.0,266546.0,266405.0,266406.0,0.030218
1786316100,266497.0,266497.0,266497.0,266497.0,0.001615
1786316400,266451.0,266451.0,266403.0,266403.0,0.011743
1786316700,266461.0,266567.0,266400.0,266400.0,0.029296
1786317000,266272.0,266352.0,266272.0,266352.0,0.05404
1786317300,266295.0,266296.0,266295.0,266296.0,0.01293
1786317600,266295.0,266295.0,266103.0,266103.0,0.007452
1786317900,266103.0,266104.0,266103.0,266104.0,0.000516
1786318200,266103.0,266103.0,266102.0,266102.0,0.045201
1786318500,266102.0,266102.0,266102.0,266102.0,0.0
1786318800,266100.0,266100.0,266001.0,266001.0,0.005185
1786319100,266001.0,266002.0,266001.0,266002.0,0.000557
1786319400,266002.0,266002.0,266001.0,266002.0,0.001504
1786319700,266001.0,266001.0,266000.0,266000.0,0.002464
1786320000,266000.0,266001.0,265895.0,265895.0,0.129775
1786320300,265894.0,265894.0,265894.0,265894.0,0.000647
1786320600,266227.0,267059.0,266227.0,266697.0,0.195274
1786320900,266576.0,266749.0,266576.0,266590.0,0.041539
1786321200,266528.0,266528.0,266251.0,266251.0,0.00643
1786321500,266250.0,266250.0,266044.0,266044.0,0.051507
1786321800,266044.0,266045.0,266043.0,266045.0,0.024579
1786322100,266045.0,266045.0,266009.0,266010.0,0.017862
1786322400,265972.0,265972.0,265831.0,265831.0,0.033007
1786322700,265831.0,265831.0,265831.0,265831.0,0.000451
1786323000,265830.0,265911.0,265830.0,265868.0,0.023709
1786323300,265883.0,265924.0,265830.0,265832.0,0.084436
1786323600,265831.0,265952.0,265831.0,265951.0,0.010983
1786323900,265905.0,265911.0,265800.0,265911.0,0.11829
1786324200,265848.0,265862.0,265848.0,265861.0,0.00927
1786324500,265861.0,265861.0,265861.0,265861.0,0.057986
1786324800,265861.0,265988.0,265861.0,265988.0,0.055419
1786325100,265996.0,266012.0,265996.0,266012.0,0.047642
1786325400,266011.0,266011.0,265871.0,265874.0,0.02722
1786325700,265865.0,265865.0,265625.0,265628.0,0.093819
1786326000,265618.0,265761.0,265617.0,265617.0,0.035035
1786326300,265618.0,266000.0,265618.0,266000.0,0.024977
1786326600,266046.0,266792.0,266046.0,266791.0,0.234743
1786326900,266791.0,266791.0,266504.0,266507.0,0.063794
1786327200,266507.0,266507.0,266206.0,266289.0,0.008716
1786327500,266261.0,266261.0,266118.0,266118.0,0.072428
1786327800,266118.0,266180.0,266118.0,266178.0,0.04049
1786328100,266178.0,266179.0,265805.0,265805.0,0.103704
1786328400,265805.0,265805.0,265611.0,265612.0,0.197499
1786328700,265533.0,265614.0,265532.0,265614.0,0.010265
1786329000,265614.0,265614.0,265613.0,265613.0,0.011269
1786329300,265614.0,265664.0,265613.0,265655.0,0.010313
1786329600,265654.0,266260.0,265654.0,266260.0,0.016708
1786329900,266259.0,266260.0,266259.0,266259.0,0.046444
1786330200,266260.0,266260.0,266259.0,266259.0,0.001825
1786330500,266259.0,266259.0,266173.0,266173.0,0.009384
1786330800,266172.0,266173.0,266162.0,266162.0,0.013907
1786331100,265922.0,265922.0,265921.0,265921.0,0.018947
1786331400,265921.0,265922.0,265901.0,265902.0,0.023075
1786331700,265900.0,265900.0,265556.0,265816.0,0.060808
1786332000,265816.0,265817.0,265816.0,265817.0,0.010966
1786332300,265889.0,265922.0,265889.0,265922.0,0.052978
1786332600,265921.0,265922.0,265921.0,265921.0,0.011671
1786332900,265921.0,265921.0,265824.0,265824.0,0.053136
1786333200,265823.0,265823.0,265823.0,265823.0,0.00941
1786333500,265824.0,265824.0,265823.0,265823.0,0.003883
1786333800,265824.0,265824.0,265821.0,265821.0,0.023149
1786334100,265821.0,265822.0,265821.0,265822.0,0.002636
1786334400,265821.0,265822.0,265821.0,265822.0,0.006272
1786334700,265821.0,265821.0,265713.0,265714.0,0.068119
1786335000,265714.0,265714.0,265714.0,265714.0,0.001519
1786335300,265714.0,265714.0,265713.0,265713.0,0.056729
1786335600,265713.0,265762.0,265713.0,265717.0,0.066998
1786335900,265717.0,265717.0,265697.0,265697.0,0.005207
1786336200,265697.0,265697.0,265693.0,265693.0,0.004698
1786336500,265694.0,265694.0,265693.0,265694.0,0.017165
1786336800,265693.0,265693.0,265534.0,265534.0,0.011352
1786337100,265533.0,265648.0,265533.0,265559.0,0.142611
1786337400,265529.0,265529.0,265528.0,265529.0,0.005643
1786337700,265529.0,265596.0,265529.0,265595.0,0.011261
1786338000,265594.0,265595.0,265594.0,265595.0,0.00123
1786338300,265594.0,265595.0,265594.0,265594.0,0.010202
1786338600,265595.0,265595.0,265500.0,265501.0,0.006639
1786338900,265500.0,265501.0,265500.0,265501.0,0.003865
1786339200,265500.0,265573.0,265500.0,265554.0,0.195137
1786339500,265556.0,265556.0,265555.0,265556.0,0.016321
1786339800,265556.0,265556.0,265555.0,265555.0,0.012246
1786340100,265556.0,265557.0,265555.0,265557.0,0.029169
1786340400,265556.0,265557.0,265556.0,265556.0,0.015977
1786340700,265557.0,265557.0,265557.0,265557.0,0.003829
1786341000,265557.0,265716.0,265556.0,265716.0,0.01003
1786341300,265717.0,265760.0,265717.0,265760.0,0.003774
1786341600,265760.0,265888.0,265760.0,265888.0,0.108517
1786341900,265889.0,265922.0,265888.0,265922.0,0.025048
1786342200,265922.0,265922.0,265921.0,265922.0,0.018125
1786342500,265921.0,265922.0,265921.0,265922.0,0.005176
1786342800,265922.0,265922.0,265921.0,265921.0,0.013806
1786343100,265922.0,265922.0,265922.0,265922.0,0.000503
1786343400,265922.0,265922.0,265921.0,265922.0,0.02702
1786343700,265921.0,265962.0,265921.0,265960.0,0.200609
1786344000,265960.0,266109.0,265960.0,266109.0,0.018464
1786344300,266109.0,266144.0,266109.0,266144.0,0.002198
1786344600,266143.0,266161.0,266143.0,266160.0,0.010048
1786344900,266161.0,266250.0,266161.0,266250.0,0.011539
1786345200,266250.0,266251.0,266249.0,266251.0,0.061841
1786345500,266259.0,266259.0,266258.0,266259.0,0.085834
1786345800,266258.0,266259.0,266258.0,266259.0,0.001425
1786346100,266259.0,266259.0,266258.0,266259.0,0.001978
1786346400,266259.0,266260.0,266258.0,266260.0,0.011822
1786346700,266260.0,266260.0,266260.0,266260.0,0.00073
1786347000,266259.0,266260.0,266259.0,266260.0,0.002203
1786347300,266259.0,266448.0,266259.0,266448.0,0.023771
1786347600,266448.0,266448.0,266447.0,266448.0,0.114449
1786347900,266448.0,266448.0,266447.0,266447.0,0.012406
1786348200,266448.0,266448.0,266447.0,266447.0,0.030347
1786348500,266448.0,266448.0,266447.0,266448.0,0.02966
1786348800,266447.0,266448.0,266447.0,266447.0,0.009493
1786349100,266448.0,266448.0,266447.0,266447.0,0.019102
1786349400,266447.0,266448.0,266447.0,266448.0,0.007438
1786349700,266448.0,266448.0,266447.0,266448.0,0.004665
1786350000,266447.0,266448.0,266447.0,266448.0,0.062788
1786350300,266447.0,266448.0,266447.0,266448.0,0.003674
1786350600,266447.0,266448.0,266447.0,266448.0,0.001668
1786350900,266448.0,266448.0,266447.0,266448.0,0.008955
1786351200,266448.0,266448.0,266447.0,266447.0,0.007717
1786351500,266448.0,266448.0,266387.0,266387.0,0.381323
1786351800,266387.0,266388.0,266387.0,266388.0,0.008265
1786352100,266387.0,266388.0,266387.0,266388.0,0.013493
1786352400,266387.0,266388.0,266387.0,266387.0,0.003755
1786352700,266388.0,266388.0,266387.0,266387.0,0.017785
1786353000,266387.0,266388.0,266387.0,266388.0,0.014875
1786353300,266388.0,266388.0,266387.0,266387.0,0.005994
1786353600,266387.0,266387.0,266295.0,266296.0,0.105391
1786353900,266296.0,266297.0,266281.0,266282.0,0.012263
1786354200,266280.0,266280.0,266259.0,266259.0,0.037538
1786354500,266260.0,266260.0,266259.0,266260.0,0.01024
1786354800,266259.0,266260.0,266259.0,266259.0,0.017033
1786355100,266259.0,266259.0,266001.0,266001.0,0.129269
1786355400,266001.0,266001.0,265966.0,265967.0,0.014157
1786355700,265966.0,265967.0,265966.0,265966.0,0.009888
1786356000,265966.0,265966.0,265965.0,265965.0,0.00178
1786356300,265965.0,265965.0,265965.0,265965.0,0.0
1786356600,265857.0,265878.0,265856.0,265878.0,0.008975
1786356900,265878.0,265878.0,265877.0,265878.0,0.058399
1786357200,265877.0,265878.0,265877.0,265877.0,0.010143
1786357500,265878.0,265878.0,265877.0,265878.0,0.07684
1786357800,265877.0,265963.0,265877.0,265963.0,0.006504
1786358100,265963.0,265963.0,265962.0,265962.0,0.015111
1786358400,265963.0,265963.0,265962.0,265962.0,0.004464
1786358700,265963.0,265963.0,265963.0,265963.0,0.006976
1786359000,265963.0,265963.0,265963.0,265963.0,0.002349
1786359300,265962.0,265963.0,265962.0,265962.0,0.00527
1786359600,265962.0,265963.0,265962.0,265963.0,0.006489
1786359900,265962.0,265963.0,265962.0,265963.0,0.031015
1786360200,265963.0,265963.0,265963.0,265963.0,0.0
1786360500,265963.0,265963.0,265962.0,265963.0,0.014908
1786360800,265963.0,265963.0,265962.0,265962.0,0.015686
1786361100,265963.0,265963.0,265963.0,265963.0,0.000336
1786361400,265963.0,265963.0,265963.0,265963.0,0.000306
1786361700,265963.0,265998.0,265962.0,265998.0,0.011105
1786362000,265998.0,265998.0,265997.0,265998.0,0.004473
1786362300,265998.0,265998.0,265998.0,265998.0,0.001177
1786362600,265997.0,265999.0,265997.0,265999.0,0.027604
1786362900,265999.0,265999.0,265999.0,265999.0,0.000751
1786363200,265999.0,266496.0,265999.0,266496.0,0.039961
1786363500,266497.0,266497.0,266496.0,266496.0,0.003202
1786363800,266497.0,266497.0,266497.0,266497.0,0.022687
1786364100,266497.0,266497.0,266120.0,266124.0,0.034514
1786364400,266125.0,266125.0,266124.0,266124.0,0.079748
1786364700,266100.0,266100.0,266015.0,266016.0,0.061958
1786365000,266015.0,266016.0,266015.0,266016.0,0.004668
1786365300,266016.0,266016.0,265800.0,265800.0,0.011983
1786365600,265801.0,265801.0,265801.0,265801.0,0.011895
1786365900,265801.0,265801.0,265800.0,265801.0,0.007391
1786366200,265801.0,265801.0,265315.0,265399.0,0.116229
1786366500,265399.0,265400.0,265399.0,265400.0,0.00379
1786366800,265400.0,265400.0,265288.0,265288.0,0.068305
1786367100,265289.0,265289.0,265289.0,265289.0,0.022409
1786367400,265288.0,265289.0,265288.0,265289.0,0.003909
1786367700,265289.0,265371.0,265289.0,265371.0,0.06769
1786368000,265371.0,265371.0,265370.0,265371.0,0.002906
1786368300,265371.0,265371.0,265370.0,265371.0,0.005442
1786368600,265371.0,265371.0,265000.0,265000.0,0.060519
1786368900,265000.0,265001.0,264773.0,264900.0,0.063847
1786369200,264900.0,264900.0,264723.0,264723.0,0.018234
1786369500,264723.0,264723.0,264686.0,264686.0,0.010433
1786369800,264551.0,264552.0,264502.0,264502.0,0.204034
1786370100,264503.0,264503.0,264376.0,264376.0,0.1734
1786370400,264376.0,264597.0,264376.0,264592.0,0.034343
1786370700,264692.0,264722.0,264692.0,264721.0,0.038164
1786371000,264721.0,264721.0,264720.0,264721.0,0.046794
1786371300,264721.0,264722.0,264721.0,264722.0,0.013569
1786371600,264722.0,264722.0,264722.0,264722.0,0.00788
1786371900,264722.0,265051.0,264722.0,265050.0,0.035711
1786372200,265051.0,265157.0,265051.0,265157.0,0.026059
1786372500,265200.0,265200.0,265199.0,265200.0,0.083514
1786372800,265199.0,265200.0,265199.0,265200.0,0.131938
1786373100,265200.0,265200.0,265095.0,265095.0,0.005849
1786373400,265119.0,265119.0,265118.0,265118.0,0.011498
1786373700,265012.0,265012.0,265011.0,265012.0,0.008619
1786374000,265012.0,265012.0,265011.0,265012.0,0.026632
1786374300,265012.0,265012.0,265004.0,265004.0,0.023755
1786374600,265002.0,265002.0,264767.0,264767.0,0.05253
1786374900,264767.0,264767.0,264693.0,264693.0,0.009139
1786375200,264694.0,264694.0,264307.0,264308.0,0.054036
1786375500,264307.0,264307.0,263724.0,263725.0,0.141963
1786375800,263724.0,263740.0,263724.0,263740.0,0.272804
1786376100,263740.0,263740.0,263725.0,263726.0,0.024221
1786376400,263725.0,263726.0,263702.0,263703.0,0.033544
1786376700,263703.0,263703.0,262502.0,263282.0,0.495432
1786377000,263185.0,263217.0,263184.0,263216.0,0.110008
1786377300,263216.0,263217.0,263216.0,263217.0,0.032371
1786377600,263217.0,263352.0,263217.0,263352.0,0.0109
1786377900,263352.0,263564.0,263352.0,263564.0,0.005333
1786378200,263564.0,263564.0,263360.0,263360.0,0.010004
1786378500,263360.0,263360.0,262736.0,262736.0,0.162526
1786378800,262754.0,262754.0,262502.0,262502.0,0.056045
1786379100,262503.0,262674.0,262503.0,262674.0,0.02464
1786379400,262674.0,262674.0,262673.0,262674.0,0.039099
1786379700,262674.0,262674.0,262674.0,262674.0,0.002498
1786380000,262674.0,262757.0,262500.0,262500.0,0.033823
1786380300,262500.0,262501.0,262189.0,262189.0,0.063878
1786380600,262189.0,262189.0,262188.0,262188.0,0.025889
1786380900,262150.0,262150.0,262046.0,262046.0,0.079129
1786381200,262047.0,262047.0,262046.0,262046.0,0.034143
1786381500,262046.0,262046.0,262045.0,262046.0,0.006661
1786381800,262046.0,262046.0,262046.0,262046.0,0.008776
1786382100,262046.0,262046.0,262045.0,262046.0,0.015748
1786382400,262046.0,262046.0,262046.0,262046.0,0.000559
1786382700,262045.0,262046.0,262045.0,262046.0,0.002349
1786383000,262046.0,262046.0,262008.0,262009.0,0.025407
1786383300,262009.0,262009.0,262009.0,262009.0,0.000414
1786383600,262009.0,262009.0,262009.0,262009.0,0.0
1786383900,262009.0,262009.0,262008.0,262008.0,0.002456
1786384200,262009.0,262009.0,262009.0,262009.0,0.004612
1786384500,262009.0,262009.0,262009.0,262009.0,0.081595
1786384800,262008.0,262008.0,262008.0,262008.0,0.047162
1786385100,262009.0,262009.0,262009.0,262009.0,0.082947
1786385400,262152.0,262152.0,262152.0,262152.0,0.116247
1786385700,262151.0,262151.0,262151.0,262151.0,0.007038
1786386000,262152.0,262152.0,262151.0,262151.0,0.001199
1786386300,262152.0,262152.0,262152.0,262152.0,0.000168
1786386600,262151.0,262151.0,262151.0,262151.0,0.002024
1786386900,262151.0,262151.0,262078.0,262078.0,0.122277
1786387200,262078.0,262079.0,262078.0,262079.0,0.001324
1786387500,262079.0,262079.0,262079.0,262079.0,0.0
1786387800,262079.0,262079.0,262079.0,262079.0,0.00125
1786388100,262079.0,262079.0,262079.0,262079.0,0.00481
1786388400,262079.0,262079.0,262079.0,262079.0,0.0
1786388700,262079.0,262079.0,262079.0,262079.0,0.0
1786389000,262079.0,262079.0,262079.0,262079.0,0.000782
1786389300,262079.0,262079.0,262079.0,262079.0,0.0
1786389600,262079.0,262079.0,262079.0,262079.0,0.118184
1786389900,262079.0,262079.0,262079.0,262079.0,0.000172
1786390200,262079.0,262310.0,262079.0,262310.0,0.064728
1786390500,262310.0,262310.0,262310.0,262310.0,0.000381
1786390800,262310.0,262310.0,262310.0,262310.0,0.010342
1786391100,262310.0,262310.0,262310.0,262310.0,0.003812
1786391400,262310.0,262310.0,262310.0,262310.0,0.016089
1786391700,262309.0,262309.0,262309.0,262309.0,0.001565
1786392000,262310.0,262326.0,262309.0,262326.0,0.013089
1786392300,262442.0,262442.0,262442.0,262442.0,0.003894
1786392600,262441.0,262441.0,262441.0,262441.0,0.049367
1786392900,262441.0,262441.0,262441.0,262441.0,0.0
1786393200,262442.0,262442.0,262441.0,262441.0,0.012336
1786393500,262442.0,262491.0,262442.0,262491.0,0.011818
1786393800,262491.0,262491.0,262491.0,262491.0,0.0
1786394100,262491.0,262491.0,262491.0,262491.0,0.0
1786394400,262531.0,262536.0,262531.0,262536.0,0.004288
1786394700,262536.0,262536.0,262536.0,262536.0,0.0
1786395000,262639.0,262639.0,262639.0,262639.0,0.000342
1786395300,262638.0,262664.0,262638.0,262664.0,0.019208
1786395600,262768.0,262768.0,262768.0,262768.0,0.000409
1786395900,262767.0,262768.0,262767.0,262768.0,0.002153
1786396200,262768.0,262768.0,262768.0,262768.0,0.0
1786396500,262767.0,262767.0,262502.0,262540.0,0.013695
1786396800,262541.0,262541.0,262541.0,262541.0,0.001332
1786397100,262540.0,262541.0,262540.0,262541.0,0.00604
1786397400,262540.0,262541.0,262540.0,262541.0,0.00175
1786397700,262540.0,262540.0,262540.0,262540.0,0.001186
1786398000,262540.0,262540.0,262540.0,262540.0,0.0
1786398300,262540.0,262540.0,262413.0,262413.0,0.000961
1786398600,262413.0,262413.0,262413.0,262413.0,0.015078
1786398900,262413.0,262413.0,262413.0,262413.0,0.004038
1786399200,262401.0,262401.0,262401.0,262401.0,0.000197
1786399500,262401.0,262401.0,262401.0,262401.0,0.056764
1786399800,262401.0,262401.0,262400.0,262400.0,0.001906
1786400100,262401.0,262401.0,262401.0,262401.0,0.000606
1786400400,262401.0,262401.0,262401.0,262401.0,0.000373
1786400700,262400.0,262400.0,262400.0,262400.0,0.000371
1786401000,262401.0,262401.0,262399.0,262400.0,0.006271
1786401300,262334.0,262335.0,262333.0,262334.0,0.002068
1786401600,262334.0,262334.0,262333.0,262334.0,0.019513
1786401900,262333.0,262334.0,262333.0,262334.0,0.000814
1786402200,262333.0,262334.0,262333.0,262334.0,0.008311
1786402500,262334.0,262334.0,262333.0,262334.0,0.014874
1786402800,262333.0,262334.0,262333.0,262334.0,0.008736
1786403100,262334.0,262334.0,262333.0,262333.0,0.002391
1786403400,262334.0,262334.0,262333.0,262333.0,0.005696
1786403700,262333.0,262333.0,262331.0,262331.0,0.01606
1786404000,262332.0,262332.0,262330.0,262330.0,0.019049
1786404300,262331.0,262331.0,262330.0,262331.0,0.004859
1786404600,262330.0,262331.0,262330.0,262330.0,0.014774
1786404900,262331.0,262331.0,262330.0,262331.0,0.016123
1786405200,262331.0,262331.0,262330.0,262331.0,0.008736
1786405500,262331.0,262331.0,262330.0,262331.0,0.010975
1786405800,262331.0,262331.0,262331.0,262331.0,0.003426
1786406100,262331.0,262331.0,262331.0,262331.0,0.001619
1786406400,262330.0,262331.0,262330.0,262331.0,0.019811
1786406700,262330.0,262331.0,262330.0,262330.0,0.006358
1786407000,262331.0,262331.0,262330.0,262330.0,0.006233
1786407300,262331.0,262331.0,262330.0,262330.0,0.005211
1786407600,262330.0,262331.0,262330.0,262331.0,0.012742
1786407900,262331.0,262331.0,262330.0,262331.0,0.022961
1786408200,262331.0,262331.0,262330.0,262331.0,0.072874
1786408500,262331.0,262331.0,262330.0,262331.0,0.147463
1786408800,262331.0,262331.0,262330.0,262331.0,0.022677
1786409100,262330.0,262331.0,262330.0,262330.0,0.013123
1786409400,262331.0,262331.0,262330.0,262331.0,0.019555
1786409700,262331.0,262331.0,262331.0,262331.0,0.007532
1786410000,262331.0,262331.0,262330.0,262331.0,0.040486
1786410300,262331.0,262331.0,262330.0,262331.0,0.027659
1786410600,262331.0,262331.0,262330.0,262330.0,0.031561
1786410900,262331.0,262331.0,262330.0,262331.0,0.053772
1786411200,262331.0,262331.0,262330.0,262331.0,0.008372
1786411500,262331.0,262331.0,262330.0,262331.0,0.024604
1786411800,262331.0,262331.0,262330.0,262331.0,0.241914
1786412100,262330.0,262331.0,262330.0,262331.0,0.022659
1786412400,262330.0,262330.0,262125.0,262125.0,0.021282
1786412700,262124.0,262125.0,262124.0,262125.0,0.05962
1786413000,262125.0,262125.0,262124.0,262125.0,0.059383
1786413300,262125.0,262125.0,262124.0,262125.0,0.017173
1786413600,262124.0,262125.0,262124.0,262125.0,0.173689
1786413900,262124.0,262125.0,262124.0,262125.0,0.051816
1786414200,262125.0,262125.0,262125.0,262125.0,0.007226
1786414500,262124.0,262125.0,262124.0,262124.0,0.010127
1786414800,262125.0,262126.0,262125.0,262126.0,0.091493
1786415100,262126.0,262126.0,262126.0,262126.0,0.00154
1786415400,262126.0,262126.0,262125.0,262126.0,0.022212
1786415700,262125.0,262125.0,262125.0,262125.0,0.046882
1786416000,262125.0,262125.0,262124.0,262125.0,0.018087
1786416300,262124.0,262125.0,262111.0,262111.0,0.107234
1786416600,262111.0,262111.0,262110.0,262111.0,0.020356
1786416900,262110.0,262111.0,262110.0,262110.0,0.017581
1786417200,262111.0,262111.0,262111.0,262111.0,0.017457
1786417500,262114.0,262114.0,262110.0,262113.0,0.040269
1786417800,262113.0,262113.0,262112.0,262113.0,0.009497
1786418100,262113.0,262125.0,262113.0,262125.0,0.028618
1786418400,262125.0,262618.0,262124.0,262567.0,0.193663
1786418700,262610.0,262611.0,262610.0,262610.0,0.040052
1786419000,262611.0,262611.0,262610.0,262611.0,0.003601
1786419300,262611.0,262611.0,262610.0,262610.0,0.016588
1786419600,262611.0,262611.0,262610.0,262610.0,0.108373
1786419900,262610.0,262610.0,262610.0,262610.0,0.001353
1786420200,262610.0,262611.0,262610.0,262610.0,0.0122
1786420500,262611.0,262611.0,262610.0,262611.0,0.007203
1786420800,262610.0,262611.0,262610.0,262611.0,0.00264
1786421100,262611.0,262611.0,262610.0,262610.0,0.001599
1786421400,262611.0,262611.0,262610.0,262610.0,0.005431
1786421700,262611.0,262611.0,262610.0,262611.0,0.011202
1786422000,262611.0,262611.0,262610.0,262611.0,0.057688
1786422300,262611.0,262611.0,262610.0,262610.0,0.014482
1786422600,262611.0,262611.0,262610.0,262611.0,0.005403
1786422900,262611.0,262611.0,262611.0,262611.0,0.008011
1786423200,262610.0,262611.0,262610.0,262611.0,0.015134
1786423500,262611.0,262611.0,262611.0,262611.0,0.0066
1786423800,262611.0,262611.0,262610.0,262611.0,0.005203
1786424100,262610.0,262611.0,262610.0,262611.0,0.010415
1786424400,262611.0,262611.0,262610.0,262611.0,0.080616
1786424700,262610.0,262611.0,262610.0,262611.0,0.00689
1786425000,262610.0,262611.0,262610.0,262611.0,0.009725
1786425300,262611.0,262611.0,262610.0,262610.0,0.01678
1786425600,262611.0,262611.0,262611.0,262611.0,0.010041
1786425900,262611.0,262611.0,262610.0,262611.0,0.003717
1786426200,262610.0,262610.0,262610.0,262610.0,0.00039
1786426500,262611.0,262611.0,262610.0,262611.0,0.00535
1786426800,262611.0,262611.0,262610.0,262611.0,0.006505
1786427100,262610.0,262611.0,262610.0,262610.0,0.023592
1786427400,262611.0,262611.0,262609.0,262609.0,0.042092
1786427700,262610.0,262610.0,262518.0,262519.0,0.01304
1786428000,262519.0,262519.0,262518.0,262518.0,0.015658
1786428300,262519.0,262519.0,262518.0,262518.0,0.040576
1786428600,262518.0,262519.0,262518.0,262519.0,0.010253
1786428900,262519.0,262519.0,262518.0,262519.0,0.018686
1786429200,262519.0,262519.0,262518.0,262518.0,0.007059
1786429500,262519.0,262519.0,262324.0,262324.0,0.006532
1786429800,262323.0,262323.0,262300.0,262301.0,0.02332
1786430100,262272.0,262272.0,262195.0,262196.0,0.034257
1786430400,262196.0,262269.0,262195.0,262269.0,0.583995
1786430700,262269.0,262269.0,262268.0,262269.0,0.01181
1786431000,262269.0,262269.0,262196.0,262196.0,0.086915
1786431300,262196.0,262197.0,262196.0,262197.0,0.009494
1786431600,262197.0,262197.0,262197.0,262197.0,0.018224
1786431900,262197.0,262197.0,262197.0,262197.0,0.0019
1786432200,262197.0,262197.0,262196.0,262197.0,0.063483
1786432500,262197.0,262197.0,262196.0,262196.0,0.003942
1786432800,262196.0,262197.0,262196.0,262197.0,0.016781
1786433100,262197.0,262197.0,262196.0,262197.0,0.207173
1786433400,262197.0,262197.0,262197.0,262197.0,0.004399
1786433700,262197.0,262197.0,262196.0,262197.0,0.179697
1786434000,262197.0,262197.0,262197.0,262197.0,0.003535
1786434300,262197.0,262197.0,262196.0,262197.0,0.031841
1786434600,262197.0,262197.0,262196.0,262197.0,0.446442
1786434900,262197.0,262197.0,262196.0,262197.0,0.0075
1786435200,262197.0,262197.0,262196.0,262197.0,0.017305
1786435500,262197.0,262197.0,262197.0,262197.0,0.00538
1786435800,262197.0,262197.0,262197.0,262197.0,0.005948
1786436100,262197.0,262197.0,262197.0,262197.0,0.003734
1786436400,262197.0,262197.0,262196.0,262197.0,0.011074
1786436700,262197.0,262197.0,262196.0,262197.0,0.24526
1786437000,262197.0,262197.0,262196.0,262197.0,0.018681
1786437300,262197.0,262197.0,262196.0,262197.0,0.152901
1786437600,262197.0,262197.0,262196.0,262197.0,0.018849
1786437900,262197.0,262197.0,262197.0,262197.0,0.008197
1786438200,262197.0,262197.0,262196.0,262197.0,0.008385
1786438500,262197.0,262197.0,262196.0,262197.0,0.006342
1786438800,262196.0,262197.0,262196.0,262197.0,0.020249
1786439100,262197.0,262197.0,262196.0,262197.0,0.021306
1786439400,262197.0,262197.0,262196.0,262197.0,0.014158
1786439700,262197.0,262197.0,262196.0,262197.0,0.005368
1786440000,262196.0,262197.0,262196.0,262197.0,0.073485
1786440300,262197.0,262197.0,262197.0,262197.0,0.007446
1786440600,262197.0,262499.0,262197.0,262499.0,0.338979
1786440900,262499.0,262499.0,262499.0,262499.0,0.009992
1786441200,262499.0,262500.0,262499.0,262500.0,0.001821
1786441500,262500.0,262609.0,262500.0,262609.0,0.024573
1786441800,262609.0,262610.0,262609.0,262610.0,0.005304
1786442100,262610.0,262612.0,262610.0,262612.0,0.026888
1786442400,262695.0,262857.0,262695.0,262857.0,0.00791
1786442700,262857.0,262857.0,262853.0,262853.0,0.029088
1786443000,262853.0,262853.0,262852.0,262853.0,0.043897
1786443300,262853.0,262853.0,262800.0,262800.0,0.023641
1786443600,262800.0,262801.0,262800.0,262801.0,0.041774
1786443900,262801.0,262801.0,262800.0,262800.0,0.003166
1786444200,262891.0,262956.0,262878.0,262878.0,0.00256
1786444500,262878.0,262878.0,262808.0,262808.0,0.016967
1786444800,262808.0,262839.0,262807.0,262839.0,0.010538
1786445100,262839.0,262839.0,262803.0,262804.0,0.002421
1786445400,262804.0,262804.0,262800.0,262800.0,0.002503
1786445700,262800.0,262800.0,262653.0,262653.0,0.074184
1786446000,263000.0,263039.0,263000.0,263039.0,0.004146
1786446300,263039.0,263039.0,263039.0,263039.0,0.0
1786446600,263039.0,263039.0,263039.0,263039.0,0.0
1786446900,263039.0,263039.0,263039.0,263039.0,0.0
1786447200,263039.0,263169.0,263039.0,263048.0,0.063618
1786447500,263044.0,263165.0,263040.0,263041.0,0.036125
1786447800,263113.0,263113.0,263113.0,263113.0,0.001281
1786448100,263113.0,263113.0,263112.0,263113.0,0.016371
1786448400,263115.0,263115.0,263113.0,263114.0,0.013587
1786448700,263113.0,263114.0,263113.0,263113.0,0.035589
1786449000,263114.0,263169.0,263114.0,263169.0,0.01514
1786449300,263169.0,263205.0,263169.0,263205.0,0.005416
1786449600,263206.0,263358.0,263206.0,263358.0,0.004931
1786449900,263359.0,263360.0,263358.0,263360.0,0.005163
1786450200,263360.0,263396.0,263360.0,263396.0,0.004027
1786450500,263396.0,263396.0,263395.0,263396.0,0.03954
1786450800,263396.0,263396.0,263360.0,263360.0,0.011981
1786451100,263360.0,263360.0,263360.0,263360.0,0.034474
1786451400,263359.0,263360.0,263359.0,263359.0,0.031613
1786451700,263360.0,263360.0,263358.0,263359.0,0.009235
1786452000,263358.0,263358.0,263242.0,263242.0,0.049337
1786452300,263165.0,263165.0,263148.0,263154.0,0.248281
1786452600,263153.0,263154.0,263153.0,263153.0,0.041406
1786452900,263154.0,263154.0,263154.0,263154.0,0.031162
1786453200,263154.0,263162.0,263148.0,263148.0,0.015371
1786453500,263147.0,263162.0,263147.0,263162.0,0.017694
1786453800,263161.0,263162.0,263161.0,263162.0,0.012402
1786454100,263162.0,263162.0,263161.0,263161.0,0.005483
1786454400,263102.0,263102.0,263100.0,263100.0,0.031172
1786454700,263100.0,263100.0,263000.0,263000.0,0.023512
1786455000,263001.0,263001.0,263000.0,263000.0,0.004792
1786455300,262845.0,262845.0,262296.0,262313.0,0.070626
1786455600,262580.0,262784.0,262580.0,262784.0,0.014156
1786455900,262748.0,262824.0,262556.0,262794.0,0.007206
1786456200,262793.0,262793.0,262310.0,262310.0,0.015953
1786456500,262613.0,262614.0,262613.0,262614.0,0.011154
1786456800,262614.0,262614.0,262613.0,262613.0,0.016494
1786457100,262614.0,262616.0,262613.0,262616.0,0.051422
1786457400,262616.0,262921.0,262616.0,262921.0,0.012794
1786457700,262921.0,262974.0,262729.0,262780.0,0.026951
1786458000,262669.0,262696.0,262309.0,262309.0,0.14402
1786458300,262200.0,262291.0,262200.0,262228.0,0.127324
1786458600,262196.0,262197.0,262196.0,262197.0,0.049525
1786458900,262226.0,262226.0,262196.0,262196.0,0.012349
1786459200,262197.0,262197.0,262196.0,262196.0,0.002405
1786459500,262196.0,262197.0,262196.0,262197.0,0.004508
1786459800,262196.0,262196.0,261567.0,261567.0,0.852933
1786460100,261551.0,261552.0,261551.0,261551.0,0.205302
1786460400,261550.0,261608.0,261548.0,261608.0,0.019145
1786460700,261608.0,261608.0,261607.0,261607.0,0.010095
1786461000,261608.0,261608.0,261565.0,261604.0,0.112932
1786461300,261556.0,261556.0,261555.0,261555.0,0.031696
1786461600,261555.0,261556.0,261555.0,261556.0,0.008698
1786461900,261556.0,261556.0,261553.0,261553.0,0.961318
1786462200,261553.0,261554.0,261552.0,261553.0,0.006909
1786462500,261549.0,261549.0,260800.0,260800.0,0.325707
1786462800,260800.0,260800.0,260695.0,260695.0,0.008755
1786463100,260651.0,260724.0,260650.0,260724.0,0.04544
1786463400,260724.0,260724.0,260637.0,260638.0,0.031546
1786463700,260638.0,260638.0,260544.0,260544.0,0.042618
1786464000,260544.0,260637.0,260544.0,260637.0,0.036124
1786464300,260637.0,260637.0,260636.0,260637.0,0.016804
1786464600,260637.0,260637.0,260637.0,260637.0,0.001774
1786464900,260637.0,260637.0,260637.0,260637.0,0.013134
1786465200,260637.0,260637.0,260636.0,260637.0,0.017709
1786465500,260637.0,260712.0,260637.0,260712.0,0.025573
1786465800,260711.0,260747.0,260711.0,260747.0,0.003072
1786466100,260676.0,260699.0,260604.0,260698.0,0.392962
1786466400,260696.0,260696.0,260696.0,260696.0,0.002059
1786466700,260696.0,260696.0,260690.0,260691.0,0.049022
1786467000,260691.0,260691.0,260690.0,260691.0,0.013296
1786467300,260690.0,260691.0,260690.0,260691.0,0.005061
1786467600,260691.0,260691.0,260690.0,260691.0,0.001732
1786467900,260681.0,260681.0,260680.0,260680.0,0.004739
1786468200,260681.0,260681.0,260680.0,260681.0,0.004113
1786468500,260681.0,260681.0,260614.0,260615.0,0.00293
1786468800,260614.0,260615.0,260614.0,260615.0,0.009025
1786469100,260615.0,260679.0,260615.0,260679.0,0.002633
1786469400,260766.0,260766.0,260766.0,260766.0,0.000388
1786469700,260766.0,260766.0,260766.0,260766.0,0.0
1786470000,260817.0,260817.0,260817.0,260817.0,0.000476
1786470300,260844.0,260844.0,260843.0,260843.0,0.004379
1786470600,260844.0,260886.0,260843.0,260886.0,0.031246
1786470900,260886.0,260974.0,260886.0,260973.0,0.006156
1786471200,260974.0,260975.0,260974.0,260975.0,0.006951
1786471500,260975.0,260975.0,260975.0,260975.0,0.038691
1786471800,260974.0,260974.0,260974.0,260974.0,0.002275
1786472100,260974.0,260974.0,260974.0,260974.0,0.030726
1786472400,260974.0,260974.0,260974.0,260974.0,0.000492
1786472700,260874.0,260874.0,260867.0,260867.0,0.071237
1786473000,260867.0,260867.0,260494.0,260494.0,0.082278
1786473300,260478.0,260478.0,260420.0,260420.0,0.001088
1786473600,260389.0,260389.0,260122.0,260122.0,0.023319
1786473900,260122.0,260123.0,260122.0,260122.0,0.017329
1786474200,260122.0,260123.0,260122.0,260123.0,0.011916
1786474500,260123.0,260123.0,260123.0,260123.0,0.001656
1786474800,260123.0,260123.0,260122.0,260123.0,0.02517
1786475100,260123.0,260123.0,260123.0,260123.0,0.0
1786475400,260100.0,260100.0,260100.0,260100.0,0.002305
1786475700,260101.0,260101.0,260101.0,260101.0,0.001797
1786476000,260101.0,260101.0,260101.0,260101.0,0.001272
1786476300,260101.0,260101.0,260101.0,260101.0,0.000647
1786476600,260102.0,260102.0,260101.0,260102.0,0.009376
1786476900,260102.0,260102.0,260101.0,260102.0,0.010023
1786477200,260102.0,260102.0,260102.0,260102.0,0.0
1786477500,260101.0,260123.0,260101.0,260123.0,0.034352
1786477800,260123.0,260123.0,260123.0,260123.0,0.001059
1786478100,260124.0,260212.0,260124.0,260212.0,0.004322
1786478400,260439.0,260700.0,260439.0,260700.0,0.005385
1786478700,260950.0,260950.0,260950.0,260950.0,0.009153
1786479000,260985.0,260985.0,260985.0,260985.0,0.000337
1786479300,260949.0,260949.0,260949.0,260949.0,0.00012
1786479600,260950.0,260950.0,260950.0,260950.0,0.00958
1786479900,260950.0,260950.0,260950.0,260950.0,0.0
1786480200,260950.0,261000.0,260950.0,260999.0,0.004634
1786480500,261000.0,261000.0,261000.0,261000.0,0.000358
1786480800,261000.0,261000.0,261000.0,261000.0,0.004384
1786481100,261000.0,261143.0,261000.0,261143.0,0.010265
1786481400,261143.0,261143.0,261143.0,261143.0,0.0
1786481700,261143.0,261143.0,261143.0,261143.0,0.0
1786482000,261143.0,261143.0,261143.0,261143.0,0.004399
1786482300,261143.0,261143.0,261143.0,261143.0,0.0
1786482600,261144.0,261240.0,261144.0,261239.0,0.044258
1786482900,261239.0,261239.0,261239.0,261239.0,0.0
1786483200,261171.0,261171.0,261169.0,261169.0,0.003927
1786483500,261169.0,261169.0,261169.0,261169.0,0.002902
1786483800,261170.0,261170.0,261170.0,261170.0,0.000268
1786484100,261169.0,261169.0,261169.0,261169.0,0.00371
1786484400,261170.0,261170.0,261169.0,261170.0,0.017211
1786484700,261169.0,261169.0,261169.0,261169.0,0.00023
1786485000,261170.0,261170.0,261170.0,261170.0,0.000552
1786485300,261170.0,261170.0,261170.0,261170.0,0.019144
1786485600,261170.0,261179.0,261170.0,261179.0,0.002089
1786485900,261179.0,261222.0,261179.0,261222.0,0.115352
1786486200,261238.0,261238.0,261238.0,261238.0,0.000347
1786486500,261239.0,261282.0,261239.0,261282.0,0.002658
1786486800,261282.0,261282.0,261282.0,261282.0,0.004112
1786487100,261281.0,261282.0,261281.0,261281.0,0.00702
1786487400,261281.0,261281.0,261281.0,261281.0,0.0
1786487700,261282.0,261282.0,261281.0,261281.0,0.001431
1786488000,261174.0,261174.0,261173.0,261173.0,0.003064
1786488300,261151.0,261151.0,261151.0,261151.0,0.002029
1786488600,261150.0,261150.0,261150.0,261150.0,0.002142
1786488900,261150.0,261150.0,261150.0,261150.0,0.001309
1786489200,261151.0,261151.0,261150.0,261150.0,0.004824
1786489500,261150.0,261150.0,261142.0,261142.0,0.000409
1786489800,261143.0,261143.0,261143.0,261143.0,0.001829
1786490100,261143.0,261143.0,261142.0,261142.0,0.0033
1786490400,261142.0,261142.0,261026.0,261026.0,0.004398
1786490700,261026.0,261026.0,261026.0,261026.0,0.003041
1786491000,261026.0,261027.0,261026.0,261026.0,0.006518
1786491300,261026.0,261027.0,261026.0,261027.0,0.063061
1786491600,261026.0,261027.0,261026.0,261026.0,0.022348
1786491900,261027.0,261027.0,261026.0,261027.0,0.012289
1786492200,261027.0,261027.0,261026.0,261027.0,0.019921
1786492500,261027.0,261027.0,261026.0,261027.0,0.011819
1786492800,261027.0,261027.0,261025.0,261025.0,0.021713
1786493100,261001.0,261001.0,261000.0,261000.0,0.011984
1786493400,261000.0,261001.0,260917.0,260917.0,0.053793
1786493700,260918.0,260918.0,260917.0,260918.0,0.014496
1786494000,260918.0,260969.0,260918.0,260969.0,0.079319
1786494300,261045.0,261045.0,261044.0,261044.0,0.013081
1786494600,261044.0,261045.0,261044.0,261045.0,0.004794
1786494900,261092.0,261093.0,261091.0,261093.0,0.024485
1786495200,261093.0,261093.0,261092.0,261093.0,0.005424
1786495500,261093.0,261093.0,261092.0,261093.0,0.003974
1786495800,261093.0,261093.0,261093.0,261093.0,0.001912
1786496100,261093.0,261093.0,261093.0,261093.0,0.000924
1786496400,261093.0,261093.0,261092.0,261092.0,0.010875
1786496700,261093.0,261093.0,261093.0,261093.0,0.007793
1786497000,261093.0,261100.0,261092.0,261099.0,0.016593
1786497300,261100.0,261100.0,261099.0,261100.0,0.016283
1786497600,261100.0,261100.0,261099.0,261100.0,0.03122
1786497900,261099.0,261108.0,261099.0,261108.0,0.02074
1786498200,261108.0,261108.0,261107.0,261108.0,0.004349
1786498500,261248.0,261248.0,261247.0,261247.0,0.001182
1786498800,261374.0,261374.0,261373.0,261374.0,0.009431
1786499100,261373.0,261374.0,261373.0,261374.0,0.005237
1786499400,261375.0,261595.0,261375.0,261588.0,0.10681
1786499700,261428.0,261559.0,261428.0,261532.0,0.02346
1786500000,261531.0,261532.0,261531.0,261531.0,0.003713
1786500300,261531.0,261585.0,261531.0,261584.0,0.014111
1786500600,261584.0,261592.0,261584.0,261592.0,0.030403
1786500900,261592.0,261592.0,261591.0,261591.0,0.045126
1786501200,261592.0,261592.0,261591.0,261591.0,0.041585
1786501500,261591.0,261608.0,261591.0,261608.0,0.015995
1786501800,261607.0,261608.0,261607.0,261607.0,0.045005
1786502100,261608.0,261608.0,261536.0,261537.0,0.026129
1786502400,261536.0,261537.0,261536.0,261537.0,0.036333
1786502700,261537.0,261537.0,261536.0,261536.0,0.003688
1786503000,261536.0,261537.0,261536.0,261537.0,0.016842
1786503300,261536.0,261536.0,261523.0,261523.0,0.030578
1786503600,261523.0,261524.0,261523.0,261523.0,0.014202
1786503900,261524.0,261524.0,261523.0,261524.0,0.013015
1786504200,261522.0,261522.0,261296.0,261297.0,0.029389
1786504500,261297.0,261297.0,261296.0,261296.0,0.0155
1786504800,261297.0,261297.0,261296.0,261296.0,0.044317
1786505100,261296.0,261297.0,261210.0,261210.0,0.22432
1786505400,261224.0,261277.0,261224.0,261277.0,0.031836
1786505700,261277.0,261437.0,261277.0,261437.0,0.086384
1786506000,261437.0,261437.0,261436.0,261436.0,0.001082
1786506300,261436.0,261437.0,261436.0,261436.0,0.037194
1786506600,261437.0,261437.0,261437.0,261437.0,0.006899
1786506900,261437.0,261437.0,261437.0,261437.0,0.000195
1786507200,261437.0,261437.0,261436.0,261436.0,0.054322
1786507500,261437.0,261437.0,261436.0,261437.0,0.078471
1786507800,261437.0,261437.0,261436.0,261437.0,0.005344
1786508100,261437.0,261437.0,261437.0,261437.0,0.003274
1786508400,261430.0,261438.0,261429.0,261438.0,0.013579
1786508700,261438.0,261454.0,261438.0,261453.0,0.018903
1786509000,261413.0,261413.0,261412.0,261413.0,0.004509
1786509300,261413.0,261413.0,261412.0,261412.0,0.009262
1786509600,261413.0,261413.0,261413.0,261413.0,0.002765
1786509900,261413.0,261413.0,261412.0,261412.0,0.013696
1786510200,261412.0,261413.0,261412.0,261412.0,0.006401
1786510500,261412.0,261412.0,261412.0,261412.0,0.003861
1786510800,261412.0,261413.0,261412.0,261413.0,0.026993
1786511100,261412.0,261412.0,261412.0,261412.0,0.017449
1786511400,261413.0,261413.0,261413.0,261413.0,0.009323
1786511700,261412.0,261413.0,261412.0,261412.0,0.059878
1786512000,261412.0,261413.0,261412.0,261413.0,0.011932
1786512300,261413.0,261447.0,261412.0,261447.0,0.019392
1786512600,261446.0,261448.0,261446.0,261448.0,0.005229
1786512900,261448.0,261448.0,261447.0,261447.0,0.025632
1786513200,261447.0,261448.0,261447.0,261448.0,0.04187
1786513500,261448.0,261448.0,261448.0,261448.0,0.003004
1786513800,261448.0,261448.0,261447.0,261448.0,0.088711
1786514100,261448.0,261448.0,261447.0,261447.0,0.004712
1786514400,261447.0,261447.0,261447.0,261447.0,0.001956
1786514700,261447.0,261447.0,261303.0,261303.0,0.010624
1786515000,261303.0,261303.0,261276.0,261276.0,0.099082
1786515300,261275.0,261275.0,261211.0,261211.0,0.011334
1786515600,261211.0,261211.0,261108.0,261108.0,0.047466
1786515900,261107.0,261107.0,261022.0,261022.0,0.066557
1786516200,261022.0,261022.0,261000.0,261000.0,0.023413
1786516500,261000.0,261001.0,261000.0,261001.0,0.012243
1786516800,261000.0,261001.0,261000.0,261000.0,0.006506
1786517100,261001.0,261001.0,261000.0,261000.0,0.01595
1786517400,261001.0,261001.0,261000.0,261000.0,0.014693
1786517700,261000.0,261000.0,260891.0,260983.0,0.009484
1786518000,260982.0,261013.0,260982.0,261013.0,0.041695
1786518300,261063.0,261127.0,261062.0,261127.0,0.005672
1786518600,261189.0,261189.0,261188.0,261188.0,0.023754
1786518900,261189.0,261189.0,261188.0,261188.0,0.010955
1786519200,261189.0,261189.0,261181.0,261181.0,0.032095
1786519500,261181.0,261182.0,261181.0,261182.0,0.000809
1786519800,261182.0,261182.0,261181.0,261182.0,0.005476
1786520100,261182.0,261182.0,261004.0,261004.0,0.004907
1786520400,261005.0,261005.0,261004.0,261004.0,0.010913
1786520700,261004.0,261005.0,261004.0,261004.0,0.029872
1786521000,261005.0,261005.0,261001.0,261001.0,0.028437
1786521300,261099.0,261121.0,261099.0,261121.0,0.004157
1786521600,261123.0,261123.0,261108.0,261110.0,0.005149
1786521900,261155.0,261155.0,261154.0,261154.0,0.001036
1786522200,261155.0,261155.0,261154.0,261155.0,0.036017
1786522500,261155.0,261334.0,261155.0,261333.0,0.021208
1786522800,261334.0,261334.0,261190.0,261255.0,0.106612
1786523100,261254.0,261356.0,261254.0,261356.0,0.034556
1786523400,261266.0,261266.0,261254.0,261254.0,0.014224
1786523700,261224.0,261224.0,261224.0,261224.0,0.017858
1786524000,261223.0,261224.0,261223.0,261224.0,0.001858
1786524300,261223.0,261224.0,261223.0,261223.0,0.050249
1786524600,261181.0,261181.0,261180.0,261180.0,0.105179
1786524900,261143.0,261143.0,261143.0,261143.0,0.01628
1786525200,261143.0,261143.0,261142.0,261142.0,0.044847
1786525500,261142.0,261143.0,261129.0,261143.0,0.178363
1786525800,261191.0,261228.0,261191.0,261227.0,0.009699
1786526100,261201.0,261202.0,261201.0,261202.0,0.003523
1786526400,261488.0,261488.0,261151.0,261309.0,0.244379
1786526700,261378.0,261391.0,261378.0,261390.0,0.02159
1786527000,261391.0,261698.0,261391.0,261698.0,0.061551
1786527300,261699.0,261845.0,261699.0,261842.0,0.057091
1786527600,261842.0,261842.0,261622.0,261725.0,0.024392
1786527900,261725.0,261837.0,261725.0,261806.0,0.011292
1786528200,261908.0,261908.0,261860.0,261860.0,0.059701
1786528500,261861.0,261962.0,261860.0,261962.0,0.005704
1786528800,261998.0,262104.0,261998.0,262104.0,0.017734
1786529100,262087.0,262113.0,261986.0,261987.0,0.010989
1786529400,261991.0,262092.0,261991.0,262029.0,0.008075
1786529700,262029.0,262029.0,261930.0,261930.0,0.006559
1786530000,261931.0,262028.0,261931.0,262027.0,0.010051
1786530300,262027.0,262027.0,262026.0,262026.0,0.008497
1786530600,262027.0,262028.0,262027.0,262028.0,0.004193
1786530900,262028.0,262028.0,262027.0,262027.0,0.008808
1786531200,262027.0,262146.0,262027.0,262145.0,0.008412
1786531500,262146.0,262146.0,262015.0,262016.0,0.004761
1786531800,262078.0,262132.0,262078.0,262132.0,0.030814
1786532100,262101.0,262101.0,262101.0,262101.0,0.039196
1786532400,262319.0,262319.0,262087.0,262088.0,0.005102
1786532700,262088.0,262094.0,262057.0,262093.0,0.007273
1786533000,262048.0,262135.0,262048.0,262135.0,0.014858
1786533300,262134.0,262143.0,262134.0,262138.0,0.001925
1786533600,262137.0,262272.0,262137.0,262272.0,0.155597
1786533900,262272.0,262272.0,262271.0,262271.0,0.030501
1786534200,262272.0,262272.0,262271.0,262271.0,0.002789
1786534500,262272.0,262272.0,262272.0,262272.0,0.001985
1786534800,262272.0,262272.0,262271.0,262272.0,0.005159
1786535100,262272.0,262272.0,262272.0,262272.0,0.000663
1786535400,262366.0,262366.0,262365.0,262365.0,0.006415
1786535700,262366.0,262366.0,262365.0,262366.0,0.00386
1786536000,262366.0,262366.0,262366.0,262366.0,0.003555
1786536300,262365.0,262366.0,262365.0,262365.0,0.009039
1786536600,262367.0,262488.0,262367.0,262488.0,0.034422
1786536900,262498.0,262606.0,262498.0,262606.0,0.002508
1786537200,262605.0,262723.0,262605.0,262723.0,0.031656
1786537500,262554.0,263000.0,262554.0,263000.0,0.086811
1786537800,263134.0,263134.0,262302.0,262688.0,0.02951
1786538100,262301.0,262302.0,262240.0,262240.0,0.059853
1786538400,262139.0,262139.0,262137.0,262137.0,0.003372
1786538700,262135.0,262135.0,261840.0,261840.0,0.042402
1786539000,261738.0,262033.0,261738.0,262033.0,0.029348
1786539300,262063.0,262063.0,262063.0,262063.0,0.018279
1786539600,262178.0,262178.0,262006.0,262006.0,0.050066
1786539900,262006.0,262006.0,262006.0,262006.0,0.015074
1786540200,262006.0,262006.0,261636.0,261636.0,0.015578
1786540500,261635.0,261636.0,261635.0,261636.0,0.016696
1786540800,261636.0,261636.0,261636.0,261636.0,0.015119
1786541100,261634.0,261634.0,261630.0,261631.0,0.016192
1786541400,261631.0,261631.0,261630.0,261631.0,0.008612
1786541700,261631.0,261631.0,261630.0,261631.0,0.002079
1786542000,261630.0,261630.0,261439.0,261478.0,0.017357
1786542300,261580.0,261754.0,261580.0,261754.0,0.152629
1786542600,261558.0,261558.0,261362.0,261362.0,0.009429
1786542900,261304.0,261304.0,261244.0,261244.0,0.018505
1786543200,261090.0,261090.0,260563.0,260564.0,0.034452
1786543500,260563.0,260563.0,260551.0,260551.0,0.01517
1786543800,260691.0,261110.0,260691.0,261083.0,0.035889
1786544100,260943.0,260967.0,260943.0,260967.0,0.01098
1786544400,260967.0,260967.0,260966.0,260966.0,0.007662
1786544700,260967.0,260967.0,260682.0,260682.0,0.003563
1786545000,260682.0,260682.0,260251.0,260251.0,0.128659
1786545300,260251.0,260251.0,260250.0,260251.0,0.001653
1786545600,260251.0,260251.0,260250.0,260250.0,0.064003
1786545900,260251.0,260284.0,260201.0,260204.0,0.101917
1786546200,260203.0,260203.0,260200.0,260201.0,0.007068
1786546500,260201.0,260201.0,259360.0,259360.0,0.797486
1786546800,259329.0,259379.0,259261.0,259379.0,0.198109
1786547100,259379.0,259379.0,259378.0,259379.0,0.036815
1786547400,259379.0,259379.0,259378.0,259379.0,0.012951
1786547700,259378.0,259718.0,259378.0,259718.0,0.203254
1786548000,259718.0,259718.0,259587.0,259658.0,0.049029
1786548300,259658.0,259658.0,259580.0,259595.0,0.029064
1786548600,259730.0,259731.0,259621.0,259623.0,0.06383
1786548900,259623.0,259814.0,259623.0,259813.0,0.019575
1786549200,259726.0,259923.0,259726.0,259923.0,0.081102
1786549500,259774.0,259793.0,259697.0,259793.0,0.032235
1786549800,259694.0,259741.0,259694.0,259741.0,0.010194
1786550100,259755.0,259755.0,259618.0,259618.0,0.034494
1786550400,259601.0,259601.0,259518.0,259518.0,0.015804
1786550700,259602.0,259602.0,259602.0,259602.0,0.00065
1786551000,259601.0,259601.0,259502.0,259502.0,0.005852
1786551300,259578.0,259579.0,259578.0,259579.0,0.059965
1786551600,259579.0,259579.0,259578.0,259578.0,0.003155
1786551900,259579.0,259579.0,259579.0,259579.0,0.003196
1786552200,259579.0,259579.0,259579.0,259579.0,0.000895
1786552500,259579.0,259579.0,259578.0,259578.0,0.010975
1786552800,259578.0,259605.0,259578.0,259605.0,0.019533
1786553100,259605.0,259692.0,259605.0,259692.0,0.004165
1786553400,259692.0,259692.0,259692.0,259692.0,0.000753
1786553700,259699.0,259699.0,259699.0,259699.0,0.015697
1786554000,259698.0,259699.0,259698.0,259699.0,0.00599
1786554300,259699.0,259699.0,259699.0,259699.0,0.007801
1786554600,259692.0,259692.0,259692.0,259692.0,0.00148
1786554900,259693.0,259833.0,259693.0,259833.0,0.000577
1786555200,259902.0,259902.0,259692.0,259692.0,0.027206
1786555500,259691.0,259691.0,259613.0,259614.0,0.005972
1786555800,259614.0,259614.0,259605.0,259612.0,0.004578
1786556100,259634.0,259705.0,259634.0,259705.0,0.00809
1786556400,259705.0,259705.0,259704.0,259705.0,0.004855
1786556700,259611.0,259633.0,259611.0,259633.0,0.010949
1786557000,259685.0,259864.0,259685.0,259864.0,0.002159
1786557300,259736.0,259736.0,259736.0,259736.0,0.000657
1786557600,259616.0,259616.0,259616.0,259616.0,0.000259
1786557900,259616.0,259616.0,259616.0,259616.0,0.0
1786558200,259616.0,259616.0,259616.0,259616.0,0.0
1786558500,259616.0,259616.0,259616.0,259616.0,0.0
1786558800,259604.0,259604.0,259604.0,259604.0,0.00138
1786559100,259605.0,259605.0,259604.0,259604.0,0.002271
1786559400,259604.0,259750.0,259604.0,259750.0,0.006408
1786559700,259745.0,259745.0,259635.0,259635.0,0.003468
1786560000,259636.0,259636.0,259636.0,259636.0,0.002201
1786560300,259636.0,259636.0,259636.0,259636.0,0.000424
1786560600,259636.0,259636.0,259636.0,259636.0,0.000218
1786560900,259635.0,259636.0,259635.0,259636.0,0.041042
1786561200,259636.0,259636.0,259636.0,259636.0,0.000385
1786561500,259636.0,259636.0,259636.0,259636.0,0.0
1786561800,259636.0,259636.0,259636.0,259636.0,0.0
1786562100,259636.0,259636.0,259636.0,259636.0,0.00369
1786562400,259636.0,259636.0,259616.0,259616.0,0.003305
1786562700,259579.0,259580.0,259579.0,259580.0,0.00228
1786563000,259580.0,259580.0,259580.0,259580.0,0.001209
1786563300,259580.0,259580.0,259580.0,259580.0,0.0
1786563600,259580.0,259580.0,259580.0,259580.0,0.0
1786563900,259580.0,259580.0,259580.0,259580.0,0.001159
1786564200,259580.0,259580.0,259580.0,259580.0,0.0
1786564500,259580.0,259580.0,259580.0,259580.0,0.0
1786564800,259832.0,259833.0,259832.0,259833.0,0.004184
1786565100,259815.0,259815.0,259815.0,259815.0,0.000405
1786565400,259815.0,259815.0,259815.0,259815.0,0.0
1786565700,259815.0,259815.0,259815.0,259815.0,0.0
1786566000,259815.0,259815.0,259815.0,259815.0,0.0
1786566300,259815.0,259815.0,259815.0,259815.0,0.0
1786566600,259823.0,259823.0,259822.0,259823.0,0.002519
1786566900,259843.0,259843.0,259843.0,259843.0,0.001557
1786567200,259874.0,259974.0,259874.0,259974.0,0.002894
1786567500,259980.0,259980.0,259980.0,259980.0,0.000119
1786567800,259980.0,259980.0,259979.0,259979.0,0.015275
1786568100,259979.0,259979.0,259979.0,259979.0,0.0
1786568400,259980.0,259980.0,259980.0,259980.0,0.015682
1786568700,259980.0,259980.0,259980.0,259980.0,0.000389
1786569000,259980.0,259980.0,259980.0,259980.0,0.000764
1786569300,259979.0,259980.0,259979.0,259979.0,0.107893
1786569600,259979.0,259980.0,259979.0,259980.0,0.001867
1786569900,259976.0,259976.0,259834.0,259834.0,0.005374
1786570200,259789.0,259790.0,259789.0,259790.0,0.01174
1786570500,259789.0,259789.0,259789.0,259789.0,0.002
1786570800,259790.0,259790.0,259789.0,259789.0,0.001282
1786571100,259873.0,259873.0,259873.0,259873.0,0.001539
1786571400,259873.0,259948.0,259873.0,259948.0,0.002276
1786571700,259910.0,259910.0,259910.0,259910.0,0.000418
1786572000,259910.0,259910.0,259871.0,259871.0,0.020208
1786572300,259871.0,259871.0,259871.0,259871.0,0.122469
1786572600,259871.0,259871.0,259871.0,259871.0,0.011986
1786572900,259902.0,259902.0,259902.0,259902.0,0.001088
1786573200,259902.0,259902.0,259901.0,259901.0,0.001605
1786573500,259902.0,259902.0,259901.0,259902.0,0.0137
1786573800,259901.0,259902.0,259901.0,259902.0,0.003474
1786574100,259901.0,259901.0,259580.0,259581.0,0.017549
1786574400,259581.0,259581.0,259581.0,259581.0,0.001951
1786574700,259581.0,259581.0,259581.0,259581.0,0.007783
1786575000,259581.0,259581.0,259580.0,259581.0,0.001928
1786575300,259581.0,259581.0,259580.0,259581.0,0.097465
1786575600,259580.0,259581.0,259580.0,259581.0,0.07752
1786575900,259580.0,259581.0,259580.0,259581.0,0.005284
1786576200,259580.0,259580.0,259579.0,259579.0,0.023354
1786576500,259580.0,259580.0,259580.0,259580.0,0.0039
1786576800,259580.0,259580.0,259579.0,259579.0,0.008804
1786577100,259579.0,259579.0,259553.0,259553.0,0.075539
1786577400,259553.0,259554.0,259553.0,259554.0,0.011938
1786577700,259553.0,259554.0,259553.0,259554.0,0.003386
1786578000,259554.0,259554.0,259554.0,259554.0,0.001348
1786578300,259554.0,259554.0,259553.0,259553.0,0.03735
1786578600,259553.0,259554.0,259553.0,259554.0,0.003597
1786578900,259553.0,259554.0,259553.0,259554.0,0.008042
1786579200,259554.0,259578.0,259554.0,259578.0,0.004955
1786579500,259578.0,259821.0,259578.0,259821.0,0.017486
1786579800,259840.0,259947.0,259840.0,259947.0,0.013141
1786580100,259947.0,260453.0,259947.0,260410.0,0.023553
1786580400,260449.0,260449.0,260409.0,260409.0,0.025824
1786580700,260409.0,260409.0,260251.0,260251.0,0.009116
1786581000,260251.0,260260.0,260073.0,260073.0,0.055067
1786581300,260197.0,260197.0,260196.0,260196.0,0.029005
1786581600,260092.0,260092.0,260092.0,260092.0,0.000293
1786581900,260092.0,260092.0,260083.0,260083.0,0.003487
1786582200,260125.0,260151.0,260125.0,260146.0,0.008972
1786582500,260147.0,260169.0,260140.0,260169.0,0.021845
1786582800,260031.0,260051.0,260025.0,260051.0,0.015642
1786583100,260059.0,260059.0,260058.0,260059.0,0.015427
1786583400,260180.0,260258.0,260180.0,260258.0,0.024981
1786583700,260258.0,260258.0,260174.0,260174.0,0.002619
1786584000,260174.0,260174.0,260110.0,260110.0,0.013286
1786584300,260109.0,260109.0,260012.0,260012.0,0.006886
1786584600,260011.0,260011.0,260001.0,260001.0,0.029906
1786584900,260002.0,260002.0,260001.0,260002.0,0.006771
1786585200,260001.0,260002.0,260000.0,260000.0,0.02807
1786585500,260000.0,260001.0,260000.0,260000.0,0.02556
1786585800,260000.0,260001.0,260000.0,260000.0,0.012892
1786586100,260000.0,260001.0,260000.0,260000.0,0.014173
1786586400,260000.0,260001.0,260000.0,260000.0,0.028177
1786586700,259879.0,259879.0,259878.0,259879.0,0.010752
1786587000,259879.0,259969.0,259879.0,259931.0,0.016367
1786587300,259930.0,259931.0,259930.0,259931.0,0.010155
1786587600,259929.0,259929.0,259878.0,259879.0,0.849792
1786587900,259930.0,260022.0,259930.0,260022.0,0.021564
1786588200,260021.0,260021.0,260001.0,260001.0,0.021704
1786588500,260002.0,260002.0,260001.0,260001.0,0.0304
1786588800,260001.0,260002.0,260001.0,260002.0,0.00655
1786589100,260002.0,260002.0,260001.0,260002.0,0.004321
1786589400,260078.0,260079.0,260077.0,260079.0,0.028654
1786589700,260184.0,260184.0,260183.0,260183.0,0.057329
1786590000,260183.0,260184.0,260183.0,260184.0,0.010478
1786590300,260183.0,260184.0,260183.0,260184.0,0.012415
1786590600,260184.0,260255.0,260183.0,260255.0,0.017142
1786590900,260256.0,260257.0,260255.0,260257.0,0.021651
1786591200,260256.0,260257.0,260256.0,260256.0,0.021272
1786591500,260257.0,260257.0,260256.0,260256.0,0.139122
1786591800,260257.0,260296.0,260257.0,260296.0,0.37856
1786592100,260300.0,260410.0,260300.0,260410.0,0.057828
1786592400,260409.0,260410.0,260409.0,260410.0,0.002551
1786592700,260410.0,260471.0,260409.0,260471.0,0.030078
1786593000,260500.0,260500.0,260500.0,260500.0,0.004703
1786593300,260500.0,260500.0,260499.0,260500.0,0.007649
1786593600,260500.0,260500.0,260499.0,260500.0,0.003667
1786593900,260500.0,260500.0,260499.0,260499.0,0.016186
1786594200,260500.0,260500.0,260499.0,260499.0,0.006282
1786594500,260499.0,260500.0,260499.0,260499.0,0.018951
1786594800,260500.0,260500.0,260444.0,260444.0,0.007608
1786595100,260444.0,260445.0,260433.0,260433.0,0.012708
1786595400,260433.0,260434.0,260433.0,260434.0,0.015397
1786595700,260444.0,260500.0,260444.0,260500.0,0.0043
1786596000,260500.0,260500.0,260500.0,260500.0,0.009253
1786596300,260500.0,260500.0,260499.0,260499.0,0.069457
1786596600,260500.0,260500.0,260499.0,260500.0,0.004804
1786596900,260500.0,260500.0,260499.0,260500.0,0.008338
1786597200,260500.0,260500.0,260499.0,260499.0,0.012736
1786597500,260500.0,261000.0,260500.0,261000.0,0.031505
1786597800,261000.0,261000.0,260999.0,261000.0,0.056359
1786598100,261000.0,261534.0,261000.0,261534.0,0.036355
1786598400,261534.0,261534.0,261464.0,261533.0,0.022959
1786598700,261442.0,261498.0,261442.0,261488.0,0.053649
1786599000,261509.0,261509.0,261418.0,261418.0,0.017652
1786599300,261441.0,261444.0,261402.0,261443.0,0.043437
1786599600,261444.0,261533.0,261444.0,261532.0,0.084454
1786599900,261523.0,261523.0,261370.0,261370.0,0.027035
1786600200,261371.0,261371.0,261370.0,261370.0,0.001435
1786600500,261371.0,261371.0,261371.0,261371.0,0.002389
1786600800,261371.0,261371.0,261249.0,261249.0,0.012934
1786601100,261250.0,261250.0,261249.0,261249.0,0.004962
1786601400,261250.0,261250.0,261250.0,261250.0,0.030751
1786601700,261249.0,261250.0,261249.0,261250.0,0.087925
1786602000,261249.0,261250.0,261249.0,261249.0,0.022579
1786602300,261250.0,261250.0,261248.0,261248.0,0.110032
1786602600,261249.0,261249.0,261216.0,261216.0,0.005231
1786602900,261216.0,261216.0,261215.0,261215.0,0.048099
1786603200,261216.0,261216.0,261216.0,261216.0,0.011485
1786603500,261216.0,261216.0,261215.0,261216.0,0.001885
1786603800,261215.0,261468.0,261215.0,261468.0,0.042773
1786604100,261468.0,261468.0,261467.0,261468.0,0.012483
1786604400,261468.0,261511.0,261468.0,261511.0,0.002991
1786604700,261497.0,261513.0,261497.0,261513.0,0.003379
1786605000,261494.0,261495.0,261494.0,261494.0,0.002891
1786605300,261495.0,261495.0,261494.0,261495.0,0.023993
1786605600,261495.0,261513.0,261377.0,261513.0,0.010149
1786605900,261514.0,261515.0,261514.0,261515.0,0.00448
1786606200,261514.0,261515.0,261514.0,261514.0,0.011852
1786606500,261515.0,261515.0,261514.0,261514.0,0.017581
1786606800,261514.0,261515.0,261472.0,261472.0,0.01659
1786607100,261472.0,261472.0,261369.0,261370.0,0.000975
1786607400,261369.0,261370.0,261369.0,261370.0,0.003245
1786607700,261370.0,261370.0,261369.0,261370.0,0.00545
1786608000,261370.0,261520.0,261370.0,261520.0,0.008741
1786608300,261520.0,261520.0,261499.0,261499.0,0.006797
1786608600,261499.0,261499.0,261498.0,261498.0,0.002579
1786608900,261499.0,261499.0,261498.0,261499.0,0.01381
1786609200,261498.0,261499.0,261498.0,261499.0,0.004651
1786609500,261499.0,261499.0,261498.0,261498.0,0.004564
1786609800,261498.0,261499.0,261498.0,261499.0,0.016597
1786610100,261499.0,261499.0,261498.0,261498.0,0.084196
1786610400,261499.0,261499.0,261498.0,261499.0,0.001867
1786610700,261498.0,261499.0,261498.0,261499.0,0.023278
1786611000,261499.0,261499.0,261498.0,261498.0,0.006983
1786611300,261499.0,261499.0,261476.0,261476.0,0.027804
1786611600,261477.0,261477.0,261475.0,261475.0,0.025357
1786611900,261476.0,261476.0,261221.0,261221.0,0.043974
1786612200,261190.0,261190.0,261170.0,261170.0,0.018833
1786612500,260888.0,260889.0,260715.0,260745.0,0.029392
1786612800,260849.0,260849.0,260849.0,260849.0,0.00284
1786613100,260849.0,260849.0,260848.0,260848.0,0.002984
1786613400,260849.0,260849.0,260848.0,260849.0,0.005425
1786613700,260849.0,260934.0,260849.0,260933.0,0.063374
1786614000,260934.0,260934.0,260933.0,260934.0,0.020299
1786614300,260933.0,260934.0,260933.0,260934.0,0.016748
1786614600,260934.0,260935.0,260934.0,260935.0,0.054066
1786614900,260934.0,260979.0,260934.0,260979.0,0.000878
1786615200,260979.0,260979.0,260857.0,260857.0,0.003712
1786615500,260784.0,260950.0,260594.0,260594.0,0.003463
1786615800,260594.0,260594.0,260593.0,260594.0,0.00729
1786616100,260594.0,260594.0,260594.0,260594.0,0.002441
1786616400,260676.0,260676.0,260604.0,260604.0,0.025326
1786616700,260603.0,260603.0,260603.0,260603.0,0.000475
1786617000,260604.0,260604.0,260604.0,260604.0,0.002495
1786617300,260603.0,260604.0,260603.0,260604.0,0.046631
1786617600,260604.0,260604.0,260604.0,260604.0,0.003901
1786617900,260604.0,260604.0,260604.0,260604.0,0.019634
1786618200,260603.0,260659.0,260603.0,260659.0,0.000918
1786618500,260660.0,260660.0,260659.0,260659.0,0.016108
1786618800,260659.0,260660.0,260659.0,260660.0,0.018126
1786619100,260660.0,260660.0,260547.0,260548.0,0.005296
1786619400,260548.0,260548.0,260547.0,260548.0,0.00307
1786619700,260548.0,260562.0,260548.0,260562.0,0.014294
1786620000,260562.0,260562.0,260324.0,260324.0,0.030831
1786620300,260281.0,260281.0,260256.0,260257.0,0.007658
1786620600,260256.0,260256.0,260007.0,260007.0,0.007091
1786620900,260005.0,260005.0,260000.0,260001.0,0.140702
1786621200,260000.0,260001.0,259897.0,259898.0,0.316816
1786621500,259898.0,259944.0,259897.0,259944.0,0.136746
1786621800,259944.0,259986.0,259944.0,259985.0,0.024663
1786622100,259986.0,259986.0,259985.0,259986.0,0.004516
1786622400,259986.0,259986.0,259986.0,259986.0,0.001242
1786622700,259986.0,259986.0,259986.0,259986.0,0.000542
1786623000,260013.0,260013.0,260012.0,260013.0,0.024293
1786623300,260012.0,260013.0,260012.0,260012.0,0.037282
1786623600,260013.0,260020.0,260012.0,260020.0,0.005524
1786623900,260019.0,260020.0,260019.0,260020.0,0.016828
1786624200,260021.0,260254.0,260021.0,260028.0,0.015549
1786624500,260269.0,260371.0,260255.0,260334.0,0.062548
1786624800,260285.0,260286.0,260277.0,260277.0,0.003558
1786625100,260278.0,260278.0,260259.0,260260.0,0.010967
1786625400,260439.0,260461.0,260439.0,260441.0,0.020317
1786625700,260442.0,260506.0,260442.0,260506.0,0.043361
1786626000,260508.0,260760.0,260508.0,260760.0,0.002541
1786626300,260799.0,260919.0,260799.0,260918.0,0.004783
1786626600,260919.0,260919.0,260918.0,260918.0,0.006696
1786626900,260919.0,260919.0,260818.0,260818.0,0.108974
1786627200,260819.0,260819.0,260454.0,260454.0,0.006501
1786627500,260453.0,260453.0,260405.0,260406.0,0.00571
1786627800,260405.0,260406.0,260108.0,260226.0,0.181467
1786628100,260226.0,260588.0,260226.0,260556.0,0.020503
1786628400,260943.0,260998.0,260926.0,260998.0,0.020024
1786628700,260575.0,260983.0,260575.0,260983.0,0.133666
1786629000,260901.0,260902.0,260901.0,260902.0,0.000616
1786629300,260901.0,260901.0,260621.0,260621.0,0.148052
1786629600,260663.0,260757.0,260618.0,260629.0,0.070471
1786629900,260630.0,260642.0,260630.0,260642.0,0.008709
1786630200,260642.0,260948.0,260642.0,260948.0,0.011393
1786630500,260948.0,260948.0,260947.0,260948.0,0.008584
1786630800,260948.0,260948.0,260947.0,260947.0,0.016664
1786631100,260948.0,260948.0,260947.0,260947.0,0.023226
1786631400,260948.0,260948.0,259999.0,260948.0,0.374194
1786631700,260948.0,261441.0,260948.0,261429.0,0.042947
1786632000,261378.0,261378.0,261372.0,261374.0,0.011828
1786632300,261374.0,261436.0,261374.0,261436.0,0.000638
1786632600,261435.0,261436.0,261334.0,261335.0,0.023894
1786632900,261386.0,261386.0,261318.0,261318.0,0.078608
1786633200,261311.0,261490.0,261310.0,261490.0,0.044946
1786633500,261489.0,261490.0,261087.0,261087.0,0.007018
1786633800,261086.0,261258.0,261086.0,261257.0,0.046245
1786634100,261258.0,261258.0,261089.0,261089.0,0.062149
1786634400,261159.0,261242.0,261057.0,261057.0,0.015034
1786634700,261040.0,261040.0,260221.0,260221.0,0.125366
1786635000,260352.0,260353.0,260352.0,260353.0,0.000953
1786635300,260581.0,260595.0,260459.0,260595.0,0.024549
1786635600,260571.0,260572.0,260571.0,260572.0,0.021135
1786635900,260771.0,260771.0,260627.0,260627.0,0.022746
1786636200,260627.0,260627.0,260622.0,260622.0,0.032622
1786636500,260476.0,260476.0,260006.0,260006.0,0.029774
1786636800,260006.0,260006.0,259888.0,259888.0,0.034149
1786637100,259889.0,259889.0,259867.0,259867.0,0.215772
1786637400,259866.0,259867.0,259866.0,259867.0,0.01209
1786637700,259867.0,259867.0,259866.0,259866.0,0.015595
1786638000,259867.0,259867.0,259867.0,259867.0,0.006991
1786638300,259867.0,259867.0,259650.0,259650.0,0.013017
1786638600,259601.0,259601.0,259601.0,259601.0,0.002546
1786638900,259601.0,259601.0,258797.0,258797.0,0.643952
1786639200,258729.0,258729.0,257879.0,257880.0,0.17384
1786639500,257879.0,258601.0,257878.0,258601.0,0.046423
1786639800,258693.0,258811.0,258300.0,258300.0,0.01434
1786640100,258329.0,258363.0,258329.0,258363.0,0.086397
1786640400,258393.0,258394.0,258393.0,258394.0,0.006147
1786640700,258395.0,258407.0,258395.0,258407.0,0.01508
1786641000,258407.0,258479.0,258407.0,258479.0,0.012801
1786641300,258714.0,258714.0,258503.0,258503.0,0.001019
1786641600,258759.0,258759.0,258758.0,258759.0,0.008278
1786641900,258795.0,258834.0,258724.0,258724.0,0.001427
1786642200,258725.0,258866.0,258725.0,258866.0,0.005186
1786642500,258865.0,258865.0,258705.0,258705.0,0.001353
1786642800,258706.0,258769.0,258706.0,258769.0,0.004238
1786643100,258901.0,258990.0,258901.0,258990.0,0.002453
1786643400,258990.0,258990.0,258793.0,258793.0,0.017247
1786643700,258793.0,258793.0,258793.0,258793.0,0.018469
1786644000,258715.0,258771.0,258715.0,258771.0,0.003868
1786644300,258987.0,258987.0,258977.0,258977.0,0.001446
1786644600,258805.0,258805.0,258805.0,258805.0,0.039033
1786644900,258805.0,258805.0,258805.0,258805.0,0.0
1786645200,258872.0,258873.0,258872.0,258873.0,0.041698
1786645500,258727.0,258727.0,258727.0,258727.0,0.000978
1786645800,258727.0,258727.0,258726.0,258726.0,0.002681
1786646100,258727.0,258727.0,258727.0,258727.0,0.001547
1786646400,258727.0,258727.0,258727.0,258727.0,0.0
1786646700,258727.0,258727.0,258727.0,258727.0,0.000489
1786647000,258962.0,259288.0,258962.0,259288.0,0.021248
1786647300,259288.0,259302.0,259288.0,259302.0,0.010345
1786647600,259302.0,259302.0,259302.0,259302.0,0.0
1786647900,259837.0,259837.0,259837.0,259837.0,0.001339
1786648200,259836.0,259836.0,259836.0,259836.0,0.015543
1786648500,259837.0,259837.0,259837.0,259837.0,0.000763
1786648800,259836.0,259836.0,259836.0,259836.0,0.000361
1786649100,259836.0,259836.0,259836.0,259836.0,0.0
1786649400,259610.0,259611.0,259610.0,259611.0,0.011243
1786649700,259611.0,259611.0,259611.0,259611.0,0.000757
1786650000,259635.0,259635.0,259635.0,259635.0,0.000421
1786650300,259615.0,259615.0,259615.0,259615.0,0.001119
1786650600,259614.0,259614.0,259614.0,259614.0,0.000938
1786650900,259614.0,259614.0,259614.0,259614.0,0.0
1786651200,259615.0,259615.0,259615.0,259615.0,0.001968
1786651500,259621.0,259621.0,259621.0,259621.0,0.001124
1786651800,259499.0,259500.0,259499.0,259500.0,0.001139
1786652100,259621.0,259621.0,259620.0,259620.0,0.001734
1786652400,259620.0,259620.0,259620.0,259620.0,0.0
1786652700,259668.0,259668.0,259668.0,259668.0,0.000541
1786653000,259668.0,259668.0,259668.0,259668.0,0.0
1786653300,259668.0,259668.0,259668.0,259668.0,0.0
1786653600,259515.0,259515.0,259515.0,259515.0,0.00032
1786653900,259514.0,259515.0,259514.0,259514.0,0.013704
1786654200,259514.0,259515.0,259514.0,259514.0,0.014046
1786654500,259388.0,259425.0,259388.0,259425.0,0.006069
1786654800,259455.0,259455.0,259455.0,259455.0,0.000896
1786655100,259626.0,259626.0,259626.0,259626.0,0.001885
1786655400,259564.0,259564.0,259564.0,259564.0,0.000366
1786655700,259564.0,259564.0,259564.0,259564.0,0.016653
1786656000,259571.0,259571.0,259571.0,259571.0,0.000197
1786656300,259618.0,259618.0,259618.0,259618.0,0.077505
1786656600,259618.0,259748.0,259618.0,259748.0,0.000519
1786656900,259748.0,259748.0,259748.0,259748.0,0.0
1786657200,259824.0,259824.0,259824.0,259824.0,0.000934
1786657500,259703.0,259703.0,259703.0,259703.0,0.004535
1786657800,259702.0,259703.0,259702.0,259702.0,0.010098
1786658100,259702.0,259703.0,259702.0,259703.0,0.001699
1786658400,259786.0,259878.0,259786.0,259878.0,0.003954
1786658700,259878.0,259879.0,259878.0,259879.0,0.01215
1786659000,259914.0,259999.0,259914.0,259999.0,0.057677
1786659300,260000.0,260000.0,260000.0,260000.0,0.00029
1786659600,260133.0,260133.0,260133.0,260133.0,0.001724
1786659900,260243.0,260243.0,260243.0,260243.0,0.000844
1786660200,260289.0,260289.0,260288.0,260288.0,0.021859
1786660500,260289.0,260289.0,260289.0,260289.0,0.00731
1786660800,260289.0,260289.0,260288.0,260288.0,0.002688
1786661100,260289.0,260289.0,260039.0,260039.0,0.00521
1786661400,260040.0,260040.0,260039.0,260039.0,0.003915
1786661700,260039.0,260040.0,260039.0,260039.0,0.024222
1786662000,260040.0,260040.0,260001.0,260001.0,0.002704
1786662300,260001.0,260001.0,260000.0,260000.0,0.003788
1786662600,260000.0,260000.0,259807.0,259807.0,0.051512
1786662900,259806.0,259806.0,259739.0,259739.0,0.006287
1786663200,259739.0,259739.0,259739.0,259739.0,0.00077
1786663500,259739.0,259750.0,259739.0,259749.0,0.017162
1786663800,259750.0,259765.0,259750.0,259765.0,0.006199
1786664100,259765.0,259765.0,259764.0,259765.0,0.003887
1786664400,259764.0,259765.0,259764.0,259765.0,0.017722
1786664700,259764.0,259765.0,259764.0,259765.0,0.018243
1786665000,259764.0,259764.0,259764.0,259764.0,0.000384
1786665300,259764.0,259764.0,259764.0,259764.0,0.003257
1786665600,259763.0,259764.0,259763.0,259763.0,0.010369
1786665900,259763.0,259764.0,259763.0,259764.0,0.012579
1786666200,259764.0,259764.0,259764.0,259764.0,0.003113
1786666500,259764.0,259764.0,259763.0,259764.0,0.011624
1786666800,259766.0,259783.0,259766.0,259783.0,0.021509
1786667100,259783.0,259783.0,259751.0,259751.0,0.020221
1786667400,259752.0,259752.0,259751.0,259752.0,0.016634
1786667700,259752.0,259752.0,259751.0,259751.0,0.005244
1786668000,259752.0,259752.0,259751.0,259752.0,0.038612
1786668300,259752.0,259752.0,259751.0,259752.0,0.020106
1786668600,259751.0,259752.0,259751.0,259752.0,0.006592
1786668900,259752.0,259752.0,259752.0,259752.0,0.0
1786669200,259752.0,259752.0,259751.0,259751.0,0.012999
1786669500,259752.0,259783.0,259752.0,259782.0,0.016622
1786669800,259783.0,259783.0,259782.0,259782.0,0.007197
1786670100,259783.0,259783.0,259783.0,259783.0,0.001192
1786670400,259782.0,259783.0,259782.0,259783.0,0.003525
1786670700,259783.0,259783.0,259783.0,259783.0,0.00217
1786671000,259783.0,259783.0,259782.0,259783.0,0.013762
1786671300,259783.0,259784.0,259782.0,259784.0,0.077589
1786671600,259785.0,259997.0,259785.0,259997.0,0.025632
1786671900,259998.0,259999.0,259998.0,259999.0,0.034725
1786672200,259999.0,259999.0,259998.0,259999.0,0.009854
1786672500,259999.0,259999.0,259998.0,259999.0,0.009835
1786672800,259998.0,260181.0,259998.0,260181.0,0.176658
1786673100,260085.0,260260.0,260085.0,260260.0,0.058876
1786673400,260343.0,260343.0,260013.0,260014.0,0.254454
1786673700,260066.0,260108.0,259901.0,259901.0,0.183104
1786674000,259900.0,259957.0,259900.0,259919.0,0.006304
1786674300,259920.0,259920.0,259918.0,259918.0,0.007231
1786674600,259918.0,260024.0,259918.0,260024.0,0.157035
1786674900,260023.0,260024.0,260023.0,260024.0,0.157494
1786675200,260023.0,260024.0,260005.0,260005.0,0.004599
1786675500,260006.0,260006.0,260006.0,260006.0,0.013297
1786675800,260005.0,260006.0,260005.0,260005.0,0.010764
1786676100,259952.0,259952.0,259834.0,259834.0,0.02224
1786676400,259834.0,259835.0,259834.0,259835.0,0.003119
1786676700,259834.0,259835.0,259834.0,259835.0,0.009743
1786677000,259835.0,259835.0,259834.0,259835.0,0.024056
1786677300,259835.0,260081.0,259835.0,260081.0,0.003006
1786677600,260105.0,260105.0,260104.0,260104.0,0.00338
1786677900,259847.0,259847.0,259846.0,259846.0,0.003283
1786678200,259846.0,259847.0,259846.0,259847.0,0.005326
1786678500,259834.0,259834.0,259833.0,259834.0,0.035673
1786678800,259833.0,259833.0,259782.0,259783.0,0.038053
1786679100,259783.0,259783.0,259501.0,259501.0,0.05299
1786679400,259500.0,259501.0,259500.0,259501.0,0.004447
1786679700,259501.0,259501.0,259500.0,259500.0,0.002456
1786680000,259500.0,259500.0,259500.0,259500.0,0.002074
1786680300,259501.0,259501.0,259500.0,259500.0,0.012504
1786680600,259501.0,259501.0,259500.0,259500.0,0.002194
1786680900,259501.0,259704.0,259501.0,259703.0,0.004127
1786681200,259704.0,259704.0,259536.0,259537.0,0.003184
1786681500,259536.0,259623.0,259536.0,259623.0,0.201244
1786681800,259666.0,259668.0,259666.0,259668.0,0.077934
1786682100,259667.0,259667.0,259667.0,259667.0,0.000594
1786682400,259667.0,259668.0,259667.0,259668.0,0.024115
1786682700,259668.0,259668.0,259667.0,259667.0,0.0159
1786683000,259668.0,259668.0,259667.0,259668.0,0.008981
1786683300,259668.0,259668.0,259667.0,259668.0,0.014882
1786683600,259667.0,259667.0,259568.0,259568.0,0.039479
1786683900,259568.0,259568.0,259501.0,259501.0,0.035549
1786684200,259500.0,259500.0,259469.0,259470.0,0.006192
1786684500,259469.0,259469.0,259396.0,259397.0,0.045591
1786684800,259389.0,259389.0,259389.0,259389.0,0.002443
1786685100,259389.0,259389.0,259339.0,259339.0,0.01235
1786685400,259337.0,259337.0,259337.0,259337.0,0.001915
1786685700,259337.0,259337.0,259336.0,259336.0,0.034605
1786686000,259336.0,259337.0,259336.0,259337.0,0.003613
1786686300,259337.0,259337.0,259336.0,259336.0,0.008955
1786686600,259336.0,259337.0,259336.0,259337.0,0.073194
1786686900,259441.0,259441.0,259440.0,259440.0,0.15658
1786687200,259440.0,259440.0,259349.0,259349.0,0.000775
1786687500,259350.0,259350.0,259350.0,259350.0,0.003359
1786687800,259350.0,259350.0,259339.0,259339.0,0.041427
1786688100,259336.0,259336.0,259334.0,259335.0,0.00406
1786688400,259335.0,259335.0,259006.0,259006.0,0.048526
1786688700,259005.0,259006.0,259005.0,259006.0,0.002479
1786689000,259006.0,259006.0,259005.0,259006.0,0.004505
1786689300,259006.0,259006.0,259006.0,259006.0,0.002434
1786689600,259005.0,259006.0,259001.0,259001.0,0.006698
1786689900,259002.0,259002.0,259000.0,259000.0,0.014634
1786690200,259000.0,259000.0,258551.0,258552.0,0.026554
1786690500,258552.0,258552.0,258251.0,258251.0,0.132084
1786690800,258252.0,258252.0,258251.0,258252.0,0.04369
1786691100,258252.0,258252.0,258251.0,258252.0,0.043566
1786691400,258252.0,258332.0,258252.0,258331.0,0.003115
1786691700,258331.0,258332.0,258331.0,258332.0,0.013834
1786692000,258332.0,258332.0,258331.0,258332.0,0.01378
1786692300,258332.0,258332.0,258331.0,258332.0,0.001074
1786692600,258332.0,258332.0,258251.0,258251.0,0.037654
1786692900,258252.0,258252.0,258252.0,258252.0,0.008107
1786693200,258252.0,258252.0,258251.0,258252.0,0.004781
1786693500,258252.0,258252.0,258170.0,258171.0,0.008342
1786693800,258171.0,258171.0,258006.0,258006.0,0.009519
1786694100,258006.0,258006.0,258002.0,258002.0,0.016543
1786694400,258002.0,258002.0,258001.0,258002.0,0.010475
1786694700,258002.0,258002.0,258001.0,258001.0,0.020884
1786695000,258001.0,258001.0,258000.0,258001.0,0.037606
1786695300,258001.0,258001.0,258000.0,258000.0,0.021654
1786695600,258000.0,258000.0,257731.0,257731.0,0.233293
1786695900,257651.0,257651.0,257503.0,257504.0,0.007345
1786696200,257504.0,257504.0,257392.0,257392.0,0.077527
1786696500,257391.0,257392.0,257391.0,257391.0,0.105094
1786696800,257392.0,257392.0,257391.0,257392.0,0.027096
1786697100,257392.0,257392.0,257391.0,257391.0,0.021809
1786697400,257656.0,257656.0,257655.0,257656.0,0.11966
1786697700,257656.0,257656.0,257655.0,257656.0,0.004785
1786698000,257655.0,257656.0,257655.0,257655.0,0.008548
1786698300,257656.0,257656.0,257656.0,257656.0,0.002134
1786698600,257656.0,257656.0,257656.0,257656.0,0.010244
1786698900,257656.0,257656.0,257655.0,257656.0,0.075544
1786699200,257656.0,257656.0,257656.0,257656.0,0.004287
1786699500,257656.0,257656.0,257655.0,257656.0,0.021914
1786699800,257655.0,257655.0,257318.0,257319.0,0.119324
1786700100,257319.0,257319.0,257318.0,257319.0,0.011785
1786700400,257319.0,257319.0,257318.0,257319.0,0.004126
1786700700,257319.0,257319.0,257318.0,257318.0,0.012626
1786701000,257319.0,257319.0,257318.0,257318.0,0.013219
1786701300,257319.0,257319.0,257319.0,257319.0,0.004863
1786701600,257318.0,257319.0,257318.0,257319.0,0.023056
1786701900,257319.0,257319.0,257319.0,257319.0,0.020896
1786702200,257319.0,257320.0,257319.0,257319.0,0.050832
1786702500,257319.0,257637.0,257319.0,257637.0,0.058691
1786702800,257637.0,257637.0,257636.0,257637.0,0.045589
1786703100,257637.0,257637.0,257636.0,257637.0,0.002677
1786703400,257637.0,257647.0,257637.0,257647.0,0.001698
1786703700,257659.0,257683.0,257659.0,257683.0,0.003361
1786704000,257683.0,257763.0,257683.0,257763.0,0.027072
1786704300,257763.0,257763.0,257679.0,257680.0,0.020466
1786704600,257680.0,257680.0,257680.0,257680.0,0.008537
1786704900,257680.0,257680.0,257680.0,257680.0,0.011708
1786705200,257680.0,257680.0,257679.0,257680.0,0.005128
1786705500,257680.0,257680.0,257679.0,257680.0,0.032549
1786705800,257680.0,257680.0,257680.0,257680.0,0.01909
1786706100,257680.0,257753.0,257679.0,257753.0,0.057379
1786706400,257753.0,257757.0,257753.0,257757.0,0.017609
1786706700,257758.0,257758.0,257758.0,257758.0,0.004381
1786707000,257757.0,257758.0,257757.0,257758.0,0.009623
1786707300,257758.0,257830.0,257757.0,257830.0,0.001537
1786707600,257768.0,257768.0,257767.0,257768.0,0.005961
1786707900,257768.0,257768.0,257766.0,257767.0,0.02997
1786708200,257766.0,257767.0,257766.0,257767.0,0.000938
1786708500,257767.0,257767.0,257767.0,257767.0,0.016673
1786708800,257766.0,257767.0,257766.0,257767.0,0.002905
1786709100,257766.0,257767.0,257766.0,257767.0,0.006908
1786709400,257767.0,257767.0,257766.0,257766.0,0.050626
1786709700,257759.0,257759.0,257759.0,257759.0,0.003469
1786710000,257757.0,257757.0,257757.0,257757.0,0.0004
1786710300,257758.0,257758.0,257758.0,257758.0,0.024534
1786710600,257758.0,257758.0,257757.0,257758.0,0.010853
1786710900,257758.0,257758.0,257757.0,257757.0,0.002942
1786711200,257757.0,257758.0,257751.0,257751.0,0.013055
1786711500,257751.0,257752.0,257602.0,257603.0,0.089403
1786711800,257603.0,257603.0,257601.0,257602.0,0.006063
1786712100,257602.0,257602.0,257601.0,257601.0,0.007533
1786712400,257601.0,257601.0,257500.0,257501.0,0.019441
1786712700,257500.0,257501.0,257300.0,257300.0,0.13215
1786713000,257102.0,257102.0,257100.0,257101.0,0.012525
1786713300,257100.0,257101.0,257060.0,257061.0,0.045188
1786713600,257060.0,257282.0,257060.0,257282.0,0.020992
1786713900,257243.0,257319.0,257243.0,257319.0,0.009608
1786714200,257319.0,257320.0,257319.0,257320.0,0.021023
1786714500,257320.0,257320.0,257091.0,257091.0,0.062997
1786714800,257091.0,257235.0,257090.0,257148.0,0.053693
1786715100,257232.0,257232.0,257127.0,257127.0,0.020122
1786715400,257127.0,257127.0,257127.0,257127.0,0.0039
1786715700,257127.0,257127.0,257126.0,257127.0,0.027095
1786716000,257127.0,257127.0,257090.0,257090.0,0.06206
1786716300,257091.0,257091.0,257090.0,257091.0,0.009522
1786716600,257091.0,257091.0,257090.0,257091.0,0.031536
1786716900,257091.0,257091.0,257007.0,257007.0,0.074387
1786717200,257007.0,257007.0,257000.0,257001.0,0.12826
1786717500,257001.0,257002.0,257000.0,257002.0,0.160674
1786717800,257002.0,257246.0,257001.0,257246.0,0.057432
1786718100,257302.0,257377.0,257302.0,257377.0,0.055981
1786718400,257432.0,257432.0,257432.0,257432.0,0.034917
1786718700,257434.0,257434.0,257433.0,257433.0,0.005281
1786719000,257433.0,257433.0,257281.0,257284.0,0.078957
1786719300,257010.0,257010.0,256869.0,256870.0,0.08267
1786719600,256998.0,257070.0,256998.0,257070.0,0.035618
1786719900,257070.0,257152.0,257070.0,257151.0,0.02033
1786720200,257152.0,257323.0,257151.0,257323.0,0.174558
1786720500,257323.0,257323.0,257322.0,257323.0,0.006833
1786720800,257323.0,257410.0,257323.0,257410.0,0.002916
1786721100,257410.0,257410.0,257410.0,257410.0,0.009609
1786721400,257529.0,257757.0,257529.0,257757.0,0.060495
1786721700,258000.0,258194.0,258000.0,258191.0,0.027751
1786722000,258333.0,258333.0,258332.0,258332.0,0.049089
1786722300,258333.0,258561.0,258332.0,258485.0,0.008557
1786722600,258478.0,258478.0,258477.0,258478.0,0.019845
1786722900,258478.0,258631.0,258477.0,258493.0,0.005423
1786723200,258444.0,258562.0,258443.0,258562.0,0.003164
1786723500,258418.0,258516.0,258381.0,258516.0,0.000852
1786723800,258577.0,258725.0,258535.0,258535.0,0.021018
1786724100,258535.0,258598.0,258535.0,258598.0,0.002518
1786724400,258598.0,258736.0,258598.0,258736.0,0.000571
1786724700,258736.0,258894.0,258735.0,258894.0,0.002612
1786725000,258832.0,258893.0,258831.0,258893.0,0.001289
1786725300,258893.0,259000.0,258893.0,259000.0,0.004021
1786725600,259006.0,259006.0,259006.0,259006.0,0.000595
1786725900,259005.0,259006.0,259005.0,259006.0,0.000848
1786726200,259006.0,259006.0,259006.0,259006.0,0.000974
1786726500,259005.0,259005.0,259005.0,259005.0,0.001567
1786726800,258999.0,258999.0,258999.0,258999.0,0.000754
1786727100,258998.0,258998.0,258998.0,258998.0,0.000189
1786727400,258998.0,258998.0,258997.0,258997.0,0.008257
1786727700,258998.0,259040.0,258998.0,259040.0,0.003431
1786728000,259173.0,259174.0,259173.0,259174.0,0.004097
1786728300,259174.0,259174.0,259173.0,259173.0,0.015071
1786728600,259174.0,259174.0,259174.0,259174.0,0.002181
1786728900,259123.0,259123.0,259123.0,259123.0,0.007941
1786729200,258997.0,258997.0,258996.0,258996.0,0.002661
1786729500,258996.0,258996.0,258996.0,258996.0,0.001469
1786729800,258996.0,258996.0,258996.0,258996.0,0.001095
1786730100,258995.0,258995.0,258935.0,258935.0,0.000759
1786730400,258743.0,258743.0,258660.0,258660.0,0.022303
1786730700,258553.0,258553.0,258553.0,258553.0,0.001576
1786731000,258553.0,258553.0,258553.0,258553.0,0.0
1786731300,258553.0,258553.0,258552.0,258553.0,0.002137
1786731600,258552.0,258552.0,258552.0,258552.0,0.002094
1786731900,258697.0,258697.0,258697.0,258697.0,0.000891
1786732200,258515.0,258515.0,258515.0,258515.0,0.000193
1786732500,258515.0,258515.0,258515.0,258515.0,0.0
1786732800,258337.0,258337.0,258337.0,258337.0,0.000768
1786733100,258332.0,258332.0,258332.0,258332.0,0.002206
1786733400,258332.0,258332.0,258331.0,258331.0,0.002383
1786733700,258332.0,258332.0,258332.0,258332.0,0.001796
1786734000,258331.0,258331.0,258331.0,258331.0,0.003127
1786734300,258332.0,258332.0,258320.0,258320.0,0.083467
1786734600,258050.0,258050.0,258050.0,258050.0,0.001551
1786734900,258049.0,258049.0,258049.0,258049.0,0.000757
1786735200,258049.0,258049.0,258049.0,258049.0,0.003875
1786735500,258049.0,258049.0,258049.0,258049.0,0.0
1786735800,258049.0,258049.0,258049.0,258049.0,0.0
1786736100,258049.0,258049.0,258049.0,258049.0,0.0
1786736400,258185.0,258185.0,258185.0,258185.0,0.000164
1786736700,258185.0,258185.0,258185.0,258185.0,0.0
1786737000,258271.0,258271.0,258271.0,258271.0,0.023653
1786737300,258271.0,258271.0,258271.0,258271.0,0.000383
1786737600,258271.0,258271.0,258270.0,258270.0,0.030008
1786737900,258270.0,258270.0,258270.0,258270.0,0.0
1786738200,258270.0,258270.0,258270.0,258270.0,0.0
1786738500,258299.0,258299.0,258171.0,258171.0,0.017635
1786738800,258171.0,258171.0,258171.0,258171.0,0.000769
1786739100,258171.0,258171.0,258171.0,258171.0,0.003785
1786739400,258171.0,258171.0,258171.0,258171.0,0.000159
1786739700,258171.0,258171.0,258171.0,258171.0,0.0
1786740000,258171.0,258171.0,258171.0,258171.0,0.000449
1786740300,258116.0,258116.0,258116.0,258116.0,0.000193
1786740600,258116.0,258116.0,258116.0,258116.0,0.0
1786740900,258116.0,258116.0,258116.0,258116.0,0.0
1786741200,258116.0,258116.0,258087.0,258087.0,0.000708
1786741500,258087.0,258087.0,258087.0,258087.0,0.0
1786741800,258087.0,258087.0,258087.0,258087.0,0.001897
1786742100,258087.0,258087.0,258087.0,258087.0,0.0
1786742400,258086.0,258086.0,258086.0,258086.0,0.001333
1786742700,258078.0,258078.0,258078.0,258078.0,0.003537
1786743000,258078.0,258078.0,258077.0,258077.0,0.001062
1786743300,258077.0,258077.0,258077.0,258077.0,0.0
1786743600,258077.0,258077.0,258077.0,258077.0,0.0
1786743900,258052.0,258052.0,258052.0,258052.0,0.004624
1786744200,258052.0,258052.0,258051.0,258052.0,0.003069
1786744500,258051.0,258051.0,258051.0,258051.0,0.005503
1786744800,258052.0,258148.0,258052.0,258148.0,0.001952
1786745100,258148.0,258148.0,258067.0,258067.0,0.004385
1786745400,258067.0,258067.0,258067.0,258067.0,0.000452
1786745700,258048.0,258048.0,257957.0,257957.0,0.002227
1786746000,257956.0,257956.0,257956.0,257956.0,0.0024
1786746300,257842.0,257843.0,257842.0,257843.0,0.011215
1786746600,257843.0,257843.0,257843.0,257843.0,0.033192
1786746900,257843.0,257843.0,257843.0,257843.0,0.05823
1786747200,257843.0,257843.0,257843.0,257843.0,0.0
1786747500,257843.0,257875.0,257842.0,257875.0,0.005117
1786747800,257875.0,257875.0,257874.0,257875.0,0.001454
1786748100,257875.0,257875.0,257875.0,257875.0,0.00216
1786748400,257875.0,257875.0,257875.0,257875.0,0.001893
1786748700,257875.0,257875.0,257875.0,257875.0,0.000586
1786749000,257875.0,257951.0,257875.0,257951.0,0.000959
1786749300,257952.0,257952.0,257951.0,257952.0,0.004448
1786749600,257952.0,257952.0,257951.0,257952.0,0.004959
1786749900,257952.0,257952.0,257952.0,257952.0,0.001938
1786750200,257951.0,257952.0,257951.0,257952.0,0.001551
1786750500,257952.0,257955.0,257952.0,257955.0,0.037867
1786750800,257956.0,258346.0,257956.0,258084.0,0.089261
1786751100,258342.0,258342.0,258341.0,258342.0,0.003796
1786751400,258341.0,258343.0,258341.0,258343.0,0.002983
1786751700,258343.0,258363.0,258343.0,258363.0,0.021605
1786752000,258363.0,258363.0,258363.0,258363.0,0.000227
1786752300,258362.0,258363.0,258352.0,258352.0,0.024453
1786752600,258352.0,258352.0,258352.0,258352.0,0.003681
1786752900,258352.0,258352.0,258352.0,258352.0,0.008454
1786753200,258352.0,258352.0,258352.0,258352.0,0.007152
1786753500,258351.0,258352.0,258351.0,258352.0,0.001773
1786753800,258352.0,258352.0,258351.0,258352.0,0.026033
1786754100,258351.0,258351.0,258351.0,258351.0,0.003766
1786754400,258352.0,258352.0,258352.0,258352.0,0.008425
1786754700,258352.0,258352.0,258351.0,258351.0,0.005694
1786755000,258351.0,258352.0,258351.0,258352.0,0.008508
1786755300,258352.0,258352.0,258352.0,258352.0,0.058089
1786755600,258352.0,258352.0,258352.0,258352.0,0.00812
1786755900,258352.0,258352.0,258352.0,258352.0,0.001108
1786756200,258352.0,258352.0,258351.0,258352.0,0.048951
1786756500,258351.0,258352.0,258351.0,258352.0,0.033134
1786756800,258352.0,258352.0,258351.0,258352.0,0.039225
1786757100,258352.0,258352.0,258351.0,258352.0,0.002437
1786757400,258351.0,258352.0,258351.0,258352.0,0.065376
1786757700,258352.0,258352.0,258352.0,258352.0,0.002644
1786758000,258351.0,258352.0,258351.0,258352.0,0.022253
1786758300,258352.0,258352.0,258352.0,258352.0,0.002713
1786758600,258352.0,258352.0,258351.0,258351.0,0.020539
1786758900,258352.0,258352.0,258351.0,258351.0,0.005848
1786759200,258352.0,258369.0,258352.0,258369.0,0.107876
1786759500,258369.0,258369.0,258368.0,258369.0,0.016951
1786759800,258368.0,258369.0,258368.0,258369.0,0.047148
1786760100,258369.0,258416.0,258369.0,258416.0,0.00714
1786760400,258416.0,258617.0,258416.0,258616.0,0.009817
1786760700,258617.0,258696.0,258617.0,258696.0,0.006843
1786761000,258696.0,258696.0,258695.0,258696.0,0.006424
1786761300,258695.0,258696.0,258695.0,258696.0,0.011118
1786761600,258696.0,258696.0,258695.0,258696.0,0.114474
1786761900,258696.0,258696.0,258696.0,258696.0,0.050707
1786762200,258696.0,258696.0,258695.0,258695.0,0.027685
1786762500,258696.0,258696.0,258695.0,258696.0,0.017223
1786762800,258695.0,258696.0,258695.0,258696.0,0.027919
1786763100,258695.0,258696.0,258695.0,258696.0,0.018724
1786763400,258695.0,258696.0,258695.0,258695.0,0.001132
1786763700,258774.0,258774.0,258774.0,258774.0,0.000924
1786764000,258774.0,258774.0,258774.0,258774.0,0.001159
1786764300,258774.0,258774.0,258773.0,258773.0,0.012426
1786764600,258774.0,258774.0,258774.0,258774.0,0.003739
1786764900,258774.0,258774.0,258710.0,258710.0,0.026299
1786765200,258710.0,258710.0,258709.0,258710.0,0.029997
1786765500,258709.0,258710.0,258709.0,258710.0,0.04788
1786765800,258710.0,258710.0,258709.0,258709.0,0.010659
1786766100,258710.0,258710.0,258709.0,258710.0,0.008774
1786766400,258710.0,258710.0,258710.0,258710.0,0.000753
1786766700,258710.0,258710.0,258710.0,258710.0,0.000203
1786767000,258710.0,258710.0,258710.0,258710.0,0.040654
1786767300,258710.0,258710.0,258709.0,258710.0,0.002507
1786767600,258732.0,258732.0,258732.0,258732.0,0.000294
1786767900,258732.0,258732.0,258732.0,258732.0,0.001631
1786768200,258732.0,258733.0,258732.0,258733.0,0.008658
1786768500,258733.0,258741.0,258733.0,258741.0,0.022715
1786768800,258741.0,258875.0,258741.0,258874.0,0.011558
1786769100,258875.0,258875.0,258874.0,258874.0,0.006268
1786769400,258875.0,258875.0,258874.0,258874.0,0.00115
1786769700,258874.0,258875.0,258874.0,258875.0,0.002432
1786770000,258875.0,258875.0,258874.0,258875.0,0.046643
1786770300,258874.0,258875.0,258874.0,258875.0,0.10982
1786770600,258875.0,258875.0,258875.0,258875.0,0.008362
1786770900,258875.0,258875.0,258874.0,258874.0,0.003729
1786771200,258875.0,258875.0,258874.0,258875.0,0.007589
1786771500,258875.0,258875.0,258875.0,258875.0,0.005326
1786771800,258875.0,258875.0,258875.0,258875.0,0.003547
1786772100,258871.0,258871.0,258871.0,258871.0,0.030722
1786772400,258871.0,258871.0,258742.0,258742.0,0.006456
1786772700,258743.0,258743.0,258742.0,258743.0,0.00383
1786773000,258743.0,258743.0,258742.0,258742.0,0.007095
1786773300,258743.0,258743.0,258742.0,258743.0,0.004347
1786773600,258743.0,258743.0,258742.0,258743.0,0.079346
1786773900,258743.0,258743.0,258742.0,258742.0,0.000977
1786774200,258743.0,258743.0,258743.0,258743.0,0.003618
1786774500,258742.0,258742.0,258742.0,258742.0,0.041831
1786774800,258743.0,258743.0,258742.0,258742.0,0.017988
1786775100,258743.0,258743.0,258743.0,258743.0,0.096625
1786775400,258743.0,258743.0,258742.0,258743.0,0.011679
1786775700,258743.0,258743.0,258742.0,258742.0,0.005304
1786776000,258742.0,258743.0,258742.0,258743.0,0.004827
1786776300,258742.0,258743.0,258742.0,258742.0,0.0049
1786776600,258742.0,258743.0,258742.0,258742.0,0.032577
1786776900,258899.0,258899.0,258898.0,258899.0,0.003799
1786777200,258899.0,258899.0,258898.0,258898.0,0.04837
1786777500,258899.0,258899.0,258899.0,258899.0,0.001622
1786777800,258769.0,258769.0,257875.0,257875.0,0.49131
1786778100,258777.0,258777.0,258776.0,258777.0,0.002601
1786778400,258777.0,258777.0,258776.0,258776.0,0.007312
1786778700,258777.0,258777.0,258777.0,258777.0,0.000648
1786779000,258777.0,258777.0,258776.0,258777.0,0.020487
1786779300,258777.0,258777.0,258776.0,258777.0,0.024333
1786779600,258776.0,258777.0,258776.0,258777.0,0.014091
1786779900,258777.0,258777.0,258777.0,258777.0,0.002511
1786780200,258777.0,258777.0,258776.0,258776.0,0.005714
1786780500,258777.0,258777.0,258765.0,258765.0,0.004701
1786780800,258766.0,258766.0,258766.0,258766.0,0.006383
1786781100,258766.0,258766.0,258766.0,258766.0,0.004234
1786781400,258766.0,258766.0,258765.0,258765.0,0.005652
1786781700,258766.0,258766.0,258765.0,258765.0,0.0067
1786782000,258766.0,258766.0,258766.0,258766.0,0.000386
1786782300,258766.0,258766.0,258765.0,258765.0,0.003409
1786782600,258766.0,258766.0,258765.0,258765.0,0.028247
1786782900,258760.0,258760.0,258597.0,258597.0,0.025028
1786783200,258598.0,258598.0,258597.0,258598.0,0.023246
1786783500,258598.0,258598.0,258597.0,258598.0,0.06374
1786783800,258598.0,258598.0,258597.0,258597.0,0.004233
1786784100,258548.0,258548.0,258485.0,258487.0,0.060301
1786784400,258487.0,258488.0,258388.0,258389.0,0.024273
1786784700,258388.0,258388.0,258313.0,258313.0,0.020528
1786785000,258314.0,258314.0,258313.0,258314.0,0.012979
1786785300,258314.0,258314.0,258314.0,258314.0,0.014748
1786785600,258313.0,258314.0,258313.0,258314.0,0.029605
1786785900,258314.0,258314.0,258313.0,258314.0,0.010777
1786786200,258314.0,258314.0,258314.0,258314.0,0.016671
1786786500,258314.0,258314.0,258313.0,258314.0,0.001517
1786786800,258314.0,258314.0,258314.0,258314.0,0.017195
1786787100,258314.0,258330.0,258314.0,258329.0,0.001872
1786787400,258329.0,258330.0,258329.0,258330.0,0.01097
1786787700,258329.0,258330.0,258329.0,258330.0,0.023917
1786788000,258330.0,258330.0,258330.0,258330.0,0.001203
1786788300,258330.0,258330.0,258330.0,258330.0,0.0
1786788600,258330.0,258330.0,258330.0,258330.0,0.007511
1786788900,258330.0,258330.0,258329.0,258330.0,0.014321
1786789200,258330.0,258330.0,258329.0,258330.0,0.0478
1786789500,258330.0,258432.0,258330.0,258432.0,0.011735
1786789800,258432.0,258432.0,258432.0,258432.0,0.003318
1786790100,258432.0,258432.0,258431.0,258431.0,0.003121
1786790400,258432.0,258432.0,258431.0,258432.0,0.009219
1786790700,258432.0,258433.0,258432.0,258433.0,0.041209
1786791000,258433.0,258433.0,258433.0,258433.0,0.001984
1786791300,258432.0,258433.0,258432.0,258433.0,0.025402
1786791600,258439.0,258440.0,258439.0,258440.0,0.00291
1786791900,258440.0,258440.0,258439.0,258439.0,0.007325
1786792200,258440.0,258440.0,258439.0,258439.0,0.035605
1786792500,258440.0,258440.0,258440.0,258440.0,0.002572
1786792800,258440.0,258440.0,258440.0,258440.0,0.014215
1786793100,258440.0,258440.0,258440.0,258440.0,0.001095
1786793400,258439.0,258440.0,258439.0,258440.0,0.000938
1786793700,258439.0,258440.0,258439.0,258439.0,0.026522
1786794000,258440.0,258440.0,258440.0,258440.0,0.000502
1786794300,258489.0,258490.0,258489.0,258489.0,0.028203
1786794600,258490.0,258490.0,258489.0,258490.0,0.002784
1786794900,258490.0,258490.0,258489.0,258489.0,0.017595
1786795200,258490.0,258490.0,258489.0,258490.0,0.008008
1786795500,258490.0,258490.0,258490.0,258490.0,0.021113
1786795800,258490.0,258490.0,258490.0,258490.0,0.041344
1786796100,258489.0,258490.0,258489.0,258490.0,0.024885
1786796400,258490.0,258490.0,258490.0,258490.0,0.001529
1786796700,258490.0,258490.0,258490.0,258490.0,0.001596
1786797000,258490.0,258490.0,258489.0,258489.0,0.003205
1786797300,258490.0,258490.0,258490.0,258490.0,0.001794
1786797600,258490.0,258490.0,258489.0,258489.0,0.02451
1786797900,258444.0,258444.0,258443.0,258443.0,0.007048
1786798200,258444.0,258444.0,258444.0,258444.0,0.002709
1786798500,258444.0,258444.0,258443.0,258443.0,0.014476
1786798800,258444.0,258498.0,258444.0,258498.0,0.001083
1786799100,258500.0,258553.0,258500.0,258553.0,0.003489
1786799400,258553.0,258554.0,258553.0,258554.0,0.043545
1786799700,258554.0,258554.0,258553.0,258554.0,0.004255
1786800000,258554.0,258554.0,258554.0,258554.0,0.006656
1786800300,258554.0,258554.0,258553.0,258554.0,0.015754
1786800600,258554.0,258554.0,258553.0,258554.0,0.061922
1786800900,258554.0,258554.0,258554.0,258554.0,0.001884
1786801200,258555.0,258557.0,258555.0,258557.0,0.118906
1786801500,258556.0,258557.0,258556.0,258556.0,0.055164
1786801800,258557.0,258583.0,258557.0,258582.0,0.004661
1786802100,258583.0,258605.0,258582.0,258605.0,0.00218
1786802400,258605.0,258605.0,258604.0,258605.0,0.002186
1786802700,258605.0,258605.0,258605.0,258605.0,0.004325
1786803000,258605.0,258605.0,258605.0,258605.0,0.013048
1786803300,258605.0,258605.0,258605.0,258605.0,0.002001
1786803600,258605.0,258605.0,258604.0,258604.0,0.007306
1786803900,258605.0,258605.0,258604.0,258605.0,0.010233
1786804200,258605.0,258605.0,258605.0,258605.0,0.002363
1786804500,258604.0,258605.0,258604.0,258604.0,0.022154
1786804800,258605.0,258605.0,258604.0,258604.0,0.027939
1786805100,258605.0,258605.0,258604.0,258605.0,0.014044
1786805400,258605.0,258605.0,258604.0,258604.0,0.000754
1786805700,258605.0,258605.0,258605.0,258605.0,0.003405
1786806000,258605.0,258605.0,258604.0,258604.0,0.010911
1786806300,258605.0,258605.0,258605.0,258605.0,0.000989
1786806600,258605.0,258605.0,258604.0,258605.0,0.005829
1786806900,258605.0,258609.0,258604.0,258609.0,0.00635
1786807200,258609.0,258609.0,258608.0,258609.0,0.004984
1786807500,258609.0,258609.0,258609.0,258609.0,0.002463
1786807800,258609.0,258609.0,258609.0,258609.0,0.00138
1786808100,258609.0,258818.0,258609.0,258818.0,0.014019
1786808400,258816.0,258818.0,258816.0,258818.0,0.016473
1786808700,258817.0,258818.0,258817.0,258818.0,0.00154
1786809000,258818.0,258818.0,258817.0,258818.0,0.01319
1786809300,258818.0,258818.0,258818.0,258818.0,0.014355
1786809600,258818.0,258818.0,258818.0,258818.0,0.001362
1786809900,258818.0,258818.0,258818.0,258818.0,0.005022
1786810200,258818.0,258818.0,258818.0,258818.0,0.013513
1786810500,258818.0,258818.0,258817.0,258817.0,0.001745
1786810800,258817.0,258817.0,258817.0,258817.0,0.001038
1786811100,258817.0,258818.0,258817.0,258818.0,0.001572
1786811400,258817.0,258818.0,258817.0,258818.0,0.094931
1786811700,258818.0,258839.0,258817.0,258839.0,0.111456
1786812000,258839.0,258840.0,258839.0,258839.0,0.019351
1786812300,258839.0,258840.0,258839.0,258840.0,0.024974
1786812600,258840.0,258840.0,258840.0,258840.0,0.002681
1786812900,258840.0,258840.0,258839.0,258840.0,0.016977
1786813200,258840.0,258840.0,258839.0,258839.0,0.002271
1786813500,258839.0,258839.0,258839.0,258839.0,0.20172
1786813800,258838.0,258839.0,258838.0,258839.0,0.003018
1786814100,258838.0,258839.0,258838.0,258839.0,0.014881
1786814400,258839.0,258839.0,258838.0,258839.0,0.007073
1786814700,258839.0,258839.0,258839.0,258839.0,0.0
1786815000,258839.0,258839.0,258839.0,258839.0,0.000513
1786815300,258838.0,258838.0,258838.0,258838.0,0.000191
1786815600,258839.0,258839.0,258819.0,258830.0,0.019596
1786815900,258830.0,258830.0,258829.0,258829.0,0.010661
1786816200,258829.0,258829.0,258829.0,258829.0,0.0
1786816500,258829.0,258830.0,258829.0,258829.0,0.000522
1786816800,258830.0,258830.0,258830.0,258830.0,0.005737
1786817100,258830.0,258830.0,258830.0,258830.0,0.0
1786817400,258829.0,258829.0,258829.0,258829.0,0.00076
1786817700,258828.0,258828.0,258828.0,258828.0,0.000253
1786818000,258828.0,258829.0,258828.0,258829.0,0.007959
1786818300,258829.0,258829.0,258829.0,258829.0,0.000259
1786818600,258829.0,258829.0,258828.0,258828.0,0.000626
1786818900,258828.0,258828.0,258828.0,258828.0,0.0
1786819200,258829.0,258829.0,258829.0,258829.0,0.000166
1786819500,258828.0,258829.0,258828.0,258829.0,0.000633
1786819800,258829.0,258829.0,258828.0,258828.0,0.001738
1786820100,258829.0,258829.0,258829.0,258829.0,0.000311
1786820400,258828.0,258829.0,258828.0,258829.0,0.001796
1786820700,258829.0,258829.0,258829.0,258829.0,0.0001
1786821000,258829.0,258829.0,258829.0,258829.0,0.012364
1786821300,258829.0,258829.0,258829.0,258829.0,0.0
1786821600,258829.0,258829.0,258829.0,258829.0,0.0
1786821900,258829.0,258829.0,258829.0,258829.0,0.000371
1786822200,258829.0,258829.0,258829.0,258829.0,0.0
1786822500,258829.0,258829.0,258828.0,258829.0,0.007218
1786822800,258829.0,258829.0,258829.0,258829.0,0.0
1786823100,258829.0,258829.0,258828.0,258828.0,0.001629
1786823400,258828.0,258828.0,258828.0,258828.0,0.0
1786823700,258829.0,258829.0,258829.0,258829.0,0.00518
1786824000,258829.0,258829.0,258829.0,258829.0,0.001426
1786824300,258829.0,258829.0,258829.0,258829.0,0.0
1786824600,258829.0,258829.0,258829.0,258829.0,0.001637
1786824900,258828.0,258828.0,258828.0,258828.0,0.002045
1786825200,258828.0,258828.0,258828.0,258828.0,0.0001
1786825500,258828.0,258828.0,258828.0,258828.0,0.0
1786825800,258828.0,258828.0,258828.0,258828.0,0.0
1786826100,258828.0,258828.0,258828.0,258828.0,0.0
1786826400,258828.0,258828.0,258828.0,258828.0,0.0
1786826700,258829.0,258829.0,258829.0,258829.0,0.085102
1786827000,258829.0,258829.0,258828.0,258828.0,0.044363
1786827300,258829.0,258829.0,258829.0,258829.0,0.00047
1786827600,258828.0,258828.0,258828.0,258828.0,0.000848
1786827900,258828.0,258828.0,258828.0,258828.0,0.007826
1786828200,258829.0,258829.0,258829.0,258829.0,0.000182
1786828500,258829.0,258829.0,258829.0,258829.0,0.0
1786828800,258829.0,258829.0,258829.0,258829.0,0.0
1786829100,258829.0,258829.0,258829.0,258829.0,0.0
1786829400,258829.0,258829.0,258829.0,258829.0,0.001752
1786829700,258828.0,258829.0,258828.0,258829.0,0.001807
1786830000,258828.0,258828.0,258828.0,258828.0,0.000838
1786830300,258829.0,258829.0,258829.0,258829.0,0.001981
1786830600,258829.0,258829.0,258829.0,258829.0,0.003918
1786830900,258829.0,258829.0,258829.0,258829.0,0.000589
1786831200,258829.0,258829.0,258829.0,258829.0,0.004038
1786831500,258829.0,258829.0,258828.0,258829.0,0.003203
1786831800,258829.0,258829.0,258829.0,258829.0,0.0
1786832100,258829.0,258829.0,258829.0,258829.0,0.088086
1786832400,258829.0,258829.0,258828.0,258828.0,0.003826
1786832700,258829.0,258829.0,258829.0,258829.0,0.000449
1786833000,258829.0,258829.0,258829.0,258829.0,0.0
1786833300,258829.0,258829.0,258829.0,258829.0,0.000211
1786833600,258828.0,258828.0,258828.0,258828.0,0.011981
1786833900,258829.0,258829.0,258829.0,258829.0,0.000289
1786834200,258829.0,258829.0,258829.0,258829.0,0.002147
1786834500,258828.0,258829.0,258828.0,258829.0,0.079077
1786834800,258829.0,258829.0,258828.0,258828.0,0.003375
1786835100,258828.0,258829.0,258828.0,258829.0,0.002118
1786835400,258829.0,258829.0,258829.0,258829.0,0.059238
1786835700,258829.0,258839.0,258829.0,258838.0,0.05815
1786836000,258838.0,258838.0,258838.0,258838.0,0.001323
1786836300,258838.0,258838.0,258838.0,258838.0,0.01159
1786836600,258838.0,258838.0,258838.0,258838.0,0.004879
1786836900,258838.0,258838.0,258838.0,258838.0,0.002886
1786837200,258838.0,258839.0,258838.0,258839.0,0.002499
1786837500,258839.0,258839.0,258839.0,258839.0,0.001606
1786837800,258839.0,258839.0,258838.0,258838.0,0.003539
1786838100,258839.0,258839.0,258838.0,258839.0,0.001912
1786838400,258838.0,258839.0,258838.0,258839.0,0.028857
1786838700,258839.0,258839.0,258839.0,258839.0,0.006103
1786839000,258839.0,258839.0,258838.0,258839.0,0.024196
1786839300,258839.0,258839.0,258838.0,258839.0,0.002493
1786839600,258839.0,258839.0,258839.0,258839.0,0.001513
1786839900,258838.0,258838.0,258838.0,258838.0,0.019217
1786840200,258839.0,258839.0,258839.0,258839.0,0.000444
1786840500,258839.0,258839.0,258839.0,258839.0,0.000585
1786840800,258839.0,258839.0,258839.0,258839.0,0.011696
1786841100,258839.0,258839.0,258839.0,258839.0,0.000137
1786841400,258838.0,258839.0,258838.0,258838.0,0.008194
1786841700,258839.0,258839.0,258839.0,258839.0,0.000437
1786842000,258839.0,258839.0,258838.0,258839.0,0.069449
1786842300,258838.0,258838.0,258838.0,258838.0,0.016042
1786842600,258839.0,258839.0,258838.0,258839.0,0.016232
1786842900,258839.0,258839.0,258838.0,258838.0,0.014173
1786843200,258839.0,258839.0,258839.0,258839.0,0.007263
1786843500,258839.0,258839.0,258838.0,258838.0,0.00298
1786843800,258839.0,258839.0,258839.0,258839.0,0.001156
1786844100,258839.0,258839.0,258828.0,258828.0,0.045127
1786844400,258829.0,258829.0,258828.0,258828.0,0.045504
1786844700,258828.0,258829.0,258828.0,258828.0,0.010324
1786845000,258828.0,258829.0,258828.0,258829.0,0.006519
1786845300,258828.0,258829.0,258828.0,258829.0,0.006144
1786845600,258829.0,258829.0,258828.0,258829.0,0.005916
1786845900,258829.0,258829.0,258829.0,258829.0,0.001301
1786846200,258829.0,258829.0,258828.0,258829.0,0.0343
1786846500,258829.0,258829.0,258829.0,258829.0,0.004621
1786846800,258829.0,258829.0,258829.0,258829.0,0.02019
1786847100,258829.0,258830.0,258828.0,258829.0,0.017838
1786847400,258829.0,258925.0,258829.0,258925.0,0.014618
1786847700,258924.0,258925.0,258924.0,258925.0,0.006633
1786848000,258924.0,258978.0,258924.0,258978.0,0.013723
1786848300,258978.0,258990.0,258977.0,258989.0,0.055381
1786848600,258990.0,258990.0,258990.0,258990.0,0.005959
1786848900,258989.0,258990.0,258989.0,258990.0,0.017187
1786849200,258990.0,258990.0,258989.0,258990.0,0.002309
1786849500,258990.0,258990.0,258989.0,258990.0,0.002657
1786849800,258989.0,258990.0,258989.0,258990.0,0.008263
1786850100,258990.0,258990.0,258989.0,258989.0,0.009002
1786850400,258990.0,258990.0,258990.0,258990.0,0.002078
1786850700,258990.0,258990.0,258990.0,258990.0,0.009749
1786851000,258990.0,258990.0,258990.0,258990.0,0.013153
1786851300,258990.0,258990.0,258989.0,258990.0,0.040641
1786851600,258989.0,258990.0,258989.0,258989.0,0.013681
1786851900,258990.0,258991.0,258990.0,258990.0,0.180709
1786852200,258991.0,258991.0,258991.0,258991.0,0.004448
1786852500,258991.0,258991.0,258990.0,258991.0,0.00231
1786852800,258990.0,258991.0,258990.0,258990.0,0.006139
1786853100,258990.0,258991.0,258990.0,258990.0,0.002623
1786853400,258990.0,258991.0,258990.0,258990.0,0.004243
1786853700,259000.0,259000.0,259000.0,259000.0,0.000451
1786854000,259000.0,259000.0,258999.0,258999.0,0.008495
1786854300,258999.0,259050.0,258999.0,259050.0,0.048684
1786854600,259070.0,259070.0,259069.0,259070.0,0.005117
1786854900,259070.0,259070.0,259070.0,259070.0,0.034785
1786855200,259070.0,259070.0,259069.0,259069.0,0.03338
1786855500,259070.0,259070.0,259069.0,259070.0,0.122409
1786855800,259071.0,259168.0,259071.0,259168.0,0.001714
1786856100,259168.0,259168.0,259074.0,259075.0,0.03764
1786856400,259074.0,259075.0,259070.0,259070.0,0.060531
1786856700,259071.0,259071.0,259070.0,259071.0,0.014348
1786857000,259071.0,259071.0,259070.0,259070.0,0.000968
1786857300,259071.0,259071.0,259069.0,259070.0,0.017952
1786857600,259069.0,259069.0,259001.0,259002.0,0.002523
1786857900,259002.0,259002.0,259001.0,259001.0,0.004499
1786858200,259002.0,259002.0,259001.0,259001.0,0.0021
1786858500,259001.0,259001.0,259001.0,259001.0,0.002108
1786858800,259002.0,259002.0,258903.0,258903.0,0.006105
1786859100,258903.0,258903.0,258845.0,258845.0,0.105387
1786859400,258832.0,258832.0,258831.0,258831.0,0.005662
1786859700,258832.0,258832.0,258828.0,258828.0,0.01071
1786860000,258828.0,258829.0,258828.0,258829.0,0.000458
1786860300,258828.0,258829.0,258828.0,258828.0,0.01004
1786860600,258829.0,258829.0,258828.0,258829.0,0.002989
1786860900,258829.0,258829.0,258828.0,258829.0,0.010524
1786861200,258829.0,258829.0,258828.0,258829.0,0.014079
1786861500,258829.0,258829.0,258828.0,258829.0,0.002721
1786861800,258829.0,258829.0,258828.0,258828.0,0.004239
1786862100,258828.0,258829.0,258828.0,258829.0,0.015622
1786862400,258828.0,258829.0,258828.0,258829.0,0.014606
1786862700,258828.0,258828.0,258828.0,258828.0,0.000513
1786863000,258829.0,258829.0,258828.0,258828.0,0.097197
1786863300,258829.0,258829.0,258828.0,258829.0,0.025855
1786863600,258829.0,258829.0,258828.0,258829.0,0.013439
1786863900,258828.0,258829.0,258828.0,258829.0,0.008205
1786864200,258829.0,258829.0,258828.0,258829.0,0.005315
1786864500,258829.0,258829.0,258828.0,258829.0,0.003667
1786864800,258829.0,258829.0,258828.0,258828.0,0.004563
1786865100,258829.0,258829.0,258828.0,258828.0,0.006206
1786865400,258829.0,258829.0,258828.0,258828.0,0.005155
1786865700,258829.0,258829.0,258828.0,258829.0,0.009125
1786866000,258828.0,258829.0,258828.0,258829.0,0.014251
1786866300,258828.0,258829.0,258828.0,258829.0,0.013482
1786866600,258828.0,258829.0,258828.0,258829.0,0.024767
1786866900,258828.0,258828.0,258828.0,258828.0,0.003774
1786867200,258829.0,258829.0,258828.0,258828.0,0.104543
1786867500,258828.0,258829.0,258828.0,258828.0,0.005315
1786867800,258829.0,258829.0,258829.0,258829.0,0.006417
1786868100,258828.0,258829.0,258828.0,258829.0,0.010559
1786868400,258828.0,258829.0,258828.0,258829.0,0.006358
1786868700,258829.0,258829.0,258828.0,258829.0,0.007576
1786869000,258829.0,258829.0,258828.0,258828.0,0.01595
1786869300,258829.0,258829.0,258724.0,258724.0,0.131741
1786869600,258728.0,258729.0,258728.0,258729.0,0.015273
1786869900,258728.0,258729.0,258728.0,258729.0,0.031724
1786870200,258729.0,258729.0,258605.0,258694.0,0.225659
1786870500,258693.0,258694.0,258693.0,258693.0,0.013585
1786870800,258694.0,258694.0,258694.0,258694.0,0.005844
1786871100,258694.0,258694.0,258694.0,258694.0,0.000876
1786871400,258694.0,258694.0,258694.0,258694.0,0.003259
1786871700,258694.0,258694.0,258693.0,258694.0,0.034616
1786872000,258694.0,258694.0,258694.0,258694.0,0.009411
1786872300,258694.0,258694.0,258693.0,258694.0,0.010994
1786872600,258694.0,258694.0,258691.0,258691.0,0.007383
1786872900,258691.0,258691.0,258690.0,258691.0,0.031232
1786873200,258690.0,258690.0,258626.0,258626.0,0.007752
1786873500,258626.0,258627.0,258626.0,258627.0,0.003971
1786873800,258627.0,258627.0,258626.0,258626.0,0.015704
1786874100,258626.0,258627.0,258604.0,258605.0,0.011903
1786874400,258605.0,258605.0,258605.0,258605.0,0.000193
1786874700,258604.0,258605.0,258604.0,258605.0,0.002664
1786875000,258604.0,258605.0,258604.0,258604.0,0.001968
1786875300,258604.0,258605.0,258604.0,258605.0,0.014073
1786875600,258604.0,258604.0,258600.0,258601.0,0.011998
1786875900,258600.0,258601.0,258600.0,258601.0,0.001153
1786876200,258601.0,258601.0,258601.0,258601.0,0.006023
1786876500,258600.0,258601.0,258600.0,258600.0,0.018431
1786876800,258601.0,258601.0,258601.0,258601.0,0.001425
1786877100,258601.0,258601.0,258601.0,258601.0,0.037313
1786877400,258601.0,258601.0,258601.0,258601.0,0.02324
1786877700,258601.0,258601.0,258600.0,258600.0,0.004856
1786878000,258600.0,258601.0,258600.0,258600.0,0.003417
1786878300,258601.0,258601.0,258600.0,258600.0,0.02341
1786878600,258601.0,258601.0,258564.0,258564.0,0.004936
1786878900,258553.0,258553.0,258501.0,258501.0,0.063362
1786879200,258500.0,258501.0,258500.0,258500.0,0.104008
1786879500,258501.0,258501.0,258501.0,258501.0,0.00253
1786879800,258501.0,258501.0,258458.0,258458.0,0.027923
1786880100,258458.0,258458.0,258457.0,258457.0,0.054151
1786880400,258458.0,258458.0,258458.0,258458.0,0.02137
1786880700,258458.0,258458.0,258451.0,258452.0,0.006228
1786881000,258452.0,258452.0,258451.0,258451.0,0.002585
1786881300,258451.0,258452.0,258451.0,258452.0,0.011368
1786881600,258452.0,258452.0,258451.0,258452.0,0.0275
1786881900,258452.0,258503.0,258452.0,258502.0,0.002657
1786882200,258503.0,258503.0,258503.0,258503.0,0.001677
1786882500,258503.0,258503.0,258503.0,258503.0,0.022917
1786882800,258502.0,258503.0,258502.0,258503.0,0.004983
1786883100,258502.0,258503.0,258502.0,258502.0,0.004706
1786883400,258503.0,258503.0,258502.0,258503.0,0.045487
1786883700,258502.0,258503.0,258502.0,258503.0,0.004452
1786884000,258503.0,258503.0,258503.0,258503.0,0.012779
1786884300,258502.0,258503.0,258502.0,258503.0,0.001653
1786884600,258503.0,258503.0,258502.0,258502.0,0.017253
1786884900,258503.0,258503.0,258503.0,258503.0,0.002616
1786885200,258503.0,258503.0,258502.0,258502.0,0.011213
1786885500,258502.0,258504.0,258502.0,258503.0,0.04176
1786885800,258504.0,258504.0,258503.0,258503.0,0.008378
1786886100,258503.0,258634.0,258503.0,258634.0,0.010948
1786886400,258634.0,258634.0,258633.0,258634.0,0.031051
1786886700,258634.0,258635.0,258634.0,258635.0,0.002558
1786887000,258635.0,258635.0,258634.0,258635.0,0.042011
1786887300,258636.0,258664.0,258636.0,258664.0,0.179346
1786887600,258664.0,258664.0,258663.0,258664.0,0.003794
1786887900,258664.0,258664.0,258663.0,258664.0,0.045491
1786888200,258664.0,258664.0,258664.0,258664.0,0.001095
1786888500,258664.0,258664.0,258663.0,258664.0,0.028418
1786888800,258663.0,258664.0,258663.0,258664.0,0.001068
1786889100,258664.0,258664.0,258663.0,258663.0,0.002814
1786889400,258664.0,258664.0,258627.0,258628.0,0.146838
1786889700,258628.0,258628.0,258628.0,258628.0,0.003486
1786890000,258628.0,258698.0,258628.0,258698.0,0.009867
1786890300,258698.0,258698.0,258697.0,258697.0,0.115665
1786890600,258613.0,258694.0,258612.0,258694.0,0.048738
1786890900,258694.0,258694.0,258694.0,258694.0,0.000207
1786891200,258694.0,258694.0,258693.0,258694.0,0.021088
1786891500,258693.0,258694.0,258693.0,258693.0,0.010537
1786891800,258694.0,258694.0,258694.0,258694.0,0.00511
1786892100,258693.0,258694.0,258693.0,258694.0,0.000962
1786892400,258693.0,258694.0,258693.0,258694.0,0.001114
1786892700,258694.0,258694.0,258693.0,258693.0,0.030521
1786893000,258694.0,258694.0,258694.0,258694.0,0.020594
1786893300,258693.0,258693.0,258693.0,258693.0,0.010538
1786893600,258694.0,258694.0,258693.0,258693.0,0.001809
1786893900,258694.0,258694.0,258693.0,258694.0,0.007479
1786894200,258693.0,258694.0,258693.0,258694.0,0.003032
1786894500,258693.0,258694.0,258693.0,258693.0,0.019738
1786894800,258694.0,258694.0,258693.0,258693.0,0.020735
1786895100,258693.0,258693.0,258631.0,258631.0,1.553883
1786895400,258626.0,258627.0,258626.0,258627.0,0.021014
1786895700,258626.0,258627.0,258626.0,258627.0,0.01616
1786896000,258626.0,258627.0,258626.0,258626.0,0.085232
1786896300,258625.0,258625.0,258551.0,258551.0,0.076366
1786896600,258553.0,258626.0,258553.0,258614.0,0.004301
1786896900,258626.0,258700.0,258625.0,258700.0,0.963512
1786897200,258700.0,258700.0,258700.0,258700.0,0.004965
1786897500,258700.0,259095.0,258700.0,259095.0,0.03786
1786897800,259097.0,259161.0,259097.0,259161.0,0.004103
1786898100,259187.0,259187.0,259111.0,259117.0,0.002047
1786898400,259095.0,259095.0,259094.0,259094.0,0.002386
1786898700,259095.0,259095.0,259095.0,259095.0,0.000219
1786899000,259094.0,259094.0,258640.0,258640.0,0.043836
1786899300,258674.0,258952.0,258672.0,258672.0,0.004588
1786899600,258671.0,258671.0,258620.0,258620.0,0.005877
1786899900,258620.0,258620.0,258620.0,258620.0,0.000759
1786900200,258619.0,258619.0,258618.0,258618.0,0.002097
1786900500,258618.0,258619.0,258618.0,258619.0,0.001805
1786900800,258619.0,258619.0,258619.0,258619.0,0.038667
1786901100,258619.0,258619.0,258619.0,258619.0,0.001761
1786901400,258619.0,258619.0,258619.0,258619.0,0.000913
1786901700,258554.0,258554.0,258554.0,258554.0,0.00384
1786902000,258554.0,258554.0,258552.0,258552.0,0.000711
1786902300,258552.0,258552.0,258552.0,258552.0,0.0
1786902600,258552.0,258552.0,258552.0,258552.0,0.000752
1786902900,258552.0,258552.0,258552.0,258552.0,0.0
1786903200,258552.0,258552.0,258552.0,258552.0,0.0
1786903500,258552.0,258552.0,258551.0,258552.0,0.004875
1786903800,258552.0,258552.0,258552.0,258552.0,0.0
1786904100,258504.0,258504.0,258504.0,258504.0,0.000423
1786904400,258504.0,258504.0,258504.0,258504.0,0.004133
1786904700,258504.0,258504.0,258504.0,258504.0,0.000682
1786905000,258504.0,258504.0,258503.0,258503.0,0.000354
1786905300,258503.0,258504.0,258503.0,258504.0,0.000918
1786905600,258504.0,258504.0,258504.0,258504.0,0.0
1786905900,258504.0,258504.0,258504.0,258504.0,0.006305
1786906200,258504.0,258504.0,258504.0,258504.0,0.000595
1786906500,258504.0,258504.0,258504.0,258504.0,0.000244
1786906800,258504.0,258504.0,258504.0,258504.0,0.0115
1786907100,258503.0,258504.0,258503.0,258504.0,0.022095
1786907400,258504.0,258504.0,258504.0,258504.0,0.001639
1786907700,258504.0,258504.0,258504.0,258504.0,0.0
1786908000,258504.0,258504.0,258504.0,258504.0,0.0
1786908300,258503.0,258503.0,258503.0,258503.0,0.000375
1786908600,258503.0,258503.0,258503.0,258503.0,0.0
1786908900,258518.0,258518.0,258518.0,258518.0,0.02436
1786909200,258518.0,258518.0,258518.0,258518.0,0.0
1786909500,258517.0,258518.0,258517.0,258517.0,0.001609
1786909800,258503.0,258503.0,258503.0,258503.0,0.000165
1786910100,258503.0,258503.0,258503.0,258503.0,0.0
1786910400,258503.0,258503.0,258503.0,258503.0,0.0
1786910700,258503.0,258503.0,258503.0,258503.0,0.0
1786911000,258503.0,258503.0,258503.0,258503.0,0.003492
1786911300,258503.0,258503.0,258503.0,258503.0,0.0
1786911600,258503.0,258503.0,258503.0,258503.0,0.000464
1786911900,258503.0,258503.0,258503.0,258503.0,0.0
1786912200,258503.0,258503.0,258503.0,258503.0,0.0
1786912500,258502.0,258503.0,258502.0,258503.0,0.001493
1786912800,258502.0,258502.0,258451.0,258451.0,0.031607
1786913100,258451.0,258452.0,258451.0,258452.0,0.002964
1786913400,258450.0,258450.0,258439.0,258439.0,0.006776
1786913700,258439.0,258439.0,258439.0,258439.0,0.0
1786914000,258439.0,258439.0,258439.0,258439.0,0.0
1786914300,258439.0,258439.0,258439.0,258439.0,0.0
1786914600,258439.0,258439.0,258439.0,258439.0,0.0
1786914900,258439.0,258439.0,258439.0,258439.0,0.0
1786915200,258400.0,258400.0,258400.0,258400.0,0.009191
1786915500,258400.0,258400.0,258400.0,258400.0,0.0
1786915800,258335.0,258335.0,258335.0,258335.0,0.001197
1786916100,258334.0,258334.0,258334.0,258334.0,0.00139
1786916400,258333.0,258333.0,257688.0,257688.0,0.038105
1786916700,257763.0,257951.0,257763.0,257950.0,0.019887
1786917000,257910.0,257910.0,257910.0,257910.0,0.000981
1786917300,257893.0,257893.0,257892.0,257893.0,0.026088
1786917600,257687.0,257687.0,257307.0,257307.0,0.1539
1786917900,257308.0,257308.0,257308.0,257308.0,0.003099
1786918200,257308.0,257308.0,257308.0,257308.0,0.001896
1786918500,257308.0,257308.0,257308.0,257308.0,0.005326
1786918800,257308.0,257308.0,257307.0,257308.0,0.001121
1786919100,257308.0,257308.0,257307.0,257307.0,0.002379
1786919400,257308.0,257308.0,257122.0,257122.0,0.03231
1786919700,257101.0,257101.0,257101.0,257101.0,0.000971
1786920000,257101.0,257101.0,257100.0,257101.0,0.004936
1786920300,257101.0,257101.0,257101.0,257101.0,0.001206
1786920600,257194.0,257240.0,257194.0,257240.0,0.025561
1786920900,257240.0,257289.0,257239.0,257289.0,0.003406
1786921200,257289.0,257681.0,257289.0,257681.0,0.144598
1786921500,257543.0,257672.0,257543.0,257672.0,0.020225
1786921800,257681.0,257710.0,257641.0,257641.0,0.065786
1786922100,257642.0,257642.0,257642.0,257642.0,0.000194
1786922400,257540.0,257568.0,257540.0,257568.0,0.000792
1786922700,257536.0,257536.0,257263.0,257263.0,0.005606
1786923000,257316.0,257316.0,257297.0,257297.0,0.002404
1786923300,257296.0,257434.0,257296.0,257400.0,0.006062
1786923600,257399.0,257399.0,257352.0,257393.0,0.003111
1786923900,257393.0,257393.0,257393.0,257393.0,0.003707
1786924200,257393.0,257393.0,257393.0,257393.0,0.001043
1786924500,257393.0,257393.0,257393.0,257393.0,0.001178
1786924800,257392.0,257393.0,257392.0,257393.0,0.00292
1786925100,257436.0,257436.0,257435.0,257436.0,0.105991
1786925400,257436.0,257436.0,257435.0,257435.0,0.00957
1786925700,257436.0,257436.0,257435.0,257436.0,0.014087
1786926000,257436.0,257436.0,257435.0,257435.0,0.001693
1786926300,257417.0,257417.0,257251.0,257251.0,0.059806
1786926600,257251.0,257252.0,257002.0,257003.0,0.012505
1786926900,257002.0,257002.0,257001.0,257002.0,0.138376
1786927200,257001.0,257270.0,257001.0,257270.0,0.011985
1786927500,257417.0,257417.0,257286.0,257286.0,0.006618
1786927800,257219.0,257320.0,257201.0,257320.0,0.008516
1786928100,257282.0,257326.0,257282.0,257326.0,0.000556
1786928400,257327.0,258512.0,257327.0,258411.0,0.046975
1786928700,258206.0,258471.0,258177.0,258177.0,0.015932
1786929000,258177.0,258177.0,258071.0,258071.0,0.051302
1786929300,258008.0,258022.0,258007.0,258022.0,0.027
1786929600,258022.0,258164.0,258021.0,258163.0,0.011637
1786929900,258164.0,258242.0,258164.0,258242.0,0.013717
1786930200,258449.0,258449.0,258448.0,258449.0,0.009106
1786930500,258449.0,258449.0,258379.0,258379.0,0.011605
1786930800,258379.0,258508.0,258379.0,258508.0,0.01465
1786931100,258507.0,258508.0,258418.0,258418.0,0.066908
1786931400,258506.0,258506.0,258302.0,258302.0,0.010311
1786931700,258303.0,258303.0,258162.0,258162.0,0.017426
1786932000,258162.0,258163.0,258012.0,258013.0,0.008348
1786932300,258012.0,258013.0,258010.0,258010.0,0.145653
1786932600,258009.0,258009.0,258003.0,258004.0,0.05559
1786932900,258000.0,258001.0,258000.0,258001.0,0.006715
1786933200,258001.0,258001.0,258000.0,258000.0,0.022695
1786933500,258000.0,258002.0,258000.0,258002.0,0.017846
1786933800,258002.0,258684.0,258001.0,258683.0,0.158967
1786934100,258683.0,258684.0,258653.0,258653.0,0.007861
1786934400,258575.0,258575.0,258398.0,258398.0,0.024903
1786934700,258421.0,258453.0,258421.0,258453.0,0.014514
1786935000,258486.0,259131.0,258486.0,259130.0,0.06973
1786935300,259131.0,259131.0,259130.0,259131.0,0.04774
1786935600,259130.0,259131.0,259130.0,259131.0,0.026611
1786935900,259131.0,259131.0,259130.0,259130.0,0.002462
1786936200,259131.0,259131.0,259130.0,259130.0,0.003228
1786936500,259130.0,259131.0,259130.0,259130.0,0.001798
1786936800,259130.0,259131.0,259130.0,259131.0,0.005164
1786937100,259130.0,259131.0,259130.0,259131.0,0.008708
1786937400,259130.0,259131.0,258920.0,258921.0,0.011528
1786937700,258803.0,258803.0,258802.0,258802.0,0.019342
1786938000,258802.0,258802.0,258782.0,258782.0,0.027083
1786938300,258782.0,258782.0,258782.0,258782.0,0.003934
1786938600,258789.0,258993.0,258789.0,258993.0,0.010383
1786938900,259048.0,259048.0,258954.0,258955.0,0.008637
1786939200,259031.0,259047.0,258958.0,259047.0,0.028368
1786939500,259047.0,259047.0,259046.0,259047.0,0.014331
1786939800,259047.0,259047.0,259046.0,259046.0,0.010385
1786940100,259047.0,259047.0,259046.0,259047.0,0.034357
1786940400,259047.0,259047.0,259046.0,259047.0,0.035533
1786940700,259041.0,259041.0,259032.0,259032.0,0.023264
1786941000,259032.0,259044.0,259031.0,259044.0,0.043385
1786941300,259044.0,259044.0,259043.0,259043.0,0.010899
1786941600,259044.0,259044.0,259043.0,259044.0,0.006729
1786941900,259043.0,259048.0,259043.0,259048.0,0.013115
1786942200,259048.0,259131.0,259047.0,259131.0,0.026917
1786942500,259135.0,259136.0,259135.0,259135.0,0.009594
1786942800,259135.0,259135.0,259135.0,259135.0,0.016142
1786943100,259135.0,259135.0,259054.0,259054.0,0.043858
1786943400,259054.0,259177.0,259053.0,259177.0,0.043798
1786943700,259177.0,259177.0,259176.0,259176.0,0.022249
1786944000,259175.0,259176.0,259175.0,259176.0,0.077346
1786944300,259177.0,259177.0,259049.0,259049.0,0.040723
1786944600,259049.0,259049.0,259015.0,259015.0,0.107634
1786944900,259000.0,259000.0,258602.0,258712.0,0.178812
1786945200,258737.0,258777.0,258622.0,258651.0,0.194949
1786945500,258677.0,258677.0,258676.0,258677.0,0.021183
1786945800,258676.0,258677.0,258676.0,258677.0,0.041762
1786946100,258980.0,259068.0,258957.0,259017.0,0.020803
1786946400,258957.0,259007.0,258956.0,258963.0,0.008729
1786946700,258940.0,259124.0,258940.0,259124.0,0.041381
1786947000,259127.0,259200.0,259127.0,259129.0,0.009386
1786947300,259129.0,259131.0,259125.0,259131.0,0.016648
1786947600,259098.0,259126.0,259048.0,259060.0,0.042687
1786947900,259130.0,259130.0,259130.0,259130.0,0.016132
1786948200,259123.0,259127.0,259107.0,259108.0,0.115607
1786948500,259108.0,259108.0,259107.0,259108.0,0.01893
1786948800,259107.0,259108.0,259107.0,259107.0,0.003657
1786949100,259108.0,259447.0,259107.0,259332.0,0.094028
1786949400,259416.0,259416.0,259224.0,259313.0,0.031879
1786949700,259203.0,259203.0,259200.0,259200.0,0.153799
1786950000,259074.0,259074.0,258837.0,258837.0,0.020202
1786950300,258837.0,258982.0,258836.0,258982.0,0.021919
1786950600,258981.0,258981.0,258981.0,258981.0,0.001968
1786950900,258980.0,258980.0,258902.0,258902.0,0.000956
1786951200,258901.0,258901.0,258868.0,258868.0,0.010345
1786951500,258869.0,258869.0,258868.0,258868.0,0.004962
1786951800,258869.0,258869.0,258868.0,258868.0,0.011273
1786952100,258869.0,258869.0,258868.0,258868.0,0.003487
1786952400,258868.0,258869.0,258868.0,258869.0,0.013358
1786952700,258869.0,258869.0,258869.0,258869.0,0.012092
1786953000,258868.0,258869.0,258868.0,258869.0,0.018174
1786953300,258869.0,258869.0,258868.0,258868.0,0.05257
1786953600,258867.0,258867.0,258850.0,258851.0,0.004456
1786953900,258851.0,258851.0,258850.0,258851.0,0.044259
1786954200,258850.0,258851.0,258543.0,258551.0,0.035668
1786954500,258546.0,258546.0,258544.0,258544.0,0.017381
1786954800,258544.0,258544.0,258544.0,258544.0,0.003816
1786955100,258544.0,258544.0,258543.0,258544.0,0.012265
1786955400,258543.0,258544.0,258543.0,258543.0,0.056964
1786955700,258543.0,258543.0,258247.0,258401.0,0.112256
1786956000,258035.0,258035.0,258002.0,258002.0,0.000787
1786956300,258002.0,258002.0,258001.0,258001.0,0.079419
1786956600,258000.0,258001.0,258000.0,258001.0,0.016375
1786956900,258001.0,258001.0,258000.0,258001.0,0.009571
1786957200,258000.0,258001.0,258000.0,258000.0,0.054215
1786957500,258001.0,258005.0,258001.0,258005.0,0.004452
1786957800,258005.0,258005.0,258004.0,258004.0,0.027011
1786958100,258005.0,258130.0,258005.0,258130.0,0.008318
1786958400,258130.0,258130.0,258040.0,258041.0,0.169366
1786958700,258040.0,258041.0,257880.0,257880.0,0.370701
1786959000,257880.0,257880.0,257793.0,257793.0,0.019479
1786959300,257793.0,257793.0,257793.0,257793.0,0.000986
1786959600,257793.0,257793.0,257018.0,257631.0,0.372342
1786959900,257036.0,257595.0,257021.0,257524.0,0.289019
1786960200,257524.0,257628.0,257524.0,257627.0,0.01218
1786960500,257628.0,257628.0,257083.0,257609.0,0.007842
1786960800,257609.0,257701.0,257276.0,257701.0,0.003481
1786961100,257701.0,257701.0,257701.0,257701.0,0.007292
1786961400,257701.0,257701.0,257701.0,257701.0,0.104863
1786961700,257774.0,257774.0,257684.0,257684.0,0.001337
1786962000,257652.0,257686.0,257652.0,257686.0,0.00798
1786962300,257796.0,257812.0,257796.0,257811.0,0.009197
1786962600,257812.0,258133.0,257812.0,258133.0,0.038149
1786962900,258150.0,258431.0,258149.0,258431.0,0.009134
1786963200,258408.0,258453.0,258408.0,258453.0,0.003049
1786963500,258453.0,258628.0,258453.0,258628.0,0.022055
1786963800,258629.0,258629.0,258628.0,258628.0,0.004252
1786964100,258629.0,258814.0,258629.0,258814.0,0.003516
1786964400,258873.0,258874.0,258837.0,258871.0,0.013107
1786964700,258872.0,258872.0,258783.0,258783.0,0.009639
1786965000,258782.0,258783.0,258782.0,258783.0,0.079322
1786965300,258783.0,258783.0,258783.0,258783.0,0.012076
1786965600,258783.0,258859.0,258783.0,258859.0,0.007257
1786965900,258858.0,258859.0,258858.0,258859.0,0.008459
1786966200,258843.0,258872.0,258843.0,258872.0,0.005735
1786966500,258871.0,258871.0,258802.0,258851.0,0.053691
1786966800,258851.0,258856.0,258835.0,258848.0,0.014979
1786967100,258848.0,259000.0,258848.0,259000.0,0.274966
1786967400,259000.0,259000.0,258999.0,259000.0,0.018601
1786967700,259000.0,259000.0,258809.0,258809.0,0.033096
1786968000,258810.0,258810.0,258809.0,258810.0,0.00505
1786968300,258809.0,258810.0,258809.0,258810.0,0.012243
1786968600,258810.0,258810.0,258810.0,258810.0,0.002724
1786968900,258810.0,258810.0,258809.0,258810.0,0.006779
1786969200,258810.0,258810.0,258809.0,258810.0,0.010345
1786969500,258810.0,258810.0,258630.0,258630.0,0.059293
1786969800,258631.0,258659.0,258631.0,258634.0,0.008013
1786970100,258675.0,258675.0,258639.0,258639.0,0.003432
1786970400,258639.0,258639.0,258638.0,258638.0,0.021347
1786970700,258754.0,258754.0,258709.0,258724.0,0.002668
1786971000,258724.0,258724.0,258692.0,258692.0,0.004795
1786971300,258693.0,258693.0,258692.0,258693.0,0.033812
1786971600,258693.0,258693.0,258693.0,258693.0,0.009458
1786971900,258693.0,258693.0,258692.0,258693.0,0.008425
1786972200,258692.0,258693.0,258692.0,258693.0,0.009042
1786972500,258692.0,258692.0,258638.0,258639.0,0.038485
1786972800,258638.0,258638.0,258601.0,258602.0,0.021176
1786973100,258601.0,258602.0,258601.0,258601.0,0.217585
1786973400,258602.0,258883.0,258600.0,258883.0,0.052976
1786973700,259019.0,259143.0,259018.0,259070.0,0.007848
1786974000,259070.0,259168.0,259069.0,259168.0,0.02725
1786974300,259167.0,259167.0,258526.0,258863.0,0.247665
1786974600,259045.0,259046.0,258899.0,258964.0,0.085563
1786974900,258811.0,258868.0,258771.0,258868.0,0.042143
1786975200,258869.0,258960.0,258869.0,258960.0,0.003302
1786975500,258840.0,258840.0,258839.0,258840.0,0.005436
1786975800,258840.0,258999.0,258840.0,258999.0,0.006656
1786976100,258999.0,258999.0,258998.0,258999.0,0.002979
1786976400,258927.0,258936.0,258803.0,258809.0,0.003146
1786976700,258814.0,258814.0,258746.0,258746.0,0.023591
1786977000,258747.0,258747.0,258747.0,258747.0,0.004766
1786977300,258708.0,258725.0,258522.0,258522.0,0.021681
1786977600,258570.0,258683.0,258569.0,258627.0,0.04882
1786977900,258680.0,258698.0,258648.0,258698.0,0.060241
1786978200,258698.0,259036.0,258697.0,259036.0,0.998821
1786978500,259030.0,259038.0,259030.0,259038.0,0.013881
1786978800,259351.0,259620.0,259350.0,259620.0,0.119774
1786979100,259618.0,259869.0,259618.0,259789.0,0.011784
1786979400,259867.0,259914.0,259689.0,259690.0,0.195774
1786979700,259636.0,259636.0,259500.0,259501.0,0.024789
1786980000,259500.0,259501.0,259500.0,259500.0,0.007078
1786980300,259501.0,259501.0,259501.0,259501.0,0.014985
1786980600,259998.0,259998.0,259997.0,259998.0,0.00624
1786980900,259998.0,259998.0,259997.0,259998.0,0.019964
1786981200,259998.0,259998.0,259998.0,259998.0,0.0227
1786981500,259998.0,260099.0,259997.0,260099.0,0.197635
1786981800,260100.0,260892.0,260100.0,260486.0,0.156042
1786982100,260487.0,260811.0,260487.0,260656.0,0.034274
1786982400,260813.0,260813.0,260813.0,260813.0,0.000468
1786982700,260812.0,260812.0,260652.0,260652.0,0.009207
1786983000,260652.0,260652.0,260652.0,260652.0,0.0
1786983300,260395.0,260395.0,260395.0,260395.0,0.0002
1786983600,260417.0,260533.0,260319.0,260371.0,0.031892
1786983900,260460.0,260460.0,260460.0,260460.0,0.002123
1786984200,260459.0,260459.0,260459.0,260459.0,0.002112
1786984500,260506.0,260559.0,260505.0,260559.0,0.009131
1786984800,260646.0,260646.0,260646.0,260646.0,0.001564
1786985100,260596.0,260596.0,260596.0,260596.0,0.000224
1786985400,260596.0,260596.0,260479.0,260479.0,0.05431
1786985700,260479.0,260479.0,260442.0,260442.0,0.002901
1786986000,260460.0,260460.0,260459.0,260459.0,0.000523
1786986300,260459.0,260459.0,260459.0,260459.0,0.0
1786986600,260400.0,260400.0,260400.0,260400.0,0.00256
1786986900,260001.0,260482.0,260001.0,260482.0,0.015228
1786987200,260997.0,261255.0,260997.0,261255.0,0.029562
1786987500,261020.0,261020.0,261020.0,261020.0,0.000192
1786987800,260985.0,260985.0,260743.0,260744.0,0.014399
1786988100,260744.0,260744.0,260744.0,260744.0,0.0
1786988400,261136.0,261136.0,261136.0,261136.0,0.000387
1786988700,261255.0,261255.0,261255.0,261255.0,0.003767
1786989000,261246.0,261246.0,261245.0,261246.0,0.001603
1786989300,261253.0,261255.0,261253.0,261255.0,0.004116
1786989600,261255.0,261255.0,261255.0,261255.0,0.0
1786989900,261256.0,261257.0,261256.0,261257.0,0.003719
1786990200,261257.0,261257.0,261257.0,261257.0,0.000451
1786990500,261356.0,261499.0,261356.0,261499.0,0.000622
1786990800,261498.0,261888.0,261498.0,261888.0,0.02512
1786991100,261889.0,261996.0,261889.0,261926.0,0.002198
1786991400,261996.0,261996.0,261758.0,261758.0,0.029903
1786991700,261758.0,261860.0,261758.0,261860.0,0.000749
1786992000,261860.0,261860.0,261860.0,261860.0,0.005728
1786992300,261878.0,261878.0,261819.0,261819.0,0.004635
1786992600,261930.0,261930.0,261808.0,261808.0,0.005062
1786992900,261758.0,261758.0,261758.0,261758.0,0.002541
1786993200,261552.0,261552.0,261471.0,261471.0,0.000906
1786993500,261661.0,261661.0,261661.0,261661.0,0.00052
1786993800,261443.0,261443.0,261443.0,261443.0,0.00069
1786994100,261486.0,261486.0,261486.0,261486.0,0.00129
1786994400,261443.0,261628.0,261443.0,261628.0,0.001352
1786994700,261628.0,261628.0,261628.0,261628.0,0.0
1786995000,261628.0,261628.0,261628.0,261628.0,0.0
1786995300,261628.0,261628.0,261628.0,261628.0,0.0
1786995600,261628.0,261628.0,261628.0,261628.0,0.0
1786995900,261485.0,261490.0,261485.0,261490.0,0.007846
1786996200,261442.0,261443.0,261442.0,261443.0,0.00067
1786996500,261302.0,261302.0,261302.0,261302.0,0.003728
1786996800,261302.0,261302.0,261302.0,261302.0,0.0
1786997100,261321.0,261321.0,261321.0,261321.0,0.00017
1786997400,261321.0,261321.0,261321.0,261321.0,0.0
1786997700,261346.0,261346.0,261267.0,261267.0,0.029638
1786998000,261415.0,261415.0,261415.0,261415.0,0.000308
1786998300,261502.0,261502.0,261502.0,261502.0,0.000943
1786998600,261502.0,261502.0,261502.0,261502.0,0.0
1786998900,261542.0,261542.0,261542.0,261542.0,0.000314
1786999200,261542.0,261542.0,261542.0,261542.0,0.0
1786999500,261642.0,261642.0,261642.0,261642.0,0.000386
1786999800,261437.0,261437.0,261437.0,261437.0,0.00055
1787000100,261635.0,261635.0,261635.0,261635.0,0.010904
1787000400,261636.0,261636.0,261636.0,261636.0,0.000616
1787000700,261623.0,261623.0,261623.0,261623.0,0.000183
1787001000,261625.0,261625.0,261625.0,261625.0,0.002688
1787001300,261551.0,261551.0,261551.0,261551.0,0.000191
1787001600,261453.0,261453.0,261453.0,261453.0,0.00037
1787001900,261453.0,261453.0,261453.0,261453.0,0.0
1787002200,261435.0,261435.0,261435.0,261435.0,0.000261
1787002500,261435.0,261435.0,261323.0,261323.0,0.001539
1787002800,261323.0,261323.0,261323.0,261323.0,0.0
1787003100,261557.0,261557.0,261557.0,261557.0,0.000382
1787003400,261557.0,261557.0,261557.0,261557.0,0.0
1787003700,261600.0,261612.0,261530.0,261612.0,0.006111
1787004000,261545.0,261566.0,261545.0,261566.0,0.00055
1787004300,261436.0,261436.0,261436.0,261436.0,0.000466
1787004600,261436.0,261436.0,261436.0,261436.0,0.0
1787004900,261363.0,261364.0,261363.0,261364.0,0.008681
1787005200,261364.0,261364.0,261363.0,261363.0,0.050981
1787005500,261322.0,261322.0,261297.0,261297.0,0.005237
1787005800,261297.0,261297.0,261296.0,261297.0,0.015362
1787006100,261361.0,261361.0,261361.0,261361.0,0.002595
1787006400,261361.0,261361.0,261360.0,261361.0,0.019533
1787006700,261361.0,261361.0,261301.0,261301.0,0.000279
1787007000,261301.0,261362.0,261299.0,261299.0,0.005512
1787007300,261299.0,261299.0,261296.0,261297.0,0.010284
1787007600,261297.0,261297.0,261296.0,261296.0,0.022837
1787007900,261297.0,261297.0,261297.0,261297.0,0.008686
1787008200,261296.0,261297.0,261296.0,261297.0,0.000753
1787008500,261297.0,261297.0,261297.0,261297.0,0.000736
1787008800,261296.0,261297.0,261296.0,261296.0,0.040542
1787009100,261297.0,261508.0,261296.0,261507.0,0.106297
1787009400,261507.0,261784.0,261507.0,261784.0,0.086486
1787009700,261786.0,261916.0,261786.0,261916.0,0.008175
1787010000,261916.0,261916.0,261915.0,261916.0,0.02265
1787010300,261916.0,261916.0,261915.0,261915.0,0.009927
1787010600,261916.0,261916.0,261916.0,261916.0,0.001572
1787010900,261916.0,262000.0,261915.0,262000.0,0.005881
1787011200,262000.0,262000.0,261859.0,261859.0,0.01203
1787011500,261859.0,261859.0,261727.0,261727.0,0.027846
1787011800,261728.0,261728.0,261440.0,261505.0,0.082909
1787012100,261709.0,261709.0,261649.0,261672.0,0.006869
1787012400,261671.0,261814.0,261671.0,261814.0,0.023924
1787012700,261875.0,261875.0,261735.0,261735.0,0.026341
1787013000,261735.0,261735.0,261652.0,261652.0,0.022259
1787013300,261653.0,261696.0,261652.0,261695.0,0.005868
1787013600,261696.0,261696.0,261696.0,261696.0,0.004127
1787013900,261696.0,261696.0,261541.0,261541.0,0.001533
1787014200,261541.0,261541.0,261459.0,261459.0,0.000842
1787014500,261459.0,261460.0,261446.0,261446.0,0.012717
1787014800,261434.0,261434.0,261170.0,261170.0,0.005574
1787015100,261174.0,261174.0,261129.0,261129.0,0.006731
1787015400,261130.0,261157.0,261129.0,261157.0,0.054029
1787015700,261157.0,261157.0,261156.0,261157.0,0.006718
1787016000,261157.0,261157.0,261156.0,261157.0,0.042533
1787016300,261157.0,261157.0,261156.0,261157.0,0.134439
1787016600,261157.0,261157.0,261156.0,261156.0,0.008546
1787016900,261157.0,261157.0,261156.0,261157.0,0.028723
1787017200,261157.0,261157.0,261130.0,261130.0,0.049028
1787017500,261131.0,261131.0,261051.0,261052.0,0.002133
1787017800,261051.0,261052.0,260996.0,260996.0,0.020635
1787018100,260996.0,260996.0,260996.0,260996.0,0.002593
1787018400,260996.0,260996.0,260995.0,260995.0,0.034892
1787018700,260996.0,260996.0,260995.0,260996.0,0.063663
1787019000,260995.0,260996.0,260995.0,260996.0,0.018858
1787019300,260996.0,260996.0,260995.0,260996.0,0.020622
1787019600,260996.0,260996.0,260995.0,260996.0,0.016829
1787019900,260996.0,260996.0,260994.0,260994.0,0.030587
1787020200,260995.0,260995.0,260994.0,260995.0,0.021081
1787020500,260973.0,260973.0,260973.0,260973.0,0.007721
1787020800,260973.0,260973.0,260972.0,260972.0,0.001257
1787021100,260972.0,260972.0,260646.0,260646.0,0.01971
1787021400,260645.0,260646.0,260645.0,260646.0,0.008916
1787021700,260646.0,260646.0,260645.0,260645.0,0.009084
1787022000,260645.0,260646.0,260645.0,260646.0,0.007232
1787022300,260646.0,260646.0,260645.0,260646.0,0.038836
1787022600,260645.0,260646.0,260645.0,260646.0,0.018177
1787022900,260646.0,260646.0,260645.0,260646.0,0.031748
1787023200,260646.0,260646.0,260646.0,260646.0,0.043854
1787023500,260646.0,260646.0,260645.0,260646.0,0.101852
1787023800,260646.0,260646.0,260644.0,260644.0,0.025702
1787024100,260645.0,260645.0,260645.0,260645.0,0.006094
1787024400,260645.0,260645.0,260644.0,260645.0,0.012085
1787024700,260645.0,260645.0,260644.0,260645.0,0.009487
1787025000,260645.0,260645.0,260644.0,260645.0,0.0163
1787025300,260644.0,260646.0,260644.0,260646.0,0.039289
1787025600,260646.0,260646.0,260646.0,260646.0,0.003251
1787025900,260646.0,260646.0,260645.0,260645.0,0.004739
1787026200,260646.0,260646.0,260646.0,260646.0,0.00187
1787026500,260646.0,260646.0,260646.0,260646.0,0.00361
1787026800,260646.0,260646.0,260645.0,260646.0,0.16173
1787027100,260646.0,260646.0,260645.0,260645.0,0.008779
1787027400,260646.0,260646.0,260645.0,260646.0,0.075853
1787027700,260646.0,260700.0,260646.0,260700.0,0.012115
1787028000,260700.0,260839.0,260700.0,260839.0,0.016224
1787028300,260839.0,260839.0,260838.0,260839.0,0.010786
1787028600,260839.0,260839.0,260838.0,260839.0,0.010364
1787028900,260839.0,260839.0,260838.0,260838.0,0.130194
1787029200,260839.0,260839.0,260813.0,260813.0,0.003739
1787029500,260831.0,260834.0,260831.0,260834.0,0.005665
1787029800,260839.0,260999.0,260839.0,260864.0,0.109153
1787030100,260978.0,260979.0,260978.0,260979.0,0.015749
1787030400,260979.0,260979.0,260978.0,260978.0,0.005454
1787030700,260979.0,260979.0,260978.0,260978.0,0.002288
1787031000,260997.0,260997.0,260996.0,260996.0,0.013018
1787031300,260997.0,260997.0,260964.0,260964.0,0.050356
1787031600,260964.0,260965.0,260964.0,260964.0,0.030817
1787031900,260965.0,260965.0,260964.0,260965.0,0.006335
1787032200,260965.0,260965.0,260964.0,260964.0,0.011342
1787032500,260965.0,260965.0,260964.0,260964.0,0.021753
1787032800,260965.0,260965.0,260964.0,260965.0,0.133152
1787033100,260965.0,260965.0,260964.0,260964.0,0.111669
1787033400,260965.0,260997.0,260964.0,260997.0,0.044162
1787033700,260997.0,260997.0,260996.0,260997.0,0.106845
1787034000,260996.0,261018.0,260996.0,261018.0,0.031195
1787034300,261018.0,261052.0,261018.0,261052.0,0.044985
1787034600,261052.0,261302.0,261052.0,261302.0,0.085121
1787034900,261302.0,261520.0,261302.0,261520.0,0.001502
1787035200,261520.0,261550.0,261519.0,261550.0,0.052215
1787035500,261550.0,261550.0,261549.0,261549.0,0.065297
1787035800,261475.0,261475.0,261411.0,261411.0,0.002077
1787036100,261411.0,261411.0,261235.0,261235.0,0.008212
1787036400,261236.0,261236.0,261235.0,261236.0,0.002397
1787036700,261235.0,261236.0,261235.0,261236.0,0.007353
1787037000,261262.0,261262.0,261261.0,261262.0,0.008312
1787037300,261262.0,261262.0,261261.0,261262.0,0.009117
1787037600,261261.0,261262.0,261261.0,261261.0,0.009885
1787037900,261262.0,261262.0,261261.0,261262.0,0.009464
1787038200,261261.0,261261.0,261261.0,261261.0,0.012633
1787038500,261262.0,261262.0,261261.0,261261.0,0.053843
1787038800,261261.0,261262.0,261261.0,261262.0,0.309458
1787039100,261261.0,261262.0,261260.0,261260.0,0.020886
1787039400,261237.0,261237.0,261235.0,261235.0,0.04705
1787039700,261235.0,261235.0,261204.0,261205.0,0.016227
1787040000,261203.0,261203.0,261064.0,261064.0,0.003376
1787040300,261008.0,261009.0,260919.0,260920.0,0.022818
1787040600,260920.0,260920.0,260919.0,260920.0,0.003125
1787040900,260920.0,260920.0,260920.0,260920.0,0.009249
1787041200,260920.0,261017.0,260919.0,261017.0,0.012329
1787041500,261016.0,261017.0,261016.0,261017.0,0.005149
1787041800,261017.0,261017.0,261016.0,261016.0,0.009325
1787042100,261017.0,261182.0,261017.0,261182.0,0.07987
1787042400,261183.0,261183.0,261182.0,261182.0,0.071452
1787042700,261183.0,261183.0,261182.0,261183.0,0.003226
1787043000,261183.0,261183.0,261182.0,261182.0,0.027356
1787043300,261182.0,261183.0,261182.0,261183.0,0.05343
1787043600,261183.0,261183.0,261182.0,261182.0,0.007667
1787043900,261182.0,261182.0,261179.0,261180.0,0.002883
1787044200,261180.0,261180.0,261179.0,261179.0,0.168322
1787044500,261011.0,261011.0,261011.0,261011.0,0.003809
1787044800,260916.0,260917.0,260916.0,260917.0,0.00291
1787045100,260917.0,260917.0,260916.0,260917.0,0.002804
1787045400,260917.0,260917.0,260916.0,260917.0,0.18027
1787045700,260917.0,260917.0,260916.0,260917.0,0.022588
1787046000,260917.0,260917.0,260916.0,260916.0,0.016688
1787046300,260917.0,260917.0,260917.0,260917.0,0.055975
1787046600,260917.0,260917.0,260916.0,260916.0,0.048437
1787046900,260916.0,260917.0,260916.0,260917.0,0.02245
1787047200,260917.0,260917.0,260916.0,260916.0,0.030785
1787047500,260916.0,260917.0,260916.0,260917.0,0.009311
1787047800,260917.0,260917.0,260916.0,260916.0,0.052897
1787048100,260916.0,260917.0,260916.0,260916.0,0.003237
1787048400,260917.0,260917.0,260916.0,260916.0,0.015433
1787048700,260916.0,260916.0,260916.0,260916.0,0.031136
1787049000,260917.0,260917.0,260916.0,260916.0,0.003019
1787049300,260916.0,260986.0,260916.0,260986.0,0.028085
1787049600,260985.0,260986.0,260985.0,260986.0,0.045134
1787049900,260985.0,260986.0,260985.0,260986.0,0.002086
1787050200,260986.0,260986.0,260985.0,260985.0,0.032566
1787050500,260986.0,260986.0,260985.0,260985.0,0.016835
1787050800,260985.0,261134.0,260985.0,261134.0,0.001459
1787051100,261134.0,261134.0,261133.0,261133.0,0.002165
1787051400,261133.0,261134.0,261133.0,261134.0,0.00637
1787051700,261133.0,261134.0,261133.0,261133.0,0.034455
1787052000,261134.0,261134.0,261133.0,261134.0,0.04833
1787052300,261134.0,261134.0,261134.0,261134.0,0.003355
1787052600,261134.0,261134.0,261133.0,261134.0,0.016354
1787052900,261569.0,261569.0,261568.0,261569.0,0.025149
1787053200,261569.0,261569.0,261569.0,261569.0,0.002469
1787053500,261555.0,261555.0,261513.0,261513.0,0.001271
1787053800,261495.0,261496.0,261495.0,261496.0,0.089873
1787054100,261495.0,261496.0,261495.0,261496.0,0.002762
1787054400,261495.0,261496.0,261494.0,261495.0,0.06764
1787054700,261495.0,261495.0,261494.0,261495.0,0.020095
1787055000,261495.0,261495.0,261495.0,261495.0,0.000402
1787055300,261495.0,261495.0,261495.0,261495.0,0.001185
1787055600,261494.0,261494.0,261494.0,261494.0,0.000495
1787055900,261495.0,261495.0,261494.0,261495.0,0.005281
1787056200,261495.0,261495.0,261495.0,261495.0,0.009549
1787056500,261495.0,261495.0,261495.0,261495.0,0.006006
1787056800,261495.0,261495.0,261494.0,261494.0,0.010501
1787057100,261495.0,261495.0,261494.0,261494.0,0.006775
1787057400,261491.0,261492.0,261491.0,261491.0,0.020213
1787057700,261490.0,261491.0,261490.0,261490.0,0.003805
1787058000,261490.0,261490.0,261350.0,261351.0,0.006044
1787058300,261350.0,261351.0,261350.0,261351.0,0.125587
1787058600,261350.0,261351.0,261350.0,261351.0,0.010425
1787058900,261351.0,261351.0,261102.0,261102.0,0.093204
1787059200,261101.0,261101.0,261100.0,261100.0,0.001104
1787059500,261101.0,261101.0,261100.0,261101.0,0.009865
1787059800,261100.0,261100.0,261000.0,261001.0,0.020663
1787060100,261001.0,261001.0,261000.0,261001.0,0.06805
1787060400,261121.0,261121.0,261120.0,261120.0,0.004303
1787060700,261121.0,261121.0,261120.0,261121.0,0.010685
1787061000,261120.0,261287.0,261120.0,261286.0,0.004773
1787061300,261132.0,261132.0,261124.0,261125.0,0.016863
1787061600,261150.0,261493.0,261150.0,261492.0,0.062822
1787061900,261493.0,261494.0,261492.0,261494.0,0.015009
1787062200,261494.0,261494.0,261253.0,261403.0,0.03341
1787062500,261403.0,261737.0,261402.0,261737.0,0.016035
1787062800,261875.0,262960.0,261875.0,262960.0,0.339701
1787063100,262956.0,263900.0,262956.0,263900.0,0.256892
1787063400,263994.0,264000.0,263900.0,263900.0,0.2501
1787063700,263901.0,263901.0,263900.0,263901.0,0.011452
1787064000,263900.0,263900.0,263263.0,263451.0,0.027033
1787064300,263416.0,263416.0,263366.0,263366.0,0.002237
1787064600,263404.0,263483.0,263139.0,263139.0,0.033353
1787064900,263204.0,263204.0,263203.0,263204.0,0.029254
1787065200,263201.0,263201.0,263201.0,263201.0,0.005222
1787065500,263203.0,263203.0,263138.0,263138.0,0.117427
1787065800,263048.0,263102.0,262856.0,263102.0,0.097185
1787066100,263260.0,263261.0,263260.0,263261.0,0.006116
1787066400,263260.0,263302.0,263245.0,263245.0,0.233112
1787066700,263245.0,263476.0,263245.0,263475.0,0.013539
1787067000,263475.0,263477.0,263475.0,263477.0,0.035045
1787067300,263479.0,263649.0,263479.0,263649.0,0.008015
1787067600,263649.0,263649.0,263580.0,263580.0,0.022079
1787067900,263581.0,263581.0,263481.0,263481.0,0.258643
1787068200,263477.0,263559.0,263477.0,263541.0,0.007693
1787068500,263489.0,263562.0,263488.0,263562.0,0.002863
1787068800,263625.0,263625.0,263578.0,263579.0,0.012674
1787069100,263577.0,263578.0,263570.0,263570.0,0.006474
1787069400,263570.0,263570.0,263426.0,263426.0,0.055105
1787069700,263426.0,263426.0,263180.0,263180.0,0.005007
1787070000,263180.0,263180.0,263150.0,263150.0,0.006624
1787070300,263116.0,263116.0,263000.0,263001.0,0.022691
1787070600,263001.0,263053.0,263001.0,263053.0,0.002399
1787070900,263141.0,263141.0,263141.0,263141.0,0.000168
1787071200,263142.0,263142.0,263142.0,263142.0,0.009933
1787071500,263141.0,263142.0,263141.0,263142.0,0.015356
1787071800,263141.0,263164.0,263141.0,263164.0,0.003493
1787072100,263163.0,263315.0,263163.0,263315.0,0.012877
1787072400,263316.0,263316.0,263302.0,263302.0,0.043931
1787072700,263232.0,263239.0,263232.0,263233.0,0.030728
1787073000,263232.0,263232.0,263232.0,263232.0,0.000175
1787073300,263233.0,263233.0,263148.0,263148.0,0.021828
1787073600,263148.0,263148.0,263148.0,263148.0,0.0
1787073900,263148.0,263148.0,263148.0,263148.0,0.0
1787074200,263148.0,263148.0,263148.0,263148.0,0.0
1787074500,263257.0,263257.0,263147.0,263147.0,0.003907
1787074800,263002.0,263002.0,263002.0,263002.0,0.004554
1787075100,263002.0,263002.0,263002.0,263002.0,0.0
1787075400,263002.0,263002.0,263002.0,263002.0,0.000447
1787075700,263002.0,263002.0,263002.0,263002.0,0.000635
1787076000,263001.0,263001.0,262662.0,262662.0,0.038988
1787076300,262842.0,262842.0,262842.0,262842.0,0.000862
1787076600,262918.0,262918.0,262918.0,262918.0,0.000292
1787076900,263044.0,263044.0,263043.0,263043.0,0.003627
1787077200,263098.0,263240.0,263098.0,263240.0,0.000561
1787077500,263240.0,263240.0,263240.0,263240.0,0.000775
1787077800,263240.0,263240.0,263240.0,263240.0,0.0
1787078100,263240.0,263240.0,263240.0,263240.0,0.0
1787078400,263307.0,263307.0,263182.0,263182.0,0.007288
1787078700,263148.0,263158.0,263147.0,263158.0,0.02434
1787079000,263159.0,263171.0,263159.0,263171.0,0.000966
1787079300,263170.0,263171.0,263170.0,263171.0,0.002111
1787079600,263171.0,263171.0,263171.0,263171.0,0.0
1787079900,263012.0,263012.0,263011.0,263011.0,0.002127
1787080200,262919.0,262920.0,262919.0,262920.0,0.001014
1787080500,262920.0,262920.0,262920.0,262920.0,0.0
1787080800,262858.0,262859.0,262858.0,262859.0,0.007368
1787081100,263043.0,263043.0,263043.0,263043.0,0.000415
1787081400,263043.0,263043.0,263043.0,263043.0,0.0
1787081700,263043.0,263043.0,263043.0,263043.0,0.0
1787082000,263043.0,263043.0,263043.0,263043.0,0.0
1787082300,262855.0,262855.0,262855.0,262855.0,0.001137
1787082600,262854.0,262854.0,262854.0,262854.0,0.001774
1787082900,262855.0,262855.0,262855.0,262855.0,0.000174
1787083200,262854.0,262854.0,262854.0,262854.0,0.000404
1787083500,262854.0,262854.0,262854.0,262854.0,0.0
1787083800,262854.0,262854.0,262704.0,262704.0,0.000889
1787084100,262704.0,262704.0,262704.0,262704.0,0.0
1787084400,262705.0,262705.0,262705.0,262705.0,0.000917
1787084700,262705.0,262705.0,262705.0,262705.0,0.0
1787085000,262705.0,262705.0,262705.0,262705.0,0.003807
1787085300,262704.0,262704.0,262663.0,262663.0,0.001898
1787085600,262663.0,262663.0,262663.0,262663.0,0.0
1787085900,262663.0,262663.0,262663.0,262663.0,0.0
1787086200,262662.0,262662.0,262600.0,262600.0,0.015202
1787086500,262601.0,262601.0,262601.0,262601.0,0.007604
1787086800,262601.0,262601.0,262601.0,262601.0,0.0
1787087100,262601.0,262601.0,262601.0,262601.0,0.0
1787087400,262601.0,262601.0,262601.0,262601.0,0.0
1787087700,262707.0,262707.0,262707.0,262707.0,0.103853
1787088000,262707.0,262707.0,262707.0,262707.0,0.0
1787088300,262707.0,262707.0,262707.0,262707.0,0.0
1787088600,262600.0,262601.0,262600.0,262601.0,0.000576
1787088900,262600.0,262601.0,262299.0,262299.0,0.046224
1787089200,262322.0,262322.0,262322.0,262322.0,0.000543
1787089500,262322.0,262322.0,262322.0,262322.0,0.0
1787089800,262347.0,262412.0,262347.0,262412.0,0.001028
1787090100,262412.0,262412.0,262412.0,262412.0,0.0
1787090400,262455.0,262455.0,262364.0,262364.0,0.00087
1787090700,262310.0,262333.0,262310.0,262331.0,0.011665
1787091000,262334.0,262380.0,262259.0,262380.0,0.037534
1787091300,262321.0,262322.0,262321.0,262321.0,0.0099
1787091600,262314.0,262385.0,262284.0,262385.0,0.008874
1787091900,262227.0,262227.0,262225.0,262225.0,0.036365
1787092200,262328.0,262328.0,262328.0,262328.0,0.000189
1787092500,262351.0,262511.0,262351.0,262511.0,0.001885
1787092800,262494.0,262494.0,262382.0,262455.0,0.013201
1787093100,262521.0,262556.0,262436.0,262556.0,0.004702
1787093400,262490.0,262490.0,262430.0,262430.0,0.01355
1787093700,262427.0,262512.0,262397.0,262512.0,0.041103
1787094000,262545.0,262605.0,262530.0,262586.0,0.004546
1787094300,262606.0,262606.0,262606.0,262606.0,0.002842
1787094600,262608.0,262608.0,262608.0,262608.0,0.003565
1787094900,262609.0,262609.0,262608.0,262608.0,0.005361
1787095200,262608.0,262609.0,262608.0,262609.0,0.011232
1787095500,262609.0,262609.0,262609.0,262609.0,0.005187
1787095800,262608.0,262610.0,262608.0,262610.0,0.010661
1787096100,262610.0,262878.0,262610.0,262878.0,0.083261
1787096400,262868.0,262954.0,262868.0,262954.0,0.005167
1787096700,262970.0,262971.0,262915.0,262915.0,0.001411
1787097000,262915.0,262915.0,262914.0,262914.0,0.003088
1787097300,262914.0,262914.0,262783.0,262784.0,0.029892
1787097600,262784.0,262784.0,262540.0,262540.0,0.00644
1787097900,262513.0,262513.0,262494.0,262494.0,0.042689
1787098200,262327.0,262328.0,262327.0,262328.0,0.015453
1787098500,262328.0,262328.0,262234.0,262234.0,0.005035
1787098800,262328.0,262328.0,262326.0,262327.0,0.022142
1787099100,262235.0,262235.0,262235.0,262235.0,0.029117
1787099400,262353.0,262484.0,262353.0,262484.0,0.02342
1787099700,262484.0,262484.0,262483.0,262484.0,0.049761
1787100000,262484.0,262484.0,262260.0,262261.0,0.006302
1787100300,262261.0,262261.0,262234.0,262235.0,0.069693
1787100600,262235.0,262235.0,262233.0,262234.0,0.006406
1787100900,262233.0,262234.0,262233.0,262234.0,0.022496
1787101200,262234.0,262234.0,262000.0,262000.0,0.132226
1787101500,262001.0,262046.0,262000.0,262046.0,0.006804
1787101800,262124.0,262124.0,262123.0,262123.0,0.059031
1787102100,262124.0,262124.0,262000.0,262000.0,0.095342
1787102400,262076.0,262155.0,262076.0,262155.0,0.001683
1787102700,262155.0,262155.0,262154.0,262155.0,0.016574
1787103000,262154.0,262154.0,262008.0,262008.0,0.057566
1787103300,262009.0,262009.0,262008.0,262008.0,0.002251
1787103600,262008.0,262008.0,261753.0,261753.0,0.048418
1787103900,261754.0,261755.0,261729.0,261729.0,0.003232
1787104200,261655.0,261741.0,261648.0,261741.0,0.014158
1787104500,261765.0,261829.0,261765.0,261829.0,0.092779
1787104800,261784.0,261785.0,261784.0,261785.0,0.00519
1787105100,261784.0,261785.0,261571.0,261572.0,0.097439
1787105400,261571.0,261719.0,261571.0,261718.0,0.095943
1787105700,261719.0,261719.0,261556.0,261556.0,0.017131
1787106000,261668.0,261669.0,261668.0,261669.0,0.039682
1787106300,261669.0,261670.0,261669.0,261670.0,0.037737
1787106600,261669.0,261670.0,261669.0,261670.0,0.004719
1787106900,261724.0,261724.0,261724.0,261724.0,0.002847
1787107200,261724.0,261724.0,261723.0,261724.0,0.024647
1787107500,261724.0,261724.0,261723.0,261724.0,0.011843
1787107800,261724.0,261724.0,261723.0,261724.0,0.00876
1787108100,261723.0,261724.0,261556.0,261556.0,0.092099
1787108400,261555.0,261556.0,261550.0,261551.0,0.010299
1787108700,261551.0,261551.0,261550.0,261551.0,0.00556
1787109000,261550.0,261551.0,261550.0,261551.0,0.137475
1787109300,261551.0,261739.0,261550.0,261700.0,0.077722
1787109600,261700.0,261701.0,261700.0,261700.0,0.012241
1787109900,261603.0,261603.0,261603.0,261603.0,0.000863
1787110200,261602.0,261603.0,261564.0,261564.0,0.031138
1787110500,261551.0,261552.0,261550.0,261550.0,0.074005
1787110800,261494.0,261495.0,261494.0,261494.0,0.030884
1787111100,261495.0,261495.0,261494.0,261494.0,0.005345
1787111400,261495.0,261495.0,261494.0,261495.0,0.01066
1787111700,261495.0,261495.0,261494.0,261495.0,0.001951
1787112000,261495.0,261495.0,261494.0,261494.0,0.017742
1787112300,261494.0,261494.0,261494.0,261494.0,0.004023
1787112600,261494.0,261494.0,261494.0,261494.0,0.00305
1787112900,261494.0,261494.0,261493.0,261494.0,0.024274
1787113200,261522.0,261549.0,261521.0,261549.0,0.035599
1787113500,261548.0,261549.0,261548.0,261549.0,0.024797
1787113800,261549.0,261549.0,261549.0,261549.0,0.000183
1787114100,261549.0,261549.0,261489.0,261489.0,0.003486
1787114400,261488.0,261489.0,261488.0,261489.0,0.013317
1787114700,261489.0,261543.0,261488.0,261542.0,0.003
1787115000,261543.0,261543.0,261522.0,261522.0,0.023183
1787115300,261488.0,261488.0,261487.0,261487.0,0.00833
1787115600,261488.0,261488.0,261488.0,261488.0,0.094798
1787115900,261545.0,261546.0,261544.0,261546.0,0.278465
1787116200,261546.0,261550.0,261546.0,261550.0,0.029699
1787116500,261550.0,261550.0,261549.0,261549.0,0.041232
1787116800,261549.0,261550.0,261549.0,261549.0,0.009115
1787117100,261550.0,261550.0,261550.0,261550.0,0.002934
1787117400,261550.0,261550.0,261550.0,261550.0,0.002045
1787117700,261550.0,261550.0,261549.0,261549.0,0.001955
1787118000,261549.0,261550.0,261549.0,261549.0,0.00746
1787118300,261550.0,261550.0,261550.0,261550.0,0.054352
1787118600,261550.0,261550.0,261489.0,261489.0,0.003875
1787118900,261490.0,261490.0,261490.0,261490.0,0.005007
1787119200,261490.0,261490.0,261488.0,261488.0,0.411481
1787119500,261488.0,261489.0,261488.0,261488.0,0.086845
1787119800,261488.0,261489.0,261451.0,261452.0,0.043765
1787120100,261451.0,261452.0,261451.0,261452.0,0.002557
1787120400,261451.0,261452.0,261451.0,261452.0,0.008558
1787120700,261451.0,261452.0,261451.0,261451.0,0.00212
1787121000,261452.0,261452.0,261452.0,261452.0,0.001033
1787121300,261451.0,261452.0,261451.0,261452.0,0.016147
1787121600,261452.0,261452.0,261451.0,261452.0,0.00722
1787121900,261451.0,261452.0,261451.0,261452.0,0.002715
1787122200,261452.0,261452.0,261452.0,261452.0,0.009223
1787122500,261452.0,261536.0,261452.0,261536.0,0.036479
1787122800,261536.0,261536.0,261535.0,261535.0,0.230849
1787123100,261536.0,261536.0,261536.0,261536.0,0.005269
1787123400,261553.0,261553.0,261553.0,261553.0,0.000621
1787123700,261553.0,261553.0,261552.0,261553.0,0.077382
1787124000,261552.0,261553.0,261552.0,261553.0,0.01291
1787124300,261552.0,261553.0,261552.0,261553.0,0.00324
1787124600,261553.0,261553.0,261552.0,261553.0,0.002894
1787124900,261552.0,261553.0,261552.0,261553.0,0.002953
1787125200,261552.0,261553.0,261552.0,261553.0,0.016623
1787125500,261553.0,261553.0,261553.0,261553.0,0.044112
1787125800,261553.0,261578.0,261553.0,261577.0,0.00952
1787126100,261577.0,261578.0,261577.0,261577.0,0.017354
1787126400,261577.0,261578.0,261577.0,261577.0,0.008936
1787126700,261577.0,261578.0,261577.0,261577.0,0.011949
1787127000,261577.0,261578.0,261553.0,261553.0,0.006813
1787127300,261553.0,261553.0,261501.0,261501.0,0.010878
1787127600,261501.0,261502.0,261501.0,261501.0,0.014437
1787127900,261502.0,261502.0,261501.0,261501.0,0.007465
1787128200,261502.0,261531.0,261502.0,261531.0,0.010387
1787128500,261530.0,261900.0,261530.0,261900.0,0.00617
1787128800,261900.0,261900.0,261899.0,261900.0,0.035975
1787129100,261900.0,261949.0,261900.0,261949.0,0.104888
1787129400,261950.0,261986.0,261950.0,261986.0,0.037647
1787129700,261996.0,261996.0,261995.0,261996.0,0.004145
1787130000,261995.0,261996.0,261995.0,261995.0,0.030722
1787130300,262008.0,262008.0,262008.0,262008.0,0.000763
1787130600,261819.0,261960.0,261819.0,261880.0,0.128464
1787130900,261880.0,261880.0,261879.0,261879.0,0.013035
1787131200,261880.0,261880.0,261880.0,261880.0,0.009377
1787131500,261850.0,261851.0,261850.0,261851.0,0.00053
1787131800,261850.0,261851.0,261850.0,261850.0,0.007019
1787132100,261851.0,261851.0,261850.0,261850.0,0.009179
1787132400,261851.0,261851.0,261850.0,261850.0,0.003854
1787132700,261851.0,261851.0,261851.0,261851.0,0.001758
1787133000,261851.0,261851.0,261850.0,261850.0,0.001304
1787133300,261851.0,261868.0,261851.0,261868.0,0.013471
1787133600,261953.0,261953.0,261952.0,261952.0,0.00144
1787133900,261953.0,261953.0,261952.0,261953.0,0.008521
1787134200,261952.0,261953.0,261952.0,261953.0,0.108416
1787134500,261953.0,261953.0,261952.0,261952.0,0.016946
1787134800,261952.0,261952.0,261952.0,261952.0,0.004024
1787135100,261907.0,261907.0,261893.0,261893.0,0.005703
1787135400,261894.0,261894.0,261893.0,261894.0,0.020297
1787135700,261893.0,261894.0,261893.0,261894.0,0.000577
1787136000,261974.0,261974.0,261973.0,261974.0,0.003295
1787136300,261973.0,261974.0,261973.0,261974.0,0.017351
1787136600,261974.0,261974.0,261974.0,261974.0,0.000857
1787136900,261973.0,261974.0,261973.0,261974.0,0.013852
1787137200,262065.0,262141.0,262065.0,262140.0,0.010488
1787137500,262187.0,262233.0,262187.0,262232.0,0.012575
1787137800,262232.0,262233.0,262232.0,262233.0,0.00855
1787138100,262232.0,262233.0,262232.0,262232.0,0.005526
1787138400,262233.0,262332.0,262233.0,262332.0,0.069046
1787138700,262331.0,262332.0,262331.0,262332.0,0.031638
1787139000,262331.0,262332.0,262331.0,262331.0,0.005084
1787139300,262300.0,262300.0,262300.0,262300.0,0.005631
1787139600,262301.0,262301.0,262202.0,262202.0,0.004341
1787139900,262202.0,262202.0,262201.0,262201.0,0.006731
1787140200,262201.0,262201.0,262201.0,262201.0,0.0
1787140500,262227.0,262227.0,262227.0,262227.0,0.003619
1787140800,262227.0,262227.0,262226.0,262226.0,0.045388
1787141100,262226.0,262227.0,262226.0,262226.0,0.041751
1787141400,262226.0,262227.0,262226.0,262227.0,0.18221
1787141700,262226.0,262227.0,262226.0,262227.0,0.027905
1787142000,262227.0,262227.0,262226.0,262227.0,0.00975
1787142300,262227.0,262227.0,262226.0,262226.0,0.023034
1787142600,262226.0,262461.0,262226.0,262461.0,0.42665
1787142900,262649.0,262845.0,262649.0,262844.0,0.006797
1787143200,262845.0,263838.0,262845.0,263838.0,0.033973
1787143500,263838.0,263839.0,263838.0,263839.0,0.000551
1787143800,263838.0,263864.0,263446.0,263576.0,0.249979
1787144100,263493.0,263687.0,263493.0,263687.0,0.019164
1787144400,263594.0,263594.0,263379.0,263379.0,0.025324
1787144700,263379.0,263516.0,263378.0,263516.0,0.043905
1787145000,263728.0,263864.0,263728.0,263864.0,0.006632
1787145300,263863.0,263868.0,263863.0,263868.0,0.049842
1787145600,263867.0,263998.0,263867.0,263997.0,0.01861
1787145900,263997.0,263997.0,263896.0,263996.0,0.00906
1787146200,263997.0,264849.0,263997.0,264371.0,0.465688
1787146500,264371.0,264372.0,263680.0,263680.0,0.059334
1787146800,263681.0,264400.0,263494.0,264400.0,0.094286
1787147100,264400.0,264816.0,264246.0,264552.0,0.022022
1787147400,264552.0,264626.0,264273.0,264273.0,0.177785
1787147700,264440.0,264440.0,264395.0,264396.0,0.005841
1787148000,264395.0,264754.0,264395.0,264754.0,0.060169
1787148300,264755.0,265000.0,264755.0,265000.0,0.34658
1787148600,265019.0,265499.0,265019.0,265499.0,0.227267
1787148900,265496.0,265841.0,265496.0,265841.0,0.187182
1787149200,265840.0,265912.0,265737.0,265809.0,0.025611
1787149500,265809.0,265837.0,265743.0,265837.0,0.027792
1787149800,265837.0,265837.0,265744.0,265744.0,0.040367
1787150100,265743.0,265967.0,265743.0,265967.0,0.088148
1787150400,265967.0,265971.0,265856.0,265971.0,0.012789
1787150700,265971.0,266000.0,265970.0,265999.0,0.320114
1787151000,266000.0,266266.0,265999.0,266266.0,0.204436
1787151300,266333.0,267000.0,266333.0,267000.0,0.171508
1787151600,267000.0,267488.0,267000.0,267488.0,0.318812
1787151900,267488.0,269496.0,267488.0,269496.0,0.661074
1787152200,269500.0,270000.0,269499.0,270000.0,0.5261
1787152500,269999.0,270500.0,269999.0,270329.0,1.082401
1787152800,270498.0,271838.0,270498.0,271838.0,0.437371
1787153100,271839.0,280720.0,271839.0,276536.0,4.721541
1787153400,275918.0,276400.0,273783.0,276400.0,1.449122
1787153700,276991.0,277650.0,276312.0,277650.0,0.214828
1787154000,277649.0,278314.0,277649.0,278151.0,0.43496
1787154300,278150.0,278152.0,277339.0,277522.0,0.303859
1787154600,277521.0,277902.0,277000.0,277000.0,0.29381
1787154900,277000.0,277518.0,277000.0,277517.0,0.117695
1787155200,277552.0,278332.0,277552.0,278140.0,0.917119
1787155500,278141.0,278997.0,278141.0,278749.0,0.207374
1787155800,278748.0,278855.0,278003.0,278015.0,0.153606
1787156100,278016.0,278244.0,278016.0,278244.0,0.060443
1787156400,278243.0,278659.0,278243.0,278659.0,0.083324
1787156700,278659.0,278886.0,278659.0,278885.0,0.063342
1787157000,278885.0,278886.0,278861.0,278862.0,0.526476
1787157300,278696.0,278697.0,278696.0,278696.0,0.065063
1787157600,278678.0,278678.0,278057.0,278057.0,0.231497
1787157900,278058.0,278076.0,278057.0,278076.0,0.092925
1787158200,278076.0,278076.0,278076.0,278076.0,0.025451
1787158500,278076.0,278076.0,277990.0,277990.0,0.546407
1787158800,277990.0,277991.0,277990.0,277990.0,0.078922
1787159100,277990.0,277990.0,277777.0,277777.0,0.238631
1787159400,277778.0,277778.0,276840.0,276840.0,0.610227
1787159700,276855.0,276855.0,275875.0,275875.0,0.025131
1787160000,276165.0,276166.0,275604.0,275604.0,0.01121
1787160300,275603.0,275603.0,275502.0,275502.0,0.142612
1787160600,275730.0,275730.0,275406.0,275538.0,0.049222
1787160900,275537.0,275719.0,275537.0,275719.0,0.008639
1787161200,275718.0,275758.0,275718.0,275758.0,0.00704
1787161500,275758.0,276627.0,275758.0,276542.0,0.137701
1787161800,276541.0,276552.0,276541.0,276551.0,0.021742
1787162100,276551.0,276694.0,276551.0,276694.0,0.004867
1787162400,276584.0,276642.0,276444.0,276641.0,0.006862
1787162700,276571.0,276571.0,276201.0,276201.0,0.05366
1787163000,276201.0,276258.0,276200.0,276258.0,0.015541
1787163300,276257.0,276552.0,276257.0,276552.0,0.044998
1787163600,276553.0,276639.0,276553.0,276638.0,0.00465
1787163900,276639.0,276639.0,276638.0,276638.0,0.032378
1787164200,276638.0,276639.0,276556.0,276638.0,0.075819
1787164500,276639.0,276639.0,276639.0,276639.0,0.001331
1787164800,276640.0,276776.0,276640.0,276776.0,0.0219
1787165100,276777.0,277361.0,276777.0,277361.0,0.00383
1787165400,277360.0,277360.0,277158.0,277203.0,0.003379
1787165700,277074.0,277074.0,277073.0,277073.0,0.002077
1787166000,277118.0,277119.0,277118.0,277119.0,0.002578
1787166300,277119.0,277119.0,277119.0,277119.0,0.0
1787166600,277119.0,277153.0,277119.0,277138.0,0.072493
1787166900,276454.0,276729.0,276454.0,276729.0,0.001878
1787167200,276920.0,276983.0,276920.0,276983.0,0.029936
1787167500,276812.0,276813.0,276384.0,276384.0,0.085025
1787167800,276383.0,276741.0,276230.0,276741.0,0.002068
1787168100,276556.0,276886.0,276556.0,276685.0,0.00216
1787168400,276685.0,276981.0,276685.0,276981.0,0.000962
1787168700,276981.0,276982.0,276981.0,276982.0,0.002906
1787169000,276981.0,276982.0,276981.0,276982.0,0.025799
1787169300,276982.0,276982.0,276982.0,276982.0,0.004121
1787169600,276981.0,276982.0,276981.0,276982.0,0.00392
1787169900,276985.0,277200.0,276985.0,277200.0,0.056326
1787170200,277502.0,277503.0,277502.0,277503.0,0.00312
1787170500,277776.0,277776.0,277776.0,277776.0,0.008721
1787170800,277775.0,277777.0,277775.0,277777.0,0.039636
1787171100,277990.0,277990.0,277989.0,277989.0,0.047384
1787171400,277989.0,277991.0,277989.0,277991.0,0.003632
1787171700,277991.0,277991.0,277990.0,277990.0,0.000731
1787172000,277990.0,277990.0,277990.0,277990.0,0.0
1787172300,277990.0,277991.0,277990.0,277990.0,0.019728
1787172600,277991.0,280500.0,277991.0,279600.0,1.006741
1787172900,279435.0,279717.0,279435.0,279717.0,0.002875
1787173200,279183.0,280021.0,279183.0,280021.0,0.020093
1787173500,280240.0,281991.0,280240.0,281482.0,0.721313
1787173800,281181.0,281181.0,280088.0,280697.0,0.222826
1787174100,280824.0,280824.0,280474.0,280474.0,0.008469
1787174400,280660.0,281886.0,280659.0,281339.0,0.186495
1787174700,281285.0,281610.0,281285.0,281484.0,0.082766
1787175000,281934.0,281999.0,281934.0,281998.0,0.052883
1787175300,281993.0,282000.0,281039.0,281039.0,0.061133
1787175600,281039.0,281445.0,281039.0,281442.0,0.152504
1787175900,281690.0,282298.0,281690.0,281945.0,0.241111
1787176200,282127.0,282213.0,282127.0,282167.0,0.037961
1787176500,282167.0,282218.0,281752.0,281752.0,0.153788
1787176800,281866.0,281866.0,281340.0,281340.0,0.280737
1787177100,281283.0,281283.0,280818.0,280818.0,0.12298
1787177400,280818.0,280818.0,280366.0,280366.0,0.093145
1787177700,280368.0,280368.0,280073.0,280073.0,0.09363
1787178000,280072.0,280074.0,280004.0,280015.0,0.029598
1787178300,280017.0,280017.0,279174.0,279510.0,0.075518
1787178600,279552.0,279552.0,279038.0,279123.0,0.095328
1787178900,279208.0,279846.0,279208.0,279846.0,0.101618
1787179200,280000.0,280000.0,279999.0,280000.0,0.094206
1787179500,280000.0,280000.0,279537.0,279537.0,0.251285
1787179800,279682.0,279682.0,279153.0,279153.0,0.014394
1787180100,279153.0,279635.0,279153.0,279398.0,0.022646
1787180400,279399.0,279758.0,279399.0,279758.0,0.044181
1787180700,279759.0,279799.0,279664.0,279799.0,0.010919
1787181000,279662.0,279952.0,279662.0,279944.0,0.035348
1787181300,279900.0,280000.0,279574.0,279999.0,0.183013
1787181600,279922.0,279922.0,279690.0,279692.0,0.060903
1787181900,279815.0,279815.0,279500.0,279501.0,0.215076
1787182200,279604.0,279604.0,279500.0,279501.0,0.135825
1787182500,279500.0,279501.0,279500.0,279501.0,0.106069
1787182800,279501.0,279660.0,279501.0,279659.0,0.193535
1787183100,279660.0,279660.0,279393.0,279393.0,0.080249
1787183400,279392.0,279392.0,279323.0,279324.0,0.12661
1787183700,279324.0,279471.0,279171.0,279471.0,0.245539
1787184000,279470.0,279838.0,279470.0,279837.0,0.114187
1787184300,279838.0,279843.0,279732.0,279843.0,0.235357
1787184600,279999.0,280000.0,279821.0,279840.0,0.075382
1787184900,279998.0,280292.0,279998.0,280291.0,0.219849
1787185200,280291.0,280358.0,280291.0,280358.0,0.127342
1787185500,280358.0,280499.0,280358.0,280427.0,0.075681
1787185800,280383.0,280383.0,280002.0,280051.0,0.099818
1787186100,280101.0,280101.0,279993.0,280001.0,0.055048
1787186400,280001.0,280001.0,279993.0,279998.0,0.04584
1787186700,279999.0,280310.0,279999.0,280310.0,0.031639
1787187000,280370.0,280382.0,279954.0,279954.0,0.030883
1787187300,279955.0,279955.0,279551.0,279551.0,0.21875
1787187600,279551.0,279682.0,279530.0,279531.0,0.046181
1787187900,279530.0,279530.0,279501.0,279501.0,0.130464
1787188200,279502.0,279502.0,279400.0,279400.0,0.130935
1787188500,279401.0,279401.0,279400.0,279401.0,0.106793
1787188800,279493.0,279493.0,279401.0,279401.0,0.078673
1787189100,279402.0,279402.0,279401.0,279401.0,0.032093
1787189400,279401.0,279499.0,279401.0,279499.0,0.132643
1787189700,279499.0,279499.0,279498.0,279499.0,0.060894
1787190000,279498.0,279899.0,279498.0,279898.0,0.136912
1787190300,279678.0,280498.0,279678.0,280497.0,0.093432
1787190600,280498.0,280691.0,280498.0,280559.0,0.035282
1787190900,280559.0,280559.0,279916.0,279916.0,0.094919
1787191200,280180.0,280265.0,280143.0,280143.0,0.050425
1787191500,280263.0,280263.0,279582.0,279583.0,0.07989
1787191800,279598.0,279881.0,279592.0,279881.0,0.06382
1787192100,279881.0,279899.0,279694.0,279694.0,0.038354
1787192400,279694.0,279694.0,279501.0,279503.0,0.034123
1787192700,279503.0,279607.0,279003.0,279186.0,0.404207
1787193000,279187.0,279187.0,279047.0,279052.0,0.131929
1787193300,279052.0,279052.0,279000.0,279001.0,0.032692
1787193600,279001.0,279001.0,278888.0,278888.0,0.225364
1787193900,278888.0,279045.0,278888.0,279045.0,0.482659
1787194200,278895.0,278896.0,278888.0,278889.0,0.12544
1787194500,278888.0,279028.0,278888.0,278915.0,0.044639
1787194800,278888.0,278889.0,278888.0,278888.0,0.151783
1787195100,278888.0,278889.0,278800.0,278800.0,0.383786
1787195400,278551.0,278551.0,278000.0,278000.0,0.043949
1787195700,278000.0,278069.0,278000.0,278016.0,0.079631
1787196000,278077.0,278338.0,277868.0,277870.0,0.129482
1787196300,277869.0,277869.0,277812.0,277812.0,0.03293
1787196600,277794.0,278144.0,277794.0,278144.0,0.022101
1787196900,278144.0,278144.0,278023.0,278051.0,0.079275
1787197200,278051.0,278143.0,278051.0,278143.0,0.0173
1787197500,278144.0,278705.0,278144.0,278613.0,0.09398
1787197800,278523.0,278524.0,278311.0,278334.0,0.06553
1787198100,278312.0,278426.0,278312.0,278426.0,0.169582
1787198400,278417.0,278699.0,278403.0,278699.0,0.08656
1787198700,278698.0,278699.0,278697.0,278697.0,0.085708
1787199000,278700.0,278784.0,278699.0,278784.0,0.06943
1787199300,278783.0,278785.0,278783.0,278784.0,0.040139
1787199600,278884.0,278884.0,278880.0,278880.0,0.028278
1787199900,278880.0,278900.0,278880.0,278900.0,0.022208
1787200200,278899.0,278899.0,278898.0,278899.0,0.02946
1787200500,278898.0,278899.0,278898.0,278898.0,0.035522
1787200800,278898.0,278899.0,278898.0,278899.0,0.007377
1787201100,278899.0,278900.0,278899.0,278900.0,0.037854
1787201400,278900.0,279266.0,278899.0,279266.0,0.138368
1787201700,279266.0,279694.0,279266.0,279512.0,0.105121
1787202000,279512.0,279566.0,279436.0,279437.0,0.035088
1787202300,279438.0,279438.0,279437.0,279437.0,0.002531
1787202600,279438.0,279438.0,279377.0,279378.0,0.014069
1787202900,279355.0,279379.0,279355.0,279378.0,0.042479
1787203200,279379.0,279713.0,279378.0,279712.0,0.068333
1787203500,279713.0,279898.0,279713.0,279896.0,0.063485
1787203800,279714.0,279714.0,279703.0,279710.0,0.105024
1787204100,279713.0,279860.0,279646.0,279646.0,0.054332
1787204400,279609.0,279716.0,279608.0,279684.0,0.035029
1787204700,279624.0,279648.0,279447.0,279447.0,0.030477
1787205000,279448.0,279448.0,279365.0,279365.0,0.020107
1787205300,279364.0,279364.0,279346.0,279347.0,0.111262
1787205600,279346.0,279422.0,279346.0,279421.0,0.217651
1787205900,279421.0,279423.0,279421.0,279422.0,0.053363
1787206200,279423.0,279423.0,279422.0,279423.0,0.021773
1787206500,279422.0,279424.0,279374.0,279374.0,0.01557
1787206800,279423.0,280258.0,279423.0,280256.0,0.157589
1787207100,280257.0,280263.0,279915.0,279915.0,0.149122
1787207400,279929.0,280234.0,279929.0,280234.0,0.096241
1787207700,280263.0,280265.0,280263.0,280264.0,0.008122
1787208000,280265.0,280500.0,280265.0,280499.0,0.169466
1787208300,280499.0,280800.0,280499.0,280799.0,0.207918
1787208600,280800.0,280997.0,280800.0,280997.0,0.076415
1787208900,280871.0,280976.0,280848.0,280899.0,0.02816
1787209200,280830.0,280886.0,280828.0,280886.0,0.13205
1787209500,280888.0,281000.0,280887.0,280999.0,0.045363
1787209800,281000.0,281000.0,280999.0,280999.0,0.158818
1787210100,280999.0,281000.0,280529.0,280529.0,0.16155
1787210400,280529.0,280662.0,280529.0,280562.0,0.091996
1787210700,280563.0,280563.0,280562.0,280563.0,0.012101
1787211000,280524.0,280524.0,280236.0,280237.0,0.05879
1787211300,280236.0,280236.0,280236.0,280236.0,0.014106
1787211600,280236.0,280309.0,280236.0,280309.0,0.014072
1787211900,280388.0,280389.0,280388.0,280389.0,0.02497
1787212200,280389.0,280706.0,280389.0,280706.0,0.090569
1787212500,280857.0,280858.0,280689.0,280858.0,0.00785
1787212800,280858.0,280999.0,280857.0,280998.0,0.016635
1787213100,280998.0,284200.0,280998.0,284200.0,0.557089
1787213400,284296.0,286988.0,284201.0,286442.0,0.661733
1787213700,286424.0,287400.0,285640.0,286921.0,0.324941
1787214000,286879.0,286879.0,286144.0,286454.0,0.156207
1787214300,286455.0,286925.0,286455.0,286925.0,0.260149
1787214600,286924.0,287399.0,286718.0,287392.0,0.081077
1787214900,287366.0,287504.0,286582.0,287504.0,0.172076
1787215200,287505.0,287999.0,287502.0,287504.0,0.05563
1787215500,287613.0,288446.0,287501.0,287501.0,0.516165
1787215800,288244.0,288670.0,288244.0,288670.0,0.109967
1787216100,288672.0,288688.0,288245.0,288245.0,0.043734
1787216400,288245.0,288245.0,287627.0,288204.0,0.153206
1787216700,288204.0,288551.0,288203.0,288551.0,0.154848
1787217000,288670.0,288800.0,288552.0,288800.0,0.119402
1787217300,288799.0,289799.0,288765.0,289034.0,0.601711
1787217600,289033.0,289500.0,288861.0,289497.0,0.165021
1787217900,289500.0,289796.0,289453.0,289453.0,0.219034
1787218200,289452.0,289607.0,289027.0,289558.0,0.074659
1787218500,289558.0,289788.0,289557.0,289602.0,0.204525
1787218800,289601.0,289784.0,289601.0,289777.0,0.094391
1787219100,289777.0,289787.0,289776.0,289777.0,0.246517
1787219400,289776.0,289776.0,289001.0,289002.0,0.221148
1787219700,289001.0,289002.0,288765.0,288793.0,0.316849
1787220000,288775.0,289068.0,288766.0,288995.0,0.037655
1787220300,288995.0,289199.0,288799.0,288999.0,0.056487
1787220600,288999.0,289501.0,288999.0,289501.0,0.194694
1787220900,289786.0,290999.0,289786.0,290907.0,1.500394
1787221200,290999.0,290999.0,290851.0,290893.0,0.145359
1787221500,290569.0,290570.0,289850.0,289851.0,0.116827
1787221800,289851.0,289851.0,289474.0,289475.0,0.053462
1787222100,289475.0,289475.0,289129.0,289199.0,0.087554
1787222400,289199.0,289199.0,288981.0,288982.0,0.088556
1787222700,288982.0,289543.0,288981.0,289229.0,0.493522
1787223000,289229.0,289419.0,289228.0,289418.0,0.161312
1787223300,289419.0,289420.0,289418.0,289419.0,0.142301
1787223600,289420.0,289440.0,289419.0,289440.0,0.107197
1787223900,289439.0,289961.0,289418.0,289770.0,0.223392
1787224200,289528.0,289528.0,289201.0,289296.0,0.043181
1787224500,289299.0,289906.0,289299.0,289342.0,0.045085
1787224800,289202.0,289457.0,289202.0,289395.0,0.020577
1787225100,289395.0,289395.0,289300.0,289301.0,0.110625
1787225400,289300.0,289799.0,287563.0,289798.0,1.310078
1787225700,289800.0,290500.0,289800.0,290500.0,0.101246
1787226000,290500.0,290501.0,290079.0,290079.0,0.076885
1787226300,290146.0,290496.0,290146.0,290227.0,0.053533
1787226600,290228.0,290228.0,289644.0,289644.0,0.081988
1787226900,289241.0,289242.0,288905.0,288952.0,0.048993
1787227200,288941.0,289196.0,288762.0,288762.0,0.321126
1787227500,288762.0,288762.0,287749.0,287749.0,0.068987
1787227800,287882.0,288688.0,287882.0,288453.0,0.133345
1787228100,288496.0,288509.0,288273.0,288414.0,0.09866
1787228400,288414.0,288701.0,288414.0,288443.0,0.039963
1787228700,288552.0,288708.0,288552.0,288667.0,0.049048
1787229000,288666.0,288776.0,288414.0,288414.0,0.189962
1787229300,288392.0,288392.0,288133.0,288134.0,0.106499
1787229600,288135.0,288413.0,288001.0,288001.0,0.051976
1787229900,288001.0,288001.0,287276.0,287663.0,0.24083
1787230200,287719.0,288336.0,287718.0,288294.0,0.068694
1787230500,288294.0,288415.0,288294.0,288415.0,0.024252
1787230800,288415.0,288777.0,288415.0,288777.0,0.010475
1787231100,288984.0,289163.0,288984.0,289163.0,0.030037
1787231400,289163.0,289186.0,288986.0,289000.0,0.215364
1787231700,289120.0,289144.0,289120.0,289138.0,0.037723
1787232000,289138.0,289139.0,288985.0,289137.0,0.074774
1787232300,289136.0,289136.0,288670.0,288724.0,0.128946
1787232600,288974.0,288974.0,287503.0,287614.0,0.056933
1787232900,287613.0,287613.0,286307.0,286637.0,0.138472
1787233200,286639.0,287725.0,286638.0,287725.0,0.081745
1787233500,287884.0,287884.0,287110.0,287501.0,0.153763
1787233800,287671.0,288449.0,287547.0,288420.0,0.139945
1787234100,288420.0,288421.0,287950.0,287959.0,0.028345
1787234400,287960.0,288301.0,287960.0,288301.0,0.011754
1787234700,288409.0,288603.0,288409.0,288603.0,0.004892
1787235000,288722.0,288723.0,288602.0,288602.0,0.003092
1787235300,288651.0,288651.0,288300.0,288301.0,0.287446
1787235600,288300.0,288301.0,287412.0,287911.0,0.271096
1787235900,287959.0,287959.0,287179.0,287179.0,0.239031
1787236200,287179.0,287712.0,287011.0,287683.0,0.200072
1787236500,287683.0,287714.0,287321.0,287321.0,0.052377
1787236800,287322.0,287476.0,287312.0,287322.0,0.192514
1787237100,287321.0,287322.0,287201.0,287299.0,0.094682
1787237400,287300.0,288138.0,287300.0,288138.0,0.258735
1787237700,288140.0,288141.0,288140.0,288141.0,0.020265
1787238000,288344.0,290501.0,288172.0,290501.0,0.207785
