timestamp,open,high,low,close,volume
1755705600,482083.0,485606.0,482006.0,484001.0,1.238904
1755709200,484003.0,485887.0,484000.0,485221.0,0.541615
1755712800,485221.0,485221.0,482099.0,483016.0,0.520988
1755716400,483016.0,485624.0,483015.0,485624.0,0.115978
1755720000,485624.0,486197.0,484442.0,486197.0,0.090727
1755723600,486191.0,486298.0,484624.0,486298.0,0.227159
1755727200,486297.0,486298.0,485881.0,486101.0,0.403305
1755730800,486101.0,486101.0,485896.0,485897.0,0.745328
1755734400,485897.0,485998.0,485001.0,485410.0,0.959801
1755738000,485410.0,485977.0,484259.0,485974.0,0.717069
1755741600,486000.0,486398.0,484000.0,484000.0,0.805635
1755745200,484000.0,485685.0,484000.0,484001.0,0.557093
1755748800,484001.0,484001.0,483004.0,483006.0,1.424695
1755752400,483005.0,483006.0,483000.0,483000.0,0.434001
1755756000,483001.0,483001.0,482003.0,482104.0,0.898738
1755759600,482104.0,482611.0,482007.0,482284.0,0.758768
1755763200,482283.0,482563.0,481889.0,481889.0,0.419481
1755766800,481888.0,481888.0,481003.0,481004.0,0.698474
1755770400,481004.0,481005.0,480500.0,480501.0,0.645929
1755774000,480500.0,480969.0,480011.0,480012.0,0.792168
1755777600,480011.0,480373.0,480000.0,480000.0,0.539047
1755781200,480000.0,481999.0,480000.0,481885.0,0.850896
1755784800,481700.0,483148.0,480292.0,480943.0,1.487582
1755788400,480857.0,481093.0,480000.0,480144.0,2.713784
1755792000,480145.0,480145.0,478888.0,478888.0,1.513918
1755795600,478889.0,478889.0,478010.0,478013.0,0.824547
1755799200,478014.0,479119.0,478008.0,479119.0,0.599424
1755802800,478450.0,478754.0,477003.0,477004.0,0.73513
1755806400,477004.0,478842.0,477003.0,478303.0,0.393078
1755810000,478101.0,478551.0,477249.0,477952.0,0.501697
1755813600,477990.0,478496.0,477605.0,477703.0,0.575696
1755817200,477703.0,477799.0,477555.0,477781.0,1.030813
1755820800,477798.0,479600.0,477798.0,479015.0,1.257445
1755824400,479014.0,479601.0,478210.0,479601.0,0.77821
1755828000,479601.0,485999.0,479600.0,482001.0,2.66156
1755831600,482001.0,482265.0,480266.0,480267.0,0.529241
1755835200,480267.0,480921.0,480106.0,480107.0,1.015517
1755838800,480107.0,480699.0,480106.0,480250.0,0.664462
1755842400,480250.0,481000.0,480123.0,480124.0,0.635364
1755846000,480124.0,480125.0,480123.0,480125.0,0.476077
1755849600,480125.0,480125.0,478362.0,479169.0,1.959007
1755853200,479169.0,480116.0,479098.0,480116.0,0.582303
1755856800,480116.0,480116.0,478000.0,478908.0,0.739097
1755860400,478909.0,478909.0,478030.0,478065.0,0.768071
1755864000,478065.0,480200.0,477601.0,479443.0,2.43626
1755867600,479442.0,480171.0,478000.0,479545.0,1.498167
1755871200,479544.0,493794.0,479544.0,492983.0,7.937674
1755874800,492981.0,497799.0,492980.0,495234.0,2.943256
1755878400,494425.0,494945.0,491916.0,491917.0,3.555411
1755882000,491916.0,491917.0,490000.0,490120.0,3.871501
1755885600,490119.0,491836.0,489511.0,489905.0,1.073405
1755889200,489771.0,489934.0,489140.0,489141.0,1.232331
1755892800,489140.0,489140.0,488757.0,488758.0,0.112628
1755896400,488758.0,490009.0,488758.0,489085.0,0.750593
1755900000,489086.0,489086.0,487569.0,487569.0,1.529562
1755903600,487569.0,488655.0,487003.0,487800.0,1.035855
1755907200,487801.0,487801.0,486621.0,486925.0,1.655148
1755910800,486924.0,487001.0,486003.0,486004.0,1.490417
1755914400,486003.0,486004.0,481129.0,484047.0,1.748435
1755918000,482306.0,483945.0,480588.0,481322.0,1.760504
1755921600,481322.0,485114.0,481321.0,482421.0,1.551616
1755925200,482421.0,484989.0,482420.0,484913.0,1.455013
1755928800,484914.0,485778.0,484300.0,484704.0,0.982956
1755932400,484716.0,485488.0,483827.0,484577.0,0.965026
1755936000,484577.0,485489.0,484574.0,485328.0,1.555648
1755939600,485316.0,485316.0,484575.0,485217.0,0.403816
1755943200,485217.0,485269.0,484575.0,485049.0,0.90118
1755946800,485050.0,485316.0,484573.0,484573.0,0.910219
1755950400,484573.0,484934.0,484132.0,484538.0,1.461974
1755954000,484538.0,484538.0,482718.0,482823.0,1.569495
1755957600,482722.0,483498.0,482000.0,482001.0,0.698157
1755961200,482001.0,482765.0,481321.0,482261.0,1.790538
1755964800,482261.0,482896.0,481451.0,482673.0,0.801083
1755968400,482672.0,482970.0,481838.0,482469.0,0.522031
1755972000,482470.0,482587.0,482423.0,482490.0,0.226232
1755975600,482490.0,482490.0,481384.0,481890.0,0.786849
1755979200,482769.0,483003.0,481428.0,482868.0,0.253354
1755982800,483062.0,483062.0,481600.0,482731.0,0.031928
1755986400,481824.0,483017.0,481712.0,482886.0,0.17661
1755990000,483107.0,483107.0,481835.0,482972.0,0.419955
1755993600,482588.0,483057.0,482101.0,482152.0,0.437555
1755997200,482104.0,482156.0,481801.0,482106.0,0.234594
1756000800,482027.0,482157.0,481314.0,481700.0,0.58835
1756004400,481701.0,481819.0,481300.0,481300.0,1.324823
1756008000,481300.0,482157.0,481300.0,481606.0,1.286004
1756011600,481605.0,484992.0,481029.0,481111.0,1.912515
1756015200,481111.0,482011.0,481028.0,481144.0,0.638709
1756018800,481139.0,481744.0,481000.0,481003.0,1.385755
1756022400,481003.0,481315.0,480632.0,480747.0,0.393829
1756026000,480746.0,481785.0,480001.0,481597.0,1.129241
1756029600,480909.0,481774.0,480510.0,481508.0,0.844893
1756033200,481508.0,481794.0,480630.0,481091.0,0.901311
1756036800,481091.0,481461.0,480639.0,480795.0,0.557267
1756040400,480796.0,481719.0,480000.0,480764.0,1.645691
1756044000,480578.0,480941.0,480000.0,480488.0,0.955979
1756047600,480489.0,480490.0,479991.0,480000.0,1.154471
1756051200,480001.0,480284.0,479502.0,479502.0,0.333497
1756054800,479503.0,480298.0,479000.0,479001.0,0.592287
1756058400,479000.0,479498.0,478000.0,478000.0,1.28507
1756062000,478000.0,478001.0,470100.0,471802.0,6.712516
1756065600,471496.0,473828.0,470050.0,472457.0,2.085778
1756069200,472458.0,475160.0,471920.0,473982.0,1.238067
1756072800,473949.0,475910.0,473052.0,475601.0,1.01993
1756076400,475601.0,476792.0,475600.0,476190.0,0.793619
1756080000,476190.0,476195.0,471223.0,472958.0,1.915641
1756083600,472961.0,474600.0,472961.0,474415.0,1.502784
1756087200,474415.0,476704.0,474414.0,475382.0,1.486974
1756090800,475383.0,476841.0,474330.0,474330.0,1.065922
1756094400,474331.0,474331.0,472977.0,472992.0,1.315715
1756098000,472992.0,473000.0,472500.0,472501.0,1.017357
1756101600,472501.0,472501.0,470300.0,470301.0,2.454802
1756105200,470948.0,471000.0,470050.0,470051.0,2.3911
1756108800,470051.0,471497.0,470030.0,470502.0,4.600146
1756112400,470502.0,471425.0,470034.0,471425.0,1.816724
1756116000,471425.0,471894.0,470000.0,470001.0,2.998877
1756119600,470001.0,470551.0,470000.0,470252.0,1.114557
1756123200,470251.0,471933.0,470251.0,471933.0,1.817193
1756126800,471933.0,472698.0,469401.0,471592.0,2.790071
1756130400,471592.0,475000.0,471591.0,474999.0,1.080704
1756134000,474999.0,476750.0,474078.0,475568.0,1.804248
1756137600,475568.0,477880.0,475555.0,476966.0,0.654558
1756141200,476916.0,477776.0,475567.0,476925.0,0.198843
1756144800,476499.0,477093.0,475740.0,476200.0,0.175018
1756148400,476001.0,476001.0,470319.0,470319.0,0.639665
1756152000,470318.0,471451.0,466000.0,466003.0,3.145324
1756155600,466003.0,469229.0,465111.0,467569.0,1.881487
1756159200,467569.0,471674.0,467569.0,470079.0,1.42372
1756162800,470080.0,470148.0,468884.0,469953.0,1.860596
1756166400,469957.0,469989.0,465000.0,465236.0,4.823998
1756170000,465235.0,466710.0,463909.0,466710.0,3.217359
1756173600,466711.0,467651.0,466012.0,466227.0,1.846488
1756177200,466227.0,466989.0,466018.0,466627.0,1.324996
1756180800,466627.0,467021.0,466626.0,467002.0,1.213382
1756184400,467002.0,467753.0,467001.0,467249.0,1.073788
1756188000,467249.0,467405.0,467000.0,467001.0,0.712672
1756191600,467001.0,468792.0,466303.0,468792.0,1.20056
1756195200,468736.0,468999.0,467888.0,468274.0,0.964507
1756198800,468273.0,469004.0,468273.0,468735.0,0.828529
1756202400,468736.0,468795.0,468735.0,468794.0,0.610505
1756206000,468795.0,468795.0,467325.0,467505.0,1.478639
1756209600,467505.0,469000.0,467223.0,467867.0,2.473032
1756213200,467991.0,468144.0,466000.0,466977.0,2.375631
1756216800,466978.0,468776.0,466901.0,468117.0,1.729013
1756220400,468117.0,468716.0,466004.0,466004.0,1.811257
1756224000,466004.0,466997.0,465543.0,466802.0,1.057746
1756227600,466998.0,466999.0,465751.0,465822.0,0.38057
1756231200,465975.0,469000.0,465975.0,468999.0,0.388059
1756234800,468999.0,469000.0,468154.0,469000.0,0.967912
1756238400,468999.0,469000.0,468999.0,469000.0,1.024556
1756242000,469000.0,470000.0,468999.0,470000.0,0.629301
1756245600,470224.0,472098.0,470224.0,471741.0,0.740503
1756249200,471742.0,473879.0,471488.0,471646.0,1.699712
1756252800,471602.0,472015.0,470125.0,470454.0,1.392019
1756256400,470436.0,470496.0,469545.0,470114.0,0.68508
1756260000,470115.0,470989.0,469874.0,469874.0,0.824474
1756263600,469874.0,471999.0,469733.0,471369.0,1.156058
1756267200,471236.0,472242.0,471000.0,471273.0,1.032468
1756270800,471272.0,471471.0,469243.0,470386.0,1.224527
1756274400,470386.0,470567.0,469415.0,469416.0,0.651054
1756278000,469416.0,469416.0,468031.0,468342.0,0.939897
1756281600,468342.0,468682.0,468008.0,468669.0,1.408434
1756285200,468561.0,469936.0,468545.0,469002.0,0.663286
1756288800,469001.0,469851.0,469001.0,469443.0,0.570118
1756292400,469444.0,470592.0,469443.0,470487.0,0.394717
1756296000,470488.0,470990.0,470018.0,470661.0,0.554737
1756299600,470661.0,473000.0,470137.0,472001.0,0.613073
1756303200,472277.0,475338.0,471601.0,473001.0,2.418568
1756306800,473001.0,473639.0,472240.0,473105.0,0.60931
1756310400,473161.0,473957.0,472084.0,473957.0,0.341985
1756314000,473956.0,473956.0,472779.0,473813.0,0.298709
1756317600,473812.0,473958.0,472491.0,472491.0,1.38361
1756321200,472491.0,473242.0,471314.0,473171.0,0.633436
1756324800,471794.0,473999.0,470590.0,473999.0,1.655309
1756328400,473999.0,473999.0,471000.0,471001.0,0.785741
1756332000,471001.0,471001.0,470001.0,470760.0,0.229388
1756335600,470759.0,470953.0,470218.0,470423.0,0.170939
1756339200,470422.0,470875.0,470000.0,470538.0,1.158066
1756342800,470537.0,471538.0,470537.0,471538.0,0.263709
1756346400,471538.0,471668.0,471538.0,471646.0,1.480242
1756350000,471646.0,473657.0,471646.0,473328.0,1.114399
1756353600,473328.0,478007.0,473328.0,476848.0,1.762896
1756357200,477052.0,477699.0,475495.0,475998.0,1.0234
1756360800,475998.0,477998.0,475950.0,477998.0,1.132267
1756364400,477998.0,478800.0,477997.0,478053.0,0.906984
1756368000,478053.0,478054.0,476635.0,476857.0,0.871253
1756371600,476858.0,477189.0,476083.0,476610.0,0.57325
1756375200,476305.0,477067.0,476259.0,477066.0,0.484004
1756378800,477066.0,477173.0,476209.0,476310.0,0.364195
1756382400,476730.0,478000.0,476163.0,477999.0,0.627676
1756386000,477998.0,478796.0,474802.0,475450.0,1.62125
1756389600,475451.0,477420.0,475052.0,477414.0,0.437948
1756393200,477414.0,477414.0,474501.0,475384.0,0.604453
1756396800,475384.0,477337.0,474999.0,474999.0,0.584796
1756400400,474999.0,475391.0,473600.0,474629.0,0.208404
1756404000,474428.0,475562.0,474095.0,474574.0,0.150643
1756407600,474574.0,475014.0,473414.0,473414.0,0.332571
1756411200,473416.0,473416.0,473414.0,473415.0,0.015134
1756414800,473415.0,473667.0,473123.0,473123.0,0.344612
1756418400,473124.0,474483.0,473124.0,474436.0,0.372461
1756422000,474436.0,474999.0,474400.0,474998.0,0.49761
1756425600,474998.0,474998.0,472570.0,472662.0,1.264828
1756429200,472829.0,472829.0,470001.0,470276.0,1.768219
1756432800,470275.0,471307.0,470005.0,470006.0,1.020022
1756436400,470006.0,471964.0,470000.0,471000.0,0.844012
1756440000,470999.0,471189.0,470002.0,470006.0,0.688088
1756443600,470005.0,470006.0,468103.0,468103.0,1.693673
1756447200,469201.0,469935.0,466392.0,469701.0,2.919041
1756450800,469701.0,469766.0,466000.0,466001.0,1.870792
1756454400,466000.0,466688.0,465300.0,465301.0,1.386195
1756458000,465300.0,465960.0,465000.0,465813.0,2.047973
1756461600,465813.0,466830.0,465763.0,466730.0,1.051282
1756465200,466730.0,467132.0,466553.0,467132.0,0.66242
1756468800,467132.0,471446.0,467131.0,469690.0,1.206214
1756472400,469691.0,469743.0,463600.0,463601.0,1.88094
1756476000,463600.0,464243.0,460800.0,460800.0,4.610697
1756479600,460801.0,462213.0,460752.0,460820.0,2.729245
1756483200,460820.0,462959.0,460800.0,462862.0,1.057594
1756486800,462861.0,462861.0,460555.0,461720.0,0.981897
1756490400,461094.0,461521.0,460557.0,460762.0,0.526149
1756494000,460705.0,462715.0,460300.0,461249.0,0.671072
1756497600,461018.0,461018.0,460000.0,460001.0,2.03151
1756501200,460001.0,461443.0,459425.0,461443.0,1.022825
1756504800,461443.0,461443.0,461060.0,461199.0,0.595687
1756508400,461199.0,462638.0,461198.0,462300.0,0.426675
1756512000,462301.0,462318.0,461210.0,462254.0,0.631248
1756515600,462235.0,462317.0,459889.0,459889.0,1.212295
1756519200,459888.0,460999.0,459888.0,460999.0,1.324018
1756522800,460999.0,462000.0,459100.0,461999.0,1.350735
1756526400,461999.0,462454.0,461998.0,462016.0,1.493636
1756530000,462015.0,462015.0,460174.0,461829.0,0.952095
1756533600,461368.0,461999.0,461102.0,461141.0,1.496755
1756537200,461595.0,461602.0,461101.0,461601.0,0.639915
1756540800,461602.0,463454.0,461602.0,462963.0,0.694302
1756544400,462835.0,463178.0,462834.0,463178.0,0.521964
1756548000,463178.0,463847.0,462968.0,463202.0,0.596402
1756551600,463201.0,463934.0,463201.0,463934.0,0.304227
1756555200,463934.0,463934.0,462835.0,463422.0,0.79361
1756558800,463422.0,463964.0,462836.0,463763.0,1.037353
1756562400,463763.0,463999.0,463114.0,463999.0,0.44544
1756566000,463999.0,464971.0,463998.0,464970.0,0.298728
1756569600,464971.0,464971.0,464102.0,464863.0,0.143548
1756573200,464863.0,464959.0,464031.0,464418.0,0.546151
1756576800,464418.0,464755.0,464258.0,464754.0,0.150725
1756580400,464754.0,464754.0,464220.0,464559.0,0.147663
1756584000,464559.0,464559.0,464558.0,464558.0,0.082851
1756587600,464558.0,464559.0,464000.0,464000.0,0.121903
1756591200,464000.0,464001.0,464000.0,464001.0,0.292571
1756594800,464000.0,464001.0,464000.0,464000.0,0.377108
1756598400,464001.0,464984.0,464001.0,464984.0,0.558511
1756602000,464985.0,465942.0,464982.0,465942.0,0.764891
1756605600,465941.0,465941.0,465261.0,465262.0,0.714593
1756609200,465262.0,465394.0,465261.0,465386.0,0.541598
1756612800,465385.0,465386.0,463445.0,463678.0,1.269144
1756616400,463679.0,463679.0,463012.0,463169.0,0.728617
1756620000,463168.0,463374.0,463168.0,463189.0,0.661563
1756623600,463189.0,463489.0,463188.0,463411.0,0.627864
1756627200,463411.0,463424.0,463411.0,463423.0,0.482422
1756630800,463424.0,463491.0,462768.0,462769.0,1.280619
1756634400,462769.0,462769.0,462094.0,462268.0,0.532847
1756638000,462268.0,462499.0,462100.0,462101.0,0.580834
1756641600,462100.0,462101.0,459999.0,461069.0,2.228099
1756645200,460948.0,461471.0,459878.0,461296.0,0.75614
1756648800,461296.0,461995.0,457696.0,461959.0,2.57929
1756652400,461959.0,462499.0,461909.0,462499.0,1.540366
1756656000,462498.0,463660.0,462498.0,463595.0,0.592724
1756659600,463595.0,464001.0,463589.0,463962.0,0.551662
1756663200,463962.0,464742.0,463961.0,464742.0,0.119736
1756666800,464742.0,464742.0,464614.0,464615.0,0.376906
1756670400,464615.0,464615.0,464553.0,464604.0,0.176531
1756674000,464603.0,464604.0,464603.0,464603.0,0.232973
1756677600,464603.0,464604.0,464200.0,464391.0,0.521639
1756681200,464391.0,464391.0,461902.0,461902.0,1.411624
1756684800,461903.0,462761.0,459326.0,462545.0,1.639601
1756688400,462532.0,462777.0,461529.0,461541.0,0.945816
1756692000,461541.0,461814.0,459496.0,459599.0,1.407686
1756695600,459600.0,459925.0,459326.0,459515.0,0.911908
1756699200,459515.0,460000.0,458516.0,458653.0,1.310605
1756702800,458653.0,461052.0,458501.0,460590.0,1.404886
1756706400,460556.0,461810.0,459755.0,461610.0,1.099975
1756710000,461610.0,466000.0,461378.0,466000.0,1.767063
1756713600,466000.0,467943.0,466000.0,467094.0,0.83537
1756717200,467057.0,467509.0,467056.0,467500.0,0.744917
1756720800,467499.0,467500.0,461864.0,462965.0,1.429584
1756724400,462842.0,464205.0,462627.0,463760.0,0.57365
1756728000,463760.0,465224.0,463759.0,465210.0,0.601281
1756731600,465210.0,466926.0,465209.0,466258.0,0.933163
1756735200,466257.0,466258.0,466000.0,466026.0,0.90265
1756738800,466026.0,466937.0,464698.0,464699.0,1.115226
1756742400,464699.0,465758.0,464699.0,464999.0,1.077853
1756746000,464999.0,466154.0,464256.0,466154.0,0.697799
1756749600,466153.0,466992.0,465924.0,466692.0,0.249833
1756753200,466692.0,466845.0,466691.0,466792.0,0.184524
1756756800,466456.0,466456.0,463995.0,465493.0,0.408492
1756760400,465500.0,465549.0,462022.0,462674.0,0.923611
1756764000,462650.0,465029.0,456171.0,465029.0,2.927815
1756767600,465025.0,468413.0,460137.0,468010.0,1.725907
1756771200,468009.0,468010.0,465000.0,465001.0,3.338533
1756774800,465001.0,466690.0,464154.0,465813.0,1.016171
1756778400,465812.0,468412.0,465518.0,468412.0,0.987881
1756782000,468411.0,469760.0,467555.0,468672.0,1.112068
1756785600,468672.0,468698.0,467998.0,468229.0,0.825894
1756789200,468069.0,468187.0,466954.0,467810.0,0.523694
1756792800,467807.0,468406.0,467807.0,468257.0,0.87095
1756796400,468243.0,468243.0,466990.0,467517.0,1.866784
1756800000,467517.0,468236.0,467195.0,468078.0,1.184054
1756803600,468078.0,468407.0,467800.0,468212.0,0.536103
1756807200,468212.0,468213.0,467486.0,467921.0,0.777361
1756810800,467921.0,467921.0,466102.0,466103.0,0.391228
1756814400,466127.0,466825.0,461776.0,462391.0,1.566324
1756818000,462391.0,471862.0,462391.0,471522.0,3.350359
1756821600,471522.0,472811.0,470440.0,472074.0,1.669466
1756825200,472073.0,472074.0,469947.0,470182.0,1.763872
1756828800,470183.0,470989.0,468823.0,469963.0,0.481422
1756832400,469963.0,470950.0,469962.0,470594.0,0.613586
1756836000,470427.0,470427.0,468700.0,469448.0,0.838805
1756839600,469487.0,470045.0,469047.0,469411.0,0.235896
1756843200,469469.0,471499.0,469468.0,471499.0,0.343738
1756846800,471499.0,471499.0,471496.0,471496.0,0.461727
1756850400,471013.0,471013.0,469587.0,470546.0,0.969264
1756854000,470545.0,470546.0,470000.0,470188.0,0.612004
1756857600,470189.0,472749.0,470188.0,471450.0,1.207709
1756861200,471451.0,471451.0,470001.0,470635.0,0.751837
1756864800,470900.0,471993.0,470645.0,471976.0,0.454227
1756868400,471656.0,471692.0,470633.0,470634.0,1.253535
1756872000,470634.0,470814.0,469551.0,470693.0,1.29013
1756875600,470694.0,470694.0,469301.0,469301.0,0.847278
1756879200,469301.0,469301.0,468993.0,469201.0,0.263709
1756882800,469201.0,469948.0,468631.0,469948.0,0.239549
1756886400,469948.0,471099.0,469948.0,470111.0,0.416153
1756890000,470111.0,471099.0,470111.0,470777.0,1.910295
1756893600,470776.0,471355.0,470247.0,471315.0,1.19504
1756897200,471315.0,472799.0,471315.0,472071.0,0.491642
1756900800,472071.0,473004.0,471315.0,471316.0,1.1743
1756904400,471315.0,473280.0,471315.0,472293.0,1.350683
1756908000,472293.0,475000.0,472000.0,474254.0,4.531139
1756911600,474254.0,474270.0,473390.0,474050.0,1.496848
1756915200,474049.0,474050.0,473131.0,473185.0,0.572088
1756918800,473160.0,475013.0,473160.0,475002.0,0.996739
1756922400,475002.0,475017.0,473480.0,473852.0,0.595803
1756926000,473780.0,474581.0,473423.0,474581.0,0.157883
1756929600,474581.0,474581.0,474569.0,474576.0,0.229771
1756933200,474577.0,474577.0,473140.0,473849.0,0.398423
1756936800,473850.0,474014.0,473850.0,473870.0,0.561551
1756940400,473871.0,473871.0,472580.0,472581.0,0.414189
1756944000,472580.0,473850.0,472054.0,473474.0,0.679006
1756947600,473261.0,473261.0,472085.0,472714.0,0.526611
1756951200,472715.0,472715.0,471672.0,472037.0,0.760242
1756954800,472038.0,472532.0,471000.0,471001.0,0.530839
1756958400,471000.0,471214.0,470990.0,470991.0,0.227955
1756962000,470991.0,470991.0,469004.0,469303.0,0.547213
1756965600,469239.0,469497.0,468780.0,468780.0,0.439976
1756969200,468780.0,469277.0,468710.0,468914.0,1.139376
1756972800,468778.0,469992.0,468777.0,469700.0,0.544679
1756976400,469700.0,469910.0,469699.0,469748.0,0.529992
1756980000,469749.0,470598.0,469696.0,469696.0,0.53684
1756983600,469695.0,470237.0,469090.0,469875.0,0.581212
1756987200,469875.0,470628.0,469314.0,470206.0,0.714198
1756990800,470204.0,470204.0,468487.0,468644.0,0.781472
1756994400,468643.0,468643.0,466056.0,466933.0,0.966592
1756998000,466933.0,466933.0,466007.0,466484.0,0.973001
1757001600,466483.0,466961.0,466141.0,466262.0,0.496063
1757005200,466261.0,467742.0,466261.0,467240.0,0.51412
1757008800,467240.0,469146.0,467240.0,468526.0,0.216509
1757012400,468525.0,468577.0,468001.0,468002.0,0.181468
1757016000,468002.0,470074.0,468002.0,470074.0,0.229557
1757019600,470074.0,470077.0,470073.0,470077.0,0.100365
1757023200,470076.0,473500.0,470076.0,473500.0,0.479154
1757026800,473500.0,474406.0,470697.0,471173.0,0.823533
1757030400,471173.0,471607.0,470984.0,471205.0,0.544894
1757034000,471204.0,472500.0,471120.0,472500.0,0.736655
1757037600,472499.0,473799.0,472499.0,473738.0,0.753438
1757041200,473540.0,473541.0,473146.0,473314.0,0.844385
1757044800,473313.0,473501.0,473313.0,473500.0,0.595906
1757048400,473501.0,474497.0,473500.0,474351.0,0.583164
1757052000,474351.0,475000.0,474248.0,475000.0,0.676815
1757055600,475000.0,478287.0,475000.0,478000.0,2.291661
1757059200,478000.0,478000.0,477300.0,477301.0,0.92693
1757062800,477300.0,477301.0,475737.0,475914.0,0.930689
1757066400,475916.0,476861.0,475906.0,475987.0,1.215551
1757070000,475987.0,475987.0,475783.0,475942.0,0.314512
1757073600,475943.0,478400.0,475387.0,478400.0,2.3942
1757077200,478400.0,478401.0,476945.0,477776.0,1.326071
1757080800,477180.0,477761.0,468763.0,469423.0,1.87687
1757084400,469472.0,470971.0,468811.0,470967.0,1.605312
1757088000,470966.0,470967.0,470001.0,470535.0,1.381787
1757091600,470534.0,470554.0,469500.0,470076.0,0.627669
1757095200,470156.0,472795.0,470155.0,472548.0,0.372465
1757098800,472484.0,473000.0,472366.0,473000.0,0.047255
1757102400,473509.0,473509.0,472915.0,473011.0,0.193088
1757106000,473987.0,473987.0,469576.0,470422.0,0.432324
1757109600,470415.0,471447.0,469998.0,471161.0,0.252286
1757113200,471160.0,471161.0,470400.0,470556.0,0.214545
1757116800,470556.0,471271.0,470555.0,471247.0,0.399386
1757120400,471246.0,471298.0,471246.0,471298.0,0.111812
1757124000,471298.0,472000.0,471298.0,472000.0,0.397681
1757127600,472641.0,472641.0,472601.0,472602.0,0.182216
1757131200,472602.0,472602.0,469000.0,470946.0,2.552283
1757134800,470946.0,470946.0,470124.0,470682.0,0.508295
1757138400,470682.0,470859.0,470680.0,470767.0,0.201006
1757142000,470767.0,470943.0,470766.0,470943.0,0.278968
1757145600,470943.0,471393.0,470942.0,471390.0,0.159302
1757149200,471390.0,471390.0,471108.0,471109.0,0.466617
1757152800,471109.0,471109.0,471108.0,471109.0,0.100055
1757156400,471109.0,471109.0,471035.0,471040.0,0.381411
1757160000,471040.0,471469.0,471039.0,471469.0,0.483598
1757163600,471469.0,471500.0,471462.0,471500.0,0.168678
1757167200,471500.0,471954.0,471499.0,471517.0,0.273803
1757170800,471517.0,471517.0,470443.0,470443.0,0.320127
1757174400,470443.0,470443.0,469002.0,469003.0,0.966582
1757178000,469002.0,469003.0,468851.0,468852.0,0.123483
1757181600,468852.0,468996.0,468852.0,468996.0,0.140382
1757185200,468996.0,468996.0,468989.0,468990.0,0.317468
1757188800,468990.0,468990.0,468898.0,468899.0,0.077957
1757192400,468898.0,468899.0,468851.0,468852.0,0.144876
1757196000,468852.0,468852.0,468851.0,468852.0,0.123445
1757199600,468852.0,468852.0,468851.0,468852.0,0.129568
1757203200,468852.0,468949.0,468851.0,468949.0,0.279555
1757206800,468949.0,470377.0,468948.0,470358.0,0.262556
1757210400,470357.0,470506.0,469790.0,470478.0,0.351922
1757214000,470478.0,470479.0,470000.0,470103.0,0.12001
1757217600,470103.0,470103.0,469791.0,469848.0,0.22547
1757221200,469848.0,470501.0,469847.0,470180.0,0.387102
1757224800,470180.0,470180.0,470000.0,470001.0,0.201109
1757228400,470001.0,470700.0,469751.0,470699.0,0.846804
1757232000,470700.0,472130.0,470699.0,471635.0,0.845158
1757235600,471636.0,471636.0,470693.0,471351.0,0.834508
1757239200,471351.0,471872.0,471350.0,471733.0,0.211217
1757242800,471733.0,471990.0,471733.0,471990.0,0.611625
1757246400,471989.0,471990.0,471981.0,471982.0,0.448791
1757250000,471982.0,471982.0,471734.0,471734.0,0.191129
1757253600,471734.0,471989.0,471124.0,471129.0,1.441382
1757257200,471129.0,471599.0,471129.0,471599.0,0.372243
1757260800,471599.0,471599.0,471342.0,471342.0,0.217936
1757264400,471343.0,471343.0,470601.0,470832.0,0.195225
1757268000,470830.0,470830.0,470497.0,470498.0,0.156456
1757271600,470498.0,471438.0,470498.0,471438.0,0.103062
1757275200,471438.0,471755.0,471437.0,471754.0,0.04114
1757278800,471755.0,471755.0,471754.0,471754.0,0.073801
1757282400,471018.0,471719.0,471017.0,471342.0,0.064759
1757286000,471343.0,472129.0,471000.0,471000.0,0.693806
1757289600,471000.0,471166.0,470003.0,470004.0,0.59034
1757293200,470004.0,470100.0,470003.0,470040.0,0.310339
1757296800,470004.0,471517.0,469623.0,471002.0,1.265445
1757300400,471002.0,471388.0,470000.0,470000.0,0.398473
1757304000,470000.0,470001.0,469612.0,469612.0,0.391782
1757307600,469612.0,469613.0,469500.0,469501.0,0.352415
1757311200,469501.0,469713.0,469301.0,469710.0,0.280305
1757314800,469710.0,471725.0,469709.0,470127.0,0.749015
1757318400,470128.0,472000.0,470127.0,472000.0,0.622199
1757322000,471999.0,472846.0,471397.0,472195.0,1.069804
1757325600,472194.0,472783.0,472194.0,472401.0,0.541608
1757329200,472401.0,472711.0,471497.0,472711.0,0.656149
1757332800,472711.0,472853.0,472472.0,472655.0,0.606315
1757336400,472656.0,473839.0,472277.0,472462.0,0.858559
1757340000,472462.0,475500.0,472442.0,474900.0,1.168411
1757343600,474900.0,475996.0,474899.0,475000.0,0.691082
1757347200,475001.0,475001.0,474000.0,474113.0,0.361646
1757350800,474113.0,474171.0,473749.0,473750.0,0.324563
1757354400,473750.0,474230.0,473744.0,474230.0,0.228797
1757358000,474229.0,474230.0,472867.0,472867.0,0.234857
1757361600,472867.0,473239.0,472866.0,472883.0,0.178041
1757365200,472883.0,474016.0,472882.0,474016.0,0.146812
1757368800,474016.0,474462.0,473544.0,474042.0,0.219316
1757372400,474042.0,474147.0,473693.0,473693.0,0.21717
1757376000,473693.0,473693.0,471313.0,471315.0,1.1274
1757379600,471314.0,471315.0,470000.0,470001.0,0.585258
1757383200,470000.0,470001.0,470000.0,470001.0,0.730564
1757386800,470000.0,470940.0,469999.0,470932.0,0.341819
1757390400,470932.0,471996.0,470931.0,471450.0,1.038941
1757394000,471449.0,471938.0,471449.0,471872.0,0.300166
1757397600,471871.0,474998.0,471871.0,474998.0,1.39321
1757401200,474998.0,474998.0,474509.0,474856.0,2.468784
1757404800,474857.0,474887.0,474856.0,474886.0,0.580127
1757408400,474887.0,475098.0,474886.0,475098.0,1.032061
1757412000,475097.0,475100.0,474449.0,474637.0,1.332236
1757415600,474638.0,474792.0,474444.0,474444.0,0.301657
1757419200,474300.0,474498.0,474056.0,474464.0,0.612764
1757422800,474464.0,475348.0,474463.0,474810.0,1.053139
1757426400,474810.0,475499.0,471014.0,471149.0,2.427683
1757430000,471150.0,471150.0,469000.0,469001.0,1.347304
1757433600,469000.0,470346.0,469000.0,469328.0,0.593939
1757437200,469328.0,469367.0,469327.0,469365.0,0.311462
1757440800,469366.0,469906.0,469365.0,469367.0,0.224713
1757444400,469367.0,469540.0,469366.0,469540.0,0.207299
1757448000,469539.0,469930.0,469369.0,469930.0,0.274819
1757451600,470263.0,471013.0,470148.0,470148.0,0.317947
1757455200,469852.0,470627.0,469475.0,470544.0,0.330691
1757458800,470544.0,470545.0,470305.0,470360.0,0.464562
1757462400,470360.0,470360.0,470001.0,470001.0,0.640317
1757466000,470001.0,470004.0,469888.0,469889.0,0.658899
1757469600,469889.0,471114.0,469889.0,470189.0,1.462756
1757473200,470190.0,471064.0,470189.0,470658.0,0.46386
1757476800,470658.0,470658.0,470000.0,470613.0,0.636275
1757480400,470613.0,470700.0,470314.0,470583.0,0.478858
1757484000,470615.0,472000.0,470583.0,471999.0,1.1991
1757487600,471998.0,473999.0,471654.0,473999.0,1.418663
1757491200,473999.0,474574.0,473998.0,474413.0,1.461864
1757494800,474413.0,474413.0,470000.0,473694.0,1.32785
1757498400,473694.0,473715.0,473691.0,473715.0,0.368248
1757502000,473714.0,473715.0,473714.0,473714.0,0.29611
1757505600,473715.0,477223.0,473714.0,477178.0,2.378396
1757509200,477198.0,479429.0,477198.0,479193.0,2.402151
1757512800,479194.0,479222.0,478906.0,479180.0,2.5213
1757516400,479180.0,479350.0,479179.0,479324.0,0.58764
1757520000,479324.0,479324.0,478000.0,478928.0,1.689756
1757523600,478929.0,479221.0,478001.0,478369.0,1.09145
1757527200,478369.0,478462.0,478001.0,478027.0,0.587933
1757530800,478168.0,478168.0,477942.0,478001.0,0.484644
1757534400,478001.0,479328.0,478001.0,479044.0,0.171338
1757538000,479101.0,479329.0,479101.0,479293.0,0.084402
1757541600,479293.0,479754.0,479293.0,479507.0,1.096
1757545200,479506.0,479859.0,478949.0,479459.0,0.70712
1757548800,479458.0,479459.0,478851.0,479280.0,1.156875
1757552400,479280.0,479869.0,479279.0,479568.0,0.97312
1757556000,479568.0,479636.0,479567.0,479628.0,0.766456
1757559600,479628.0,480202.0,479627.0,480201.0,1.801268
1757563200,480204.0,480505.0,480203.0,480505.0,0.667617
1757566800,480505.0,481250.0,480321.0,481250.0,0.924356
1757570400,481250.0,481660.0,480809.0,481660.0,0.658352
1757574000,481660.0,481660.0,480806.0,480903.0,0.513284
1757577600,480903.0,481499.0,480896.0,481002.0,1.086988
1757581200,481001.0,481014.0,480805.0,480806.0,0.630847
1757584800,480806.0,481115.0,480805.0,480946.0,0.731809
1757588400,480945.0,480947.0,480945.0,480947.0,0.226358
1757592000,480947.0,481997.0,480001.0,481000.0,1.840678
1757595600,481000.0,483100.0,479178.0,483099.0,1.873297
1757599200,483100.0,483100.0,481242.0,483012.0,1.507091
1757602800,483012.0,483150.0,482001.0,482079.0,0.950197
1757606400,482376.0,482579.0,482131.0,482579.0,0.492657
1757610000,482579.0,483102.0,482579.0,482759.0,0.117227
1757613600,482760.0,482763.0,482569.0,482569.0,0.539174
1757617200,482569.0,482577.0,482002.0,482339.0,0.387646
1757620800,482340.0,482341.0,482002.0,482141.0,0.102944
1757624400,482142.0,482146.0,482141.0,482145.0,0.067145
1757628000,482145.0,483300.0,482145.0,483250.0,1.721337
1757631600,483249.0,484500.0,483249.0,484500.0,1.02175
1757635200,484499.0,486032.0,484225.0,486032.0,4.254304
1757638800,486031.0,486032.0,484309.0,485304.0,2.513605
1757642400,485304.0,485305.0,485281.0,485283.0,1.081292
1757646000,485283.0,485283.0,484000.0,485016.0,1.408978
1757649600,485016.0,485016.0,484307.0,484986.0,0.648027
1757653200,484987.0,484999.0,484986.0,484998.0,1.046588
1757656800,484999.0,484999.0,484049.0,484226.0,1.492615
1757660400,484225.0,484360.0,483650.0,483785.0,1.136785
1757664000,483785.0,483989.0,483249.0,483616.0,0.759741
1757667600,483616.0,483747.0,482939.0,483747.0,1.292781
1757671200,483322.0,483616.0,483203.0,483371.0,0.366286
1757674800,483370.0,483900.0,483365.0,483516.0,0.398581
1757678400,483516.0,483897.0,483299.0,483894.0,0.623354
1757682000,483894.0,483999.0,483001.0,483999.0,0.64534
1757685600,483998.0,485000.0,483021.0,483944.0,1.025362
1757689200,483943.0,484014.0,483330.0,483803.0,0.554368
1757692800,483804.0,484698.0,483803.0,484698.0,0.411038
1757696400,484698.0,485888.0,484697.0,485456.0,1.323629
1757700000,485456.0,486845.0,485456.0,486844.0,1.442641
1757703600,486844.0,486845.0,486844.0,486845.0,0.380524
1757707200,486844.0,486845.0,485920.0,485920.0,1.28721
1757710800,485920.0,485920.0,485000.0,485001.0,0.236664
1757714400,485001.0,485171.0,484500.0,484500.0,0.983788
1757718000,484501.0,484502.0,484001.0,484300.0,0.713055
1757721600,484301.0,484301.0,483387.0,484295.0,0.661498
1757725200,484291.0,484299.0,483000.0,483000.0,0.997549
1757728800,483001.0,483999.0,483000.0,483759.0,0.696582
1757732400,483759.0,484530.0,483759.0,484198.0,0.800242
1757736000,484198.0,484199.0,484000.0,484000.0,0.493972
1757739600,484000.0,484149.0,483767.0,484085.0,0.625834
1757743200,484088.0,484149.0,484064.0,484106.0,1.038916
1757746800,484106.0,484619.0,484106.0,484461.0,0.569846
1757750400,484394.0,484777.0,484323.0,484777.0,0.70715
1757754000,484777.0,484777.0,484226.0,484394.0,1.178543
1757757600,484395.0,485770.0,484395.0,485078.0,0.631044
1757761200,485216.0,485216.0,485078.0,485151.0,0.442404
1757764800,485150.0,485151.0,485150.0,485151.0,0.355042
1757768400,485151.0,485199.0,484865.0,484865.0,0.754054
1757772000,484866.0,484995.0,484200.0,484929.0,0.711385
1757775600,484929.0,484940.0,484037.0,484201.0,0.738251
1757779200,484038.0,484201.0,483000.0,483000.0,0.736805
1757782800,483000.0,483001.0,482965.0,482973.0,0.548037
1757786400,482973.0,483001.0,482971.0,482977.0,0.139949
1757790000,482978.0,483717.0,482978.0,483717.0,0.052372
1757793600,483776.0,483917.0,483775.0,483917.0,0.105323
1757797200,483916.0,483917.0,483916.0,483916.0,0.082148
1757800800,483916.0,483917.0,483916.0,483917.0,0.267286
1757804400,483917.0,484067.0,483916.0,484067.0,0.217079
1757808000,484067.0,484202.0,484067.0,484201.0,0.32608
1757811600,484202.0,484499.0,484201.0,484498.0,0.716764
1757815200,484497.0,484861.0,484001.0,484002.0,0.64296
1757818800,484001.0,484017.0,483463.0,483463.0,0.492663
1757822400,483203.0,484051.0,483077.0,484050.0,0.477563
1757826000,484050.0,484840.0,484047.0,484818.0,0.288227
1757829600,484580.0,484955.0,484448.0,484638.0,0.392265
1757833200,484638.0,484958.0,484637.0,484957.0,0.163301
1757836800,484958.0,485000.0,484957.0,485000.0,0.402579
1757840400,485000.0,486233.0,484999.0,486125.0,1.12337
1757844000,486125.0,486227.0,485938.0,485982.0,0.34151
1757847600,485983.0,485993.0,485700.0,485701.0,0.377554
1757851200,485701.0,485701.0,485700.0,485701.0,0.584368
1757854800,485700.0,485701.0,484040.0,484041.0,1.067664
1757858400,484041.0,484278.0,484000.0,484000.0,0.962472
1757862000,484001.0,484001.0,483889.0,483898.0,0.393547
1757865600,483899.0,484999.0,483898.0,484707.0,0.474039
1757869200,484707.0,484718.0,484706.0,484717.0,0.128024
1757872800,484718.0,485001.0,484718.0,485001.0,0.276864
1757876400,485001.0,485002.0,485000.0,485002.0,0.118506
1757880000,485002.0,485502.0,485002.0,485502.0,0.303392
1757883600,485502.0,486000.0,485502.0,486000.0,0.309641
1757887200,486000.0,486203.0,485999.0,486203.0,0.246369
1757890800,486204.0,486211.0,484010.0,484987.0,1.171618
1757894400,484987.0,484987.0,484653.0,484654.0,0.41866
1757898000,484653.0,484654.0,484001.0,484486.0,0.70333
1757901600,484487.0,485331.0,484487.0,485092.0,0.688564
1757905200,485092.0,485148.0,485092.0,485147.0,0.459969
1757908800,485148.0,487385.0,485147.0,487385.0,1.447563
1757912400,487385.0,489208.0,487385.0,489095.0,1.043911
1757916000,489095.0,489999.0,488400.0,488909.0,0.926406
1757919600,488909.0,489453.0,488284.0,488285.0,1.42563
1757923200,488285.0,488285.0,485255.0,485296.0,1.399686
1757926800,485157.0,485921.0,485148.0,485783.0,1.071694
1757930400,485784.0,485784.0,485783.0,485784.0,0.73788
1757934000,485784.0,486000.0,485783.0,485850.0,0.680382
1757937600,485850.0,485850.0,485000.0,485001.0,0.754578
1757941200,485001.0,486492.0,484555.0,485332.0,1.41738
1757944800,485332.0,485690.0,484487.0,485199.0,1.060427
1757948400,485199.0,485199.0,484213.0,485045.0,1.169365
1757952000,485045.0,485090.0,485006.0,485018.0,0.381622
1757955600,485018.0,485200.0,485017.0,485200.0,0.446201
1757959200,485691.0,486859.0,485691.0,486859.0,0.436334
1757962800,486884.0,487999.0,486614.0,487275.0,0.512842
1757966400,487429.0,487444.0,487428.0,487437.0,0.094669
1757970000,487436.0,488182.0,487436.0,488180.0,0.102627
1757973600,488181.0,488181.0,487972.0,487973.0,0.155712
1757977200,487973.0,487973.0,487972.0,487973.0,0.142049
1757980800,487972.0,487973.0,486851.0,487038.0,0.467897
1757984400,487038.0,488300.0,487037.0,487602.0,0.399623
1757988000,487602.0,487945.0,487509.0,487515.0,0.225561
1757991600,487515.0,487878.0,487515.0,487878.0,0.364885
1757995200,487878.0,488500.0,487520.0,488499.0,0.773035
1757998800,488499.0,489192.0,488498.0,489192.0,1.160875
1758002400,489193.0,489466.0,489193.0,489201.0,0.854467
1758006000,489202.0,489202.0,489201.0,489202.0,0.256538
1758009600,489202.0,489502.0,489001.0,489002.0,0.690802
1758013200,489003.0,489003.0,489000.0,489000.0,0.567069
1758016800,489000.0,489001.0,488501.0,488501.0,0.541817
1758020400,488502.0,488502.0,488206.0,488206.0,0.350118
1758024000,488207.0,488207.0,488206.0,488207.0,0.325787
1758027600,488207.0,488207.0,486500.0,487104.0,0.857603
1758031200,487250.0,487522.0,486251.0,487508.0,1.024416
1758034800,487508.0,488500.0,486754.0,488500.0,0.677472
1758038400,488999.0,489500.0,488581.0,489199.0,1.100609
1758042000,489199.0,490891.0,489031.0,490256.0,3.12397
1758045600,490256.0,490917.0,489856.0,490364.0,0.905823
1758049200,490388.0,490963.0,490388.0,490963.0,0.352481
1758052800,490963.0,490979.0,490963.0,490979.0,0.171639
1758056400,490978.0,490979.0,490978.0,490979.0,0.199909
1758060000,490979.0,491005.0,490978.0,491004.0,0.141082
1758063600,491005.0,491005.0,491004.0,491005.0,0.4372
1758067200,491004.0,491005.0,490559.0,490559.0,0.825763
1758070800,490559.0,490586.0,490559.0,490569.0,0.541802
1758074400,490568.0,491000.0,490568.0,490581.0,1.108317
1758078000,490580.0,490581.0,489501.0,489501.0,0.612377
1758081600,489501.0,489502.0,489008.0,489485.0,0.372806
1758085200,489485.0,491404.0,489484.0,491404.0,1.04399
1758088800,491404.0,492221.0,491404.0,492221.0,0.848862
1758092400,492222.0,492242.0,492210.0,492210.0,0.557069
1758096000,492210.0,492211.0,490888.0,490986.0,1.431213
1758099600,490944.0,490945.0,490197.0,490368.0,0.356858
1758103200,490263.0,490400.0,490035.0,490036.0,0.46161
1758106800,490036.0,490092.0,490035.0,490092.0,0.247969
1758110400,490091.0,490307.0,490091.0,490283.0,0.586671
1758114000,490283.0,490283.0,489937.0,489937.0,1.169705
1758117600,489937.0,489937.0,488000.0,488067.0,1.418058
1758121200,488075.0,489184.0,488075.0,489184.0,0.841802
1758124800,489185.0,489185.0,488477.0,488478.0,0.52703
1758128400,488477.0,489555.0,488442.0,488695.0,0.82676
1758132000,488694.0,489873.0,484950.0,486072.0,1.561202
1758135600,485602.0,488204.0,485602.0,487464.0,0.271277
1758139200,487463.0,488695.0,486366.0,486366.0,0.257403
1758142800,486547.0,488464.0,486312.0,488363.0,0.334629
1758146400,488221.0,489937.0,488221.0,489934.0,1.092219
1758150000,489936.0,489950.0,488257.0,488257.0,0.971359
1758153600,488257.0,489151.0,487313.0,488301.0,0.823119
1758157200,488301.0,489997.0,488301.0,489445.0,1.114093
1758160800,489425.0,491382.0,489156.0,491380.0,2.746945
1758164400,491381.0,494398.0,491380.0,493500.0,2.547505
1758168000,493501.0,493635.0,492130.0,492349.0,0.637756
1758171600,492350.0,492500.0,491432.0,491547.0,1.000222
1758175200,491547.0,491660.0,491205.0,491207.0,0.357665
1758178800,491207.0,491211.0,490706.0,490706.0,1.00808
1758182400,490706.0,491661.0,490263.0,490909.0,1.014258
1758186000,490909.0,491052.0,490715.0,490988.0,0.344654
1758189600,490989.0,490989.0,490501.0,490503.0,0.430156
1758193200,490503.0,490504.0,490502.0,490502.0,0.871981
1758196800,490503.0,490503.0,490302.0,490325.0,0.348684
1758200400,490326.0,491662.0,490305.0,491200.0,1.432927
1758204000,491986.0,492998.0,491525.0,492284.0,2.057775
1758207600,492322.0,492743.0,491762.0,492449.0,1.8596
1758211200,492449.0,493000.0,492286.0,492781.0,0.752348
1758214800,492780.0,492781.0,492093.0,492101.0,0.384456
1758218400,492101.0,492121.0,491665.0,492118.0,0.360631
1758222000,492117.0,492118.0,490306.0,490490.0,0.63378
1758225600,490891.0,491459.0,490866.0,491241.0,0.109446
1758229200,491241.0,491241.0,490356.0,490811.0,0.212676
1758232800,490812.0,490812.0,489617.0,489637.0,0.510642
1758236400,489638.0,489638.0,488182.0,489382.0,0.573452
1758240000,489382.0,490997.0,489082.0,490996.0,1.662544
1758243600,490997.0,490999.0,490207.0,490672.0,0.918123
1758247200,490672.0,490673.0,490600.0,490671.0,0.558462
1758250800,490672.0,490775.0,490411.0,490418.0,0.906013
1758254400,490419.0,490777.0,489508.0,490776.0,1.42456
1758258000,490777.0,490777.0,490504.0,490718.0,0.815601
1758261600,490718.0,490719.0,490501.0,490644.0,0.526687
1758265200,490644.0,490718.0,490643.0,490718.0,0.485744
1758268800,490718.0,491998.0,490717.0,491028.0,0.840417
1758272400,491027.0,491090.0,490287.0,490287.0,0.512292
1758276000,490286.0,490287.0,490001.0,490154.0,0.243427
1758279600,490154.0,490154.0,490000.0,490002.0,0.257624
1758283200,490001.0,493500.0,489865.0,490324.0,6.472
1758286800,490324.0,494400.0,490323.0,491044.0,1.004012
1758290400,491044.0,491044.0,490501.0,490502.0,1.062705
1758294000,490501.0,490502.0,489500.0,489600.0,1.054761
1758297600,489599.0,491330.0,489599.0,491324.0,0.204916
1758301200,490974.0,490974.0,490001.0,490001.0,0.534564
1758304800,490001.0,490002.0,489502.0,489502.0,0.298291
1758308400,489501.0,489502.0,488850.0,488850.0,0.525388
1758312000,488851.0,488851.0,488800.0,488825.0,0.090654
1758315600,488825.0,489362.0,488824.0,489230.0,0.119008
1758319200,489230.0,489755.0,489230.0,489662.0,0.13349
1758322800,489662.0,490049.0,489339.0,490049.0,0.199313
1758326400,490049.0,490049.0,489879.0,489945.0,0.130446
1758330000,489945.0,490047.0,489944.0,490047.0,0.22637
1758333600,490047.0,490047.0,489947.0,489948.0,0.297514
1758337200,489948.0,489954.0,489568.0,489568.0,0.376872
1758340800,489567.0,489855.0,489511.0,489855.0,0.200069
1758344400,489855.0,489855.0,489680.0,489681.0,0.286728
1758348000,489681.0,489900.0,489680.0,489900.0,0.222542
1758351600,489900.0,491000.0,489900.0,490999.0,0.336709
1758355200,491000.0,491499.0,490999.0,491424.0,0.464366
1758358800,491291.0,491291.0,491201.0,491201.0,0.92731
1758362400,491202.0,491202.0,491201.0,491202.0,0.469303
1758366000,491201.0,491205.0,491201.0,491204.0,0.33135
1758369600,491205.0,491500.0,491205.0,491500.0,0.577132
1758373200,491500.0,491500.0,491499.0,491499.0,0.352814
1758376800,491500.0,491500.0,491499.0,491499.0,0.311145
1758380400,491500.0,491500.0,491499.0,491499.0,0.322784
1758384000,491500.0,491500.0,491201.0,491479.0,0.67515
1758387600,491479.0,491479.0,491206.0,491206.0,0.192217
1758391200,491207.0,491207.0,491206.0,491207.0,0.057434
1758394800,491207.0,491207.0,491200.0,491200.0,0.027597
1758398400,491200.0,491201.0,491200.0,491201.0,0.02641
1758402000,491201.0,491201.0,491200.0,491201.0,0.023051
1758405600,491201.0,491201.0,491041.0,491041.0,0.162745
1758409200,491042.0,491042.0,490001.0,490002.0,0.345035
1758412800,490175.0,490175.0,489890.0,489890.0,0.327612
1758416400,489891.0,489891.0,489890.0,489891.0,0.096964
1758420000,489890.0,489890.0,489501.0,489872.0,0.557419
1758423600,489872.0,489872.0,489691.0,489699.0,0.35628
1758427200,489699.0,489699.0,489046.0,489047.0,0.64165
1758430800,489046.0,489562.0,489042.0,489562.0,0.492767
1758434400,489432.0,489700.0,489432.0,489700.0,0.315655
1758438000,489700.0,489700.0,489695.0,489695.0,0.14037
1758441600,489696.0,489696.0,489695.0,489695.0,0.220845
1758445200,489696.0,489696.0,489098.0,489671.0,0.824839
1758448800,489670.0,489671.0,489226.0,489464.0,0.277603
1758452400,489202.0,489513.0,489202.0,489496.0,0.154353
1758456000,489497.0,489497.0,489402.0,489402.0,0.169659
1758459600,489403.0,489403.0,489003.0,489086.0,0.257291
1758463200,489087.0,489087.0,485512.0,488602.0,1.123595
1758466800,488601.0,488680.0,488600.0,488600.0,0.140626
1758470400,488601.0,488601.0,487678.0,487678.0,0.245079
1758474000,487952.0,488000.0,487924.0,488000.0,0.429558
1758477600,488000.0,488000.0,487999.0,487999.0,0.14572
1758481200,487999.0,488000.0,487888.0,487889.0,0.125156
1758484800,487889.0,487889.0,487730.0,487732.0,0.026236
1758488400,487731.0,487810.0,487511.0,487810.0,0.086087
1758492000,487810.0,488680.0,487294.0,488635.0,0.335784
1758495600,488635.0,488637.0,487730.0,487770.0,0.152617
1758499200,487770.0,488222.0,485080.0,485080.0,0.866996
1758502800,485081.0,486301.0,484766.0,484766.0,1.604863
1758506400,484767.0,485616.0,484502.0,484828.0,1.17793
1758510000,484829.0,486275.0,484801.0,486058.0,1.030256
1758513600,486225.0,486225.0,485633.0,485701.0,0.519277
1758517200,485701.0,486069.0,485000.0,485001.0,1.447834
1758520800,485000.0,485765.0,479000.0,479611.0,8.061916
1758524400,479610.0,479610.0,478710.0,478712.0,2.144306
1758528000,478712.0,479003.0,478700.0,479002.0,1.452035
1758531600,479001.0,479002.0,477851.0,478120.0,2.905194
1758535200,478120.0,479610.0,478001.0,479610.0,1.646934
1758538800,479610.0,480000.0,479600.0,480000.0,0.892963
1758542400,480000.0,480000.0,479225.0,479995.0,1.403408
1758546000,479995.0,480606.0,479000.0,480606.0,2.148487
1758549600,480612.0,482775.0,480611.0,481398.0,1.308709
1758553200,481398.0,481400.0,480474.0,480475.0,0.795626
1758556800,480475.0,480476.0,480113.0,480113.0,0.910096
1758560400,480113.0,480113.0,479000.0,479001.0,0.411381
1758564000,479001.0,479743.0,479000.0,479001.0,0.222659
1758567600,479001.0,479001.0,478000.0,478244.0,0.557674
1758571200,478243.0,480480.0,478000.0,480480.0,0.360355
1758574800,480479.0,480486.0,479601.0,480486.0,0.193245
1758578400,480486.0,480486.0,479854.0,479856.0,0.437992
1758582000,479857.0,479857.0,479471.0,479714.0,0.477368
1758585600,479714.0,479714.0,478003.0,478004.0,1.669082
1758589200,478004.0,478004.0,475982.0,475983.0,1.235065
1758592800,475983.0,476747.0,475000.0,475000.0,1.535925
1758596400,475001.0,475671.0,473800.0,474981.0,2.174099
1758600000,474981.0,474981.0,474000.0,474635.0,0.931457
1758603600,474636.0,476216.0,474636.0,476206.0,0.863661
1758607200,476205.0,476782.0,475900.0,476637.0,1.058797
1758610800,476637.0,477357.0,476046.0,477357.0,1.902901
1758614400,477357.0,477628.0,475423.0,477626.0,1.500598
1758618000,477626.0,478532.0,477340.0,477341.0,1.060509
1758621600,477341.0,477545.0,477001.0,477392.0,0.504646
1758625200,477393.0,477393.0,477341.0,477393.0,0.612063
1758628800,477393.0,477893.0,477389.0,477438.0,1.249157
1758632400,477437.0,477500.0,477400.0,477401.0,1.202031
1758636000,477401.0,478183.0,476319.0,476330.0,1.903963
1758639600,476330.0,477990.0,476330.0,477511.0,1.863938
1758643200,477511.0,477511.0,476002.0,477004.0,1.069133
1758646800,477004.0,477004.0,474001.0,474001.0,0.816865
1758650400,474001.0,474515.0,473500.0,473501.0,0.307262
1758654000,473501.0,473929.0,473296.0,473296.0,0.263711
1758657600,473296.0,473955.0,473101.0,473890.0,0.291268
1758661200,473891.0,475190.0,473891.0,475189.0,0.063826
1758664800,475189.0,475484.0,475189.0,475474.0,0.273185
1758668400,475474.0,475561.0,475001.0,475250.0,0.513201
1758672000,475250.0,476301.0,474278.0,475084.0,1.377425
1758675600,475069.0,475648.0,474346.0,475063.0,0.936813
1758679200,475063.0,475425.0,473595.0,474002.0,1.347336
1758682800,474002.0,475727.0,473400.0,473401.0,1.776666
1758686400,473401.0,475013.0,473000.0,474224.0,3.330708
1758690000,474224.0,475986.0,474224.0,475839.0,1.024462
1758693600,475839.0,476000.0,475270.0,475530.0,0.642131
1758697200,475530.0,475999.0,474855.0,475363.0,0.691576
1758700800,475364.0,475932.0,474797.0,475225.0,0.598045
1758704400,475225.0,476130.0,475054.0,476070.0,0.672022
1758708000,476070.0,476810.0,476069.0,476810.0,0.309152
1758711600,476809.0,477268.0,476809.0,477118.0,0.363355
1758715200,477119.0,477467.0,477118.0,477467.0,0.543437
1758718800,477466.0,477538.0,477094.0,477095.0,1.232974
1758722400,477093.0,480483.0,477093.0,480414.0,1.274992
1758726000,480414.0,480414.0,478532.0,479085.0,1.10288
1758729600,479083.0,479939.0,478534.0,479935.0,1.12759
1758733200,479936.0,479936.0,479698.0,479862.0,0.45554
1758736800,479862.0,479862.0,479442.0,479598.0,0.571211
1758740400,479584.0,479584.0,479118.0,479118.0,0.119406
1758744000,479119.0,479204.0,479002.0,479125.0,0.149147
1758747600,479125.0,479127.0,479000.0,479000.0,0.51012
1758751200,479000.0,479305.0,477935.0,477936.0,1.234815
1758754800,477936.0,478274.0,477140.0,477616.0,1.583193
1758758400,477616.0,478414.0,477097.0,477097.0,0.770508
1758762000,477096.0,478549.0,475500.0,475715.0,0.762925
1758765600,475716.0,477789.0,475716.0,477013.0,0.710261
1758769200,477098.0,477098.0,475000.0,475781.0,1.29631
1758772800,475781.0,475781.0,471000.0,472305.0,2.125438
1758776400,472305.0,473258.0,471335.0,472202.0,0.892823
1758780000,472202.0,472695.0,472041.0,472041.0,0.681866
1758783600,472041.0,473034.0,471701.0,472717.0,1.089168
1758787200,472717.0,473200.0,472350.0,472582.0,0.796885
1758790800,472581.0,473959.0,472551.0,472551.0,0.955317
1758794400,472550.0,473512.0,472001.0,473260.0,1.147509
1758798000,473310.0,473494.0,472235.0,472235.0,0.563107
1758801600,472151.0,472611.0,471088.0,471088.0,1.439987
1758805200,471003.0,472501.0,469103.0,470134.0,2.306956
1758808800,470133.0,473403.0,470037.0,472729.0,0.870009
1758812400,472729.0,472729.0,470561.0,472152.0,0.709535
1758816000,472743.0,473151.0,470562.0,470888.0,0.425832
1758819600,470888.0,470888.0,464250.0,464362.0,3.904317
1758823200,464251.0,467531.0,463500.0,467146.0,1.420651
1758826800,467146.0,467819.0,465544.0,465776.0,0.174168
1758830400,465776.0,466392.0,465055.0,465377.0,0.298774
1758834000,465601.0,467761.0,465059.0,467098.0,0.535629
1758837600,467000.0,468208.0,466800.0,467117.0,0.747183
1758841200,467132.0,468220.0,461000.0,464828.0,3.957356
1758844800,464328.0,466450.0,463502.0,466359.0,1.864158
1758848400,466330.0,466963.0,465661.0,466934.0,0.909185
1758852000,466950.0,467239.0,466602.0,466603.0,1.728959
1758855600,466602.0,466825.0,465000.0,465804.0,1.366738
1758859200,465756.0,466461.0,465008.0,465341.0,0.630331
1758862800,465341.0,466307.0,465115.0,465116.0,0.582736
1758866400,465116.0,465172.0,463108.0,465062.0,2.169002
1758870000,465057.0,465624.0,463109.0,463904.0,1.060393
1758873600,463904.0,465419.0,463904.0,465254.0,0.720619
1758877200,465406.0,465697.0,465217.0,465466.0,0.581068
1758880800,465466.0,465466.0,463011.0,463107.0,0.570825
1758884400,463108.0,475000.0,463013.0,464573.0,2.736574
1758888000,464693.0,466948.0,464011.0,465668.0,1.120859
1758891600,465668.0,468107.0,465000.0,467962.0,1.345601
1758895200,467950.0,467976.0,464051.0,464051.0,1.796551
1758898800,464050.0,465174.0,463972.0,464867.0,1.795963
1758902400,464867.0,466477.0,464772.0,465527.0,0.656888
1758906000,465528.0,468175.0,465527.0,467891.0,0.711156
1758909600,467890.0,469602.0,467813.0,467813.0,0.859552
1758913200,467813.0,467814.0,465100.0,465100.0,0.469646
1758916800,465100.0,465472.0,465096.0,465275.0,0.372722
1758920400,465274.0,466306.0,465274.0,466032.0,0.131631
1758924000,466032.0,466505.0,466031.0,466505.0,0.22083
1758927600,466505.0,466505.0,466440.0,466479.0,0.388605
1758931200,466479.0,467482.0,466478.0,467161.0,0.855806
1758934800,467161.0,467891.0,467008.0,467324.0,0.961807
1758938400,467324.0,467891.0,467171.0,467285.0,0.599239
1758942000,467285.0,470550.0,467284.0,468069.0,2.005578
1758945600,468068.0,469265.0,468068.0,468522.0,1.205176
1758949200,468521.0,468840.0,468521.0,468572.0,0.711389
1758952800,468571.0,468572.0,467047.0,467616.0,1.207187
1758956400,467616.0,467617.0,467046.0,467047.0,0.453175
1758960000,467047.0,467047.0,466431.0,466432.0,0.452646
1758963600,466431.0,466432.0,466000.0,466247.0,0.573368
1758967200,466246.0,466620.0,466220.0,466236.0,0.299057
1758970800,466236.0,466236.0,466235.0,466236.0,0.274185
1758974400,466235.0,466236.0,466221.0,466229.0,0.469592
1758978000,466228.0,466229.0,466220.0,466221.0,0.496713
1758981600,466221.0,466752.0,466200.0,466494.0,0.913826
1758985200,466494.0,466799.0,466404.0,466799.0,0.355824
1758988800,466799.0,466801.0,466798.0,466801.0,0.280444
1758992400,466800.0,466801.0,466800.0,466801.0,0.104845
1758996000,466800.0,466801.0,466800.0,466801.0,0.052336
1758999600,466800.0,466801.0,466800.0,466800.0,0.022845
1759003200,466801.0,466801.0,466800.0,466801.0,0.009337
1759006800,466800.0,466801.0,466800.0,466801.0,0.243644
1759010400,466800.0,466829.0,466800.0,466829.0,0.527715
1759014000,466829.0,466829.0,466828.0,466828.0,0.069313
1759017600,466829.0,467006.0,466828.0,467006.0,0.702319
1759021200,467006.0,467008.0,466800.0,466802.0,1.052663
1759024800,466802.0,466802.0,466801.0,466802.0,0.398191
1759028400,466802.0,466802.0,466801.0,466802.0,0.214601
1759032000,466802.0,466802.0,466801.0,466802.0,0.44386
1759035600,466802.0,466802.0,466801.0,466801.0,0.246624
1759039200,466802.0,466803.0,466801.0,466803.0,0.906673
1759042800,466803.0,466808.0,466802.0,466807.0,0.246937
1759046400,466808.0,466851.0,466808.0,466851.0,0.31706
1759050000,466851.0,466864.0,466850.0,466864.0,0.406284
1759053600,466864.0,466866.0,466864.0,466866.0,0.273419
1759057200,466865.0,466866.0,466865.0,466866.0,0.324635
1759060800,466866.0,467188.0,466865.0,467045.0,0.677301
1759064400,467046.0,467200.0,467045.0,467200.0,0.710009
1759068000,467200.0,467888.0,467199.0,467888.0,0.676324
1759071600,467888.0,468302.0,467682.0,468290.0,0.385884
1759075200,468292.0,469936.0,468292.0,469250.0,0.486757
1759078800,469250.0,469508.0,469249.0,469507.0,0.467382
1759082400,469507.0,469508.0,469507.0,469508.0,0.167689
1759086000,469507.0,469509.0,469507.0,469508.0,0.228854
1759089600,469510.0,471956.0,469510.0,471808.0,0.274646
1759093200,471681.0,471681.0,471642.0,471643.0,0.181096
1759096800,471643.0,475936.0,471642.0,475617.0,1.103942
1759100400,475817.0,477273.0,475817.0,476401.0,0.693041
1759104000,476402.0,476402.0,476133.0,476279.0,1.840005
1759107600,476278.0,476398.0,473800.0,474346.0,1.199699
1759111200,474363.0,474501.0,472761.0,473001.0,1.494193
1759114800,473001.0,473239.0,471888.0,472649.0,0.456294
1759118400,472731.0,472744.0,472457.0,472743.0,0.645357
1759122000,472743.0,472744.0,472704.0,472705.0,0.42307
1759125600,472705.0,473004.0,472704.0,473003.0,0.445254
1759129200,473003.0,473304.0,473002.0,473304.0,0.657955
1759132800,473306.0,475011.0,473306.0,474902.0,0.493005
1759136400,474901.0,474902.0,474807.0,474807.0,0.22739
1759140000,474808.0,475348.0,474501.0,474610.0,0.476779
1759143600,474611.0,474679.0,474392.0,474618.0,0.538774
1759147200,474618.0,476958.0,474540.0,475380.0,2.556783
1759150800,475380.0,479974.0,475200.0,479002.0,1.791146
1759154400,479002.0,480483.0,479001.0,480300.0,5.127587
1759158000,480299.0,480398.0,480299.0,480375.0,1.449661
1759161600,480376.0,480483.0,480375.0,480375.0,0.97998
1759165200,480376.0,481500.0,480300.0,481500.0,0.54112
1759168800,481882.0,482000.0,481200.0,481901.0,0.432336
1759172400,481901.0,482800.0,481184.0,482800.0,0.50913
1759176000,482655.0,482800.0,482288.0,482376.0,0.018438
1759179600,482375.0,482376.0,481617.0,481900.0,0.135626
1759183200,481722.0,481722.0,481198.0,481199.0,0.21407
1759186800,481200.0,482000.0,481200.0,482000.0,0.255021
1759190400,482000.0,483434.0,480970.0,483434.0,1.379482
1759194000,483434.0,483669.0,482445.0,482998.0,1.117073
1759197600,482999.0,483100.0,482869.0,483100.0,0.625562
1759201200,483100.0,483100.0,482518.0,482871.0,0.595659
1759204800,482872.0,482872.0,482001.0,482015.0,0.39069
1759208400,482014.0,482426.0,480714.0,480855.0,0.590957
1759212000,480855.0,480856.0,480589.0,480775.0,0.576753
1759215600,480663.0,481056.0,479120.0,479531.0,0.707887
1759219200,479530.0,480064.0,478900.0,479154.0,1.042115
1759222800,478942.0,479153.0,477501.0,477501.0,0.53261
1759226400,477500.0,477999.0,477082.0,477739.0,0.630069
1759230000,477765.0,478334.0,477261.0,478334.0,0.311604
1759233600,478334.0,479099.0,478059.0,478405.0,0.402062
1759237200,478403.0,480726.0,478001.0,479618.0,0.48098
1759240800,479831.0,480200.0,478003.0,480200.0,0.245435
1759244400,480200.0,480200.0,478314.0,478914.0,0.527152
1759248000,479137.0,479570.0,478314.0,478314.0,0.206541
1759251600,478315.0,480483.0,478314.0,480002.0,0.332527
1759255200,480000.0,480970.0,479084.0,480970.0,0.042067
1759258800,480970.0,481000.0,480970.0,481000.0,4.056958
1759262400,481000.0,482000.0,480999.0,481999.0,0.820673
1759266000,481999.0,482900.0,481902.0,481902.0,0.569842
1759269600,481902.0,481977.0,480525.0,480689.0,0.491356
1759273200,480689.0,480689.0,480209.0,480550.0,0.343175
1759276800,480551.0,481578.0,480551.0,481303.0,1.186493
1759280400,481303.0,481499.0,481302.0,481498.0,0.745171
1759284000,481499.0,481499.0,481445.0,481445.0,0.512819
1759287600,481446.0,481446.0,481339.0,481339.0,1.231023
1759291200,481340.0,482347.0,481339.0,481801.0,1.389651
1759294800,481800.0,482587.0,481436.0,482391.0,0.646052
1759298400,482392.0,482410.0,482300.0,482301.0,0.728311
1759302000,482300.0,482318.0,482298.0,482314.0,0.425029
1759305600,482314.0,488357.0,482313.0,488300.0,3.80705
1759309200,488300.0,488888.0,488002.0,488887.0,1.358045
1759312800,488887.0,488914.0,488759.0,488786.0,1.190701
1759316400,488786.0,489806.0,488785.0,489806.0,0.808951
1759320000,489812.0,489997.0,489305.0,489306.0,1.159209
1759323600,489307.0,489731.0,489090.0,489720.0,1.716417
1759327200,489722.0,491887.0,489722.0,491887.0,5.573284
1759330800,491887.0,492498.0,491886.0,492498.0,1.796671
1759334400,492498.0,494399.0,492498.0,493539.0,3.754608
1759338000,493540.0,493598.0,490750.0,490751.0,0.490403
1759341600,490751.0,491772.0,490606.0,491772.0,0.417166
1759345200,491772.0,492625.0,491772.0,492280.0,0.264484
1759348800,492281.0,492281.0,492003.0,492169.0,1.263907
1759352400,492170.0,492200.0,492170.0,492199.0,0.261588
1759356000,492200.0,493626.0,492200.0,493626.0,0.878098
1759359600,493625.0,495000.0,493625.0,495000.0,1.674037
1759363200,495000.0,498200.0,495000.0,495365.0,5.802581
1759366800,495470.0,496400.0,495118.0,496399.0,2.643964
1759370400,496400.0,496400.0,496333.0,496336.0,1.042941
1759374000,496336.0,497470.0,496335.0,497362.0,1.175147
1759377600,497430.0,498000.0,497172.0,497598.0,0.955767
1759381200,497575.0,497598.0,496481.0,496500.0,0.551615
1759384800,496499.0,497595.0,496359.0,497594.0,0.86558
1759388400,497595.0,497897.0,497078.0,497494.0,0.576929
1759392000,497496.0,497884.0,496330.0,497883.0,1.515779
1759395600,497899.0,498198.0,497899.0,498198.0,1.025689
1759399200,498198.0,498399.0,498197.0,498349.0,0.545568
1759402800,498348.0,498492.0,498202.0,498438.0,0.488402
1759406400,498315.0,499997.0,498315.0,499996.0,1.668593
1759410000,499996.0,500000.0,498801.0,500000.0,5.071008
1759413600,500000.0,500000.0,497500.0,497802.0,2.842086
1759417200,497731.0,500000.0,496500.0,500000.0,2.907271
1759420800,499999.0,501499.0,499999.0,500000.0,2.782678
1759424400,500001.0,500001.0,497720.0,498633.0,1.197343
1759428000,499496.0,500999.0,497890.0,500788.0,0.467226
1759431600,500709.0,501998.0,499935.0,501461.0,0.810021
1759435200,501014.0,501998.0,500855.0,501998.0,0.565833
1759438800,501997.0,502049.0,501391.0,501393.0,1.630126
1759442400,501392.0,501749.0,501280.0,501746.0,0.272526
1759446000,501746.0,502498.0,501745.0,502498.0,1.30505
1759449600,502498.0,503300.0,502497.0,502873.0,2.563403
1759453200,502872.0,502875.0,498088.0,501699.0,3.09169
1759456800,501689.0,503500.0,500855.0,503499.0,3.615827
1759460400,503500.0,504333.0,503499.0,504331.0,2.147581
1759464000,504332.0,504500.0,504006.0,504091.0,1.776606
1759467600,504089.0,504089.0,503260.0,503767.0,0.826832
1759471200,503767.0,503799.0,503003.0,503160.0,1.966666
1759474800,503160.0,503265.0,502316.0,502479.0,0.840124
1759478400,502479.0,502952.0,500586.0,502718.0,1.12824
1759482000,502718.0,504000.0,502717.0,503999.0,2.925699
1759485600,503999.0,504500.0,503887.0,504499.0,1.250479
1759489200,504500.0,504500.0,503901.0,504400.0,1.175922
1759492800,504400.0,504500.0,504380.0,504500.0,1.494642
1759496400,504500.0,504800.0,504498.0,504799.0,1.579502
1759500000,504637.0,505001.0,503675.0,505001.0,4.482151
1759503600,505001.0,507888.0,505000.0,507887.0,6.141805
1759507200,507888.0,510000.0,507887.0,508500.0,7.50086
1759510800,508000.0,509300.0,505000.0,507946.0,1.540001
1759514400,507224.0,509301.0,507224.0,508923.0,1.066227
1759518000,508924.0,509885.0,508607.0,509879.0,0.817251
1759521600,509644.0,510000.0,509003.0,510000.0,0.553425
1759525200,509999.0,510000.0,509351.0,509639.0,0.293441
1759528800,509640.0,509899.0,509640.0,509898.0,0.345605
1759532400,509898.0,509899.0,509888.0,509889.0,0.59055
1759536000,509889.0,509889.0,509461.0,509469.0,0.67793
1759539600,509469.0,509664.0,509001.0,509099.0,2.05476
1759543200,509100.0,509577.0,509015.0,509512.0,1.046048
1759546800,509511.0,510000.0,509511.0,510000.0,3.695412
1759550400,510000.0,510500.0,509999.0,510500.0,2.317365
1759554000,510500.0,511499.0,510499.0,511179.0,1.965152
1759557600,511178.0,511393.0,511010.0,511047.0,1.45064
1759561200,511013.0,511027.0,508811.0,510879.0,2.11071
1759564800,510879.0,511533.0,510879.0,510999.0,1.185613
1759568400,510999.0,511500.0,510999.0,511413.0,1.027348
1759572000,511412.0,511413.0,510400.0,510400.0,0.81537
1759575600,510877.0,511163.0,510338.0,510538.0,0.455432
1759579200,510338.0,510888.0,510338.0,510816.0,0.488103
1759582800,510816.0,511303.0,510815.0,511303.0,1.161388
1759586400,511303.0,511323.0,511289.0,511319.0,0.725815
1759590000,511319.0,511319.0,508811.0,510000.0,1.619342
1759593600,509998.0,509998.0,509167.0,509501.0,0.518136
1759597200,509501.0,509501.0,508082.0,508082.0,1.331238
1759600800,508378.0,508500.0,507500.0,507501.0,0.65293
1759604400,507502.0,508594.0,507501.0,508594.0,0.58055
1759608000,508594.0,508595.0,508327.0,508560.0,0.039614
1759611600,508561.0,509001.0,508213.0,509000.0,0.375274
1759615200,509000.0,509001.0,509000.0,509001.0,0.078465
1759618800,509000.0,509498.0,509000.0,509498.0,0.378027
1759622400,509498.0,509623.0,509497.0,509576.0,0.294255
1759626000,509575.0,509616.0,509575.0,509616.0,0.352755
1759629600,509617.0,514799.0,509617.0,514799.0,5.27685
1759633200,514799.0,514916.0,512294.0,514899.0,1.325916
1759636800,514899.0,515998.0,514899.0,515998.0,8.24869
1759640400,515998.0,517301.0,515998.0,517291.0,4.279962
1759644000,517291.0,517373.0,517290.0,517309.0,2.087975
1759647600,517308.0,517369.0,517308.0,517308.0,0.921999
1759651200,517308.0,517308.0,515046.0,516097.0,2.203018
1759654800,516093.0,516100.0,509514.0,509909.0,2.931785
1759658400,509921.0,512025.0,509000.0,511474.0,1.687813
1759662000,511474.0,514887.0,511457.0,514768.0,0.948989
1759665600,514700.0,514998.0,512999.0,514998.0,1.719551
1759669200,514840.0,515500.0,514357.0,515134.0,0.60917
1759672800,515149.0,515399.0,515149.0,515202.0,1.153808
1759676400,515201.0,515201.0,513684.0,513850.0,2.951267
1759680000,513850.0,515399.0,513001.0,515399.0,0.388846
1759683600,515400.0,516100.0,514242.0,515102.0,0.446919
1759687200,515182.0,515381.0,514263.0,515150.0,0.277082
1759690800,515151.0,515151.0,513620.0,513692.0,0.284625
1759694400,513679.0,515465.0,513584.0,514814.0,0.246643
1759698000,514517.0,514747.0,513605.0,514464.0,0.051883
1759701600,514997.0,515000.0,514997.0,514999.0,0.479951
1759705200,515000.0,516850.0,514999.0,516816.0,1.495153
1759708800,516816.0,518000.0,515396.0,515916.0,3.943792
1759712400,515916.0,518000.0,514992.0,517969.0,2.060366
1759716000,517970.0,518500.0,516854.0,518500.0,3.658723
1759719600,518500.0,518900.0,518500.0,518803.0,1.911864
1759723200,518803.0,519000.0,517627.0,517627.0,1.460163
1759726800,517628.0,518199.0,515000.0,518085.0,1.139158
1759730400,518086.0,519011.0,518086.0,519011.0,1.13062
1759734000,519011.0,519060.0,516999.0,517000.0,0.832257
1759737600,516999.0,518786.0,516999.0,518722.0,0.863516
1759741200,518723.0,519496.0,518722.0,519196.0,1.187698
1759744800,519197.0,519401.0,519196.0,519401.0,1.167295
1759748400,519401.0,520000.0,519400.0,520000.0,2.120682
1759752000,520000.0,520000.0,519999.0,520000.0,3.831651
1759755600,520000.0,521800.0,519999.0,521799.0,1.908914
1759759200,521799.0,521869.0,519400.0,519401.0,1.447581
1759762800,519400.0,521500.0,514253.0,521498.0,2.586693
1759766400,521498.0,521499.0,519047.0,521474.0,1.065846
1759770000,521474.0,521489.0,521062.0,521063.0,0.803736
1759773600,521063.0,521700.0,519761.0,521699.0,1.479564
1759777200,521699.0,521700.0,519976.0,520531.0,0.154017
1759780800,520637.0,521036.0,520231.0,520232.0,0.257174
1759784400,520232.0,520232.0,518374.0,519671.0,0.443787
1759788000,520161.0,520228.0,518074.0,519358.0,0.588649
1759791600,519359.0,519359.0,518320.0,518486.0,0.721229
1759795200,518486.0,521030.0,518485.0,521027.0,2.588794
1759798800,521005.0,521337.0,520603.0,521337.0,0.808535
1759802400,521338.0,522000.0,520485.0,521659.0,2.903836
1759806000,521658.0,522100.0,520908.0,521096.0,2.430977
1759809600,521097.0,522099.0,520488.0,521692.0,1.209369
1759813200,521691.0,521692.0,521100.0,521150.0,0.416958
1759816800,521150.0,521150.0,520000.0,520000.0,1.47788
1759820400,520001.0,520089.0,519582.0,519730.0,0.884235
1759824000,519730.0,521000.0,519219.0,520984.0,1.777539
1759827600,520983.0,521204.0,520983.0,521204.0,0.922923
1759831200,521204.0,521380.0,521203.0,521380.0,1.181799
1759834800,521380.0,522000.0,521379.0,522000.0,1.237724
1759838400,522000.0,522900.0,521999.0,522900.0,4.218184
1759842000,522900.0,522900.0,519005.0,520486.0,2.441619
1759845600,519494.0,520445.0,515000.0,516481.0,4.199196
1759849200,516466.0,516494.0,511001.0,512500.0,4.563356
1759852800,512885.0,512999.0,510000.0,512397.0,1.58401
1759856400,512468.0,512561.0,510726.0,510726.0,1.035507
1759860000,510720.0,510720.0,508900.0,509285.0,0.617075
1759863600,509285.0,513881.0,509285.0,512901.0,0.323284
1759867200,513141.0,514999.0,513141.0,514998.0,0.250125
1759870800,514996.0,515000.0,514501.0,514502.0,0.616853
1759874400,514599.0,514996.0,514598.0,514823.0,0.347137
1759878000,514822.0,514823.0,512600.0,513243.0,1.30585
1759881600,513243.0,515998.0,513242.0,515770.0,1.41239
1759885200,515601.0,515992.0,514713.0,515601.0,0.707608
1759888800,515602.0,516531.0,515601.0,516098.0,0.665634
1759892400,516098.0,516098.0,514001.0,514276.0,0.806043
1759896000,514277.0,514701.0,513449.0,514701.0,0.834406
1759899600,514700.0,514701.0,512801.0,513092.0,0.726445
1759903200,513270.0,514592.0,512805.0,514592.0,0.785269
1759906800,514484.0,514486.0,513000.0,513323.0,0.389139
1759910400,513567.0,517400.0,513433.0,516719.0,2.713921
1759914000,517147.0,518000.0,516846.0,517527.0,2.059577
1759917600,517528.0,518100.0,517527.0,518100.0,2.288672
1759921200,518099.0,518300.0,518099.0,518300.0,0.825194
1759924800,518300.0,518300.0,517656.0,518125.0,1.882951
1759928400,518125.0,518143.0,514029.0,517500.0,1.771023
1759932000,517499.0,517900.0,514999.0,515709.0,3.508618
1759935600,515236.0,516499.0,514737.0,515289.0,0.803637
1759939200,515159.0,517888.0,514960.0,517888.0,0.475217
1759942800,517888.0,518600.0,517888.0,518600.0,4.995583
1759946400,518600.0,518700.0,517428.0,518453.0,1.604758
1759950000,518424.0,518694.0,516867.0,518445.0,0.309708
1759953600,518444.0,518694.0,517603.0,517603.0,0.600938
1759957200,517164.0,517997.0,517164.0,517995.0,0.235738
1759960800,517996.0,518688.0,517995.0,518421.0,0.382995
1759964400,518422.0,518500.0,518401.0,518499.0,0.703288
1759968000,518500.0,518500.0,517001.0,517530.0,0.61367
1759971600,517529.0,517529.0,515502.0,515947.0,0.972462
1759975200,515946.0,515947.0,513256.0,513332.0,0.943298
1759978800,513332.0,515513.0,512805.0,514992.0,1.721902
1759982400,514991.0,515208.0,514733.0,515208.0,0.456107
1759986000,515209.0,515247.0,514848.0,514849.0,0.775751
1759989600,514849.0,515554.0,514849.0,515306.0,0.956791
1759993200,515305.0,515525.0,510922.0,515329.0,1.473675
1759996800,515329.0,515329.0,512331.0,513278.0,1.592988
1760000400,513278.0,515082.0,513277.0,515082.0,0.430152
1760004000,515082.0,516661.0,515081.0,516655.0,0.679239
1760007600,516655.0,518700.0,516655.0,518700.0,0.995763
1760011200,518700.0,519312.0,518687.0,519312.0,4.782561
1760014800,519312.0,519332.0,516140.0,516564.0,2.056758
1760018400,516565.0,517943.0,511511.0,512666.0,2.194343
1760022000,513174.0,513862.0,511510.0,511896.0,1.149083
1760025600,511896.0,513065.0,508811.0,508811.0,1.969064
1760029200,508811.0,511130.0,508244.0,511130.0,1.390996
1760032800,511393.0,512383.0,510073.0,510778.0,0.369686
1760036400,510777.0,512692.0,510777.0,511900.0,0.203868
1760040000,511903.0,512694.0,511902.0,512694.0,0.134485
1760043600,512694.0,514220.0,512693.0,514220.0,0.244998
1760047200,514176.0,514987.0,514171.0,514228.0,0.478099
1760050800,514228.0,514228.0,513335.0,514207.0,0.350779
1760054400,514206.0,514949.0,514083.0,514469.0,1.412156
1760058000,514469.0,514505.0,513639.0,513639.0,0.815214
1760061600,513639.0,513640.0,510500.0,510969.0,0.77182
1760065200,511018.0,511998.0,510482.0,511126.0,1.428996
1760068800,511116.0,511884.0,510451.0,511500.0,1.604406
1760072400,511586.0,512962.0,510999.0,512939.0,1.952623
1760076000,512939.0,513790.0,512087.0,512345.0,0.98413
1760079600,512346.0,512439.0,511040.0,511040.0,0.508359
1760083200,511040.0,513192.0,511040.0,513192.0,1.640671
1760086800,513191.0,513704.0,513191.0,513451.0,1.234691
1760090400,513452.0,513452.0,513451.0,513452.0,0.291395
1760094000,513451.0,513698.0,513248.0,513429.0,0.702414
1760097600,513428.0,513430.0,513428.0,513429.0,0.626844
1760101200,513428.0,516044.0,513001.0,513723.0,2.73198
1760104800,514006.0,514996.0,511001.0,511001.0,1.999291
1760108400,511001.0,511613.0,506010.0,506611.0,7.395993
1760112000,506108.0,509999.0,505369.0,505370.0,2.882929
1760115600,505369.0,505877.0,503218.0,503218.0,1.552671
1760119200,503225.0,505002.0,502155.0,502156.0,0.651655
1760122800,502156.0,503429.0,498888.0,501162.0,2.865766
1760126400,502273.0,504500.0,495000.0,504151.0,3.317097
1760130000,495068.0,518000.0,494251.0,508888.0,6.845038
1760133600,509187.0,515999.0,493509.0,510000.0,9.77837
1760137200,510000.0,519000.0,495500.0,517999.0,8.410658
1760140800,517772.0,517777.0,492000.0,492000.0,10.380587
1760144400,492010.0,497606.0,488369.0,490010.0,11.070544
1760148000,490010.0,495999.0,488000.0,495888.0,6.675327
1760151600,495888.0,495999.0,493001.0,495000.0,5.009392
1760155200,495000.0,495000.0,489501.0,493999.0,5.099045
1760158800,493979.0,494800.0,489999.0,492000.0,4.318598
1760162400,492000.0,494304.0,490000.0,491931.0,3.351712
1760166000,491918.0,491918.0,481809.0,481999.0,5.657089
1760169600,481999.0,487991.0,481118.0,487785.0,1.640829
1760173200,486508.0,488244.0,486508.0,487976.0,1.440178
1760176800,487959.0,492499.0,487941.0,492300.0,2.351389
1760180400,492282.0,492485.0,490038.0,491173.0,2.144261
1760184000,491173.0,494056.0,490170.0,492626.0,2.222681
1760187600,492626.0,494325.0,490039.0,491929.0,1.725564
1760191200,491929.0,492000.0,491500.0,491991.0,1.156655
1760194800,491991.0,493952.0,491554.0,491993.0,1.153532
1760198400,491991.0,491992.0,491794.0,491893.0,1.098322
1760202000,491893.0,492427.0,491801.0,492006.0,0.657237
1760205600,492005.0,492999.0,492005.0,492999.0,0.490735
1760209200,492999.0,494001.0,492006.0,494001.0,1.609109
1760212800,492876.0,494320.0,490569.0,490570.0,1.567055
1760216400,490570.0,494500.0,490201.0,491343.0,1.545108
1760220000,491163.0,491940.0,490000.0,490168.0,1.29929
1760223600,490168.0,490168.0,486981.0,486981.0,1.395322
1760227200,486981.0,487241.0,480410.0,481057.0,3.565854
1760230800,481052.0,485000.0,480000.0,485000.0,4.263543
1760234400,485000.0,489776.0,484001.0,486547.0,1.427808
1760238000,486503.0,494000.0,485005.0,487802.0,1.47854
1760241600,487064.0,494882.0,487064.0,491190.0,2.442135
1760245200,491190.0,492000.0,491188.0,492000.0,1.121292
1760248800,492000.0,492940.0,491999.0,492582.0,1.039738
1760252400,492582.0,494999.0,492582.0,493232.0,0.879915
1760256000,493232.0,494569.0,492607.0,492607.0,1.675409
1760259600,492607.0,492607.0,489100.0,490001.0,2.425974
1760263200,490001.0,490001.0,488000.0,488923.0,0.921047
1760266800,488923.0,488923.0,487207.0,488112.0,1.542075
1760270400,487601.0,488734.0,485500.0,486491.0,1.672613
1760274000,486483.0,486483.0,485100.0,485101.0,1.412402
1760277600,485100.0,489999.0,484500.0,485571.0,2.456876
1760281200,489926.0,494025.0,486043.0,491673.0,3.610065
1760284800,491586.0,495000.0,490500.0,493029.0,2.886253
1760288400,493216.0,494980.0,489500.0,489500.0,2.270131
1760292000,489501.0,489598.0,486807.0,488120.0,1.401761
1760295600,488119.0,490641.0,488118.0,490082.0,1.274141
1760299200,489962.0,494957.0,489962.0,493336.0,0.748451
1760302800,493814.0,495000.0,492429.0,493406.0,2.261202
1760306400,494113.0,495000.0,493155.0,494000.0,2.163882
1760310000,494001.0,494690.0,492508.0,493802.0,3.263829
1760313600,493801.0,496000.0,493801.0,495101.0,5.086119
1760317200,495101.0,495735.0,493801.0,494472.0,3.474509
1760320800,494472.0,494960.0,493001.0,494216.0,3.22311
1760324400,494003.0,494991.0,492302.0,492604.0,1.998625
1760328000,492604.0,493032.0,491455.0,491456.0,1.192215
1760331600,491456.0,491925.0,490217.0,490441.0,1.285229
1760335200,490441.0,492085.0,490006.0,491485.0,3.075572
1760338800,491484.0,492457.0,490154.0,491125.0,0.859307
1760342400,492144.0,492317.0,491080.0,492002.0,1.898386
1760346000,492000.0,492000.0,480123.0,489582.0,7.759227
1760349600,489582.0,489782.0,488865.0,489108.0,1.703799
1760353200,489107.0,489108.0,485013.0,487646.0,2.119391
1760356800,487320.0,489215.0,487318.0,489151.0,1.511967
1760360400,489151.0,492699.0,488594.0,492689.0,1.892581
1760364000,492689.0,492698.0,487121.0,487122.0,1.482003
1760367600,487122.0,490254.0,487122.0,489100.0,1.487761
1760371200,489101.0,491533.0,488330.0,490051.0,0.987823
1760374800,489950.0,491004.0,487673.0,490204.0,0.488069
1760378400,490205.0,491468.0,488529.0,490699.0,0.336197
1760382000,489350.0,492500.0,489350.0,492500.0,0.310482
1760385600,492499.0,492499.0,490379.0,490970.0,0.244496
1760389200,491299.0,491618.0,491000.0,491199.0,0.213447
1760392800,491853.0,491868.0,490459.0,490459.0,0.489942
1760396400,490460.0,491153.0,489314.0,489543.0,1.049217
1760400000,489595.0,490824.0,489315.0,489629.0,1.048502
1760403600,490008.0,490008.0,487000.0,487063.0,0.94016
1760407200,487137.0,487142.0,485000.0,485000.0,1.859603
1760410800,485000.0,485001.0,483101.0,483683.0,2.456503
1760414400,483683.0,483831.0,481889.0,482365.0,1.376058
1760418000,482365.0,484384.0,479557.0,479557.0,5.256602
1760421600,479558.0,479558.0,475231.0,476055.0,3.570655
1760425200,476052.0,476941.0,475000.0,475000.0,3.116676
1760428800,475001.0,476743.0,475000.0,475446.0,1.64757
1760432400,475446.0,475878.0,474000.0,474000.0,2.654396
1760436000,474001.0,474001.0,470000.0,471168.0,4.952865
1760439600,471168.0,475473.0,471168.0,474548.0,3.095219
1760443200,474548.0,474609.0,473004.0,473004.0,1.871256
1760446800,473004.0,474080.0,470001.0,473180.0,3.311753
1760450400,473759.0,478117.0,473386.0,475380.0,3.129878
1760454000,475379.0,481018.0,474030.0,481018.0,1.371985
1760457600,481447.0,482219.0,479001.0,479001.0,1.099153
1760461200,479001.0,481511.0,476788.0,480650.0,0.594007
1760464800,480650.0,483299.0,480641.0,480641.0,0.170279
1760468400,481098.0,483932.0,478037.0,480353.0,0.654746
1760472000,480423.0,481760.0,478181.0,481003.0,0.039957
1760475600,481229.0,482166.0,480509.0,481721.0,0.043591
1760479200,482174.0,483995.0,480747.0,482242.0,0.254927
1760482800,482005.0,483334.0,481398.0,481399.0,0.687567
1760486400,481399.0,481399.0,479572.0,480118.0,0.973175
1760490000,480118.0,480118.0,477719.0,479045.0,1.480926
1760493600,479046.0,482581.0,478594.0,479502.0,1.346268
1760497200,479501.0,479502.0,475055.0,475774.0,0.82492
1760500800,475703.0,476950.0,475025.0,476587.0,1.077473
1760504400,476586.0,477915.0,476001.0,476695.0,0.825938
1760508000,476519.0,476968.0,475025.0,476519.0,1.15405
1760511600,476990.0,477686.0,476400.0,477435.0,0.640088
1760515200,477435.0,481416.0,477434.0,479706.0,0.928361
1760518800,479504.0,479911.0,477610.0,477780.0,0.898214
1760522400,477780.0,478221.0,476224.0,476927.0,1.42572
1760526000,476928.0,478506.0,475026.0,475901.0,0.914439
1760529600,475901.0,476473.0,475000.0,475481.0,1.140599
1760533200,475425.0,478029.0,472501.0,474237.0,2.891267
1760536800,474111.0,477305.0,472131.0,473092.0,1.776745
1760540400,472989.0,474835.0,471001.0,471938.0,1.771696
1760544000,471938.0,473323.0,471355.0,472133.0,0.857042
1760547600,472133.0,473474.0,470000.0,473474.0,1.74677
1760551200,473474.0,475306.0,472299.0,475306.0,0.298398
1760554800,475261.0,475343.0,473751.0,474401.0,0.387352
1760558400,475045.0,475436.0,472132.0,473949.0,0.707656
1760562000,473879.0,475304.0,471801.0,472207.0,0.579795
1760565600,472369.0,474779.0,472094.0,472094.0,0.390334
1760569200,472107.0,473652.0,472106.0,472600.0,0.599983
1760572800,472600.0,472600.0,470501.0,470501.0,1.656459
1760576400,470500.0,473511.0,470500.0,473349.0,1.811153
1760580000,473381.0,473999.0,472134.0,473999.0,0.982548
1760583600,473999.0,475000.0,473999.0,474002.0,0.74033
1760587200,474002.0,475013.0,473000.0,473001.0,0.854159
1760590800,473001.0,473620.0,471881.0,471882.0,1.056471
1760594400,471882.0,475487.0,471878.0,475414.0,0.921797
1760598000,475188.0,475189.0,471102.0,471103.0,0.65059
1760601600,471102.0,471583.0,470601.0,471583.0,0.909521
1760605200,471583.0,475706.0,470000.0,473363.0,3.696264
1760608800,473363.0,475956.0,473083.0,474921.0,0.639683
1760612400,474998.0,475000.0,473213.0,474747.0,0.509555
1760616000,474748.0,476999.0,474747.0,475671.0,0.983335
1760619600,475671.0,475787.0,472067.0,473713.0,0.844134
1760623200,473661.0,475999.0,470200.0,472394.0,2.151602
1760626800,472394.0,473160.0,465555.0,465558.0,6.047743
1760630400,465558.0,467563.0,462900.0,467563.0,9.172914
1760634000,467563.0,467563.0,464500.0,465003.0,1.596572
1760637600,465003.0,467087.0,462900.0,466775.0,1.15268
1760641200,466989.0,467017.0,463011.0,465473.0,1.600194
1760644800,465463.0,465733.0,464003.0,464993.0,1.450049
1760648400,464968.0,468287.0,464936.0,467834.0,1.209916
1760652000,467834.0,467834.0,464931.0,464933.0,1.39575
1760655600,464933.0,464985.0,462700.0,462800.0,3.379987
1760659200,462800.0,464811.0,462000.0,464001.0,2.167584
1760662800,464001.0,465939.0,463620.0,464340.0,2.274767
1760666400,464340.0,464500.0,463012.0,464320.0,2.023707
1760670000,464147.0,464494.0,463300.0,463922.0,1.486851
1760673600,463922.0,463922.0,463101.0,463102.0,1.729557
1760677200,463102.0,490100.0,463012.0,463012.0,6.046136
1760680800,463012.0,463013.0,456121.0,456121.0,8.931308
1760684400,456121.0,456121.0,451000.0,451001.0,8.810169
1760688000,451001.0,452243.0,448000.0,449991.0,11.192873
1760691600,449991.0,452249.0,449100.0,449100.0,3.774039
1760695200,449100.0,449100.0,445000.0,448464.0,4.031491
1760698800,448432.0,455230.0,447954.0,452002.0,3.696621
1760702400,452002.0,454039.0,451247.0,451248.0,2.430504
1760706000,451248.0,455000.0,450000.0,453385.0,3.700342
1760709600,453403.0,453762.0,450000.0,450215.0,3.003592
1760713200,450215.0,457907.0,450134.0,457907.0,2.389707
1760716800,457908.0,459973.0,455551.0,455837.0,1.655284
1760720400,455649.0,457247.0,455003.0,456092.0,0.311163
1760724000,456076.0,458374.0,455654.0,456328.0,0.415735
1760727600,456752.0,457602.0,455006.0,455783.0,0.150842
1760731200,456093.0,458707.0,455008.0,457688.0,0.417691
1760734800,457650.0,459895.0,457462.0,459132.0,0.494279
1760738400,458912.0,459768.0,457352.0,458344.0,0.816065
1760742000,458307.0,458307.0,456382.0,456383.0,0.722937
1760745600,456383.0,458001.0,456381.0,457999.0,0.790886
1760749200,457999.0,459683.0,457998.0,459169.0,0.962331
1760752800,459169.0,459949.0,455005.0,456422.0,4.257256
1760756400,456565.0,458089.0,456003.0,457843.0,0.959401
1760760000,457795.0,457795.0,456001.0,456002.0,0.696349
1760763600,456002.0,457550.0,456002.0,457520.0,0.474486
1760767200,457225.0,457987.0,457006.0,457702.0,0.539083
1760770800,457693.0,459699.0,457501.0,457501.0,1.637575
1760774400,457501.0,458492.0,457002.0,457976.0,0.645668
1760778000,457974.0,458500.0,457558.0,458221.0,0.479458
1760781600,458293.0,459375.0,458000.0,458012.0,0.592515
1760785200,458012.0,459499.0,458001.0,459499.0,0.647114
1760788800,459499.0,459500.0,459471.0,459472.0,0.432369
1760792400,459472.0,459472.0,458301.0,458302.0,1.073743
1760796000,458302.0,458998.0,458300.0,458481.0,0.621802
1760799600,458481.0,458999.0,458480.0,458566.0,0.399575
1760803200,458566.0,458566.0,457596.0,457597.0,1.074483
1760806800,457596.0,457800.0,457033.0,457800.0,0.386089
1760810400,457800.0,457800.0,457041.0,457748.0,0.152495
1760814000,457749.0,457800.0,457748.0,457800.0,0.218041
1760817600,457800.0,458999.0,457748.0,458465.0,0.676027
1760821200,458335.0,458957.0,457748.0,458717.0,0.159332
1760824800,458500.0,458881.0,457800.0,458266.0,0.439028
1760828400,458252.0,458902.0,457786.0,458612.0,0.272177
1760832000,458612.0,458913.0,457748.0,457749.0,0.398887
1760835600,457749.0,458573.0,457430.0,457884.0,0.534688
1760839200,457928.0,458267.0,457131.0,457591.0,0.483382
1760842800,457591.0,459679.0,457458.0,459678.0,0.770041
1760846400,459678.0,459679.0,458298.0,458600.0,0.404239
1760850000,458600.0,458872.0,458116.0,458116.0,0.733106
1760853600,458117.0,458117.0,457000.0,457440.0,1.620984
1760857200,457441.0,458016.0,457000.0,457397.0,0.450242
1760860800,457397.0,459010.0,456000.0,456270.0,1.484817
1760864400,456270.0,462761.0,455600.0,459898.0,2.203409
1760868000,460453.0,461483.0,458531.0,461451.0,1.552315
1760871600,460889.0,461500.0,460014.0,460380.0,1.007024
1760875200,460387.0,461195.0,460000.0,460660.0,0.893803
1760878800,460666.0,463109.0,460037.0,463109.0,0.654107
1760882400,463108.0,464900.0,462383.0,464900.0,1.165107
1760886000,464900.0,465825.0,464899.0,465107.0,1.335058
1760889600,465107.0,467997.0,464614.0,465938.0,1.129988
1760893200,465663.0,468242.0,465503.0,467402.0,1.914959
1760896800,467508.0,468998.0,467214.0,468532.0,0.213339
1760900400,468500.0,468501.0,467003.0,467003.0,0.738133
1760904000,467002.0,467398.0,467000.0,467001.0,0.189417
1760907600,467000.0,467001.0,467000.0,467001.0,0.330436
1760911200,467001.0,468752.0,467000.0,468002.0,0.720422
1760914800,468002.0,468002.0,465451.0,465451.0,0.581213
1760918400,465451.0,465451.0,461080.0,463688.0,1.465103
1760922000,463665.0,463756.0,462284.0,463298.0,0.438761
1760925600,462946.0,466842.0,462742.0,466129.0,0.552453
1760929200,466129.0,471529.0,465469.0,471529.0,1.945911
1760932800,471529.0,472998.0,470321.0,472094.0,0.92918
1760936400,471235.0,474186.0,471157.0,473257.0,1.281156
1760940000,473731.0,474836.0,473368.0,474135.0,1.033632
1760943600,474135.0,474498.0,473857.0,473857.0,1.535451
1760947200,473694.0,474999.0,473001.0,473500.0,1.100959
1760950800,473365.0,473766.0,472102.0,473001.0,1.019601
1760954400,473471.0,474630.0,472501.0,472501.0,0.714113
1760958000,472502.0,474400.0,472133.0,474327.0,0.286384
1760961600,474293.0,474639.0,473331.0,473791.0,0.271197
1760965200,473467.0,474334.0,472597.0,474333.0,0.528426
1760968800,474334.0,474999.0,473001.0,474919.0,0.501489
1760972400,474965.0,476463.0,474001.0,475302.0,2.006959
1760976000,475301.0,475857.0,469126.0,473190.0,1.60573
1760979600,473467.0,474632.0,470138.0,471774.0,0.426526
1760983200,471773.0,473999.0,471640.0,473998.0,0.35802
1760986800,473999.0,474632.0,472209.0,473036.0,0.176052
1760990400,473957.0,474997.0,472571.0,474012.0,0.083752
1760994000,474380.0,475174.0,471819.0,471991.0,0.067699
1760997600,472531.0,473534.0,471824.0,473208.0,0.257529
1761001200,473208.0,473210.0,472148.0,472341.0,0.30631
1761004800,472341.0,472341.0,470642.0,471284.0,0.423251
1761008400,471284.0,471284.0,468093.0,468110.0,1.040653
1761012000,468383.0,468394.0,466000.0,466000.0,1.760807
1761015600,466001.0,466001.0,464001.0,464002.0,1.474276
1761019200,464001.0,464001.0,458205.0,458206.0,3.027458
1761022800,458206.0,458490.0,457750.0,457752.0,2.175178
1761026400,457752.0,459801.0,457748.0,459361.0,2.554924
1761030000,459362.0,460500.0,459359.0,460242.0,1.053109
1761033600,460218.0,460218.0,459001.0,459513.0,1.502242
1761037200,459513.0,460249.0,459002.0,459269.0,0.511379
1761040800,459269.0,463199.0,458927.0,462498.0,2.131366
1761044400,462311.0,462652.0,460026.0,462652.0,2.792247
1761048000,462803.0,466020.0,462158.0,463415.0,1.322118
1761051600,463415.0,463630.0,460811.0,461902.0,1.180849
1761055200,461903.0,477499.0,461903.0,477499.0,2.656789
1761058800,477500.0,482454.0,475623.0,481929.0,5.380215
1761062400,481954.0,483999.0,477502.0,477502.0,2.16878
1761066000,477511.0,479862.0,475001.0,475413.0,0.618835
1761069600,475413.0,475904.0,473001.0,475544.0,0.461364
1761073200,475544.0,475631.0,473703.0,474733.0,0.21633
1761076800,474733.0,474733.0,470001.0,470585.0,0.215568
1761080400,470584.0,471189.0,468001.0,470103.0,1.08628
1761084000,470000.0,470000.0,460100.0,462559.0,1.96036
1761087600,462559.0,464477.0,460000.0,460150.0,1.139031
1761091200,460151.0,461256.0,459011.0,459700.0,1.106476
1761094800,459510.0,461290.0,459509.0,461189.0,0.86387
1761098400,461647.0,462572.0,461189.0,461190.0,0.825128
1761102000,461190.0,461190.0,460007.0,460009.0,1.445917
1761105600,460009.0,462000.0,460008.0,461999.0,1.547574
1761109200,462000.0,462366.0,460538.0,461165.0,1.295743
1761112800,460975.0,461953.0,460157.0,460890.0,1.658644
1761116400,460560.0,460560.0,458215.0,459999.0,2.081334
1761120000,460000.0,460000.0,459877.0,460000.0,0.574129
1761123600,460000.0,460000.0,459002.0,459389.0,0.853939
1761127200,459388.0,459996.0,459003.0,459004.0,0.612407
1761130800,459004.0,460000.0,456251.0,457750.0,2.325042
1761134400,457750.0,460998.0,457749.0,459965.0,2.420756
1761138000,459965.0,463241.0,458401.0,463241.0,1.958437
1761141600,462146.0,463267.0,458258.0,463267.0,1.894354
1761145200,462823.0,463999.0,458718.0,460719.0,1.541894
1761148800,461026.0,462182.0,458802.0,460598.0,1.38875
1761152400,460322.0,460494.0,458003.0,458271.0,0.330831
1761156000,458349.0,459999.0,457807.0,459262.0,0.259696
1761159600,459316.0,460565.0,458556.0,458556.0,0.23988
1761163200,459184.0,459233.0,457750.0,457794.0,0.340233
1761166800,458043.0,458043.0,455000.0,456435.0,1.167137
1761170400,456885.0,458142.0,455541.0,456293.0,0.553859
1761174000,456293.0,459493.0,456293.0,458113.0,1.81244
1761177600,458259.0,458700.0,458011.0,458700.0,0.717255
1761181200,458700.0,461399.0,458700.0,460251.0,1.046245
1761184800,460251.0,461246.0,460002.0,461246.0,0.748284
1761188400,461153.0,462492.0,460833.0,460833.0,0.825411
1761192000,460833.0,464055.0,460833.0,462560.0,0.674743
1761195600,462559.0,463000.0,462323.0,463000.0,0.31606
1761199200,463000.0,467999.0,462679.0,467999.0,1.164709
1761202800,467999.0,467999.0,464500.0,464501.0,1.464265
1761206400,464500.0,466400.0,464500.0,464970.0,1.030837
1761210000,464970.0,464970.0,464000.0,464372.0,0.376031
1761213600,464372.0,465500.0,464182.0,464408.0,0.27424
1761217200,464408.0,464999.0,464000.0,464001.0,0.494522
1761220800,464001.0,464001.0,462301.0,462975.0,0.759468
1761224400,462975.0,464000.0,462507.0,464000.0,2.137568
1761228000,464000.0,465823.0,461501.0,464785.0,0.847338
1761231600,465149.0,466897.0,464760.0,466015.0,0.805591
1761235200,466031.0,467997.0,465171.0,467561.0,0.411971
1761238800,467459.0,471000.0,465501.0,470999.0,1.080036
1761242400,470999.0,471000.0,467668.0,468690.0,0.461223
1761246000,468601.0,468673.0,466896.0,467507.0,0.21478
1761249600,467457.0,467457.0,464101.0,464101.0,0.21655
1761253200,464116.0,464898.0,464002.0,464377.0,0.025784
1761256800,464804.0,466999.0,464804.0,466393.0,0.29827
1761260400,466393.0,466842.0,465664.0,466839.0,0.465551
1761264000,466613.0,468986.0,466612.0,468389.0,0.685826
1761267600,468444.0,469637.0,467741.0,469556.0,0.50948
1761271200,469044.0,469543.0,468462.0,469393.0,1.202181
1761274800,469359.0,469359.0,468016.0,468678.0,0.755964
1761278400,468677.0,471998.0,468676.0,470999.0,1.373007
1761282000,471000.0,471000.0,470008.0,470999.0,0.53771
1761285600,471000.0,471998.0,470362.0,471509.0,0.36148
1761289200,471510.0,471510.0,468777.0,470021.0,1.142285
1761292800,469834.0,470080.0,468998.0,470080.0,1.541175
1761296400,470080.0,471000.0,470079.0,470999.0,0.44034
1761300000,470999.0,471000.0,470501.0,470531.0,0.372371
1761303600,470530.0,470799.0,469200.0,469935.0,0.535998
1761307200,469935.0,472994.0,469357.0,471002.0,1.431352
1761310800,471002.0,471599.0,467781.0,469441.0,0.633423
1761314400,469531.0,469531.0,465002.0,466300.0,0.468695
1761318000,466565.0,467841.0,465060.0,465695.0,2.789605
1761321600,465696.0,466893.0,465057.0,466518.0,0.192991
1761325200,466518.0,467614.0,466158.0,466954.0,0.168277
1761328800,466954.0,467888.0,465919.0,467883.0,0.175855
1761332400,467884.0,469535.0,467883.0,468324.0,0.612284
1761336000,468323.0,469008.0,467500.0,469008.0,0.112405
1761339600,469738.0,469790.0,468276.0,469790.0,0.01412
1761343200,469790.0,469790.0,469789.0,469790.0,0.279527
1761346800,469790.0,469999.0,469789.0,469902.0,0.102514
1761350400,469902.0,469906.0,468487.0,468798.0,0.267734
1761354000,468800.0,469999.0,468800.0,469844.0,0.525372
1761357600,469985.0,469999.0,469949.0,469999.0,0.200634
1761361200,469999.0,470039.0,469998.0,470039.0,0.199079
1761364800,470039.0,471645.0,470038.0,471115.0,0.56879
1761368400,471116.0,471444.0,470998.0,471443.0,0.461665
1761372000,471444.0,471957.0,471000.0,471599.0,0.82633
1761375600,471599.0,472929.0,471598.0,472256.0,0.506432
1761379200,472256.0,472732.0,472218.0,472731.0,0.210519
1761382800,472732.0,472956.0,472009.0,472177.0,0.526784
1761386400,472176.0,472690.0,471998.0,472687.0,0.244666
1761390000,472687.0,472687.0,472049.0,472247.0,0.131123
1761393600,472140.0,473000.0,472139.0,473000.0,0.293191
1761397200,473000.0,473416.0,472153.0,472376.0,0.498155
1761400800,472377.0,472968.0,472139.0,472437.0,0.424525
1761404400,472437.0,472437.0,472001.0,472001.0,0.2153
1761408000,472001.0,472002.0,471003.0,471601.0,0.334658
1761411600,471560.0,471648.0,471044.0,471142.0,0.061561
1761415200,471143.0,472301.0,471143.0,472301.0,0.098376
1761418800,472301.0,472301.0,472300.0,472300.0,0.016734
1761422400,472300.0,472301.0,471341.0,471430.0,0.055853
1761426000,471429.0,471430.0,471034.0,471034.0,0.02348
1761429600,471461.0,472160.0,471417.0,472114.0,0.160968
1761433200,472113.0,472402.0,471743.0,472313.0,0.107797
1761436800,472312.0,473000.0,471807.0,472980.0,0.294864
1761440400,472626.0,473000.0,472189.0,472607.0,0.161355
1761444000,472600.0,472929.0,469411.0,471944.0,2.583869
1761447600,471944.0,472000.0,471931.0,471932.0,0.372364
1761451200,471932.0,471995.0,471902.0,471995.0,0.377845
1761454800,471926.0,472000.0,471685.0,472000.0,0.293898
1761458400,472000.0,472298.0,471999.0,472298.0,0.292565
1761462000,472298.0,472969.0,472297.0,472793.0,0.358277
1761465600,472792.0,473175.0,472792.0,473103.0,0.532822
1761469200,473115.0,475650.0,473115.0,475377.0,1.572689
1761472800,475376.0,476238.0,475376.0,476164.0,1.53944
1761476400,476165.0,480000.0,476165.0,479807.0,1.137971
1761480000,479920.0,480999.0,479643.0,480627.0,0.985483
1761483600,480628.0,481000.0,480000.0,480310.0,1.140814
1761487200,480310.0,480310.0,480309.0,480309.0,0.938955
1761490800,480310.0,480310.0,480001.0,480001.0,1.375852
1761494400,480002.0,480002.0,479001.0,479888.0,1.185002
1761498000,479889.0,479990.0,479302.0,479302.0,0.784815
1761501600,479302.0,479989.0,479301.0,479988.0,0.099584
1761505200,479989.0,480000.0,479988.0,479999.0,0.353908
1761508800,480000.0,480000.0,477382.0,478999.0,1.082676
1761512400,479000.0,479988.0,478477.0,479973.0,0.363788
1761516000,479973.0,484598.0,479973.0,483599.0,9.850614
1761519600,483598.0,484188.0,483598.0,483626.0,1.311323
1761523200,483626.0,484900.0,483626.0,484172.0,1.837117
1761526800,484173.0,485999.0,484172.0,485997.0,1.626771
1761530400,485998.0,485999.0,485000.0,485001.0,1.49692
1761534000,485000.0,485422.0,484999.0,485000.0,1.18306
1761537600,485000.0,485800.0,484999.0,485799.0,1.369132
1761541200,485800.0,486999.0,485799.0,486999.0,1.265109
1761544800,486999.0,488450.0,486998.0,488450.0,0.810334
1761548400,488450.0,489500.0,487087.0,487531.0,1.147311
1761552000,487530.0,487531.0,485005.0,485484.0,1.569599
1761555600,485485.0,486492.0,484745.0,486232.0,1.040257
1761559200,486233.0,487001.0,485796.0,486757.0,0.696239
1761562800,486757.0,486879.0,486276.0,486570.0,0.359844
1761566400,486569.0,486569.0,486222.0,486223.0,0.870445
1761570000,486224.0,486231.0,484718.0,486219.0,1.551548
1761573600,486220.0,486220.0,484185.0,484908.0,1.227785
1761577200,484907.0,486091.0,484879.0,484970.0,1.192553
1761580800,484971.0,486500.0,484970.0,486499.0,1.233612
1761584400,486500.0,486560.0,486499.0,486560.0,0.514746
1761588000,486560.0,486562.0,486554.0,486557.0,0.468852
1761591600,486557.0,486558.0,484970.0,484971.0,0.586017
1761595200,484970.0,484971.0,483999.0,483999.0,0.305422
1761598800,483998.0,483998.0,482499.0,483153.0,0.601123
1761602400,482933.0,483497.0,482059.0,482059.0,0.538284
1761606000,482059.0,482060.0,480446.0,481863.0,0.666675
1761609600,481863.0,481863.0,481091.0,481092.0,1.060596
1761613200,481091.0,482129.0,481090.0,482004.0,0.655568
1761616800,482004.0,482004.0,480001.0,480420.0,1.070658
1761620400,480002.0,480983.0,480001.0,480002.0,0.487539
1761624000,480002.0,480342.0,480000.0,480012.0,0.796846
1761627600,480011.0,480011.0,478754.0,478756.0,0.734603
1761631200,478755.0,480998.0,478755.0,480595.0,0.593568
1761634800,480597.0,480700.0,475017.0,480699.0,2.78316
1761638400,480699.0,481000.0,480630.0,481000.0,3.647112
1761642000,481000.0,481200.0,480999.0,481198.0,1.435421
1761645600,481199.0,481399.0,481198.0,481398.0,1.674263
1761649200,481399.0,481400.0,479999.0,479999.0,2.34886
1761652800,480000.0,481301.0,479985.0,481052.0,1.832602
1761656400,481052.0,482000.0,481051.0,482000.0,11.346476
1761660000,482000.0,484429.0,480921.0,483261.0,6.328816
1761663600,483262.0,483980.0,481513.0,482291.0,2.025138
1761667200,482291.0,484390.0,481514.0,484389.0,1.16565
1761670800,484390.0,484501.0,484389.0,484500.0,0.496133
1761674400,484501.0,484501.0,481855.0,483037.0,1.095456
1761678000,483013.0,483013.0,477502.0,477839.0,0.961755
1761681600,477759.0,477759.0,473391.0,474780.0,1.513341
1761685200,474736.0,475578.0,473334.0,475578.0,1.270011
1761688800,475578.0,475580.0,475194.0,475420.0,0.58913
1761692400,475421.0,475421.0,475066.0,475386.0,0.667039
1761696000,475387.0,475387.0,474552.0,474553.0,0.812187
1761699600,474552.0,474552.0,472501.0,473624.0,1.919634
1761703200,473623.0,474436.0,473623.0,473830.0,0.560787
1761706800,473831.0,473831.0,473502.0,473705.0,0.817137
1761710400,473705.0,473800.0,473704.0,473800.0,0.846816
1761714000,473800.0,475031.0,473799.0,475031.0,6.302746
1761717600,475031.0,476005.0,475027.0,476005.0,0.416446
1761721200,476010.0,477000.0,476009.0,477000.0,0.585014
1761724800,477000.0,477046.0,475646.0,476027.0,0.460298
1761728400,475930.0,476162.0,475198.0,475200.0,0.74202
1761732000,475200.0,475985.0,475000.0,475001.0,0.930756
1761735600,475002.0,475956.0,475000.0,475827.0,1.117357
1761739200,475863.0,476154.0,475807.0,475851.0,0.37138
1761742800,475863.0,477662.0,474308.0,475496.0,0.841565
1761746400,475497.0,475497.0,474000.0,474287.0,2.667429
1761750000,474286.0,474287.0,470083.0,470091.0,1.701599
1761753600,470061.0,470061.0,468400.0,468679.0,1.49579
1761757200,468679.0,471162.0,468324.0,471156.0,0.664142
1761760800,471155.0,471156.0,461999.0,467347.0,5.326442
1761764400,467439.0,469300.0,464387.0,466611.0,0.449271
1761768000,466930.0,470272.0,465857.0,469826.0,0.152797
1761771600,469806.0,471246.0,469761.0,470314.0,0.137816
1761775200,470311.0,470333.0,468276.0,468276.0,0.125371
1761778800,468149.0,468149.0,463103.0,464101.0,1.334134
1761782400,464101.0,465756.0,463501.0,465642.0,0.811395
1761786000,465642.0,466636.0,465221.0,466150.0,0.856541
1761789600,466081.0,467826.0,465014.0,467659.0,2.112487
1761793200,467448.0,467448.0,466118.0,466118.0,0.926037
1761796800,466754.0,466754.0,458000.0,458929.0,4.195313
1761800400,458588.0,466493.0,458090.0,466005.0,1.065287
1761804000,466045.0,467943.0,464731.0,467195.0,2.547908
1761807600,467192.0,469199.0,466684.0,469149.0,1.696047
1761811200,468971.0,469005.0,466393.0,466412.0,0.654587
1761814800,466389.0,466806.0,464037.0,464988.0,1.478906
1761818400,464988.0,464988.0,464002.0,464497.0,0.84473
1761822000,464497.0,464497.0,463852.0,463852.0,0.466031
1761825600,463852.0,463852.0,458604.0,458605.0,1.859288
1761829200,458604.0,459861.0,455901.0,456501.0,3.212845
1761832800,456501.0,459630.0,456500.0,459113.0,1.970393
1761836400,459112.0,459113.0,457000.0,457274.0,2.190955
1761840000,457275.0,459708.0,457002.0,458236.0,1.035573
1761843600,458821.0,458821.0,455000.0,457358.0,1.695076
1761847200,457078.0,458073.0,455400.0,455400.0,0.328804
1761850800,455300.0,456711.0,454007.0,454008.0,2.231028
1761854400,454015.0,457472.0,454000.0,457006.0,0.700792
1761858000,457006.0,458919.0,456731.0,458669.0,0.280862
1761861600,458668.0,458668.0,457300.0,458212.0,0.701552
1761865200,458211.0,460192.0,457639.0,460098.0,2.626077
1761868800,460099.0,464417.0,460099.0,463358.0,3.361603
1761872400,463153.0,465987.0,462294.0,463135.0,2.225327
1761876000,463135.0,463135.0,459406.0,460054.0,1.017285
1761879600,460170.0,461449.0,459385.0,460989.0,1.439408
1761883200,460985.0,464674.0,460505.0,464238.0,1.077168
1761886800,464237.0,464238.0,462948.0,463559.0,0.545403
1761890400,463560.0,463560.0,461690.0,462187.0,1.743917
1761894000,462196.0,462563.0,461000.0,461537.0,0.644751
1761897600,461537.0,463200.0,460514.0,463200.0,1.889533
1761901200,463400.0,463800.0,462648.0,462725.0,1.953543
1761904800,462725.0,463694.0,462001.0,462562.0,1.759585
1761908400,462562.0,463900.0,460972.0,463900.0,2.636326
1761912000,463899.0,464000.0,460999.0,461359.0,3.025666
1761915600,461327.0,463713.0,460740.0,463427.0,1.42664
1761919200,463366.0,464900.0,461364.0,464900.0,6.180659
1761922800,464900.0,465300.0,463334.0,463335.0,2.367205
1761926400,463334.0,463370.0,458002.0,458002.0,0.793853
1761930000,458002.0,460693.0,457800.0,460273.0,0.593971
1761933600,460438.0,462235.0,459105.0,460924.0,0.108265
1761937200,460888.0,464000.0,459794.0,462488.0,0.092362
1761940800,461951.0,462415.0,461140.0,461147.0,0.079567
1761944400,461187.0,462226.0,460597.0,461731.0,0.089299
1761948000,461675.0,462461.0,461525.0,462091.0,0.080345
1761951600,462091.0,462187.0,461963.0,462186.0,0.236902
1761955200,462230.0,462271.0,460816.0,462268.0,0.444525
1761958800,462394.0,464009.0,462393.0,463058.0,0.470472
1761962400,463076.0,463296.0,462111.0,463296.0,0.475388
1761966000,463296.0,464898.0,463295.0,464898.0,0.619026
1761969600,464897.0,465300.0,464441.0,465034.0,0.997087
1761973200,465112.0,465222.0,464503.0,464680.0,0.708201
1761976800,464680.0,465184.0,464636.0,464852.0,0.408706
1761980400,464852.0,465222.0,464852.0,465222.0,0.26879
1761984000,465221.0,465300.0,465221.0,465299.0,0.253829
1761987600,465300.0,465300.0,465001.0,465002.0,0.29513
1761991200,465002.0,465002.0,464700.0,465000.0,0.608803
1761994800,465002.0,465065.0,465001.0,465001.0,0.221217
1761998400,465002.0,465002.0,465001.0,465002.0,0.20312
1762002000,465001.0,465002.0,464004.0,464572.0,0.326967
1762005600,464569.0,464577.0,464001.0,464260.0,0.144857
1762009200,464260.0,465300.0,464259.0,465300.0,0.331148
1762012800,465300.0,465400.0,464501.0,465400.0,0.229892
1762016400,465400.0,465400.0,464868.0,464946.0,0.093487
1762020000,464945.0,465400.0,464945.0,465400.0,0.119323
1762023600,465218.0,465400.0,465218.0,465399.0,0.065191
1762027200,465400.0,465400.0,465399.0,465400.0,0.207439
1762030800,465400.0,465400.0,464002.0,464002.0,0.149752
1762034400,464001.0,464290.0,464001.0,464175.0,0.026662
1762038000,464273.0,464273.0,464000.0,464216.0,0.122052
1762041600,464216.0,464224.0,464000.0,464001.0,0.13002
1762045200,464001.0,464401.0,462601.0,464004.0,0.87613
1762048800,464004.0,464935.0,464001.0,464149.0,0.313349
1762052400,464142.0,464143.0,464000.0,464139.0,0.523318
1762056000,464138.0,466100.0,464138.0,466100.0,1.242836
1762059600,466198.0,466200.0,465013.0,465498.0,1.066502
1762063200,465498.0,466200.0,465038.0,466200.0,0.358058
1762066800,466200.0,466500.0,466101.0,466500.0,1.161153
1762070400,466500.0,466702.0,466500.0,466701.0,0.406291
1762074000,466799.0,467000.0,466103.0,466365.0,1.866971
1762077600,466444.0,466960.0,466000.0,466001.0,0.32249
1762081200,466001.0,467200.0,466000.0,467200.0,2.153587
1762084800,467200.0,467299.0,466479.0,466483.0,1.043263
1762088400,466484.0,466484.0,465117.0,465938.0,0.67759
1762092000,465989.0,466653.0,465117.0,465843.0,0.463384
1762095600,465806.0,465999.0,465122.0,465123.0,0.446262
1762099200,465122.0,465122.0,463708.0,464153.0,0.511424
1762102800,464339.0,464828.0,464134.0,464249.0,0.08434
1762106400,464400.0,465375.0,464400.0,465293.0,0.036021
1762110000,465245.0,465471.0,464110.0,464494.0,0.117299
1762113600,464809.0,464809.0,464001.0,464027.0,0.045659
1762117200,464463.0,464464.0,464000.0,464002.0,0.045674
1762120800,464002.0,464002.0,462435.0,462977.0,0.193514
1762124400,463664.0,465999.0,463664.0,465998.0,0.294466
1762128000,465998.0,466068.0,462673.0,462673.0,0.955476
1762131600,462674.0,462674.0,462015.0,462145.0,1.3817
1762135200,462145.0,462188.0,458850.0,460049.0,1.433315
1762138800,460049.0,460503.0,456264.0,456301.0,3.032912
1762142400,456301.0,456301.0,455000.0,455889.0,2.600623
1762146000,455985.0,456722.0,455000.0,455000.0,1.304598
1762149600,455001.0,455138.0,454000.0,454498.0,3.060709
1762153200,454456.0,454814.0,453801.0,453802.0,1.399363
1762156800,453801.0,453997.0,450217.0,453752.0,2.009156
1762160400,453752.0,454612.0,452501.0,452501.0,1.264415
1762164000,452501.0,453936.0,451888.0,451889.0,1.420736
1762167600,451889.0,455283.0,451889.0,455005.0,1.634725
1762171200,455155.0,456995.0,455155.0,455240.0,1.061913
1762174800,455185.0,456000.0,454730.0,455951.0,0.598152
1762178400,455951.0,457215.0,454301.0,456275.0,1.596796
1762182000,456275.0,456277.0,448511.0,450428.0,6.220004
1762185600,450409.0,453709.0,449000.0,453027.0,2.518111
1762189200,453027.0,457644.0,453000.0,456985.0,0.888408
1762192800,456985.0,457480.0,453853.0,455053.0,0.412363
1762196400,455126.0,456904.0,453132.0,455246.0,0.147303
1762200000,455158.0,455747.0,453117.0,453792.0,0.678486
1762203600,453342.0,455513.0,451390.0,454624.0,0.995077
1762207200,454438.0,454438.0,450342.0,452719.0,0.702733
1762210800,452721.0,452721.0,450001.0,451519.0,3.044804
1762214400,451536.0,451999.0,449001.0,450891.0,1.712961
1762218000,450891.0,454808.0,450600.0,453803.0,1.66809
1762221600,453803.0,453803.0,451419.0,451420.0,1.127693
1762225200,451419.0,453759.0,450390.0,453707.0,1.735277
1762228800,453707.0,453707.0,451751.0,451751.0,1.353709
1762232400,451751.0,451751.0,440287.0,441502.0,5.673206
1762236000,441502.0,443636.0,440007.0,441679.0,5.806215
1762239600,441670.0,442428.0,440600.0,441000.0,2.996941
1762243200,441000.0,441054.0,438302.0,438302.0,5.442225
1762246800,438301.0,438302.0,437301.0,437502.0,2.064919
1762250400,437501.0,437655.0,437300.0,437302.0,1.309778
1762254000,437302.0,440891.0,437301.0,440853.0,1.485638
1762257600,440853.0,440853.0,438501.0,438503.0,1.203365
1762261200,438503.0,438991.0,436092.0,438507.0,2.940293
1762264800,438507.0,440800.0,435010.0,440567.0,2.966582
1762268400,440568.0,441497.0,435000.0,435602.0,2.028287
1762272000,435601.0,436172.0,431500.0,431500.0,4.242435
1762275600,431500.0,431500.0,426500.0,426534.0,7.122894
1762279200,426535.0,427963.0,422750.0,427790.0,2.880532
1762282800,427745.0,428887.0,424008.0,424008.0,0.60699
1762286400,424008.0,426646.0,420500.0,425551.0,3.170845
1762290000,425486.0,425678.0,419000.0,423762.0,4.294948
1762293600,423934.0,433141.0,423037.0,429112.0,4.274119
1762297200,429112.0,432517.0,428963.0,432312.0,2.182529
1762300800,432305.0,432343.0,426000.0,426012.0,4.134417
1762304400,426012.0,426818.0,419005.0,426000.0,7.143806
1762308000,426253.0,429999.0,426022.0,428984.0,5.338504
1762311600,428984.0,432000.0,428176.0,430891.0,3.316703
1762315200,430892.0,430892.0,428500.0,429645.0,1.811798
1762318800,429645.0,430876.0,429200.0,429200.0,1.719538
1762322400,429201.0,429998.0,428451.0,429998.0,1.007334
1762326000,429998.0,430054.0,428901.0,429516.0,2.389591
1762329600,429516.0,429516.0,427001.0,428638.0,1.694284
1762333200,428587.0,430000.0,428245.0,428677.0,2.278667
1762336800,428676.0,428677.0,427006.0,427007.0,0.946202
1762340400,427007.0,429177.0,427006.0,429177.0,1.67728
1762344000,429178.0,432384.0,429177.0,432001.0,1.873936
1762347600,432001.0,434399.0,431525.0,433598.0,1.822048
1762351200,433593.0,435859.0,431502.0,434837.0,2.029603
1762354800,434800.0,438000.0,433291.0,437002.0,2.223703
1762358400,437059.0,439000.0,435501.0,438778.0,4.082057
1762362000,438745.0,438745.0,436590.0,437953.0,0.83405
1762365600,438048.0,439990.0,437487.0,439844.0,0.285993
1762369200,439839.0,440499.0,439000.0,439001.0,0.403614
1762372800,439001.0,440569.0,438000.0,438554.0,1.357881
1762376400,438220.0,438220.0,437010.0,437307.0,0.235185
1762380000,437102.0,437102.0,435628.0,435875.0,2.065829
1762383600,435981.0,438613.0,435981.0,437910.0,0.901743
1762387200,437909.0,437909.0,435555.0,436500.0,0.965966
1762390800,436499.0,436500.0,431531.0,434929.0,1.226505
1762394400,434861.0,435437.0,432581.0,435165.0,1.06006
1762398000,435165.0,436499.0,435164.0,436029.0,0.914784
1762401600,436029.0,436500.0,433250.0,436500.0,1.934307
1762405200,436500.0,436500.0,434400.0,434400.0,1.842539
1762408800,434401.0,435405.0,434400.0,435071.0,1.094003
1762412400,435071.0,435400.0,434014.0,434102.0,2.02098
1762416000,434101.0,434965.0,434015.0,434871.0,0.697658
1762419600,434872.0,434872.0,433051.0,433066.0,0.728505
1762423200,433066.0,434543.0,433051.0,434172.0,1.081126
1762426800,434172.0,434568.0,433316.0,434567.0,0.595
1762430400,434568.0,434568.0,432100.0,432101.0,2.980983
1762434000,432101.0,435188.0,432101.0,434943.0,2.158142
1762437600,434942.0,435314.0,430500.0,430500.0,3.691333
1762441200,430314.0,432999.0,427821.0,429693.0,4.373159
1762444800,429693.0,430635.0,423000.0,424351.0,3.629051
1762448400,424912.0,428648.0,424836.0,428106.0,2.863443
1762452000,428106.0,430282.0,425099.0,429000.0,1.316527
1762455600,428024.0,429031.0,426097.0,427381.0,1.827396
1762459200,427382.0,427382.0,424277.0,424897.0,1.57843
1762462800,424896.0,425861.0,423409.0,425860.0,1.415846
1762466400,425861.0,426888.0,425507.0,426888.0,1.041456
1762470000,426887.0,427141.0,425579.0,426485.0,2.104109
1762473600,426485.0,426811.0,424500.0,426750.0,2.959816
1762477200,426749.0,427347.0,423426.0,425342.0,3.598978
1762480800,425932.0,426671.0,425913.0,426671.0,0.90058
1762484400,426671.0,428967.0,426671.0,428011.0,1.629506
1762488000,428010.0,428011.0,427168.0,427654.0,1.432758
1762491600,427655.0,429428.0,427654.0,429000.0,1.179845
1762495200,429000.0,429357.0,428056.0,428057.0,1.053672
1762498800,428057.0,428057.0,427655.0,427990.0,0.473306
1762502400,427990.0,427990.0,427001.0,427002.0,1.478939
1762506000,427002.0,427002.0,424500.0,424501.0,1.835871
1762509600,424500.0,425109.0,423500.0,423501.0,2.042442
1762513200,423516.0,423516.0,421000.0,422131.0,2.892003
1762516800,422131.0,422995.0,419450.0,419450.0,3.211796
1762520400,419450.0,422968.0,419301.0,422087.0,1.816908
1762524000,422053.0,423986.0,419300.0,423985.0,1.690168
1762527600,423987.0,425999.0,422640.0,424016.0,2.783843
1762531200,424016.0,427189.0,422931.0,424543.0,2.130315
1762534800,425031.0,431477.0,424616.0,430356.0,1.918562
1762538400,430393.0,432019.0,430104.0,431537.0,0.716801
1762542000,431537.0,434661.0,431076.0,434431.0,1.066155
1762545600,434416.0,436000.0,433239.0,435999.0,1.4118
1762549200,435999.0,436000.0,434136.0,436000.0,1.136744
1762552800,436000.0,437033.0,433197.0,435569.0,2.104804
1762556400,435569.0,435988.0,434152.0,434153.0,1.245638
1762560000,434153.0,434153.0,431009.0,431462.0,1.654129
1762563600,431462.0,432896.0,431461.0,432895.0,0.720757
1762567200,432896.0,433301.0,432001.0,432002.0,1.214856
1762570800,432001.0,433397.0,431400.0,431457.0,0.952542
1762574400,431457.0,431810.0,430552.0,431162.0,1.014175
1762578000,431163.0,431498.0,430400.0,430400.0,0.652287
1762581600,430400.0,430662.0,429318.0,429559.0,0.949127
1762585200,429559.0,430022.0,428767.0,429966.0,0.475599
1762588800,429966.0,431350.0,429404.0,430300.0,1.049578
1762592400,430054.0,430652.0,429411.0,430427.0,0.964672
1762596000,430427.0,430428.0,430044.0,430346.0,0.443859
1762599600,430347.0,430601.0,427549.0,427550.0,1.737923
1762603200,427550.0,428397.0,427550.0,428085.0,0.333896
1762606800,428353.0,428901.0,427610.0,427610.0,0.317321
1762610400,427610.0,428473.0,426398.0,428089.0,0.687255
1762614000,428089.0,428093.0,427001.0,428093.0,2.711475
1762617600,428093.0,428496.0,427127.0,428001.0,0.685917
1762621200,428001.0,428361.0,427500.0,428361.0,0.263004
1762624800,428487.0,428917.0,428174.0,428917.0,0.210768
1762628400,429361.0,429362.0,427600.0,428638.0,1.056933
1762632000,428638.0,429292.0,428638.0,429291.0,0.224906
1762635600,429062.0,429610.0,429061.0,429610.0,0.230049
1762639200,429610.0,429999.0,429609.0,429913.0,0.205594
1762642800,429914.0,430553.0,429913.0,430002.0,0.711279
1762646400,430002.0,430002.0,427500.0,427934.0,1.266812
1762650000,427934.0,428871.0,427607.0,428871.0,0.924078
1762653600,428871.0,428871.0,427400.0,427505.0,0.916716
1762657200,427504.0,427867.0,427201.0,427496.0,0.873996
1762660800,427497.0,429068.0,427496.0,428183.0,1.277957
1762664400,428183.0,428417.0,428003.0,428354.0,0.737854
1762668000,428386.0,428484.0,428214.0,428214.0,1.208007
1762671600,428214.0,428443.0,427695.0,428419.0,0.570881
1762675200,428491.0,428698.0,428214.0,428615.0,0.226304
1762678800,428651.0,429257.0,427201.0,427495.0,0.66469
1762682400,427430.0,428354.0,427001.0,428275.0,0.570552
1762686000,428559.0,429500.0,428466.0,429500.0,0.291647
1762689600,429499.0,430000.0,429002.0,429002.0,0.430757
1762693200,429011.0,432612.0,429011.0,432322.0,1.273614
1762696800,432613.0,436199.0,432006.0,432902.0,2.642558
1762700400,433147.0,436624.0,432517.0,435702.0,1.250156
1762704000,436214.0,436350.0,433936.0,436350.0,0.430031
1762707600,435938.0,436670.0,434364.0,435449.0,0.337997
1762711200,435450.0,439000.0,434703.0,438999.0,1.128096
1762714800,439000.0,439754.0,437941.0,439518.0,0.644412
1762718400,439800.0,440000.0,438061.0,438860.0,0.670178
1762722000,438883.0,439583.0,438365.0,438376.0,0.576989
1762725600,438597.0,439943.0,437222.0,439394.0,1.190832
1762729200,439451.0,441845.0,438810.0,439789.0,1.643481
1762732800,439788.0,444998.0,437716.0,444997.0,2.995258
1762736400,444999.0,445997.0,442608.0,442608.0,2.243932
1762740000,442500.0,443335.0,442368.0,442851.0,1.218884
1762743600,443503.0,444344.0,442879.0,443681.0,1.186653
1762747200,443681.0,444721.0,443068.0,444433.0,1.206658
1762750800,444370.0,445479.0,444001.0,444001.0,0.981792
1762754400,444002.0,444366.0,443327.0,443964.0,0.978307
1762758000,443850.0,444999.0,443676.0,444714.0,1.274172
1762761600,444714.0,445424.0,442560.0,442561.0,1.09389
1762765200,442560.0,445175.0,442269.0,444501.0,0.998955
1762768800,444502.0,444502.0,442001.0,442404.0,0.933361
1762772400,442023.0,443914.0,442010.0,442978.0,0.680638
1762776000,443041.0,443041.0,442010.0,442375.0,0.482978
1762779600,442369.0,444879.0,442227.0,444497.0,0.466442
1762783200,444417.0,444463.0,436896.0,437000.0,2.302522
1762786800,436999.0,440290.0,436500.0,437571.0,1.108098
1762790400,438051.0,439330.0,436920.0,439106.0,0.46589
1762794000,438690.0,441154.0,438286.0,441145.0,0.150889
1762797600,441154.0,441999.0,440359.0,440362.0,0.200003
1762801200,439941.0,441999.0,439930.0,441719.0,0.245405
1762804800,441508.0,443655.0,441213.0,441931.0,0.527806
1762808400,441416.0,441416.0,439051.0,440053.0,0.488785
1762812000,440125.0,442084.0,439228.0,441701.0,1.053409
1762815600,441701.0,442448.0,441001.0,441633.0,0.383846
1762819200,441020.0,441775.0,439000.0,441255.0,0.895786
1762822800,441255.0,446786.0,440815.0,441222.0,2.891789
1762826400,441222.0,444861.0,440000.0,442995.0,3.214474
1762830000,442996.0,444979.0,441752.0,442274.0,1.318666
1762833600,442274.0,442478.0,439029.0,439029.0,0.856797
1762837200,439062.0,439973.0,438001.0,438027.0,0.662253
1762840800,438027.0,438027.0,436002.0,437272.0,0.731384
1762844400,437194.0,437279.0,435501.0,435502.0,0.926552
1762848000,435502.0,437182.0,435501.0,436789.0,0.696272
1762851600,436725.0,438021.0,436008.0,436205.0,0.790301
1762855200,436008.0,437409.0,436007.0,437001.0,0.282066
1762858800,437000.0,438095.0,437000.0,437538.0,0.406105
1762862400,437611.0,438095.0,435002.0,435004.0,0.721566
1762866000,435004.0,435393.0,434001.0,434476.0,0.837163
1762869600,434477.0,435000.0,432599.0,435000.0,0.970771
1762873200,435000.0,435000.0,430000.0,430759.0,1.072421
1762876800,430510.0,431522.0,430000.0,430500.0,0.256827
1762880400,430500.0,431147.0,428555.0,430015.0,0.725576
1762884000,430268.0,430613.0,429133.0,430219.0,0.395713
1762887600,430218.0,430218.0,429000.0,429956.0,1.137185
1762891200,429000.0,429417.0,427502.0,427502.0,0.234627
1762894800,427980.0,428789.0,426901.0,427408.0,0.110746
1762898400,426902.0,428998.0,426901.0,428838.0,0.848337
1762902000,428731.0,429235.0,428120.0,428859.0,0.490472
1762905600,428842.0,429499.0,426903.0,426905.0,1.299971
1762909200,426904.0,428262.0,426500.0,428001.0,0.570078
1762912800,428001.0,428894.0,426889.0,427978.0,0.877903
1762916400,427819.0,428965.0,427819.0,428770.0,0.999552
1762920000,428770.0,429151.0,428134.0,428137.0,0.912228
1762923600,428136.0,428800.0,428136.0,428800.0,0.474815
1762927200,428802.0,429286.0,428502.0,428502.0,1.587501
1762930800,428502.0,429147.0,428131.0,428132.0,1.256599
1762934400,428132.0,431999.0,428131.0,431604.0,4.695179
1762938000,431604.0,435349.0,431604.0,433678.0,0.537975
1762941600,433678.0,435000.0,433678.0,434903.0,0.891101
1762945200,434903.0,435739.0,434277.0,434999.0,0.729748
1762948800,435046.0,436177.0,434277.0,435596.0,0.50222
1762952400,435524.0,436177.0,434304.0,435883.0,0.397583
1762956000,435882.0,435882.0,430201.0,431293.0,0.742956
1762959600,431247.0,432344.0,424001.0,424185.0,2.498939
1762963200,424489.0,424489.0,421841.0,422033.0,1.511326
1762966800,422033.0,423969.0,421902.0,422902.0,0.941895
1762970400,422902.0,423359.0,422002.0,422003.0,0.223036
1762974000,422003.0,422003.0,419823.0,420968.0,2.64651
1762977600,420949.0,423128.0,420731.0,422002.0,0.214555
1762981200,422002.0,423120.0,422002.0,423120.0,0.130652
1762984800,423121.0,423522.0,422003.0,423514.0,0.6882
1762988400,423515.0,423578.0,422274.0,422524.0,0.90842
1762992000,422466.0,423482.0,422000.0,423257.0,0.964038
1762995600,423257.0,425424.0,421000.0,423372.0,2.41495
1762999200,423373.0,424598.0,423373.0,423793.0,0.408516
1763002800,423792.0,425614.0,420000.0,424693.0,1.406402
1763006400,424363.0,424684.0,422021.0,423890.0,0.731068
1763010000,423724.0,428516.0,422606.0,428241.0,0.736683
1763013600,428156.0,429747.0,426528.0,429341.0,1.186791
1763017200,429379.0,430999.0,428135.0,428774.0,1.666827
1763020800,428634.0,429887.0,428123.0,428999.0,0.354259
1763024400,428999.0,428999.0,425008.0,425432.0,0.975414
1763028000,425441.0,427241.0,425134.0,425767.0,0.410058
1763031600,425812.0,427206.0,425406.0,425998.0,0.599995
1763035200,425988.0,427612.0,425207.0,426869.0,0.482742
1763038800,426869.0,426972.0,423002.0,423625.0,0.549509
1763042400,423625.0,428110.0,422001.0,426144.0,1.482396
1763046000,426144.0,426144.0,420008.0,420008.0,1.579724
1763049600,420009.0,420364.0,417500.0,417501.0,4.564509
1763053200,417501.0,417534.0,413514.0,413514.0,2.695249
1763056800,413514.0,413930.0,407500.0,408642.0,5.469035
1763060400,408642.0,412187.0,407804.0,409339.0,1.299541
1763064000,409429.0,411356.0,407115.0,407165.0,2.023142
1763067600,407165.0,410424.0,406911.0,410188.0,2.567204
1763071200,410189.0,414501.0,409129.0,414003.0,2.101885
1763074800,414203.0,417635.0,413334.0,413942.0,3.045192
1763078400,413942.0,413942.0,409183.0,410000.0,3.498363
1763082000,410001.0,412412.0,409501.0,411407.0,2.177835
1763085600,411588.0,414523.0,411588.0,413456.0,1.695793
1763089200,413481.0,413482.0,411300.0,411741.0,1.507714
1763092800,411741.0,411803.0,403681.0,406300.0,6.796936
1763096400,406300.0,406500.0,403705.0,404739.0,4.811149
1763100000,404738.0,404999.0,400000.0,404999.0,6.328115
1763103600,404728.0,405000.0,401667.0,403003.0,1.986603
1763107200,403003.0,403896.0,401813.0,403654.0,1.20363
1763110800,403653.0,404100.0,401444.0,401950.0,1.925773
1763114400,401950.0,403500.0,400000.0,401601.0,1.972585
1763118000,401601.0,402229.0,398224.0,398225.0,5.272974
1763121600,398226.0,398227.0,392602.0,395695.0,6.363951
1763125200,395694.0,396852.0,392888.0,395328.0,4.149801
1763128800,395312.0,402309.0,394703.0,401078.0,5.365339
1763132400,401077.0,403894.0,398894.0,402502.0,3.620999
1763136000,402502.0,405000.0,400460.0,403841.0,2.844131
1763139600,403745.0,403880.0,398500.0,398563.0,0.864946
1763143200,398564.0,401153.0,395784.0,396000.0,0.956021
1763146800,395502.0,399636.0,395000.0,398832.0,0.440629
1763150400,398832.0,399741.0,392901.0,392901.0,0.466504
1763154000,392900.0,396000.0,392888.0,395256.0,0.554896
1763157600,396081.0,397565.0,392000.0,395953.0,1.484021
1763161200,395953.0,395953.0,392001.0,393735.0,1.432133
1763164800,393923.0,396999.0,393915.0,396130.0,1.843763
1763168400,396130.0,398711.0,395001.0,398710.0,1.24674
1763172000,398711.0,401941.0,397483.0,401941.0,2.006992
1763175600,401999.0,404088.0,400993.0,402102.0,1.012882
1763179200,402093.0,402311.0,401005.0,401303.0,0.828885
1763182800,401680.0,402311.0,401007.0,402311.0,0.495058
1763186400,402311.0,403669.0,401005.0,401351.0,1.339058
1763190000,401352.0,401943.0,401005.0,401875.0,0.817485
1763193600,401875.0,401876.0,398999.0,399640.0,2.464707
1763197200,399640.0,400248.0,398788.0,399002.0,1.137156
1763200800,399001.0,399719.0,398790.0,399500.0,0.487466
1763204400,399500.0,399501.0,398000.0,398001.0,0.958883
1763208000,398000.0,398727.0,397610.0,398443.0,0.883679
1763211600,398443.0,400588.0,398300.0,400588.0,1.110401
1763215200,400589.0,401000.0,399364.0,400082.0,0.99781
1763218800,400034.0,400904.0,400000.0,400233.0,0.593671
1763222400,400233.0,400233.0,398001.0,399242.0,0.85822
1763226000,399720.0,400419.0,398333.0,400028.0,0.044039
1763229600,399581.0,400161.0,398542.0,399006.0,0.120395
1763233200,399244.0,399586.0,398429.0,399068.0,0.017712
1763236800,399216.0,399216.0,395556.0,395558.0,0.316324
1763240400,396023.0,397701.0,395557.0,395983.0,0.354962
1763244000,396335.0,397926.0,395997.0,397004.0,0.204607
1763247600,397542.0,397759.0,396840.0,397372.0,0.270675
1763251200,397414.0,398093.0,395622.0,396960.0,1.150964
1763254800,396960.0,397082.0,394601.0,396631.0,1.561614
1763258400,396130.0,398162.0,395568.0,398162.0,0.648161
1763262000,398558.0,398613.0,397335.0,398224.0,0.698306
1763265600,398224.0,398490.0,397678.0,398225.0,0.457125
1763269200,398226.0,399416.0,398226.0,398714.0,0.609773
1763272800,398714.0,399110.0,398500.0,398500.0,0.367323
1763276400,398500.0,399300.0,398268.0,399300.0,0.3243
1763280000,399300.0,399693.0,398852.0,399470.0,0.363904
1763283600,399573.0,400998.0,398855.0,400998.0,0.925786
1763287200,400998.0,400998.0,398098.0,400802.0,1.565826
1763290800,400802.0,400802.0,397145.0,397472.0,0.763842
1763294400,397472.0,401000.0,397471.0,398001.0,1.83516
1763298000,398002.0,398336.0,396800.0,396963.0,0.913228
1763301600,396963.0,397563.0,396560.0,397343.0,1.437746
1763305200,397342.0,397342.0,393000.0,393000.0,1.445804
1763308800,393102.0,394691.0,392000.0,392500.0,2.242164
1763312400,392500.0,393688.0,391460.0,392927.0,2.736866
1763316000,392927.0,397561.0,391000.0,391221.0,1.450724
1763319600,391221.0,393367.0,391000.0,391001.0,1.171223
1763323200,391001.0,393523.0,391000.0,391563.0,1.098758
1763326800,391501.0,391501.0,390000.0,390000.0,2.951694
1763330400,390000.0,393460.0,389000.0,392310.0,3.84822
1763334000,392273.0,393344.0,388220.0,392442.0,3.318595
1763337600,392441.0,396000.0,390355.0,395783.0,2.173522
1763341200,396309.0,396966.0,394111.0,394111.0,1.366963
1763344800,394111.0,396310.0,394005.0,394751.0,1.158706
1763348400,394751.0,397168.0,394751.0,396958.0,0.892755
1763352000,397131.0,397308.0,394822.0,395970.0,0.89992
1763355600,395970.0,396359.0,395172.0,395918.0,0.518931
1763359200,395934.0,396796.0,395071.0,396709.0,0.976962
1763362800,396539.0,398982.0,396503.0,398070.0,0.68709
1763366400,398072.0,399000.0,396319.0,397441.0,3.517067
1763370000,397443.0,398212.0,396206.0,397465.0,0.315114
1763373600,397465.0,397980.0,396875.0,397001.0,0.514889
1763377200,397001.0,397957.0,396201.0,396520.0,0.334075
1763380800,396485.0,396527.0,395504.0,395504.0,0.711768
1763384400,395504.0,395504.0,388000.0,389893.0,5.096464
1763388000,389892.0,398001.0,389551.0,393316.0,1.539395
1763391600,393325.0,394099.0,390005.0,390005.0,1.243858
1763395200,390005.0,392464.0,387811.0,391862.0,1.977993
1763398800,392096.0,392096.0,387000.0,387001.0,1.714558
1763402400,387001.0,387813.0,386001.0,386039.0,2.337122
1763406000,386039.0,386215.0,382901.0,382901.0,7.432467
1763409600,382901.0,384454.0,381805.0,383777.0,1.706588
1763413200,384066.0,384571.0,382092.0,383606.0,1.15578
1763416800,383606.0,384999.0,383002.0,384909.0,1.615506
1763420400,384538.0,384706.0,380750.0,383999.0,2.6824
1763424000,383999.0,384988.0,381004.0,384370.0,1.704751
1763427600,384387.0,384833.0,383039.0,383678.0,1.156293
1763431200,383677.0,383881.0,380100.0,380101.0,2.310627
1763434800,380118.0,381195.0,377223.0,380981.0,6.562484
1763438400,380981.0,380981.0,375377.0,377899.0,4.091895
1763442000,377899.0,378000.0,376002.0,377901.0,4.130092
1763445600,377901.0,377901.0,375375.0,375958.0,2.492454
1763449200,375957.0,378947.0,375000.0,378686.0,4.305001
1763452800,378686.0,381961.0,375740.0,381169.0,4.382833
1763456400,381378.0,381979.0,379472.0,381705.0,2.049644
1763460000,381964.0,382754.0,381006.0,382535.0,2.315972
1763463600,382535.0,382535.0,381001.0,381956.0,1.125071
1763467200,382262.0,382500.0,380888.0,381521.0,2.69351
1763470800,381496.0,381999.0,379135.0,381255.0,0.486928
1763474400,381242.0,384979.0,379578.0,381101.0,1.890055
1763478000,381100.0,387695.0,379345.0,386956.0,3.25829
1763481600,386958.0,390000.0,385485.0,389244.0,2.278654
1763485200,389162.0,389910.0,386662.0,388349.0,0.403612
1763488800,388295.0,389827.0,387366.0,388607.0,0.615427
1763492400,388606.0,389377.0,387466.0,387507.0,0.211662
1763496000,387885.0,388488.0,386002.0,386832.0,0.473971
1763499600,386266.0,386987.0,386000.0,386000.0,0.359327
1763503200,386001.0,389225.0,386000.0,388059.0,0.91258
1763506800,388058.0,388059.0,386270.0,387733.0,0.611611
1763510400,387680.0,387680.0,383272.0,385019.0,0.885045
1763514000,385001.0,385276.0,383501.0,384603.0,1.025571
1763517600,384739.0,386180.0,384317.0,385402.0,0.662827
1763521200,385401.0,385425.0,382441.0,383498.0,1.72375
1763524800,383218.0,383382.0,381000.0,381000.0,0.923881
1763528400,380896.0,380896.0,376008.0,376998.0,1.972724
1763532000,376997.0,379544.0,376196.0,379317.0,2.606084
1763535600,379318.0,383100.0,379317.0,382752.0,0.916655
1763539200,382752.0,382808.0,380530.0,380891.0,0.908623
1763542800,380891.0,381179.0,380000.0,381179.0,0.734508
1763546400,381179.0,381968.0,380272.0,380322.0,0.616654
1763550000,380322.0,381924.0,380321.0,380806.0,0.427708
1763553600,380806.0,382624.0,380100.0,382264.0,3.023013
1763557200,382264.0,382586.0,380900.0,380901.0,1.110043
1763560800,381013.0,383036.0,380101.0,382308.0,2.013354
1763564400,382557.0,385000.0,375500.0,375501.0,2.784286
1763568000,375501.0,376157.0,373602.0,375000.0,4.28965
1763571600,375000.0,375536.0,371591.0,373609.0,1.822288
1763575200,373232.0,373851.0,370800.0,372125.0,1.096472
1763578800,372125.0,372674.0,370072.0,371248.0,1.091439
1763582400,370723.0,373822.0,370099.0,373438.0,0.841015
1763586000,373376.0,378430.0,373200.0,377635.0,0.540958
1763589600,377552.0,377695.0,375701.0,377078.0,0.346991
1763593200,377144.0,381652.0,377144.0,381570.0,1.080164
1763596800,381416.0,384552.0,380163.0,383345.0,2.177589
1763600400,383328.0,386229.0,383267.0,385998.0,1.29678
1763604000,385998.0,386999.0,385759.0,386617.0,0.875528
1763607600,386618.0,386999.0,386002.0,386356.0,0.662411
1763611200,386196.0,388000.0,385134.0,388000.0,1.255913
1763614800,388000.0,388887.0,386591.0,386908.0,1.214281
1763618400,386908.0,388030.0,382653.0,383078.0,2.610991
1763622000,383329.0,384547.0,382542.0,384511.0,0.89834
1763625600,384512.0,384589.0,381089.0,383079.0,1.539728
1763629200,383090.0,383152.0,380554.0,382216.0,0.463204
1763632800,382283.0,382997.0,380679.0,381712.0,0.69629
1763636400,381707.0,382613.0,381000.0,382344.0,0.507695
1763640000,382306.0,382672.0,381341.0,381701.0,0.611023
1763643600,381719.0,382889.0,381001.0,381002.0,1.216295
1763647200,381001.0,381019.0,377014.0,379455.0,3.031118
1763650800,379455.0,379455.0,375011.0,375236.0,2.232751
1763654400,375010.0,375010.0,368000.0,368002.0,6.854081
1763658000,368001.0,369161.0,363000.0,366240.0,5.142406
1763661600,365916.0,368539.0,363000.0,363566.0,1.791978
1763665200,363319.0,365935.0,362007.0,363999.0,1.962631
1763668800,363998.0,364000.0,361501.0,361501.0,1.579963
1763672400,361503.0,366145.0,361503.0,365001.0,2.025026
1763676000,365001.0,368000.0,364235.0,367976.0,1.343574
1763679600,367976.0,367999.0,362414.0,362415.0,2.396532
1763683200,362415.0,365000.0,360988.0,364001.0,3.796276
1763686800,364001.0,364001.0,360235.0,362112.0,4.531552
1763690400,362108.0,362108.0,356201.0,356201.0,5.467935
1763694000,356202.0,357860.0,353000.0,356048.0,6.600037
1763697600,356048.0,357353.0,350651.0,357137.0,6.362704
1763701200,357136.0,358439.0,356682.0,357748.0,2.122366
1763704800,357748.0,357835.0,353573.0,355429.0,2.724993
1763708400,355325.0,355422.0,345000.0,349498.0,12.250778
1763712000,349498.0,352000.0,348002.0,348101.0,6.337474
1763715600,348101.0,348999.0,341669.0,342004.0,5.563236
1763719200,342003.0,344621.0,340000.0,343872.0,5.832903
1763722800,343873.0,346885.0,342451.0,342698.0,3.779796
1763726400,342698.0,347850.0,337000.0,346269.0,11.629623
1763730000,346269.0,351248.0,346158.0,350904.0,4.675837
1763733600,350903.0,356627.0,348888.0,355225.0,6.396425
1763737200,355225.0,355585.0,346159.0,346160.0,5.772528
1763740800,346160.0,353798.0,344472.0,353774.0,4.023457
1763744400,353924.0,356468.0,352960.0,354161.0,3.178901
1763748000,354130.0,354130.0,346971.0,352848.0,1.008357
1763751600,352863.0,354283.0,350728.0,351008.0,1.024774
1763755200,351008.0,352938.0,348319.0,352225.0,0.86558
1763758800,352889.0,356001.0,352080.0,355735.0,0.840575
1763762400,355496.0,356001.0,352211.0,352250.0,0.534564
1763766000,352044.0,355981.0,351147.0,355443.0,0.873135
1763769600,355443.0,357000.0,353001.0,353618.0,1.302946
1763773200,353619.0,355304.0,353002.0,355043.0,1.241767
1763776800,355059.0,355199.0,351901.0,352589.0,1.572827
1763780400,352589.0,353034.0,351573.0,352405.0,1.129806
1763784000,352405.0,352829.0,350000.0,351506.0,1.097285
1763787600,351507.0,351869.0,350101.0,351414.0,0.738874
1763791200,351469.0,353627.0,350925.0,352898.0,1.095908
1763794800,352875.0,353183.0,352127.0,352921.0,1.335721
1763798400,352881.0,352881.0,350501.0,350739.0,1.163185
1763802000,350740.0,352004.0,347991.0,350255.0,2.35923
1763805600,350349.0,351433.0,348800.0,349453.0,1.406117
1763809200,349380.0,351954.0,348945.0,351459.0,0.983588
1763812800,351276.0,351276.0,349254.0,350000.0,1.296994
1763816400,350000.0,351039.0,349474.0,350523.0,1.22418
1763820000,350574.0,354999.0,350574.0,352565.0,2.601092
1763823600,352567.0,352674.0,350204.0,351486.0,1.981342
1763827200,351486.0,353891.0,351381.0,353393.0,0.302248
1763830800,353269.0,353378.0,352302.0,352885.0,0.200431
1763834400,352842.0,353652.0,352341.0,352992.0,1.450242
1763838000,352899.0,353541.0,352501.0,352809.0,0.065505
1763841600,352892.0,353807.0,351807.0,351807.0,0.48712
1763845200,351961.0,352354.0,351445.0,351685.0,0.034521
1763848800,351658.0,354999.0,351384.0,354974.0,0.491279
1763852400,354868.0,354954.0,353001.0,353002.0,0.201532
1763856000,353002.0,355000.0,353002.0,354301.0,0.681711
1763859600,354301.0,358853.0,354301.0,358174.0,1.937681
1763863200,357711.0,360000.0,357600.0,359169.0,4.465259
1763866800,359131.0,359998.0,358096.0,359998.0,2.012377
1763870400,359998.0,361997.0,359932.0,361271.0,4.872124
1763874000,361271.0,361271.0,359133.0,360439.0,1.074579
1763877600,360449.0,360998.0,358556.0,358748.0,2.194399
1763881200,358749.0,358893.0,357264.0,358150.0,0.94484
1763884800,358150.0,359827.0,358150.0,359795.0,1.946151
1763888400,359698.0,360999.0,359437.0,360931.0,1.58904
1763892000,360933.0,360979.0,360002.0,360002.0,0.879374
1763895600,360002.0,360999.0,359002.0,360483.0,1.063593
1763899200,360812.0,362867.0,360558.0,361348.0,1.28259
1763902800,361486.0,362659.0,360999.0,362659.0,1.985834
1763906400,362660.0,363965.0,362000.0,362052.0,1.769906
1763910000,362052.0,364741.0,362050.0,364377.0,1.152377
1763913600,364377.0,365658.0,363080.0,363081.0,1.951736
1763917200,363080.0,363588.0,362417.0,362615.0,0.898367
1763920800,362615.0,364840.0,362615.0,363718.0,0.312178
1763924400,363553.0,366299.0,363553.0,365215.0,0.41928
1763928000,365333.0,366299.0,365088.0,365578.0,0.26846
1763931600,365369.0,366580.0,364712.0,366580.0,1.145682
1763935200,366580.0,367781.0,365733.0,367748.0,1.265159
1763938800,367857.0,367857.0,362539.0,362664.0,0.912591
1763942400,362665.0,363808.0,358979.0,361897.0,3.674669
1763946000,361898.0,362675.0,360116.0,362501.0,1.215097
1763949600,362501.0,366512.0,362501.0,363828.0,1.756291
1763953200,363830.0,365200.0,362990.0,363155.0,2.233277
1763956800,363155.0,364062.0,360000.0,360631.0,0.913559
1763960400,360380.0,364999.0,358888.0,363214.0,3.363604
1763964000,363400.0,363400.0,361003.0,361226.0,0.825221
1763967600,361179.0,362937.0,360505.0,361998.0,0.63871
1763971200,361997.0,362047.0,361002.0,361780.0,0.558493
1763974800,361779.0,361779.0,357904.0,358004.0,1.613003
1763978400,358003.0,358935.0,357201.0,358629.0,1.582012
1763982000,358589.0,359948.0,357837.0,359259.0,0.525073
1763985600,359243.0,359244.0,350000.0,358043.0,3.709447
1763989200,358040.0,359992.0,357728.0,358315.0,0.93118
1763992800,358315.0,360064.0,354409.0,357066.0,2.328372
1763996400,357758.0,359998.0,357419.0,359379.0,1.519715
1764000000,359499.0,363400.0,359499.0,362013.0,1.564218
1764003600,362044.0,366500.0,361002.0,366500.0,1.155468
1764007200,366500.0,367952.0,366080.0,367922.0,1.007511
1764010800,367762.0,368000.0,365829.0,366074.0,1.294247
1764014400,366074.0,369000.0,366074.0,369000.0,1.053857
1764018000,368999.0,369310.0,367710.0,368304.0,0.894064
1764021600,368305.0,369178.0,367811.0,368001.0,0.935448
1764025200,368002.0,368002.0,366123.0,366123.0,1.000215
1764028800,366122.0,366122.0,365000.0,365139.0,1.851886
1764032400,365011.0,365219.0,364000.0,364000.0,1.228259
1764036000,364001.0,364001.0,361266.0,363297.0,1.95656
1764039600,363594.0,363967.0,362409.0,363337.0,1.140501
1764043200,363351.0,366242.0,363012.0,366236.0,1.57947
1764046800,366236.0,366236.0,364090.0,364932.0,0.777833
1764050400,364932.0,364998.0,364109.0,364762.0,0.545797
1764054000,364762.0,364970.0,363000.0,363001.0,0.869296
1764057600,363001.0,363679.0,362002.0,362002.0,1.126109
1764061200,362001.0,362032.0,360618.0,362031.0,1.073817
1764064800,362033.0,362931.0,361027.0,362931.0,0.402119
1764068400,363019.0,363220.0,362204.0,362602.0,1.868656
1764072000,362137.0,363941.0,362137.0,363102.0,1.086126
1764075600,363102.0,363985.0,360873.0,361503.0,0.738846
1764079200,361557.0,362110.0,358001.0,360054.0,2.22047
1764082800,360001.0,362289.0,358089.0,361025.0,1.155717
1764086400,361017.0,362106.0,360477.0,361317.0,0.304425
1764090000,361596.0,365721.0,361407.0,363519.0,0.624132
1764093600,363482.0,364488.0,362140.0,362140.0,0.317944
1764097200,362036.0,362036.0,358266.0,360383.0,0.311126
1764100800,360790.0,362915.0,360028.0,362899.0,0.074024
1764104400,362886.0,362886.0,361239.0,361241.0,0.045761
1764108000,361240.0,364014.0,359810.0,364014.0,0.350802
1764111600,364014.0,364415.0,362701.0,362701.0,0.332383
1764115200,362702.0,363634.0,362700.0,362838.0,0.826815
1764118800,362814.0,364956.0,362260.0,364000.0,0.87595
1764122400,364001.0,364178.0,363178.0,363293.0,0.677464
1764126000,363292.0,364045.0,360855.0,360993.0,0.606176
1764129600,360863.0,361751.0,360002.0,361142.0,0.528793
1764133200,361055.0,363403.0,361001.0,362301.0,0.568399
1764136800,362301.0,363630.0,362058.0,363204.0,0.72993
1764140400,363305.0,363999.0,363000.0,363998.0,0.754226
1764144000,363999.0,363999.0,362551.0,362551.0,0.50945
1764147600,362551.0,362551.0,360483.0,360484.0,0.549548
1764151200,360484.0,361630.0,360300.0,360753.0,1.31139
1764154800,360540.0,361477.0,360347.0,361477.0,0.333336
1764158400,361476.0,361770.0,359010.0,359714.0,2.09797
1764162000,359604.0,361546.0,359345.0,361546.0,0.565293
1764165600,361545.0,363916.0,360755.0,360755.0,1.126198
1764169200,360755.0,362746.0,360754.0,361106.0,0.759861
1764172800,361054.0,364854.0,361054.0,364698.0,1.299015
1764176400,364698.0,372554.0,364223.0,372554.0,1.932592
1764180000,372555.0,374922.0,372001.0,373555.0,2.040254
1764183600,373359.0,373556.0,371866.0,372681.0,0.795016
1764187200,372465.0,373513.0,370821.0,372291.0,0.72525
1764190800,372351.0,374055.0,371795.0,373378.0,0.81204
1764194400,373378.0,374569.0,373194.0,373851.0,0.902093
1764198000,374310.0,375557.0,374081.0,375209.0,1.968886
1764201600,375267.0,375267.0,373100.0,374377.0,2.137726
1764205200,374360.0,376568.0,374353.0,376568.0,1.847274
1764208800,376568.0,379875.0,375662.0,378000.0,2.043058
1764212400,377785.0,379000.0,377001.0,377080.0,2.010372
1764216000,377009.0,377879.0,377000.0,377734.0,1.317323
1764219600,377733.0,378744.0,377176.0,377187.0,1.948487
1764223200,377187.0,378497.0,377176.0,377533.0,1.65459
1764226800,377533.0,378283.0,377229.0,378283.0,0.715737
1764230400,378283.0,378283.0,378103.0,378283.0,0.640481
1764234000,378283.0,380000.0,378282.0,379221.0,2.5518
1764237600,379222.0,379927.0,379000.0,379877.0,1.118919
1764241200,379796.0,379797.0,379012.0,379102.0,0.735343
1764244800,379102.0,379287.0,378101.0,378102.0,1.160982
1764248400,378101.0,378102.0,376000.0,377271.0,1.507998
1764252000,377271.0,377561.0,376458.0,376821.0,0.754097
1764255600,376822.0,377868.0,376571.0,377868.0,1.023473
1764259200,377588.0,379829.0,377379.0,379650.0,0.594538
1764262800,379637.0,379920.0,379250.0,379662.0,0.657724
1764266400,379659.0,380817.0,379241.0,380816.0,0.433895
1764270000,380804.0,380816.0,379982.0,379996.0,0.02917
1764273600,379995.0,379995.0,379569.0,379570.0,0.12629
1764277200,379569.0,379570.0,379240.0,379569.0,0.241418
1764280800,379569.0,379769.0,378506.0,378633.0,0.613591
1764284400,378838.0,379861.0,378814.0,378814.0,0.658063
1764288000,378815.0,378815.0,378174.0,378175.0,0.932885
1764291600,378175.0,378175.0,377001.0,377001.0,1.431276
1764295200,377001.0,377500.0,376473.0,377397.0,1.182084
1764298800,377397.0,377980.0,376000.0,377503.0,0.978061
1764302400,377502.0,378998.0,377501.0,378664.0,0.520674
1764306000,378347.0,379310.0,378236.0,379229.0,0.525407
1764309600,379229.0,379229.0,378120.0,378501.0,1.557183
1764313200,378501.0,378998.0,376921.0,376921.0,0.911756
1764316800,376920.0,379199.0,376792.0,379199.0,1.326787
1764320400,379200.0,379978.0,378530.0,378851.0,1.341017
1764324000,378844.0,379998.0,378479.0,379990.0,0.567028
1764327600,379957.0,380000.0,377322.0,378517.0,0.633927
1764331200,378400.0,379596.0,378342.0,378892.0,0.35335
1764334800,378892.0,383227.0,378809.0,382489.0,1.267733
1764338400,382489.0,385000.0,380583.0,382125.0,1.26622
1764342000,382126.0,384362.0,381516.0,382386.0,1.175714
1764345600,382457.0,382724.0,377873.0,377874.0,1.676542
1764349200,377873.0,377972.0,375000.0,375698.0,2.042412
1764352800,375643.0,377223.0,375368.0,376757.0,0.50445
1764356400,376757.0,378833.0,376757.0,378833.0,0.115842
1764360000,377700.0,378390.0,377506.0,378390.0,0.17538
1764363600,378693.0,378693.0,377859.0,377859.0,0.246359
1764367200,377655.0,378100.0,376833.0,377975.0,0.147114
1764370800,377911.0,378347.0,377462.0,377630.0,0.225441
1764374400,377630.0,377818.0,377245.0,377413.0,0.532556
1764378000,377548.0,378180.0,377400.0,377512.0,0.508805
1764381600,377512.0,377532.0,376401.0,376998.0,0.59155
1764385200,376999.0,377100.0,376205.0,376640.0,1.501958
1764388800,376640.0,377152.0,376364.0,377151.0,0.486472
1764392400,377151.0,377480.0,376998.0,376998.0,0.270577
1764396000,376999.0,376999.0,375418.0,375625.0,0.76054
1764399600,375625.0,375715.0,375419.0,375700.0,0.157396
1764403200,375563.0,375719.0,375420.0,375702.0,0.636364
1764406800,375702.0,375719.0,375546.0,375704.0,0.506247
1764410400,375703.0,375719.0,375526.0,375671.0,0.600357
1764414000,375671.0,375720.0,375533.0,375720.0,0.372123
1764417600,375719.0,376793.0,375719.0,376199.0,0.92555
1764421200,376197.0,376881.0,376053.0,376876.0,0.357903
1764424800,376876.0,376876.0,376294.0,376294.0,0.424417
1764428400,376347.0,378004.0,376346.0,378004.0,0.346186
1764432000,377830.0,378748.0,377379.0,377816.0,0.743134
1764435600,377817.0,377824.0,376000.0,376000.0,0.716601
1764439200,375829.0,376661.0,375000.0,376571.0,0.445164
1764442800,376572.0,376997.0,376126.0,376332.0,0.073655
1764446400,376332.0,377697.0,375602.0,377697.0,0.02194
1764450000,377743.0,378028.0,376948.0,377747.0,0.081344
1764453600,377748.0,377748.0,376645.0,377010.0,0.142562
1764457200,377010.0,377216.0,377009.0,377012.0,0.070003
1764460800,377012.0,377653.0,377012.0,377242.0,0.308935
1764464400,377242.0,378001.0,377242.0,377628.0,0.211251
1764468000,377629.0,377990.0,377284.0,377285.0,0.413013
1764471600,377284.0,377586.0,375823.0,377579.0,0.602844
1764475200,377578.0,377786.0,377138.0,377301.0,0.219803
1764478800,377300.0,377301.0,376937.0,377182.0,0.365011
1764482400,377104.0,377524.0,376811.0,377447.0,0.386906
1764486000,377330.0,377781.0,377315.0,377554.0,0.267902
1764489600,377554.0,378909.0,377000.0,378236.0,1.034496
1764493200,378236.0,379985.0,378158.0,379135.0,0.272009
1764496800,379136.0,379459.0,379001.0,379002.0,0.402279
1764500400,379001.0,379362.0,378102.0,378225.0,1.486151
1764504000,378225.0,379999.0,378225.0,379801.0,0.635381
1764507600,379801.0,381952.0,379800.0,381138.0,1.337557
1764511200,381138.0,381183.0,379279.0,379554.0,0.720091
1764514800,379553.0,380758.0,379226.0,379918.0,0.554963
1764518400,379903.0,381477.0,379819.0,381048.0,0.584446
1764522000,380731.0,380731.0,379177.0,379747.0,0.609119
1764525600,379719.0,379719.0,378722.0,379007.0,0.107567
1764529200,379007.0,379768.0,379001.0,379453.0,0.023962
1764532800,379452.0,379819.0,379000.0,379000.0,0.383041
1764536400,378927.0,378927.0,377870.0,378569.0,0.40452
1764540000,378770.0,379239.0,378459.0,378587.0,0.220257
1764543600,379058.0,379058.0,375502.0,375502.0,1.294037
1764547200,375501.0,375501.0,360998.0,360999.0,10.068075
1764550800,360998.0,363519.0,360147.0,361889.0,3.167981
1764554400,361889.0,362855.0,355436.0,359203.0,7.027874
1764558000,359263.0,359996.0,345000.0,357937.0,8.192066
1764561600,357415.0,357614.0,354855.0,355235.0,2.132784
1764565200,355242.0,356294.0,355001.0,356294.0,1.385498
1764568800,356056.0,357974.0,356056.0,357581.0,1.331417
1764572400,357581.0,358670.0,356644.0,358546.0,2.90803
1764576000,358546.0,359861.0,358545.0,359828.0,5.519835
1764579600,359101.0,359986.0,358950.0,359352.0,0.880658
1764583200,359371.0,359402.0,359001.0,359083.0,0.681493
1764586800,359082.0,359099.0,357335.0,357335.0,1.189757
1764590400,357335.0,357383.0,351232.0,354362.0,2.233126
1764594000,354361.0,357089.0,353835.0,356474.0,1.325136
1764597600,356474.0,358668.0,356059.0,356612.0,1.345296
1764601200,356603.0,356603.0,345000.0,351007.0,4.229311
1764604800,351007.0,354019.0,348028.0,350517.0,1.089962
1764608400,350534.0,353581.0,350534.0,352472.0,1.86426
1764612000,352453.0,354524.0,351679.0,353652.0,0.093154
1764615600,353632.0,353678.0,351278.0,352710.0,0.169435
1764619200,353298.0,355954.0,353298.0,354357.0,0.095661
1764622800,354357.0,358704.0,354357.0,358540.0,0.186319
1764626400,358908.0,359999.0,358195.0,359346.0,0.508911
1764630000,359590.0,359949.0,358142.0,358181.0,0.406858
1764633600,358183.0,359522.0,358002.0,358888.0,1.182028
1764637200,358888.0,361998.0,358428.0,358439.0,2.042043
1764640800,358455.0,359872.0,358170.0,358917.0,0.863075
1764644400,358917.0,361132.0,358001.0,360640.0,0.860969
1764648000,360724.0,361831.0,360402.0,360749.0,0.758464
1764651600,360672.0,360958.0,360141.0,360714.0,0.619297
1764655200,360829.0,361519.0,360474.0,361420.0,1.052375
1764658800,361420.0,361420.0,360694.0,361123.0,1.202835
1764662400,361122.0,361166.0,358599.0,358600.0,1.036973
1764666000,358599.0,360642.0,358009.0,359830.0,0.740621
1764669600,359830.0,362972.0,359829.0,362131.0,0.664904
1764673200,362130.0,362950.0,360898.0,362241.0,0.302194
1764676800,362325.0,362898.0,362027.0,362290.0,1.291798
1764680400,362291.0,364443.0,361642.0,364442.0,1.449533
1764684000,364032.0,370000.0,363632.0,370000.0,3.641493
1764687600,370000.0,377869.0,370000.0,377403.0,4.442677
1764691200,377403.0,377999.0,374812.0,376203.0,3.429082
1764694800,376066.0,380500.0,374739.0,378678.0,1.843711
1764698400,378678.0,381762.0,378678.0,380420.0,0.743771
1764702000,380499.0,381768.0,380372.0,380372.0,0.263139
1764705600,380372.0,380372.0,375618.0,376829.0,0.542127
1764709200,376579.0,379795.0,376579.0,379245.0,1.363091
1764712800,379245.0,380816.0,379059.0,380816.0,1.616213
1764716400,380407.0,380578.0,378300.0,378300.0,1.313687
1764720000,378001.0,378977.0,375756.0,378388.0,0.84281
1764723600,378876.0,381000.0,378036.0,380653.0,1.075868
1764727200,380653.0,383217.0,380172.0,382752.0,1.959053
1764730800,382752.0,383000.0,382072.0,382617.0,0.954924
1764734400,382382.0,384800.0,382382.0,384637.0,0.970697
1764738000,384798.0,385859.0,384030.0,385859.0,1.25758
1764741600,385859.0,387126.0,385000.0,385377.0,2.015391
1764745200,385378.0,385482.0,383583.0,383881.0,1.858558
1764748800,383882.0,384501.0,383000.0,383001.0,1.552461
1764752400,383001.0,384494.0,383000.0,384494.0,0.473605
1764756000,384494.0,385235.0,383306.0,383306.0,1.152417
1764759600,383305.0,383710.0,382945.0,383492.0,0.582512
1764763200,383507.0,383797.0,382843.0,383486.0,0.595139
1764766800,383278.0,384908.0,383096.0,384582.0,0.928572
1764770400,384582.0,385543.0,379004.0,381585.0,4.118738
1764774000,381521.0,383253.0,379017.0,381003.0,0.911943
1764777600,381005.0,383212.0,377703.0,380601.0,2.779702
1764781200,380600.0,383693.0,379184.0,383077.0,1.380477
1764784800,383198.0,385733.0,381569.0,381782.0,0.58009
1764788400,382485.0,383828.0,381421.0,383828.0,0.027213
1764792000,382991.0,384112.0,382693.0,382693.0,0.047039
1764795600,382657.0,385785.0,382657.0,385519.0,0.3796
1764799200,385629.0,386555.0,384810.0,386128.0,1.401404
1764802800,386383.0,386887.0,376000.0,384648.0,2.488718
1764806400,384576.0,384895.0,381209.0,382785.0,0.500443
1764810000,382787.0,385000.0,382655.0,383578.0,0.949965
1764813600,383578.0,385998.0,383212.0,385997.0,2.462071
1764817200,385998.0,386000.0,384007.0,384267.0,0.571321
1764820800,384673.0,384722.0,383187.0,383188.0,0.673432
1764824400,383187.0,383187.0,381400.0,381706.0,0.789364
1764828000,381705.0,382993.0,381394.0,382085.0,1.239041
1764831600,382129.0,382999.0,381684.0,382999.0,0.394322
1764835200,382999.0,383887.0,382000.0,382583.0,1.207542
1764838800,382698.0,384131.0,382395.0,383468.0,0.401681
1764842400,383301.0,383809.0,382502.0,382721.0,0.554427
1764846000,382539.0,382925.0,381032.0,381500.0,0.777079
1764849600,381500.0,382509.0,381500.0,382023.0,0.825237
1764853200,381986.0,381986.0,380289.0,380401.0,0.826437
1764856800,380400.0,380980.0,378176.0,378177.0,2.034894
1764860400,378176.0,382511.0,378176.0,382262.0,0.926528
1764864000,382158.0,382882.0,379494.0,380127.0,2.157743
1764867600,380127.0,380518.0,378082.0,380000.0,0.411028
1764871200,379928.0,380000.0,378488.0,378488.0,0.284933
1764874800,378488.0,379004.0,375000.0,378759.0,0.881145
1764878400,379167.0,380647.0,378002.0,380647.0,0.171188
1764882000,380318.0,381121.0,379321.0,379322.0,0.146099
1764885600,379381.0,380497.0,379381.0,380393.0,0.148071
1764889200,380217.0,380483.0,379588.0,379588.0,0.268279
1764892800,379589.0,380980.0,379587.0,380159.0,0.245283
1764896400,380159.0,381635.0,380106.0,380720.0,0.522275
1764900000,380720.0,381500.0,380125.0,381494.0,0.432364
1764903600,381493.0,381496.0,379750.0,379751.0,0.727325
1764907200,379751.0,380429.0,378680.0,378681.0,1.262917
1764910800,378680.0,379788.0,378600.0,378601.0,1.018883
1764914400,378601.0,379348.0,378497.0,379199.0,0.526587
1764918000,379199.0,379949.0,379001.0,379002.0,0.357174
1764921600,379002.0,379110.0,378333.0,378334.0,0.299364
1764925200,378334.0,378341.0,375000.0,375000.0,0.790036
1764928800,375001.0,376567.0,375001.0,376096.0,0.518246
1764932400,376096.0,376964.0,375428.0,375986.0,0.753392
1764936000,375986.0,375986.0,375240.0,375399.0,0.63798
1764939600,375398.0,375995.0,372132.0,373042.0,2.479752
1764943200,373042.0,373841.0,371001.0,371879.0,2.247064
1764946800,371881.0,376836.0,371880.0,373149.0,2.892274
1764950400,373145.0,373146.0,364519.0,367251.0,2.774012
1764954000,367250.0,368934.0,366175.0,368486.0,0.5955
1764957600,368486.0,370415.0,367186.0,367186.0,0.838881
1764961200,367185.0,370738.0,367000.0,370076.0,0.18076
1764964800,369878.0,370355.0,368601.0,368726.0,0.227156
1764968400,368622.0,369384.0,368500.0,368500.0,1.853561
1764972000,368501.0,369041.0,367463.0,368826.0,0.758682
1764975600,368764.0,369492.0,367635.0,369492.0,0.264064
1764979200,369183.0,369692.0,368151.0,369550.0,0.516386
1764982800,369656.0,369931.0,369000.0,369148.0,0.713795
1764986400,369157.0,369346.0,368770.0,369232.0,0.42101
1764990000,369232.0,371118.0,369231.0,370701.0,0.90655
1764993600,370701.0,370715.0,370219.0,370625.0,0.282081
1764997200,370625.0,370684.0,370108.0,370389.0,0.138449
1765000800,370385.0,371085.0,370052.0,370720.0,0.242071
1765004400,370720.0,370807.0,370102.0,370295.0,0.353772
1765008000,370307.0,370474.0,368883.0,369176.0,0.717104
1765011600,369176.0,370580.0,369129.0,370260.0,0.351175
1765015200,370209.0,370652.0,370001.0,370010.0,0.535116
1765018800,370010.0,370760.0,370009.0,370381.0,0.130682
1765022400,370381.0,370486.0,370171.0,370398.0,0.341604
1765026000,370398.0,370760.0,370397.0,370585.0,0.427752
1765029600,370585.0,373000.0,370584.0,372139.0,0.932883
1765033200,372139.0,372286.0,370295.0,371603.0,0.852421
1765036800,371048.0,372069.0,371048.0,371221.0,0.309917
1765040400,371221.0,371419.0,370354.0,370872.0,0.443483
1765044000,370993.0,371243.0,370461.0,370636.0,0.376255
1765047600,370995.0,371028.0,369466.0,369721.0,0.459872
1765051200,370007.0,370365.0,369485.0,370365.0,0.072559
1765054800,370325.0,370365.0,369773.0,370001.0,0.002937
1765058400,369760.0,370048.0,369212.0,369414.0,0.052964
1765062000,369213.0,369349.0,367905.0,369003.0,0.498688
1765065600,369000.0,370256.0,368495.0,370112.0,0.375328
1765069200,369903.0,370300.0,369346.0,369346.0,0.148405
1765072800,369368.0,370708.0,369368.0,370697.0,0.383714
1765076400,370678.0,371039.0,370366.0,370870.0,0.290841
1765080000,371016.0,371025.0,370030.0,370172.0,0.519749
1765083600,370173.0,370173.0,369690.0,369996.0,0.848279
1765087200,369996.0,370707.0,369944.0,370343.0,0.416395
1765090800,370977.0,370977.0,368768.0,369240.0,0.371287
1765094400,369430.0,369955.0,368782.0,369201.0,0.202713
1765098000,369201.0,369435.0,368386.0,368427.0,0.314627
1765101600,368427.0,369429.0,368426.0,368978.0,0.351532
1765105200,368968.0,369169.0,368535.0,368550.0,0.155461
1765108800,368550.0,370273.0,368500.0,369767.0,0.166272
1765112400,369861.0,370037.0,367000.0,368020.0,0.635514
1765116000,368021.0,368284.0,362976.0,364896.0,2.696158
1765119600,364697.0,370418.0,364533.0,369963.0,0.993447
1765123200,369599.0,371000.0,368191.0,371000.0,0.69141
1765126800,371098.0,376960.0,370586.0,375651.0,0.422025
1765130400,375491.0,378549.0,375491.0,377276.0,0.208825
1765134000,377311.0,378165.0,376623.0,376909.0,0.446937
1765137600,376910.0,377556.0,376910.0,377348.0,0.145148
1765141200,377088.0,377220.0,371840.0,372354.0,0.229569
1765144800,372086.0,372399.0,367756.0,370115.0,0.293626
1765148400,370115.0,373225.0,369926.0,373225.0,0.535065
1765152000,373230.0,373781.0,371498.0,373301.0,0.807204
1765155600,373143.0,377998.0,372879.0,375147.0,0.810158
1765159200,375110.0,377026.0,374822.0,376734.0,0.252882
1765162800,376679.0,376906.0,375257.0,375436.0,0.982737
1765166400,375680.0,377099.0,375400.0,375942.0,0.983939
1765170000,375942.0,376891.0,375399.0,375914.0,0.938831
1765173600,376106.0,377378.0,375780.0,376334.0,0.90813
1765177200,376333.0,377701.0,375876.0,376549.0,0.734288
1765180800,376655.0,378001.0,376412.0,377833.0,1.039009
1765184400,377778.0,379426.0,377778.0,378236.0,1.504287
1765188000,378195.0,379766.0,377934.0,379532.0,0.776201
1765191600,379532.0,379762.0,378385.0,378387.0,0.635859
1765195200,378932.0,379005.0,378002.0,378121.0,0.579724
1765198800,378122.0,379790.0,376889.0,377350.0,0.527242
1765202400,376889.0,377351.0,374358.0,374359.0,1.525765
1765206000,374359.0,374667.0,370000.0,370719.0,1.483954
1765209600,370556.0,372846.0,370001.0,370888.0,0.150972
1765213200,370737.0,371592.0,370100.0,371528.0,0.1521
1765216800,371845.0,372876.0,370384.0,370384.0,0.054892
1765220400,370909.0,372072.0,370661.0,371999.0,0.119357
1765224000,371751.0,373560.0,371751.0,373559.0,0.327095
1765227600,373984.0,376045.0,373984.0,375929.0,0.724708
1765231200,375618.0,375618.0,373442.0,373906.0,0.319715
1765234800,373958.0,373959.0,373001.0,373179.0,0.169119
1765238400,373180.0,373945.0,372522.0,372939.0,0.324456
1765242000,372939.0,373270.0,371203.0,371416.0,0.265003
1765245600,371731.0,372796.0,371311.0,371765.0,0.550341
1765249200,371761.0,373048.0,371000.0,372888.0,0.45768
1765252800,372888.0,373115.0,370841.0,371187.0,0.336307
1765256400,371174.0,372239.0,370082.0,370940.0,1.586994
1765260000,370940.0,372256.0,370800.0,372158.0,0.743739
1765263600,372159.0,373512.0,371874.0,373332.0,0.360064
1765267200,373331.0,373641.0,372870.0,372953.0,2.524943
1765270800,372874.0,372883.0,371177.0,371182.0,0.409906
1765274400,371176.0,371831.0,370472.0,371494.0,0.423579
1765278000,371494.0,371947.0,371111.0,371947.0,0.280544
1765281600,371946.0,372882.0,371429.0,372882.0,1.036112
1765285200,372881.0,373599.0,371502.0,372416.0,0.796322
1765288800,372414.0,373007.0,371500.0,372314.0,0.783142
1765292400,372279.0,381525.0,372279.0,381501.0,2.499241
1765296000,381506.0,386437.0,381506.0,386344.0,4.96621
1765299600,386344.0,386899.0,383368.0,384838.0,2.93846
1765303200,384839.0,385000.0,383783.0,384704.0,0.760213
1765306800,384703.0,384712.0,383456.0,383980.0,0.623376
1765310400,382908.0,384032.0,379300.0,380812.0,0.612271
1765314000,380812.0,380980.0,377594.0,379395.0,0.353514
1765317600,379356.0,379838.0,377675.0,379836.0,0.742713
1765321200,379662.0,379864.0,378598.0,379163.0,0.520711
1765324800,379164.0,379387.0,377570.0,377625.0,0.708081
1765328400,377628.0,378600.0,377202.0,378599.0,1.774773
1765332000,378600.0,379868.0,378239.0,379695.0,0.984154
1765335600,379695.0,379695.0,379638.0,379639.0,0.803755
1765339200,379639.0,379888.0,379638.0,379774.0,0.40046
1765342800,379774.0,380417.0,379773.0,380164.0,0.704326
1765346400,380164.0,380915.0,380121.0,380707.0,0.948363
1765350000,380707.0,380707.0,380513.0,380539.0,0.517134
1765353600,380539.0,380899.0,380538.0,380878.0,0.796275
1765357200,380878.0,381000.0,380645.0,380999.0,1.261221
1765360800,381000.0,381903.0,379007.0,379600.0,2.190343
1765364400,379509.0,379896.0,378300.0,378927.0,0.846435
1765368000,378928.0,379124.0,378570.0,378570.0,1.027287
1765371600,378570.0,379256.0,378570.0,378781.0,0.426729
1765375200,378781.0,378781.0,378245.0,378246.0,1.457605
1765378800,378246.0,378965.0,378195.0,378544.0,1.879617
1765382400,378545.0,381000.0,378545.0,379819.0,1.470305
1765386000,379819.0,380455.0,379800.0,380012.0,0.871385
1765389600,380013.0,382005.0,378888.0,380309.0,1.488341
1765393200,380378.0,383000.0,378100.0,382049.0,4.101568
1765396800,382049.0,386900.0,380154.0,380463.0,3.237031
1765400400,380020.0,381159.0,378045.0,380154.0,1.179212
1765404000,380154.0,380762.0,378788.0,380289.0,1.227928
1765407600,380290.0,380291.0,378869.0,378870.0,0.612827
1765411200,378869.0,378870.0,375235.0,375863.0,2.067354
1765414800,375864.0,375864.0,373108.0,373152.0,0.871149
1765418400,373152.0,373152.0,370002.0,370401.0,1.475858
1765422000,370055.0,370366.0,369000.0,370086.0,1.735979
1765425600,370076.0,372461.0,369556.0,372461.0,1.21022
1765429200,372461.0,372461.0,371595.0,372072.0,0.742456
1765432800,372071.0,372600.0,371037.0,372302.0,0.251356
1765436400,372302.0,372302.0,371733.0,371963.0,0.357667
1765440000,372143.0,372143.0,371002.0,371759.0,1.685035
1765443600,371759.0,372932.0,371759.0,372001.0,0.832853
1765447200,372057.0,372458.0,371640.0,372149.0,2.465748
1765450800,372149.0,372488.0,372097.0,372270.0,0.560959
1765454400,372270.0,372270.0,371551.0,371551.0,0.694168
1765458000,371554.0,371554.0,371315.0,371531.0,0.937127
1765461600,371531.0,372686.0,368883.0,369367.0,3.392442
1765465200,369167.0,373523.0,368884.0,370516.0,2.047407
1765468800,370516.0,371241.0,369000.0,369906.0,1.138593
1765472400,369905.0,371382.0,369899.0,370946.0,0.487529
1765476000,370945.0,374999.0,370945.0,373240.0,1.155677
1765479600,373231.0,376445.0,373204.0,373990.0,0.865966
1765483200,373986.0,376886.0,373986.0,376886.0,0.992683
1765486800,376886.0,384000.0,376886.0,382192.0,1.953103
1765490400,382651.0,382656.0,379089.0,380389.0,0.762198
1765494000,380685.0,381777.0,380456.0,380601.0,1.096709
1765497600,380602.0,380659.0,376634.0,376634.0,1.29158
1765501200,376634.0,379202.0,376633.0,378861.0,1.107079
1765504800,378860.0,380500.0,378002.0,379813.0,1.646774
1765508400,379972.0,380362.0,378426.0,379214.0,0.732205
1765512000,379213.0,379340.0,378801.0,378941.0,0.622724
1765515600,378941.0,379215.0,378570.0,378746.0,1.352764
1765519200,378746.0,379572.0,378746.0,379220.0,0.839956
1765522800,379221.0,379294.0,378482.0,378725.0,0.44954
1765526400,378725.0,378726.0,378003.0,378223.0,0.427296
1765530000,378252.0,378885.0,378153.0,378873.0,0.831777
1765533600,378873.0,379483.0,378859.0,379014.0,0.417205
1765537200,379014.0,379014.0,378372.0,378547.0,0.58707
1765540800,378547.0,378547.0,378251.0,378252.0,0.125391
1765544400,378252.0,378810.0,378251.0,378427.0,0.489663
1765548000,378428.0,378917.0,378197.0,378627.0,0.742842
1765551600,378627.0,378627.0,370002.0,370002.0,2.944145
1765555200,370003.0,371782.0,368000.0,370488.0,1.571446
1765558800,370382.0,372508.0,369833.0,370619.0,0.891937
1765562400,370619.0,373362.0,370619.0,371868.0,1.55539
1765566000,371992.0,371992.0,370828.0,371044.0,0.30955
1765569600,371044.0,372028.0,370528.0,371588.0,0.257199
1765573200,371397.0,371799.0,371025.0,371348.0,0.100571
1765576800,371347.0,372130.0,371347.0,371907.0,0.158365
1765580400,371907.0,372332.0,371907.0,372001.0,0.503519
1765584000,371866.0,372450.0,371801.0,372139.0,0.352959
1765587600,372139.0,372218.0,371316.0,371423.0,0.758433
1765591200,371423.0,371799.0,371423.0,371646.0,0.420097
1765594800,371646.0,372665.0,371645.0,372146.0,0.313071
1765598400,372146.0,372545.0,371999.0,372345.0,0.532044
1765602000,372344.0,372346.0,372007.0,372209.0,0.502785
1765605600,372209.0,372209.0,371945.0,372049.0,0.098517
1765609200,372049.0,372461.0,372048.0,372327.0,0.476983
1765612800,372328.0,372999.0,372141.0,372598.0,0.379753
1765616400,372831.0,372963.0,372530.0,372593.0,0.273113
1765620000,372666.0,373068.0,372575.0,373068.0,0.431987
1765623600,373068.0,373096.0,372455.0,372457.0,0.532194
1765627200,372457.0,372775.0,372180.0,372182.0,0.265201
1765630800,372489.0,372494.0,371505.0,371680.0,0.188322
1765634400,371869.0,371869.0,370701.0,371020.0,0.689657
1765638000,371020.0,371211.0,370896.0,370897.0,0.163164
1765641600,370897.0,371071.0,370851.0,370852.0,0.12136
1765645200,370852.0,371028.0,370851.0,371025.0,0.14431
1765648800,371025.0,371501.0,371024.0,371217.0,1.037962
1765652400,371217.0,371484.0,371216.0,371380.0,0.020999
1765656000,371439.0,371439.0,371202.0,371360.0,0.060955
1765659600,370963.0,371201.0,370002.0,370766.0,0.304381
1765663200,371264.0,371264.0,371065.0,371077.0,0.016106
1765666800,371077.0,371855.0,371077.0,371651.0,0.162978
1765670400,371651.0,372463.0,371191.0,371789.0,0.055963
1765674000,371789.0,372194.0,371474.0,371575.0,0.235653
1765677600,371574.0,371599.0,371574.0,371582.0,0.105793
1765681200,371582.0,371582.0,371581.0,371582.0,0.199196
1765684800,371582.0,371599.0,371427.0,371427.0,0.588944
1765688400,371427.0,371427.0,371229.0,371239.0,0.147592
1765692000,371239.0,371299.0,371238.0,371242.0,0.372501
1765695600,371242.0,371242.0,371229.0,371230.0,0.258878
1765699200,371230.0,371239.0,371229.0,371230.0,0.128873
1765702800,371230.0,371230.0,371001.0,371002.0,0.19034
1765706400,371002.0,371147.0,370000.0,370000.0,0.898546
1765710000,369991.0,369991.0,365854.0,367499.0,1.818968
1765713600,367500.0,369123.0,366782.0,368055.0,0.520516
1765717200,368055.0,368055.0,367006.0,367567.0,0.766438
1765720800,367567.0,367567.0,366144.0,366568.0,0.734408
1765724400,366503.0,367095.0,366270.0,366377.0,0.765542
1765728000,366377.0,367785.0,365000.0,365500.0,0.43641
1765731600,365714.0,366875.0,365106.0,365782.0,0.374021
1765735200,365667.0,366586.0,365381.0,366488.0,0.234849
1765738800,366206.0,366206.0,364740.0,364740.0,0.521424
1765742400,364740.0,365557.0,364135.0,364885.0,0.256963
1765746000,364885.0,365284.0,364175.0,364176.0,0.20021
1765749600,364273.0,364799.0,362667.0,363893.0,0.478487
1765753200,363894.0,364499.0,361501.0,362999.0,1.662373
1765756800,362998.0,364294.0,362889.0,363945.0,1.224926
1765760400,363946.0,366999.0,363587.0,366819.0,0.771172
1765764000,366819.0,369246.0,366819.0,367001.0,1.094633
1765767600,367000.0,367473.0,366810.0,366811.0,0.461033
1765771200,366538.0,368167.0,366538.0,367949.0,0.20778
1765774800,367828.0,367999.0,367431.0,367617.0,0.333174
1765778400,367617.0,368632.0,367473.0,368008.0,0.873274
1765782000,368125.0,368330.0,367500.0,368229.0,0.471722
1765785600,368229.0,368765.0,367500.0,367930.0,0.657059
1765789200,367930.0,368954.0,367929.0,368386.0,0.387159
1765792800,368390.0,368959.0,367896.0,368438.0,0.405528
1765796400,368469.0,368572.0,368001.0,368002.0,0.491869
1765800000,368001.0,368618.0,367544.0,368257.0,0.585123
1765803600,368257.0,368257.0,367536.0,367536.0,0.400242
1765807200,367536.0,368858.0,361600.0,361933.0,1.765631
1765810800,362320.0,362320.0,355000.0,358710.0,5.533358
1765814400,358550.0,358994.0,355000.0,355924.0,2.503247
1765818000,355924.0,356131.0,353167.0,353317.0,1.833419
1765821600,353317.0,355338.0,351264.0,355232.0,1.211912
1765825200,355211.0,356124.0,353851.0,355099.0,0.700394
1765828800,354444.0,354697.0,352648.0,353500.0,0.142657
1765832400,353233.0,355206.0,352363.0,355150.0,0.432169
1765836000,355037.0,355234.0,353503.0,355070.0,0.681878
1765839600,355157.0,356130.0,354890.0,355943.0,0.950456
1765843200,355943.0,355943.0,353512.0,353512.0,1.556023
1765846800,353511.0,354467.0,351000.0,353080.0,2.640742
1765850400,353081.0,353999.0,353080.0,353134.0,0.894173
1765854000,353134.0,353258.0,351172.0,352299.0,1.236025
1765857600,352299.0,352299.0,350889.0,352013.0,1.591032
1765861200,352013.0,353582.0,352013.0,353197.0,0.848652
1765864800,353193.0,355288.0,353193.0,355286.0,0.306587
1765868400,355287.0,355288.0,353301.0,353771.0,0.924359
1765872000,353755.0,354824.0,353382.0,354504.0,0.691375
1765875600,354504.0,354997.0,354254.0,354594.0,0.888578
1765879200,354594.0,358396.0,354388.0,357152.0,1.410595
1765882800,357223.0,358139.0,356547.0,358091.0,0.943708
1765886400,358028.0,358349.0,357196.0,357709.0,1.145607
1765890000,357708.0,358861.0,355000.0,355000.0,1.80601
1765893600,355000.0,359122.0,353301.0,357209.0,1.887203
1765897200,357330.0,360815.0,355704.0,360024.0,1.147786
1765900800,360024.0,360785.0,358153.0,359835.0,0.913052
1765904400,359728.0,360000.0,357883.0,357883.0,0.136824
1765908000,357806.0,361129.0,357081.0,360593.0,0.082251
1765911600,360535.0,360544.0,358493.0,359913.0,0.118281
1765915200,359944.0,360859.0,358985.0,360355.0,0.561084
1765918800,359903.0,360998.0,359903.0,360682.0,0.046428
1765922400,360658.0,361113.0,359903.0,360400.0,0.111048
1765926000,360402.0,361008.0,360001.0,360599.0,0.17198
1765929600,360599.0,360599.0,358751.0,358799.0,0.625862
1765933200,358800.0,359964.0,358399.0,358400.0,0.724746
1765936800,358399.0,358710.0,357053.0,358224.0,0.242247
1765940400,358205.0,358644.0,357155.0,357156.0,0.445034
1765944000,357156.0,357874.0,355263.0,355263.0,0.42719
1765947600,355050.0,355050.0,353216.0,354698.0,0.525816
1765951200,354699.0,356158.0,354686.0,355301.0,1.141994
1765954800,355301.0,356809.0,355160.0,356809.0,0.426096
1765958400,356539.0,356539.0,354300.0,354301.0,0.811482
1765962000,354301.0,355007.0,354100.0,354100.0,0.464064
1765965600,354101.0,355364.0,354100.0,354925.0,0.609255
1765969200,354925.0,356968.0,354773.0,356335.0,0.297485
1765972800,356647.0,357480.0,355662.0,356410.0,0.331271
1765976400,356410.0,359444.0,355824.0,359048.0,0.572738
1765980000,359159.0,367497.0,357449.0,367088.0,1.787605
1765983600,367691.0,369942.0,357445.0,357549.0,3.130777
1765987200,357445.0,359490.0,353618.0,356801.0,1.272902
1765990800,356801.0,357799.0,355008.0,355009.0,0.681511
1765994400,355009.0,356526.0,352500.0,352501.0,0.686697
1765998000,352511.0,353670.0,351010.0,353421.0,0.854981
1766001600,353369.0,353981.0,352184.0,353000.0,0.135623
1766005200,352902.0,353422.0,352577.0,353319.0,0.284802
1766008800,353393.0,354900.0,353172.0,354684.0,0.293841
1766012400,354684.0,354684.0,353310.0,353671.0,0.708869
1766016000,353671.0,354325.0,353601.0,354202.0,0.884225
1766019600,354202.0,354202.0,353001.0,353924.0,0.806392
1766023200,353924.0,356725.0,353923.0,356298.0,0.955441
1766026800,356084.0,356084.0,354801.0,355746.0,0.612203
1766030400,355970.0,357330.0,355965.0,356840.0,0.285353
1766034000,356714.0,356714.0,355067.0,355068.0,0.627985
1766037600,355067.0,355600.0,354799.0,355600.0,0.788722
1766041200,355600.0,356307.0,355491.0,356147.0,0.413259
1766044800,356184.0,357276.0,355623.0,356930.0,0.674887
1766048400,356930.0,358196.0,356382.0,357987.0,0.81529
1766052000,357987.0,358503.0,357821.0,358310.0,0.56651
1766055600,358310.0,358310.0,358000.0,358107.0,0.401737
1766059200,358107.0,358802.0,357900.0,358276.0,0.906269
1766062800,358312.0,365500.0,358312.0,364695.0,1.559186
1766066400,364695.0,366799.0,360401.0,362315.0,1.778022
1766070000,362466.0,366018.0,361358.0,363214.0,1.24586
1766073600,363213.0,363213.0,360513.0,360782.0,0.640318
1766077200,360514.0,360514.0,351013.0,353817.0,1.837764
1766080800,354611.0,355588.0,352079.0,352551.0,0.508148
1766084400,352424.0,352424.0,347091.0,347219.0,3.001643
1766088000,347218.0,349396.0,347102.0,347756.0,0.879736
1766091600,347648.0,351777.0,347249.0,351358.0,0.335483
1766095200,351357.0,351567.0,350290.0,351493.0,0.256778
1766098800,351042.0,351303.0,350290.0,351038.0,0.374602
1766102400,351038.0,351171.0,350288.0,350799.0,1.245965
1766106000,350799.0,350799.0,349443.0,349888.0,1.80851
1766109600,349498.0,351594.0,349445.0,351072.0,1.075274
1766113200,350809.0,358389.0,350800.0,355358.0,1.385838
1766116800,355723.0,357563.0,355723.0,356422.0,1.051786
1766120400,356578.0,356866.0,354897.0,356073.0,0.757399
1766124000,356300.0,357479.0,355885.0,357479.0,0.585689
1766127600,357479.0,360839.0,357479.0,359086.0,0.62433
1766131200,359086.0,359999.0,358362.0,359998.0,0.719618
1766134800,359998.0,359998.0,358947.0,359443.0,0.804163
1766138400,359444.0,360373.0,359155.0,360372.0,0.506345
1766142000,360373.0,360823.0,359900.0,360478.0,0.563088
1766145600,360479.0,360479.0,359501.0,359502.0,0.658579
1766149200,359502.0,360354.0,359501.0,359709.0,0.562741
1766152800,359708.0,360565.0,358126.0,359825.0,1.861745
1766156400,359825.0,363895.0,358000.0,358882.0,2.400393
1766160000,359434.0,361658.0,358128.0,358216.0,0.926404
1766163600,358128.0,359560.0,354444.0,354746.0,0.600629
1766167200,354745.0,355923.0,354501.0,355223.0,0.101855
1766170800,355223.0,358525.0,355223.0,357825.0,0.249433
1766174400,357825.0,359828.0,357577.0,358508.0,0.394056
1766178000,358510.0,358728.0,357849.0,357849.0,0.151509
1766181600,358156.0,359986.0,358155.0,359478.0,0.267438
1766185200,359479.0,359502.0,359031.0,359031.0,0.33844
1766188800,359031.0,359225.0,358834.0,359063.0,0.288225
1766192400,359063.0,359456.0,359062.0,359169.0,0.291688
1766196000,359169.0,359846.0,359169.0,359450.0,0.373255
1766199600,359450.0,359819.0,359449.0,359583.0,0.45812
1766203200,359583.0,359887.0,359583.0,359882.0,0.154872
1766206800,359882.0,360711.0,359882.0,360049.0,0.59999
1766210400,360050.0,360468.0,360049.0,360150.0,0.209628
1766214000,360150.0,360150.0,360008.0,360008.0,0.313225
1766217600,360009.0,360655.0,360008.0,360450.0,0.440876
1766221200,360449.0,360449.0,360403.0,360422.0,0.228871
1766224800,360421.0,360422.0,360037.0,360038.0,0.167559
1766228400,360038.0,360039.0,360037.0,360039.0,0.347455
1766232000,360039.0,360301.0,360039.0,360301.0,0.166988
1766235600,360049.0,360367.0,359230.0,360275.0,0.595363
1766239200,360275.0,360275.0,359423.0,360000.0,0.222407
1766242800,360000.0,360000.0,359650.0,359867.0,0.604345
1766246400,359867.0,359867.0,359866.0,359867.0,0.141322
1766250000,359867.0,359999.0,359866.0,359923.0,0.106968
1766253600,359922.0,360510.0,359922.0,360510.0,0.285985
1766257200,360000.0,360039.0,360000.0,360023.0,0.009229
1766260800,360024.0,360024.0,360023.0,360024.0,0.011543
1766264400,360024.0,360098.0,360024.0,360067.0,0.199115
1766268000,360067.0,360067.0,360025.0,360026.0,0.069557
1766271600,360026.0,360030.0,360025.0,360030.0,0.143865
1766275200,360030.0,360100.0,360027.0,360055.0,0.117929
1766278800,360064.0,360064.0,359601.0,359602.0,0.273531
1766282400,359602.0,359602.0,359272.0,359272.0,0.27326
1766286000,359272.0,359649.0,359007.0,359301.0,0.795898
1766289600,359302.0,359371.0,359300.0,359300.0,0.263414
1766293200,359301.0,359949.0,359111.0,359463.0,0.413149
1766296800,359462.0,359463.0,359241.0,359242.0,0.074709
1766300400,359260.0,359441.0,359259.0,359391.0,0.336332
1766304000,359391.0,361000.0,359390.0,360847.0,0.63773
1766307600,360848.0,362253.0,360775.0,362063.0,0.62981
1766311200,362248.0,362249.0,361129.0,361385.0,0.491874
1766314800,361385.0,361612.0,361165.0,361561.0,0.333526
1766318400,361561.0,362459.0,361101.0,361445.0,0.419238
1766322000,361115.0,361578.0,357816.0,357818.0,0.996335
1766325600,357813.0,359807.0,357812.0,359135.0,0.404336
1766329200,359135.0,359732.0,358706.0,359341.0,0.492341
1766332800,359100.0,360049.0,359100.0,359808.0,0.127508
1766336400,360550.0,360612.0,360278.0,360378.0,0.121229
1766340000,360377.0,360552.0,358861.0,360552.0,0.408486
1766343600,360553.0,360942.0,360241.0,360863.0,0.18989
1766347200,360516.0,360516.0,359915.0,359990.0,0.072974
1766350800,359601.0,360017.0,359565.0,359566.0,0.140067
1766354400,359565.0,360835.0,359565.0,360319.0,0.300063
1766358000,360318.0,361710.0,360066.0,361203.0,0.756617
1766361600,361203.0,364514.0,361202.0,362450.0,0.99443
1766365200,361388.0,363433.0,361385.0,361736.0,0.906662
1766368800,361434.0,361434.0,359216.0,360883.0,1.264406
1766372400,361042.0,361751.0,360803.0,361751.0,0.584175
1766376000,361752.0,362157.0,361752.0,362156.0,0.834334
1766379600,362157.0,362157.0,362138.0,362151.0,0.566189
1766383200,362151.0,362215.0,362149.0,362215.0,0.480601
1766386800,362215.0,362915.0,362215.0,362915.0,1.108933
1766390400,362915.0,365043.0,362914.0,364393.0,2.622123
1766394000,364394.0,365998.0,364309.0,365997.0,1.229231
1766397600,365998.0,366502.0,365360.0,366324.0,0.840656
1766401200,366323.0,367200.0,366091.0,367002.0,0.451904
1766404800,367013.0,368885.0,367013.0,367808.0,0.744907
1766408400,367676.0,368118.0,366344.0,366908.0,0.722424
1766412000,366907.0,368000.0,365017.0,367581.0,0.962502
1766415600,367604.0,368119.0,364300.0,366050.0,1.547593
1766419200,366050.0,367692.0,365496.0,365496.0,0.613897
1766422800,365497.0,365497.0,363941.0,364077.0,0.199578
1766426400,364077.0,364984.0,363802.0,363802.0,0.851855
1766430000,363801.0,363801.0,360000.0,360000.0,1.492849
1766433600,360000.0,361249.0,359889.0,361249.0,1.335066
1766437200,361022.0,361796.0,360776.0,360995.0,0.080926
1766440800,360996.0,362595.0,360406.0,362131.0,0.169446
1766444400,362130.0,362131.0,361701.0,361866.0,0.160421
1766448000,361867.0,362327.0,361540.0,362042.0,0.553777
1766451600,362042.0,362632.0,361432.0,361439.0,0.380548
1766455200,361440.0,361679.0,360000.0,360005.0,0.688518
1766458800,360005.0,360240.0,359000.0,359891.0,0.930367
1766462400,359892.0,360209.0,359000.0,359000.0,1.10222
1766466000,359000.0,359001.0,358000.0,358000.0,0.876392
1766469600,358001.0,358001.0,355614.0,356406.0,0.905792
1766473200,356406.0,357355.0,356405.0,357046.0,0.455509
1766476800,357045.0,357385.0,356997.0,357000.0,0.286287
1766480400,357000.0,357350.0,356501.0,357060.0,0.546726
1766484000,357059.0,357444.0,356995.0,357335.0,0.476263
1766487600,357335.0,358465.0,357259.0,358464.0,0.284617
1766491200,358417.0,358943.0,357813.0,358396.0,0.471488
1766494800,358381.0,358421.0,357080.0,357795.0,0.614737
1766498400,357794.0,358531.0,354083.0,354738.0,1.349503
1766502000,354474.0,357034.0,354411.0,357034.0,0.604109
1766505600,356988.0,359412.0,353870.0,358878.0,1.774022
1766509200,358804.0,359224.0,356538.0,356538.0,0.561644
1766512800,355796.0,359199.0,355796.0,358813.0,0.212188
1766516400,358811.0,358811.0,357701.0,357795.0,0.088467
1766520000,357794.0,359952.0,357287.0,358319.0,0.296132
1766523600,357577.0,358041.0,357287.0,357847.0,0.051671
1766527200,357847.0,357847.0,356106.0,356340.0,0.187308
1766530800,356211.0,356611.0,355515.0,356482.0,0.248954
1766534400,356483.0,357065.0,356008.0,356973.0,0.412002
1766538000,356999.0,357388.0,356788.0,356882.0,0.382456
1766541600,356884.0,356884.0,354524.0,355047.0,0.71195
1766545200,355047.0,355485.0,354265.0,355459.0,0.723684
1766548800,355459.0,355681.0,354711.0,354711.0,0.932006
1766552400,354711.0,354711.0,353492.0,353834.0,0.799868
1766556000,353833.0,353871.0,353602.0,353792.0,0.574881
1766559600,353792.0,354188.0,353491.0,353491.0,0.672599
1766563200,353492.0,353492.0,352897.0,352897.0,0.709553
1766566800,352896.0,352896.0,352001.0,352141.0,1.060597
1766570400,352134.0,353472.0,352133.0,353289.0,1.082657
1766574000,353289.0,354379.0,353288.0,353946.0,0.364244
1766577600,353945.0,354768.0,353745.0,354768.0,0.317822
1766581200,354767.0,354768.0,353730.0,354377.0,0.279653
1766584800,354377.0,355060.0,351697.0,353064.0,0.417851
1766588400,353814.0,354180.0,352001.0,352852.0,1.135419
1766592000,353193.0,354999.0,352865.0,353847.0,0.309504
1766595600,354128.0,354984.0,353849.0,353850.0,0.112614
1766599200,354201.0,354959.0,353852.0,354592.0,0.130573
1766602800,354582.0,354833.0,354233.0,354742.0,0.013831
1766606400,354644.0,354999.0,354644.0,354659.0,0.018723
1766610000,354999.0,355588.0,354998.0,355238.0,0.056298
1766613600,355190.0,356458.0,355190.0,356453.0,0.052613
1766617200,356518.0,356769.0,355001.0,355268.0,0.718586
1766620800,355269.0,355542.0,355000.0,355001.0,0.081944
1766624400,355001.0,355887.0,354956.0,355676.0,0.233765
1766628000,355676.0,355999.0,355246.0,355999.0,0.263824
1766631600,355999.0,356000.0,355703.0,355989.0,0.215395
1766635200,355989.0,355989.0,355639.0,355968.0,0.154357
1766638800,355904.0,355988.0,355544.0,355988.0,0.175668
1766642400,355931.0,355984.0,354453.0,355984.0,0.702231
1766646000,355984.0,355988.0,355983.0,355988.0,0.162619
1766649600,355989.0,355989.0,354495.0,355296.0,0.612859
1766653200,355241.0,355242.0,354881.0,355116.0,0.271588
1766656800,355116.0,355116.0,354601.0,354863.0,0.24169
1766660400,354864.0,355490.0,354864.0,355312.0,0.070648
1766664000,355312.0,355587.0,355311.0,355386.0,0.252413
1766667600,355387.0,355944.0,355002.0,355761.0,0.234392
1766671200,355762.0,355989.0,355172.0,355989.0,0.162386
1766674800,355999.0,359484.0,355998.0,358790.0,0.49261
1766678400,358790.0,358831.0,357120.0,357498.0,0.359869
1766682000,357640.0,357700.0,357207.0,357698.0,0.140561
1766685600,357698.0,358108.0,357601.0,357890.0,0.11921
1766689200,357891.0,357891.0,357622.0,357623.0,0.012187
1766692800,357622.0,357623.0,355636.0,356473.0,0.127295
1766696400,356472.0,356566.0,356252.0,356566.0,0.040105
1766700000,356356.0,356357.0,354620.0,355463.0,0.192662
1766703600,355462.0,356089.0,353354.0,354340.0,0.281952
1766707200,354341.0,354504.0,353354.0,353536.0,0.551387
1766710800,353536.0,354083.0,353535.0,353966.0,0.688216
1766714400,353966.0,361451.0,353966.0,360371.0,2.050113
1766718000,360671.0,360765.0,358510.0,359016.0,0.280606
1766721600,358981.0,360201.0,357240.0,359658.0,0.850272
1766725200,359610.0,359950.0,359087.0,359883.0,0.298706
1766728800,359866.0,360269.0,359865.0,360188.0,0.425488
1766732400,360141.0,361500.0,357448.0,357448.0,0.877516
1766736000,357449.0,358959.0,357449.0,358578.0,0.740056
1766739600,358445.0,359522.0,358297.0,359184.0,0.222594
1766743200,359184.0,359184.0,358780.0,358786.0,0.396542
1766746800,358786.0,358787.0,358248.0,358252.0,0.232162
1766750400,358251.0,358884.0,358251.0,358413.0,0.168772
1766754000,358413.0,359425.0,358401.0,359373.0,0.842788
1766757600,359373.0,359373.0,353501.0,353505.0,0.944761
1766761200,353504.0,353504.0,351601.0,352840.0,2.022601
1766764800,353084.0,353715.0,352347.0,352493.0,0.480221
1766768400,352323.0,354361.0,352322.0,353869.0,0.124971
1766772000,353948.0,354135.0,353502.0,353924.0,0.049283
1766775600,353923.0,354807.0,353923.0,354681.0,0.036713
1766779200,354680.0,355725.0,354536.0,355094.0,0.039236
1766782800,355094.0,355322.0,354842.0,354842.0,0.147359
1766786400,354802.0,354976.0,354209.0,354909.0,0.037978
1766790000,355023.0,355183.0,354368.0,354790.0,0.154569
1766793600,354763.0,354872.0,354434.0,354872.0,0.094685
1766797200,355040.0,355254.0,355039.0,355254.0,0.224739
1766800800,355253.0,355421.0,355082.0,355263.0,0.188031
1766804400,355263.0,355394.0,355058.0,355394.0,0.20082
1766808000,355394.0,355394.0,355226.0,355227.0,0.201608
1766811600,355227.0,355279.0,355226.0,355279.0,0.155878
1766815200,355278.0,355499.0,355043.0,355177.0,0.158846
1766818800,355177.0,356000.0,355176.0,355556.0,0.586737
1766822400,355543.0,355902.0,355543.0,355663.0,0.528082
1766826000,355664.0,355903.0,355663.0,355847.0,0.226344
1766829600,355847.0,355847.0,355084.0,355328.0,0.249503
1766833200,355328.0,355602.0,355213.0,355214.0,0.114392
1766836800,355382.0,355383.0,355220.0,355301.0,0.224165
1766840400,355302.0,355302.0,355301.0,355302.0,0.087946
1766844000,355302.0,355339.0,355301.0,355339.0,0.147253
1766847600,355339.0,355636.0,355338.0,355636.0,0.155393
1766851200,355636.0,355636.0,355531.0,355614.0,0.294093
1766854800,355613.0,355755.0,355613.0,355754.0,0.122336
1766858400,355755.0,355755.0,355614.0,355615.0,0.019639
1766862000,355615.0,355881.0,355614.0,355626.0,0.029445
1766865600,355627.0,355701.0,355627.0,355661.0,0.057573
1766869200,355661.0,355833.0,355661.0,355701.0,0.061892
1766872800,355701.0,356498.0,355580.0,355581.0,0.759724
1766876400,355581.0,356500.0,355580.0,356500.0,0.235703
1766880000,356500.0,356500.0,355584.0,356317.0,0.178468
1766883600,356317.0,356562.0,355899.0,355914.0,0.113703
1766887200,355914.0,356014.0,355913.0,356014.0,0.159189
1766890800,356013.0,356014.0,356001.0,356002.0,0.165104
1766894400,356002.0,356002.0,356000.0,356001.0,0.190031
1766898000,356001.0,356001.0,355609.0,355616.0,0.230859
1766901600,355616.0,355857.0,355615.0,355665.0,0.334958
1766905200,355665.0,355665.0,355581.0,355582.0,0.349544
1766908800,355823.0,356405.0,355822.0,355979.0,0.245593
1766912400,355980.0,356405.0,355979.0,355981.0,0.232218
1766916000,355981.0,356599.0,355981.0,356267.0,0.25272
1766919600,356418.0,356575.0,356201.0,356224.0,0.12399
1766923200,356224.0,356224.0,356147.0,356198.0,0.192257
1766926800,356198.0,356591.0,356197.0,356384.0,0.289102
1766930400,356384.0,356597.0,356382.0,356382.0,0.604472
1766934000,356381.0,356589.0,356240.0,356241.0,0.236253
1766937600,356240.0,356241.0,355867.0,355910.0,0.236314
1766941200,355910.0,356331.0,355866.0,355866.0,0.039242
1766944800,355865.0,355865.0,355101.0,355206.0,0.230765
1766948400,355206.0,355221.0,355101.0,355102.0,0.051706
1766952000,355101.0,355233.0,355038.0,355088.0,0.094032
1766955600,355039.0,355101.0,355038.0,355083.0,0.073123
1766959200,355083.0,356500.0,355038.0,356212.0,0.132316
1766962800,356499.0,356500.0,355440.0,356199.0,0.375968
1766966400,356198.0,357500.0,355801.0,357498.0,1.001955
1766970000,357499.0,357996.0,356343.0,357985.0,1.131996
1766973600,358000.0,361360.0,358000.0,361002.0,1.365869
1766977200,361002.0,364497.0,360608.0,364497.0,1.018298
1766980800,364497.0,365296.0,363996.0,364844.0,1.080378
1766984400,364844.0,364844.0,363929.0,364036.0,0.573904
1766988000,364036.0,364638.0,363001.0,363069.0,0.983481
1766991600,363069.0,363558.0,362017.0,362521.0,1.411192
1766995200,362521.0,363597.0,361868.0,362293.0,2.458357
1766998800,362345.0,362477.0,356000.0,356343.0,0.592016
1767002400,356156.0,357348.0,355555.0,355556.0,0.680257
1767006000,355556.0,355558.0,355555.0,355556.0,0.345509
1767009600,355556.0,355557.0,353003.0,354536.0,1.820958
1767013200,354537.0,355236.0,354504.0,354534.0,0.701161
1767016800,354563.0,357836.0,354538.0,355001.0,1.218287
1767020400,354801.0,356913.0,354657.0,356312.0,0.619707
1767024000,356306.0,356828.0,355387.0,356001.0,0.569667
1767027600,356001.0,356736.0,355140.0,356724.0,0.135457
1767031200,356898.0,357115.0,355562.0,355562.0,0.247259
1767034800,355562.0,356342.0,355355.0,355355.0,0.332616
1767038400,355355.0,355994.0,354750.0,354910.0,0.13482
1767042000,354994.0,355395.0,354988.0,355318.0,0.027703
1767045600,355319.0,355389.0,354750.0,355389.0,0.195834
1767049200,355389.0,355481.0,354923.0,354923.0,0.194802
1767052800,354924.0,355195.0,354598.0,354791.0,0.342086
1767056400,354794.0,354879.0,354503.0,354686.0,0.278838
1767060000,354685.0,354686.0,353800.0,353892.0,0.594817
1767063600,353892.0,354001.0,353550.0,354001.0,1.207246
1767067200,354001.0,354307.0,354000.0,354001.0,0.712869
1767070800,354001.0,354001.0,353555.0,353644.0,0.892654
1767074400,353644.0,354149.0,353643.0,354002.0,0.696997
1767078000,354002.0,354146.0,353500.0,353718.0,1.039447
1767081600,353718.0,355129.0,353717.0,354351.0,5.604901
1767085200,354351.0,354355.0,353451.0,354355.0,2.371284
1767088800,354355.0,355125.0,354322.0,354663.0,0.558396
1767092400,354663.0,354752.0,354202.0,354349.0,0.564197
1767096000,354405.0,355111.0,354405.0,355109.0,0.594666
1767099600,355109.0,355109.0,354742.0,354880.0,1.772141
1767103200,354880.0,358931.0,354700.0,358249.0,1.211314
1767106800,358952.0,359609.0,355959.0,359188.0,0.358737
1767110400,359612.0,360500.0,357429.0,358032.0,0.49977
1767114000,358517.0,358938.0,355959.0,356589.0,0.860541
1767117600,356900.0,356975.0,355006.0,356061.0,0.818069
1767121200,355959.0,355959.0,355000.0,355453.0,1.520388
1767124800,355048.0,355163.0,354106.0,354250.0,0.225253
1767128400,354259.0,355735.0,354224.0,355428.0,1.067659
1767132000,355428.0,356612.0,355298.0,355830.0,1.341396
1767135600,355830.0,356843.0,355830.0,356479.0,0.632526
1767139200,356478.0,356769.0,355970.0,355971.0,0.298542
1767142800,355971.0,357957.0,355677.0,357452.0,0.344881
1767146400,357453.0,357798.0,357125.0,357789.0,0.466658
1767150000,357790.0,357997.0,356768.0,357021.0,0.711775
1767153600,357020.0,357693.0,356594.0,356595.0,0.296951
1767157200,356602.0,357481.0,356602.0,357323.0,0.349668
1767160800,357322.0,357748.0,357271.0,357302.0,0.485582
1767164400,357301.0,357963.0,357121.0,357963.0,0.335292
1767168000,357963.0,358489.0,357214.0,357857.0,1.689881
1767171600,358018.0,359000.0,358016.0,359000.0,0.800883
1767175200,359000.0,359555.0,359000.0,359555.0,0.161414
1767178800,359554.0,360598.0,359493.0,360584.0,0.547142
1767182400,360584.0,360584.0,359453.0,359593.0,0.529034
1767186000,359592.0,360584.0,359592.0,360584.0,0.430568
1767189600,360584.0,361000.0,358001.0,358617.0,1.128121
1767193200,358617.0,358617.0,356591.0,357001.0,0.642372
1767196800,357002.0,357043.0,355011.0,355755.0,0.542674
1767200400,355752.0,355993.0,355477.0,355748.0,0.672306
1767204000,355633.0,357018.0,355633.0,356157.0,0.076261
1767207600,356157.0,356571.0,355951.0,355951.0,0.123835
1767211200,355950.0,355966.0,355011.0,355966.0,0.355991
1767214800,356063.0,356643.0,356063.0,356447.0,0.050252
1767218400,356448.0,356787.0,355981.0,356031.0,0.071123
1767222000,356138.0,356555.0,356001.0,356555.0,1.418439
1767225600,356555.0,357355.0,356554.0,357316.0,2.027612
1767229200,357213.0,359002.0,357213.0,358286.0,3.122198
1767232800,358286.0,358286.0,358008.0,358009.0,0.587701
1767236400,358008.0,358424.0,358008.0,358074.0,2.326192
1767240000,358157.0,358158.0,357004.0,357174.0,3.979873
1767243600,357175.0,357238.0,356002.0,357238.0,1.599268
1767247200,357238.0,357238.0,357032.0,357185.0,0.361474
1767250800,357186.0,357220.0,357001.0,357179.0,0.315442
1767254400,357179.0,357238.0,357179.0,357238.0,0.430377
1767258000,357238.0,357444.0,357237.0,357444.0,0.50431
1767261600,357444.0,357715.0,357443.0,357715.0,0.471655
1767265200,357894.0,358498.0,357893.0,358498.0,0.2315
1767268800,358497.0,358531.0,358140.0,358464.0,0.234332
1767272400,358458.0,358693.0,358237.0,358446.0,0.38367
1767276000,358436.0,358666.0,358106.0,358587.0,0.429379
1767279600,358586.0,359000.0,358422.0,358845.0,0.668095
1767283200,358846.0,358846.0,358195.0,358658.0,0.255136
1767286800,358658.0,360000.0,358650.0,359674.0,0.522431
1767290400,359928.0,359928.0,358815.0,359049.0,0.238775
1767294000,359048.0,359762.0,358641.0,359498.0,0.024463
1767297600,359526.0,359526.0,359497.0,359497.0,0.074496
1767301200,359498.0,359799.0,359498.0,359739.0,0.021082
1767304800,359799.0,360489.0,359799.0,360489.0,0.432499
1767308400,360489.0,361300.0,359932.0,361300.0,0.299216
1767312000,361299.0,361300.0,360619.0,361000.0,0.658342
1767315600,361000.0,361000.0,360001.0,360098.0,0.305021
1767319200,360099.0,360100.0,359076.0,359682.0,0.504249
1767322800,359682.0,361300.0,359682.0,361200.0,1.127589
1767326400,361200.0,361201.0,359600.0,359600.0,0.483519
1767330000,359600.0,360076.0,359240.0,359795.0,0.358163
1767333600,359614.0,360995.0,359614.0,360543.0,0.413114
1767337200,360544.0,360798.0,359923.0,359923.0,0.403136
1767340800,360378.0,360797.0,359753.0,360797.0,0.484253
1767344400,360797.0,361499.0,360614.0,361499.0,1.621622
1767348000,361500.0,363471.0,361499.0,362756.0,0.568337
1767351600,362756.0,362756.0,361525.0,362301.0,0.605244
1767355200,362301.0,362634.0,361823.0,362001.0,0.19744
1767358800,362001.0,362973.0,361631.0,361631.0,0.282218
1767362400,361631.0,364368.0,358660.0,362879.0,0.834962
1767366000,362689.0,363533.0,360000.0,362001.0,0.513858
1767369600,362001.0,366838.0,361502.0,365673.0,1.919779
1767373200,365720.0,367777.0,364921.0,365374.0,0.514368
1767376800,365998.0,365999.0,362368.0,363247.0,0.125025
1767380400,362979.0,364533.0,362862.0,363853.0,0.098483
1767384000,363852.0,364026.0,362863.0,362863.0,0.08893
1767387600,362889.0,364287.0,362889.0,364126.0,0.217261
1767391200,363968.0,364999.0,363968.0,364643.0,0.344379
1767394800,364323.0,364370.0,363247.0,363590.0,0.505246
1767398400,363590.0,364723.0,363590.0,364403.0,0.548765
1767402000,364449.0,364988.0,364403.0,364987.0,0.440307
1767405600,364988.0,365502.0,364508.0,365164.0,0.459852
1767409200,365164.0,365794.0,365000.0,365735.0,0.383694
1767412800,365699.0,365999.0,364913.0,365239.0,0.450344
1767416400,365238.0,365243.0,364601.0,364696.0,0.234472
1767420000,364889.0,365136.0,364228.0,364228.0,0.336785
1767423600,364228.0,364416.0,362319.0,362866.0,0.562215
1767427200,362823.0,363863.0,362185.0,363329.0,0.266854
1767430800,363329.0,364314.0,363328.0,363971.0,0.136481
1767434400,363971.0,363971.0,363329.0,363329.0,0.328483
1767438000,363328.0,363329.0,362906.0,363212.0,0.219044
1767441600,363020.0,363500.0,362653.0,363500.0,0.508237
1767445200,363500.0,363774.0,363476.0,363669.0,0.369747
1767448800,363669.0,364968.0,363668.0,364478.0,0.122669
1767452400,364477.0,364478.0,364000.0,364001.0,0.417117
1767456000,364001.0,364575.0,363616.0,364210.0,0.262787
1767459600,364242.0,364242.0,363937.0,364001.0,0.436316
1767463200,364000.0,364202.0,363937.0,364202.0,0.066091
1767466800,363995.0,364224.0,363937.0,364171.0,0.147172
1767470400,364170.0,364972.0,363938.0,364971.0,0.198637
1767474000,364849.0,366418.0,364849.0,365670.0,0.41177
1767477600,365813.0,366405.0,365714.0,365976.0,0.061564
1767481200,365976.0,366400.0,365658.0,365979.0,0.368241
1767484800,365979.0,369000.0,365979.0,368826.0,1.260514
1767488400,368826.0,368992.0,368000.0,368749.0,0.878424
1767492000,368749.0,368888.0,368325.0,368533.0,0.525756
1767495600,368746.0,369088.0,368732.0,369003.0,0.374847
1767499200,369003.0,369800.0,369002.0,369753.0,0.895534
1767502800,369754.0,369800.0,369750.0,369799.0,0.211062
1767506400,369799.0,370997.0,369070.0,369071.0,1.129332
1767510000,369070.0,370420.0,369070.0,370361.0,0.283324
1767513600,370361.0,370361.0,369218.0,369767.0,0.28366
1767517200,369799.0,370174.0,369310.0,370095.0,0.374791
1767520800,370096.0,370500.0,369938.0,370500.0,0.350011
1767524400,370499.0,370573.0,369901.0,369901.0,0.570851
1767528000,369902.0,369902.0,369099.0,369099.0,0.376148
1767531600,369100.0,369260.0,369009.0,369259.0,0.461148
1767535200,369259.0,369957.0,369258.0,369724.0,0.388271
1767538800,369724.0,369936.0,369008.0,369404.0,0.573196
1767542400,369482.0,369499.0,369006.0,369130.0,0.188628
1767546000,369130.0,369487.0,369130.0,369172.0,0.127216
1767549600,369172.0,369279.0,368656.0,368925.0,0.16842
1767553200,368603.0,368703.0,368183.0,368604.0,0.200075
1767556800,368590.0,368998.0,368590.0,368967.0,0.086721
1767560400,368967.0,369000.0,368592.0,368959.0,0.161082
1767564000,368692.0,368999.0,368591.0,368637.0,0.087578
1767567600,368640.0,369600.0,368640.0,369600.0,0.363652
1767571200,369600.0,373500.0,369599.0,373500.0,2.623775
1767574800,373500.0,377506.0,373499.0,377000.0,2.652485
1767578400,377286.0,377495.0,376058.0,377116.0,1.965794
1767582000,377116.0,378471.0,377115.0,378101.0,1.0219
1767585600,378102.0,378103.0,376559.0,377297.0,1.521655
1767589200,377298.0,377899.0,376183.0,376224.0,1.250561
1767592800,376323.0,376943.0,376046.0,376189.0,0.627853
1767596400,376188.0,376520.0,376054.0,376062.0,0.437367
1767600000,376172.0,376679.0,376172.0,376453.0,0.555365
1767603600,376452.0,377437.0,376046.0,376830.0,0.551743
1767607200,377446.0,378399.0,376842.0,378268.0,0.562114
1767610800,378199.0,378626.0,378108.0,378626.0,0.653561
1767614400,378625.0,378695.0,377635.0,377931.0,0.48353
1767618000,377932.0,378695.0,377042.0,377584.0,0.523914
1767621600,377598.0,380970.0,377001.0,380247.0,1.699045
1767625200,380556.0,382115.0,379727.0,382112.0,2.411829
1767628800,382112.0,382200.0,381040.0,381386.0,0.863848
1767632400,381346.0,383000.0,377229.0,383000.0,1.182908
1767636000,383000.0,383017.0,381762.0,383017.0,0.826073
1767639600,383017.0,383017.0,382554.0,382554.0,0.605823
1767643200,382555.0,383699.0,381816.0,381816.0,1.194894
1767646800,381816.0,382466.0,381063.0,381879.0,0.379783
1767650400,381879.0,383380.0,381708.0,381755.0,1.019028
1767654000,381754.0,381754.0,380772.0,380788.0,0.850661
1767657600,380741.0,380742.0,378587.0,378999.0,0.802774
1767661200,378998.0,380499.0,378998.0,379498.0,1.089863
1767664800,379497.0,379652.0,378378.0,378530.0,0.815867
1767668400,378521.0,379601.0,378420.0,379127.0,0.711498
1767672000,378878.0,379676.0,378867.0,378948.0,0.748715
1767675600,378900.0,378901.0,378276.0,378277.0,0.50285
1767679200,378276.0,379317.0,378028.0,379301.0,1.470433
1767682800,379302.0,379302.0,376670.0,376901.0,1.211246
1767686400,376901.0,377562.0,376621.0,376976.0,0.79652
1767690000,376977.0,378165.0,376960.0,377996.0,0.340648
1767693600,377997.0,378498.0,377996.0,378360.0,0.505178
1767697200,378360.0,379682.0,378360.0,379595.0,0.291022
1767700800,379595.0,380000.0,379594.0,379998.0,0.376408
1767704400,379998.0,379998.0,379614.0,379615.0,0.454003
1767708000,379615.0,381550.0,379001.0,379632.0,2.916749
1767711600,379620.0,381455.0,378189.0,378995.0,1.94516
1767715200,379450.0,379786.0,374569.0,375482.0,1.354152
1767718800,375203.0,375498.0,371786.0,371787.0,1.648297
1767722400,371786.0,373303.0,371101.0,373104.0,2.189859
1767726000,373098.0,373752.0,372737.0,373054.0,0.323098
1767729600,373053.0,374999.0,373053.0,374625.0,0.148329
1767733200,374834.0,379704.0,374027.0,377545.0,2.050028
1767736800,378071.0,378243.0,376580.0,378012.0,0.071152
1767740400,377962.0,379389.0,377962.0,379283.0,0.863478
1767744000,379287.0,379287.0,375354.0,375354.0,0.550269
1767747600,375354.0,375760.0,373470.0,373866.0,0.986683
1767751200,373842.0,376238.0,373811.0,375870.0,0.755339
1767754800,375950.0,376345.0,375126.0,375320.0,0.364587
1767758400,375320.0,375811.0,375001.0,375061.0,0.437624
1767762000,375060.0,375810.0,375000.0,375000.0,0.527021
1767765600,375000.0,375992.0,375000.0,375368.0,0.19335
1767769200,375368.0,375998.0,375368.0,375997.0,0.377977
1767772800,375997.0,376000.0,375997.0,375999.0,0.491735
1767776400,375999.0,375999.0,372001.0,372083.0,0.930464
1767780000,372083.0,372914.0,372000.0,372914.0,0.628271
1767783600,372915.0,374047.0,372915.0,373681.0,0.735423
1767787200,373647.0,373756.0,373328.0,373329.0,0.551219
1767790800,373330.0,374094.0,373000.0,373316.0,0.5603
1767794400,373316.0,373316.0,371421.0,373206.0,1.43598
1767798000,373141.0,373141.0,370400.0,370712.0,3.343299
1767801600,370704.0,371998.0,370022.0,370195.0,0.354818
1767805200,370123.0,371747.0,370000.0,370228.0,0.911264
1767808800,370252.0,370972.0,369004.0,369005.0,0.978308
1767812400,369005.0,370929.0,369001.0,370929.0,1.291932
1767816000,370929.0,370929.0,369322.0,370302.0,0.114975
1767819600,370658.0,370658.0,370170.0,370221.0,0.067189
1767823200,370001.0,370950.0,369323.0,370506.0,0.774903
1767826800,370071.0,371502.0,369823.0,371155.0,0.78442
1767830400,371156.0,371511.0,370007.0,371130.0,0.911932
1767834000,371152.0,371707.0,370744.0,371398.0,0.491735
1767837600,371398.0,371817.0,369005.0,369623.0,0.731298
1767841200,369623.0,370230.0,369006.0,369318.0,1.023262
1767844800,369318.0,370439.0,369006.0,370146.0,0.37186
1767848400,370346.0,370686.0,369259.0,369394.0,0.347563
1767852000,369395.0,369395.0,366600.0,366600.0,2.455324
1767855600,366400.0,367906.0,365501.0,367906.0,1.299441
1767859200,367906.0,368502.0,367007.0,367008.0,0.470836
1767862800,367008.0,367562.0,366271.0,366612.0,0.460926
1767866400,366612.0,367864.0,366000.0,367864.0,0.553252
1767870000,367864.0,368012.0,366306.0,367070.0,0.238117
1767873600,367070.0,367070.0,365569.0,366246.0,1.373936
1767877200,366247.0,366327.0,365847.0,366206.0,3.248774
1767880800,366207.0,366626.0,364001.0,366082.0,2.894324
1767884400,366082.0,368872.0,365791.0,368872.0,0.729381
1767888000,368872.0,368872.0,367109.0,368872.0,3.317947
1767891600,368872.0,370989.0,368872.0,370989.0,1.287548
1767895200,370988.0,371508.0,369263.0,369626.0,0.472187
1767898800,369627.0,370530.0,368871.0,368871.0,0.061356
1767902400,368872.0,368872.0,367949.0,368842.0,0.045609
1767906000,368842.0,370665.0,368842.0,370565.0,0.082069
1767909600,370565.0,371424.0,369751.0,370042.0,0.249748
1767913200,370042.0,370109.0,369658.0,369659.0,0.773184
1767916800,369600.0,370981.0,369547.0,370732.0,0.200581
1767920400,370732.0,371699.0,363937.0,369864.0,2.500286
1767924000,369864.0,371487.0,369613.0,369613.0,0.574577
1767927600,369935.0,370682.0,369654.0,370486.0,0.590297
1767931200,370487.0,370487.0,369384.0,369880.0,0.278912
1767934800,369881.0,370017.0,369646.0,369907.0,0.204686
1767938400,369907.0,370193.0,369661.0,370169.0,0.520291
1767942000,370169.0,370170.0,369002.0,369002.0,0.758578
1767945600,369055.0,369332.0,365002.0,365916.0,1.065504
1767949200,366584.0,367877.0,366584.0,367399.0,0.405176
1767952800,367399.0,368364.0,367363.0,367776.0,0.327973
1767956400,367776.0,368748.0,367776.0,367900.0,0.805415
1767960000,367960.0,368349.0,367600.0,368097.0,0.139325
1767963600,368084.0,369371.0,367882.0,368998.0,0.87326
1767967200,368998.0,368998.0,362877.0,366505.0,4.207651
1767970800,366505.0,373500.0,365662.0,370002.0,2.390589
1767974400,370821.0,372924.0,370600.0,372631.0,0.73094
1767978000,372293.0,372600.0,370024.0,371579.0,0.509264
1767981600,371811.0,372134.0,368204.0,369757.0,0.11246
1767985200,368856.0,368956.0,367002.0,367745.0,0.021341
1767988800,367601.0,368492.0,367041.0,367663.0,0.076898
1767992400,367516.0,368762.0,367516.0,368566.0,0.100575
1767996000,368566.0,369164.0,367900.0,368910.0,0.050953
1767999600,368909.0,369249.0,368909.0,369000.0,0.113083
1768003200,369001.0,369100.0,368721.0,368874.0,0.144646
1768006800,368873.0,368874.0,368873.0,368874.0,0.127909
1768010400,368874.0,368874.0,368873.0,368873.0,0.176468
1768014000,368873.0,369127.0,368873.0,369112.0,0.523029
1768017600,369112.0,369112.0,368509.0,368709.0,0.204524
1768021200,368709.0,369189.0,368708.0,369188.0,0.199979
1768024800,369189.0,369189.0,369086.0,369087.0,0.29534
1768028400,369086.0,369490.0,369086.0,369463.0,0.201887
1768032000,369463.0,369699.0,369224.0,369341.0,0.13256
1768035600,369443.0,369542.0,369288.0,369491.0,0.176642
1768039200,369491.0,369999.0,369490.0,369999.0,0.399377
1768042800,369999.0,370000.0,369813.0,369813.0,0.352891
1768046400,369813.0,370023.0,369800.0,369866.0,0.184602
1768050000,369866.0,370000.0,369865.0,369951.0,0.508575
1768053600,369952.0,369952.0,369561.0,369615.0,0.297751
1768057200,369665.0,369951.0,369665.0,369951.0,0.474472
1768060800,369951.0,370098.0,369950.0,370097.0,0.191179
1768064400,370098.0,370383.0,369672.0,369695.0,0.168039
1768068000,369695.0,369944.0,369616.0,369943.0,0.104277
1768071600,369943.0,369993.0,369943.0,369993.0,0.139058
1768075200,369992.0,369999.0,369966.0,369967.0,0.062842
1768078800,369896.0,369904.0,369620.0,369766.0,0.042132
1768082400,369767.0,369999.0,369416.0,369794.0,0.147838
1768086000,369641.0,369957.0,369641.0,369859.0,0.123217
1768089600,369816.0,370175.0,369519.0,370171.0,0.250356
1768093200,370171.0,370200.0,370002.0,370003.0,0.09914
1768096800,370003.0,370343.0,370003.0,370343.0,0.232473
1768100400,370343.0,370493.0,370140.0,370354.0,0.398877
1768104000,370499.0,370712.0,370348.0,370712.0,0.551557
1768107600,370712.0,370899.0,370701.0,370701.0,0.242
1768111200,370701.0,370702.0,370400.0,370401.0,0.186109
1768114800,370400.0,370536.0,370400.0,370502.0,0.40421
1768118400,370503.0,370702.0,370499.0,370702.0,0.27518
1768122000,370702.0,370896.0,370501.0,370502.0,0.24061
1768125600,370501.0,370680.0,370501.0,370679.0,0.741343
1768129200,370680.0,370680.0,370501.0,370556.0,0.361095
1768132800,370559.0,371257.0,370558.0,371256.0,0.260843
1768136400,371257.0,371257.0,370838.0,370942.0,0.325679
1768140000,370942.0,372000.0,370941.0,372000.0,0.519196
1768143600,371381.0,371921.0,370711.0,370883.0,0.230546
1768147200,371226.0,372460.0,370000.0,371507.0,0.838354
1768150800,371398.0,372023.0,370646.0,371118.0,0.111271
1768154400,370954.0,371087.0,370016.0,370636.0,0.060311
1768158000,370924.0,370924.0,370002.0,370003.0,0.082285
1768161600,370002.0,370002.0,369194.0,369998.0,0.259671
1768165200,369972.0,370789.0,369886.0,370525.0,0.036406
1768168800,370453.0,370453.0,369222.0,369782.0,0.146138
1768172400,369781.0,371377.0,368875.0,371192.0,0.691774
1768176000,371356.0,372499.0,370389.0,371711.0,1.284891
1768179600,372281.0,373970.0,371280.0,372740.0,1.159854
1768183200,372628.0,375000.0,372256.0,375000.0,0.824805
1768186800,375000.0,376174.0,373307.0,373307.0,1.094161
1768190400,373538.0,374749.0,371190.0,374482.0,1.354544
1768194000,374482.0,374761.0,373909.0,374055.0,0.243604
1768197600,374002.0,374398.0,373001.0,373002.0,0.553627
1768201200,373002.0,373002.0,371026.0,371420.0,0.592996
1768204800,371393.0,372024.0,368000.0,368532.0,2.301272
1768208400,368532.0,369306.0,368531.0,368538.0,0.733129
1768212000,368733.0,368822.0,367783.0,367944.0,0.595753
1768215600,367943.0,369090.0,367943.0,368843.0,0.715682
1768219200,368843.0,369374.0,368842.0,369355.0,0.217135
1768222800,369356.0,369356.0,368557.0,368944.0,0.454051
1768226400,368945.0,370233.0,366573.0,370005.0,2.714033
1768230000,370005.0,372684.0,369213.0,372683.0,0.420132
1768233600,372684.0,374998.0,372684.0,374466.0,0.689115
1768237200,374466.0,375000.0,370741.0,372202.0,1.190667
1768240800,372095.0,373314.0,371961.0,372678.0,0.911872
1768244400,372677.0,372958.0,371837.0,372956.0,0.027102
1768248000,372956.0,373838.0,371561.0,371562.0,0.41053
1768251600,371561.0,371718.0,370000.0,370001.0,0.036312
1768255200,370001.0,371494.0,370001.0,371078.0,0.489399
1768258800,371077.0,371175.0,370340.0,371127.0,0.507854
1768262400,371004.0,371718.0,370985.0,371717.0,0.424612
1768266000,371718.0,371825.0,370003.0,370565.0,0.723119
1768269600,370565.0,371135.0,370103.0,370503.0,0.220748
1768273200,370504.0,371362.0,370269.0,370925.0,0.394094
1768276800,370935.0,371794.0,370934.0,371242.0,0.26886
1768280400,371241.0,373999.0,371241.0,373194.0,0.607617
1768284000,373194.0,373999.0,372736.0,373998.0,0.725942
1768287600,373999.0,373999.0,373035.0,373337.0,0.490101
1768291200,373337.0,373949.0,373210.0,373944.0,0.953268
1768294800,373944.0,375432.0,373938.0,374205.0,2.968193
1768298400,374204.0,374587.0,373637.0,373637.0,0.913424
1768302000,373638.0,374221.0,373637.0,373638.0,0.438936
1768305600,373637.0,373714.0,373258.0,373714.0,0.632538
1768309200,373713.0,375000.0,373609.0,373736.0,1.740312
1768312800,373736.0,376504.0,373001.0,375339.0,1.866141
1768316400,375338.0,377900.0,373710.0,377900.0,1.460469
1768320000,377997.0,378767.0,377244.0,378197.0,1.750956
1768323600,378253.0,378354.0,376944.0,377522.0,0.232433
1768327200,377237.0,378887.0,377237.0,378500.0,0.642485
1768330800,378500.0,380499.0,378420.0,380499.0,1.34647
1768334400,380499.0,381445.0,380498.0,381413.0,1.121194
1768338000,381413.0,381583.0,379991.0,379992.0,1.629856
1768341600,379991.0,387000.0,379991.0,386409.0,6.643979
1768345200,386409.0,387000.0,383919.0,384645.0,1.906905
1768348800,384189.0,385000.0,383118.0,384129.0,0.636466
1768352400,384130.0,384948.0,383783.0,384435.0,1.186942
1768356000,384435.0,384949.0,383984.0,384369.0,0.771575
1768359600,384441.0,385000.0,384368.0,384999.0,0.679925
1768363200,385000.0,385248.0,384002.0,384002.0,1.307858
1768366800,384001.0,384001.0,383093.0,383211.0,0.420416
1768370400,383211.0,383212.0,381670.0,382961.0,1.015819
1768374000,382962.0,383609.0,382594.0,383398.0,0.998186
1768377600,383398.0,383999.0,382489.0,382489.0,0.557312
1768381200,382489.0,383203.0,382488.0,383200.0,0.690945
1768384800,383200.0,384000.0,383199.0,383769.0,0.62001
1768388400,383768.0,383769.0,382765.0,382766.0,0.366407
1768392000,382766.0,383527.0,382751.0,383517.0,1.313199
1768395600,383517.0,384241.0,383500.0,383560.0,0.571687
1768399200,383561.0,389999.0,383561.0,389588.0,4.016214
1768402800,389164.0,391227.0,388504.0,390706.0,4.604282
1768406400,390735.0,393651.0,390735.0,392735.0,2.636892
1768410000,392695.0,394239.0,390837.0,391391.0,0.975776
1768413600,391390.0,391726.0,388995.0,390839.0,0.202488
1768417200,390986.0,392860.0,390399.0,392213.0,1.012049
1768420800,392385.0,394300.0,392385.0,393065.0,0.963668
1768424400,393065.0,393945.0,392859.0,393109.0,0.110375
1768428000,393291.0,393405.0,390712.0,390712.0,0.588056
1768431600,390730.0,392035.0,390052.0,390835.0,1.490688
1768435200,390834.0,391005.0,389370.0,389596.0,0.448238
1768438800,389596.0,390807.0,388476.0,389153.0,1.533067
1768442400,389153.0,389684.0,388091.0,388826.0,0.7474
1768446000,388826.0,388910.0,387001.0,387732.0,0.690221
1768449600,387636.0,388750.0,387631.0,388742.0,0.269775
1768453200,388749.0,389698.0,388749.0,389553.0,0.583092
1768456800,389635.0,389999.0,388888.0,389261.0,0.836693
1768460400,388938.0,390801.0,388910.0,390436.0,0.51779
1768464000,390500.0,390999.0,389041.0,390898.0,0.327621
1768467600,390997.0,392681.0,388907.0,392681.0,1.171273
1768471200,392666.0,392666.0,391801.0,391802.0,0.548258
1768474800,391801.0,392037.0,390933.0,390997.0,0.39785
1768478400,390930.0,392038.0,390926.0,392038.0,0.558916
1768482000,392037.0,392336.0,391378.0,391957.0,0.778962
1768485600,391957.0,392681.0,387012.0,389025.0,1.165653
1768489200,389026.0,390998.0,386268.0,390998.0,4.056011
1768492800,391000.0,391837.0,389319.0,391630.0,0.579935
1768496400,391259.0,391999.0,390016.0,390659.0,0.100791
1768500000,390701.0,390978.0,387559.0,387567.0,0.434081
1768503600,387560.0,387892.0,385522.0,386442.0,0.671768
1768507200,386442.0,386865.0,385195.0,385195.0,0.23786
1768510800,385196.0,387255.0,385196.0,386967.0,0.15084
1768514400,386966.0,387924.0,386789.0,387141.0,0.168256
1768518000,387140.0,387721.0,387111.0,387375.0,0.352569
1768521600,387375.0,388360.0,387375.0,387938.0,0.503907
1768525200,387938.0,388627.0,387938.0,388190.0,0.421632
1768528800,388189.0,388190.0,387702.0,387906.0,0.678398
1768532400,387922.0,388070.0,387501.0,387501.0,0.902226
1768536000,387501.0,387739.0,386354.0,386355.0,0.31439
1768539600,386355.0,388032.0,386355.0,388027.0,0.70314
1768543200,388085.0,388389.0,387825.0,388389.0,0.423096
1768546800,388388.0,388506.0,387087.0,387754.0,0.297172
1768550400,387847.0,388384.0,387512.0,388076.0,0.506752
1768554000,388000.0,388469.0,387661.0,387661.0,0.670961
1768557600,387660.0,387661.0,386673.0,386673.0,0.228936
1768561200,386673.0,386673.0,386509.0,386671.0,0.532218
1768564800,386671.0,387589.0,386670.0,387152.0,0.421911
1768568400,387152.0,387603.0,387151.0,387238.0,0.138463
1768572000,387238.0,388765.0,387151.0,387152.0,0.620533
1768575600,387151.0,388057.0,383505.0,384097.0,2.052352
1768579200,384039.0,385200.0,384039.0,384945.0,0.481982
1768582800,384941.0,385153.0,384406.0,385153.0,0.392168
1768586400,386272.0,386341.0,385654.0,385784.0,0.158703
1768590000,385781.0,385781.0,385187.0,385537.0,0.044777
1768593600,385321.0,386578.0,384457.0,386578.0,0.125284
1768597200,387593.0,387668.0,386910.0,387533.0,0.173907
1768600800,387299.0,387299.0,386384.0,387240.0,0.340537
1768604400,387299.0,387799.0,387144.0,387799.0,0.344092
1768608000,387611.0,387729.0,387303.0,387479.0,0.259787
1768611600,387356.0,387530.0,387355.0,387502.0,0.247134
1768615200,387502.0,387502.0,386800.0,386999.0,0.284015
1768618800,386999.0,386999.0,386802.0,386803.0,0.178583
1768622400,386803.0,386803.0,386801.0,386802.0,0.662104
1768626000,386802.0,386802.0,386801.0,386802.0,0.139849
1768629600,386802.0,386952.0,386800.0,386800.0,0.224808
1768633200,386800.0,386801.0,384912.0,385911.0,0.373837
1768636800,385913.0,386540.0,385907.0,386509.0,0.548219
1768640400,386509.0,386509.0,386457.0,386458.0,0.107937
1768644000,386459.0,386459.0,386457.0,386457.0,0.232648
1768647600,386457.0,386457.0,386201.0,386399.0,0.184845
1768651200,386399.0,386712.0,386399.0,386598.0,0.069866
1768654800,386598.0,387327.0,386504.0,387213.0,0.16617
1768658400,387213.0,387595.0,387034.0,387115.0,0.244215
1768662000,387352.0,387800.0,387073.0,387718.0,0.386281
1768665600,387718.0,387718.0,386999.0,387000.0,0.185383
1768669200,387000.0,387000.0,386788.0,386788.0,0.439099
1768672800,386789.0,386998.0,386788.0,386998.0,0.104406
1768676400,386998.0,386998.0,386751.0,386751.0,0.016576
1768680000,386751.0,386871.0,386570.0,386871.0,0.008347
1768683600,386871.0,386950.0,386581.0,386582.0,0.025879
1768687200,386581.0,386582.0,386151.0,386151.0,0.154493
1768690800,386082.0,386369.0,385909.0,385941.0,0.047757
1768694400,385941.0,386170.0,385941.0,386170.0,0.152941
1768698000,386170.0,386170.0,385290.0,385420.0,0.191888
1768701600,385441.0,385549.0,385252.0,385287.0,0.737198
1768705200,385287.0,386264.0,385283.0,386001.0,0.653267
1768708800,386000.0,386022.0,385321.0,385321.0,0.236937
1768712400,385325.0,385777.0,385291.0,385749.0,0.116678
1768716000,385695.0,386137.0,385560.0,385590.0,0.229877
1768719600,385590.0,385712.0,385250.0,385251.0,0.304795
1768723200,385200.0,385994.0,385100.0,385617.0,0.356719
1768726800,385618.0,386295.0,385342.0,385998.0,0.159924
1768730400,385998.0,385999.0,385502.0,385503.0,0.078921
1768734000,385503.0,385503.0,385502.0,385503.0,0.18679
1768737600,385503.0,385821.0,385502.0,385621.0,0.27733
1768741200,385622.0,386169.0,385156.0,386001.0,0.404951
1768744800,386001.0,386579.0,385531.0,385531.0,0.330346
1768748400,385532.0,386093.0,385525.0,386092.0,0.40951
1768752000,386092.0,386303.0,386092.0,386275.0,0.068011
1768755600,386275.0,386886.0,386275.0,386886.0,0.030993
1768759200,386887.0,387518.0,386605.0,387518.0,0.203952
1768762800,387517.0,387624.0,387068.0,387214.0,0.055089
1768766400,387214.0,387214.0,386965.0,386966.0,0.018352
1768770000,386966.0,387331.0,386965.0,387330.0,0.022904
1768773600,387331.0,387701.0,387331.0,387639.0,0.251095
1768777200,387499.0,387499.0,380502.0,380502.0,2.269373
1768780800,380503.0,380754.0,375601.0,378258.0,4.952168
1768784400,378240.0,378343.0,375696.0,376847.0,4.728166
1768788000,376814.0,377065.0,375000.0,376848.0,1.3685
1768791600,376967.0,377763.0,376530.0,376924.0,1.192576
1768795200,376886.0,377203.0,376501.0,377173.0,0.692087
1768798800,377052.0,377572.0,376800.0,376800.0,0.321561
1768802400,376800.0,376923.0,376520.0,376749.0,0.558015
1768806000,376749.0,377000.0,376748.0,376999.0,0.93401
1768809600,377000.0,378499.0,377000.0,378498.0,2.031298
1768813200,378441.0,378499.0,377150.0,377683.0,0.306533
1768816800,377668.0,377668.0,377000.0,377423.0,0.203109
1768820400,377446.0,378372.0,377245.0,377926.0,0.29245
1768824000,377926.0,377999.0,377359.0,377437.0,0.548724
1768827600,377437.0,377437.0,377001.0,377200.0,0.569375
1768831200,377200.0,377200.0,376102.0,376291.0,2.557738
1768834800,376291.0,377199.0,376290.0,377199.0,0.357386
1768838400,377199.0,378001.0,377008.0,378001.0,0.395506
1768842000,378001.0,378202.0,377628.0,377628.0,0.175521
1768845600,377628.0,377788.0,376809.0,376909.0,0.188011
1768849200,377114.0,377156.0,376830.0,377098.0,0.048718
1768852800,377098.0,377100.0,377098.0,377099.0,0.192949
1768856400,377100.0,377100.0,376895.0,376896.0,0.251723
1768860000,376895.0,376896.0,375960.0,375960.0,0.437168
1768863600,375960.0,375960.0,374100.0,375297.0,0.908926
1768867200,375298.0,375964.0,374068.0,375457.0,0.57134
1768870800,375456.0,375999.0,375099.0,375998.0,0.356387
1768874400,375777.0,375777.0,374339.0,374850.0,0.967753
1768878000,374850.0,374999.0,374080.0,374140.0,0.449253
1768881600,374128.0,374147.0,372800.0,372800.0,0.567271
1768885200,372801.0,372801.0,370000.0,371001.0,1.114268
1768888800,371000.0,371000.0,368202.0,368205.0,1.681074
1768892400,368205.0,369604.0,368204.0,369201.0,0.668259
1768896000,369202.0,369586.0,368088.0,368917.0,2.285892
1768899600,369134.0,369134.0,368256.0,368761.0,0.92308
1768903200,368760.0,369639.0,368713.0,369636.0,0.443748
1768906800,369636.0,370000.0,369636.0,369636.0,0.290736
1768910400,369636.0,369700.0,368762.0,369566.0,1.318563
1768914000,369774.0,369774.0,368088.0,368505.0,0.8006
1768917600,368656.0,369997.0,366523.0,367413.0,1.640269
1768921200,367343.0,368341.0,365221.0,367745.0,1.980749
1768924800,368046.0,369441.0,366323.0,366403.0,0.87676
1768928400,366419.0,367675.0,364203.0,365300.0,1.234072
1768932000,365831.0,365975.0,364008.0,364008.0,0.377383
1768935600,364009.0,364750.0,363203.0,364260.0,0.955812
1768939200,364124.0,364946.0,363263.0,364225.0,0.6534
1768942800,364227.0,364301.0,363500.0,363520.0,0.295102
1768946400,363502.0,363915.0,359176.0,359500.0,3.321137
1768950000,359492.0,360001.0,358018.0,359546.0,2.862047
1768953600,359546.0,361786.0,359203.0,361671.0,0.761768
1768957200,361671.0,362619.0,361543.0,362212.0,0.650755
1768960800,362212.0,363542.0,362211.0,362643.0,0.596172
1768964400,362643.0,364692.0,362643.0,364212.0,0.653073
1768968000,364212.0,364798.0,364211.0,364231.0,0.317866
1768971600,364231.0,366416.0,364211.0,365825.0,0.611178
1768975200,365825.0,365825.0,364343.0,364495.0,0.356893
1768978800,364495.0,365298.0,363100.0,363100.0,0.626408
1768982400,363104.0,363941.0,362212.0,362881.0,0.860491
1768986000,362881.0,363631.0,362268.0,362268.0,0.233972
1768989600,362210.0,363111.0,362209.0,362535.0,0.53749
1768993200,362220.0,363227.0,361000.0,361001.0,0.633194
1768996800,361000.0,361012.0,358717.0,360195.0,1.185184
1769000400,359864.0,361086.0,359011.0,359783.0,1.34975
1769004000,359009.0,364832.0,359009.0,364104.0,2.69099
1769007600,364104.0,366771.0,363637.0,365705.0,1.181996
1769011200,365739.0,365868.0,355801.0,355801.0,1.5742
1769014800,356163.0,357696.0,355001.0,357013.0,0.688673
1769018400,357000.0,359379.0,355850.0,359370.0,0.298989
1769022000,359498.0,366239.0,358503.0,365942.0,0.695035
1769025600,365169.0,365894.0,363005.0,365269.0,0.083833
1769029200,364783.0,366069.0,364783.0,365276.0,0.124289
1769032800,365486.0,365981.0,364010.0,364011.0,0.124406
1769036400,364010.0,365064.0,362387.0,362387.0,0.318535
1769040000,362387.0,364507.0,362371.0,364172.0,0.432253
1769043600,364172.0,364939.0,363771.0,364836.0,0.733336
1769047200,364449.0,365564.0,364001.0,364075.0,0.74467
1769050800,364015.0,364836.0,363183.0,363789.0,0.54872
1769054400,363788.0,364695.0,363612.0,364305.0,0.663575
1769058000,364264.0,364389.0,364073.0,364074.0,0.339764
1769061600,364431.0,365000.0,364045.0,365000.0,0.310847
1769065200,365000.0,365000.0,363616.0,363617.0,0.307126
1769068800,363616.0,364109.0,363616.0,363743.0,0.381349
1769072400,363744.0,364429.0,363623.0,364044.0,0.202221
1769076000,364044.0,364204.0,363781.0,364172.0,0.198149
1769079600,364179.0,364332.0,363901.0,363901.0,0.288346
1769083200,363901.0,364227.0,363832.0,364043.0,0.411009
1769086800,364042.0,364557.0,362388.0,362388.0,0.5946
1769090400,362387.0,362582.0,360570.0,360662.0,0.638933
1769094000,360661.0,361536.0,358501.0,360047.0,0.973611
1769097600,360215.0,361071.0,359142.0,359906.0,0.490561
1769101200,360489.0,362235.0,360441.0,362235.0,0.148912
1769104800,362217.0,362746.0,361607.0,361607.0,0.202282
1769108400,361571.0,363615.0,361278.0,363507.0,0.078281
1769112000,363392.0,364017.0,362414.0,362414.0,0.029376
1769115600,362206.0,363067.0,361852.0,361853.0,0.084121
1769119200,361854.0,362585.0,361275.0,361865.0,0.237998
1769122800,361865.0,362714.0,361272.0,362665.0,0.292357
1769126400,362666.0,362666.0,362226.0,362460.0,0.4894
1769130000,362239.0,363131.0,362226.0,362933.0,0.793598
1769133600,363239.0,363239.0,361759.0,361759.0,0.376256
1769137200,361844.0,362719.0,361502.0,362300.0,0.463691
1769140800,362300.0,362586.0,361612.0,362056.0,0.749706
1769144400,361603.0,361603.0,359033.0,359111.0,2.120521
1769148000,359452.0,360404.0,359133.0,359502.0,1.598453
1769151600,359502.0,359859.0,358625.0,359115.0,3.168082
1769155200,359102.0,359788.0,357521.0,357992.0,4.451127
1769158800,357993.0,358964.0,357500.0,357501.0,1.508004
1769162400,357501.0,357604.0,357003.0,357327.0,0.385923
1769166000,357302.0,358746.0,357022.0,358331.0,1.476289
1769169600,358346.0,358882.0,353873.0,358713.0,3.238724
1769173200,358674.0,358929.0,358615.0,358924.0,0.522506
1769176800,358924.0,359813.0,357001.0,357744.0,0.915676
1769180400,357744.0,360983.0,356777.0,360433.0,1.089353
1769184000,360720.0,363473.0,360217.0,362329.0,0.732562
1769187600,362197.0,366276.0,361832.0,364003.0,1.108552
1769191200,364002.0,365255.0,363209.0,363209.0,0.176604
1769194800,362885.0,363466.0,360000.0,360953.0,0.04359
1769198400,360689.0,361275.0,358455.0,358456.0,0.194059
1769202000,359050.0,359722.0,358351.0,358351.0,0.02112
1769205600,358934.0,359921.0,358788.0,359725.0,0.14689
1769209200,359725.0,359725.0,359121.0,359412.0,0.257262
1769212800,359413.0,359468.0,359014.0,359030.0,0.139145
1769216400,359029.0,359030.0,358926.0,359029.0,0.293095
1769220000,359030.0,359997.0,359029.0,359700.0,0.413936
1769223600,359700.0,361187.0,359700.0,360408.0,0.318473
1769227200,360408.0,361010.0,360396.0,361006.0,0.158325
1769230800,361006.0,361164.0,360904.0,360983.0,0.205643
1769234400,360982.0,360983.0,360203.0,360674.0,0.305587
1769238000,360674.0,360985.0,360656.0,360664.0,0.76633
1769241600,360665.0,360959.0,360664.0,360810.0,0.334359
1769245200,360810.0,360810.0,360788.0,360789.0,0.304421
1769248800,360788.0,360792.0,360676.0,360792.0,0.341258
1769252400,360792.0,360792.0,360790.0,360791.0,0.200337
1769256000,360791.0,360791.0,360297.0,360298.0,0.131754
1769259600,360298.0,360298.0,359997.0,359997.0,0.471408
1769263200,359514.0,359514.0,359000.0,359126.0,0.576232
1769266800,359127.0,359127.0,358551.0,358552.0,0.238652
1769270400,358551.0,358551.0,358000.0,358002.0,0.255743
1769274000,358002.0,358382.0,358000.0,358000.0,0.10997
1769277600,358001.0,358133.0,358000.0,358001.0,0.080943
1769281200,358001.0,358001.0,358000.0,358001.0,0.03111
1769284800,358000.0,358001.0,358000.0,358001.0,0.061922
1769288400,358001.0,358001.0,358000.0,358000.0,0.245407
1769292000,358001.0,358223.0,358001.0,358002.0,0.187413
1769295600,358003.0,358003.0,358000.0,358001.0,0.134906
1769299200,358001.0,358001.0,357900.0,357902.0,0.226203
1769302800,357902.0,357902.0,357101.0,357379.0,0.256218
1769306400,357379.0,357924.0,357218.0,357218.0,0.408569
1769310000,357219.0,357445.0,356380.0,356936.0,0.473341
1769313600,356896.0,357458.0,356782.0,357359.0,0.312964
1769317200,357360.0,357511.0,356638.0,357147.0,0.411295
1769320800,357148.0,357148.0,356173.0,356733.0,0.674123
1769324400,356733.0,356733.0,356396.0,356397.0,0.223763
1769328000,356397.0,356416.0,355000.0,355021.0,0.465878
1769331600,355020.0,355782.0,355001.0,355471.0,0.514018
1769335200,355479.0,356511.0,355479.0,356433.0,0.241657
1769338800,356433.0,356621.0,356287.0,356374.0,0.312785
1769342400,356374.0,357029.0,356001.0,357014.0,0.202265
1769346000,357013.0,357719.0,357004.0,357608.0,0.191002
1769349600,357609.0,357693.0,356732.0,356733.0,0.583849
1769353200,356733.0,356733.0,356000.0,356001.0,0.412153
1769356800,356001.0,356001.0,353220.0,354242.0,1.929492
1769360400,354241.0,354242.0,353751.0,353759.0,0.471184
1769364000,353759.0,354033.0,350495.0,351911.0,1.287722
1769367600,351913.0,351913.0,347900.0,348346.0,3.825951
1769371200,348346.0,349168.0,346900.0,348948.0,0.875316
1769374800,349556.0,350000.0,348058.0,348751.0,0.275993
1769378400,348751.0,348873.0,347500.0,348487.0,0.53936
1769382000,348431.0,349386.0,346900.0,348726.0,2.236555
1769385600,348769.0,348902.0,346001.0,346818.0,2.467317
1769389200,346817.0,349659.0,346817.0,349210.0,1.514091
1769392800,349209.0,350000.0,347595.0,348351.0,1.526204
1769396400,348352.0,348673.0,347002.0,347049.0,1.1827
1769400000,347048.0,349667.0,347048.0,348957.0,0.963523
1769403600,348957.0,349475.0,348957.0,349402.0,0.449178
1769407200,349402.0,350000.0,349006.0,349673.0,0.537543
1769410800,349673.0,349999.0,349004.0,349970.0,0.875976
1769414400,349970.0,351100.0,348958.0,349329.0,2.652976
1769418000,349329.0,349866.0,348500.0,348500.0,0.638445
1769421600,348500.0,349105.0,348092.0,349105.0,0.45245
1769425200,349105.0,349105.0,348734.0,348765.0,0.622886
1769428800,348765.0,348925.0,348752.0,348866.0,0.331487
1769432400,348866.0,349107.0,348750.0,349107.0,0.600898
1769436000,349107.0,351080.0,348000.0,350432.0,2.162168
1769439600,350188.0,352238.0,347500.0,348067.0,1.672149
1769443200,348067.0,349193.0,347000.0,348179.0,1.569685
1769446800,348178.0,348610.0,346501.0,348251.0,1.008788
1769450400,348251.0,350751.0,348251.0,350421.0,0.611163
1769454000,350422.0,351213.0,349617.0,349617.0,0.282295
1769457600,349617.0,349762.0,347627.0,347803.0,0.31911
1769461200,347803.0,349872.0,347803.0,349617.0,0.318944
1769464800,349617.0,349861.0,349340.0,349861.0,0.290933
1769468400,349860.0,351869.0,349670.0,350614.0,0.401854
1769472000,350615.0,350821.0,350601.0,350722.0,0.458486
1769475600,350723.0,352080.0,350601.0,351729.0,0.722128
1769479200,351728.0,352399.0,351597.0,352399.0,0.795665
1769482800,352399.0,352400.0,351719.0,352064.0,0.426141
1769486400,352065.0,352972.0,351499.0,351500.0,0.481052
1769490000,351500.0,351500.0,350982.0,351159.0,0.340421
1769493600,351160.0,351160.0,350601.0,350602.0,0.600307
1769497200,350602.0,351089.0,350601.0,350767.0,0.428063
1769500800,350766.0,350767.0,350010.0,350014.0,1.107647
1769504400,350014.0,350014.0,349552.0,349552.0,0.426759
1769508000,349551.0,349552.0,347173.0,348712.0,0.930939
1769511600,348787.0,349834.0,348731.0,349753.0,0.224786
1769515200,349753.0,349887.0,349278.0,349644.0,0.363449
1769518800,349644.0,349754.0,349001.0,349350.0,0.954526
1769522400,349368.0,350765.0,348022.0,348447.0,0.635163
1769526000,348446.0,349895.0,347501.0,349198.0,0.731445
1769529600,349242.0,351160.0,348765.0,351043.0,0.507761
1769533200,350937.0,351071.0,346193.0,346454.0,0.562104
1769536800,346433.0,349415.0,346423.0,349396.0,0.73053
1769540400,349088.0,350002.0,348672.0,349780.0,0.233926
1769544000,349793.0,352999.0,349793.0,352998.0,1.370809
1769547600,352996.0,353000.0,352182.0,352182.0,0.293379
1769551200,352609.0,353998.0,352372.0,353612.0,0.493807
1769554800,353611.0,354000.0,353261.0,353450.0,0.257739
1769558400,353450.0,353450.0,352226.0,352572.0,1.683894
1769562000,352572.0,352572.0,351507.0,351868.0,0.969718
1769565600,351905.0,351907.0,350328.0,350660.0,0.349502
1769569200,350902.0,350973.0,349188.0,350098.0,1.116061
1769572800,349734.0,350188.0,349040.0,349482.0,0.373127
1769576400,349482.0,349830.0,348901.0,349391.0,0.548312
1769580000,349746.0,350433.0,349621.0,350264.0,0.910996
1769583600,350370.0,350410.0,349635.0,349716.0,0.315347
1769587200,349715.0,349726.0,349000.0,349000.0,0.478055
1769590800,349000.0,350997.0,348702.0,350997.0,0.680988
1769594400,351000.0,351764.0,350344.0,350778.0,0.252061
1769598000,350736.0,353100.0,350384.0,353100.0,0.415322
1769601600,353100.0,353100.0,352251.0,352910.0,0.684105
1769605200,352955.0,354000.0,352948.0,353805.0,0.744387
1769608800,353946.0,353946.0,351002.0,351543.0,0.664299
1769612400,351558.0,352140.0,349289.0,351236.0,0.840336
1769616000,351235.0,352123.0,350516.0,352001.0,0.41705
1769619600,352000.0,354998.0,350856.0,354065.0,1.020334
1769623200,352802.0,352959.0,351000.0,351000.0,0.457977
1769626800,351000.0,351569.0,349998.0,351464.0,0.166202
1769630400,351036.0,352064.0,349800.0,350093.0,0.060464
1769634000,349995.0,351005.0,349277.0,351003.0,0.244152
1769637600,351004.0,351004.0,350196.0,350849.0,0.121395
1769641200,350849.0,351052.0,350196.0,350519.0,0.21376
1769644800,350519.0,350519.0,349006.0,349483.0,0.366815
1769648400,349810.0,349899.0,348009.0,348010.0,0.838216
1769652000,348010.0,348716.0,345678.0,345790.0,1.005828
1769655600,345791.0,346967.0,345566.0,346195.0,1.206825
1769659200,346082.0,346864.0,346001.0,346851.0,0.885554
1769662800,346852.0,346968.0,346300.0,346492.0,0.891482
1769666400,346362.0,346652.0,346362.0,346503.0,0.768421
1769670000,346503.0,346977.0,346500.0,346742.0,0.846383
1769673600,346742.0,347224.0,345548.0,345879.0,0.760265
1769677200,345822.0,346515.0,345602.0,345602.0,0.477673
1769680800,345602.0,345957.0,345500.0,345730.0,0.497094
1769684400,345730.0,346127.0,345389.0,345389.0,0.337884
1769688000,345390.0,346501.0,345390.0,346501.0,0.385868
1769691600,346501.0,346518.0,346334.0,346334.0,0.292044
1769695200,346333.0,346334.0,343700.0,343701.0,2.817875
1769698800,343700.0,343700.0,333588.0,335541.0,8.779127
1769702400,335192.0,336886.0,333333.0,336817.0,3.932356
1769706000,336812.0,338319.0,333002.0,333002.0,0.968552
1769709600,333393.0,334749.0,331001.0,331001.0,1.481699
1769713200,331001.0,334326.0,330504.0,333372.0,1.049716
1769716800,332623.0,334607.0,332271.0,333784.0,0.256873
1769720400,333892.0,336057.0,333778.0,335414.0,0.174969
1769724000,335426.0,335824.0,334546.0,335553.0,0.893035
1769727600,335554.0,336200.0,335054.0,336145.0,0.699204
1769731200,336145.0,336322.0,333334.0,333450.0,1.695286
1769734800,333451.0,333451.0,320000.0,326183.0,7.114206
1769738400,326183.0,326183.0,321916.0,324976.0,4.141652
1769742000,325000.0,327188.0,324901.0,327188.0,2.733313
1769745600,327188.0,329584.0,327187.0,328106.0,1.442608
1769749200,328106.0,329454.0,326726.0,328035.0,2.961461
1769752800,328035.0,328035.0,324900.0,326740.0,1.872103
1769756400,326741.0,327881.0,325881.0,326945.0,1.328788
1769760000,326956.0,327207.0,325530.0,326022.0,2.088907
1769763600,326022.0,326393.0,324747.0,325167.0,1.414242
1769767200,325168.0,327315.0,324673.0,327065.0,0.706303
1769770800,327142.0,328977.0,326969.0,328602.0,0.740882
1769774400,328601.0,328863.0,327180.0,327182.0,0.541056
1769778000,327577.0,327781.0,326197.0,327076.0,1.423854
1769781600,327075.0,331059.0,327074.0,328003.0,1.900439
1769785200,328375.0,330449.0,326002.0,327986.0,1.365924
1769788800,327984.0,329960.0,327112.0,328893.0,0.755969
1769792400,328889.0,330000.0,327229.0,328689.0,0.997654
1769796000,328689.0,332999.0,325000.0,332371.0,1.569492
1769799600,332593.0,334485.0,332593.0,334480.0,0.444265
1769803200,333646.0,333646.0,331001.0,332095.0,0.603306
1769806800,332308.0,334485.0,331724.0,334343.0,0.751622
1769810400,334342.0,334342.0,333005.0,334248.0,0.330469
1769814000,334248.0,335794.0,333901.0,335591.0,0.739353
1769817600,335590.0,335591.0,335073.0,335092.0,0.484799
1769821200,335092.0,335591.0,335000.0,335292.0,0.465506
1769824800,335091.0,335997.0,335000.0,335995.0,0.639081
1769828400,335995.0,336417.0,335901.0,335903.0,0.459067
1769832000,335903.0,335903.0,335437.0,335438.0,0.420764
1769835600,335438.0,335664.0,335423.0,335663.0,0.773699
1769839200,335663.0,335664.0,334129.0,334757.0,0.618077
1769842800,334757.0,334757.0,333540.0,333948.0,0.763606
1769846400,333948.0,333948.0,331000.0,332404.0,1.817054
1769850000,332141.0,332879.0,331480.0,332032.0,0.622304
1769853600,332186.0,332374.0,331501.0,332113.0,0.681141
1769857200,332114.0,332114.0,331500.0,331501.0,0.428956
1769860800,331501.0,331891.0,331000.0,331000.0,0.548778
1769864400,331001.0,331091.0,330002.0,330752.0,0.879296
1769868000,330752.0,331515.0,323500.0,325917.0,3.237736
1769871600,325917.0,327079.0,324603.0,325169.0,2.198391
1769875200,325147.0,327668.0,320690.0,320999.0,3.252835
1769878800,320999.0,322377.0,315280.0,315630.0,6.187537
1769882400,315658.0,316554.0,306546.0,312728.0,5.256414
1769886000,312694.0,314618.0,309134.0,311951.0,1.017358
1769889600,311536.0,312500.0,309087.0,312133.0,0.863322
1769893200,312705.0,313907.0,310086.0,313259.0,1.277857
1769896800,313760.0,314411.0,312446.0,313050.0,0.793986
1769900400,313051.0,317677.0,313000.0,315901.0,1.272637
1769904000,316123.0,318569.0,315801.0,317399.0,2.34535
1769907600,317190.0,317190.0,314558.0,315003.0,3.065885
1769911200,315003.0,317616.0,314662.0,317315.0,2.325925
1769914800,317303.0,317530.0,316004.0,317378.0,1.389775
1769918400,317378.0,317997.0,316341.0,317818.0,0.908961
1769922000,317586.0,317792.0,315714.0,315890.0,1.823987
1769925600,315890.0,316843.0,315018.0,315018.0,0.963181
1769929200,315019.0,315502.0,313149.0,314181.0,2.491073
1769932800,314181.0,315772.0,313961.0,314921.0,1.197102
1769936400,314865.0,316771.0,314523.0,316492.0,0.481573
1769940000,316492.0,316888.0,313509.0,313510.0,1.508877
1769943600,313510.0,315668.0,313510.0,315288.0,0.87663
1769947200,315288.0,315288.0,313673.0,314056.0,1.070682
1769950800,314056.0,315000.0,313291.0,313292.0,1.817276
1769954400,313291.0,314193.0,309410.0,313001.0,5.145751
1769958000,313001.0,313001.0,307613.0,310797.0,2.299302
1769961600,310793.0,311045.0,307559.0,309987.0,2.764096
1769965200,309986.0,310999.0,309501.0,310999.0,1.030083
1769968800,311000.0,313500.0,310957.0,310957.0,0.378166
1769972400,312597.0,312597.0,309000.0,309000.0,0.373163
1769976000,308946.0,311013.0,307400.0,308887.0,0.715797
1769979600,308887.0,308972.0,305852.0,305898.0,1.66417
1769983200,305898.0,311080.0,305898.0,309763.0,1.879101
1769986800,309470.0,310710.0,305000.0,308288.0,3.578722
1769990400,308598.0,311988.0,307159.0,310437.0,2.997441
1769994000,310430.0,311499.0,306979.0,309997.0,2.411476
1769997600,309455.0,309801.0,306000.0,306000.0,2.484933
1770001200,306001.0,306001.0,300000.0,305244.0,9.3755
1770004800,305246.0,306497.0,301838.0,303601.0,2.499003
1770008400,303601.0,303601.0,300155.0,302320.0,3.369328
1770012000,302320.0,306770.0,300500.0,306001.0,2.687701
1770015600,306007.0,307522.0,305503.0,306633.0,2.230505
1770019200,306915.0,308543.0,306537.0,307737.0,1.408981
1770022800,307825.0,311185.0,307002.0,310945.0,1.383818
1770026400,310999.0,311605.0,310083.0,310149.0,1.023345
1770030000,310148.0,311690.0,310024.0,311140.0,1.489173
1770033600,311301.0,313426.0,310901.0,312212.0,1.679658
1770037200,312140.0,313546.0,311502.0,313415.0,1.567667
1770040800,312779.0,315725.0,311000.0,311519.0,1.904113
1770044400,311875.0,316819.0,311000.0,315572.0,2.636167
1770048000,315527.0,317148.0,314877.0,315000.0,0.86808
1770051600,315000.0,317000.0,315000.0,316167.0,0.805095
1770055200,316058.0,316358.0,314030.0,315056.0,1.045255
1770058800,314167.0,314883.0,313699.0,314336.0,0.494327
1770062400,313700.0,315128.0,312229.0,312229.0,0.254772
1770066000,312794.0,314628.0,312740.0,314455.0,0.328975
1770069600,314747.0,315851.0,314560.0,315673.0,0.352651
1770073200,315676.0,316069.0,315022.0,315568.0,0.782655
1770076800,315567.0,315887.0,314302.0,315887.0,3.093197
1770080400,315887.0,316086.0,314012.0,315283.0,1.587066
1770084000,315284.0,315284.0,310014.0,310014.0,2.497667
1770087600,310014.0,313283.0,309201.0,312835.0,4.235619
1770091200,312835.0,313723.0,311535.0,312716.0,1.106346
1770094800,312585.0,312619.0,310423.0,310423.0,0.990513
1770098400,310423.0,311397.0,309101.0,310727.0,1.070656
1770102000,310727.0,312023.0,310726.0,311284.0,1.489972
1770105600,311284.0,311611.0,310001.0,310498.0,1.249328
1770109200,310647.0,310944.0,308000.0,309547.0,1.05152
1770112800,309668.0,310177.0,308407.0,308497.0,0.959251
1770116400,308632.0,309563.0,308505.0,308710.0,0.402183
1770120000,308604.0,310161.0,308292.0,309510.0,0.635716
1770123600,309637.0,309936.0,309134.0,309549.0,0.794456
1770127200,309541.0,310001.0,305841.0,305841.0,1.63855
1770130800,305841.0,308852.0,305040.0,308852.0,1.704674
1770134400,308838.0,308838.0,302680.0,302680.0,1.861327
1770138000,302681.0,302681.0,296599.0,296600.0,4.643534
1770141600,296600.0,297411.0,290012.0,290012.0,3.347135
1770145200,290012.0,298370.0,290000.0,297162.0,1.869729
1770148800,297162.0,303599.0,295793.0,302995.0,1.508551
1770152400,303341.0,304822.0,301147.0,301817.0,0.542
1770156000,301768.0,301811.0,298331.0,298860.0,0.570912
1770159600,299248.0,300158.0,298070.0,299270.0,1.257499
1770163200,298980.0,300704.0,297991.0,299216.0,3.0069
1770166800,299215.0,302283.0,299215.0,300676.0,1.304928
1770170400,300867.0,301429.0,297889.0,299053.0,1.802036
1770174000,299053.0,302786.0,298815.0,301904.0,1.257587
1770177600,301901.0,302147.0,301069.0,301070.0,0.750582
1770181200,301070.0,301193.0,300000.0,300180.0,1.285286
1770184800,300181.0,302000.0,300180.0,301626.0,0.497803
1770188400,301604.0,301605.0,300500.0,301131.0,0.361261
1770192000,301131.0,301408.0,299888.0,301408.0,0.95118
1770195600,301399.0,301472.0,299222.0,299954.0,0.5454
1770199200,299955.0,300498.0,299701.0,300498.0,0.614584
1770202800,300478.0,300478.0,298501.0,299847.0,0.983738
1770206400,299601.0,300368.0,299599.0,300076.0,0.67888
1770210000,300076.0,300122.0,295351.0,295352.0,1.223534
1770213600,295352.0,298404.0,293501.0,293501.0,2.28884
1770217200,293501.0,296054.0,291251.0,292699.0,4.147372
1770220800,292692.0,292944.0,288801.0,291158.0,4.360271
1770224400,291157.0,291568.0,286421.0,287131.0,3.231874
1770228000,287039.0,293559.0,286240.0,291000.0,1.961204
1770231600,291000.0,293181.0,289479.0,292523.0,0.264872
1770235200,292854.0,293704.0,289311.0,291542.0,1.146936
1770238800,291527.0,291952.0,286300.0,288992.0,0.421647
1770242400,288887.0,292362.0,285501.0,287891.0,1.888466
1770246000,287890.0,291651.0,287387.0,290130.0,2.060401
1770249600,290129.0,290130.0,288001.0,288118.0,2.307328
1770253200,288093.0,289627.0,285000.0,286103.0,2.621355
1770256800,286104.0,287660.0,282400.0,282400.0,3.99233
1770260400,282401.0,283903.0,281813.0,281961.0,4.113908
1770264000,281813.0,282323.0,280000.0,280000.0,6.048605
1770267600,280001.0,281423.0,278156.0,279300.0,6.615009
1770271200,279300.0,280000.0,278309.0,279999.0,3.155583
1770274800,280000.0,282500.0,279000.0,279000.0,2.423989
1770278400,279018.0,282282.0,279001.0,280501.0,2.442314
1770282000,280502.0,284262.0,280502.0,282597.0,1.051747
1770285600,282756.0,283481.0,279800.0,280221.0,2.595689
1770289200,280221.0,280761.0,277000.0,278040.0,5.116936
1770292800,278157.0,279198.0,274000.0,275253.0,6.992764
1770296400,275137.0,275999.0,273832.0,275005.0,4.835562
1770300000,275005.0,279821.0,274300.0,274358.0,4.059949
1770303600,274306.0,274929.0,265912.0,267504.0,11.502618
1770307200,267504.0,271953.0,265000.0,270619.0,9.709678
1770310800,270600.0,271091.0,262010.0,262200.0,5.811874
1770314400,262371.0,263479.0,260000.0,263401.0,4.457183
1770318000,263371.0,263795.0,259000.0,259010.0,2.018028
1770321600,259013.0,261036.0,250000.0,254122.0,10.086774
1770325200,254122.0,258000.0,251000.0,252470.0,2.610627
1770328800,252195.0,258055.0,250844.0,256000.0,4.23454
1770332400,255888.0,259329.0,251489.0,251724.0,6.020289
1770336000,251725.0,256411.0,244000.0,254544.0,19.376667
1770339600,254829.0,262548.0,254828.0,262548.0,10.714494
1770343200,262548.0,264434.0,257007.0,259246.0,8.359607
1770346800,259631.0,260369.0,255169.0,256134.0,7.373285
1770350400,256101.0,259236.0,255332.0,259058.0,2.279269
1770354000,259011.0,270000.0,259011.0,265950.0,2.703539
1770357600,265956.0,268209.0,258053.0,258788.0,7.036571
1770361200,258717.0,260733.0,257203.0,258166.0,2.81005
1770364800,257767.0,259047.0,256531.0,257858.0,3.031716
1770368400,258055.0,262783.0,257641.0,261324.0,3.043186
1770372000,261324.0,263059.0,261000.0,262046.0,2.126066
1770375600,262271.0,264880.0,261401.0,264761.0,2.624304
1770379200,264800.0,264998.0,263134.0,264355.0,1.901876
1770382800,264978.0,270431.0,264306.0,269160.0,4.410016
1770386400,268798.0,275000.0,266938.0,273400.0,5.561778
1770390000,273400.0,276825.0,271940.0,275180.0,6.358072
1770393600,275177.0,281543.0,275158.0,280766.0,4.709364
1770397200,280382.0,285447.0,279612.0,282849.0,10.213448
1770400800,283354.0,283354.0,276874.0,278066.0,1.199877
1770404400,278003.0,282996.0,277301.0,281700.0,0.949513
1770408000,281867.0,282988.0,278515.0,279083.0,1.072569
1770411600,278595.0,280803.0,278297.0,279558.0,0.711223
1770415200,279958.0,284651.0,279528.0,283926.0,0.972165
1770418800,283846.0,285412.0,280605.0,280724.0,2.836595
1770422400,280693.0,281033.0,277900.0,278575.0,3.30101
1770426000,278571.0,281446.0,277968.0,280702.0,1.956554
1770429600,280600.0,281281.0,279869.0,280028.0,1.856616
1770433200,280028.0,282791.0,280001.0,282534.0,2.065199
1770436800,282828.0,286000.0,282807.0,283226.0,2.722502
1770440400,283159.0,284998.0,280381.0,280999.0,1.58746
1770444000,280999.0,281747.0,276240.0,276240.0,1.888643
1770447600,276241.0,277030.0,270016.0,272042.0,2.319455
1770451200,272000.0,274712.0,271003.0,273524.0,1.55722
1770454800,273524.0,274706.0,270667.0,271209.0,1.198625
1770458400,271485.0,272000.0,269255.0,270525.0,1.581989
1770462000,270526.0,271278.0,269203.0,270402.0,1.421658
1770465600,269882.0,279269.0,269882.0,274011.0,1.762665
1770469200,274425.0,275437.0,273636.0,274036.0,0.865128
1770472800,274178.0,274673.0,271788.0,272529.0,0.994336
1770476400,272504.0,276700.0,272504.0,274537.0,0.683771
1770480000,274841.0,277357.0,273613.0,274311.0,1.687703
1770483600,273869.0,275780.0,272612.0,275029.0,0.349414
1770487200,275014.0,276705.0,274211.0,275946.0,1.090912
1770490800,275629.0,276187.0,275333.0,275340.0,0.187035
1770494400,275399.0,276964.0,275231.0,276507.0,0.072731
1770498000,276526.0,276876.0,275823.0,275899.0,0.194876
1770501600,275900.0,276587.0,275093.0,275809.0,1.393538
1770505200,275308.0,275789.0,273433.0,275335.0,0.249302
1770508800,275176.0,275498.0,273611.0,274020.0,1.348003
1770512400,274434.0,275499.0,274344.0,275491.0,1.38298
1770516000,275497.0,276641.0,274752.0,275410.0,0.904256
1770519600,275456.0,275860.0,274359.0,274359.0,0.928953
1770523200,274363.0,275192.0,274002.0,275162.0,0.382502
1770526800,275227.0,275494.0,274121.0,274780.0,1.621294
1770530400,274780.0,275403.0,274255.0,275123.0,0.500852
1770534000,275124.0,276545.0,274820.0,276545.0,0.676697
1770537600,276632.0,280300.0,276002.0,280300.0,1.426806
1770541200,280192.0,280299.0,278406.0,278615.0,0.874243
1770544800,278406.0,279409.0,277484.0,278702.0,0.775223
1770548400,278709.0,282001.0,278709.0,281775.0,1.162358
1770552000,281541.0,282809.0,280549.0,282655.0,0.99039
1770555600,282825.0,283998.0,281694.0,283666.0,1.875423
1770559200,283997.0,283998.0,282384.0,282950.0,2.168253
1770562800,282897.0,283789.0,281218.0,282264.0,0.998346
1770566400,282452.0,282798.0,279127.0,279127.0,0.778263
1770570000,279809.0,280798.0,279634.0,280533.0,0.216854
1770573600,280678.0,283288.0,280678.0,282213.0,0.1388
1770577200,282622.0,283769.0,282056.0,283769.0,0.070731
1770580800,281437.0,282065.0,280401.0,280755.0,0.304962
1770584400,280774.0,281711.0,280000.0,280292.0,0.061826
1770588000,280300.0,281733.0,280274.0,281732.0,0.376386
1770591600,281999.0,285997.0,277647.0,278624.0,1.813142
1770595200,278621.0,280412.0,278001.0,278793.0,1.276957
1770598800,278852.0,280595.0,276715.0,277561.0,1.642577
1770602400,277576.0,280112.0,277105.0,278457.0,0.741719
1770606000,278868.0,281638.0,278642.0,281018.0,0.863987
1770609600,281543.0,281543.0,280100.0,280149.0,0.476701
1770613200,280148.0,280659.0,279604.0,280119.0,0.714263
1770616800,279995.0,279995.0,277663.0,278746.0,1.083531
1770620400,278735.0,279755.0,278000.0,278310.0,0.70585
1770624000,278311.0,278764.0,274228.0,275973.0,1.82446
1770627600,275974.0,276868.0,274503.0,274852.0,0.956919
1770631200,274925.0,275277.0,270576.0,271491.0,1.934285
1770634800,271817.0,272544.0,271021.0,272062.0,1.121157
1770638400,272099.0,273478.0,272063.0,273349.0,0.908152
1770642000,273214.0,273735.0,271105.0,271615.0,1.39135
1770645600,271616.0,275000.0,270203.0,273739.0,2.936624
1770649200,274174.0,275785.0,271916.0,274953.0,1.981221
1770652800,274053.0,277728.0,273001.0,276768.0,0.62193
1770656400,276768.0,278899.0,275713.0,278683.0,1.425831
1770660000,277579.0,279389.0,276697.0,276833.0,0.273376
1770663600,277212.0,279869.0,276957.0,279869.0,0.016083
1770667200,279384.0,279999.0,277885.0,279061.0,0.974517
1770670800,279060.0,279061.0,275661.0,277504.0,0.655034
1770674400,277119.0,278617.0,275865.0,277320.0,1.064967
1770678000,277320.0,277941.0,276001.0,276060.0,1.762566
1770681600,276070.0,276462.0,274715.0,275087.0,0.869788
1770685200,275079.0,277407.0,275032.0,277182.0,1.568953
1770688800,277181.0,277275.0,275880.0,276019.0,0.669244
1770692400,276022.0,276217.0,273001.0,273684.0,0.873368
1770696000,273950.0,275169.0,273950.0,275132.0,0.554585
1770699600,275132.0,275132.0,273080.0,273672.0,0.723276
1770703200,273516.0,273703.0,271301.0,271730.0,0.801539
1770706800,271730.0,272815.0,271730.0,272033.0,1.035474
1770710400,272032.0,272822.0,271301.0,272608.0,0.836941
1770714000,272608.0,273602.0,272200.0,272645.0,0.54096
1770717600,272646.0,272845.0,272200.0,272200.0,1.319083
1770721200,272002.0,272411.0,270204.0,270319.0,0.506584
1770724800,270735.0,271613.0,270255.0,270475.0,0.774305
1770728400,270743.0,272624.0,270100.0,272335.0,0.553878
1770732000,272471.0,274268.0,268219.0,270264.0,2.646884
1770735600,269907.0,273859.0,269701.0,273120.0,0.794111
1770739200,273107.0,274670.0,271859.0,274083.0,1.320996
1770742800,274083.0,275486.0,273278.0,274826.0,0.924666
1770746400,275074.0,275083.0,270500.0,271478.0,0.370273
1770750000,271542.0,272629.0,270774.0,271931.0,0.289811
1770753600,271655.0,271796.0,270526.0,270721.0,0.15526
1770757200,271487.0,272046.0,269334.0,270345.0,0.400279
1770760800,270567.0,271204.0,270176.0,270554.0,0.40107
1770764400,270554.0,271080.0,270244.0,271079.0,0.797482
1770768000,271080.0,272278.0,270940.0,272249.0,0.932037
1770771600,272249.0,272276.0,271391.0,271602.0,0.803204
1770775200,271602.0,272221.0,270501.0,270501.0,0.716177
1770778800,270502.0,270502.0,268219.0,268899.0,2.508209
1770782400,268550.0,268871.0,265688.0,266234.0,1.816979
1770786000,266234.0,267110.0,266022.0,266022.0,1.699455
1770789600,266022.0,266022.0,263263.0,263463.0,3.391008
1770793200,263452.0,265324.0,263141.0,264791.0,1.329569
1770796800,264790.0,264790.0,263211.0,264002.0,1.457118
1770800400,264002.0,264039.0,263000.0,263001.0,2.019471
1770804000,263001.0,263003.0,261507.0,261960.0,2.22546
1770807600,261960.0,263925.0,261959.0,263925.0,0.838113
1770811200,263925.0,264999.0,263924.0,264007.0,1.66232
1770814800,264281.0,265749.0,263033.0,265499.0,3.747229
1770818400,265499.0,270219.0,261758.0,262079.0,4.05162
1770822000,262108.0,262521.0,259611.0,261968.0,4.424255
1770825600,261967.0,264499.0,260139.0,260256.0,0.638718
1770829200,260255.0,263478.0,259999.0,262101.0,0.530885
1770832800,262101.0,264957.0,260814.0,264956.0,0.371808
1770836400,264701.0,267020.0,264422.0,266130.0,0.100172
1770840000,266130.0,266727.0,264690.0,266212.0,0.143232
1770843600,265788.0,268684.0,265656.0,267124.0,0.557779
1770847200,267091.0,267091.0,265110.0,265613.0,0.251471
1770850800,265513.0,265780.0,262905.0,264078.0,0.529213
1770854400,264147.0,265912.0,264075.0,265310.0,1.682468
1770858000,265208.0,267395.0,265208.0,265820.0,0.807891
1770861600,265822.0,266135.0,265054.0,265055.0,0.993356
1770865200,265054.0,265129.0,264008.0,264649.0,0.551464
1770868800,264650.0,265413.0,262763.0,262763.0,0.493853
1770872400,262531.0,263200.0,261501.0,262935.0,0.548641
1770876000,262945.0,263885.0,262601.0,262905.0,0.986629
1770879600,262871.0,263723.0,262601.0,263537.0,0.716983
1770883200,263540.0,263841.0,262706.0,262999.0,2.526647
1770886800,263000.0,264999.0,262995.0,264855.0,0.868843
1770890400,264704.0,266535.0,264198.0,266535.0,0.759373
1770894000,266536.0,267501.0,265689.0,267083.0,0.90166
1770897600,267177.0,267195.0,265702.0,266218.0,0.758932
1770901200,266220.0,267959.0,265509.0,267952.0,0.650696
1770904800,267958.0,267958.0,265000.0,265591.0,1.269577
1770908400,265262.0,266757.0,263032.0,263032.0,1.025035
1770912000,263548.0,263549.0,257444.0,258181.0,2.80786
1770915600,258124.0,259652.0,256588.0,256588.0,1.037243
1770919200,256588.0,257898.0,255552.0,257332.0,0.835296
1770922800,257100.0,258998.0,256019.0,258482.0,0.427391
1770926400,258027.0,258663.0,256000.0,256409.0,0.145207
1770930000,256409.0,258697.0,256409.0,257992.0,0.916161
1770933600,257992.0,260102.0,257262.0,259889.0,0.457515
1770937200,259739.0,260526.0,259527.0,259835.0,0.639321
1770940800,259774.0,260496.0,258119.0,258602.0,1.171609
1770944400,258382.0,260974.0,258382.0,260446.0,0.82174
1770948000,260446.0,261574.0,260270.0,261482.0,0.791602
1770951600,261449.0,261633.0,260800.0,261552.0,2.331494
1770955200,261552.0,261553.0,260235.0,260493.0,2.099767
1770958800,260371.0,260371.0,259851.0,259851.0,0.874393
1770962400,259851.0,259999.0,259052.0,259999.0,0.53139
1770966000,260000.0,260970.0,259015.0,259503.0,1.227624
1770969600,259575.0,260610.0,259575.0,260147.0,2.755644
1770973200,260614.0,262393.0,259495.0,261781.0,0.792478
1770976800,261763.0,262607.0,261366.0,261952.0,0.646526
1770980400,261855.0,262803.0,261405.0,262796.0,0.593941
1770984000,262796.0,262796.0,261344.0,262211.0,1.473931
1770987600,262237.0,264133.0,262130.0,263051.0,1.649893
1770991200,262613.0,265000.0,261801.0,264812.0,2.287979
1770994800,264812.0,270003.0,264500.0,267862.0,1.87365
1770998400,267861.0,271000.0,267861.0,269821.0,1.132528
1771002000,269821.0,270351.0,268382.0,270002.0,0.407033
1771005600,270002.0,270997.0,269704.0,270339.0,0.324945
1771009200,270172.0,270519.0,269704.0,269705.0,0.110287
1771012800,269704.0,269705.0,269022.0,269022.0,0.065163
1771016400,269126.0,269808.0,269023.0,269023.0,0.107541
1771020000,269404.0,269597.0,268567.0,269549.0,0.230239
1771023600,269600.0,269602.0,269080.0,269191.0,0.213441
1771027200,269193.0,269995.0,268822.0,269995.0,0.288369
1771030800,269994.0,269995.0,269776.0,269777.0,0.766517
1771034400,269777.0,269778.0,269777.0,269778.0,0.19887
1771038000,269778.0,269778.0,269775.0,269775.0,0.227322
1771041600,269775.0,269775.0,269321.0,269322.0,0.417419
1771045200,269322.0,269580.0,269155.0,269247.0,0.387436
1771048800,269247.0,269401.0,269200.0,269401.0,0.399564
1771052400,269401.0,270999.0,269400.0,270999.0,0.502153
1771056000,270999.0,273000.0,270999.0,273000.0,1.14946
1771059600,272999.0,273690.0,272901.0,273129.0,0.95586
1771063200,273114.0,273115.0,272901.0,272949.0,0.239172
1771066800,272950.0,276142.0,272950.0,275974.0,3.180109
1771070400,276142.0,276142.0,273002.0,273124.0,1.216103
1771074000,273124.0,273124.0,271114.0,272050.0,1.043292
1771077600,272027.0,273410.0,271447.0,273001.0,0.421312
1771081200,273001.0,274046.0,272379.0,273170.0,0.365498
1771084800,273170.0,273170.0,271502.0,272890.0,0.154302
1771088400,273144.0,273830.0,272482.0,272969.0,0.496241
1771092000,272910.0,273420.0,272790.0,273002.0,0.195854
1771095600,273039.0,273436.0,273001.0,273354.0,0.026561
1771099200,273386.0,274030.0,273226.0,274024.0,0.101704
1771102800,274901.0,274985.0,273241.0,273570.0,0.596037
1771106400,273622.0,274318.0,273344.0,273786.0,0.174441
1771110000,273675.0,274205.0,273001.0,273364.0,0.266549
1771113600,273365.0,273385.0,273000.0,273156.0,0.437778
1771117200,273312.0,273851.0,271602.0,272700.0,0.555988
1771120800,272700.0,273150.0,271823.0,272309.0,0.776192
1771124400,272306.0,274119.0,271541.0,274088.0,1.260512
1771128000,274089.0,276000.0,274089.0,275001.0,1.284478
1771131600,275001.0,275997.0,274347.0,275496.0,1.525677
1771135200,275496.0,275996.0,275317.0,275592.0,0.466406
1771138800,275591.0,277430.0,275501.0,276971.0,1.421552
1771142400,277291.0,277431.0,275315.0,275660.0,1.23286
1771146000,275660.0,276855.0,275351.0,275722.0,0.380606
1771149600,275369.0,275537.0,275000.0,275309.0,0.538167
1771153200,275309.0,275309.0,274646.0,274666.0,0.398509
1771156800,274715.0,274989.0,270926.0,270926.0,1.132857
1771160400,270925.0,271000.0,269008.0,269150.0,2.697584
1771164000,269863.0,270646.0,269024.0,269942.0,0.962275
1771167600,269972.0,270725.0,269245.0,270253.0,0.391137
1771171200,270255.0,270282.0,269252.0,270100.0,0.59034
1771174800,270049.0,270228.0,267592.0,268433.0,0.6893
1771178400,268511.0,268941.0,267589.0,267589.0,0.568632
1771182000,267934.0,268247.0,266780.0,267292.0,0.507725
1771185600,267289.0,268391.0,267142.0,267917.0,0.024732
1771189200,268492.0,269623.0,268492.0,269401.0,1.165404
1771192800,269365.0,270240.0,269205.0,269707.0,0.146089
1771196400,269723.0,269723.0,267402.0,269263.0,0.348549
1771200000,269263.0,270000.0,269001.0,269198.0,0.303689
1771203600,269198.0,269679.0,268000.0,268368.0,0.453245
1771207200,268370.0,268741.0,267022.0,267023.0,0.447812
1771210800,267022.0,267595.0,266684.0,267472.0,1.518089
1771214400,267506.0,269449.0,267506.0,269278.0,0.53064
1771218000,269297.0,269301.0,267577.0,267577.0,0.62982
1771221600,267578.0,267920.0,267495.0,267918.0,0.332688
1771225200,267860.0,268708.0,267686.0,268331.0,0.573663
1771228800,268353.0,269083.0,268331.0,269076.0,1.704301
1771232400,269077.0,270201.0,269076.0,270120.0,0.669271
1771236000,270002.0,270228.0,269182.0,269600.0,1.577318
1771239600,269302.0,270191.0,268081.0,269754.0,0.399348
1771243200,269660.0,273261.0,269523.0,273184.0,1.337809
1771246800,273146.0,274205.0,267387.0,267971.0,1.004067
1771250400,267929.0,269028.0,267667.0,268146.0,1.013685
1771254000,268219.0,268821.0,263939.0,264626.0,2.288572
1771257600,264930.0,266426.0,264699.0,265897.0,1.069751
1771261200,266061.0,266872.0,265109.0,266456.0,0.277587
1771264800,266453.0,267402.0,266192.0,266192.0,0.188044
1771268400,266194.0,266965.0,266126.0,266398.0,0.041263
1771272000,266340.0,268000.0,266125.0,268000.0,0.145944
1771275600,268270.0,268911.0,268270.0,268479.0,0.008611
1771279200,269906.0,269947.0,268731.0,268754.0,0.040802
1771282800,268753.0,269995.0,268590.0,269889.0,0.307012
1771286400,269889.0,269999.0,269448.0,269771.0,0.092899
1771290000,269866.0,269948.0,269000.0,269000.0,0.932176
1771293600,269001.0,271010.0,268118.0,270226.0,1.369194
1771297200,270001.0,271625.0,268503.0,268503.0,1.774104
1771300800,268503.0,269182.0,267975.0,268255.0,0.218195
1771304400,268490.0,268490.0,266204.0,267544.0,0.404947
1771308000,267561.0,268455.0,267561.0,268225.0,0.275511
1771311600,268204.0,268433.0,267311.0,268144.0,0.535268
1771315200,268111.0,268377.0,267312.0,267313.0,0.182987
1771318800,267313.0,267690.0,267001.0,267028.0,0.857005
1771322400,267007.0,267319.0,265567.0,265994.0,0.780351
1771326000,266208.0,266309.0,265685.0,266210.0,0.144065
1771329600,266130.0,267726.0,266056.0,266223.0,1.055071
1771333200,266503.0,267943.0,266001.0,267098.0,0.198379
1771336800,267098.0,267845.0,262131.0,262676.0,1.071905
1771340400,262438.0,264199.0,261801.0,264199.0,1.337733
1771344000,264418.0,266913.0,263978.0,264802.0,0.669312
1771347600,264801.0,265346.0,262651.0,263627.0,0.262702
1771351200,263547.0,267241.0,263061.0,267241.0,0.106496
1771354800,266870.0,267448.0,265746.0,266000.0,0.116857
1771358400,265613.0,266219.0,265000.0,265833.0,0.040798
1771362000,265406.0,266162.0,264650.0,265086.0,0.076656
1771365600,265169.0,265438.0,263103.0,264583.0,1.49841
1771369200,264583.0,264979.0,264033.0,264489.0,0.308449
1771372800,264489.0,264962.0,264002.0,264002.0,1.238466
1771376400,264002.0,264002.0,262345.0,263121.0,0.260699
1771380000,263141.0,264116.0,263141.0,263810.0,0.623213
1771383600,264092.0,265231.0,263914.0,265047.0,0.247271
1771387200,265047.0,266153.0,264611.0,265877.0,0.843806
1771390800,266058.0,266251.0,265222.0,265250.0,0.629282
1771394400,265259.0,266492.0,265238.0,266069.0,0.370097
1771398000,266068.0,267360.0,265486.0,267209.0,0.317311
1771401600,267210.0,268319.0,266512.0,266901.0,1.487639
1771405200,266992.0,267529.0,266450.0,267329.0,0.16524
1771408800,266952.0,267155.0,265659.0,265802.0,0.345817
1771412400,265802.0,265802.0,263552.0,264361.0,0.303021
1771416000,264672.0,265200.0,264654.0,265001.0,0.30342
1771419600,265165.0,265200.0,263638.0,264111.0,1.252719
1771423200,264207.0,264560.0,262511.0,264034.0,0.538868
1771426800,264137.0,268422.0,264137.0,266168.0,0.637328
1771430400,265550.0,265550.0,263612.0,263960.0,0.571987
1771434000,263854.0,264968.0,263462.0,264087.0,0.616037
1771437600,264137.0,264138.0,261226.0,261226.0,0.456025
1771441200,261229.0,261849.0,260225.0,260260.0,0.370496
1771444800,260566.0,261915.0,260566.0,261135.0,0.096362
1771448400,260972.0,261801.0,260445.0,261464.0,0.163521
1771452000,261299.0,261777.0,260000.0,261620.0,1.607249
1771455600,261621.0,261924.0,261380.0,261885.0,0.347508
1771459200,261900.0,262344.0,261504.0,262001.0,0.680479
1771462800,262250.0,263460.0,262249.0,263460.0,0.209783
1771466400,263459.0,263499.0,262070.0,263194.0,2.383693
1771470000,263194.0,263677.0,262720.0,263255.0,0.658844
1771473600,263256.0,266175.0,263128.0,263129.0,1.260562
1771477200,263129.0,263144.0,262727.0,263109.0,0.571081
1771480800,263109.0,264426.0,263109.0,263822.0,1.569938
1771484400,263821.0,264213.0,263468.0,263805.0,0.460525
1771488000,263806.0,263807.0,262519.0,262701.0,0.67687
1771491600,262852.0,263437.0,262119.0,262307.0,1.403089
1771495200,262295.0,262766.0,262119.0,262439.0,0.626062
1771498800,262425.0,262445.0,261468.0,261468.0,0.598174
1771502400,261467.0,261864.0,261012.0,261431.0,0.843789
1771506000,261432.0,261552.0,260082.0,260084.0,0.822919
1771509600,260084.0,261936.0,259203.0,261462.0,1.519272
1771513200,261352.0,262414.0,260001.0,261318.0,0.46762
1771516800,261265.0,261265.0,260000.0,260699.0,0.714701
1771520400,260823.0,263372.0,260578.0,260669.0,0.398398
1771524000,260855.0,263000.0,260670.0,262999.0,0.192572
1771527600,263000.0,263648.0,262049.0,262995.0,0.30075
1771531200,262995.0,263437.0,262514.0,263437.0,0.239668
1771534800,263184.0,263448.0,262760.0,262839.0,0.057053
1771538400,262721.0,262940.0,261838.0,262851.0,0.129076
1771542000,262755.0,263203.0,262462.0,263042.0,0.339494
1771545600,262980.0,264575.0,262946.0,263923.0,0.737998
1771549200,264009.0,264241.0,263625.0,264063.0,0.335155
1771552800,264063.0,264249.0,263703.0,264229.0,0.440308
1771556400,264090.0,264987.0,264090.0,264596.0,0.367481
1771560000,264591.0,264591.0,264001.0,264030.0,0.772644
1771563600,264030.0,266915.0,264029.0,266015.0,1.336865
1771567200,265700.0,266487.0,265412.0,265997.0,0.76758
1771570800,265995.0,266343.0,265951.0,266251.0,0.762057
1771574400,266250.0,266251.0,265950.0,266132.0,1.162303
1771578000,266351.0,267502.0,266350.0,267300.0,1.534201
1771581600,267300.0,267792.0,266323.0,266456.0,1.592325
1771585200,266453.0,266804.0,264872.0,264872.0,0.72933
1771588800,264108.0,265000.0,264108.0,264973.0,0.494533
1771592400,264912.0,264912.0,261500.0,262242.0,1.314373
1771596000,262242.0,264620.0,262001.0,263444.0,0.740682
1771599600,264999.0,266934.0,261511.0,265332.0,1.1515
1771603200,265483.0,266862.0,264350.0,266225.0,0.408674
1771606800,266426.0,266426.0,263253.0,265422.0,0.235189
1771610400,265488.0,267079.0,265260.0,266970.0,0.155877
1771614000,266861.0,266874.0,265131.0,265705.0,0.025267
1771617600,266065.0,266307.0,265373.0,265926.0,0.09213
1771621200,265997.0,266298.0,265403.0,266251.0,0.061797
1771624800,265965.0,267100.0,265610.0,267100.0,0.059267
1771628400,267099.0,267500.0,266630.0,266893.0,0.097508
1771632000,267097.0,267158.0,266201.0,266202.0,0.201423
1771635600,266202.0,266927.0,266201.0,266422.0,0.433368
1771639200,266572.0,267299.0,266501.0,266831.0,0.45553
1771642800,266722.0,266722.0,265134.0,265305.0,0.588939
1771646400,265322.0,265959.0,265169.0,265783.0,0.422451
1771650000,265998.0,265998.0,265701.0,265804.0,0.661561
1771653600,265887.0,266000.0,265350.0,265495.0,0.892378
1771657200,265495.0,265894.0,265417.0,265825.0,0.780762
1771660800,265824.0,266499.0,265796.0,266367.0,0.36439
1771664400,266645.0,267455.0,266337.0,267305.0,0.451292
1771668000,267305.0,267382.0,267303.0,267306.0,0.465936
1771671600,267406.0,267500.0,267304.0,267305.0,0.309136
1771675200,267305.0,267383.0,266236.0,267369.0,0.680922
1771678800,267238.0,267483.0,267195.0,267482.0,0.252257
1771682400,267482.0,268501.0,267480.0,268302.0,0.295292
1771686000,268301.0,269000.0,268062.0,268997.0,0.808601
1771689600,268854.0,268854.0,267001.0,267568.0,0.413432
1771693200,267568.0,268130.0,267122.0,267878.0,0.237193
1771696800,267930.0,268573.0,267713.0,268320.0,0.080975
1771700400,268253.0,268851.0,268177.0,268177.0,0.093912
1771704000,268223.0,268381.0,267014.0,267014.0,0.231379
1771707600,267137.0,267581.0,267111.0,267581.0,0.074204
1771711200,267581.0,267700.0,266490.0,266490.0,0.079913
1771714800,266109.0,266709.0,266032.0,266601.0,0.341923
1771718400,266601.0,267415.0,266127.0,266278.0,0.181444
1771722000,266319.0,267496.0,266319.0,267155.0,0.132312
1771725600,267267.0,267397.0,266328.0,266645.0,0.680583
1771729200,266460.0,266959.0,266252.0,266809.0,0.612233
1771732800,266810.0,266954.0,266802.0,266802.0,0.273543
1771736400,266803.0,266803.0,266520.0,266554.0,0.704415
1771740000,266786.0,267208.0,266786.0,266966.0,0.546879
1771743600,266932.0,267077.0,266801.0,266802.0,0.503908
1771747200,266802.0,266802.0,266478.0,266606.0,0.420651
1771750800,266606.0,266921.0,266605.0,266802.0,0.457342
1771754400,266801.0,267307.0,266801.0,267306.0,0.167548
1771758000,267305.0,267562.0,267305.0,267550.0,0.267204
1771761600,267644.0,267644.0,266476.0,266572.0,0.585611
1771765200,266572.0,266842.0,265272.0,265369.0,1.233811
1771768800,265369.0,265442.0,264361.0,264502.0,0.949806
1771772400,264509.0,266171.0,264130.0,265411.0,0.300834
1771776000,265411.0,265440.0,264692.0,265227.0,0.203009
1771779600,265227.0,265269.0,263684.0,264166.0,0.349696
1771783200,264198.0,264539.0,264196.0,264402.0,0.379693
1771786800,264402.0,264533.0,264251.0,264276.0,0.180639
1771790400,264276.0,264500.0,264253.0,264271.0,0.038642
1771794000,264271.0,264999.0,264270.0,264999.0,0.13716
1771797600,265000.0,265476.0,264524.0,265335.0,0.148903
1771801200,265293.0,265391.0,264366.0,265391.0,0.183404
1771804800,265163.0,265260.0,261501.0,261501.0,1.43668
1771808400,261501.0,261656.0,252986.0,253498.0,9.250809
1771812000,253200.0,268000.0,252923.0,254232.0,6.036393
1771815600,254232.0,255685.0,254231.0,254761.0,2.917501
1771819200,254761.0,255089.0,254000.0,254191.0,1.809517
1771822800,254184.0,255633.0,254184.0,255002.0,1.18205
1771826400,255003.0,257498.0,255002.0,257153.0,1.649597
1771830000,257291.0,258079.0,257018.0,257923.0,0.573456
1771833600,257923.0,257923.0,256601.0,256746.0,1.634333
1771837200,256746.0,259540.0,256745.0,259386.0,0.69167
1771840800,259378.0,259999.0,259198.0,259201.0,0.625972
1771844400,259201.0,259735.0,258267.0,258622.0,0.403921
1771848000,258606.0,259699.0,257835.0,258845.0,0.397894
1771851600,258877.0,259273.0,258406.0,258502.0,0.745627
1771855200,258502.0,258766.0,256209.0,257455.0,0.765142
1771858800,257498.0,258502.0,256373.0,256573.0,0.450755
1771862400,256450.0,256453.0,255017.0,255547.0,2.623451
1771866000,255548.0,255548.0,251069.0,252810.0,1.210154
1771869600,253060.0,254499.0,252501.0,252503.0,0.35012
1771873200,252737.0,253149.0,250888.0,251087.0,0.325938
1771876800,251094.0,251761.0,250073.0,251761.0,0.480934
1771880400,251780.0,252883.0,251780.0,252174.0,0.284645
1771884000,252236.0,253893.0,252236.0,253090.0,0.663187
1771887600,253005.0,253726.0,252568.0,252783.0,0.495541
1771891200,252783.0,253995.0,252783.0,253825.0,0.819433
1771894800,253720.0,260001.0,250000.0,251395.0,21.481628
1771898400,251395.0,266555.0,250628.0,251362.0,12.008993
1771902000,251353.0,252409.0,248817.0,249131.0,3.862338
1771905600,249131.0,249131.0,247008.0,248221.0,2.984666
1771909200,248340.0,249682.0,246250.0,247342.0,2.74703
1771912800,247280.0,248000.0,247000.0,247096.0,1.89978
1771916400,247095.0,248000.0,246702.0,247212.0,2.129621
1771920000,247245.0,247999.0,246954.0,247931.0,7.325019
1771923600,247930.0,247931.0,246505.0,247096.0,1.345244
1771927200,247088.0,247317.0,246660.0,247275.0,1.199582
1771930800,247276.0,247276.0,246702.0,246843.0,0.826142
1771934400,246843.0,247296.0,246506.0,246507.0,0.814398
1771938000,246507.0,247454.0,245000.0,246303.0,2.625442
1771941600,246303.0,249630.0,245998.0,248212.0,1.658926
1771945200,248212.0,250289.0,247529.0,250277.0,0.74449
1771948800,250273.0,251951.0,249068.0,251413.0,2.09248
1771952400,251353.0,253972.0,250708.0,251299.0,0.549169
1771956000,251299.0,252260.0,250449.0,252056.0,0.32183
1771959600,252097.0,252970.0,251698.0,251961.0,0.119959
1771963200,252032.0,252200.0,251698.0,252110.0,0.153923
1771966800,251699.0,251699.0,250002.0,250496.0,0.088851
1771970400,250448.0,251083.0,250448.0,250777.0,0.501586
1771974000,250757.0,251229.0,250002.0,250610.0,0.28891
1771977600,250647.0,251444.0,250251.0,251228.0,0.505857
1771981200,251173.0,258790.0,251173.0,257503.0,3.461174
1771984800,257599.0,258834.0,257002.0,257400.0,1.002224
1771988400,257068.0,257068.0,255000.0,255000.0,1.23046
1771992000,255218.0,256212.0,254009.0,255356.0,1.555488
1771995600,255356.0,255552.0,253000.0,253214.0,0.537208
1771999200,253234.0,254045.0,253001.0,253127.0,0.868258
1772002800,253127.0,255758.0,253001.0,253684.0,1.547507
1772006400,253643.0,255892.0,253485.0,255713.0,0.900741
1772010000,255480.0,256191.0,255055.0,255947.0,1.058681
1772013600,255938.0,256271.0,255662.0,255663.0,0.460483
1772017200,255663.0,255922.0,254846.0,255613.0,1.490922
1772020800,255612.0,258359.0,255271.0,258071.0,1.720321
1772024400,258137.0,259899.0,257999.0,259001.0,0.701663
1772028000,259001.0,261437.0,258788.0,261241.0,3.069595
1772031600,261406.0,263000.0,260142.0,262495.0,1.61948
1772035200,262495.0,265000.0,262495.0,265000.0,3.167357
1772038800,265000.0,267447.0,264999.0,267138.0,2.31154
1772042400,267139.0,270000.0,266241.0,269816.0,1.298351
1772046000,269467.0,269467.0,268000.0,268707.0,0.454777
1772049600,268707.0,269519.0,267190.0,269246.0,0.455609
1772053200,269045.0,271447.0,267499.0,268036.0,2.661277
1772056800,268049.0,268975.0,264671.0,265743.0,0.994307
1772060400,265871.0,266868.0,262716.0,263735.0,1.491444
1772064000,263897.0,265998.0,263021.0,265322.0,1.650137
1772067600,265545.0,266500.0,264896.0,265502.0,0.931581
1772071200,265502.0,265502.0,263562.0,265000.0,0.730491
1772074800,265000.0,265000.0,264259.0,264962.0,0.493586
1772078400,264851.0,267779.0,264851.0,266591.0,0.69598
1772082000,266591.0,267302.0,265002.0,266118.0,1.498604
1772085600,266102.0,266290.0,265012.0,265344.0,0.784558
1772089200,266216.0,266268.0,264499.0,264653.0,1.970595
1772092800,264574.0,266080.0,264163.0,265153.0,0.897959
1772096400,265153.0,267355.0,265112.0,267354.0,0.349891
1772100000,267450.0,267803.0,266801.0,266829.0,0.547532
1772103600,266811.0,266975.0,265582.0,265665.0,0.543839
1772107200,265672.0,266472.0,265599.0,266001.0,0.576735
1772110800,266001.0,266224.0,265115.0,265190.0,0.709199
1772114400,265115.0,266089.0,262700.0,264201.0,1.041934
1772118000,264279.0,264279.0,261001.0,263002.0,0.963652
1772121600,262959.0,263235.0,260000.0,260048.0,1.680619
1772125200,260011.0,261494.0,260011.0,260598.0,0.216195
1772128800,260599.0,262681.0,260002.0,262681.0,0.181142
1772132400,262601.0,264277.0,262601.0,263542.0,0.241395
1772136000,263627.0,264552.0,262249.0,262780.0,0.85957
1772139600,262706.0,263384.0,262082.0,262999.0,0.109503
1772143200,262999.0,263724.0,262645.0,263517.0,0.721679
1772146800,263525.0,263991.0,263510.0,263510.0,0.305031
1772150400,263510.0,263654.0,262004.0,262684.0,0.568384
1772154000,262503.0,262965.0,261501.0,262965.0,0.390912
1772157600,262996.0,263640.0,262291.0,262958.0,1.429672
1772161200,262608.0,263991.0,262243.0,263991.0,0.701768
1772164800,263991.0,265947.0,263916.0,264438.0,0.928407
1772168400,264438.0,264862.0,264437.0,264438.0,0.868008
1772172000,264438.0,264720.0,263800.0,264251.0,0.360424
1772175600,264250.0,264369.0,263507.0,264331.0,0.298225
1772179200,264329.0,265584.0,264329.0,265245.0,1.553706
1772182800,265270.0,266021.0,263450.0,263451.0,0.76368
1772186400,263451.0,263451.0,260473.0,260619.0,1.142015
1772190000,260615.0,261231.0,258555.0,258869.0,1.329635
1772193600,258870.0,259028.0,257618.0,257896.0,1.057908
1772197200,258305.0,260015.0,257601.0,259769.0,0.689477
1772200800,259718.0,264540.0,258000.0,258257.0,0.725438
1772204400,258312.0,259502.0,258197.0,259062.0,0.692969
1772208000,258986.0,259039.0,256801.0,256802.0,1.172992
1772211600,256802.0,257557.0,255458.0,257557.0,1.324346
1772215200,257472.0,257642.0,255799.0,255847.0,1.013441
1772218800,255888.0,256544.0,255414.0,256251.0,0.243422
1772222400,256355.0,257180.0,256355.0,256930.0,0.745934
1772226000,256664.0,257519.0,256221.0,257519.0,0.777943
1772229600,256948.0,257161.0,255006.0,257132.0,0.832294
1772233200,257037.0,258485.0,256873.0,258221.0,0.428243
1772236800,258221.0,258939.0,258001.0,258652.0,1.234499
1772240400,258651.0,258714.0,258600.0,258601.0,0.753394
1772244000,258601.0,259255.0,258600.0,259135.0,0.316066
1772247600,259135.0,259135.0,258600.0,258602.0,0.403674
1772251200,258602.0,258602.0,258000.0,258184.0,0.478413
1772254800,258185.0,258229.0,257578.0,257588.0,0.39316
1772258400,257786.0,257855.0,249000.0,249091.0,3.94706
1772262000,249092.0,252953.0,249000.0,251192.0,2.837822
1772265600,251218.0,251309.0,249552.0,249552.0,2.480089
1772269200,249631.0,250999.0,249449.0,250180.0,1.764872
1772272800,250012.0,251725.0,249470.0,251180.0,0.831366
1772276400,251179.0,251741.0,250515.0,250515.0,1.060773
1772280000,250516.0,251845.0,250516.0,251230.0,1.012021
1772283600,251691.0,255000.0,250499.0,255000.0,1.673873
1772287200,256615.0,256615.0,252283.0,252802.0,1.152618
1772290800,252799.0,255016.0,251996.0,254333.0,0.874821
1772294400,254079.0,255604.0,254077.0,255224.0,1.012839
1772298000,255257.0,255481.0,254510.0,255481.0,0.848076
1772301600,256619.0,258500.0,255373.0,258231.0,0.340155
1772305200,258232.0,261374.0,256858.0,260000.0,3.605696
1772308800,260002.0,262871.0,259878.0,262010.0,0.87282
1772312400,262001.0,262378.0,260186.0,261537.0,0.5654
1772316000,261555.0,264540.0,261224.0,263139.0,0.568175
1772319600,263139.0,263163.0,261340.0,262227.0,0.506559
1772323200,262226.0,262227.0,261004.0,261452.0,0.538954
1772326800,261454.0,264497.0,259000.0,263144.0,0.614195
1772330400,263127.0,266000.0,263127.0,264403.0,2.280299
1772334000,264392.0,265499.0,263455.0,263850.0,0.898405
1772337600,263850.0,264233.0,262337.0,263001.0,0.603452
1772341200,263000.0,263918.0,262553.0,262814.0,1.190806
1772344800,262814.0,262823.0,260479.0,260895.0,1.076892
1772348400,260896.0,262438.0,260475.0,261752.0,0.817743
1772352000,261759.0,261760.0,258816.0,259818.0,1.569461
1772355600,259390.0,259998.0,258033.0,259028.0,0.686843
1772359200,258547.0,260312.0,258360.0,258635.0,0.854867
1772362800,259053.0,259758.0,258620.0,258718.0,0.323183
1772366400,258993.0,259105.0,258256.0,258311.0,0.267226
1772370000,258256.0,262000.0,257946.0,260766.0,0.845876
1772373600,261406.0,261927.0,260201.0,260516.0,0.701502
1772377200,260437.0,261999.0,260437.0,260850.0,0.941473
1772380800,260851.0,261664.0,256626.0,257937.0,0.999247
1772384400,257813.0,258289.0,256401.0,257543.0,0.300874
1772388000,257385.0,259674.0,257385.0,258518.0,0.28034
1772391600,258551.0,258590.0,256667.0,257133.0,0.235117
1772395200,256713.0,256713.0,254078.0,254922.0,0.348081
1772398800,255019.0,256445.0,254834.0,256445.0,0.167809
1772402400,256267.0,258523.0,254020.0,254436.0,0.87748
1772406000,254446.0,257682.0,254446.0,256474.0,1.04489
1772409600,256473.0,260922.0,256473.0,260802.0,2.217193
1772413200,260726.0,262346.0,259545.0,260297.0,0.660867
1772416800,260355.0,260562.0,258093.0,259671.0,0.647639
1772420400,259671.0,262000.0,258901.0,261646.0,1.450032
1772424000,261646.0,261857.0,261228.0,261316.0,1.159619
1772427600,261654.0,261950.0,261239.0,261501.0,0.594332
1772431200,261501.0,261501.0,259102.0,259768.0,0.875268
1772434800,259768.0,259769.0,257201.0,259234.0,2.124255
1772438400,259201.0,260300.0,258145.0,260299.0,1.195869
1772442000,260300.0,261948.0,260300.0,260457.0,1.060117
1772445600,260174.0,260862.0,260025.0,260429.0,0.350682
1772449200,260430.0,261234.0,260001.0,260969.0,0.319014
1772452800,260969.0,261250.0,260000.0,260001.0,0.754461
1772456400,260000.0,260150.0,257210.0,257714.0,0.435068
1772460000,257777.0,264342.0,257776.0,263942.0,1.579028
1772463600,264259.0,272812.0,264259.0,271209.0,5.018972
1772467200,271209.0,274445.0,270764.0,272802.0,2.030688
1772470800,272802.0,272866.0,270264.0,271582.0,0.734488
1772474400,271638.0,271638.0,270033.0,270784.0,0.204417
1772478000,270001.0,270239.0,269288.0,270164.0,0.570623
1772481600,270164.0,272000.0,269288.0,271054.0,0.478764
1772485200,271000.0,272257.0,270672.0,271997.0,0.630686
1772488800,271997.0,271997.0,271053.0,271658.0,0.80303
1772492400,271659.0,271723.0,270000.0,270418.0,1.652671
1772496000,270421.0,271887.0,269800.0,270844.0,0.797671
1772499600,270994.0,271781.0,269802.0,269802.0,0.717025
1772503200,269802.0,269891.0,267851.0,268829.0,1.301044
1772506800,268987.0,268987.0,268003.0,268354.0,0.501478
1772510400,268354.0,268664.0,267507.0,267508.0,0.516988
1772514000,267507.0,268993.0,266950.0,267091.0,0.792468
1772517600,267091.0,268182.0,266404.0,268182.0,0.501093
1772521200,268181.0,268789.0,267003.0,268573.0,0.539604
1772524800,268552.0,268697.0,264256.0,264257.0,0.993673
1772528400,264257.0,264923.0,262278.0,263234.0,0.999326
1772532000,263234.0,264454.0,262704.0,264453.0,0.575945
1772535600,264235.0,265377.0,264235.0,265007.0,0.752349
1772539200,265007.0,268644.0,265007.0,266994.0,1.67847
1772542800,266994.0,266994.0,264324.0,264905.0,1.507822
1772546400,264905.0,267000.0,262500.0,263966.0,2.41979
1772550000,263598.0,268514.0,263598.0,268000.0,0.832607
1772553600,268000.0,272820.0,267305.0,270249.0,1.611594
1772557200,269716.0,270175.0,267090.0,270175.0,1.047514
1772560800,270147.0,271993.0,268994.0,271182.0,0.147763
1772564400,271134.0,271745.0,270207.0,270481.0,0.345301
1772568000,270050.0,270816.0,269156.0,269398.0,0.154923
1772571600,269376.0,269376.0,268201.0,268998.0,0.215346
1772575200,268998.0,271117.0,268843.0,269771.0,0.190697
1772578800,269771.0,271500.0,269771.0,270001.0,0.40686
1772582400,270001.0,270001.0,268041.0,269240.0,0.732002
1772586000,269240.0,271500.0,268579.0,270209.0,0.900574
1772589600,270146.0,270514.0,268712.0,269882.0,0.132797
1772593200,269881.0,270003.0,266328.0,267547.0,0.407079
1772596800,267547.0,268399.0,266837.0,268137.0,0.443004
1772600400,268453.0,270532.0,267788.0,270034.0,0.468591
1772604000,270034.0,271558.0,269220.0,270973.0,0.282312
1772607600,270973.0,274499.0,270973.0,274498.0,0.933741
1772611200,274499.0,280854.0,273401.0,280261.0,3.840493
1772614800,280806.0,283333.0,279520.0,281902.0,5.113889
1772618400,281902.0,282997.0,281000.0,281005.0,1.420909
1772622000,281005.0,281865.0,280000.0,280654.0,1.496714
1772625600,280655.0,281401.0,278539.0,280996.0,1.379062
1772629200,280995.0,283000.0,280995.0,281799.0,0.554687
1772632800,281799.0,284999.0,280706.0,282098.0,4.16122
1772636400,282098.0,288459.0,282098.0,288459.0,4.663607
1772640000,288459.0,289000.0,286000.0,288347.0,1.519584
1772643600,288347.0,289628.0,287046.0,288082.0,1.488319
1772647200,288082.0,289452.0,287004.0,289452.0,0.834131
1772650800,289453.0,290500.0,289110.0,289814.0,1.640625
1772654400,289815.0,289815.0,287609.0,287609.0,0.306602
1772658000,287608.0,288015.0,287001.0,287808.0,0.831475
1772661600,287809.0,288809.0,286002.0,286002.0,1.191352
1772665200,286002.0,286459.0,284555.0,285839.0,1.00505
1772668800,286077.0,286551.0,285601.0,286250.0,0.668721
1772672400,286251.0,287917.0,285008.0,285009.0,2.092793
1772676000,285009.0,286533.0,284637.0,284899.0,1.165481
1772679600,284898.0,285854.0,284726.0,284998.0,0.962758
1772683200,284999.0,286893.0,284999.0,286603.0,2.291788
1772686800,286603.0,286603.0,284566.0,285429.0,0.776598
1772690400,284706.0,285691.0,284000.0,285691.0,0.756288
1772694000,285690.0,286000.0,283001.0,283607.0,0.807116
1772697600,283607.0,286059.0,283158.0,285775.0,1.115553
1772701200,285621.0,287037.0,285471.0,286350.0,1.145355
1772704800,286350.0,289998.0,286350.0,289472.0,0.843221
1772708400,289466.0,289466.0,287351.0,287743.0,1.92747
1772712000,287743.0,288196.0,286939.0,288196.0,0.984058
1772715600,288196.0,288196.0,285556.0,286115.0,2.564581
1772719200,286115.0,287060.0,284555.0,287019.0,0.976464
1772722800,287019.0,287104.0,280555.0,283300.0,2.560646
1772726400,280555.0,285555.0,280001.0,285555.0,0.281137
1772730000,285555.0,285555.0,279556.0,279556.0,0.694498
1772733600,279556.0,280318.0,279505.0,280009.0,0.144249
1772737200,280028.0,281379.0,279209.0,279242.0,0.800321
1772740800,279201.0,281312.0,279201.0,280855.0,0.807775
1772744400,280856.0,281759.0,279804.0,280041.0,0.378787
1772748000,279962.0,281141.0,279961.0,280483.0,0.214333
1772751600,280345.0,280751.0,278801.0,279406.0,0.384478
1772755200,279405.0,280117.0,279000.0,279295.0,0.425765
1772758800,279296.0,280844.0,277541.0,280817.0,0.65166
1772762400,280818.0,282000.0,280517.0,281501.0,3.090038
1772766000,281501.0,281636.0,280802.0,280965.0,1.59238
1772769600,280965.0,281060.0,278859.0,279413.0,0.871288
1772773200,279417.0,279586.0,278003.0,279137.0,0.210727
1772776800,279137.0,280492.0,278350.0,279750.0,0.288372
1772780400,279750.0,281549.0,278783.0,281334.0,0.800957
1772784000,281290.0,281291.0,280079.0,280079.0,0.543855
1772787600,280080.0,280080.0,278500.0,279222.0,0.964085
1772791200,279221.0,279906.0,279039.0,279049.0,0.482468
1772794800,279049.0,279050.0,277801.0,277802.0,3.550433
1772798400,277802.0,277802.0,276000.0,276939.0,0.677693
1772802000,276940.0,277953.0,274316.0,274316.0,2.811412
1772805600,274316.0,274316.0,270480.0,270819.0,1.791191
1772809200,270951.0,273500.0,270763.0,271510.0,1.483729
1772812800,271510.0,272363.0,270654.0,271350.0,2.017488
1772816400,271350.0,272032.0,269000.0,269615.0,1.562754
1772820000,269615.0,271121.0,269615.0,270502.0,0.327094
1772823600,270502.0,271036.0,270000.0,270000.0,1.214811
1772827200,269951.0,270386.0,269002.0,269967.0,0.058375
1772830800,269967.0,270686.0,269472.0,270631.0,0.223071
1772834400,270631.0,271025.0,270630.0,271025.0,0.2996
1772838000,271024.0,271024.0,270205.0,270648.0,0.565649
1772841600,270648.0,271151.0,270303.0,270955.0,0.474631
1772845200,270955.0,271137.0,270431.0,271136.0,0.487909
1772848800,271137.0,271137.0,270035.0,270967.0,0.671884
1772852400,271265.0,271694.0,270235.0,270371.0,0.917863
1772856000,270371.0,270371.0,268050.0,270145.0,1.12447
1772859600,270145.0,270199.0,269541.0,269998.0,0.755044
1772863200,269998.0,269998.0,268881.0,268881.0,0.614299
1772866800,268881.0,269143.0,267977.0,269143.0,0.689697
1772870400,269143.0,269807.0,269063.0,269063.0,0.443284
1772874000,269063.0,269990.0,269062.0,269990.0,0.73038
1772877600,269990.0,270199.0,269794.0,269794.0,0.963751
1772881200,269600.0,270844.0,269600.0,270007.0,0.224948
1772884800,270007.0,270190.0,269790.0,270143.0,0.28388
1772888400,270143.0,270349.0,269602.0,269792.0,0.442322
1772892000,269792.0,270303.0,268502.0,270276.0,0.480469
1772895600,270190.0,270190.0,269348.0,269660.0,0.254936
1772899200,269659.0,269660.0,269182.0,269410.0,0.763841
1772902800,269410.0,269660.0,269355.0,269660.0,0.100064
1772906400,269051.0,269088.0,268195.0,268513.0,0.58799
1772910000,268484.0,268484.0,266415.0,266640.0,0.573971
1772913600,266640.0,267645.0,266640.0,267645.0,0.132434
1772917200,267645.0,268047.0,267645.0,267739.0,0.92967
1772920800,267739.0,267962.0,267262.0,267263.0,0.144055
1772924400,267262.0,267732.0,267262.0,267368.0,0.15071
1772928000,267368.0,268047.0,267368.0,267814.0,0.3234
1772931600,267814.0,267814.0,267500.0,267813.0,0.292421
1772935200,267813.0,268000.0,266564.0,266616.0,0.768165
1772938800,266590.0,267009.0,266552.0,267008.0,0.65475
1772942400,267008.0,267008.0,266000.0,266001.0,0.523383
1772946000,266000.0,268000.0,266000.0,267889.0,0.618049
1772949600,267592.0,268274.0,267592.0,268274.0,0.318132
1772953200,268273.0,269133.0,267879.0,268800.0,0.531068
1772956800,268953.0,269660.0,268596.0,269660.0,0.625821
1772960400,269660.0,271295.0,269446.0,270610.0,0.752336
1772964000,270610.0,272292.0,270610.0,271195.0,0.455318
1772967600,271294.0,271294.0,269640.0,269641.0,0.715169
1772971200,269641.0,270156.0,267668.0,268481.0,0.690385
1772974800,268481.0,269226.0,267001.0,267999.0,0.813486
1772978400,267999.0,269142.0,267619.0,267998.0,0.754518
1772982000,267998.0,268627.0,267756.0,267989.0,0.280996
1772985600,267989.0,268297.0,266522.0,266522.0,0.206075
1772989200,266529.0,267766.0,266528.0,267001.0,0.180278
1772992800,267001.0,267204.0,266213.0,266213.0,0.366093
1772996400,266214.0,268179.0,266013.0,267884.0,0.104788
1773000000,267884.0,268307.0,265000.0,267816.0,2.051185
1773003600,267189.0,267715.0,265456.0,265980.0,0.114578
1773007200,265801.0,265801.0,261079.0,263359.0,2.339989
1773010800,263359.0,264556.0,262542.0,262543.0,0.788052
1773014400,262543.0,266002.0,262542.0,264551.0,1.475752
1773018000,264349.0,265761.0,264171.0,264171.0,0.582887
1773021600,264170.0,265727.0,263090.0,265653.0,0.894434
1773025200,265122.0,269895.0,265121.0,267659.0,1.017168
1773028800,267660.0,269983.0,267659.0,267822.0,1.233142
1773032400,267651.0,271000.0,267651.0,270599.0,0.956448
1773036000,270598.0,270598.0,268011.0,268011.0,0.454144
1773039600,268002.0,268960.0,266811.0,268960.0,0.905095
1773043200,268994.0,270000.0,268702.0,269999.0,0.524482
1773046800,270000.0,273000.0,269089.0,269999.0,1.358472
1773050400,269999.0,270243.0,269011.0,269011.0,0.608821
1773054000,269012.0,269534.0,268332.0,269533.0,0.261561
1773057600,269534.0,271720.0,269503.0,270874.0,0.733432
1773061200,270774.0,274999.0,270774.0,274047.0,2.305043
1773064800,274014.0,275935.0,273189.0,274693.0,0.924519
1773068400,274706.0,275094.0,273037.0,273799.0,1.042404
1773072000,273772.0,274473.0,273000.0,273924.0,0.467772
1773075600,274030.0,274347.0,271733.0,272648.0,0.202195
1773079200,272604.0,272680.0,271268.0,271596.0,0.084249
1773082800,271937.0,275424.0,271836.0,273736.0,0.147123
1773086400,273952.0,274214.0,273222.0,273617.0,0.226983
1773090000,273586.0,274204.0,272760.0,273577.0,0.160646
1773093600,273923.0,273923.0,272534.0,272534.0,0.14159
1773097200,272534.0,272633.0,271898.0,271898.0,0.340277
1773100800,271728.0,274219.0,271605.0,273784.0,0.832036
1773104400,274056.0,274220.0,272650.0,273978.0,0.647776
1773108000,274206.0,278554.0,273350.0,277470.0,2.19705
1773111600,277566.0,277596.0,273682.0,274029.0,0.623903
1773115200,274005.0,276472.0,273853.0,276100.0,0.514424
1773118800,276100.0,277210.0,276001.0,276003.0,0.565179
1773122400,276066.0,276674.0,275155.0,275698.0,1.346718
1773126000,275557.0,277640.0,275257.0,277438.0,0.800365
1773129600,277529.0,279732.0,277439.0,278322.0,2.094566
1773133200,278479.0,280696.0,278149.0,279722.0,1.919582
1773136800,279994.0,279994.0,278081.0,278767.0,0.637047
1773140400,278767.0,278890.0,278002.0,278139.0,0.863069
1773144000,278129.0,278129.0,277002.0,277680.0,2.27759
1773147600,277997.0,279161.0,275001.0,275049.0,1.439672
1773151200,275471.0,281500.0,273301.0,281219.0,1.260693
1773154800,281470.0,282000.0,278875.0,280392.0,1.472928
1773158400,280392.0,281700.0,279096.0,280163.0,0.302537
1773162000,280372.0,281025.0,277384.0,278452.0,0.674933
1773165600,279058.0,279149.0,275404.0,275621.0,0.094958
1773169200,275449.0,276679.0,275100.0,275444.0,0.139885
1773172800,276118.0,276811.0,276117.0,276656.0,0.020216
1773176400,276741.0,277210.0,274556.0,276631.0,0.422904
1773180000,275043.0,276996.0,274002.0,276409.0,1.179172
1773183600,276422.0,276426.0,274388.0,275664.0,0.441591
1773187200,275627.0,276585.0,275502.0,276378.0,0.613969
1773190800,276378.0,276707.0,275785.0,276499.0,0.274231
1773194400,276469.0,276921.0,275001.0,275325.0,0.547897
1773198000,275347.0,275620.0,274366.0,274719.0,0.491403
1773201600,274719.0,277000.0,274340.0,276999.0,0.942358
1773205200,277000.0,277000.0,274501.0,274739.0,0.285457
1773208800,274738.0,275962.0,274555.0,275925.0,0.324656
1773212400,275925.0,276092.0,274364.0,274908.0,0.436859
1773216000,274909.0,275252.0,274304.0,274595.0,1.384041
1773219600,274595.0,274706.0,273751.0,273980.0,1.078157
1773223200,273752.0,274858.0,273701.0,274285.0,0.332781
1773226800,274279.0,274678.0,273001.0,273001.0,0.811466
1773230400,273000.0,274998.0,272380.0,273425.0,1.1496
1773234000,273420.0,279977.0,273417.0,276608.0,0.871528
1773237600,276705.0,279550.0,275967.0,277783.0,0.868744
1773241200,278126.0,278172.0,275002.0,275986.0,0.595927
1773244800,276624.0,278989.0,276624.0,277711.0,0.440353
1773248400,277965.0,280000.0,277250.0,278396.0,1.258945
1773252000,278501.0,278838.0,277002.0,277644.0,0.109429
1773255600,277003.0,278242.0,277001.0,278242.0,0.04099
1773259200,277748.0,277748.0,277000.0,277130.0,0.061401
1773262800,277399.0,277875.0,277028.0,277837.0,0.21222
1773266400,277996.0,278000.0,276058.0,276188.0,0.428795
1773270000,277072.0,277376.0,275557.0,275758.0,0.226066
1773273600,275759.0,276970.0,275614.0,276285.0,0.161857
1773277200,276170.0,276170.0,275001.0,275003.0,0.446214
1773280800,275003.0,275004.0,273012.0,273261.0,0.666425
1773284400,273305.0,274504.0,273043.0,273768.0,0.618015
1773288000,273884.0,274621.0,273884.0,273889.0,0.226447
1773291600,273889.0,274288.0,273651.0,274201.0,0.357309
1773295200,274202.0,274520.0,274001.0,274262.0,0.261929
1773298800,274262.0,275550.0,274261.0,275415.0,0.502332
1773302400,275635.0,276028.0,274836.0,275458.0,0.394988
1773306000,275459.0,277373.0,274465.0,275757.0,0.844701
1773309600,275757.0,280035.0,275564.0,279500.0,7.764485
1773313200,279499.0,279499.0,277929.0,277944.0,0.972774
1773316800,278011.0,278952.0,277475.0,278043.0,0.798781
1773320400,278187.0,278394.0,275556.0,276147.0,1.12624
1773324000,276431.0,278911.0,274262.0,274826.0,1.331119
1773327600,274894.0,278462.0,274664.0,277702.0,1.135755
1773331200,277540.0,278127.0,276031.0,277802.0,0.505889
1773334800,277861.0,278258.0,276930.0,277230.0,0.192738
1773338400,277113.0,277269.0,275689.0,275689.0,0.191451
1773342000,275689.0,278110.0,275597.0,278011.0,0.175332
1773345600,278004.0,278004.0,276900.0,276900.0,0.093652
1773349200,276929.0,277802.0,276911.0,277460.0,0.380975
1773352800,277000.0,277400.0,276401.0,276759.0,0.106249
1773356400,276903.0,278711.0,276903.0,278001.0,0.463141
1773360000,278002.0,283000.0,278000.0,281000.0,2.489427
1773363600,281267.0,282334.0,280179.0,281548.0,1.184134
1773367200,281514.0,281514.0,279543.0,279778.0,1.022148
1773370800,279778.0,280887.0,278927.0,280661.0,0.592585
1773374400,280662.0,280799.0,280329.0,280458.0,0.642585
1773378000,280603.0,281502.0,280256.0,281501.0,0.901795
1773381600,281502.0,281534.0,280196.0,280620.0,0.897778
1773385200,280450.0,281999.0,280450.0,281999.0,0.533602
1773388800,281997.0,283500.0,281402.0,282731.0,1.673958
1773392400,283000.0,283500.0,282356.0,283500.0,0.631988
1773396000,283500.0,285333.0,283500.0,285236.0,1.397072
1773399600,285329.0,285332.0,284433.0,284501.0,1.284459
1773403200,284502.0,286289.0,284501.0,286288.0,1.221591
1773406800,286288.0,288998.0,286288.0,288733.0,3.214979
1773410400,288997.0,290000.0,284848.0,284878.0,2.947547
1773414000,284883.0,286159.0,282534.0,282633.0,1.643444
1773417600,282636.0,283867.0,280502.0,283124.0,0.591728
1773421200,282800.0,284000.0,280005.0,280006.0,0.466639
1773424800,280005.0,280841.0,279777.0,279948.0,0.089086
1773428400,279703.0,280713.0,279631.0,280291.0,0.158827
1773432000,280313.0,280999.0,280193.0,280956.0,0.18143
1773435600,280996.0,280999.0,280048.0,280435.0,0.318078
1773439200,280435.0,280435.0,279001.0,279269.0,0.73089
1773442800,279261.0,279999.0,279002.0,279822.0,0.144691
1773446400,279755.0,279832.0,279001.0,279001.0,0.474505
1773450000,279002.0,279717.0,279001.0,279697.0,0.450495
1773453600,279697.0,279900.0,279616.0,279620.0,0.230299
1773457200,279620.0,280577.0,279620.0,280577.0,0.44237
1773460800,280629.0,281596.0,280566.0,280855.0,0.335058
1773464400,280855.0,281217.0,280538.0,280768.0,0.131884
1773468000,280617.0,280617.0,278500.0,279498.0,0.912553
1773471600,279498.0,279762.0,279099.0,279099.0,0.561404
1773475200,279100.0,280916.0,279100.0,279198.0,0.556396
1773478800,279198.0,279631.0,278892.0,279125.0,0.522797
1773482400,279083.0,279306.0,278911.0,279057.0,0.213212
1773486000,279056.0,279941.0,279056.0,279712.0,0.327721
1773489600,279754.0,280109.0,279556.0,279795.0,0.227601
1773493200,279917.0,280226.0,279911.0,280049.0,0.480732
1773496800,280050.0,280056.0,279556.0,279557.0,0.58815
1773500400,279557.0,279557.0,279300.0,279301.0,0.299484
1773504000,279301.0,279301.0,279156.0,279298.0,0.323954
1773507600,279299.0,279299.0,279297.0,279297.0,0.124454
1773511200,279298.0,279299.0,279254.0,279299.0,0.039901
1773514800,279299.0,279299.0,279196.0,279299.0,0.047096
1773518400,279299.0,279949.0,279198.0,279813.0,0.540856
1773522000,279732.0,279817.0,279269.0,279817.0,0.120556
1773525600,279816.0,279879.0,279200.0,279595.0,0.042804
1773529200,279770.0,281646.0,279770.0,281523.0,0.313523
1773532800,281523.0,281578.0,280889.0,280917.0,0.212726
1773536400,281093.0,281093.0,280439.0,280882.0,0.335132
1773540000,280882.0,282972.0,280882.0,282615.0,0.312619
1773543600,282769.0,282802.0,281746.0,282124.0,0.410361
1773547200,282296.0,283379.0,282289.0,282885.0,0.435707
1773550800,282880.0,283663.0,282861.0,282862.0,0.441851
1773554400,282861.0,283120.0,282548.0,282724.0,0.443512
1773558000,282723.0,283424.0,282723.0,282724.0,0.185001
1773561600,282954.0,283510.0,282791.0,283403.0,0.146969
1773565200,283998.0,284500.0,283997.0,284002.0,0.609153
1773568800,284002.0,284002.0,283536.0,283925.0,0.094616
1773572400,283926.0,284182.0,283922.0,284164.0,0.237207
1773576000,284342.0,284342.0,283288.0,283289.0,0.314716
1773579600,283443.0,283444.0,282121.0,283288.0,0.300463
1773583200,283224.0,283224.0,282297.0,283206.0,0.239038
1773586800,283206.0,283206.0,282422.0,282697.0,0.540559
1773590400,282697.0,282850.0,282201.0,282367.0,0.163028
1773594000,282379.0,283921.0,282379.0,283745.0,0.194091
1773597600,283823.0,283889.0,282503.0,282503.0,0.104802
1773601200,282390.0,283053.0,282201.0,282531.0,0.032919
1773604800,282639.0,283802.0,282431.0,283501.0,0.146362
1773608400,283501.0,284650.0,283500.0,284562.0,0.26781
1773612000,284561.0,287000.0,283263.0,286929.0,0.694389
1773615600,287000.0,287599.0,285744.0,286300.0,0.529217
1773619200,286299.0,287598.0,285000.0,285711.0,2.113068
1773622800,285716.0,286970.0,284745.0,286632.0,0.553074
1773626400,286559.0,286575.0,285163.0,285647.0,0.516551
1773630000,285620.0,291412.0,285435.0,290000.0,2.454471
1773633600,289676.0,291994.0,289524.0,290399.0,2.09583
1773637200,290340.0,291196.0,290011.0,291099.0,2.654373
1773640800,291199.0,291199.0,289900.0,290001.0,0.866085
1773644400,290002.0,290890.0,288246.0,288796.0,1.234516
1773648000,288754.0,289906.0,287000.0,287534.0,2.357915
1773651600,287466.0,288312.0,287206.0,288022.0,1.172098
1773655200,288021.0,289500.0,288002.0,289500.0,0.413658
1773658800,289500.0,289998.0,289500.0,289501.0,0.61579
1773662400,289502.0,290995.0,289288.0,290474.0,0.471214
1773666000,290558.0,292000.0,290435.0,290775.0,5.777878
1773669600,290913.0,291999.0,287015.0,288349.0,1.962268
1773673200,288999.0,290603.0,288112.0,288150.0,0.582644
1773676800,288144.0,290562.0,288112.0,290136.0,0.447994
1773680400,290292.0,290999.0,290150.0,290943.0,0.231233
1773684000,290943.0,292000.0,289969.0,290477.0,1.512995
1773687600,289999.0,291797.0,289874.0,290143.0,0.106673
1773691200,291023.0,291728.0,290006.0,291728.0,0.036517
1773694800,291691.0,292799.0,291287.0,292181.0,1.461608
1773698400,292181.0,293867.0,292181.0,293722.0,1.435629
1773702000,293722.0,293889.0,291568.0,293889.0,0.822313
1773705600,293889.0,295983.0,293359.0,295613.0,5.699424
1773709200,295650.0,298389.0,295200.0,297169.0,2.099652
1773712800,297169.0,297169.0,295207.0,295351.0,1.727334
1773716400,295476.0,296034.0,293000.0,293001.0,2.436762
1773720000,293001.0,294162.0,291183.0,291934.0,2.675644
1773723600,291933.0,294163.0,290569.0,291405.0,2.589763
1773727200,291211.0,292391.0,291211.0,291539.0,0.825184
1773730800,291539.0,292872.0,291539.0,292012.0,0.703515
1773734400,292013.0,292806.0,291900.0,292001.0,1.11889
1773738000,292001.0,292575.0,290592.0,290845.0,0.507704
1773741600,290781.0,290821.0,289068.0,289952.0,1.55876
1773745200,290079.0,291900.0,289974.0,291392.0,0.545667
1773748800,291391.0,291391.0,290001.0,290098.0,0.484566
1773752400,290131.0,291499.0,289019.0,289864.0,0.690312
1773756000,290027.0,292760.0,289604.0,292668.0,0.671818
1773759600,292892.0,294464.0,290296.0,291139.0,1.110946
1773763200,291140.0,292760.0,291140.0,291887.0,0.439251
1773766800,292563.0,293516.0,291725.0,293453.0,0.422705
1773770400,293338.0,294213.0,292998.0,293903.0,0.157519
1773774000,293969.0,294317.0,293085.0,293281.0,0.169919
1773777600,293182.0,294001.0,293027.0,293378.0,0.086274
1773781200,293292.0,293999.0,293049.0,293822.0,0.172803
1773784800,293626.0,293999.0,291313.0,292483.0,0.183996
1773788400,292345.0,292691.0,291000.0,291001.0,0.20874
1773792000,291260.0,291267.0,289080.0,289920.0,0.994796
1773795600,289920.0,291347.0,289920.0,290703.0,0.662344
1773799200,290713.0,292000.0,290713.0,291602.0,0.438264
1773802800,291469.0,292689.0,291054.0,292196.0,0.560477
1773806400,292196.0,292196.0,291181.0,291182.0,0.600801
1773810000,291181.0,291525.0,290502.0,290503.0,0.887044
1773813600,290530.0,291332.0,290502.0,290661.0,0.895559
1773817200,290701.0,290742.0,290101.0,290501.0,0.63032
1773820800,290501.0,291796.0,290100.0,291394.0,1.303554
1773824400,291394.0,292126.0,291393.0,291753.0,0.447044
1773828000,291754.0,292522.0,291181.0,291332.0,0.695739
1773831600,291331.0,291764.0,287699.0,287699.0,1.173137
1773835200,287700.0,287700.0,285555.0,285556.0,1.725397
1773838800,285556.0,285753.0,284800.0,284800.0,1.232586
1773842400,284800.0,284801.0,282000.0,282000.0,0.967457
1773846000,281819.0,281820.0,280000.0,281795.0,1.466274
1773849600,281795.0,281811.0,280602.0,281779.0,1.994734
1773853200,281779.0,282876.0,281453.0,282876.0,0.407401
1773856800,282876.0,284323.0,281000.0,281000.0,0.900408
1773860400,281001.0,281926.0,281000.0,281020.0,0.940567
1773864000,281019.0,281188.0,279203.0,281188.0,1.004456
1773867600,281188.0,281517.0,281181.0,281517.0,0.28598
1773871200,281516.0,281517.0,280653.0,280758.0,0.292104
1773874800,280758.0,281906.0,280758.0,281824.0,0.197093
1773878400,281824.0,282338.0,281001.0,281001.0,0.554934
1773882000,281002.0,281550.0,280900.0,281311.0,0.873558
1773885600,281311.0,281654.0,280901.0,281501.0,0.650998
1773889200,281501.0,282887.0,281500.0,281881.0,0.737011
1773892800,281881.0,281881.0,280113.0,280409.0,1.021288
1773896400,280409.0,280489.0,280179.0,280349.0,0.973535
1773900000,280349.0,280737.0,280005.0,280005.0,0.40098
1773903600,280005.0,280005.0,276000.0,278579.0,2.771022
1773907200,278090.0,279680.0,277187.0,277316.0,0.613598
1773910800,277316.0,279267.0,277315.0,278945.0,0.899285
1773914400,278945.0,279222.0,278002.0,278003.0,0.498748
1773918000,278003.0,278003.0,277361.0,277361.0,0.779593
1773921600,277361.0,277361.0,275000.0,275001.0,1.204422
1773925200,275001.0,277574.0,274520.0,277573.0,1.189398
1773928800,277573.0,277678.0,274680.0,275672.0,0.70269
1773932400,275672.0,277049.0,273889.0,275674.0,1.146235
1773936000,275551.0,276206.0,274738.0,275607.0,0.212488
1773939600,275607.0,277279.0,275002.0,277278.0,0.413974
1773943200,277278.0,277279.0,276177.0,276355.0,0.081981
1773946800,276656.0,279540.0,276656.0,278275.0,0.470305
1773950400,278276.0,279771.0,278276.0,279155.0,0.336359
1773954000,279155.0,279774.0,278729.0,279264.0,0.674883
1773957600,279264.0,279927.0,277147.0,277604.0,0.287496
1773961200,277765.0,278152.0,276238.0,276744.0,0.293045
1773964800,276744.0,277839.0,276387.0,277722.0,0.690909
1773968400,277721.0,279079.0,277721.0,278756.0,0.662603
1773972000,278756.0,278811.0,277483.0,278811.0,0.80676
1773975600,278810.0,279971.0,278699.0,279857.0,0.359831
1773979200,279857.0,280612.0,279341.0,279982.0,1.07656
1773982800,279982.0,279999.0,279401.0,279402.0,0.277332
1773986400,279401.0,279402.0,278889.0,279115.0,2.537431
1773990000,278896.0,280709.0,278870.0,280696.0,0.257142
1773993600,280630.0,282460.0,280601.0,281314.0,1.12513
1773997200,281346.0,281346.0,279085.0,279593.0,1.058541
1774000800,279593.0,279946.0,278872.0,279946.0,0.985808
1774004400,279895.0,280213.0,278866.0,279266.0,0.173327
1774008000,279267.0,280200.0,278800.0,278801.0,0.469725
1774011600,278801.0,279822.0,277950.0,277950.0,1.762726
1774015200,277950.0,278582.0,277000.0,277002.0,1.292557
1774018800,277001.0,277466.0,276451.0,277465.0,1.16459
1774022400,277466.0,278021.0,276649.0,277330.0,0.394512
1774026000,277330.0,277714.0,276001.0,277714.0,0.81778
1774029600,277713.0,277913.0,276367.0,277086.0,0.622703
1774033200,277087.0,278049.0,276630.0,278049.0,0.064423
1774036800,278247.0,278580.0,276999.0,278000.0,0.063685
1774040400,278000.0,280000.0,277808.0,279769.0,0.166582
1774044000,279769.0,281058.0,279769.0,280686.0,0.126791
1774047600,280685.0,280685.0,279351.0,279616.0,0.233931
1774051200,279615.0,280344.0,279564.0,279989.0,0.32299
1774054800,280263.0,280269.0,279493.0,279493.0,0.27869
1774058400,279453.0,280120.0,279339.0,280120.0,0.138078
1774062000,280120.0,283999.0,280119.0,281083.0,2.912312
1774065600,281004.0,281592.0,281000.0,281001.0,0.605603
1774069200,281000.0,283879.0,281000.0,281241.0,0.582929
1774072800,281372.0,283745.0,281146.0,281581.0,0.255657
1774076400,281580.0,282324.0,281244.0,281372.0,0.083699
1774080000,281373.0,282311.0,281000.0,281068.0,0.416637
1774083600,281068.0,282164.0,281029.0,281209.0,0.436366
1774087200,281210.0,281210.0,281103.0,281112.0,0.154676
1774090800,281113.0,281113.0,281112.0,281112.0,0.208408
1774094400,281113.0,281502.0,281113.0,281390.0,0.398286
1774098000,281389.0,281481.0,281389.0,281476.0,0.238687
1774101600,281477.0,282490.0,281111.0,281111.0,0.65879
1774105200,281112.0,281446.0,280501.0,281008.0,0.668198
1774108800,281008.0,281009.0,279569.0,279569.0,0.400744
1774112400,279569.0,279914.0,279076.0,279565.0,0.467893
1774116000,279564.0,279913.0,279233.0,279740.0,0.060538
1774119600,279740.0,279740.0,279156.0,279464.0,0.044445
1774123200,279464.0,279719.0,279423.0,279696.0,0.042562
1774126800,279695.0,279695.0,279078.0,279236.0,0.082805
1774130400,279235.0,279235.0,279001.0,279057.0,0.171747
1774134000,279057.0,279057.0,274100.0,274100.0,1.854121
1774137600,274102.0,274625.0,273202.0,273968.0,1.577499
1774141200,273968.0,274764.0,273968.0,274403.0,0.491316
1774144800,274403.0,276806.0,274403.0,275799.0,1.02456
1774148400,275650.0,276476.0,275452.0,276001.0,0.881928
1774152000,276001.0,276427.0,276000.0,276000.0,0.238138
1774155600,276000.0,276001.0,276000.0,276000.0,0.307731
1774159200,276000.0,276001.0,276000.0,276000.0,0.393375
1774162800,276001.0,277002.0,275598.0,275598.0,2.77976
1774166400,275596.0,276001.0,274501.0,274745.0,2.049472
1774170000,274745.0,274745.0,274701.0,274702.0,0.338425
1774173600,274702.0,274702.0,274442.0,274443.0,1.02685
1774177200,274443.0,274443.0,273001.0,273001.0,0.708077
1774180800,273002.0,274302.0,273000.0,273928.0,0.846069
1774184400,274087.0,274500.0,274000.0,274155.0,0.281237
1774188000,274155.0,274499.0,274001.0,274029.0,0.653722
1774191600,274029.0,274499.0,274029.0,274492.0,0.293421
1774195200,274491.0,274492.0,274139.0,274140.0,0.200162
1774198800,274140.0,274140.0,274033.0,274034.0,0.11189
1774202400,274032.0,274032.0,274000.0,274000.0,1.068398
1774206000,274001.0,274001.0,273000.0,273000.0,0.432696
1774209600,273000.0,273001.0,272510.0,272510.0,0.304815
1774213200,272503.0,272503.0,270222.0,271065.0,0.782623
1774216800,271064.0,272728.0,270501.0,272728.0,1.051352
1774220400,272728.0,272728.0,271018.0,271052.0,0.588297
1774224000,271049.0,271649.0,270002.0,270003.0,2.142287
1774227600,270002.0,271206.0,270001.0,270555.0,0.727823
1774231200,270554.0,271929.0,270201.0,271916.0,0.741918
1774234800,271916.0,272480.0,271130.0,271130.0,0.601916
1774238400,271130.0,275001.0,271129.0,274974.0,4.261001
1774242000,274857.0,274857.0,273310.0,274253.0,0.270429
1774245600,274252.0,274253.0,271485.0,271486.0,4.476925
1774249200,271486.0,273346.0,271300.0,273288.0,1.200001
1774252800,273285.0,274153.0,273069.0,273890.0,0.351737
1774256400,273890.0,273890.0,271301.0,272015.0,1.057637
1774260000,272015.0,273510.0,272014.0,272998.0,0.295379
1774263600,272998.0,283447.0,272997.0,278964.0,4.482904
1774267200,278674.0,280998.0,277347.0,280881.0,2.653616
1774270800,280881.0,283881.0,280761.0,283777.0,1.601768
1774274400,283729.0,284987.0,282171.0,283451.0,1.847965
1774278000,283337.0,283866.0,278334.0,278334.0,1.760005
1774281600,278334.0,279999.0,278333.0,279984.0,0.816488
1774285200,279984.0,281815.0,278984.0,281740.0,1.034951
1774288800,281740.0,281967.0,280895.0,281723.0,0.393745
1774292400,281440.0,281934.0,280053.0,280053.0,0.376779
1774296000,279782.0,281254.0,279702.0,280831.0,0.251701
1774299600,280831.0,281412.0,280830.0,281020.0,0.055269
1774303200,281021.0,281021.0,279271.0,279977.0,0.58826
1774306800,279977.0,280640.0,278877.0,280250.0,0.37462
1774310400,280250.0,281012.0,278876.0,279210.0,1.391358
1774314000,279211.0,279988.0,278333.0,278674.0,0.943198
1774317600,278482.0,279578.0,278239.0,278522.0,0.95468
1774321200,278522.0,279263.0,278349.0,278855.0,0.836884
1774324800,278856.0,279547.0,278156.0,278157.0,0.297324
1774328400,278157.0,278308.0,277295.0,278308.0,0.99951
1774332000,278308.0,278917.0,278149.0,278899.0,0.576819
1774335600,278899.0,282267.0,278855.0,282267.0,0.815809
1774339200,282267.0,282267.0,280508.0,280684.0,0.455519
1774342800,280903.0,282498.0,280894.0,282498.0,0.608817
1774346400,282498.0,282498.0,282035.0,282080.0,0.309364
1774350000,282080.0,282158.0,281355.0,281913.0,1.043937
1774353600,281912.0,281912.0,280885.0,281043.0,0.552997
1774357200,281043.0,281468.0,278000.0,278003.0,0.569851
1774360800,278002.0,279154.0,276262.0,277030.0,0.725494
1774364400,277030.0,278361.0,277030.0,277201.0,0.59571
1774368000,277201.0,277405.0,275709.0,275923.0,0.393573
1774371600,275923.0,275923.0,274003.0,274727.0,0.531042
1774375200,274727.0,276266.0,274726.0,275560.0,0.541596
1774378800,275560.0,276065.0,275002.0,275002.0,0.132725
1774382400,275002.0,278567.0,275002.0,277962.0,0.070619
1774386000,277962.0,278830.0,277638.0,278829.0,0.017307
1774389600,278830.0,279822.0,278487.0,279015.0,0.058627
1774393200,279015.0,280917.0,278814.0,279835.0,1.015634
1774396800,279835.0,281186.0,279246.0,280476.0,0.888522
1774400400,280476.0,280948.0,279903.0,280189.0,0.243174
1774404000,280190.0,280190.0,279900.0,279901.0,0.493898
1774407600,279901.0,280713.0,279650.0,280657.0,0.303807
1774411200,280658.0,281000.0,280277.0,281000.0,0.579923
1774414800,280996.0,282421.0,280996.0,281913.0,1.109541
1774418400,281913.0,282256.0,281267.0,281825.0,0.854265
1774422000,281417.0,281945.0,281400.0,281401.0,0.635965
1774425600,281401.0,282887.0,280818.0,282302.0,0.849781
1774429200,282302.0,282874.0,282022.0,282555.0,0.989766
1774432800,282555.0,283300.0,282554.0,283299.0,0.839654
1774436400,283300.0,284999.0,283300.0,284099.0,1.210929
1774440000,284099.0,284999.0,282806.0,284999.0,0.609936
1774443600,285000.0,285448.0,283949.0,284186.0,0.850597
1774447200,284149.0,284149.0,283191.0,283284.0,0.783132
1774450800,283284.0,283284.0,280581.0,281826.0,0.93268
1774454400,281826.0,284999.0,281582.0,283665.0,0.589309
1774458000,283665.0,283665.0,281336.0,281337.0,0.673914
1774461600,281337.0,282266.0,281274.0,281274.0,0.438545
1774465200,281275.0,282266.0,280739.0,281447.0,0.892323
1774468800,281446.0,282265.0,280912.0,282265.0,0.090056
1774472400,282265.0,282266.0,282264.0,282266.0,0.193197
1774476000,282266.0,284000.0,281952.0,283611.0,0.058534
1774479600,283611.0,283810.0,283066.0,283651.0,0.379165
1774483200,283651.0,283651.0,283067.0,283493.0,0.258675
1774486800,283492.0,283968.0,283492.0,283715.0,0.373366
1774490400,283715.0,283715.0,282250.0,283087.0,0.915509
1774494000,282933.0,283863.0,282001.0,283240.0,0.605449
1774497600,283203.0,283588.0,282440.0,282891.0,0.350736
1774501200,283210.0,283210.0,280500.0,280501.0,0.677311
1774504800,280501.0,280607.0,280255.0,280606.0,0.490404
1774508400,280606.0,280607.0,280080.0,280607.0,0.836713
1774512000,280547.0,281135.0,280001.0,280583.0,0.968624
1774515600,280358.0,280708.0,278611.0,278885.0,0.838929
1774519200,278882.0,279624.0,278559.0,278559.0,0.856478
1774522800,278559.0,279009.0,278000.0,278002.0,1.549892
1774526400,278002.0,278471.0,278001.0,278289.0,1.6752
1774530000,278290.0,280036.0,278011.0,279022.0,0.817521
1774533600,279030.0,279842.0,278010.0,278444.0,0.966253
1774537200,278598.0,278598.0,276288.0,277119.0,1.146285
1774540800,277072.0,277072.0,276382.0,276751.0,0.711818
1774544400,276751.0,277532.0,275000.0,275000.0,0.64773
1774548000,275000.0,275290.0,274570.0,274967.0,1.154939
1774551600,274967.0,275577.0,274576.0,275514.0,0.071456
1774555200,275103.0,279924.0,274737.0,277241.0,0.647091
1774558800,277241.0,277479.0,276659.0,276998.0,0.099252
1774562400,276863.0,276977.0,276000.0,276363.0,0.098498
1774566000,276710.0,276793.0,275894.0,276269.0,0.573511
1774569600,276269.0,276962.0,275506.0,276148.0,0.434997
1774573200,276298.0,277842.0,276001.0,277247.0,0.500733
1774576800,277727.0,277871.0,276757.0,277001.0,0.271778
1774580400,277001.0,277001.0,276401.0,276508.0,0.458838
1774584000,276560.0,276560.0,275362.0,275832.0,0.771341
1774587600,275832.0,276893.0,275801.0,275886.0,0.392792
1774591200,275970.0,276994.0,275970.0,276764.0,0.514085
1774594800,276765.0,277729.0,276000.0,276001.0,0.326012
1774598400,276000.0,276258.0,273919.0,273919.0,2.252954
1774602000,273913.0,274004.0,273202.0,273303.0,1.073281
1774605600,273302.0,273353.0,270100.0,270152.0,3.573427
1774609200,270101.0,270102.0,269890.0,270001.0,2.684928
1774612800,270002.0,271804.0,269000.0,269757.0,2.930322
1774616400,269756.0,270882.0,268740.0,268773.0,2.083528
1774620000,268740.0,270153.0,267504.0,268695.0,2.55421
1774623600,268695.0,270331.0,268432.0,269500.0,1.337977
1774627200,269500.0,269501.0,268000.0,268003.0,1.088959
1774630800,268003.0,268589.0,267503.0,267504.0,1.071319
1774634400,267504.0,268155.0,267503.0,267950.0,0.584444
1774638000,267950.0,268293.0,267667.0,267668.0,0.614708
1774641600,268070.0,268070.0,267666.0,267667.0,0.429901
1774645200,267666.0,268440.0,267666.0,267916.0,0.291986
1774648800,267848.0,267931.0,267505.0,267798.0,0.795757
1774652400,267798.0,269444.0,267532.0,269324.0,0.460679
1774656000,269236.0,269661.0,269000.0,269395.0,0.792458
1774659600,269396.0,269396.0,268389.0,268390.0,0.8634
1774663200,268390.0,268675.0,267982.0,267983.0,0.727464
1774666800,267983.0,268453.0,267983.0,268452.0,0.314935
1774670400,268452.0,268892.0,268451.0,268728.0,1.146454
1774674000,268728.0,269281.0,268621.0,269189.0,0.794343
1774677600,269189.0,270481.0,268761.0,268932.0,1.085158
1774681200,268932.0,269541.0,268931.0,269541.0,0.25498
1774684800,269475.0,269735.0,269201.0,269305.0,1.162997
1774688400,269305.0,269305.0,268664.0,268776.0,0.704691
1774692000,268777.0,268777.0,268359.0,268362.0,0.457319
1774695600,268362.0,268764.0,268361.0,268764.0,0.244988
1774699200,268764.0,269166.0,268406.0,269114.0,0.302207
1774702800,269114.0,271398.0,269000.0,270007.0,0.417121
1774706400,270007.0,270549.0,270000.0,270000.0,0.723954
1774710000,270000.0,271822.0,269895.0,270700.0,0.708844
1774713600,270500.0,271293.0,270043.0,270416.0,0.364244
1774717200,270416.0,270812.0,270000.0,270093.0,0.264031
1774720800,270011.0,270887.0,270001.0,270161.0,0.043831
1774724400,270162.0,270662.0,269919.0,270515.0,0.096191
1774728000,270507.0,270947.0,270507.0,270583.0,0.006572
1774731600,270140.0,270147.0,269500.0,269500.0,0.018945
1774735200,269013.0,269823.0,269001.0,269429.0,0.126702
1774738800,269419.0,269419.0,268000.0,268171.0,0.574836
1774742400,268170.0,268710.0,268001.0,268453.0,0.331631
1774746000,268453.0,269179.0,268184.0,268719.0,0.264614
1774749600,268833.0,270227.0,268717.0,269788.0,1.322861
1774753200,269787.0,270950.0,269742.0,270310.0,0.586661
1774756800,270310.0,270536.0,269594.0,269594.0,0.705561
1774760400,269594.0,269927.0,269081.0,269408.0,0.166236
1774764000,269881.0,270227.0,269298.0,269780.0,0.636642
1774767600,269780.0,269780.0,269000.0,269397.0,1.015329
1774771200,269396.0,269880.0,269311.0,269507.0,0.457893
1774774800,269507.0,269881.0,269102.0,269226.0,0.429867
1774778400,269103.0,269103.0,268904.0,268904.0,0.654189
1774782000,268905.0,270401.0,268904.0,270031.0,0.302056
1774785600,270008.0,270213.0,269801.0,270121.0,0.355914
1774789200,270120.0,270120.0,269112.0,269237.0,0.265324
1774792800,269237.0,269516.0,268913.0,269202.0,0.366176
1774796400,269202.0,269516.0,268913.0,269081.0,0.441619
1774800000,269080.0,269512.0,269005.0,269005.0,0.335654
1774803600,269006.0,269006.0,268106.0,268349.0,0.526256
1774807200,268349.0,268715.0,268349.0,268715.0,0.533548
1774810800,268715.0,268721.0,268369.0,268369.0,0.446246
1774814400,268369.0,269255.0,268369.0,269255.0,0.193245
1774818000,269254.0,269498.0,268846.0,269498.0,0.075846
1774821600,269498.0,269498.0,264500.0,266063.0,3.068344
1774825200,266444.0,267891.0,266376.0,266997.0,0.908868
1774828800,266997.0,270980.0,266237.0,267820.0,1.875254
1774832400,267820.0,269709.0,267820.0,269354.0,1.148034
1774836000,269354.0,271998.0,269005.0,271205.0,1.098522
1774839600,271205.0,271723.0,270480.0,271405.0,1.359626
1774843200,271406.0,272707.0,271318.0,272707.0,0.606465
1774846800,272707.0,273399.0,272170.0,272171.0,0.934936
1774850400,272171.0,272705.0,271196.0,271608.0,0.781432
1774854000,271608.0,272958.0,271289.0,272638.0,0.420108
1774857600,272779.0,273800.0,272779.0,273030.0,0.879544
1774861200,273030.0,273198.0,272447.0,272946.0,0.276409
1774864800,272945.0,272945.0,272370.0,272595.0,0.339016
1774868400,272596.0,274000.0,272596.0,273184.0,0.727335
1774872000,273184.0,274716.0,273184.0,274327.0,0.371406
1774875600,274327.0,274999.0,272801.0,272801.0,0.666447
1774879200,272801.0,274997.0,271800.0,274058.0,0.749559
1774882800,274059.0,274470.0,272663.0,273350.0,0.468622
1774886400,273351.0,273351.0,271822.0,271975.0,0.675204
1774890000,271975.0,271975.0,269556.0,269848.0,0.946719
1774893600,269881.0,269934.0,269058.0,269059.0,0.100444
1774897200,269059.0,269059.0,268002.0,268727.0,0.053938
1774900800,268727.0,269270.0,268727.0,269270.0,0.025981
1774904400,269269.0,270545.0,269269.0,270309.0,0.125511
1774908000,270309.0,270309.0,269605.0,269742.0,0.081608
1774911600,269743.0,269743.0,268501.0,269658.0,0.546854
1774915200,269657.0,271954.0,269189.0,271693.0,0.681395
1774918800,271584.0,275999.0,271365.0,274421.0,1.417824
1774922400,274336.0,274661.0,273489.0,273930.0,0.770816
1774926000,273643.0,273927.0,272663.0,272973.0,0.271774
1774929600,272973.0,273437.0,272530.0,272689.0,0.995869
1774933200,272689.0,273440.0,272049.0,273071.0,0.758329
1774936800,273072.0,273234.0,272001.0,272008.0,0.4536
1774940400,272009.0,272009.0,271441.0,272008.0,1.021691
1774944000,272009.0,272189.0,270006.0,270248.0,0.998319
1774947600,270248.0,270249.0,268112.0,268113.0,0.814321
1774951200,268113.0,269304.0,268113.0,269188.0,0.567853
1774954800,269188.0,271136.0,268944.0,270485.0,0.69061
1774958400,270485.0,271666.0,270313.0,270730.0,0.367912
1774962000,270609.0,273495.0,270597.0,272832.0,1.540956
1774965600,272832.0,274381.0,269210.0,269225.0,1.328599
1774969200,269436.0,272626.0,269436.0,270159.0,0.890867
1774972800,270159.0,274380.0,270159.0,273680.0,0.822466
1774976400,273680.0,276300.0,273265.0,273265.0,1.479012
1774980000,273000.0,274614.0,273000.0,274302.0,0.246545
1774983600,274302.0,275126.0,273875.0,274023.0,0.525778
1774987200,274236.0,275816.0,274236.0,275525.0,0.118602
1774990800,275526.0,275999.0,274448.0,275998.0,0.283749
1774994400,275991.0,275991.0,275000.0,275280.0,0.220799
1774998000,275280.0,275997.0,275280.0,275772.0,0.793382
1775001600,275772.0,275772.0,274015.0,275408.0,1.105008
1775005200,275408.0,275554.0,273846.0,273846.0,0.932746
1775008800,273810.0,274140.0,273002.0,273058.0,0.758353
1775012400,273271.0,275000.0,273271.0,274996.0,0.406947
1775016000,274999.0,276165.0,274801.0,275864.0,0.515487
1775019600,275867.0,277376.0,275123.0,276701.0,0.639483
1775023200,276702.0,278887.0,276701.0,278853.0,0.756789
1775026800,278884.0,278887.0,277001.0,277001.0,0.823915
1775030400,277002.0,277003.0,276501.0,276685.0,0.480331
1775034000,276529.0,276813.0,275259.0,276425.0,1.033496
1775037600,276407.0,276412.0,276089.0,276089.0,0.258121
1775041200,276088.0,276784.0,276001.0,276784.0,0.378828
1775044800,276784.0,276784.0,275263.0,275303.0,0.655509
1775048400,275642.0,276489.0,274001.0,274582.0,0.72205
1775052000,274338.0,276674.0,273565.0,276406.0,2.176248
1775055600,276408.0,277735.0,275596.0,277588.0,0.415858
1775059200,277518.0,277751.0,276378.0,277054.0,0.236795
1775062800,277640.0,277751.0,275002.0,275002.0,0.236888
1775066400,275001.0,275001.0,274000.0,274002.0,0.221999
1775070000,274858.0,274858.0,274002.0,274312.0,0.123278
1775073600,274286.0,274635.0,273761.0,274635.0,0.077072
1775077200,274374.0,275481.0,274373.0,274821.0,0.075811
1775080800,274915.0,274915.0,274119.0,274227.0,0.405925
1775084400,274268.0,274817.0,274001.0,274121.0,0.490986
1775088000,274120.0,276002.0,274003.0,276001.0,0.531569
1775091600,276002.0,276002.0,270751.0,271378.0,1.822523
1775095200,271062.0,271237.0,269210.0,269956.0,1.573994
1775098800,270100.0,270519.0,269201.0,269202.0,0.797263
1775102400,269202.0,269339.0,268111.0,268374.0,1.337861
1775106000,268374.0,269609.0,268373.0,269609.0,0.98485
1775109600,269605.0,270524.0,269603.0,270013.0,0.601803
1775113200,270001.0,271244.0,269870.0,271244.0,0.947871
1775116800,271241.0,271241.0,269243.0,269243.0,0.554159
1775120400,269693.0,269788.0,269010.0,269575.0,0.766143
1775124000,269342.0,269930.0,269001.0,269833.0,0.509378
1775127600,269775.0,269775.0,268905.0,268905.0,0.558783
1775131200,268836.0,268836.0,268050.0,268370.0,1.374275
1775134800,268371.0,268830.0,267301.0,268830.0,1.441802
1775138400,268829.0,271988.0,268739.0,271512.0,0.764502
1775142000,271307.0,271683.0,270550.0,271213.0,0.814249
1775145600,271213.0,272701.0,270915.0,272330.0,0.357353
1775149200,272183.0,273239.0,270917.0,270917.0,0.375199
1775152800,270917.0,272097.0,270453.0,272097.0,0.073082
1775156400,272295.0,272321.0,271573.0,271991.0,0.116988
1775160000,271284.0,272124.0,270974.0,271611.0,0.044201
1775163600,271737.0,271737.0,271008.0,271009.0,0.042204
1775167200,271009.0,271981.0,271009.0,271980.0,0.221597
1775170800,271814.0,272142.0,271262.0,271262.0,0.097132
1775174400,271263.0,271263.0,270851.0,270851.0,0.303247
1775178000,270727.0,271197.0,269551.0,269882.0,0.331306
1775181600,269810.0,270337.0,269162.0,269544.0,0.573478
1775185200,269545.0,270347.0,269545.0,269770.0,0.685938
1775188800,269770.0,270053.0,269665.0,269854.0,0.255918
1775192400,269813.0,270016.0,269259.0,269500.0,0.208688
1775196000,269482.0,270199.0,269450.0,270199.0,0.4007
1775199600,270199.0,271599.0,270198.0,271597.0,0.483525
1775203200,271596.0,271999.0,270949.0,271011.0,0.926753
1775206800,271003.0,271134.0,270431.0,270743.0,0.221382
1775210400,270743.0,270747.0,270432.0,270433.0,0.27314
1775214000,270433.0,271147.0,270432.0,271147.0,0.16577
1775217600,271147.0,271986.0,270001.0,270007.0,0.283394
1775221200,270002.0,270044.0,269171.0,269852.0,0.485825
1775224800,269852.0,270626.0,269804.0,270257.0,1.910002
1775228400,270135.0,270258.0,269774.0,269775.0,0.112747
1775232000,269774.0,271194.0,269774.0,270765.0,0.226427
1775235600,270765.0,270766.0,269771.0,269959.0,0.193289
1775239200,269959.0,270602.0,269799.0,269802.0,0.174886
1775242800,269803.0,269803.0,269800.0,269801.0,0.037949
1775246400,269801.0,270008.0,269800.0,269830.0,0.03099
1775250000,269841.0,270226.0,269806.0,270225.0,0.033538
1775253600,270297.0,270297.0,270296.0,270296.0,0.037842
1775257200,270297.0,270319.0,270296.0,270319.0,0.048922
1775260800,270354.0,270354.0,270296.0,270297.0,0.136119
1775264400,270297.0,270297.0,270103.0,270103.0,0.371534
1775268000,270103.0,270299.0,270102.0,270184.0,0.316758
1775271600,270299.0,270452.0,270227.0,270451.0,0.337184
1775275200,270452.0,270453.0,270451.0,270453.0,0.374027
1775278800,270453.0,270671.0,270326.0,270671.0,0.45316
1775282400,270775.0,271099.0,270774.0,271075.0,0.25778
1775286000,271083.0,271500.0,270810.0,270877.0,0.484276
1775289600,270877.0,271224.0,270876.0,271003.0,0.244143
1775293200,271002.0,271499.0,271002.0,271099.0,0.615382
1775296800,271099.0,271741.0,271025.0,271740.0,0.246025
1775300400,271755.0,271854.0,271680.0,271822.0,0.585464
1775304000,271811.0,271812.0,271510.0,271511.0,0.64944
1775307600,271511.0,271854.0,271511.0,271854.0,0.23764
1775311200,271854.0,271898.0,271853.0,271898.0,0.268538
1775314800,271898.0,272750.0,271897.0,272749.0,0.392821
1775318400,272755.0,272859.0,272754.0,272858.0,0.25829
1775322000,272859.0,272859.0,272599.0,272648.0,0.081167
1775325600,272598.0,272598.0,272502.0,272552.0,0.021338
1775329200,272552.0,272859.0,272551.0,272588.0,0.098393
1775332800,272552.0,272552.0,272140.0,272141.0,0.016795
1775336400,272141.0,272285.0,272008.0,272285.0,0.036662
1775340000,272285.0,272857.0,272285.0,272856.0,0.052611
1775343600,272857.0,272857.0,272355.0,272444.0,0.073344
1775347200,272444.0,272444.0,272160.0,272241.0,0.137939
1775350800,272241.0,272241.0,271889.0,271890.0,0.2933
1775354400,271889.0,271900.0,271500.0,271900.0,0.088478
1775358000,271900.0,271984.0,271693.0,271830.0,0.194079
1775361600,271831.0,271995.0,271831.0,271995.0,0.091739
1775365200,271994.0,271995.0,271501.0,271502.0,0.08553
1775368800,271501.0,271502.0,270145.0,270883.0,0.676296
1775372400,270883.0,271056.0,270800.0,270896.0,0.192895
1775376000,270895.0,271240.0,270895.0,271176.0,0.290673
1775379600,271176.0,271646.0,271176.0,271539.0,0.257364
1775383200,271539.0,271991.0,271320.0,271448.0,0.496952
1775386800,271447.0,271812.0,271343.0,271411.0,0.118598
1775390400,271411.0,271411.0,270574.0,270761.0,0.498256
1775394000,270761.0,271155.0,270504.0,271155.0,0.217974
1775397600,271151.0,271426.0,270884.0,271289.0,0.263839
1775401200,271290.0,273899.0,271289.0,272864.0,3.776024
1775404800,272864.0,272865.0,272011.0,272157.0,0.12415
1775408400,272013.0,272671.0,272010.0,272526.0,0.483429
1775412000,272498.0,272498.0,271464.0,272058.0,0.534499
1775415600,272058.0,272800.0,271986.0,272185.0,0.078721
1775419200,272458.0,273392.0,272403.0,273392.0,0.153269
1775422800,273212.0,273375.0,272726.0,273131.0,0.061196
1775426400,273646.0,275499.0,272498.0,275498.0,0.563385
1775430000,275500.0,278000.0,275499.0,277998.0,2.160924
1775433600,277999.0,279799.0,277999.0,278467.0,1.650642
1775437200,278467.0,278467.0,276585.0,277146.0,1.078515
1775440800,276945.0,278602.0,276945.0,278405.0,1.55176
1775444400,278337.0,278479.0,277873.0,277949.0,0.567382
1775448000,278020.0,278403.0,277693.0,278169.0,0.651175
1775451600,278168.0,278169.0,278131.0,278165.0,1.279388
1775455200,278166.0,278481.0,277311.0,277905.0,1.216358
1775458800,277905.0,278456.0,277500.0,278107.0,0.69742
1775462400,278124.0,278573.0,277950.0,278528.0,1.232983
1775466000,278502.0,281747.0,278501.0,280000.0,3.201325
1775469600,280000.0,280734.0,279999.0,280246.0,0.556129
1775473200,280247.0,280247.0,280001.0,280002.0,0.613854
1775476800,280002.0,280002.0,279001.0,279001.0,0.601828
1775480400,279002.0,279331.0,278500.0,278922.0,0.388889
1775484000,278999.0,280100.0,278025.0,279889.0,1.38007
1775487600,279888.0,280996.0,279831.0,280995.0,0.362814
1775491200,280995.0,281972.0,280049.0,280816.0,1.091971
1775494800,280816.0,280816.0,278444.0,279530.0,0.245788
1775498400,279530.0,280814.0,279529.0,280451.0,0.079826
1775502000,280452.0,280500.0,279747.0,280048.0,0.103539
1775505600,280049.0,280815.0,280048.0,280814.0,0.059764
1775509200,280803.0,280803.0,279309.0,279487.0,0.156055
1775512800,279486.0,279486.0,277320.0,277320.0,0.589476
1775516400,277320.0,277403.0,275700.0,277403.0,1.458354
1775520000,277403.0,278267.0,277001.0,277456.0,0.403216
1775523600,277001.0,277479.0,276201.0,276202.0,0.376233
1775527200,276202.0,277372.0,276201.0,277100.0,0.270171
1775530800,277100.0,277678.0,277074.0,277592.0,0.320323
1775534400,277658.0,278457.0,277059.0,278116.0,0.56393
1775538000,278116.0,278116.0,277449.0,277603.0,0.350028
1775541600,277560.0,277560.0,277086.0,277186.0,0.458231
1775545200,277185.0,277505.0,277056.0,277328.0,0.367919
1775548800,277218.0,278253.0,277064.0,278253.0,0.324691
1775552400,278253.0,279399.0,278253.0,279034.0,0.51219
1775556000,279034.0,279243.0,275703.0,275703.0,0.845272
1775559600,275702.0,276646.0,275356.0,276226.0,0.658551
1775563200,276168.0,276676.0,275483.0,276582.0,1.270721
1775566800,276488.0,277323.0,276001.0,276002.0,0.684174
1775570400,276002.0,276002.0,274407.0,274746.0,1.899511
1775574000,274436.0,275914.0,274407.0,275674.0,0.287524
1775577600,275674.0,276466.0,275454.0,276242.0,0.461255
1775581200,276242.0,278500.0,276240.0,277952.0,0.328168
1775584800,277822.0,277992.0,276545.0,276699.0,0.274612
1775588400,276699.0,278900.0,276550.0,278899.0,0.047951
1775592000,278900.0,280500.0,278900.0,280085.0,0.347253
1775595600,280134.0,282313.0,280093.0,281998.0,0.55209
1775599200,281998.0,286998.0,281998.0,286998.0,3.542127
1775602800,286999.0,291248.0,286806.0,289303.0,3.983016
1775606400,289282.0,289282.0,286132.0,286313.0,2.648125
1775610000,286695.0,286702.0,285218.0,285218.0,0.873565
1775613600,285219.0,285997.0,284219.0,284439.0,1.488946
1775617200,284440.0,284957.0,284122.0,284122.0,0.876185
1775620800,284134.0,285099.0,284127.0,285019.0,0.510237
1775624400,285019.0,285805.0,285018.0,285386.0,0.83712
1775628000,285412.0,285998.0,284909.0,285204.0,1.560337
1775631600,285203.0,285386.0,284588.0,284658.0,0.740993
1775635200,285261.0,285479.0,284824.0,285235.0,0.548575
1775638800,285322.0,285992.0,284586.0,284821.0,0.345415
1775642400,284852.0,285094.0,284158.0,284158.0,0.352897
1775646000,284156.0,285073.0,284156.0,285057.0,0.984969
1775649600,284559.0,286509.0,284559.0,286469.0,0.460049
1775653200,286469.0,289156.0,285002.0,285005.0,2.41559
1775656800,285432.0,285434.0,282001.0,282002.0,0.570236
1775660400,282065.0,283686.0,282065.0,283686.0,0.414958
1775664000,283686.0,284999.0,283678.0,284999.0,0.265031
1775667600,285000.0,286615.0,284788.0,286483.0,0.288641
1775671200,286401.0,286401.0,283597.0,283597.0,0.04099
1775674800,283596.0,284311.0,283385.0,284031.0,0.078008
1775678400,284657.0,285116.0,284085.0,284322.0,0.26373
1775682000,284339.0,285665.0,284282.0,285081.0,0.155419
1775685600,285010.0,285010.0,283460.0,283460.0,0.297981
1775689200,283394.0,283820.0,283003.0,283701.0,0.227473
1775692800,283701.0,283701.0,282093.0,282551.0,0.621872
1775696400,282551.0,283075.0,281663.0,283075.0,0.454076
1775700000,283075.0,283999.0,283029.0,283995.0,0.713982
1775703600,283995.0,283996.0,283001.0,283400.0,0.363354
1775707200,283400.0,283400.0,282580.0,282945.0,0.424781
1775710800,282511.0,283400.0,282511.0,283398.0,0.567056
1775714400,283400.0,283499.0,283237.0,283498.0,0.43927
1775718000,283499.0,283578.0,283256.0,283563.0,0.146253
1775721600,283577.0,285138.0,283250.0,284875.0,0.832381
1775725200,284876.0,285688.0,284056.0,285687.0,0.422599
1775728800,285688.0,285688.0,285167.0,285167.0,0.383204
1775732400,285168.0,285168.0,284200.0,284559.0,0.367536
1775736000,284425.0,284864.0,284201.0,284779.0,0.223265
1775739600,284866.0,285005.0,282813.0,282965.0,0.335208
1775743200,282965.0,284558.0,282202.0,283952.0,0.376962
1775746800,284209.0,288699.0,283801.0,288152.0,1.159222
1775750400,288460.0,288885.0,286605.0,287601.0,0.425344
1775754000,287922.0,288886.0,287769.0,288540.0,0.504697
1775757600,288555.0,288555.0,286408.0,286748.0,0.475769
1775761200,286854.0,288098.0,286406.0,287378.0,0.090281
1775764800,287446.0,288798.0,287180.0,288559.0,0.220077
1775768400,288674.0,289415.0,288013.0,288286.0,0.379489
1775772000,288294.0,290700.0,287101.0,287101.0,1.348693
1775775600,287101.0,287101.0,285810.0,286452.0,0.66219
1775779200,286115.0,286976.0,285501.0,286464.0,0.619379
1775782800,286711.0,288292.0,286116.0,287149.0,0.508982
1775786400,287147.0,287629.0,286280.0,286520.0,0.625623
1775790000,286504.0,286660.0,286096.0,286157.0,0.284967
1775793600,286157.0,286892.0,286002.0,286715.0,0.788259
1775797200,286715.0,287214.0,286183.0,286609.0,1.205831
1775800800,286609.0,286864.0,286001.0,286001.0,0.47094
1775804400,286001.0,286001.0,284535.0,284535.0,0.445908
1775808000,284697.0,285662.0,284386.0,285060.0,0.889517
1775811600,285060.0,285979.0,285060.0,285694.0,0.400542
1775815200,285694.0,286176.0,285507.0,286176.0,0.433819
1775818800,286176.0,287467.0,286176.0,287161.0,0.298963
1775822400,287161.0,287922.0,286363.0,287703.0,0.662277
1775826000,287703.0,287703.0,286146.0,287702.0,0.355185
1775829600,287700.0,290749.0,287624.0,289610.0,2.256778
1775833200,289934.0,290996.0,288002.0,288003.0,1.048835
1775836800,288043.0,289999.0,288001.0,289998.0,0.210517
1775840400,289998.0,290567.0,289601.0,290567.0,0.853028
1775844000,290656.0,290656.0,289550.0,289999.0,0.536287
1775847600,290000.0,290354.0,289551.0,290000.0,0.191381
1775851200,290358.0,290818.0,290140.0,290818.0,0.211666
1775854800,290818.0,290818.0,289859.0,290005.0,0.043381
1775858400,290006.0,290006.0,289019.0,289151.0,0.225573
1775862000,289151.0,289545.0,289076.0,289545.0,0.259399
1775865600,289544.0,289545.0,289016.0,289120.0,0.127621
1775869200,289120.0,289809.0,288861.0,289801.0,0.297763
1775872800,289809.0,289997.0,289397.0,289670.0,0.435945
1775876400,289778.0,290000.0,289651.0,289651.0,1.168644
1775880000,289651.0,289789.0,289001.0,289379.0,0.721081
1775883600,289407.0,289647.0,289003.0,289399.0,0.339525
1775887200,289388.0,289525.0,289156.0,289515.0,0.107226
1775890800,289515.0,289589.0,289357.0,289417.0,0.201849
1775894400,289417.0,289600.0,289339.0,289362.0,0.23619
1775898000,289364.0,290209.0,289339.0,290187.0,0.652091
1775901600,290188.0,290214.0,289999.0,290000.0,0.216543
1775905200,289934.0,290000.0,289934.0,289999.0,0.29556
1775908800,289999.0,290498.0,289999.0,290409.0,0.331172
1775912400,290406.0,290406.0,289120.0,289423.0,0.805919
1775916000,289361.0,289690.0,289360.0,289610.0,0.685645
1775919600,289610.0,290001.0,289470.0,289929.0,0.198531
1775923200,289929.0,290818.0,289928.0,290817.0,0.285819
1775926800,290714.0,291000.0,290364.0,290756.0,0.128322
1775930400,290757.0,292800.0,290725.0,292393.0,0.686351
1775934000,292543.0,292800.0,292128.0,292798.0,0.170064
1775937600,292785.0,292785.0,291301.0,291406.0,0.09134
1775941200,291405.0,291948.0,291391.0,291948.0,0.046488
1775944800,291950.0,292391.0,291000.0,291467.0,0.410459
1775948400,291468.0,291468.0,290042.0,290178.0,0.224129
1775952000,290218.0,290300.0,290002.0,290300.0,0.346639
1775955600,290300.0,290601.0,284115.0,284739.0,1.209545
1775959200,284719.0,286323.0,284403.0,285838.0,0.561809
1775962800,285771.0,286123.0,285568.0,285576.0,1.035006
1775966400,285597.0,285610.0,284500.0,285001.0,0.570091
1775970000,285000.0,285949.0,284995.0,285812.0,0.193736
1775973600,285787.0,285915.0,285786.0,285787.0,0.395288
1775977200,285787.0,286034.0,285498.0,285935.0,0.389753
1775980800,285936.0,285989.0,285511.0,285521.0,0.198544
1775984400,285521.0,285530.0,285153.0,285158.0,0.478843
1775988000,285108.0,285595.0,284000.0,284641.0,0.860662
1775991600,284802.0,285014.0,284704.0,284726.0,0.941222
1775995200,284726.0,284837.0,283560.0,283560.0,0.602518
1775998800,283555.0,283555.0,282889.0,282889.0,0.411304
1776002400,282889.0,283169.0,282300.0,282300.0,0.418391
1776006000,282300.0,282300.0,281900.0,282205.0,0.291514
1776009600,282205.0,282364.0,282204.0,282207.0,0.417862
1776013200,282207.0,283370.0,282206.0,282996.0,0.092305
1776016800,283085.0,283431.0,282903.0,283083.0,0.226603
1776020400,283155.0,283261.0,283003.0,283157.0,0.019535
1776024000,282947.0,284326.0,282901.0,283952.0,0.145079
1776027600,283946.0,284242.0,283680.0,283787.0,0.065129
1776031200,283679.0,283679.0,281501.0,282107.0,0.182339
1776034800,281906.0,282064.0,281502.0,282064.0,0.183667
1776038400,282063.0,283870.0,281924.0,283527.0,0.410073
1776042000,283527.0,283967.0,283115.0,283571.0,0.427873
1776045600,283570.0,283572.0,283083.0,283416.0,0.154854
1776049200,283481.0,283571.0,283023.0,283266.0,0.721652
1776052800,283297.0,283572.0,283002.0,283095.0,0.251508
1776056400,283095.0,283095.0,282007.0,282728.0,1.203034
1776060000,282728.0,283787.0,282588.0,283523.0,0.605202
1776063600,283571.0,283571.0,282127.0,282710.0,0.656281
1776067200,282711.0,282788.0,282000.0,282001.0,0.413258
1776070800,282001.0,283061.0,282001.0,282591.0,0.633343
1776074400,282591.0,282653.0,282589.0,282589.0,0.605244
1776078000,282589.0,283402.0,282589.0,283332.0,0.14484
1776081600,283222.0,284000.0,282693.0,283991.0,0.654383
1776085200,284000.0,286000.0,283063.0,285998.0,1.543594
1776088800,286000.0,288888.0,285640.0,288888.0,0.641828
1776092400,288888.0,289212.0,286228.0,287350.0,0.833627
1776096000,287353.0,289214.0,287307.0,288360.0,0.437098
1776099600,288356.0,289827.0,287921.0,287922.0,0.382134
1776103200,287922.0,289013.0,287795.0,289013.0,0.05066
1776106800,288900.0,291990.0,288718.0,291989.0,2.388809
1776110400,291989.0,291990.0,291161.0,291162.0,0.090655
1776114000,291162.0,291649.0,291161.0,291586.0,0.124034
1776117600,291599.0,295498.0,291598.0,295479.0,3.010551
1776121200,295499.0,295990.0,295324.0,295477.0,1.80952
1776124800,295001.0,295002.0,293369.0,293369.0,1.467849
1776128400,293369.0,293987.0,292736.0,293860.0,1.426677
1776132000,293860.0,294492.0,293635.0,293895.0,1.01307
1776135600,293895.0,294848.0,293840.0,294773.0,1.399433
1776139200,294767.0,294949.0,294121.0,294933.0,0.872085
1776142800,294933.0,294933.0,293863.0,293974.0,0.308338
1776146400,293998.0,295406.0,293905.0,295319.0,0.570849
1776150000,295320.0,295599.0,294331.0,294500.0,5.990903
1776153600,294500.0,295954.0,294499.0,295521.0,1.445902
1776157200,295531.0,295939.0,294401.0,294425.0,0.833464
1776160800,294424.0,294930.0,294305.0,294305.0,0.186875
1776164400,294306.0,294494.0,294300.0,294494.0,0.925784
1776168000,294495.0,294496.0,294400.0,294496.0,0.381451
1776171600,294496.0,298000.0,294496.0,298000.0,2.090319
1776175200,298100.0,299991.0,297001.0,297001.0,3.819877
1776178800,297000.0,298299.0,295048.0,297908.0,0.5774
1776182400,298096.0,298999.0,295293.0,295588.0,0.627221
1776186000,295866.0,296366.0,294302.0,295906.0,0.16063
1776189600,296113.0,296159.0,292000.0,293405.0,0.770688
1776193200,293445.0,294677.0,293274.0,294094.0,0.474518
1776196800,294092.0,294683.0,294092.0,294305.0,0.212439
1776200400,294109.0,294383.0,293852.0,294350.0,0.31277
1776204000,294236.0,294702.0,293502.0,293803.0,0.289296
1776207600,293772.0,294742.0,293753.0,294175.0,0.253297
1776211200,294174.0,296035.0,294174.0,295484.0,0.818844
1776214800,295649.0,296227.0,295494.0,295808.0,0.722422
1776218400,295779.0,295857.0,294185.0,294637.0,0.438627
1776222000,294637.0,294785.0,294372.0,294785.0,1.049839
1776225600,294814.0,295000.0,294587.0,294948.0,0.519711
1776229200,294929.0,295000.0,293536.0,293684.0,0.523927
1776232800,293667.0,293667.0,293501.0,293641.0,0.415056
1776236400,293641.0,293738.0,292480.0,292480.0,1.612659
1776240000,292481.0,294151.0,292469.0,293780.0,1.076109
1776243600,293779.0,293896.0,293558.0,293707.0,0.651794
1776247200,293879.0,294499.0,293556.0,293556.0,0.423893
1776250800,293557.0,294500.0,293556.0,294427.0,0.27069
1776254400,294421.0,295000.0,294100.0,294569.0,0.454405
1776258000,294502.0,295000.0,293114.0,293554.0,0.770941
1776261600,293553.0,295439.0,293114.0,294001.0,0.429859
1776265200,294062.0,294520.0,292500.0,292901.0,0.650178
1776268800,292670.0,294085.0,292670.0,293160.0,0.301803
1776272400,293522.0,294000.0,293338.0,293973.0,0.163742
1776276000,293888.0,294200.0,293808.0,294200.0,0.411409
1776279600,294200.0,297657.0,294200.0,297383.0,0.481174
1776283200,297221.0,297221.0,295291.0,296451.0,0.125057
1776286800,296564.0,296564.0,295522.0,296201.0,0.032486
1776290400,296256.0,297999.0,296256.0,296966.0,0.619395
1776294000,296966.0,296966.0,295837.0,296411.0,0.320437
1776297600,296410.0,296581.0,295151.0,296103.0,0.318697
1776301200,296102.0,296102.0,295115.0,295401.0,0.48193
1776304800,295468.0,297400.0,295359.0,296448.0,1.485804
1776308400,296674.0,297319.0,296008.0,296147.0,0.747284
1776312000,295823.0,296440.0,294515.0,296105.0,2.393308
1776315600,296249.0,296250.0,296031.0,296249.0,0.48269
1776319200,296250.0,296508.0,296249.0,296508.0,0.679127
1776322800,296508.0,296696.0,295350.0,295478.0,0.197463
1776326400,295478.0,296091.0,295101.0,295347.0,0.580958
1776330000,295457.0,296099.0,295269.0,295270.0,0.497542
1776333600,295190.0,295550.0,294502.0,294688.0,0.578139
1776337200,294688.0,295413.0,294296.0,295331.0,0.509937
1776340800,295500.0,296064.0,295345.0,295425.0,1.159659
1776344400,295425.0,296599.0,292000.0,292021.0,2.24533
1776348000,292075.0,293877.0,291182.0,293001.0,1.122814
1776351600,293081.0,296217.0,293001.0,295847.0,0.854336
1776355200,296170.0,296170.0,293401.0,293736.0,0.533809
1776358800,293328.0,294528.0,293018.0,294056.0,0.189566
1776362400,294323.0,296000.0,293943.0,296000.0,0.258222
1776366000,296000.0,297000.0,295656.0,297000.0,0.146864
1776369600,297000.0,297000.0,296640.0,296773.0,0.480233
1776373200,296772.0,296773.0,295897.0,296075.0,0.161031
1776376800,296075.0,296516.0,296001.0,296066.0,0.458335
1776380400,296066.0,296499.0,296066.0,296498.0,0.367506
1776384000,296499.0,296499.0,296036.0,296108.0,0.247873
1776387600,296108.0,296441.0,295173.0,295409.0,0.910184
1776391200,295409.0,295410.0,295158.0,295180.0,0.590712
1776394800,295180.0,295797.0,295155.0,295239.0,0.327183
1776398400,295238.0,295806.0,295155.0,295754.0,0.474004
1776402000,295754.0,295755.0,295002.0,295170.0,0.164562
1776405600,295169.0,295904.0,295169.0,295878.0,0.233894
1776409200,295877.0,296499.0,295877.0,296499.0,0.864028
1776412800,296500.0,299323.0,296500.0,299322.0,2.432502
1776416400,299323.0,300544.0,297570.0,299388.0,5.397542
1776420000,299389.0,299390.0,297113.0,297493.0,0.970566
1776423600,297557.0,298687.0,297557.0,298687.0,0.910582
1776427200,298762.0,300836.0,298762.0,300836.0,1.022813
1776430800,300837.0,305000.0,300836.0,305000.0,4.430261
1776434400,305000.0,307499.0,303901.0,307498.0,4.471421
1776438000,307499.0,307800.0,305851.0,307189.0,3.588592
1776441600,307189.0,308763.0,307189.0,307393.0,0.899183
1776445200,307394.0,307394.0,305001.0,306498.0,1.040285
1776448800,306499.0,306499.0,305001.0,305225.0,0.161169
1776452400,305225.0,305809.0,305001.0,305595.0,0.065484
1776456000,305596.0,306499.0,305002.0,305518.0,0.156037
1776459600,305456.0,305979.0,305456.0,305979.0,0.343089
1776463200,305809.0,306202.0,305502.0,305569.0,0.14035
1776466800,305569.0,305569.0,304102.0,304663.0,1.021512
1776470400,304663.0,305000.0,304401.0,304850.0,0.42903
1776474000,304874.0,305468.0,304848.0,305402.0,0.323515
1776477600,305402.0,305924.0,305401.0,305615.0,0.398971
1776481200,305615.0,305615.0,305000.0,305000.0,0.767755
1776484800,305001.0,305001.0,304401.0,304998.0,0.602914
1776488400,304999.0,305329.0,304998.0,305107.0,0.762605
1776492000,305107.0,305481.0,305086.0,305098.0,0.287105
1776495600,305101.0,305101.0,304515.0,304515.0,0.395559
1776499200,304559.0,304694.0,302830.0,303449.0,2.062089
1776502800,303421.0,303421.0,302784.0,302799.0,0.433743
1776506400,302799.0,302799.0,301559.0,301796.0,2.880748
1776510000,301795.0,301795.0,300101.0,300864.0,1.381244
1776513600,301176.0,301690.0,301116.0,301537.0,0.512805
1776517200,301504.0,301520.0,300355.0,300799.0,0.367265
1776520800,300798.0,301756.0,300798.0,301658.0,0.599205
1776524400,301800.0,301892.0,301268.0,301478.0,0.423877
1776528000,301421.0,301421.0,300270.0,300687.0,0.49017
1776531600,300673.0,300673.0,300300.0,300307.0,0.139983
1776535200,300307.0,300307.0,299555.0,299658.0,0.862189
1776538800,299680.0,300251.0,299680.0,300001.0,0.102777
1776542400,300001.0,300523.0,300001.0,300523.0,0.059964
1776546000,300402.0,300421.0,300255.0,300281.0,0.024215
1776549600,300357.0,300357.0,300255.0,300299.0,0.093457
1776553200,300300.0,300572.0,300257.0,300258.0,0.170841
1776556800,300258.0,300489.0,300253.0,300254.0,0.192177
1776560400,300254.0,300296.0,300002.0,300003.0,0.221168
1776564000,300003.0,300009.0,299931.0,299931.0,0.380794
1776567600,299932.0,299932.0,299600.0,299601.0,0.723866
1776571200,299601.0,300311.0,299303.0,299967.0,0.987894
1776574800,299925.0,299925.0,299500.0,299504.0,0.239149
1776578400,299504.0,299504.0,298672.0,299002.0,0.712159
1776582000,299002.0,299002.0,297500.0,298508.0,0.689236
1776585600,298215.0,298471.0,298214.0,298393.0,0.191978
1776589200,298393.0,298396.0,297500.0,297520.0,0.39287
1776592800,297521.0,297999.0,297521.0,297999.0,0.486683
1776596400,297999.0,299877.0,297998.0,299807.0,0.811669
1776600000,299807.0,300000.0,299553.0,299985.0,1.120226
1776603600,299754.0,302454.0,299754.0,301265.0,0.943092
1776607200,301743.0,302137.0,300373.0,301796.0,0.445374
1776610800,301796.0,302138.0,300500.0,301108.0,0.799485
1776614400,301179.0,301188.0,300000.0,300000.0,0.342609
1776618000,300000.0,300000.0,297058.0,297059.0,1.640915
1776621600,297058.0,297136.0,296800.0,296801.0,0.366527
1776625200,296801.0,297698.0,296801.0,297601.0,0.206383
1776628800,297000.0,297087.0,295684.0,296420.0,0.556527
1776632400,296160.0,296869.0,295500.0,295501.0,0.55781
1776636000,295500.0,295500.0,293128.0,294174.0,0.913468
1776639600,294000.0,295001.0,293233.0,293619.0,4.588205
1776643200,293329.0,295823.0,293201.0,295306.0,0.810104
1776646800,295432.0,296997.0,293767.0,296425.0,1.485079
1776650400,296425.0,296523.0,295497.0,296120.0,0.66614
1776654000,296120.0,296918.0,295000.0,296775.0,0.559987
1776657600,296823.0,296839.0,296000.0,296420.0,0.459634
1776661200,296420.0,296420.0,295113.0,295793.0,0.28815
1776664800,295807.0,298392.0,295740.0,297483.0,0.465118
1776668400,297699.0,300000.0,297400.0,297497.0,0.974477
1776672000,297534.0,297988.0,297037.0,297153.0,0.742464
1776675600,297313.0,298879.0,297138.0,298355.0,0.266422
1776679200,298449.0,299865.0,298449.0,299001.0,0.34882
1776682800,299002.0,319000.0,298651.0,300001.0,14.312788
1776686400,300001.0,310000.0,300001.0,300377.0,4.325139
1776690000,300514.0,301479.0,299501.0,300440.0,1.166677
1776693600,299866.0,301850.0,299402.0,299402.0,0.473119
1776697200,299489.0,301908.0,298410.0,301908.0,0.473187
1776700800,301909.0,301909.0,300051.0,300051.0,0.25329
1776704400,300052.0,302099.0,300052.0,301978.0,0.08214
1776708000,301978.0,303929.0,301978.0,303571.0,0.399586
1776711600,303572.0,303572.0,303107.0,303107.0,0.472681
1776715200,303108.0,303999.0,302996.0,303367.0,0.206637
1776718800,303305.0,303305.0,301586.0,302118.0,0.303773
1776722400,302128.0,302746.0,302062.0,302183.0,0.195871
1776726000,302167.0,302167.0,300919.0,301654.0,0.418794
1776729600,301600.0,301824.0,301000.0,301824.0,0.247363
1776733200,301821.0,302446.0,300891.0,300989.0,0.840146
1776736800,300891.0,300891.0,300001.0,300002.0,0.25449
1776740400,300001.0,300270.0,299287.0,300199.0,0.208701
1776744000,300198.0,300200.0,300144.0,300200.0,0.197317
1776747600,300200.0,301071.0,300200.0,300430.0,0.456747
1776751200,300960.0,301889.0,300232.0,301889.0,1.002715
1776754800,301751.0,302463.0,300865.0,301742.0,0.863304
1776758400,301746.0,304497.0,301746.0,302495.0,0.376647
1776762000,303233.0,305499.0,301204.0,303261.0,0.729969
1776765600,303230.0,304188.0,303230.0,304187.0,0.472939
1776769200,304182.0,304183.0,303001.0,303110.0,0.913696
1776772800,303289.0,303289.0,300915.0,301553.0,0.894575
1776776400,301574.0,301999.0,301001.0,301144.0,0.496651
1776780000,301045.0,303828.0,300354.0,300354.0,1.235147
1776783600,300354.0,301414.0,300100.0,300789.0,0.729944
1776787200,301197.0,302000.0,300882.0,301001.0,0.38159
1776790800,301000.0,301000.0,298612.0,299920.0,0.841173
1776794400,299962.0,300057.0,299203.0,299575.0,0.044986
1776798000,300462.0,300696.0,297564.0,297703.0,0.329076
1776801600,297990.0,300955.0,297916.0,300203.0,0.208416
1776805200,300251.0,300381.0,299552.0,299738.0,0.068978
1776808800,299739.0,300071.0,299007.0,300071.0,0.071745
1776812400,300166.0,302999.0,300166.0,302866.0,0.253787
1776816000,302970.0,303569.0,302441.0,302765.0,0.330111
1776819600,303003.0,303003.0,302302.0,302682.0,0.621277
1776823200,302683.0,307001.0,302623.0,307001.0,2.317712
1776826800,307001.0,308000.0,306561.0,307142.0,1.094112
1776830400,307142.0,307142.0,306515.0,306516.0,0.729515
1776834000,306517.0,309441.0,306317.0,308284.0,2.955966
1776837600,308285.0,308285.0,307000.0,308122.0,2.089654
1776841200,308122.0,308433.0,307041.0,308076.0,0.925762
1776844800,308076.0,308820.0,308075.0,308321.0,0.391767
1776848400,308322.0,308917.0,308196.0,308250.0,0.421548
1776852000,308251.0,308911.0,308001.0,308602.0,0.743775
1776855600,308602.0,309999.0,308602.0,309420.0,0.874787
1776859200,309420.0,309916.0,308941.0,309160.0,0.784374
1776862800,309162.0,310999.0,308000.0,310999.0,2.529141
1776866400,310999.0,312000.0,308174.0,311998.0,3.259848
1776870000,312000.0,312999.0,311505.0,312999.0,1.634255
1776873600,312999.0,313400.0,308000.0,311299.0,1.91061
1776877200,311500.0,311500.0,311085.0,311499.0,0.133996
1776880800,311499.0,311999.0,311232.0,311931.0,0.042406
1776884400,311862.0,311974.0,310796.0,311104.0,0.336916
1776888000,311104.0,311542.0,310001.0,310001.0,0.321076
1776891600,310002.0,310500.0,310001.0,310500.0,0.086538
1776895200,310500.0,310500.0,309675.0,310454.0,0.544175
1776898800,310337.0,310389.0,309501.0,309501.0,1.282614
1776902400,309501.0,310499.0,307900.0,310363.0,1.038899
1776906000,310363.0,310480.0,309372.0,310305.0,0.565604
1776909600,310364.0,310364.0,309001.0,309166.0,0.451254
1776913200,309390.0,309499.0,308325.0,308648.0,0.740918
1776916800,308648.0,309823.0,308648.0,309736.0,0.676786
1776920400,309735.0,310399.0,309417.0,310399.0,1.374359
1776924000,310399.0,311597.0,310398.0,311341.0,0.470942
1776927600,311341.0,311341.0,310420.0,310565.0,0.445749
1776931200,310566.0,310995.0,309536.0,309808.0,1.995869
1776934800,309808.0,309809.0,308612.0,309094.0,0.441191
1776938400,309094.0,309314.0,307801.0,308006.0,1.228728
1776942000,308006.0,309231.0,308006.0,309059.0,0.668737
1776945600,309058.0,309551.0,309000.0,309446.0,0.464223
1776949200,309632.0,309798.0,308058.0,308386.0,0.596273
1776952800,308385.0,310344.0,308269.0,310344.0,0.614196
1776956400,310344.0,312259.0,310241.0,311696.0,0.590964
1776960000,311935.0,311998.0,310605.0,310605.0,0.299807
1776963600,310661.0,310891.0,306502.0,309396.0,0.819873
1776967200,309396.0,312935.0,309194.0,309686.0,0.612418
1776970800,309686.0,309838.0,309040.0,309376.0,0.054996
1776974400,309502.0,309551.0,309413.0,309551.0,0.116271
1776978000,309550.0,309551.0,309407.0,309551.0,0.041385
1776981600,309551.0,311504.0,309550.0,310959.0,0.666453
1776985200,310677.0,311487.0,310400.0,310797.0,0.484863
1776988800,311310.0,311662.0,310802.0,311569.0,0.306641
1776992400,311570.0,311999.0,310400.0,311974.0,0.537379
1776996000,311998.0,312000.0,310680.0,310917.0,0.298315
1776999600,310878.0,311049.0,309051.0,309576.0,0.48796
1777003200,309589.0,310346.0,309016.0,309497.0,0.644021
1777006800,309498.0,310441.0,309002.0,310440.0,0.318048
1777010400,310441.0,310441.0,309696.0,310044.0,0.291083
1777014000,309788.0,309976.0,308555.0,308821.0,0.899848
1777017600,308821.0,310181.0,308820.0,309309.0,1.131246
1777021200,309620.0,309620.0,308315.0,308689.0,0.281878
1777024800,308689.0,309433.0,308604.0,309433.0,0.648654
1777028400,309432.0,311500.0,309432.0,311209.0,0.589159
1777032000,311138.0,311486.0,310402.0,311128.0,0.498247
1777035600,311199.0,311500.0,310008.0,310438.0,0.211977
1777039200,310513.0,310513.0,309023.0,310509.0,0.453391
1777042800,310508.0,311000.0,309003.0,310482.0,0.29106
1777046400,310572.0,310572.0,309002.0,309433.0,0.174949
1777050000,309347.0,309447.0,309000.0,309067.0,0.117057
1777053600,309067.0,309067.0,308501.0,308584.0,0.260503
1777057200,308833.0,309093.0,308502.0,308708.0,0.039884
1777060800,308708.0,308869.0,308500.0,308769.0,0.13335
1777064400,308823.0,308901.0,308201.0,308201.0,0.208457
1777068000,308629.0,308729.0,308207.0,308208.0,0.285332
1777071600,308208.0,308268.0,308207.0,308249.0,0.276793
1777075200,308248.0,308358.0,308211.0,308351.0,0.38111
1777078800,308352.0,308980.0,308352.0,308634.0,0.128121
1777082400,308745.0,309128.0,308525.0,309061.0,0.37746
1777086000,309061.0,309335.0,308729.0,308785.0,0.240016
1777089600,309128.0,309204.0,308782.0,308798.0,0.572981
1777093200,309002.0,309002.0,308728.0,308730.0,0.331273
1777096800,308729.0,308730.0,308214.0,308714.0,0.303587
1777100400,308216.0,308636.0,308215.0,308302.0,0.229081
1777104000,308301.0,308718.0,308301.0,308503.0,0.177536
1777107600,308504.0,308781.0,308329.0,308751.0,0.547527
1777111200,308751.0,309710.0,308751.0,309025.0,0.315242
1777114800,309002.0,309002.0,308601.0,308853.0,0.370932
1777118400,308854.0,309024.0,308608.0,308673.0,0.10435
1777122000,308674.0,309025.0,308673.0,309024.0,0.117916
1777125600,309025.0,309328.0,308971.0,309327.0,0.248661
1777129200,309328.0,309328.0,308306.0,308306.0,0.42025
1777132800,308305.0,308305.0,307779.0,308134.0,1.816794
1777136400,308173.0,308173.0,307997.0,307997.0,0.343586
1777140000,307997.0,308077.0,307996.0,308076.0,0.306737
1777143600,308076.0,308076.0,307995.0,307996.0,0.271555
1777147200,307996.0,308349.0,307995.0,308347.0,0.009713
1777150800,308347.0,308866.0,308347.0,308678.0,0.01133
1777154400,308678.0,308999.0,308678.0,308882.0,0.108403
1777158000,308883.0,308999.0,308880.0,308937.0,0.070577
1777161600,308937.0,308990.0,308937.0,308937.0,0.239153
1777165200,308938.0,308938.0,308880.0,308880.0,0.365031
1777168800,308880.0,308997.0,308707.0,308803.0,0.367293
1777172400,308803.0,308803.0,308114.0,308277.0,0.295294
1777176000,308275.0,309647.0,308275.0,309647.0,0.177877
1777179600,309647.0,311204.0,309610.0,310594.0,0.665699
1777183200,310386.0,310794.0,310386.0,310488.0,0.714408
1777186800,310489.0,310489.0,310121.0,310487.0,0.205588
1777190400,310489.0,310699.0,310204.0,310242.0,0.396381
1777194000,310243.0,310255.0,309740.0,310186.0,0.306281
1777197600,310007.0,310217.0,309859.0,310001.0,0.178298
1777201200,310001.0,310256.0,310001.0,310256.0,1.200727
1777204800,310256.0,310256.0,309201.0,309201.0,0.423191
1777208400,309264.0,310195.0,309201.0,309767.0,0.207464
1777212000,309767.0,310256.0,309703.0,310121.0,0.347357
1777215600,310120.0,310121.0,310120.0,310121.0,0.342757
1777219200,310120.0,310121.0,310000.0,310001.0,0.088599
1777222800,310000.0,310072.0,309700.0,310072.0,0.171382
1777226400,310072.0,310236.0,309922.0,310234.0,0.203259
1777230000,310235.0,310687.0,309808.0,310525.0,0.273991
1777233600,310368.0,310686.0,310367.0,310448.0,0.012623
1777237200,310446.0,312500.0,309464.0,310911.0,1.005523
1777240800,310972.0,312424.0,309443.0,311568.0,0.262434
1777244400,310700.0,312795.0,309795.0,311876.0,0.332592
1777248000,311875.0,313536.0,311020.0,313536.0,1.411131
1777251600,313800.0,314366.0,311853.0,313088.0,1.769711
1777255200,313126.0,313127.0,311999.0,313126.0,1.325764
1777258800,313127.0,313424.0,313001.0,313002.0,0.546099
1777262400,313001.0,313002.0,312171.0,312270.0,0.49185
1777266000,312344.0,312344.0,308188.0,308712.0,1.748649
1777269600,308712.0,308743.0,308201.0,308586.0,1.368321
1777273200,308586.0,308766.0,308209.0,308613.0,0.582718
1777276800,308611.0,309377.0,308398.0,309192.0,1.391546
1777280400,309193.0,309677.0,308557.0,309675.0,0.684622
1777284000,309675.0,309675.0,309001.0,309541.0,0.796663
1777287600,309541.0,309595.0,309148.0,309448.0,0.578285
1777291200,309459.0,309459.0,308548.0,308548.0,0.99552
1777294800,308727.0,309698.0,308505.0,309012.0,0.349655
1777298400,309012.0,310849.0,309011.0,309363.0,1.100057
1777302000,309224.0,309224.0,306420.0,306527.0,3.053715
1777305600,306528.0,306528.0,306211.0,306211.0,0.871735
1777309200,306211.0,306211.0,306000.0,306129.0,0.283943
1777312800,306130.0,306211.0,306001.0,306097.0,0.105166
1777316400,306096.0,306360.0,305901.0,306151.0,0.346084
1777320000,306175.0,307188.0,306175.0,306720.0,0.40336
1777323600,306776.0,306788.0,306177.0,306179.0,0.375723
1777327200,306178.0,307325.0,305908.0,306891.0,0.334234
1777330800,307107.0,307999.0,306582.0,307998.0,0.303876
1777334400,307998.0,307999.0,307553.0,307998.0,0.192858
1777338000,307999.0,307999.0,306772.0,306772.0,0.450523
1777341600,306771.0,306772.0,305501.0,305502.0,1.000744
1777345200,305502.0,305547.0,305000.0,305001.0,3.053643
1777348800,305001.0,305014.0,305000.0,305010.0,0.612059
1777352400,305010.0,305431.0,305001.0,305361.0,1.182052
1777356000,305361.0,305367.0,304521.0,304521.0,1.132017
1777359600,304522.0,305216.0,303908.0,305181.0,0.665619
1777363200,305181.0,305374.0,304549.0,304550.0,1.019604
1777366800,304549.0,304949.0,303907.0,304009.0,0.476456
1777370400,304009.0,304419.0,303879.0,304003.0,0.337729
1777374000,304002.0,304003.0,302557.0,302689.0,0.799101
1777377600,302689.0,303268.0,302500.0,303242.0,1.37967
1777381200,303201.0,303375.0,302102.0,302358.0,1.499951
1777384800,302359.0,302359.0,300000.0,301187.0,1.798005
1777388400,301187.0,301950.0,301187.0,301795.0,0.875213
1777392000,301796.0,302206.0,301247.0,302202.0,0.533997
1777395600,302393.0,302393.0,301659.0,302301.0,0.038969
1777399200,302462.0,302488.0,302175.0,302448.0,0.16844
1777402800,302448.0,302494.0,302144.0,302494.0,0.27592
1777406400,302494.0,303224.0,302494.0,303148.0,0.041223
1777410000,303148.0,303287.0,302794.0,303107.0,0.036214
1777413600,303107.0,303107.0,302841.0,302883.0,0.18695
1777417200,302883.0,302930.0,302501.0,302852.0,0.35123
1777420800,302852.0,302999.0,302514.0,302999.0,0.7161
1777424400,302999.0,303578.0,302500.0,303312.0,0.464697
1777428000,303347.0,303675.0,303013.0,303138.0,0.48437
1777431600,303138.0,304999.0,303137.0,304999.0,0.603887
1777435200,304999.0,306267.0,304998.0,305886.0,0.721922
1777438800,305886.0,305908.0,305372.0,305785.0,0.410794
1777442400,305784.0,305785.0,305111.0,305111.0,0.547883
1777446000,305112.0,305425.0,305014.0,305017.0,0.391841
1777449600,305016.0,305322.0,305015.0,305043.0,0.354731
1777453200,305043.0,307555.0,305043.0,307216.0,0.50478
1777456800,307216.0,307935.0,307046.0,307046.0,0.355425
1777460400,307046.0,307499.0,306341.0,307037.0,0.520393
1777464000,307038.0,307202.0,305266.0,305539.0,0.603653
1777467600,305539.0,305874.0,303067.0,304346.0,0.885097
1777471200,304346.0,304393.0,303503.0,303571.0,0.389232
1777474800,303570.0,303571.0,302000.0,302001.0,0.783241
1777478400,302001.0,302197.0,302000.0,302000.0,0.373517
1777482000,302001.0,302686.0,302000.0,302437.0,0.104391
1777485600,302687.0,302687.0,299000.0,300086.0,1.46135
1777489200,300294.0,300639.0,300087.0,300267.0,0.247988
1777492800,300267.0,302092.0,300267.0,301369.0,0.265073
1777496400,301209.0,302495.0,301001.0,302313.0,0.07255
1777500000,302312.0,302312.0,300357.0,302232.0,0.167397
1777503600,302232.0,302256.0,301754.0,301754.0,0.297138
1777507200,301755.0,303782.0,301284.0,303582.0,0.345689
1777510800,303438.0,304000.0,303430.0,303440.0,0.416755
1777514400,303439.0,303881.0,300306.0,301877.0,0.300115
1777518000,301707.0,302500.0,301307.0,302498.0,0.572829
1777521600,302498.0,302499.0,300501.0,301087.0,0.554943
1777525200,301108.0,301525.0,300508.0,301464.0,0.443976
1777528800,301403.0,302265.0,301327.0,302008.0,0.473748
1777532400,302007.0,303200.0,302001.0,303200.0,0.309684
1777536000,303390.0,303398.0,302753.0,302907.0,0.798522
1777539600,302907.0,304000.0,302883.0,303274.0,0.512671
1777543200,303274.0,303357.0,302979.0,302979.0,0.290716
1777546800,302980.0,303672.0,302495.0,303151.0,0.270517
1777550400,303151.0,304398.0,302828.0,304369.0,0.179669
1777554000,304369.0,305043.0,303799.0,304697.0,0.335108
1777557600,304657.0,305323.0,304000.0,304286.0,0.346162
1777561200,304286.0,305266.0,304002.0,304999.0,0.315923
1777564800,304588.0,304920.0,304503.0,304503.0,0.11577
1777568400,304504.0,304745.0,303539.0,304365.0,0.368998
1777572000,304365.0,304749.0,304364.0,304749.0,0.095001
1777575600,304748.0,304795.0,304619.0,304790.0,0.192579
1777579200,304624.0,305100.0,304417.0,305100.0,0.040096
1777582800,305063.0,305099.0,304365.0,304366.0,0.05441
1777586400,304411.0,304860.0,304008.0,304009.0,0.087333
1777590000,304009.0,304700.0,304009.0,304700.0,0.691002
1777593600,304700.0,305298.0,304700.0,305002.0,0.372254
1777597200,305002.0,306000.0,305002.0,305778.0,0.309676
1777600800,305778.0,305778.0,305499.0,305500.0,0.495399
1777604400,305500.0,308200.0,305499.0,307468.0,0.711716
1777608000,307601.0,307601.0,307000.0,307128.0,1.16168
1777611600,307128.0,307449.0,307102.0,307395.0,0.57672
1777615200,307395.0,307395.0,306508.0,307318.0,0.285872
1777618800,306883.0,307421.0,306000.0,307348.0,1.341048
1777622400,307349.0,308000.0,307168.0,307995.0,0.589482
1777626000,307995.0,307995.0,307801.0,307801.0,0.133165
1777629600,307802.0,307809.0,307141.0,307800.0,0.181725
1777633200,307801.0,308200.0,307508.0,308200.0,0.714278
1777636800,308199.0,309999.0,308114.0,309813.0,0.377045
1777640400,309810.0,312798.0,309810.0,312555.0,1.810012
1777644000,312555.0,312785.0,310023.0,311038.0,0.510217
1777647600,311072.0,312398.0,310736.0,311494.0,0.802959
1777651200,311636.0,312357.0,310339.0,310553.0,0.501201
1777654800,310907.0,311999.0,310396.0,311999.0,0.337435
1777658400,311998.0,312000.0,311500.0,311592.0,0.121546
1777662000,311593.0,311915.0,311131.0,311499.0,0.088507
1777665600,311341.0,311341.0,309000.0,309405.0,0.425487
1777669200,309400.0,310786.0,309399.0,310755.0,0.022201
1777672800,310938.0,311497.0,310436.0,310539.0,0.068651
1777676400,310536.0,310825.0,310455.0,310786.0,0.173694
1777680000,310786.0,311367.0,310785.0,311367.0,0.221989
1777683600,311367.0,311499.0,311167.0,311231.0,0.390459
1777687200,311299.0,311300.0,310474.0,311300.0,0.490895
1777690800,311299.0,311400.0,311014.0,311399.0,0.535374
1777694400,311400.0,311400.0,310899.0,310907.0,0.084897
1777698000,310932.0,311199.0,310356.0,311199.0,0.461581
1777701600,311252.0,311400.0,310974.0,311399.0,0.105208
1777705200,311400.0,311400.0,311205.0,311206.0,0.093877
1777708800,311205.0,311500.0,311205.0,311461.0,0.46066
1777712400,311530.0,311550.0,311484.0,311486.0,0.212071
1777716000,311486.0,311486.0,311206.0,311206.0,0.220468
1777719600,311205.0,311205.0,310747.0,310798.0,0.497656
1777723200,310799.0,311298.0,310684.0,311134.0,0.549193
1777726800,311134.0,311497.0,311128.0,311168.0,0.172447
1777730400,311245.0,311250.0,311212.0,311249.0,0.22089
1777734000,311250.0,311500.0,311249.0,311500.0,0.427122
1777737600,311502.0,311880.0,311251.0,311258.0,0.516666
1777741200,311257.0,311339.0,311257.0,311257.0,0.093705
1777744800,311257.0,311339.0,310203.0,311339.0,0.413174
1777748400,311339.0,311339.0,311163.0,311338.0,0.144977
1777752000,311277.0,311277.0,311170.0,311171.0,0.039399
1777755600,311225.0,313100.0,311171.0,312381.0,0.652819
1777759200,312303.0,312829.0,311787.0,312698.0,0.213101
1777762800,312597.0,312597.0,312208.0,312245.0,0.051991
1777766400,312245.0,312399.0,311834.0,311835.0,0.106943
1777770000,311834.0,311834.0,310442.0,311135.0,0.660594
1777773600,311001.0,311009.0,310207.0,310694.0,0.297526
1777777200,310694.0,310944.0,310514.0,310867.0,0.208545
1777780800,310859.0,310932.0,310512.0,310529.0,0.273185
1777784400,310528.0,310529.0,310526.0,310528.0,0.398128
1777788000,310528.0,310999.0,310512.0,310999.0,0.632516
1777791600,310999.0,311807.0,310999.0,311316.0,0.176747
1777795200,311385.0,311798.0,311385.0,311510.0,0.218549
1777798800,311510.0,311999.0,311501.0,311999.0,0.255536
1777802400,311989.0,311990.0,311701.0,311702.0,0.087958
1777806000,311702.0,312400.0,311701.0,312399.0,0.801287
1777809600,312399.0,312727.0,312398.0,312632.0,0.247685
1777813200,312632.0,312714.0,312000.0,312714.0,0.732443
1777816800,312714.0,312858.0,312296.0,312770.0,0.295214
1777820400,312742.0,312854.0,312501.0,312504.0,0.278513
1777824000,312503.0,312587.0,312020.0,312550.0,0.355421
1777827600,312345.0,312587.0,311800.0,312395.0,0.290795
1777831200,312394.0,312567.0,312151.0,312400.0,0.091369
1777834800,312400.0,312400.0,312308.0,312399.0,0.029183
1777838400,312399.0,313700.0,312399.0,312999.0,0.242086
1777842000,313008.0,313699.0,312176.0,312402.0,0.075874
1777845600,313559.0,314299.0,313149.0,314039.0,0.851931
1777849200,314001.0,314296.0,311700.0,311701.0,0.402722
1777852800,311701.0,311701.0,310577.0,310999.0,0.581612
1777856400,310615.0,314400.0,310564.0,314400.0,4.419105
1777860000,314400.0,316699.0,314117.0,316697.0,3.599206
1777863600,316697.0,316968.0,316001.0,316499.0,0.959558
1777867200,316500.0,317250.0,316500.0,316600.0,1.99027
1777870800,316599.0,316756.0,315469.0,315621.0,0.619603
1777874400,315834.0,315834.0,313828.0,315205.0,1.128963
1777878000,315188.0,315312.0,314790.0,314998.0,0.480915
1777881600,314998.0,314998.0,314337.0,314542.0,0.496023
1777885200,314520.0,315522.0,314502.0,315037.0,0.756243
1777888800,315037.0,315038.0,310031.0,312541.0,2.34933
1777892400,312541.0,312827.0,311924.0,311925.0,0.424473
1777896000,311924.0,311925.0,311843.0,311899.0,0.338504
1777899600,311842.0,312852.0,311562.0,311919.0,0.401235
1777903200,311820.0,317888.0,311555.0,317640.0,1.263231
1777906800,317620.0,317635.0,314649.0,316200.0,1.217566
1777910400,316291.0,317398.0,315451.0,316729.0,0.227341
1777914000,317040.0,318100.0,317026.0,318005.0,0.950307
1777917600,318007.0,318007.0,316823.0,316824.0,0.216489
1777921200,316823.0,316824.0,315376.0,316530.0,0.351632
1777924800,316684.0,316753.0,316429.0,316437.0,0.033127
1777928400,316437.0,317574.0,316437.0,317573.0,0.147063
1777932000,317573.0,317574.0,317001.0,317003.0,0.305212
1777935600,317002.0,317002.0,315553.0,315906.0,0.463534
1777939200,315906.0,317088.0,314830.0,317088.0,0.907106
1777942800,317089.0,318000.0,317088.0,317997.0,0.754972
1777946400,317998.0,319400.0,317997.0,318966.0,2.270169
1777950000,318584.0,319879.0,318277.0,319878.0,0.893732
1777953600,319877.0,319999.0,319390.0,319997.0,1.589429
1777957200,319997.0,320999.0,319901.0,320216.0,3.713222
1777960800,320205.0,320264.0,319901.0,320161.0,1.113858
1777964400,320161.0,320500.0,319572.0,319573.0,1.682185
1777968000,319573.0,320079.0,319405.0,319457.0,1.852079
1777971600,319448.0,319686.0,318631.0,318745.0,0.93643
1777975200,318800.0,319797.0,318739.0,319480.0,0.415026
1777978800,319480.0,320499.0,319479.0,320399.0,0.304413
1777982400,320400.0,321000.0,320312.0,321000.0,1.398802
1777986000,321000.0,321810.0,320999.0,321295.0,2.007074
1777989600,321000.0,321809.0,320001.0,321675.0,0.911491
1777993200,321741.0,322589.0,321271.0,322582.0,2.225369
1777996800,322582.0,322587.0,320622.0,321405.0,0.280712
1778000400,321504.0,322000.0,321501.0,321522.0,0.133236
1778004000,321523.0,322482.0,321523.0,322280.0,0.191516
1778007600,322327.0,322589.0,322129.0,322588.0,0.148865
1778011200,322587.0,322589.0,322330.0,322577.0,0.06131
1778014800,322583.0,322589.0,321800.0,321831.0,0.042688
1778018400,322189.0,322463.0,320000.0,320445.0,0.287157
1778022000,320380.0,320445.0,319500.0,319785.0,0.792492
1778025600,319786.0,320834.0,319637.0,319795.0,0.553888
1778029200,320129.0,321567.0,319706.0,321188.0,0.677351
1778032800,321299.0,321402.0,320357.0,321000.0,0.330668
1778036400,320999.0,322499.0,320999.0,322028.0,0.486123
1778040000,322027.0,322234.0,321065.0,321127.0,0.312533
1778043600,321128.0,321184.0,320319.0,321148.0,0.741659
1778047200,321272.0,321763.0,320686.0,321610.0,0.189322
1778050800,321610.0,321974.0,321002.0,321002.0,0.47419
1778054400,321003.0,322499.0,321002.0,322375.0,1.104012
1778058000,322375.0,322375.0,321543.0,321664.0,0.490579
1778061600,321666.0,322500.0,321666.0,322499.0,1.043861
1778065200,322485.0,324249.0,322485.0,323547.0,0.760743
1778068800,323548.0,323548.0,322500.0,322804.0,0.613796
1778072400,322804.0,322805.0,321001.0,321002.0,2.480026
1778076000,321002.0,321718.0,319456.0,320383.0,1.318928
1778079600,320383.0,321237.0,320295.0,321070.0,0.449596
1778083200,321071.0,321499.0,320454.0,321151.0,0.344661
1778086800,321152.0,321152.0,320334.0,320334.0,0.386139
1778090400,320378.0,320574.0,320021.0,320169.0,0.152052
1778094000,320169.0,320491.0,319658.0,320490.0,0.276472
1778097600,320490.0,320908.0,319841.0,319993.0,0.160074
1778101200,319993.0,320909.0,319993.0,320908.0,0.121128
1778104800,320908.0,320909.0,319657.0,320091.0,0.312856
1778108400,320090.0,320235.0,319112.0,320235.0,0.870837
1778112000,320234.0,320323.0,318850.0,318850.0,1.516956
1778115600,318802.0,318802.0,317898.0,317899.0,2.609615
1778119200,317899.0,318081.0,317350.0,317870.0,1.59915
1778122800,317871.0,317871.0,317501.0,317502.0,0.661915
1778126400,317502.0,317502.0,316920.0,317365.0,1.397217
1778130000,317365.0,318006.0,317357.0,317709.0,1.156725
1778133600,317709.0,318999.0,317265.0,318999.0,0.454722
1778137200,318999.0,320168.0,318998.0,319128.0,0.755741
1778140800,319128.0,319461.0,318042.0,318186.0,1.204621
1778144400,318186.0,318187.0,317422.0,317501.0,0.693014
1778148000,317501.0,317501.0,316694.0,317035.0,0.900323
1778151600,317035.0,317419.0,317001.0,317002.0,0.322845
1778155200,317002.0,317994.0,317001.0,317993.0,0.4692
1778158800,317994.0,317994.0,315534.0,316038.0,2.10694
1778162400,316039.0,316687.0,314705.0,314800.0,2.720203
1778166000,314800.0,315003.0,313684.0,313801.0,2.040596
1778169600,313802.0,313954.0,313369.0,313422.0,0.808259
1778173200,313423.0,314300.0,312767.0,314300.0,0.478975
1778176800,314300.0,315065.0,314300.0,315037.0,0.125292
1778180400,315037.0,315038.0,314030.0,314296.0,0.187165
1778184000,314296.0,315018.0,313822.0,313822.0,0.051347
1778187600,313775.0,313862.0,313318.0,313403.0,0.136019
1778191200,313319.0,314030.0,312853.0,313835.0,0.209073
1778194800,313834.0,314385.0,313834.0,314199.0,0.385016
1778198400,314200.0,315473.0,314199.0,314206.0,1.16727
1778202000,314201.0,314201.0,313725.0,313725.0,0.678563
1778205600,313724.0,313725.0,312511.0,312954.0,1.00176
1778209200,312954.0,313102.0,312203.0,313102.0,0.772652
1778212800,313102.0,313657.0,313101.0,313501.0,0.315464
1778216400,313502.0,313719.0,313112.0,313353.0,0.468901
1778220000,313352.0,313352.0,312600.0,312672.0,0.296746
1778223600,312672.0,312860.0,312000.0,312859.0,0.721424
1778227200,312860.0,314346.0,312859.0,314321.0,0.639995
1778230800,314320.0,314373.0,313583.0,313814.0,0.667327
1778234400,313815.0,315376.0,313637.0,315265.0,0.469472
1778238000,315371.0,315551.0,315260.0,315264.0,0.309373
1778241600,315265.0,315997.0,315001.0,315001.0,0.325301
1778245200,315001.0,315001.0,313637.0,313637.0,0.803117
1778248800,313637.0,316400.0,313637.0,315926.0,1.179162
1778252400,315926.0,315926.0,313778.0,315744.0,0.473035
1778256000,315744.0,315869.0,314016.0,314357.0,0.293524
1778259600,314354.0,314981.0,314108.0,314981.0,0.376398
1778263200,314799.0,315562.0,314799.0,314986.0,0.178024
1778266800,314985.0,314986.0,314491.0,314786.0,0.113648
1778270400,314787.0,315487.0,314787.0,315238.0,0.129317
1778274000,315239.0,315386.0,314586.0,314828.0,0.353575
1778277600,314828.0,315295.0,314827.0,315205.0,0.14712
1778281200,315149.0,315205.0,314759.0,314763.0,0.195418
1778284800,314763.0,314764.0,314009.0,314763.0,1.087454
1778288400,314763.0,315296.0,314763.0,315202.0,0.436335
1778292000,315202.0,315296.0,315200.0,315200.0,0.359785
1778295600,315201.0,315296.0,315088.0,315240.0,0.351979
1778299200,315240.0,316000.0,315240.0,315303.0,1.106966
1778302800,315303.0,315603.0,315301.0,315596.0,0.223264
1778306400,315596.0,315597.0,315300.0,315300.0,0.188427
1778310000,315300.0,315301.0,315087.0,315088.0,0.21594
1778313600,315088.0,315752.0,314875.0,315490.0,0.354238
1778317200,315490.0,315515.0,314965.0,314966.0,0.203629
1778320800,314966.0,315369.0,314838.0,315118.0,0.116295
1778324400,315118.0,315378.0,315032.0,315378.0,0.145076
1778328000,315378.0,315850.0,315371.0,315460.0,0.647418
1778331600,315460.0,315781.0,315460.0,315781.0,0.983889
1778335200,315780.0,315799.0,315580.0,315657.0,0.136225
1778338800,315658.0,316499.0,315581.0,316499.0,0.167672
1778342400,316499.0,317156.0,315216.0,316928.0,0.51751
1778346000,316928.0,317990.0,316927.0,317989.0,0.096504
1778349600,317989.0,318418.0,317490.0,317500.0,0.218887
1778353200,317500.0,317864.0,317458.0,317651.0,0.100798
1778356800,317709.0,317774.0,317481.0,317489.0,0.051265
1778360400,317521.0,317698.0,317521.0,317697.0,0.031077
1778364000,317698.0,317698.0,317456.0,317457.0,0.055767
1778367600,317456.0,317489.0,317455.0,317456.0,0.098853
1778371200,317456.0,317505.0,317421.0,317421.0,0.304618
1778374800,317420.0,317421.0,317000.0,317000.0,0.176324
1778378400,317001.0,317002.0,317000.0,317002.0,0.362564
1778382000,317002.0,317501.0,317001.0,317501.0,0.249607
1778385600,317540.0,317600.0,317249.0,317592.0,0.217997
1778389200,317592.0,317592.0,317099.0,317100.0,0.356732
1778392800,317100.0,317132.0,316380.0,317001.0,0.363169
1778396400,317001.0,317888.0,317001.0,317176.0,1.414541
1778400000,317174.0,317713.0,317172.0,317321.0,0.19834
1778403600,317348.0,317618.0,317172.0,317174.0,0.695918
1778407200,317175.0,318002.0,317172.0,317961.0,1.288057
1778410800,317586.0,317949.0,317278.0,317474.0,0.141429
1778414400,317513.0,318075.0,317512.0,317853.0,0.442349
1778418000,317909.0,318075.0,317807.0,317933.0,0.726993
1778421600,317818.0,318002.0,317801.0,317818.0,0.426483
1778425200,317888.0,318600.0,317809.0,318600.0,1.598884
1778428800,318600.0,318600.0,318396.0,318597.0,0.626459
1778432400,318598.0,318988.0,318390.0,318988.0,0.426325
1778436000,318987.0,318988.0,318596.0,318597.0,0.322858
1778439600,318596.0,318996.0,318000.0,318614.0,0.368447
1778443200,318786.0,318834.0,315026.0,316070.0,0.310079
1778446800,316420.0,316997.0,316194.0,316228.0,0.143416
1778450400,317272.0,321008.0,317187.0,321008.0,1.553483
1778454000,321100.0,322016.0,321100.0,321248.0,2.092255
1778457600,321249.0,321664.0,318367.0,318437.0,1.019539
1778461200,318430.0,319475.0,318010.0,318836.0,1.207445
1778464800,318836.0,319418.0,317642.0,318244.0,0.769568
1778468400,318243.0,318244.0,316000.0,316702.0,1.321304
1778472000,316701.0,317304.0,316701.0,317241.0,0.649511
1778475600,317185.0,317999.0,317072.0,317354.0,0.928402
1778479200,317019.0,318002.0,317019.0,317497.0,1.032189
1778482800,317386.0,317386.0,314913.0,317164.0,0.76885
1778486400,317164.0,317661.0,316974.0,317089.0,0.865146
1778490000,317459.0,318236.0,317459.0,318184.0,0.616691
1778493600,318184.0,319169.0,317915.0,318839.0,0.384697
1778497200,318840.0,318980.0,318838.0,318980.0,0.329255
1778500800,318980.0,319783.0,318901.0,318902.0,0.74468
1778504400,318902.0,319736.0,318212.0,318801.0,0.945737
1778508000,318929.0,319346.0,317001.0,318229.0,1.228347
1778511600,318236.0,319799.0,317963.0,319798.0,0.43828
1778515200,319799.0,321606.0,319798.0,320830.0,0.838283
1778518800,320829.0,321999.0,320305.0,321877.0,0.495826
1778522400,321994.0,321998.0,321653.0,321946.0,0.153647
1778526000,321453.0,321999.0,321103.0,321954.0,0.039098
1778529600,321931.0,321999.0,321236.0,321402.0,0.087087
1778533200,321331.0,321331.0,320385.0,321319.0,0.178054
1778536800,321311.0,321497.0,320870.0,321311.0,0.049038
1778540400,321311.0,321311.0,320476.0,320979.0,0.462081
1778544000,320890.0,320999.0,319000.0,320290.0,0.763335
1778547600,320290.0,320463.0,317395.0,319193.0,0.586232
1778551200,319193.0,319624.0,318808.0,319403.0,0.67711
1778554800,319441.0,319485.0,318898.0,318915.0,0.66367
1778558400,319007.0,319499.0,318808.0,319499.0,0.281355
1778562000,319498.0,319833.0,319472.0,319780.0,0.379658
1778565600,319780.0,319999.0,319284.0,319285.0,0.319102
1778569200,319285.0,319452.0,318808.0,318809.0,0.473819
1778572800,318808.0,318847.0,316951.0,318111.0,5.342131
1778576400,318114.0,318717.0,317878.0,318456.0,0.218324
1778580000,318239.0,318283.0,317401.0,317672.0,0.72072
1778583600,317790.0,318326.0,317400.0,318326.0,0.383704
1778587200,318326.0,318887.0,317750.0,318614.0,0.282392
1778590800,318833.0,318870.0,318000.0,318001.0,0.934805
1778594400,318001.0,318800.0,317889.0,317889.0,0.863688
1778598000,317889.0,318093.0,317002.0,317173.0,0.344851
1778601600,317172.0,317297.0,315588.0,315732.0,0.514966
1778605200,315732.0,318001.0,315559.0,317576.0,0.177343
1778608800,317615.0,318466.0,317238.0,318466.0,0.083811
1778612400,318323.0,319073.0,318323.0,319073.0,0.567477
1778616000,318951.0,318996.0,318467.0,318468.0,0.149929
1778619600,318468.0,318514.0,317800.0,318003.0,0.059582
1778623200,318003.0,318740.0,318003.0,318455.0,0.23222
1778626800,318443.0,318582.0,318001.0,318004.0,0.074738
1778630400,318004.0,318733.0,318000.0,318659.0,0.753074
1778634000,318660.0,319997.0,318638.0,319590.0,0.594228
1778637600,319591.0,320000.0,319501.0,319754.0,0.389765
1778641200,319754.0,320000.0,319610.0,320000.0,0.377205
1778644800,320000.0,320000.0,319718.0,319992.0,0.209427
1778648400,319992.0,319997.0,319550.0,319551.0,0.44425
1778652000,319551.0,319736.0,319550.0,319551.0,0.668664
1778655600,319551.0,319551.0,318657.0,319453.0,0.222143
1778659200,319452.0,319799.0,319311.0,319787.0,0.925264
1778662800,319599.0,319934.0,319499.0,319832.0,0.649555
1778666400,319832.0,319832.0,318817.0,318817.0,0.368654
1778670000,318817.0,318818.0,317381.0,317383.0,0.87334
1778673600,317383.0,317383.0,315500.0,316334.0,1.0839
1778677200,316233.0,316774.0,314500.0,314501.0,1.401522
1778680800,314500.0,315048.0,314317.0,314928.0,1.093759
1778684400,314995.0,315262.0,312500.0,312501.0,2.733487
1778688000,312500.0,313267.0,311500.0,312760.0,1.022784
1778691600,313020.0,320474.0,312734.0,315254.0,7.444358
1778695200,314691.0,316115.0,314691.0,316101.0,0.051386
1778698800,315230.0,315822.0,314688.0,315375.0,0.125016
1778702400,315665.0,315775.0,315490.0,315642.0,0.238619
1778706000,315642.0,315642.0,314601.0,314602.0,0.172182
1778709600,314612.0,314719.0,313873.0,314473.0,0.50178
1778713200,314473.0,320998.0,313874.0,314112.0,4.240619
1778716800,314112.0,317646.0,314004.0,314642.0,0.453722
1778720400,314577.0,314629.0,313838.0,314166.0,2.306227
1778724000,314166.0,314350.0,313071.0,313191.0,0.334809
1778727600,313194.0,313550.0,311801.0,311922.0,0.592115
1778731200,311923.0,313527.0,311800.0,313397.0,0.534246
1778734800,313405.0,315256.0,313399.0,315256.0,0.497797
1778738400,315255.0,315460.0,315000.0,315001.0,0.56005
1778742000,315001.0,315436.0,314564.0,315048.0,0.54341
1778745600,315000.0,315481.0,314308.0,315100.0,1.104648
1778749200,315199.0,315199.0,314243.0,314397.0,0.279829
1778752800,314397.0,314692.0,313955.0,313956.0,0.166386
1778756400,313955.0,314153.0,313444.0,313444.0,0.367842
1778760000,313444.0,315000.0,313400.0,314997.0,0.557005
1778763600,314996.0,315870.0,314813.0,315003.0,0.363206
1778767200,315003.0,318999.0,315002.0,318998.0,0.583019
1778770800,318999.0,320554.0,318999.0,320554.0,2.593189
1778774400,320800.0,322000.0,320001.0,322000.0,1.911149
1778778000,322000.0,322888.0,320616.0,322119.0,1.283533
1778781600,321343.0,322201.0,320452.0,321320.0,0.588275
1778785200,321321.0,321499.0,320407.0,320408.0,0.162067
1778788800,320407.0,320767.0,319271.0,320182.0,0.317534
1778792400,320183.0,320461.0,319715.0,319998.0,0.294107
1778796000,319995.0,320364.0,319900.0,320012.0,0.198721
1778799600,320002.0,320002.0,318000.0,318736.0,1.774952
1778803200,318736.0,321167.0,318605.0,320265.0,0.482491
1778806800,320513.0,321123.0,319439.0,319599.0,0.398117
1778810400,319421.0,320451.0,318521.0,320101.0,0.793134
1778814000,320254.0,320254.0,318898.0,319482.0,0.317553
1778817600,319483.0,319574.0,318312.0,318560.0,1.020323
1778821200,318501.0,319068.0,316751.0,317029.0,0.701598
1778824800,317029.0,318698.0,316800.0,317750.0,1.292133
1778828400,318214.0,319853.0,317704.0,319297.0,0.529767
1778832000,319411.0,319411.0,318087.0,318582.0,0.151915
1778835600,318583.0,318703.0,317484.0,317594.0,0.508348
1778839200,317998.0,318994.0,317972.0,318994.0,0.527293
1778842800,318997.0,318999.0,318501.0,318752.0,0.395237
1778846400,318750.0,318772.0,318003.0,318003.0,0.429773
1778850000,318004.0,318004.0,312801.0,312802.0,1.866676
1778853600,312803.0,314635.0,312000.0,314580.0,2.879556
1778857200,314528.0,314726.0,313835.0,314307.0,0.59933
1778860800,314387.0,315136.0,314314.0,314927.0,0.955843
1778864400,314757.0,315215.0,314680.0,315152.0,0.08999
1778868000,315270.0,315361.0,314701.0,314703.0,0.36445
1778871600,314716.0,314716.0,314113.0,314426.0,0.070803
1778875200,314612.0,314613.0,314214.0,314214.0,0.040082
1778878800,314172.0,314247.0,313789.0,313789.0,0.165804
1778882400,313789.0,314076.0,313788.0,313988.0,0.711001
1778886000,313988.0,314040.0,313872.0,314000.0,0.104512
1778889600,314000.0,314183.0,313981.0,314025.0,0.104713
1778893200,314025.0,314150.0,314008.0,314150.0,0.159101
1778896800,314150.0,314270.0,314150.0,314269.0,0.301087
1778900400,314270.0,314290.0,314201.0,314202.0,0.416284
1778904000,314201.0,314238.0,313620.0,313858.0,0.56822
1778907600,313858.0,313888.0,313857.0,313888.0,0.328064
1778911200,313888.0,314128.0,312502.0,312575.0,0.4978
1778914800,312575.0,312575.0,310879.0,312170.0,1.583802
1778918400,312170.0,312795.0,312083.0,312511.0,0.246337
1778922000,312490.0,312599.0,310900.0,311493.0,1.00968
1778925600,311492.0,311492.0,310098.0,310770.0,1.096036
1778929200,310914.0,311552.0,310914.0,311213.0,0.30376
1778932800,311213.0,311625.0,310827.0,311507.0,1.251234
1778936400,311524.0,311529.0,310461.0,311151.0,0.423547
1778940000,311186.0,311998.0,310642.0,311509.0,0.306237
1778943600,311655.0,311966.0,311353.0,311834.0,0.207261
1778947200,311834.0,312164.0,311633.0,311633.0,0.227967
1778950800,311634.0,312368.0,311633.0,311861.0,0.18789
1778954400,311669.0,311793.0,311633.0,311791.0,0.111001
1778958000,311792.0,312157.0,311787.0,311817.0,0.134403
1778961600,311817.0,311817.0,311640.0,311804.0,0.074009
1778965200,311801.0,311817.0,311800.0,311817.0,0.133578
1778968800,311816.0,311817.0,311634.0,311636.0,0.367431
1778972400,311636.0,311636.0,311633.0,311634.0,0.167231
1778976000,311634.0,311634.0,310301.0,310301.0,0.382314
1778979600,310301.0,310791.0,310008.0,310009.0,0.285745
1778983200,310008.0,310009.0,310000.0,310001.0,1.150258
1778986800,310000.0,310164.0,310000.0,310135.0,0.526966
1778990400,310135.0,310499.0,310130.0,310440.0,0.264192
1778994000,310439.0,310840.0,310439.0,310669.0,0.221237
1778997600,310669.0,310669.0,310284.0,310285.0,0.667047
1779001200,310285.0,310666.0,310241.0,310552.0,0.370048
1779004800,310551.0,310552.0,310500.0,310501.0,0.679474
1779008400,310501.0,310669.0,310500.0,310669.0,0.293402
1779012000,310669.0,312138.0,310668.0,311744.0,0.3826
1779015600,311720.0,311720.0,311389.0,311671.0,0.130751
1779019200,311671.0,312669.0,311671.0,311844.0,0.694181
1779022800,311590.0,311618.0,311325.0,311377.0,0.361996
1779026400,311377.0,311377.0,310266.0,310424.0,0.632307
1779030000,310425.0,310839.0,310421.0,310585.0,0.716118
1779033600,310585.0,310995.0,310584.0,310751.0,0.289195
1779037200,310750.0,310857.0,310218.0,310857.0,0.188249
1779040800,310857.0,311000.0,310857.0,311000.0,0.131046
1779044400,311000.0,311428.0,310999.0,311428.0,0.232062
1779048000,311911.0,311911.0,311186.0,311187.0,0.033915
1779051600,311186.0,311698.0,311050.0,311698.0,0.045238
1779055200,311697.0,311697.0,310009.0,310010.0,0.381699
1779058800,310009.0,310009.0,306500.0,308189.0,2.84807
1779062400,308189.0,308194.0,305674.0,307014.0,2.392102
1779066000,307017.0,307017.0,306007.0,306881.0,0.765303
1779069600,306881.0,307503.0,306028.0,306029.0,1.376778
1779073200,306029.0,306439.0,306028.0,306386.0,0.593342
1779076800,306422.0,306440.0,306200.0,306437.0,0.483884
1779080400,306437.0,306564.0,306437.0,306501.0,0.227449
1779084000,306501.0,306501.0,305101.0,305987.0,0.927988
1779087600,306104.0,306520.0,306001.0,306406.0,0.45383
1779091200,306405.0,306657.0,306272.0,306275.0,0.783994
1779094800,306276.0,306352.0,306001.0,306241.0,0.299512
1779098400,306242.0,306242.0,305501.0,305981.0,0.564064
1779102000,305981.0,308459.0,305540.0,307801.0,0.510514
1779105600,307884.0,309762.0,307883.0,309080.0,0.866254
1779109200,309019.0,309019.0,306009.0,306501.0,0.999257
1779112800,306501.0,306501.0,303865.0,304265.0,2.314952
1779116400,304115.0,304332.0,303000.0,304179.0,1.628394
1779120000,303932.0,305098.0,303719.0,304300.0,0.611252
1779123600,304251.0,305398.0,304091.0,305398.0,0.320416
1779127200,305367.0,305367.0,302696.0,303674.0,0.84924
1779130800,303674.0,306096.0,303674.0,306095.0,0.199617
1779134400,306182.0,306835.0,306090.0,306090.0,0.05698
1779138000,305968.0,306693.0,305900.0,306692.0,0.055071
1779141600,306878.0,307027.0,306406.0,306407.0,0.258508
1779145200,306407.0,306551.0,306134.0,306259.0,0.36386
1779148800,306259.0,307057.0,306257.0,306721.0,0.337804
1779152400,306722.0,306722.0,305140.0,305307.0,0.337698
1779156000,305306.0,306000.0,304566.0,305001.0,0.660908
1779159600,305000.0,305639.0,305000.0,305315.0,0.504728
1779163200,305311.0,305899.0,305303.0,305852.0,0.376762
1779166800,305874.0,305997.0,305312.0,305927.0,1.150504
1779170400,305926.0,306435.0,305926.0,306361.0,0.563888
1779174000,306361.0,306998.0,306360.0,306997.0,0.333248
1779177600,306997.0,307000.0,306504.0,306683.0,0.451181
1779181200,306503.0,306581.0,305479.0,305884.0,0.430009
1779184800,305683.0,306937.0,305683.0,306937.0,0.285036
1779188400,306938.0,306998.0,306000.0,306001.0,0.560907
1779192000,305916.0,306656.0,305782.0,306656.0,0.428576
1779195600,306656.0,306939.0,305601.0,306621.0,0.495123
1779199200,306621.0,306621.0,304201.0,304510.0,1.387278
1779202800,304614.0,305810.0,304612.0,305280.0,0.36826
1779206400,305389.0,306870.0,305257.0,306870.0,0.180397
1779210000,306870.0,307000.0,306436.0,306825.0,0.083825
1779213600,306813.0,306978.0,306601.0,306601.0,0.090356
1779217200,306934.0,307670.0,306934.0,307059.0,0.168136
1779220800,306770.0,307546.0,306769.0,307546.0,0.049225
1779224400,307546.0,307546.0,307443.0,307454.0,0.050245
1779228000,307443.0,307443.0,306154.0,306499.0,0.105778
1779231600,306332.0,307262.0,306331.0,307261.0,0.341181
1779235200,307262.0,307262.0,306009.0,306835.0,0.330512
1779238800,306835.0,307000.0,305888.0,306943.0,1.141681
1779242400,306943.0,306949.0,306172.0,306354.0,0.242136
1779246000,306355.0,306749.0,306208.0,306749.0,0.269471
1779249600,306749.0,306749.0,306667.0,306668.0,0.283026
1779253200,306667.0,308453.0,306667.0,308005.0,0.605253
1779256800,308005.0,308684.0,308004.0,308684.0,0.664107
1779260400,308731.0,308731.0,308350.0,308350.0,0.499165
1779264000,308351.0,309170.0,308002.0,308914.0,1.055195
1779267600,308914.0,309037.0,308482.0,309001.0,0.749876
1779271200,309001.0,309376.0,308983.0,309025.0,0.541968
1779274800,309025.0,309025.0,308523.0,308601.0,0.769966
1779278400,308601.0,309630.0,308601.0,309630.0,0.255074
1779282000,309630.0,309630.0,307503.0,307636.0,1.080402
1779285600,307890.0,309211.0,307503.0,308999.0,0.325514
1779289200,308948.0,309880.0,308313.0,308915.0,0.77311
1779292800,309036.0,309339.0,307503.0,308379.0,0.336466
1779296400,308491.0,309864.0,308236.0,309384.0,0.233934
1779300000,309300.0,309463.0,308731.0,308742.0,0.087285
1779303600,308780.0,309692.0,308725.0,309692.0,0.06031
1779307200,309873.0,309873.0,309094.0,309659.0,0.065144
1779310800,309699.0,309854.0,309120.0,309120.0,0.026533
1779314400,309119.0,309119.0,307944.0,308454.0,0.106332
1779318000,308454.0,308455.0,308162.0,308455.0,0.362422
1779321600,308643.0,309860.0,308634.0,309820.0,0.481583
1779325200,309821.0,309880.0,308920.0,308961.0,0.56685
1779328800,308961.0,309879.0,308960.0,309778.0,0.417822
1779332400,309779.0,310000.0,309501.0,309999.0,0.399229
1779336000,310000.0,310310.0,309781.0,309974.0,0.342505
1779339600,309974.0,309975.0,309052.0,309169.0,0.404372
1779343200,309256.0,309451.0,308580.0,308581.0,0.258213
1779346800,308551.0,309493.0,308231.0,309247.0,0.831081
1779350400,309343.0,310000.0,309154.0,309164.0,0.336461
1779354000,309155.0,309687.0,308039.0,308326.0,0.295493
1779357600,308154.0,308154.0,307031.0,307032.0,0.42551
1779361200,307031.0,307122.0,306494.0,306691.0,0.135053
1779364800,306692.0,307218.0,306236.0,307217.0,0.302753
1779368400,307040.0,307202.0,305500.0,306209.0,0.778253
1779372000,306313.0,306639.0,305612.0,305914.0,0.482369
1779375600,305914.0,307501.0,305900.0,307127.0,0.225548
1779379200,307272.0,307272.0,306503.0,306504.0,0.050221
1779382800,306504.0,310000.0,306504.0,309814.0,0.420245
1779386400,309693.0,309693.0,307245.0,307357.0,0.042154
1779390000,307766.0,308578.0,307739.0,308512.0,0.011595
1779393600,308940.0,309156.0,308761.0,308761.0,0.03934
1779397200,309049.0,309177.0,308584.0,308697.0,0.063801
1779400800,308463.0,308463.0,308406.0,308449.0,0.079209
1779404400,308449.0,308961.0,308425.0,308501.0,0.150314
1779408000,308501.0,308501.0,307533.0,307533.0,0.264135
1779411600,307444.0,308449.0,307379.0,308447.0,0.384178
1779415200,308447.0,308970.0,308421.0,308422.0,0.467212
1779418800,308422.0,309231.0,308421.0,309168.0,0.298096
1779422400,309192.0,309487.0,308700.0,308729.0,0.33907
1779426000,308729.0,309090.0,308349.0,308349.0,0.679137
1779429600,308349.0,308416.0,308002.0,308054.0,0.892066
1779433200,308054.0,308570.0,307888.0,308032.0,0.452669
1779436800,308169.0,308458.0,307506.0,307506.0,0.191456
1779440400,307500.0,307846.0,307205.0,307846.0,0.606416
1779444000,307846.0,307846.0,307380.0,307479.0,0.180269
1779447600,307479.0,307990.0,307478.0,307817.0,0.24182
1779451200,307840.0,308414.0,307776.0,308026.0,0.383204
1779454800,308213.0,308229.0,307001.0,307014.0,0.267093
1779458400,307001.0,307001.0,305500.0,305672.0,0.478286
1779462000,305672.0,306409.0,305500.0,305552.0,0.193461
1779465600,305552.0,306405.0,305551.0,306223.0,0.365228
1779469200,306223.0,306744.0,306201.0,306201.0,0.205545
1779472800,306201.0,306201.0,304000.0,304846.0,0.958604
1779476400,304824.0,304825.0,302291.0,302291.0,0.741274
1779480000,302292.0,303015.0,302292.0,302802.0,0.194756
1779483600,303001.0,303154.0,302971.0,303046.0,0.190211
1779487200,303045.0,303045.0,301501.0,301989.0,0.803353
1779490800,301989.0,302659.0,301203.0,301377.0,0.729655
1779494400,301377.0,301629.0,300255.0,300773.0,0.826051
1779498000,300800.0,301244.0,300000.0,301172.0,1.813204
1779501600,301173.0,301526.0,300993.0,301525.0,1.000729
1779505200,301526.0,301737.0,301526.0,301683.0,0.171102
1779508800,301683.0,301831.0,301511.0,301526.0,0.687444
1779512400,301527.0,301534.0,301311.0,301311.0,0.560528
1779516000,301312.0,301370.0,301036.0,301098.0,0.192091
1779519600,301099.0,301151.0,297689.0,297929.0,1.915904
1779523200,298129.0,298990.0,297669.0,298988.0,1.234709
1779526800,298988.0,300001.0,298405.0,299014.0,0.410104
1779530400,299015.0,300114.0,299015.0,299464.0,0.268593
1779534000,299464.0,299899.0,299439.0,299801.0,0.508335
1779537600,299801.0,299899.0,299280.0,299339.0,0.473911
1779541200,299340.0,300834.0,299340.0,300834.0,0.441273
1779544800,300833.0,301899.0,300691.0,301868.0,0.280588
1779548400,301869.0,302192.0,301342.0,301635.0,0.133032
1779552000,301971.0,301971.0,301244.0,301367.0,0.095017
1779555600,301574.0,301574.0,301084.0,301385.0,0.101907
1779559200,301385.0,302993.0,301385.0,302993.0,0.430314
1779562800,302962.0,303000.0,302400.0,303000.0,0.09582
1779566400,302999.0,307418.0,302999.0,307418.0,0.13179
1779570000,307710.0,308000.0,305408.0,306009.0,0.962241
1779573600,306135.0,306442.0,304699.0,305267.0,0.044213
1779577200,305271.0,306325.0,305171.0,305754.0,0.372909
1779580800,306231.0,306259.0,304998.0,306050.0,0.729732
1779584400,306275.0,306459.0,305704.0,306088.0,0.316642
1779588000,306203.0,306450.0,305454.0,305948.0,0.261316
1779591600,305948.0,306666.0,305850.0,306001.0,0.135775
1779595200,306001.0,306106.0,305561.0,305887.0,0.215854
1779598800,305887.0,305898.0,305289.0,305898.0,0.438605
1779602400,305898.0,306728.0,305898.0,306728.0,0.427831
1779606000,306904.0,306946.0,306075.0,306076.0,0.189927
1779609600,306326.0,306400.0,306010.0,306228.0,0.266182
1779613200,306272.0,306994.0,306272.0,306960.0,0.525885
1779616800,306954.0,308499.0,306666.0,307498.0,0.401289
1779620400,307498.0,308233.0,307498.0,308076.0,0.144698
1779624000,308076.0,308076.0,307370.0,307513.0,0.373478
1779627600,307513.0,307513.0,306000.0,306000.0,1.448443
1779631200,306000.0,306023.0,304026.0,304869.0,1.060567
1779634800,304868.0,304995.0,304490.0,304583.0,0.568989
1779638400,304489.0,305500.0,304489.0,305467.0,0.419193
1779642000,305498.0,305498.0,305148.0,305497.0,0.074637
1779645600,305497.0,305497.0,305119.0,305345.0,0.065283
1779649200,305495.0,305499.0,305383.0,305483.0,0.051451
1779652800,305498.0,305498.0,305295.0,305296.0,0.059272
1779656400,305407.0,305471.0,303800.0,303801.0,0.161543
1779660000,303800.0,306683.0,303800.0,306005.0,0.159522
1779663600,306408.0,307465.0,305589.0,307039.0,0.265817
1779667200,307039.0,307273.0,305199.0,305834.0,1.077842
1779670800,305789.0,306089.0,305094.0,305250.0,0.483909
1779674400,305030.0,306771.0,305000.0,305631.0,0.304096
1779678000,305577.0,305804.0,305085.0,305302.0,0.336981
1779681600,305302.0,306214.0,305002.0,306213.0,0.74716
1779685200,306201.0,306399.0,306012.0,306210.0,0.505932
1779688800,306207.0,306718.0,305532.0,306344.0,0.511588
1779692400,306344.0,306627.0,305421.0,306021.0,0.141688
1779696000,305943.0,306295.0,305593.0,306199.0,0.369922
1779699600,306217.0,306800.0,306128.0,306800.0,0.376951
1779703200,306800.0,306800.0,306515.0,306632.0,0.810463
1779706800,306632.0,306632.0,306005.0,306006.0,0.49941
1779710400,306006.0,306093.0,306000.0,306093.0,0.41529
1779714000,306093.0,306093.0,306091.0,306092.0,0.306432
1779717600,306091.0,307557.0,306091.0,307466.0,0.569852
1779721200,307523.0,307800.0,307020.0,307188.0,0.232535
1779724800,307188.0,307712.0,307009.0,307638.0,0.241373
1779728400,307715.0,307779.0,307117.0,307177.0,0.186258
1779732000,307177.0,307178.0,307177.0,307178.0,0.083472
1779735600,307177.0,307177.0,306505.0,306570.0,0.103627
1779739200,306570.0,306687.0,306339.0,306340.0,0.092595
1779742800,306340.0,306340.0,306338.0,306338.0,0.034487
1779746400,306339.0,306445.0,305532.0,305532.0,0.884374
1779750000,305531.0,306196.0,305531.0,306161.0,0.18283
1779753600,306138.0,306138.0,304001.0,304353.0,2.17182
1779757200,304211.0,304657.0,304007.0,304629.0,0.425387
1779760800,304601.0,304739.0,304217.0,304218.0,0.499451
1779764400,304254.0,304509.0,304011.0,304508.0,0.627361
1779768000,304509.0,304839.0,304305.0,304837.0,0.429638
1779771600,304838.0,305299.0,304837.0,305293.0,0.586017
1779775200,305293.0,305298.0,305156.0,305297.0,0.175827
1779778800,305296.0,305297.0,304457.0,304662.0,0.317315
1779782400,304663.0,305037.0,304662.0,304865.0,0.27699
1779786000,304866.0,304953.0,304668.0,304674.0,0.200582
1779789600,304675.0,307602.0,304674.0,307504.0,0.728088
1779793200,307503.0,307503.0,306651.0,306669.0,0.314961
1779796800,306669.0,306669.0,305426.0,306184.0,0.616691
1779800400,306271.0,306999.0,304682.0,306559.0,0.67518
1779804000,306667.0,309215.0,305000.0,305694.0,1.680266
1779807600,305693.0,305693.0,303071.0,303404.0,0.462291
1779811200,303626.0,304549.0,303035.0,303901.0,0.356157
1779814800,303900.0,304098.0,301660.0,301961.0,0.435052
1779818400,301959.0,302803.0,301500.0,302155.0,0.514528
1779822000,301944.0,302182.0,301812.0,302182.0,0.032304
1779825600,302182.0,302512.0,302182.0,302420.0,0.025568
1779829200,302427.0,302427.0,302003.0,302003.0,0.056593
1779832800,302002.0,302003.0,301789.0,301789.0,0.113413
1779836400,301789.0,303001.0,301788.0,302301.0,0.648018
1779840000,302277.0,303999.0,302272.0,303006.0,0.562624
1779843600,303006.0,303006.0,302112.0,302461.0,0.24991
1779847200,302461.0,302461.0,302019.0,302245.0,0.628332
1779850800,302246.0,302883.0,301852.0,301852.0,0.199513
1779854400,301852.0,301852.0,300501.0,301354.0,0.330837
1779858000,301354.0,301828.0,301353.0,301827.0,0.122536
1779861600,301802.0,302555.0,301802.0,302231.0,0.843331
1779865200,302231.0,302969.0,302180.0,302969.0,0.549386
1779868800,302972.0,303303.0,302476.0,302659.0,0.444471
1779872400,302659.0,302959.0,302031.0,302668.0,0.506308
1779876000,302668.0,303129.0,302506.0,302557.0,0.199802
1779879600,302557.0,302871.0,302170.0,302171.0,0.223574
1779883200,302171.0,303205.0,301581.0,301805.0,0.473155
1779886800,301806.0,302037.0,299000.0,299269.0,1.890634
1779890400,299269.0,300109.0,298802.0,299502.0,0.759129
1779894000,299501.0,300980.0,299501.0,300564.0,0.266449
1779897600,300563.0,300579.0,299501.0,300290.0,0.171444
1779901200,300283.0,300580.0,298667.0,298668.0,0.374738
1779904800,298669.0,298672.0,298667.0,298668.0,0.084891
1779908400,298668.0,298668.0,298668.0,298668.0,0.0
1779912000,298668.0,298668.0,298668.0,298668.0,0.0
1779915600,298668.0,298668.0,298668.0,298668.0,0.0
1779919200,298668.0,298668.0,298668.0,298668.0,0.0
1779922800,307939.0,309000.0,297000.0,300139.0,2.642693
1779926400,300186.0,300186.0,297686.0,297759.0,1.111286
1779930000,297707.0,299441.0,296384.0,297001.0,1.493878
1779933600,297002.0,297691.0,296804.0,297141.0,1.164904
1779937200,297100.0,297238.0,294500.0,294794.0,1.242111
1779940800,294687.0,294687.0,292598.0,292599.0,1.900159
1779944400,292599.0,292990.0,292002.0,292500.0,1.907893
1779948000,292501.0,292501.0,291512.0,292194.0,1.56113
1779951600,292194.0,293744.0,292194.0,293328.0,1.554202
1779955200,293329.0,293329.0,292801.0,292801.0,0.921594
1779958800,292800.0,293669.0,292532.0,293668.0,0.848198
1779962400,293656.0,294064.0,291301.0,293180.0,2.427055
1779966000,293181.0,293537.0,292917.0,293536.0,1.195394
1779969600,293537.0,294069.0,292631.0,293985.0,0.840684
1779973200,293791.0,293986.0,291177.0,291811.0,1.644579
1779976800,291810.0,294032.0,290503.0,291709.0,1.532301
1779980400,291740.0,292231.0,291079.0,291151.0,0.572509
1779984000,291152.0,293000.0,291003.0,292999.0,0.446328
1779987600,293000.0,293884.0,292656.0,293455.0,0.211144
1779991200,293437.0,294041.0,293402.0,293689.0,0.20169
1779994800,293669.0,293669.0,292570.0,293206.0,0.744422
1779998400,292833.0,293947.0,292661.0,293721.0,0.372449
1780002000,293604.0,294077.0,293256.0,294001.0,0.152152
1780005600,294031.0,294031.0,292651.0,292653.0,0.110036
1780009200,293032.0,293353.0,292860.0,293311.0,0.192417
1780012800,293310.0,293355.0,292899.0,292916.0,0.390421
1780016400,292916.0,293040.0,292190.0,292190.0,0.237022
1780020000,292268.0,292426.0,291050.0,291051.0,0.649396
1780023600,291052.0,291750.0,291051.0,291326.0,0.345131
1780027200,291326.0,291827.0,291301.0,291827.0,0.357034
1780030800,291827.0,292679.0,291825.0,292679.0,0.52076
1780034400,292600.0,293276.0,292392.0,292902.0,0.987277
1780038000,292902.0,293042.0,291773.0,291823.0,0.531991
1780041600,291968.0,293249.0,291968.0,292726.0,0.999287
1780045200,292765.0,293344.0,292713.0,292878.0,0.476434
1780048800,292878.0,293053.0,292559.0,292890.0,0.304077
1780052400,292579.0,293020.0,292179.0,292438.0,0.205524
1780056000,292438.0,292512.0,292005.0,292111.0,1.152595
1780059600,292011.0,292087.0,290803.0,291690.0,0.47593
1780063200,291521.0,291521.0,289565.0,291427.0,1.748789
1780066800,291208.0,295000.0,291001.0,293851.0,1.027409
1780070400,293958.0,294992.0,293043.0,294820.0,0.279524
1780074000,294998.0,295888.0,294508.0,294876.0,0.398735
1780077600,294526.0,294845.0,291818.0,292105.0,0.073119
1780081200,292181.0,293480.0,291845.0,292796.0,0.049232
1780084800,292938.0,293697.0,292938.0,293262.0,0.085798
1780088400,293398.0,293875.0,292579.0,292995.0,0.077981
1780092000,292546.0,293022.0,292538.0,292727.0,0.19168
1780095600,292555.0,292660.0,292110.0,292660.0,0.283862
1780099200,292660.0,292888.0,292460.0,292757.0,0.34036
1780102800,292721.0,293054.0,292156.0,293044.0,0.946858
1780106400,293093.0,293422.0,293001.0,293422.0,0.910547
1780110000,293452.0,293498.0,292442.0,292502.0,0.806478
1780113600,292502.0,292725.0,291515.0,292037.0,0.725006
1780117200,292109.0,292789.0,291894.0,292772.0,0.266201
1780120800,292772.0,292980.0,292629.0,292979.0,0.250504
1780124400,292978.0,292979.0,292602.0,292603.0,0.173091
1780128000,292603.0,292971.0,292602.0,292668.0,0.684587
1780131600,292669.0,292914.0,292668.0,292900.0,0.405706
1780135200,292965.0,293109.0,292860.0,293011.0,0.396879
1780138800,293013.0,293158.0,292975.0,293006.0,0.145342
1780142400,293007.0,293245.0,293007.0,293245.0,0.228164
1780146000,293245.0,293878.0,293245.0,293876.0,0.450741
1780149600,293876.0,294749.0,293876.0,294444.0,0.486678
1780153200,294454.0,294741.0,294164.0,294363.0,0.152726
1780156800,294393.0,294522.0,294288.0,294496.0,0.304626
1780160400,294471.0,294520.0,294082.0,294519.0,0.057158
1780164000,294520.0,294860.0,294519.0,294859.0,0.152425
1780167600,294836.0,294858.0,294717.0,294835.0,0.058395
1780171200,294835.0,294835.0,294551.0,294656.0,0.140721
1780174800,294672.0,294778.0,294491.0,294565.0,0.026616
1780178400,294391.0,294393.0,294105.0,294320.0,0.206605
1780182000,294319.0,294739.0,294053.0,294287.0,0.242085
1780185600,294511.0,294860.0,294223.0,294859.0,0.202599
1780189200,294859.0,295884.0,294859.0,295055.0,0.240564
1780192800,295054.0,295606.0,294549.0,294812.0,0.234795
1780196400,294999.0,295610.0,294999.0,295352.0,0.522993
1780200000,295352.0,295602.0,295351.0,295599.0,0.344902
1780203600,295598.0,295609.0,295144.0,295146.0,0.292817
1780207200,295198.0,295206.0,295001.0,295206.0,0.479588
1780210800,295205.0,295205.0,294377.0,294542.0,0.43572
1780214400,294541.0,294829.0,294399.0,294736.0,0.274837
1780218000,294708.0,295000.0,294399.0,294399.0,0.244498
1780221600,294399.0,294399.0,294059.0,294380.0,0.225277
1780225200,294380.0,294738.0,294379.0,294668.0,0.321702
1780228800,294609.0,294778.0,294331.0,294462.0,0.427052
1780232400,294465.0,294783.0,294078.0,294159.0,0.442236
1780236000,294159.0,294159.0,293027.0,293292.0,0.287636
1780239600,293293.0,293943.0,293293.0,293547.0,0.167861
1780243200,293571.0,293847.0,292703.0,293138.0,0.384125
1780246800,293226.0,293793.0,293021.0,293730.0,0.257676
1780250400,293758.0,293758.0,293354.0,293394.0,0.165521
1780254000,293559.0,293559.0,293033.0,293299.0,0.052516
1780257600,293590.0,293812.0,293590.0,293791.0,0.021573
1780261200,293792.0,294483.0,293591.0,294483.0,0.031934
1780264800,294494.0,294802.0,293838.0,294791.0,0.279743
1780268400,294798.0,295138.0,293031.0,293549.0,0.436968
1780272000,293581.0,294968.0,293315.0,294296.0,0.509593
1780275600,294508.0,294508.0,292501.0,292501.0,0.764446
1780279200,292501.0,294431.0,292166.0,294054.0,0.50604
1780282800,294179.0,294968.0,294001.0,294011.0,0.21305
1780286400,294012.0,294291.0,292308.0,293076.0,0.28171
1780290000,293015.0,293106.0,292601.0,292601.0,0.31907
1780293600,292600.0,292601.0,290671.0,291353.0,0.780965
1780297200,291353.0,291598.0,290003.0,290389.0,0.739602
1780300800,290222.0,290678.0,290000.0,290649.0,1.034995
1780304400,290552.0,291281.0,290382.0,290469.0,0.856802
1780308000,290631.0,290631.0,289565.0,290064.0,0.638538
1780311600,290064.0,290064.0,288547.0,288855.0,0.741391
1780315200,289448.0,289448.0,287002.0,287919.0,2.213289
1780318800,288005.0,288152.0,285011.0,286124.0,3.42043
1780322400,286054.0,286996.0,285221.0,285428.0,1.344346
1780326000,285552.0,285914.0,283888.0,283900.0,1.881353
1780329600,283900.0,285618.0,283000.0,285212.0,1.151474
1780333200,285271.0,286186.0,282539.0,285609.0,1.189624
1780336800,285778.0,285778.0,284510.0,284827.0,0.410255
1780340400,285134.0,285587.0,284570.0,285261.0,0.05092
1780344000,285270.0,285752.0,284894.0,284894.0,0.064729
1780347600,284764.0,284764.0,283002.0,283002.0,0.104243
1780351200,283000.0,284636.0,281100.0,284636.0,0.65918
1780354800,284679.0,285036.0,283950.0,284503.0,0.420943
1780358400,284503.0,284503.0,283324.0,283972.0,0.674903
1780362000,283993.0,284412.0,282010.0,282010.0,0.895723
1780365600,282011.0,282534.0,280013.0,282189.0,1.172331
1780369200,282431.0,284055.0,282357.0,282961.0,1.01105
1780372800,282995.0,283190.0,282023.0,282266.0,0.550829
1780376400,282266.0,282382.0,280302.0,280302.0,0.438249
1780380000,280302.0,287000.0,280000.0,280000.0,2.463638
1780383600,280435.0,280499.0,279408.0,280106.0,1.181447
1780387200,280107.0,280129.0,279000.0,279001.0,0.80295
1780390800,279001.0,279001.0,277000.0,277501.0,1.354624
1780394400,277501.0,278100.0,277405.0,278000.0,2.267485
1780398000,278000.0,278000.0,277001.0,277330.0,0.735027
1780401600,277247.0,277526.0,275670.0,275830.0,1.477548
1780405200,275830.0,276201.0,275089.0,275089.0,1.499253
1780408800,275089.0,276000.0,272101.0,273001.0,3.561633
1780412400,273001.0,273001.0,270000.0,270001.0,3.382634
1780416000,270001.0,272999.0,270000.0,270502.0,1.581348
1780419600,270500.0,271526.0,270181.0,270420.0,0.853805
1780423200,270441.0,270967.0,269657.0,269659.0,0.756249
1780426800,269658.0,270349.0,267700.0,269422.0,1.303063
1780430400,269422.0,270965.0,269000.0,270689.0,0.879859
1780434000,270785.0,271939.0,270501.0,270568.0,0.398619
1780437600,270552.0,270552.0,266669.0,266669.0,1.27898
1780441200,266669.0,269310.0,265000.0,268050.0,2.915584
1780444800,268050.0,269147.0,267542.0,268512.0,2.155714
1780448400,268512.0,270735.0,266888.0,267470.0,7.201177
1780452000,267470.0,267676.0,267014.0,267485.0,1.188329
1780455600,267484.0,267485.0,261981.0,263937.0,7.629314
1780459200,263937.0,267094.0,262754.0,266284.0,2.430806
1780462800,266519.0,270000.0,266519.0,270000.0,1.399705
1780466400,270000.0,272450.0,267418.0,268896.0,5.621589
1780470000,268896.0,269799.0,268161.0,269760.0,0.892564
1780473600,269761.0,269761.0,268801.0,268990.0,0.661445
1780477200,268990.0,270757.0,268002.0,269395.0,1.088806
1780480800,269395.0,270984.0,269382.0,270001.0,1.140681
1780484400,270039.0,270500.0,269329.0,269329.0,1.283091
1780488000,269329.0,269626.0,265961.0,269314.0,2.784186
1780491600,269300.0,269881.0,267580.0,268443.0,1.251222
1780495200,268521.0,269015.0,268000.0,268322.0,0.908266
1780498800,268356.0,268358.0,265501.0,265501.0,0.868127
1780502400,265501.0,266372.0,263508.0,265179.0,1.151651
1780506000,265178.0,265550.0,264001.0,264768.0,0.47248
1780509600,264910.0,265188.0,264019.0,265010.0,0.392818
1780513200,264965.0,264966.0,262224.0,262704.0,0.299266
1780516800,262578.0,263179.0,260526.0,260550.0,1.37245
1780520400,260918.0,263967.0,260864.0,263967.0,0.296958
1780524000,263860.0,263908.0,260550.0,260567.0,0.643713
1780527600,260591.0,260810.0,257771.0,257772.0,6.183301
1780531200,257772.0,259783.0,252436.0,253907.0,5.029916
1780534800,254050.0,254608.0,250222.0,250223.0,3.60774
1780538400,250223.0,258399.0,249372.0,255658.0,8.095635
1780542000,255899.0,265447.0,255883.0,259998.0,8.950645
1780545600,259999.0,265448.0,259991.0,260050.0,5.936498
1780549200,260049.0,260049.0,257501.0,258207.0,2.050279
1780552800,258233.0,259981.0,258208.0,258230.0,1.497322
1780556400,258230.0,259803.0,256478.0,257336.0,1.304023
1780560000,257335.0,257923.0,255657.0,256929.0,1.262341
1780563600,256679.0,260000.0,253500.0,255036.0,3.110929
1780567200,255011.0,255169.0,251711.0,252016.0,2.64536
1780570800,251997.0,253140.0,251500.0,252497.0,2.535146
1780574400,252496.0,257886.0,252496.0,257133.0,3.179861
1780578000,257133.0,258500.0,254824.0,258500.0,3.925085
1780581600,258500.0,259998.0,257577.0,257845.0,1.312298
1780585200,257975.0,259603.0,257008.0,257902.0,1.412689
1780588800,257901.0,257902.0,256000.0,256352.0,0.603817
1780592400,256112.0,256783.0,254002.0,256119.0,0.6944
1780596000,256242.0,258217.0,254793.0,257413.0,0.57555
1780599600,257146.0,258192.0,256262.0,256621.0,0.106288
1780603200,256035.0,256534.0,254799.0,256534.0,0.157943
1780606800,256574.0,257440.0,255000.0,255217.0,0.866983
1780610400,255188.0,257041.0,255090.0,257023.0,0.265543
1780614000,257036.0,257701.0,255733.0,257633.0,1.443008
1780617600,257599.0,257646.0,256000.0,256001.0,1.380945
1780621200,256001.0,256326.0,254760.0,255784.0,1.955057
1780624800,255854.0,255988.0,253107.0,253263.0,1.579956
1780628400,253263.0,254384.0,252258.0,254206.0,2.024056
1780632000,254206.0,257710.0,253511.0,257684.0,1.22037
1780635600,257809.0,257809.0,253002.0,253002.0,1.176016
1780639200,253002.0,255499.0,250000.0,251392.0,7.069117
1780642800,251392.0,255878.0,249700.0,255834.0,5.767043
1780646400,255885.0,256000.0,252849.0,253335.0,2.316845
1780650000,253341.0,256089.0,253341.0,255020.0,1.364918
1780653600,255110.0,255546.0,253505.0,253663.0,1.708681
1780657200,253685.0,253951.0,251703.0,251703.0,1.004408
1780660800,251701.0,253401.0,250500.0,251499.0,1.11713
1780664400,251500.0,253377.0,248120.0,248120.0,4.134929
1780668000,248120.0,251499.0,246300.0,247685.0,6.760266
1780671600,247684.0,249000.0,246088.0,247243.0,4.583688
1780675200,247243.0,251497.0,245600.0,250790.0,3.068138
1780678800,251496.0,251497.0,248500.0,249075.0,0.963803
1780682400,249075.0,249412.0,244000.0,244000.0,4.692016
1780686000,244000.0,253555.0,243000.0,250295.0,0.693719
1780689600,250295.0,250295.0,242766.0,243100.0,0.361449
1780693200,250295.0,252500.0,250291.0,252000.0,0.264172
1780696800,252000.0,252555.0,250490.0,252291.0,0.389872
1780700400,252290.0,252555.0,248889.0,249612.0,0.64822
1780704000,249612.0,251677.0,249424.0,250991.0,1.454757
1780707600,250991.0,251382.0,250001.0,250419.0,0.863816
1780711200,250355.0,250365.0,249289.0,249562.0,1.666317
1780714800,249954.0,249954.0,248130.0,248461.0,2.01302
1780718400,248461.0,248888.0,244050.0,246023.0,3.662368
1780722000,246023.0,249668.0,244788.0,249281.0,1.582686
1780725600,249281.0,250521.0,248199.0,248643.0,1.148681
1780729200,248666.0,250171.0,248259.0,249690.0,0.912869
1780732800,249690.0,251000.0,248999.0,250341.0,1.476048
1780736400,250341.0,250415.0,249007.0,249034.0,0.679329
1780740000,249034.0,250749.0,246418.0,247545.0,1.686962
1780743600,247555.0,249000.0,247358.0,248449.0,1.700681
1780747200,248536.0,250828.0,248071.0,249546.0,0.640568
1780750800,249880.0,253368.0,248336.0,249004.0,2.244186
1780754400,249004.0,249555.0,248802.0,248802.0,1.098595
1780758000,248928.0,249266.0,247581.0,249134.0,1.090538
1780761600,249134.0,249512.0,248015.0,248968.0,0.870119
1780765200,248992.0,249199.0,248132.0,248177.0,0.794693
1780768800,248257.0,248693.0,247661.0,248489.0,0.360616
1780772400,248409.0,248725.0,247501.0,248002.0,0.34345
1780776000,248002.0,248388.0,247501.0,248037.0,0.151211
1780779600,248003.0,249636.0,248001.0,248860.0,0.266625
1780783200,248025.0,249130.0,247001.0,247225.0,0.209083
1780786800,247222.0,249479.0,247221.0,248350.0,0.279004
1780790400,249372.0,249672.0,247950.0,248083.0,0.467296
1780794000,248000.0,251999.0,248000.0,250867.0,0.808881
1780797600,250867.0,251083.0,250000.0,250966.0,1.269035
1780801200,250965.0,251997.0,250725.0,251694.0,1.129679
1780804800,251694.0,252379.0,251027.0,252376.0,1.380987
1780808400,252376.0,253044.0,252002.0,252471.0,1.641956
1780812000,252408.0,254187.0,252003.0,253878.0,0.790336
1780815600,253879.0,254910.0,253567.0,254905.0,0.897574
1780819200,254906.0,257360.0,254164.0,256865.0,2.652814
1780822800,256874.0,256874.0,255000.0,255193.0,1.091417
1780826400,255193.0,255418.0,254164.0,254499.0,0.781955
1780830000,254499.0,256409.0,254015.0,255341.0,0.777867
1780833600,255288.0,255310.0,251218.0,253132.0,1.140255
1780837200,252448.0,252887.0,251598.0,251909.0,1.044398
1780840800,252084.0,254854.0,251727.0,252461.0,1.036271
1780844400,252918.0,253607.0,252002.0,253421.0,0.884807
1780848000,253422.0,254326.0,253001.0,253008.0,0.545064
1780851600,253276.0,254020.0,253276.0,253709.0,0.154991
1780855200,253247.0,253951.0,253000.0,253000.0,0.145634
1780858800,253000.0,253000.0,250001.0,250002.0,0.420305
1780862400,250034.0,252289.0,250001.0,252193.0,0.320328
1780866000,252149.0,252816.0,251432.0,251432.0,0.21079
1780869600,252551.0,260000.0,251701.0,256051.0,0.829963
1780873200,256627.0,259165.0,255495.0,257784.0,1.164912
1780876800,257783.0,259942.0,257402.0,259457.0,0.920474
1780880400,259444.0,259463.0,256000.0,257511.0,0.677101
1780884000,257512.0,257799.0,256959.0,257635.0,0.886707
1780887600,257593.0,258718.0,257201.0,257740.0,2.325728
1780891200,257740.0,257955.0,256024.0,256400.0,1.503351
1780894800,256168.0,256446.0,255001.0,256428.0,1.589097
1780898400,256351.0,259320.0,256351.0,257270.0,1.117489
1780902000,257270.0,258704.0,256654.0,258616.0,0.718414
1780905600,258317.0,258343.0,257865.0,258229.0,0.586157
1780909200,258074.0,259720.0,258067.0,258998.0,0.897117
1780912800,258998.0,259519.0,258005.0,258459.0,1.032773
1780916400,258374.0,261000.0,258373.0,259605.0,0.891761
1780920000,259606.0,261334.0,257002.0,261317.0,1.474081
1780923600,261333.0,261398.0,259518.0,261099.0,1.281095
1780927200,260923.0,261998.0,260569.0,261994.0,1.03309
1780930800,261905.0,262998.0,261114.0,261400.0,1.781208
1780934400,261096.0,262000.0,260046.0,260104.0,0.40772
1780938000,260062.0,260289.0,259134.0,259578.0,2.408835
1780941600,259577.0,259578.0,259109.0,259110.0,0.347105
1780945200,259378.0,259378.0,258890.0,258890.0,0.043286
1780948800,258888.0,258889.0,257697.0,258118.0,0.164754
1780952400,258550.0,259843.0,258550.0,259801.0,0.065698
1780956000,259206.0,259206.0,258062.0,258710.0,0.494275
1780959600,258679.0,259314.0,256999.0,257000.0,1.628183
1780963200,257000.0,257536.0,255006.0,255222.0,0.528937
1780966800,255231.0,256248.0,255145.0,255909.0,0.826543
1780970400,255879.0,256031.0,255074.0,255946.0,1.73488
1780974000,255945.0,256582.0,255513.0,255781.0,1.436673
1780977600,255782.0,257926.0,255751.0,257924.0,0.745744
1780981200,257924.0,258553.0,257218.0,257961.0,0.551377
1780984800,257928.0,258040.0,257246.0,257460.0,0.711567
1780988400,257500.0,257984.0,256508.0,256999.0,1.525695
1780992000,256999.0,257190.0,255691.0,255692.0,1.803295
1780995600,255998.0,255998.0,255051.0,255334.0,0.654782
1780999200,255334.0,255638.0,255146.0,255638.0,0.4054
1781002800,255638.0,255638.0,254773.0,255049.0,1.172465
1781006400,255049.0,256008.0,254700.0,254801.0,0.372045
1781010000,254838.0,255000.0,253222.0,254001.0,1.216755
1781013600,254001.0,254004.0,249750.0,250681.0,3.477989
1781017200,250898.0,251714.0,249334.0,249367.0,2.360216
1781020800,249638.0,250601.0,248252.0,250601.0,1.808642
1781024400,250601.0,252038.0,250573.0,251505.0,0.404271
1781028000,251590.0,252381.0,251501.0,251977.0,0.095402
1781031600,251839.0,253054.0,251787.0,253022.0,0.565415
1781035200,253041.0,253645.0,252540.0,253323.0,0.325066
1781038800,253323.0,253567.0,251553.0,251732.0,0.366965
1781042400,251545.0,252090.0,251352.0,251465.0,0.235467
1781046000,251394.0,252083.0,251005.0,251279.0,0.494595
1781049600,251279.0,252089.0,250518.0,252041.0,0.510627
1781053200,252090.0,252090.0,250676.0,251573.0,0.897542
1781056800,251273.0,251547.0,249500.0,249500.0,0.629411
1781060400,249501.0,250643.0,249227.0,250643.0,0.798239
1781064000,250459.0,250661.0,249000.0,249260.0,0.595235
1781067600,249512.0,249835.0,248644.0,249672.0,0.691113
1781071200,249672.0,250648.0,249076.0,250264.0,0.565136
1781074800,250263.0,251602.0,250263.0,251393.0,0.941585
1781078400,251393.0,251393.0,249350.0,249611.0,1.124111
1781082000,249608.0,250443.0,248363.0,250019.0,0.891185
1781085600,250019.0,250255.0,249669.0,250255.0,0.313958
1781089200,250254.0,250257.0,248501.0,248693.0,0.308057
1781092800,248693.0,251750.0,248500.0,251221.0,0.940794
1781096400,251153.0,254396.0,250806.0,253199.0,0.858238
1781100000,253242.0,253657.0,252178.0,253109.0,0.515846
1781103600,253383.0,256008.0,252244.0,255250.0,0.573927
1781107200,255251.0,255251.0,252360.0,253149.0,0.297916
1781110800,253149.0,254236.0,251647.0,252276.0,0.470294
1781114400,252276.0,252674.0,251646.0,251912.0,0.349921
1781118000,251912.0,253108.0,251912.0,252722.0,0.053689
1781121600,252123.0,252435.0,251912.0,251982.0,0.095114
1781125200,251912.0,251912.0,250007.0,250285.0,0.105102
1781128800,250011.0,251091.0,249556.0,250481.0,0.377637
1781132400,250480.0,251377.0,249574.0,251112.0,0.423119
1781136000,251381.0,253146.0,251380.0,252903.0,0.436696
1781139600,252571.0,254382.0,252571.0,254089.0,0.587768
1781143200,254078.0,254316.0,253079.0,253658.0,0.340755
1781146800,253797.0,255999.0,253176.0,255994.0,0.811689
1781150400,255995.0,257987.0,254897.0,257984.0,7.969477
1781154000,257984.0,257984.0,255001.0,255285.0,1.267727
1781157600,255285.0,256910.0,255001.0,255920.0,0.732006
1781161200,255920.0,255920.0,255017.0,255656.0,0.296372
1781164800,255656.0,256372.0,255656.0,256372.0,0.505755
1781168400,256372.0,256372.0,255677.0,256283.0,0.662759
1781172000,256354.0,257153.0,255844.0,257153.0,0.411634
1781175600,257033.0,257387.0,257033.0,257052.0,0.240238
1781179200,257051.0,257267.0,255234.0,256609.0,0.451479
1781182800,256556.0,257388.0,255764.0,257024.0,0.370186
1781186400,257025.0,257025.0,256001.0,256001.0,0.720794
1781190000,256002.0,256052.0,255272.0,255607.0,0.962657
1781193600,255865.0,256000.0,255500.0,255500.0,0.316646
1781197200,255501.0,258852.0,254245.0,258852.0,0.781856
1781200800,258852.0,259243.0,258221.0,258804.0,0.249675
1781204400,258983.0,259999.0,258608.0,259419.0,0.226558
1781208000,259398.0,259398.0,258153.0,258428.0,0.127811
1781211600,258469.0,258998.0,258468.0,258997.0,0.3367
1781215200,258998.0,259300.0,258998.0,259016.0,0.282423
1781218800,258997.0,259466.0,258272.0,259316.0,0.517827
1781222400,259315.0,259487.0,258948.0,259091.0,0.368236
1781226000,259087.0,259087.0,257845.0,257899.0,0.903672
1781229600,257899.0,259121.0,257898.0,258646.0,1.0837
1781233200,258647.0,258647.0,258000.0,258183.0,0.465643
1781236800,258188.0,259138.0,258107.0,258800.0,0.416185
1781240400,258801.0,258801.0,257640.0,257641.0,0.410877
1781244000,257641.0,257651.0,255616.0,256099.0,0.540711
1781247600,256098.0,256932.0,256083.0,256932.0,1.172337
1781251200,256931.0,258379.0,256699.0,257961.0,0.46498
1781254800,257961.0,259660.0,257961.0,259339.0,0.462547
1781258400,259339.0,259339.0,258540.0,258947.0,0.543866
1781262000,258947.0,259487.0,258898.0,259369.0,0.494786
1781265600,259301.0,259301.0,258002.0,258115.0,0.312909
1781269200,258114.0,258364.0,257007.0,257105.0,0.412142
1781272800,258000.0,259999.0,257822.0,259999.0,0.438766
1781276400,259999.0,261798.0,258998.0,258998.0,0.994549
1781280000,258953.0,260001.0,258919.0,260001.0,0.229843
1781283600,260001.0,260576.0,259600.0,259621.0,0.167312
1781287200,259621.0,260025.0,259354.0,259385.0,0.141754
1781290800,259386.0,259585.0,259138.0,259138.0,0.046225
1781294400,259144.0,259144.0,258501.0,258501.0,0.031952
1781298000,258542.0,259156.0,258500.0,258500.0,0.140606
1781301600,258501.0,258807.0,258501.0,258690.0,0.024343
1781305200,258690.0,258964.0,257363.0,258964.0,0.525075
1781308800,258964.0,259201.0,258713.0,259176.0,0.48597
1781312400,259169.0,259897.0,259166.0,259895.0,0.152749
1781316000,259896.0,259898.0,259315.0,259315.0,0.318631
1781319600,259373.0,259586.0,258812.0,258890.0,0.524271
1781323200,258889.0,259237.0,258740.0,258999.0,0.202105
1781326800,259000.0,259109.0,258999.0,259046.0,0.148657
1781330400,259047.0,259793.0,259046.0,259793.0,0.467278
1781334000,259793.0,260236.0,259518.0,259984.0,0.373126
1781337600,260044.0,260183.0,259922.0,260001.0,0.275937
1781341200,260001.0,260096.0,259903.0,259903.0,0.11309
1781344800,259903.0,260267.0,259887.0,260027.0,0.175204
1781348400,260073.0,260555.0,260073.0,260555.0,0.35853
1781352000,260487.0,261464.0,260481.0,261337.0,0.362237
1781355600,261189.0,261668.0,261189.0,261401.0,0.524363
1781359200,261401.0,261671.0,261400.0,261670.0,0.551453
1781362800,261671.0,261999.0,261621.0,261935.0,0.391322
1781366400,261936.0,261936.0,260591.0,260638.0,0.130143
1781370000,260905.0,261196.0,260681.0,260733.0,0.099179
1781373600,260733.0,261500.0,260733.0,261227.0,0.198306
1781377200,261303.0,261500.0,261212.0,261500.0,0.053541
1781380800,261500.0,261885.0,261500.0,261633.0,0.034229
1781384400,261880.0,263379.0,261612.0,262690.0,0.237113
1781388000,262384.0,262725.0,262192.0,262710.0,0.059013
1781391600,262710.0,262928.0,262706.0,262706.0,0.180586
1781395200,262706.0,262998.0,262473.0,262998.0,0.279519
1781398800,262997.0,263499.0,262997.0,263388.0,1.156757
1781402400,263389.0,263389.0,263141.0,263142.0,0.570166
1781406000,263139.0,263235.0,263068.0,263072.0,0.113927
1781409600,263071.0,263072.0,262500.0,262501.0,0.290598
1781413200,262501.0,262501.0,262212.0,262294.0,0.319523
1781416800,262437.0,262665.0,262002.0,262002.0,0.369328
1781420400,262000.0,262454.0,261894.0,262454.0,0.39291
1781424000,262455.0,262455.0,262453.0,262454.0,0.339785
1781427600,262454.0,262999.0,262019.0,262997.0,1.320244
1781431200,262998.0,262998.0,262186.0,262186.0,0.333672
1781434800,262692.0,262849.0,262024.0,262685.0,0.648771
1781438400,262684.0,262685.0,261889.0,261889.0,0.149003
1781442000,261992.0,261992.0,261525.0,261767.0,0.717585
1781445600,261863.0,261863.0,260000.0,260348.0,1.719013
1781449200,260470.0,260887.0,260470.0,260852.0,0.158105
1781452800,260852.0,260853.0,260548.0,260548.0,0.127352
1781456400,260547.0,260547.0,259802.0,259802.0,0.32731
1781460000,259801.0,259801.0,259599.0,259599.0,0.164164
1781463600,259600.0,259847.0,259600.0,259735.0,0.157114
1781467200,259856.0,260707.0,259806.0,260707.0,0.045532
1781470800,260706.0,266000.0,260705.0,265742.0,1.14056
1781474400,265743.0,266000.0,264119.0,265825.0,0.655198
1781478000,265824.0,266936.0,265502.0,266936.0,1.102386
1781481600,266928.0,267707.0,265952.0,266001.0,2.15506
1781485200,266000.0,266555.0,265503.0,265948.0,1.699845
1781488800,265948.0,267049.0,265672.0,265672.0,0.911349
1781492400,265673.0,267843.0,265673.0,267711.0,0.674286
1781496000,267711.0,267711.0,266650.0,266650.0,0.686905
1781499600,266650.0,267356.0,266589.0,267355.0,0.394582
1781503200,267356.0,267851.0,267338.0,267399.0,0.553701
1781506800,267399.0,267904.0,266737.0,266738.0,1.315631
1781510400,266722.0,266999.0,266500.0,266548.0,2.349664
1781514000,266500.0,266962.0,266208.0,266315.0,0.26479
1781517600,266314.0,266856.0,266236.0,266835.0,0.357729
1781521200,266834.0,268798.0,266834.0,268690.0,0.556002
1781524800,268708.0,270000.0,268560.0,270000.0,1.520009
1781528400,270000.0,271587.0,269909.0,270001.0,3.310427
1781532000,270002.0,270998.0,269751.0,270506.0,1.335159
1781535600,270506.0,273399.0,270505.0,273399.0,1.197272
1781539200,273393.0,273407.0,272995.0,273230.0,0.940962
1781542800,272995.0,272995.0,271406.0,271696.0,0.473325
1781546400,271665.0,271999.0,271500.0,271601.0,0.283946
1781550000,271600.0,271741.0,270151.0,270560.0,0.175055
1781553600,270560.0,270854.0,270560.0,270560.0,0.092279
1781557200,270560.0,270560.0,270000.0,270000.0,0.081958
1781560800,270001.0,270174.0,269004.0,269252.0,0.637037
1781564400,269171.0,269654.0,269100.0,269654.0,0.265459
1781568000,269594.0,269930.0,269422.0,269501.0,0.488863
1781571600,269501.0,270176.0,269432.0,269975.0,0.638407
1781575200,269976.0,270119.0,267777.0,267777.0,1.249316
1781578800,267777.0,269390.0,267552.0,269252.0,1.16995
1781582400,269251.0,269662.0,268120.0,268341.0,0.570867
1781586000,268255.0,271999.0,268254.0,269269.0,1.980936
1781589600,269268.0,270999.0,269268.0,270715.0,0.481429
1781593200,270984.0,270984.0,270600.0,270603.0,0.298272
1781596800,270603.0,272803.0,270573.0,272803.0,1.072038
1781600400,272802.0,272802.0,271251.0,271251.0,1.080212
1781604000,271251.0,271911.0,271167.0,271320.0,0.490137
1781607600,271320.0,271677.0,271000.0,271052.0,0.77771
1781611200,271022.0,271999.0,271000.0,271001.0,0.453389
1781614800,271001.0,271001.0,269254.0,269784.0,1.09415
1781618400,269704.0,270366.0,267017.0,267792.0,1.413896
1781622000,267824.0,269211.0,267793.0,269064.0,1.010779
1781625600,269060.0,269078.0,268108.0,268175.0,0.482646
1781629200,268133.0,269051.0,268001.0,268800.0,0.219392
1781632800,268928.0,269733.0,268191.0,268319.0,0.545356
1781636400,268052.0,268054.0,267500.0,267500.0,0.047812
1781640000,267502.0,268417.0,267502.0,268397.0,0.04915
1781643600,268433.0,268663.0,267501.0,268072.0,0.021022
1781647200,268046.0,268603.0,267748.0,268073.0,0.160909
1781650800,268301.0,268351.0,267600.0,267951.0,0.435825
1781654400,267934.0,268540.0,267852.0,268020.0,0.307404
1781658000,268019.0,268698.0,267172.0,268698.0,0.758019
1781661600,268699.0,269373.0,268340.0,268715.0,0.40227
1781665200,268715.0,268779.0,268001.0,268412.0,0.671403
1781668800,268412.0,269173.0,268002.0,268702.0,0.462091
1781672400,268702.0,269088.0,268142.0,268680.0,0.365404
1781676000,268681.0,268777.0,267764.0,267775.0,0.483237
1781679600,267776.0,267979.0,266666.0,267015.0,0.58135
1781683200,267012.0,267015.0,265000.0,265001.0,1.382911
1781686800,265000.0,265425.0,264928.0,265001.0,0.626221
1781690400,265001.0,265169.0,264724.0,264801.0,0.235408
1781694000,264801.0,264801.0,263881.0,264665.0,0.577245
1781697600,264129.0,265396.0,264016.0,265381.0,0.459394
1781701200,265380.0,266540.0,265001.0,266301.0,0.643638
1781704800,265977.0,266991.0,264552.0,265983.0,0.340426
1781708400,265983.0,268025.0,265299.0,267796.0,0.607141
1781712000,268314.0,270701.0,268176.0,268656.0,0.986724
1781715600,268560.0,269286.0,268544.0,269191.0,0.291659
1781719200,269276.0,269276.0,264584.0,266824.0,0.614256
1781722800,267679.0,267679.0,261780.0,261817.0,1.924192
1781726400,262057.0,262940.0,262056.0,262906.0,0.029532
1781730000,262724.0,262946.0,262246.0,262246.0,0.069826
1781733600,262221.0,262879.0,261500.0,262522.0,0.3704
1781737200,262522.0,264001.0,262500.0,263253.0,4.658332
1781740800,263752.0,264733.0,263403.0,264002.0,0.439048
1781744400,264001.0,265236.0,264001.0,264085.0,0.955331
1781748000,264085.0,265197.0,264084.0,264898.0,0.533076
1781751600,264860.0,264860.0,264000.0,264001.0,0.396384
1781755200,264000.0,264001.0,262004.0,262167.0,1.371823
1781758800,262165.0,262698.0,262000.0,262698.0,0.441756
1781762400,262584.0,263245.0,262264.0,263184.0,0.623297
1781766000,263078.0,264884.0,263040.0,264858.0,0.824206
1781769600,264857.0,265987.0,264782.0,264804.0,1.811539
1781773200,264804.0,265499.0,264091.0,265006.0,0.629621
1781776800,264722.0,264739.0,263621.0,264614.0,0.462643
1781780400,264200.0,264898.0,263642.0,263958.0,0.162848
1781784000,263978.0,265656.0,263883.0,265573.0,0.302915
1781787600,265590.0,265656.0,263801.0,263801.0,0.447603
1781791200,263832.0,264499.0,262567.0,263516.0,0.8201
1781794800,263094.0,263094.0,258000.0,258001.0,1.903347
1781798400,258000.0,259277.0,258000.0,259010.0,1.189669
1781802000,259009.0,259009.0,257695.0,258570.0,0.597261
1781805600,258572.0,259657.0,258572.0,258938.0,0.211707
1781809200,258902.0,259869.0,258688.0,259857.0,0.057236
1781812800,259858.0,260500.0,259858.0,260286.0,0.035503
1781816400,260322.0,260322.0,259480.0,259791.0,0.094388
1781820000,259591.0,259715.0,259266.0,259366.0,0.096349
1781823600,259349.0,259469.0,259283.0,259469.0,0.929748
1781827200,259469.0,259872.0,259287.0,259825.0,0.299714
1781830800,259825.0,259826.0,259503.0,259640.0,0.443467
1781834400,259641.0,259824.0,259532.0,259744.0,0.23174
1781838000,259743.0,259745.0,258001.0,259404.0,1.768133
1781841600,259213.0,259830.0,258618.0,258619.0,0.509229
1781845200,258619.0,259499.0,258618.0,259499.0,0.313613
1781848800,259498.0,260730.0,259498.0,260701.0,0.656203
1781852400,260701.0,261003.0,259018.0,259766.0,1.535359
1781856000,259844.0,259999.0,259671.0,259712.0,0.419847
1781859600,259687.0,259687.0,258577.0,258578.0,0.276182
1781863200,258578.0,259300.0,258577.0,259300.0,0.363002
1781866800,259299.0,259607.0,259076.0,259539.0,0.473095
1781870400,259539.0,260399.0,258768.0,260218.0,0.321557
1781874000,260218.0,262541.0,260115.0,262012.0,0.643899
1781877600,261979.0,262549.0,261230.0,261930.0,0.624301
1781881200,261575.0,262251.0,261253.0,262144.0,0.100558
1781884800,262144.0,262794.0,261561.0,261587.0,0.388083
1781888400,261588.0,262033.0,260816.0,262025.0,0.114228
1781892000,262081.0,262081.0,261232.0,261278.0,0.034691
1781895600,261526.0,261526.0,261084.0,261297.0,0.188227
1781899200,261388.0,262166.0,261388.0,262166.0,0.025924
1781902800,262062.0,262212.0,261534.0,261534.0,0.020348
1781906400,261476.0,262555.0,261375.0,262387.0,0.431697
1781910000,262541.0,263398.0,262274.0,263340.0,0.388124
1781913600,263400.0,263733.0,263011.0,263453.0,0.19913
1781917200,263326.0,263656.0,262955.0,263447.0,0.472292
1781920800,263363.0,263439.0,262658.0,262659.0,0.21609
1781924400,262565.0,263201.0,262565.0,262979.0,0.099002
1781928000,263106.0,263615.0,262889.0,263395.0,0.167396
1781931600,263550.0,270399.0,263373.0,264100.0,8.928581
1781935200,264100.0,264355.0,264069.0,264355.0,0.291009
1781938800,264355.0,264739.0,264249.0,264525.0,0.320362
1781942400,264525.0,264525.0,263071.0,263391.0,0.774236
1781946000,263353.0,264599.0,263353.0,264534.0,0.215818
1781949600,264486.0,264566.0,264003.0,264153.0,0.134674
1781953200,264345.0,264624.0,264100.0,264298.0,0.111833
1781956800,264299.0,264661.0,264001.0,264011.0,0.39544
1781960400,264011.0,264105.0,263149.0,263484.0,0.287612
1781964000,263484.0,266000.0,263000.0,265506.0,0.440495
1781967600,265408.0,267292.0,265401.0,266090.0,0.567626
1781971200,266318.0,266318.0,265409.0,265747.0,0.140281
1781974800,265602.0,265784.0,265038.0,265166.0,0.143863
1781978400,265409.0,265410.0,265027.0,265128.0,0.076456
1781982000,265128.0,265509.0,265128.0,265505.0,0.19723
1781985600,265521.0,265529.0,265201.0,265362.0,0.009658
1781989200,265430.0,267596.0,265371.0,265975.0,0.015114
1781992800,265654.0,266998.0,265614.0,266826.0,0.291103
1781996400,266693.0,266767.0,266643.0,266766.0,0.309735
1782000000,266767.0,266992.0,266736.0,266992.0,0.435439
1782003600,266876.0,266998.0,266625.0,266789.0,0.186054
1782007200,266740.0,266834.0,266608.0,266789.0,0.109911
1782010800,266789.0,267504.0,266766.0,267445.0,0.343632
1782014400,267445.0,267985.0,266786.0,266892.0,0.239275
1782018000,266892.0,267243.0,266767.0,266954.0,0.165153
1782021600,266954.0,267200.0,266494.0,267131.0,0.242509
1782025200,267130.0,267131.0,266472.0,266554.0,0.478054
1782028800,266655.0,266655.0,265567.0,265897.0,0.115213
1782032400,265889.0,266500.0,265637.0,266500.0,0.602255
1782036000,266500.0,267000.0,266500.0,266999.0,0.079786
1782039600,267128.0,267497.0,266498.0,266498.0,0.602557
1782043200,266397.0,266617.0,265570.0,266557.0,0.257319
1782046800,266470.0,266470.0,266000.0,266264.0,0.315582
1782050400,266265.0,266265.0,265863.0,265967.0,0.177663
1782054000,265966.0,266825.0,265966.0,266501.0,0.342513
1782057600,266500.0,266501.0,266013.0,266223.0,0.251134
1782061200,266203.0,266373.0,265850.0,266016.0,0.149475
1782064800,266016.0,266018.0,265501.0,266018.0,0.04942
1782068400,266018.0,266325.0,266018.0,266210.0,0.058573
1782072000,266211.0,266372.0,264235.0,264869.0,0.048413
1782075600,264793.0,264992.0,263657.0,264638.0,0.03754
1782079200,264250.0,264926.0,263743.0,264025.0,0.356543
1782082800,264025.0,264027.0,262505.0,262507.0,0.826701
1782086400,262527.0,265319.0,262527.0,265191.0,0.742227
1782090000,264521.0,267900.0,264521.0,267484.0,1.761141
1782093600,267769.0,267769.0,266402.0,266402.0,0.551157
1782097200,266228.0,267074.0,264762.0,265267.0,0.680736
1782100800,265065.0,265955.0,264378.0,265706.0,0.961956
1782104400,265765.0,266432.0,265764.0,266260.0,0.222869
1782108000,266357.0,266381.0,265389.0,265650.0,0.257056
1782111600,266015.0,267023.0,265613.0,266434.0,0.413867
1782115200,266569.0,267064.0,265746.0,266400.0,0.366821
1782118800,266117.0,266479.0,266000.0,266243.0,0.384417
1782122400,266239.0,266479.0,265966.0,266210.0,0.117481
1782126000,266204.0,268499.0,266038.0,268413.0,1.108618
1782129600,268500.0,270696.0,268500.0,270345.0,1.450136
1782133200,270345.0,271999.0,270001.0,271999.0,1.193647
1782136800,271999.0,271999.0,269710.0,269998.0,0.655204
1782140400,269998.0,270554.0,269219.0,269219.0,0.896972
1782144000,269220.0,269220.0,268625.0,269195.0,0.224793
1782147600,269117.0,269176.0,268003.0,268743.0,0.202831
1782151200,268743.0,268952.0,268000.0,268000.0,0.305944
1782154800,267791.0,268084.0,267676.0,268084.0,0.085088
1782158400,268117.0,268328.0,267928.0,268013.0,0.024656
1782162000,268030.0,268030.0,267301.0,267335.0,0.095361
1782165600,267335.0,267645.0,265709.0,265983.0,0.324202
1782169200,265983.0,266000.0,265982.0,266000.0,0.225877
1782172800,266000.0,266752.0,266000.0,266640.0,0.112508
1782176400,266640.0,266944.0,265302.0,266140.0,1.032749
1782180000,266140.0,266655.0,266139.0,266468.0,0.607513
1782183600,266472.0,266472.0,265723.0,265974.0,0.274442
1782187200,265974.0,265989.0,264703.0,264703.0,0.266778
1782190800,264704.0,264758.0,263534.0,263534.0,1.460951
1782194400,263534.0,263534.0,260505.0,261807.0,1.351997
1782198000,261735.0,262230.0,261706.0,261860.0,0.497528
1782201600,261860.0,261860.0,258373.0,259848.0,1.634539
1782205200,259849.0,260112.0,259796.0,259796.0,0.892206
1782208800,259797.0,260023.0,259253.0,259474.0,0.823098
1782212400,259474.0,260521.0,259474.0,260231.0,0.524578
1782216000,260231.0,260231.0,259252.0,259252.0,0.556974
1782219600,259253.0,260075.0,258203.0,260075.0,1.073536
1782223200,260075.0,261525.0,260031.0,260050.0,0.680802
1782226800,260031.0,260031.0,259076.0,259674.0,0.995098
1782230400,259770.0,261024.0,259684.0,260045.0,0.506078
1782234000,260016.0,260284.0,259506.0,259506.0,0.100508
1782237600,259506.0,259506.0,258601.0,258601.0,0.264949
1782241200,258602.0,259370.0,258602.0,259122.0,0.094913
1782244800,259122.0,259628.0,259122.0,259182.0,0.027799
1782248400,259182.0,260000.0,259182.0,259999.0,0.138392
1782252000,259999.0,260272.0,259796.0,259796.0,0.117019
1782255600,259557.0,260283.0,259557.0,260283.0,0.153097
1782259200,260283.0,261566.0,260282.0,261314.0,0.413133
1782262800,261314.0,261620.0,260735.0,261184.0,0.648881
1782266400,261189.0,261189.0,260274.0,260509.0,0.387513
1782270000,260508.0,260792.0,259687.0,260573.0,0.501981
1782273600,260573.0,260573.0,259750.0,260531.0,0.388879
1782277200,260531.0,261323.0,260366.0,260985.0,0.284548
1782280800,261019.0,261019.0,260643.0,260645.0,0.403442
1782284400,260646.0,260829.0,260366.0,260366.0,0.389766
1782288000,260366.0,260478.0,260000.0,260478.0,0.897249
1782291600,260477.0,260625.0,260151.0,260215.0,0.225561
1782295200,260215.0,260215.0,259564.0,259564.0,0.499166
1782298800,259551.0,262078.0,259122.0,261535.0,0.346
1782302400,261535.0,261535.0,260262.0,260262.0,0.518734
1782306000,260262.0,260262.0,255555.0,255556.0,2.79765
1782309600,255556.0,255556.0,254000.0,254001.0,2.391915
1782313200,254001.0,254169.0,251339.0,251339.0,1.823929
1782316800,251493.0,252255.0,250000.0,250001.0,4.954418
1782320400,250001.0,250983.0,247218.0,247824.0,5.219189
1782324000,247824.0,249994.0,247801.0,249580.0,1.455939
1782327600,249285.0,250000.0,248751.0,250000.0,0.578726
1782331200,250037.0,255003.0,249651.0,254363.0,0.367727
1782334800,254643.0,254999.0,253415.0,254997.0,0.239225
1782338400,255000.0,255236.0,254014.0,254036.0,0.748125
1782342000,254126.0,255155.0,254036.0,255018.0,0.554221
1782345600,255018.0,255233.0,253327.0,253327.0,1.076243
1782349200,253323.0,260500.0,252545.0,252545.0,5.277073
1782352800,252545.0,252545.0,251479.0,251823.0,0.741606
1782356400,251823.0,251899.0,251500.0,251899.0,0.456225
1782360000,251899.0,253702.0,251500.0,253702.0,0.787578
1782363600,253701.0,256500.0,253619.0,254614.0,0.630166
1782367200,254655.0,255374.0,254601.0,255240.0,0.685517
1782370800,255089.0,255985.0,255015.0,255826.0,0.442546
1782374400,255821.0,255880.0,255210.0,255236.0,1.536131
1782378000,255225.0,255546.0,255212.0,255373.0,0.442282
1782381600,255373.0,255373.0,253810.0,253915.0,0.700357
1782385200,253914.0,254206.0,253003.0,253469.0,0.548512
1782388800,253470.0,255005.0,253004.0,253408.0,0.872825
1782392400,253598.0,253789.0,243477.0,243477.0,10.305946
1782396000,243477.0,252691.0,243282.0,247405.0,4.878889
1782399600,247409.0,247798.0,245301.0,247577.0,2.513006
1782403200,247577.0,249672.0,245603.0,245784.0,0.631022
1782406800,246087.0,247802.0,245312.0,247429.0,0.35263
1782410400,247502.0,247653.0,246279.0,246804.0,0.295592
1782414000,246564.0,246564.0,245501.0,245781.0,0.335396
1782417600,245650.0,247090.0,245650.0,245904.0,0.029259
1782421200,246038.0,249126.0,246038.0,249126.0,0.893677
1782424800,248715.0,248725.0,247138.0,247528.0,0.652283
1782428400,247590.0,248795.0,247393.0,247393.0,1.747151
1782432000,247394.0,247597.0,246749.0,246762.0,1.659793
1782435600,246761.0,246761.0,244266.0,244936.0,4.124889
1782439200,245160.0,245160.0,242101.0,242125.0,6.153784
1782442800,242120.0,247609.0,242007.0,247471.0,3.624386
1782446400,247709.0,247999.0,246990.0,247117.0,1.641394
1782450000,247125.0,247565.0,246751.0,247318.0,0.61466
1782453600,247309.0,249226.0,246690.0,248408.0,1.619901
1782457200,248408.0,249791.0,248222.0,249262.0,0.809684
1782460800,249261.0,249261.0,247504.0,247504.0,0.573389
1782464400,247502.0,247502.0,245025.0,245590.0,1.10919
1782468000,245590.0,245893.0,244002.0,244002.0,0.729311
1782471600,244001.0,245107.0,244001.0,244378.0,0.493665
1782475200,244416.0,246306.0,243020.0,244014.0,0.918342
1782478800,244001.0,247923.0,242000.0,247847.0,2.118487
1782482400,247996.0,247996.0,245333.0,245662.0,1.242476
1782486000,245334.0,248987.0,245334.0,248201.0,1.015588
1782489600,248407.0,249391.0,247016.0,247126.0,0.777075
1782493200,247198.0,247974.0,246742.0,246978.0,0.549346
1782496800,246989.0,247422.0,245333.0,245370.0,0.121675
1782500400,245506.0,247138.0,245506.0,246101.0,0.159527
1782504000,246333.0,246365.0,245392.0,245721.0,0.086909
1782507600,245670.0,246857.0,245518.0,246567.0,0.090678
1782511200,246396.0,246991.0,246072.0,246991.0,0.587007
1782514800,246933.0,247217.0,246637.0,247217.0,0.35678
1782518400,247217.0,247375.0,246394.0,247040.0,0.677344
1782522000,246981.0,247072.0,246619.0,246671.0,0.595729
1782525600,246563.0,248187.0,246563.0,248047.0,0.318965
1782529200,247840.0,248295.0,247676.0,247967.0,0.436592
1782532800,248052.0,248582.0,247642.0,247642.0,0.727585
1782536400,247642.0,247922.0,247347.0,247597.0,0.233622
1782540000,247604.0,248453.0,247263.0,248122.0,0.390621
1782543600,248122.0,248903.0,247827.0,248820.0,0.317202
1782547200,248819.0,248820.0,248156.0,248485.0,0.439936
1782550800,248473.0,248473.0,248004.0,248190.0,0.1758
1782554400,248191.0,248483.0,248191.0,248337.0,0.251553
1782558000,248337.0,248338.0,247400.0,248095.0,0.305515
1782561600,247979.0,248252.0,247716.0,248231.0,0.318971
1782565200,248259.0,248999.0,248145.0,248718.0,0.73758
1782568800,248719.0,248999.0,248568.0,248998.0,0.454766
1782572400,248998.0,249880.0,248915.0,249801.0,0.235457
1782576000,249801.0,249801.0,249500.0,249568.0,0.253096
1782579600,249520.0,249520.0,248696.0,248982.0,0.472822
1782583200,248741.0,248891.0,248543.0,248875.0,0.06863
1782586800,248890.0,248999.0,247140.0,247229.0,0.592108
1782590400,247540.0,247792.0,247540.0,247719.0,0.022622
1782594000,247825.0,248418.0,247310.0,247342.0,0.170374
1782597600,247139.0,247542.0,246202.0,247541.0,0.214255
1782601200,247542.0,247735.0,246501.0,246770.0,0.164719
1782604800,246770.0,247349.0,246770.0,247292.0,0.302479
1782608400,247292.0,247686.0,246770.0,247542.0,0.51735
1782612000,247541.0,247705.0,247002.0,247037.0,0.372285
1782615600,247037.0,247550.0,247036.0,247147.0,0.607149
1782619200,247056.0,247339.0,247056.0,247064.0,0.087
1782622800,247064.0,247064.0,245900.0,246347.0,0.448852
1782626400,246443.0,246537.0,245253.0,246443.0,0.881216
1782630000,246743.0,247514.0,246743.0,247311.0,0.307764
1782633600,247310.0,248346.0,247310.0,248341.0,0.33859
1782637200,248341.0,248341.0,247802.0,247802.0,0.112223
1782640800,247800.0,247800.0,246901.0,246902.0,0.331051
1782644400,246902.0,247731.0,246902.0,247578.0,0.588863
1782648000,247586.0,247803.0,247018.0,247368.0,0.279098
1782651600,247359.0,247359.0,246080.0,246485.0,0.299549
1782655200,246470.0,246993.0,246470.0,246502.0,0.544141
1782658800,246502.0,247968.0,245597.0,245598.0,1.088002
1782662400,245598.0,245928.0,245000.0,245009.0,0.6218
1782666000,245009.0,245516.0,244323.0,244747.0,1.986828
1782669600,244657.0,244996.0,244410.0,244659.0,0.050023
1782673200,244729.0,244985.0,243807.0,244108.0,0.251642
1782676800,244310.0,245184.0,244308.0,245012.0,0.038276
1782680400,245008.0,245160.0,243807.0,243902.0,0.021991
1782684000,244199.0,245827.0,242409.0,242609.0,0.78532
1782687600,242599.0,245587.0,242598.0,245001.0,0.219611
1782691200,245000.0,245128.0,242599.0,243985.0,1.310002
1782694800,243986.0,243991.0,242001.0,243015.0,0.769011
1782698400,243001.0,243494.0,241677.0,243494.0,2.602849
1782702000,243701.0,245224.0,243701.0,244564.0,1.68008
1782705600,244725.0,244725.0,244000.0,244014.0,0.24437
1782709200,244014.0,244554.0,242506.0,244554.0,0.884952
1782712800,244996.0,245758.0,244617.0,244767.0,0.665771
1782716400,244739.0,245102.0,244312.0,244613.0,0.458573
1782720000,244588.0,244677.0,244011.0,244012.0,1.757848
1782723600,244011.0,244580.0,244006.0,244580.0,0.359166
1782727200,244580.0,245656.0,244580.0,245120.0,0.266929
1782730800,245121.0,245121.0,243677.0,244065.0,0.388344
1782734400,244224.0,247396.0,243253.0,243994.0,0.700263
1782738000,243995.0,245491.0,242000.0,242474.0,0.907137
1782741600,242475.0,243178.0,241015.0,243057.0,2.053225
1782745200,243058.0,244200.0,241457.0,244026.0,1.261187
1782748800,244026.0,244200.0,243340.0,244199.0,0.303481
1782752400,244199.0,246888.0,244199.0,246371.0,0.853721
1782756000,246034.0,246364.0,244928.0,245361.0,0.353844
1782759600,245027.0,245954.0,244752.0,245743.0,0.275432
1782763200,245957.0,245965.0,245415.0,245416.0,0.048571
1782766800,245415.0,245999.0,245326.0,245999.0,0.230064
1782770400,246000.0,246076.0,245696.0,245747.0,0.210825
1782774000,245747.0,245747.0,245056.0,245101.0,0.480079
1782777600,245102.0,245102.0,243200.0,243492.0,0.397234
1782781200,243457.0,243793.0,243003.0,243566.0,0.97711
1782784800,243566.0,244396.0,243156.0,244017.0,0.931988
1782788400,244016.0,244017.0,243156.0,243156.0,0.345889
1782792000,243156.0,243444.0,242556.0,242760.0,0.808133
1782795600,242760.0,243359.0,242528.0,243357.0,0.504195
1782799200,243358.0,243388.0,243033.0,243113.0,0.77897
1782802800,243118.0,243309.0,243000.0,243082.0,1.139975
1782806400,243074.0,243594.0,242255.0,242467.0,1.266113
1782810000,242467.0,242710.0,242467.0,242708.0,0.7419
1782813600,242709.0,242996.0,242709.0,242996.0,0.621567
1782817200,242995.0,242998.0,242641.0,242641.0,0.745493
1782820800,242642.0,242642.0,240011.0,240012.0,3.109259
1782824400,240011.0,240631.0,239265.0,240499.0,7.699236
1782828000,240491.0,242795.0,239900.0,239901.0,1.96115
1782831600,239901.0,240747.0,239000.0,239568.0,1.620492
1782835200,239567.0,240210.0,239014.0,239915.0,1.778936
1782838800,239682.0,240177.0,239318.0,239476.0,0.378728
1782842400,239479.0,240422.0,239422.0,240422.0,0.156959
1782846000,240460.0,241001.0,240219.0,241001.0,0.403035
1782849600,241002.0,241285.0,240613.0,240775.0,0.100897
1782853200,240918.0,240918.0,240179.0,240435.0,0.313287
1782856800,240436.0,240816.0,240150.0,240356.0,0.419777
1782860400,240356.0,240486.0,240355.0,240486.0,0.46824
1782864000,240486.0,240488.0,239418.0,239868.0,1.681955
1782867600,239873.0,241599.0,237351.0,241343.0,3.611956
1782871200,241342.0,242499.0,241105.0,242381.0,1.094173
1782874800,242380.0,242910.0,241731.0,242830.0,1.191287
1782878400,242430.0,243522.0,242368.0,243301.0,0.960928
1782882000,243299.0,243307.0,242888.0,242889.0,0.789479
1782885600,242888.0,242888.0,240598.0,240890.0,0.352841
1782889200,240890.0,241137.0,240630.0,240904.0,0.53223
1782892800,240904.0,241595.0,240500.0,241595.0,1.552453
1782896400,241596.0,242002.0,241596.0,241745.0,0.20374
1782900000,241745.0,241745.0,240704.0,240749.0,0.5976
1782903600,240705.0,240810.0,240437.0,240438.0,0.918979
1782907200,240438.0,240438.0,239900.0,240002.0,0.767806
1782910800,240022.0,243977.0,240022.0,243903.0,0.958932
1782914400,243846.0,245976.0,243389.0,244509.0,1.27974
1782918000,244509.0,247662.0,244508.0,246642.0,1.000877
1782921600,246620.0,246770.0,245518.0,245688.0,0.279084
1782925200,245625.0,246572.0,245500.0,246569.0,0.059223
1782928800,246568.0,246568.0,246043.0,246343.0,0.113884
1782932400,246345.0,246543.0,245753.0,245757.0,0.094162
1782936000,245757.0,246142.0,245501.0,246142.0,0.084635
1782939600,246142.0,248706.0,246142.0,248705.0,0.371144
1782943200,248706.0,250399.0,247275.0,247503.0,1.065666
1782946800,247406.0,247406.0,245773.0,246015.0,0.600486
1782950400,246015.0,246015.0,244510.0,244616.0,0.360664
1782954000,244687.0,246711.0,244687.0,246073.0,0.570528
1782957600,246216.0,247225.0,245993.0,247225.0,0.288481
1782961200,247224.0,249231.0,246823.0,249231.0,0.790086
1782964800,249232.0,249251.0,248149.0,248444.0,0.509968
1782968400,248300.0,248474.0,247364.0,247364.0,0.473749
1782972000,247308.0,247845.0,246800.0,246801.0,0.547771
1782975600,246800.0,246801.0,245556.0,245556.0,0.807564
1782979200,245555.0,246734.0,245555.0,246600.0,0.332564
1782982800,246599.0,250000.0,246599.0,249993.0,2.000858
1782986400,249311.0,250000.0,249039.0,249933.0,1.123375
1782990000,249933.0,249999.0,248494.0,249855.0,1.061818
1782993600,249925.0,250946.0,249520.0,250905.0,1.235928
1782997200,250958.0,252755.0,250958.0,252520.0,1.256822
1783000800,252527.0,253326.0,250409.0,251439.0,1.836646
1783004400,251543.0,251725.0,250817.0,251237.0,0.432923
1783008000,251373.0,251687.0,249501.0,251431.0,0.328474
1783011600,251381.0,251725.0,251355.0,251371.0,3.119022
1783015200,251364.0,251725.0,251364.0,251725.0,0.15315
1783018800,251717.0,251717.0,250859.0,250859.0,0.18247
1783022400,250459.0,250735.0,250109.0,250588.0,0.04518
1783026000,250588.0,250844.0,250541.0,250724.0,0.03576
1783029600,250737.0,250738.0,250427.0,250429.0,0.2022
1783033200,250190.0,250439.0,250082.0,250439.0,0.159741
1783036800,250439.0,250439.0,249798.0,249864.0,0.596754
1783040400,249865.0,250931.0,249858.0,250930.0,0.760015
1783044000,250931.0,250931.0,249857.0,249967.0,0.700117
1783047600,249967.0,250481.0,249730.0,250158.0,0.560355
1783051200,250158.0,250195.0,249837.0,250103.0,0.485888
1783054800,250103.0,250970.0,250100.0,250878.0,1.022677
1783058400,250878.0,251391.0,250877.0,251033.0,0.914871
1783062000,251033.0,251496.0,251033.0,251496.0,0.518106
1783065600,251496.0,251670.0,250949.0,251392.0,1.117503
1783069200,251186.0,251464.0,250949.0,251445.0,0.25532
1783072800,251444.0,252475.0,251444.0,252474.0,0.442495
1783076400,252474.0,252590.0,252106.0,252590.0,0.345936
1783080000,252589.0,253005.0,252500.0,252500.0,0.872097
1783083600,252515.0,253199.0,252505.0,252962.0,0.373127
1783087200,252875.0,253311.0,251809.0,253301.0,0.829543
1783090800,253202.0,253685.0,252047.0,252099.0,0.415727
1783094400,252099.0,252790.0,252098.0,252745.0,0.318353
1783098000,252795.0,253500.0,252733.0,253500.0,0.055951
1783101600,253499.0,253500.0,252733.0,253006.0,0.06776
1783105200,253007.0,253246.0,253006.0,253245.0,0.065962
1783108800,253246.0,255000.0,253245.0,254999.0,0.893845
1783112400,255000.0,255000.0,254560.0,255000.0,1.040227
1783116000,255000.0,255000.0,254556.0,254557.0,0.193073
1783119600,254557.0,254761.0,254556.0,254557.0,0.20408
1783123200,254557.0,255209.0,254556.0,255148.0,0.341968
1783126800,254980.0,254980.0,254071.0,254206.0,0.348623
1783130400,254303.0,254744.0,254202.0,254337.0,0.153136
1783134000,254413.0,255000.0,254285.0,254876.0,0.555676
1783137600,254956.0,255065.0,254824.0,255065.0,0.220079
1783141200,255065.0,255065.0,254441.0,254530.0,0.358549
1783144800,254531.0,254704.0,254155.0,254483.0,0.347389
1783148400,254483.0,255032.0,254482.0,254749.0,0.285264
1783152000,254749.0,255009.0,254749.0,254870.0,0.157432
1783155600,254869.0,254869.0,254347.0,254348.0,0.363352
1783159200,254347.0,254465.0,254347.0,254465.0,0.160445
1783162800,254465.0,254654.0,254464.0,254566.0,0.061058
1783166400,254565.0,255000.0,254565.0,255000.0,0.133609
1783170000,255000.0,255000.0,254900.0,254998.0,0.15335
1783173600,254997.0,255122.0,254997.0,255048.0,0.403426
1783177200,255120.0,255997.0,255120.0,255997.0,1.22618
1783180800,255997.0,256000.0,255434.0,256000.0,0.402964
1783184400,255999.0,257885.0,255727.0,257358.0,0.838952
1783188000,257358.0,257877.0,257015.0,257016.0,0.148503
1783191600,257015.0,257885.0,257015.0,257734.0,0.164865
1783195200,257734.0,257885.0,257272.0,257381.0,0.03751
1783198800,257381.0,257934.0,257381.0,257626.0,0.020181
1783202400,257626.0,257626.0,257505.0,257505.0,0.04637
1783206000,257506.0,257506.0,256536.0,257058.0,0.072214
1783209600,257058.0,257171.0,256501.0,256501.0,0.562296
1783213200,256501.0,256502.0,256001.0,256092.0,0.29529
1783216800,256228.0,256228.0,255155.0,255361.0,0.800491
1783220400,255391.0,255715.0,255391.0,255626.0,0.850245
1783224000,255625.0,256308.0,255526.0,256124.0,0.241947
1783227600,256123.0,256123.0,255542.0,255682.0,0.306226
1783231200,255568.0,255942.0,255526.0,255807.0,0.787504
1783234800,255807.0,256813.0,255555.0,256813.0,0.751126
1783238400,256813.0,256955.0,256628.0,256635.0,0.180995
1783242000,256635.0,256635.0,255125.0,255347.0,0.552652
1783245600,255148.0,255723.0,255126.0,255708.0,0.089384
1783249200,255755.0,255820.0,255181.0,255435.0,0.143943
1783252800,255435.0,255777.0,255202.0,255656.0,0.788574
1783256400,255658.0,255951.0,255465.0,255718.0,0.25981
1783260000,255718.0,255718.0,255452.0,255456.0,0.160756
1783263600,255717.0,256416.0,255511.0,255646.0,0.386267
1783267200,255646.0,255733.0,255646.0,255646.0,0.478007
1783270800,255646.0,255648.0,255646.0,255646.0,0.110628
1783274400,255647.0,256066.0,255646.0,256012.0,0.036061
1783278000,256012.0,256249.0,255826.0,255841.0,0.041103
1783281600,255882.0,255882.0,255685.0,255694.0,0.014019
1783285200,255671.0,257089.0,255658.0,257089.0,0.09802
1783288800,257299.0,259815.0,256917.0,259001.0,0.773317
1783292400,259099.0,260257.0,259012.0,259014.0,0.641046
1783296000,259014.0,259458.0,258496.0,259417.0,0.836392
1783299600,259418.0,259857.0,258859.0,258860.0,0.486232
1783303200,258860.0,259015.0,258230.0,258231.0,0.415522
1783306800,258231.0,258233.0,257156.0,257679.0,0.636734
1783310400,257678.0,258016.0,257678.0,257764.0,0.47645
1783314000,257764.0,257764.0,256865.0,257178.0,0.519369
1783317600,257286.0,257286.0,256852.0,256853.0,0.307302
1783321200,256852.0,257197.0,256557.0,257197.0,0.515634
1783324800,257197.0,257617.0,256561.0,256561.0,0.400597
1783328400,256561.0,256562.0,255657.0,255679.0,0.294237
1783332000,255681.0,256868.0,255681.0,256313.0,0.395125
1783335600,256542.0,256771.0,255646.0,255646.0,0.712765
1783339200,255557.0,255557.0,252101.0,252461.0,1.801138
1783342800,252108.0,253323.0,251000.0,252683.0,1.574739
1783346400,252619.0,254958.0,252615.0,253606.0,0.568042
1783350000,253619.0,259490.0,253619.0,259490.0,0.634054
1783353600,259496.0,260257.0,258487.0,260121.0,1.359784
1783357200,260121.0,260500.0,259970.0,259970.0,0.475512
1783360800,259970.0,260500.0,259970.0,260284.0,0.361159
1783364400,260166.0,260500.0,260124.0,260480.0,0.105292
1783368000,260108.0,260479.0,259960.0,260479.0,0.531593
1783371600,260479.0,263000.0,260478.0,263000.0,0.713607
1783375200,262999.0,263000.0,262025.0,262100.0,0.413336
1783378800,262226.0,262531.0,261361.0,261362.0,0.443018
1783382400,261362.0,262216.0,261362.0,262156.0,0.713447
1783386000,262155.0,262155.0,260844.0,260844.0,1.094966
1783389600,260845.0,260845.0,259001.0,259001.0,0.483053
1783393200,259001.0,259049.0,258038.0,258346.0,0.659314
1783396800,258347.0,258668.0,256688.0,257995.0,0.81563
1783400400,257983.0,258455.0,256883.0,258333.0,0.622759
1783404000,258333.0,258997.0,257904.0,258865.0,0.185356
1783407600,258866.0,258975.0,258001.0,258001.0,0.33795
1783411200,258002.0,258028.0,257592.0,257676.0,0.456829
1783414800,257675.0,258412.0,257675.0,258274.0,0.267838
1783418400,258274.0,258879.0,258274.0,258559.0,0.658223
1783422000,258558.0,258827.0,257893.0,258827.0,1.004659
1783425600,258827.0,260400.0,258827.0,259119.0,0.873719
1783429200,259120.0,259120.0,257556.0,257600.0,1.148942
1783432800,257577.0,259342.0,256471.0,259342.0,0.920952
1783436400,259518.0,261500.0,259006.0,260909.0,0.252843
1783440000,261047.0,262000.0,260566.0,261439.0,0.68047
1783443600,261435.0,262000.0,261145.0,262000.0,0.312741
1783447200,262000.0,262000.0,260355.0,260355.0,0.163183
1783450800,260285.0,260570.0,259157.0,260570.0,0.165066
1783454400,260698.0,260698.0,259798.0,259799.0,0.058565
1783458000,260339.0,260622.0,259041.0,259041.0,0.062982
1783461600,259001.0,259907.0,258635.0,259901.0,0.197259
1783465200,259900.0,260151.0,259178.0,259179.0,0.274498
1783468800,259179.0,260506.0,259058.0,260207.0,0.238804
1783472400,260071.0,260236.0,257657.0,257916.0,0.226593
1783476000,257727.0,257810.0,256143.0,257634.0,0.484246
1783479600,257634.0,257917.0,256744.0,256745.0,0.587185
1783483200,256689.0,257118.0,256351.0,256881.0,0.262613
1783486800,256881.0,256882.0,256000.0,256000.0,0.410131
1783490400,256001.0,256194.0,255670.0,256014.0,0.807568
1783494000,255940.0,256788.0,255705.0,256683.0,0.747309
1783497600,256639.0,256735.0,253005.0,253323.0,0.789917
1783501200,253324.0,253968.0,252627.0,253633.0,0.831224
1783504800,253510.0,254090.0,251574.0,254090.0,0.555084
1783508400,253991.0,254727.0,253651.0,254653.0,0.311927
1783512000,254652.0,254890.0,253502.0,253503.0,0.212179
1783515600,253502.0,253766.0,251866.0,253191.0,0.531745
1783519200,253471.0,253999.0,252521.0,252638.0,0.814523
1783522800,252637.0,252940.0,252058.0,252320.0,0.524806
1783526400,252459.0,253999.0,252366.0,253999.0,0.220691
1783530000,253940.0,254960.0,253815.0,254016.0,0.061884
1783533600,254016.0,254813.0,254009.0,254197.0,0.054551
1783537200,254513.0,254525.0,254005.0,254431.0,0.083571
1783540800,254448.0,254493.0,254251.0,254251.0,0.016923
1783544400,254250.0,254443.0,253674.0,254245.0,0.065926
1783548000,254255.0,254671.0,254110.0,254671.0,0.316579
1783551600,254671.0,254764.0,254655.0,254734.0,0.132274
1783555200,254735.0,254735.0,253788.0,253843.0,0.338303
1783558800,253989.0,255810.0,253118.0,253118.0,0.665518
1783562400,253119.0,253795.0,252376.0,252656.0,0.433342
1783566000,252656.0,253740.0,252610.0,253560.0,0.185018
1783569600,253552.0,255152.0,253552.0,255151.0,0.174255
1783573200,255152.0,255909.0,254579.0,255650.0,0.345622
1783576800,255669.0,256957.0,255669.0,256957.0,0.373486
1783580400,257000.0,257983.0,256956.0,257375.0,0.536501
1783584000,257375.0,257375.0,256951.0,256952.0,0.446186
1783587600,256951.0,257082.0,256662.0,257082.0,0.148606
1783591200,257082.0,257090.0,256086.0,256402.0,0.626001
1783594800,256262.0,256541.0,255612.0,256060.0,0.23342
1783598400,256060.0,256826.0,255494.0,256053.0,0.573796
1783602000,256088.0,257941.0,255963.0,257497.0,0.356975
1783605600,257497.0,257748.0,256304.0,257746.0,0.609012
1783609200,257742.0,258299.0,257383.0,257394.0,0.33908
1783612800,257486.0,257597.0,256551.0,256555.0,0.21394
1783616400,256730.0,258250.0,256701.0,258220.0,0.088129
1783620000,258250.0,259440.0,258250.0,258782.0,0.233319
1783623600,258783.0,258900.0,258630.0,258885.0,0.083329
1783627200,258874.0,258874.0,258556.0,258867.0,0.086144
1783630800,258921.0,258921.0,258578.0,258579.0,0.26202
1783634400,258699.0,259174.0,258612.0,258617.0,0.178186
1783638000,258617.0,258965.0,258400.0,258839.0,0.110029
1783641600,258838.0,258838.0,257770.0,257821.0,0.191477
1783645200,257821.0,260534.0,257300.0,259878.0,0.858923
1783648800,260162.0,260283.0,259336.0,260281.0,1.177157
1783652400,260281.0,260281.0,259614.0,259925.0,0.587836
1783656000,259927.0,261000.0,259927.0,260999.0,0.654384
1783659600,260996.0,261000.0,260418.0,260743.0,0.649128
1783663200,260765.0,260783.0,259812.0,259825.0,0.229476
1783666800,259953.0,260507.0,259719.0,260467.0,0.320542
1783670400,260376.0,261853.0,260376.0,261331.0,0.974977
1783674000,261330.0,261998.0,261109.0,261925.0,0.502707
1783677600,261925.0,262000.0,261529.0,261992.0,0.878621
1783681200,262000.0,262000.0,261883.0,261998.0,0.683126
1783684800,261999.0,262500.0,261998.0,262053.0,0.525987
1783688400,262053.0,262936.0,261326.0,262574.0,0.937908
1783692000,262460.0,262521.0,260399.0,260528.0,1.013938
1783695600,260527.0,261188.0,260527.0,260862.0,0.216644
1783699200,260862.0,261187.0,260558.0,261050.0,0.258726
1783702800,261187.0,261188.0,259999.0,260256.0,0.936234
1783706400,260276.0,260576.0,260119.0,260119.0,0.061051
1783710000,259974.0,260960.0,259868.0,260396.0,0.06778
1783713600,260236.0,260236.0,259719.0,259989.0,0.078361
1783717200,259924.0,260453.0,259924.0,260435.0,0.025551
1783720800,260513.0,260912.0,260325.0,260912.0,0.451486
1783724400,260912.0,261282.0,260683.0,261281.0,0.135248
1783728000,261280.0,261284.0,261278.0,261284.0,0.06624
1783731600,261283.0,261760.0,260889.0,261080.0,0.23851
1783735200,261080.0,261080.0,261079.0,261080.0,0.090997
1783738800,261080.0,261534.0,261079.0,261512.0,0.362968
1783742400,261410.0,261516.0,261206.0,261316.0,0.183804
1783746000,261315.0,261600.0,260589.0,261506.0,0.816492
1783749600,261260.0,261793.0,261260.0,261638.0,0.298531
1783753200,261638.0,261747.0,261545.0,261672.0,0.199783
1783756800,261671.0,261792.0,261671.0,261792.0,0.165009
1783760400,261792.0,261794.0,261675.0,261681.0,0.186633
1783764000,261682.0,261794.0,261681.0,261794.0,0.200057
1783767600,261794.0,261800.0,261794.0,261799.0,0.188964
1783771200,261799.0,261800.0,261739.0,261740.0,0.125994
1783774800,261740.0,261773.0,261740.0,261773.0,0.202908
1783778400,261773.0,262732.0,261772.0,262707.0,0.415396
1783782000,262706.0,262717.0,261183.0,261471.0,0.512753
1783785600,261685.0,261751.0,261435.0,261611.0,0.133607
1783789200,261610.0,262166.0,261610.0,262000.0,0.058297
1783792800,261909.0,262155.0,261850.0,261850.0,0.018081
1783796400,261948.0,262108.0,261757.0,261757.0,0.008227
1783800000,261919.0,262265.0,261919.0,262181.0,0.017404
1783803600,262181.0,262233.0,262086.0,262086.0,0.208705
1783807200,262029.0,262226.0,261546.0,261546.0,0.113001
1783810800,261546.0,261656.0,260552.0,260627.0,0.227028
1783814400,260626.0,260626.0,260001.0,260012.0,0.638584
1783818000,260012.0,260624.0,260012.0,260624.0,0.778202
1783821600,260624.0,260998.0,260623.0,260962.0,0.222607
1783825200,260907.0,261000.0,260885.0,261000.0,0.144741
1783828800,261000.0,261261.0,260460.0,260486.0,0.198713
1783832400,260462.0,260619.0,260432.0,260526.0,0.180246
1783836000,260527.0,260527.0,259500.0,259855.0,0.177339
1783839600,259865.0,260311.0,259864.0,260260.0,0.29253
1783843200,260451.0,260988.0,260433.0,260622.0,0.120704
1783846800,260622.0,260785.0,260242.0,260661.0,0.189556
1783850400,260630.0,260630.0,260297.0,260346.0,0.125035
1783854000,260347.0,260922.0,260293.0,260921.0,0.272064
1783857600,260869.0,261097.0,260869.0,261001.0,0.107606
1783861200,261001.0,261170.0,261001.0,261011.0,0.323534
1783864800,261011.0,261702.0,260188.0,261675.0,0.801253
1783868400,261554.0,261846.0,261480.0,261585.0,0.115171
1783872000,261586.0,261616.0,261199.0,261597.0,0.092522
1783875600,261596.0,261596.0,261328.0,261434.0,0.047631
1783879200,261220.0,261357.0,261100.0,261357.0,0.015376
1783882800,261356.0,261547.0,261356.0,261433.0,0.017018
1783886400,261433.0,261593.0,261409.0,261593.0,0.010147
1783890000,261520.0,261612.0,260358.0,260358.0,0.041655
1783893600,260223.0,260324.0,259925.0,260324.0,0.448254
1783897200,260323.0,260497.0,259905.0,259995.0,0.210042
1783900800,259934.0,262060.0,259600.0,261105.0,0.455275
1783904400,261105.0,261105.0,259327.0,259327.0,0.901634
1783908000,259063.0,259133.0,258501.0,258680.0,0.736978
1783911600,258619.0,258658.0,256600.0,256602.0,0.56571
1783915200,256601.0,256938.0,256324.0,256324.0,0.359987
1783918800,256217.0,256680.0,255794.0,256455.0,0.35899
1783922400,256633.0,256807.0,256455.0,256708.0,0.231708
1783926000,256708.0,257465.0,256707.0,257322.0,0.694296
1783929600,257322.0,258015.0,257215.0,258005.0,0.555446
1783933200,257973.0,258042.0,257702.0,257806.0,0.903646
1783936800,257806.0,257994.0,257403.0,257403.0,0.440678
1783940400,257101.0,257866.0,257101.0,257186.0,0.530333
1783944000,257186.0,257290.0,256111.0,256112.0,0.18823
1783947600,256112.0,256369.0,254555.0,254856.0,0.837863
1783951200,254787.0,256001.0,254398.0,256000.0,0.979097
1783954800,256205.0,256814.0,256008.0,256009.0,0.174182
1783958400,256008.0,256008.0,254577.0,254691.0,0.330975
1783962000,254690.0,254775.0,253588.0,253588.0,0.85162
1783965600,253502.0,253752.0,253174.0,253752.0,0.203064
1783969200,253752.0,254334.0,253751.0,254334.0,0.097454
1783972800,254335.0,254495.0,253998.0,254018.0,0.037857
1783976400,254226.0,254226.0,253401.0,253861.0,0.061445
1783980000,253861.0,254236.0,253424.0,253424.0,0.212398
1783983600,253424.0,254657.0,253424.0,254657.0,0.363
1783987200,254658.0,255523.0,254656.0,255522.0,0.312377
1783990800,255523.0,255548.0,255318.0,255526.0,0.215783
1783994400,255526.0,255883.0,255169.0,255776.0,0.732907
1783998000,255776.0,255816.0,255126.0,255538.0,0.4638
1784001600,255538.0,256300.0,255538.0,256299.0,0.353316
1784005200,256299.0,256880.0,256299.0,256511.0,0.403382
1784008800,256511.0,256511.0,256004.0,256005.0,0.313117
1784012400,256044.0,256074.0,255952.0,255953.0,0.244697
1784016000,255953.0,256355.0,255824.0,256336.0,0.363118
1784019600,256336.0,256336.0,255825.0,255835.0,0.334425
1784023200,255834.0,256767.0,255834.0,256767.0,0.137353
1784026800,256659.0,256982.0,256290.0,256881.0,0.272853
1784030400,256881.0,260826.0,256547.0,260826.0,1.010534
1784034000,260994.0,261500.0,260197.0,260653.0,1.880648
1784037600,260700.0,262038.0,260065.0,262038.0,1.187285
1784041200,262119.0,264484.0,262119.0,263999.0,2.760468
1784044800,263999.0,264494.0,263738.0,264243.0,0.208103
1784048400,264185.0,264186.0,263001.0,263299.0,0.409212
1784052000,263299.0,263299.0,263049.0,263285.0,0.075844
1784055600,263285.0,263286.0,263285.0,263285.0,0.085965
1784059200,263285.0,263286.0,263049.0,263241.0,0.099185
1784062800,263241.0,264000.0,263240.0,263630.0,0.337407
1784066400,263629.0,264898.0,263269.0,264789.0,0.668621
1784070000,264788.0,264906.0,264519.0,264906.0,0.286502
1784073600,264906.0,264906.0,263849.0,264102.0,1.261233
1784077200,264102.0,264102.0,263333.0,263334.0,0.626972
1784080800,263334.0,263455.0,262000.0,262582.0,0.569327
1784084400,262690.0,263567.0,262549.0,263512.0,0.447123
1784088000,263512.0,263660.0,263511.0,263582.0,0.476994
1784091600,263582.0,263599.0,263069.0,263599.0,0.920002
1784095200,263600.0,264990.0,263600.0,263971.0,1.238249
1784098800,263970.0,263970.0,262807.0,262809.0,1.048615
1784102400,262809.0,263589.0,262809.0,263589.0,0.248884
1784106000,263589.0,263999.0,263441.0,263442.0,0.632264
1784109600,263442.0,263990.0,263441.0,263517.0,0.385676
1784113200,263516.0,263903.0,263516.0,263903.0,0.391361
1784116800,263903.0,265430.0,263713.0,265430.0,1.403383
1784120400,265431.0,266567.0,265000.0,265133.0,2.234806
1784124000,265433.0,266666.0,265433.0,266344.0,1.43241
1784127600,266200.0,266665.0,266199.0,266549.0,0.774396
1784131200,266550.0,266550.0,264283.0,265257.0,0.683679
1784134800,265258.0,265395.0,264811.0,265103.0,0.310364
1784138400,264936.0,265165.0,264884.0,264884.0,0.034591
1784142000,264378.0,264667.0,264136.0,264543.0,0.042655
1784145600,264622.0,264984.0,264583.0,264681.0,0.120057
1784149200,264599.0,264817.0,264090.0,264091.0,0.1468
1784152800,264082.0,264149.0,264005.0,264055.0,0.151909
1784156400,264056.0,264056.0,263907.0,263908.0,0.488183
1784160000,263908.0,263908.0,263001.0,263153.0,0.272797
1784163600,263152.0,264048.0,262581.0,264019.0,0.936259
1784167200,264020.0,264020.0,263258.0,263339.0,0.485376
1784170800,263340.0,263566.0,263251.0,263262.0,0.256409
1784174400,263262.0,263288.0,263261.0,263288.0,0.134908
1784178000,263288.0,264484.0,263287.0,264460.0,0.399848
1784181600,264461.0,264461.0,263355.0,263872.0,0.298854
1784185200,263871.0,263872.0,261501.0,261882.0,0.956073
1784188800,261882.0,262336.0,260840.0,261383.0,0.331396
1784192400,261382.0,261651.0,261219.0,261307.0,0.364942
1784196000,261374.0,261931.0,261371.0,261824.0,0.112452
1784199600,261824.0,262282.0,261824.0,262282.0,0.075497
1784203200,262377.0,262377.0,261001.0,261283.0,0.321349
1784206800,261283.0,263109.0,261283.0,262798.0,0.531476
1784210400,262798.0,264674.0,262742.0,263542.0,0.566747
1784214000,263617.0,264836.0,262904.0,264299.0,0.480592
1784217600,264092.0,264117.0,263207.0,263583.0,0.262692
1784221200,263375.0,263375.0,262000.0,262001.0,0.188132
1784224800,262001.0,262740.0,262000.0,262632.0,0.120257
1784228400,262692.0,262692.0,262418.0,262489.0,0.065575
1784232000,262528.0,262528.0,261990.0,261990.0,0.060408
1784235600,261969.0,262336.0,261965.0,261965.0,0.089656
1784239200,262232.0,262232.0,261500.0,261500.0,0.145551
1784242800,261501.0,261502.0,260900.0,261028.0,0.699208
1784246400,261027.0,261280.0,260521.0,261236.0,0.354419
1784250000,261489.0,261819.0,260011.0,260012.0,0.561384
1784253600,260012.0,260335.0,259464.0,259735.0,0.761517
1784257200,259791.0,260551.0,259791.0,260169.0,0.339823
1784260800,260044.0,260044.0,259268.0,259751.0,0.332141
1784264400,259712.0,259712.0,257582.0,257583.0,0.984352
1784268000,257583.0,257583.0,256834.0,257519.0,0.941453
1784271600,257519.0,257583.0,257382.0,257570.0,0.890652
1784275200,257569.0,257569.0,256933.0,257499.0,0.357596
1784278800,257500.0,258435.0,257500.0,258344.0,0.479832
1784282400,258343.0,258632.0,258271.0,258630.0,0.519262
1784286000,258629.0,259910.0,258629.0,259679.0,1.712645
1784289600,259594.0,259885.0,259215.0,259216.0,0.205976
1784293200,259216.0,259217.0,257501.0,259216.0,0.810708
1784296800,259217.0,260715.0,259217.0,260002.0,1.019762
1784300400,260001.0,260443.0,256235.0,260443.0,2.563276
1784304000,260443.0,261530.0,260443.0,261301.0,0.119557
1784307600,261448.0,263520.0,261230.0,262936.0,2.924344
1784311200,262861.0,263481.0,262513.0,263332.0,0.241738
1784314800,263306.0,263448.0,262638.0,262842.0,0.052589
1784318400,262524.0,262843.0,262513.0,262843.0,0.08344
1784322000,262795.0,262824.0,262780.0,262781.0,0.028436
1784325600,262781.0,262781.0,261922.0,262018.0,0.174865
1784329200,262012.0,262074.0,261782.0,261871.0,0.028559
1784332800,261945.0,262074.0,261829.0,261830.0,0.31774
1784336400,261830.0,262171.0,261829.0,262070.0,0.247783
1784340000,262077.0,262078.0,261762.0,261925.0,0.148439
1784343600,261925.0,261927.0,261925.0,261926.0,0.224743
1784347200,261926.0,275000.0,261926.0,263784.0,16.598168
1784350800,263785.0,263785.0,263121.0,263196.0,0.462302
1784354400,263197.0,263299.0,263196.0,263249.0,0.278993
1784358000,263250.0,263347.0,263249.0,263347.0,0.320858
1784361600,263337.0,263358.0,263306.0,263323.0,0.228438
1784365200,263323.0,263486.0,263322.0,263486.0,0.754238
1784368800,263470.0,263470.0,263467.0,263468.0,0.591629
1784372400,263468.0,263470.0,263468.0,263470.0,0.296356
1784376000,263470.0,264350.0,263469.0,264349.0,0.503574
1784379600,264308.0,264309.0,263493.0,263986.0,0.999062
1784383200,263986.0,264205.0,263985.0,264169.0,0.848954
1784386800,264169.0,264169.0,263981.0,263981.0,0.093837
1784390400,263982.0,264751.0,263981.0,264751.0,0.169646
1784394000,264751.0,265000.0,264738.0,265000.0,0.539139
1784397600,265000.0,266457.0,265000.0,265583.0,0.769538
1784401200,265823.0,266020.0,265759.0,265861.0,0.134144
1784404800,266012.0,266401.0,265862.0,266246.0,0.593333
1784408400,266384.0,266665.0,266231.0,266537.0,0.424103
1784412000,266558.0,266921.0,266558.0,266920.0,0.238975
1784415600,266909.0,267021.0,266596.0,266917.0,0.074789
1784419200,267001.0,267204.0,266739.0,266802.0,0.071915
1784422800,266803.0,266803.0,266726.0,266726.0,0.358515
1784426400,266727.0,267394.0,266700.0,266862.0,0.515813
1784430000,266752.0,266752.0,266234.0,266246.0,0.36772
1784433600,266246.0,266266.0,266232.0,266266.0,0.088091
1784437200,266268.0,266604.0,266267.0,266378.0,0.391899
1784440800,266378.0,266415.0,266288.0,266298.0,0.175795
1784444400,266297.0,266298.0,266296.0,266296.0,0.398732
1784448000,266297.0,266298.0,265980.0,266298.0,0.326584
1784451600,266298.0,266298.0,265500.0,265502.0,0.598966
1784455200,265502.0,266103.0,265501.0,265840.0,0.214254
1784458800,265839.0,265839.0,265501.0,265524.0,0.204623
1784462400,265524.0,265524.0,264576.0,264999.0,0.476352
1784466000,264999.0,265001.0,264667.0,265001.0,0.183181
1784469600,265001.0,265548.0,264500.0,265140.0,1.34034
1784473200,265375.0,265375.0,264434.0,265275.0,0.493413
1784476800,265275.0,265366.0,264888.0,265026.0,0.224372
1784480400,265102.0,265561.0,264307.0,265075.0,0.171348
1784484000,265075.0,265075.0,264000.0,264002.0,0.196446
1784487600,264002.0,264324.0,264000.0,264305.0,0.03944
1784491200,264351.0,264397.0,264322.0,264367.0,0.067168
1784494800,264405.0,264407.0,264000.0,264001.0,0.074541
1784498400,264001.0,267000.0,264001.0,266000.0,4.030918
1784502000,266001.0,266476.0,265531.0,265663.0,0.932921
1784505600,265663.0,266904.0,264409.0,264876.0,0.201414
1784509200,264876.0,266365.0,264697.0,265165.0,0.299024
1784512800,265674.0,266324.0,265100.0,266248.0,0.460991
1784516400,266248.0,266248.0,265301.0,265922.0,0.815836
1784520000,265973.0,265973.0,265253.0,265253.0,0.259112
1784523600,265250.0,265250.0,263308.0,263314.0,0.757106
1784527200,263314.0,263439.0,262066.0,262238.0,0.903897
1784530800,262239.0,263419.0,262238.0,263419.0,0.585542
1784534400,263419.0,263529.0,262057.0,262361.0,0.72143
1784538000,262492.0,263402.0,262492.0,263351.0,0.801081
1784541600,263351.0,263826.0,263163.0,263826.0,0.35134
1784545200,263821.0,266671.0,263786.0,266671.0,0.274008
1784548800,266520.0,266520.0,265021.0,265178.0,1.95725
1784552400,265299.0,265499.0,263574.0,263574.0,0.58184
1784556000,263575.0,264603.0,263000.0,263805.0,0.500379
1784559600,264132.0,268822.0,264132.0,268451.0,0.803991
1784563200,268800.0,268800.0,267821.0,268041.0,0.25713
1784566800,268048.0,268049.0,267822.0,268048.0,0.313119
1784570400,268049.0,268888.0,267312.0,267312.0,0.146396
1784574000,267312.0,267312.0,266457.0,266547.0,0.137899
1784577600,266421.0,267550.0,266421.0,267550.0,0.184422
1784581200,267418.0,267801.0,267107.0,267171.0,0.307264
1784584800,267257.0,267257.0,266600.0,266683.0,0.078046
1784588400,266683.0,267176.0,266683.0,267030.0,0.352681
1784592000,266866.0,268103.0,266627.0,268102.0,1.122316
1784595600,268102.0,268189.0,267012.0,267019.0,0.445136
1784599200,267019.0,267660.0,266757.0,267425.0,0.588759
1784602800,267425.0,268339.0,267391.0,268042.0,1.023327
1784606400,268042.0,268473.0,267917.0,268000.0,0.301313
1784610000,267999.0,268621.0,267770.0,268473.0,0.366851
1784613600,268500.0,270001.0,268500.0,269465.0,3.003987
1784617200,269440.0,271394.0,269440.0,271039.0,2.457063
1784620800,271008.0,271399.0,271000.0,271003.0,1.755908
1784624400,271003.0,271140.0,271000.0,271139.0,0.850104
1784628000,271139.0,271374.0,270664.0,270664.0,0.710826
1784631600,270638.0,270894.0,270608.0,270893.0,0.328657
1784635200,270867.0,271691.0,270735.0,271602.0,0.543667
1784638800,271611.0,272000.0,271038.0,272000.0,1.384433
1784642400,272000.0,272860.0,271999.0,272847.0,4.481317
1784646000,272671.0,272671.0,272000.0,272209.0,0.551918
1784649600,272093.0,272305.0,271601.0,271920.0,0.115721
1784653200,271714.0,271726.0,270317.0,270359.0,0.152232
1784656800,270217.0,270828.0,270217.0,270686.0,0.085531
1784660400,270686.0,271177.0,270685.0,271102.0,0.144066
1784664000,271095.0,271252.0,270972.0,271112.0,0.15754
1784667600,270773.0,271033.0,270644.0,270867.0,0.393558
1784671200,270848.0,270848.0,270302.0,270566.0,0.214243
1784674800,270566.0,271466.0,270380.0,271466.0,0.17185
1784678400,271466.0,272053.0,271466.0,271856.0,0.204289
1784682000,271857.0,271857.0,271000.0,271143.0,0.409639
1784685600,271144.0,271177.0,270822.0,270928.0,0.207268
1784689200,270929.0,270986.0,270501.0,270501.0,0.572568
1784692800,270501.0,271080.0,270500.0,271044.0,0.505244
1784696400,271046.0,271046.0,270000.0,270001.0,0.389047
1784700000,270001.0,270001.0,269868.0,269883.0,0.341674
1784703600,269998.0,269998.0,269108.0,269366.0,0.443387
1784707200,269365.0,270355.0,269365.0,269849.0,1.413811
1784710800,269735.0,270178.0,269320.0,269539.0,0.311216
1784714400,269685.0,270043.0,269557.0,269878.0,0.323021
1784718000,269878.0,269878.0,269602.0,269789.0,0.645113
1784721600,269789.0,269789.0,268387.0,268387.0,0.86295
1784725200,268418.0,269596.0,268227.0,269534.0,0.429921
1784728800,269534.0,270337.0,268500.0,268707.0,0.42617
1784732400,268763.0,270151.0,268763.0,270028.0,0.437297
1784736000,270028.0,270899.0,269642.0,270867.0,0.35897
1784739600,270868.0,270868.0,270155.0,270529.0,0.299196
1784743200,270361.0,270361.0,269306.0,269484.0,0.13371
1784746800,269531.0,269686.0,269165.0,269685.0,0.265514
1784750400,269678.0,269678.0,269274.0,269527.0,0.039586
1784754000,269518.0,270058.0,269492.0,269959.0,0.07388
1784757600,269904.0,270003.0,269529.0,270003.0,0.176854
1784761200,269863.0,269987.0,269481.0,269922.0,0.124576
1784764800,270217.0,270678.0,270011.0,270011.0,0.293756
1784768400,270011.0,270225.0,268867.0,268963.0,0.365891
1784772000,268963.0,268964.0,268801.0,268953.0,0.136564
1784775600,268954.0,268954.0,268300.0,268434.0,0.293231
1784779200,268434.0,268544.0,268300.0,268301.0,0.203848
1784782800,268300.0,268698.0,268300.0,268572.0,0.259975
1784786400,268573.0,268855.0,268302.0,268854.0,0.463511
1784790000,268855.0,268855.0,267580.0,267580.0,0.80504
1784793600,267581.0,268492.0,267581.0,268488.0,0.801542
1784797200,268481.0,268802.0,268481.0,268788.0,0.236962
1784800800,268788.0,268860.0,268701.0,268825.0,0.460763
1784804400,268825.0,268825.0,268649.0,268649.0,0.106649
1784808000,268650.0,268650.0,266581.0,266714.0,0.758263
1784811600,266890.0,266890.0,266001.0,266013.0,0.506085
1784815200,266012.0,266858.0,265690.0,265690.0,0.375573
1784818800,265754.0,266202.0,265151.0,266078.0,0.467416
1784822400,266035.0,266035.0,265150.0,265336.0,0.283456
1784826000,265316.0,265610.0,265301.0,265301.0,0.119704
1784829600,265301.0,265822.0,265164.0,265749.0,0.073955
1784833200,265816.0,265822.0,265277.0,265401.0,0.21443
1784836800,265760.0,266885.0,265760.0,266831.0,0.161165
1784840400,266831.0,266886.0,266430.0,266778.0,0.07431
1784844000,266811.0,267043.0,266595.0,266975.0,0.064545
1784847600,266975.0,267138.0,266966.0,267025.0,0.217366
1784851200,267025.0,267026.0,266086.0,266249.0,0.466795
1784854800,266249.0,267328.0,266249.0,267325.0,0.347443
1784858400,267321.0,267405.0,266696.0,267206.0,0.415053
1784862000,267206.0,268416.0,267205.0,268415.0,0.689019
1784865600,268415.0,268416.0,268281.0,268281.0,0.365097
1784869200,268280.0,268281.0,268220.0,268237.0,0.078475
1784872800,268237.0,268781.0,268236.0,268781.0,0.50949
1784876400,268799.0,269680.0,268123.0,268627.0,0.757495
1784880000,268626.0,268657.0,268193.0,268404.0,0.511731
1784883600,268404.0,268404.0,267001.0,267322.0,0.42456
1784887200,267323.0,267418.0,266686.0,266723.0,0.27248
1784890800,266724.0,267224.0,266252.0,267136.0,0.221159
1784894400,267231.0,267356.0,266201.0,266201.0,0.351808
1784898000,266201.0,266201.0,262840.0,263312.0,0.685492
1784901600,263381.0,263551.0,262168.0,262942.0,1.0077
1784905200,262979.0,263931.0,262406.0,263400.0,0.54182
1784908800,263400.0,263527.0,262540.0,262990.0,0.27068
1784912400,262821.0,263576.0,262775.0,263575.0,0.115639
1784916000,263576.0,263822.0,263515.0,263822.0,0.098809
1784919600,263822.0,263960.0,263635.0,263865.0,0.134169
1784923200,263865.0,263865.0,263704.0,263704.0,0.057988
1784926800,263704.0,263704.0,263703.0,263704.0,0.00731
1784930400,263704.0,263853.0,263703.0,263777.0,0.026225
1784934000,263714.0,263767.0,263714.0,263764.0,0.047205
1784937600,263764.0,263764.0,263700.0,263701.0,0.217342
1784941200,263701.0,263701.0,263341.0,263529.0,0.236895
1784944800,263530.0,263530.0,263340.0,263341.0,0.094606
1784948400,263340.0,263442.0,263340.0,263442.0,0.235296
1784952000,263442.0,263811.0,263442.0,263724.0,0.092014
1784955600,263763.0,263823.0,263341.0,263341.0,0.195922
1784959200,263342.0,263342.0,263201.0,263201.0,0.296849
1784962800,263202.0,263202.0,263200.0,263200.0,0.402337
1784966400,263201.0,263201.0,262400.0,262527.0,0.633689
1784970000,262528.0,263064.0,262429.0,263064.0,0.208425
1784973600,263063.0,263259.0,263063.0,263259.0,0.137315
1784977200,263269.0,263455.0,263258.0,263414.0,0.117553
1784980800,263342.0,263660.0,263312.0,263660.0,0.173794
1784984400,263660.0,264000.0,263660.0,263721.0,0.108212
1784988000,263798.0,264077.0,263670.0,264077.0,0.153761
1784991600,264072.0,264260.0,264020.0,264028.0,0.207578
1784995200,264028.0,264064.0,263885.0,264064.0,0.177478
1784998800,264064.0,264381.0,264064.0,264267.0,0.032967
1785002400,264311.0,264853.0,264311.0,264808.0,0.045314
1785006000,264861.0,264861.0,264840.0,264840.0,0.00565
1785009600,264814.0,264814.0,264566.0,264648.0,0.04788
1785013200,264567.0,264706.0,264403.0,264704.0,0.013009
1785016800,264705.0,264863.0,264705.0,264863.0,0.027029
1785020400,264863.0,264875.0,264862.0,264874.0,0.03677
1785024000,264874.0,265287.0,264864.0,265274.0,0.157247
1785027600,265348.0,265348.0,265062.0,265106.0,0.524275
1785031200,265106.0,265228.0,265009.0,265227.0,0.144003
1785034800,265246.0,265320.0,265168.0,265318.0,0.084636
1785038400,265319.0,265319.0,265301.0,265301.0,0.310158
1785042000,265302.0,265302.0,265122.0,265122.0,0.164952
1785045600,265123.0,265123.0,264559.0,265063.0,0.296629
1785049200,265063.0,265063.0,264831.0,264832.0,0.08604
1785052800,264832.0,265091.0,264831.0,265090.0,0.15014
1785056400,265090.0,265312.0,265090.0,265311.0,0.231638
1785060000,265254.0,265320.0,265253.0,265318.0,0.111459
1785063600,265319.0,265319.0,265318.0,265318.0,0.206998
1785067200,265318.0,265756.0,265168.0,265168.0,0.156079
1785070800,265168.0,265377.0,265087.0,265343.0,0.363429
1785074400,265344.0,266000.0,265344.0,265983.0,0.43551
1785078000,265991.0,266000.0,265983.0,266000.0,0.238618
1785081600,266000.0,266459.0,265998.0,266032.0,0.219432
1785085200,265986.0,266181.0,265985.0,265989.0,0.060084
1785088800,265989.0,266179.0,265988.0,266127.0,0.050757
1785092400,266127.0,266127.0,265993.0,265993.0,0.047479
1785096000,265993.0,265994.0,265983.0,265983.0,0.095585
1785099600,265984.0,266222.0,265983.0,266222.0,0.082233
1785103200,266847.0,268000.0,266847.0,267879.0,0.216435
1785106800,267931.0,268000.0,267649.0,267753.0,0.199483
1785110400,267817.0,267817.0,266219.0,266311.0,0.367062
1785114000,266289.0,266535.0,265505.0,266186.0,0.484879
1785117600,266187.0,266266.0,265934.0,266193.0,0.442775
1785121200,266189.0,266758.0,266189.0,266525.0,0.258664
1785124800,266525.0,266878.0,266443.0,266603.0,0.937117
1785128400,266604.0,266999.0,266466.0,266997.0,0.907071
1785132000,266998.0,267898.0,266916.0,266916.0,0.351589
1785135600,266927.0,266961.0,266462.0,266463.0,0.405995
1785139200,266316.0,266408.0,266315.0,266317.0,0.306451
1785142800,266316.0,266458.0,266316.0,266458.0,0.261835
1785146400,266458.0,267000.0,266405.0,266998.0,0.454349
1785150000,266998.0,266999.0,266200.0,266201.0,0.181633
1785153600,266201.0,266300.0,265339.0,266058.0,0.448677
1785157200,266058.0,268000.0,265744.0,266502.0,0.466459
1785160800,266502.0,266947.0,264319.0,264622.0,0.679535
1785164400,264622.0,265093.0,264065.0,264584.0,0.415232
1785168000,264585.0,265804.0,264527.0,265803.0,0.376186
1785171600,265804.0,266239.0,265386.0,266238.0,0.128044
1785175200,266239.0,266239.0,265547.0,265547.0,0.044241
1785178800,265548.0,266359.0,265548.0,266358.0,0.007849
1785182400,266358.0,266358.0,266063.0,266064.0,0.013337
1785186000,266064.0,266064.0,265948.0,265949.0,0.015721
1785189600,265948.0,265948.0,262188.0,262188.0,0.994439
1785193200,262187.0,262301.0,261316.0,261624.0,1.238671
1785196800,261624.0,261801.0,260857.0,260858.0,0.894627
1785200400,260850.0,260850.0,259016.0,259415.0,3.597552
1785204000,259311.0,259533.0,259294.0,259294.0,0.599966
1785207600,259295.0,259881.0,259294.0,259743.0,0.356494
1785211200,259743.0,259947.0,259743.0,259947.0,0.213382
1785214800,259947.0,260747.0,259947.0,260731.0,0.562857
1785218400,260731.0,260904.0,260601.0,260904.0,0.636973
1785222000,260904.0,260996.0,260556.0,260562.0,0.743629
1785225600,260563.0,260563.0,260376.0,260398.0,0.649071
1785229200,260398.0,260712.0,260397.0,260417.0,0.529876
1785232800,260417.0,260708.0,260397.0,260708.0,0.287364
1785236400,260707.0,260974.0,260417.0,260726.0,0.52178
1785240000,260726.0,260962.0,260613.0,260782.0,0.520114
1785243600,260782.0,260928.0,258495.0,259108.0,1.368448
1785247200,259107.0,260752.0,258893.0,260752.0,0.375165
1785250800,260751.0,262374.0,260001.0,261841.0,0.786509
1785254400,261841.0,261841.0,261173.0,261800.0,0.504825
1785258000,261800.0,261905.0,260474.0,260772.0,0.360878
1785261600,260772.0,261154.0,260772.0,260880.0,0.037288
1785265200,260880.0,261167.0,260780.0,260976.0,0.074923
1785268800,260976.0,261496.0,260976.0,261321.0,0.06237
1785272400,261321.0,261636.0,261320.0,261635.0,0.060994
1785276000,261636.0,261636.0,261315.0,261316.0,0.067625
1785279600,261316.0,261573.0,260700.0,261573.0,0.23951
1785283200,261573.0,262037.0,261478.0,261601.0,0.723788
1785286800,261504.0,261686.0,261001.0,261002.0,0.399851
1785290400,261002.0,262140.0,261000.0,261644.0,0.349556
1785294000,261643.0,261644.0,260615.0,260802.0,0.837176
1785297600,260802.0,261164.0,260289.0,261164.0,0.479353
1785301200,261164.0,261643.0,261114.0,261643.0,0.457108
1785304800,261642.0,263340.0,261642.0,263268.0,0.420936
1785308400,263268.0,263387.0,263267.0,263325.0,0.185399
1785312000,263386.0,263697.0,263214.0,263429.0,0.187293
1785315600,263429.0,264613.0,263427.0,264613.0,0.350415
1785319200,264613.0,264613.0,263657.0,263843.0,0.307428
1785322800,263843.0,264320.0,263842.0,264068.0,0.441651
1785326400,264068.0,264068.0,263360.0,263360.0,0.261766
1785330000,263359.0,264769.0,263008.0,264682.0,0.460694
1785333600,264683.0,264812.0,263022.0,263165.0,0.382208
1785337200,263165.0,263165.0,262274.0,262274.0,0.860973
1785340800,262274.0,262467.0,260896.0,261292.0,0.975821
1785344400,261011.0,262812.0,261011.0,262812.0,0.359953
1785348000,262812.0,264253.0,261442.0,263849.0,0.76072
1785351600,263849.0,264036.0,260372.0,260539.0,0.252764
1785355200,260538.0,260575.0,259797.0,260287.0,0.377176
1785358800,260235.0,260902.0,259113.0,260902.0,0.153943
1785362400,261077.0,262188.0,261077.0,261718.0,0.756995
1785366000,261718.0,262088.0,261716.0,261944.0,0.091121
1785369600,261943.0,262126.0,260868.0,260869.0,0.629306
1785373200,260869.0,262988.0,260869.0,262987.0,0.320765
1785376800,262988.0,263172.0,261630.0,262701.0,1.170011
1785380400,262700.0,262945.0,261037.0,262532.0,0.733621
1785384000,262532.0,262532.0,262500.0,262500.0,0.349199
1785387600,262501.0,262501.0,261237.0,261847.0,0.532395
1785391200,261863.0,261902.0,261623.0,261712.0,0.284047
1785394800,261769.0,261900.0,261684.0,261714.0,0.147336
1785398400,261714.0,262752.0,261713.0,262677.0,2.304085
1785402000,262591.0,263909.0,262439.0,263909.0,0.713881
1785405600,263908.0,263909.0,263795.0,263900.0,0.527889
1785409200,263900.0,264500.0,263871.0,264500.0,0.206528
1785412800,264500.0,265000.0,264500.0,265000.0,0.505296
1785416400,265000.0,265658.0,264463.0,265657.0,1.405998
1785420000,265658.0,265658.0,264132.0,264132.0,0.513097
1785423600,264133.0,264859.0,264000.0,264390.0,0.590425
1785427200,264391.0,264843.0,264391.0,264613.0,0.193708
1785430800,264613.0,265380.0,264613.0,264912.0,0.210778
1785434400,264912.0,264912.0,264800.0,264800.0,0.101422
1785438000,264801.0,264892.0,264800.0,264892.0,0.01975
1785441600,264892.0,264892.0,264800.0,264801.0,0.282669
1785445200,264801.0,264801.0,264606.0,264608.0,0.075604
1785448800,264608.0,265380.0,264607.0,264923.0,0.075275
1785452400,264922.0,265496.0,264610.0,264614.0,0.119695
1785456000,264614.0,264894.0,264284.0,264284.0,0.456508
1785459600,264305.0,266660.0,263835.0,263835.0,0.655207
1785463200,263727.0,263829.0,262583.0,262768.0,0.559198
1785466800,262767.0,263396.0,262502.0,263132.0,0.499982
1785470400,263133.0,263375.0,263106.0,263195.0,0.419976
1785474000,263195.0,263536.0,263194.0,263536.0,0.48749
1785477600,263535.0,263776.0,263001.0,263002.0,0.497454
1785481200,263000.0,263001.0,262001.0,262030.0,0.391353
1785484800,262010.0,262010.0,261716.0,261716.0,0.498345
1785488400,261715.0,261716.0,260500.0,261202.0,0.907167
1785492000,261202.0,261804.0,260946.0,261804.0,0.113918
1785495600,261804.0,262077.0,261804.0,261805.0,0.1409
1785499200,261805.0,261805.0,261000.0,261271.0,0.315598
1785502800,261271.0,261606.0,259549.0,259549.0,1.148979
1785506400,259465.0,259465.0,256588.0,257225.0,2.562096
1785510000,257069.0,257413.0,256651.0,257318.0,0.607206
1785513600,257317.0,257992.0,257317.0,257832.0,0.261367
1785517200,257826.0,259490.0,257673.0,259378.0,0.386022
1785520800,259568.0,259568.0,258808.0,259048.0,0.213084
1785524400,259033.0,259060.0,258526.0,258626.0,0.052061
1785528000,258627.0,258627.0,258501.0,258511.0,0.0587
1785531600,258510.0,258633.0,258308.0,258354.0,0.220077
1785535200,258349.0,258632.0,258268.0,258400.0,0.220346
1785538800,258349.0,258593.0,258281.0,258281.0,0.273995
1785542400,258281.0,258610.0,258281.0,258469.0,0.414141
1785546000,258469.0,258469.0,258356.0,258365.0,0.296773
1785549600,258366.0,258949.0,258366.0,258903.0,0.240069
1785553200,258904.0,258904.0,258542.0,258830.0,0.197296
1785556800,258830.0,258830.0,258679.0,258739.0,0.251913
1785560400,258739.0,258948.0,258707.0,258707.0,0.375111
1785564000,258708.0,258869.0,258642.0,258864.0,0.161689
1785567600,258864.0,258974.0,258655.0,258695.0,0.159845
1785571200,258816.0,258999.0,258815.0,258999.0,0.08755
1785574800,258999.0,259108.0,258864.0,258865.0,0.67587
1785578400,258865.0,258865.0,258816.0,258824.0,0.271636
1785582000,258823.0,258928.0,258822.0,258855.0,0.163934
1785585600,258856.0,258922.0,258835.0,258835.0,0.152185
1785589200,258835.0,258835.0,258816.0,258817.0,0.102084
1785592800,258817.0,258817.0,258655.0,258740.0,0.255003
1785596400,258740.0,258740.0,258500.0,258501.0,0.202259
1785600000,258501.0,258501.0,258036.0,258036.0,0.169231
1785603600,258231.0,258231.0,257371.0,257371.0,0.201576
1785607200,257370.0,257370.0,256001.0,256592.0,0.422705
1785610800,256748.0,256839.0,256616.0,256746.0,0.043717
1785614400,256746.0,257025.0,256746.0,257025.0,0.090839
1785618000,257262.0,257539.0,257262.0,257539.0,0.011174
1785621600,257552.0,257662.0,257552.0,257625.0,0.220846
1785625200,257661.0,257661.0,257391.0,257659.0,0.157876
1785628800,257775.0,258069.0,257774.0,257911.0,0.186397
1785632400,257911.0,258488.0,257910.0,258236.0,0.137749
1785636000,258237.0,260330.0,258236.0,260032.0,0.199474
1785639600,260084.0,260306.0,259893.0,260229.0,0.15111
1785643200,260253.0,260399.0,259762.0,260399.0,0.685057
1785646800,260399.0,260399.0,259771.0,259891.0,0.262233
1785650400,259891.0,260105.0,259888.0,260045.0,0.214006
1785654000,260045.0,260125.0,260044.0,260125.0,0.201773
1785657600,260125.0,260125.0,259022.0,259022.0,0.293577
1785661200,259023.0,259354.0,258577.0,259251.0,0.211451
1785664800,259251.0,259251.0,258539.0,258704.0,0.188496
1785668400,258692.0,258733.0,257900.0,257901.0,0.195215
1785672000,258019.0,258576.0,258019.0,258333.0,0.157817
1785675600,258334.0,258334.0,258000.0,258042.0,0.251755
1785679200,258042.0,258079.0,258000.0,258050.0,0.27592
1785682800,258051.0,258079.0,258001.0,258001.0,0.270983
1785686400,258001.0,258328.0,257900.0,257988.0,0.389655
1785690000,258145.0,258708.0,258145.0,258707.0,0.103154
1785693600,258708.0,259255.0,258580.0,258806.0,0.251392
1785697200,258812.0,259042.0,258788.0,259042.0,0.022506
1785700800,259042.0,259205.0,259042.0,259205.0,0.024056
1785704400,259205.0,260000.0,259205.0,259734.0,0.166443
1785708000,260027.0,260071.0,259153.0,259153.0,0.100029
1785711600,259153.0,259500.0,258975.0,259499.0,0.471933
1785715200,259500.0,259500.0,258399.0,258399.0,0.398298
1785718800,258315.0,258392.0,258048.0,258100.0,0.23951
1785722400,258213.0,258275.0,258100.0,258132.0,0.197617
1785726000,258105.0,258106.0,257500.0,257501.0,0.929932
1785729600,257501.0,257501.0,257200.0,257201.0,0.664353
1785733200,257201.0,257201.0,257000.0,257060.0,0.553737
1785736800,257060.0,257100.0,256342.0,256343.0,0.48406
1785740400,256316.0,256599.0,256166.0,256382.0,0.580074
1785744000,256383.0,256427.0,255580.0,256202.0,1.870437
1785747600,256244.0,257337.0,256201.0,257337.0,0.338766
1785751200,257399.0,257399.0,256992.0,257234.0,0.352207
1785754800,257234.0,257395.0,256686.0,256686.0,0.311128
1785758400,256686.0,257399.0,256685.0,257381.0,0.437846
1785762000,257381.0,259691.0,257190.0,259691.0,1.436761
1785765600,259501.0,261500.0,259086.0,261500.0,0.548064
1785769200,261522.0,261998.0,260801.0,260801.0,0.290254
1785772800,260947.0,261302.0,260812.0,261016.0,0.194291
1785776400,260770.0,261470.0,260770.0,261328.0,0.278236
1785780000,261328.0,261461.0,261030.0,261205.0,0.094942
1785783600,261272.0,261460.0,261272.0,261459.0,0.055291
1785787200,261133.0,261373.0,260860.0,260931.0,0.044444
1785790800,260931.0,260931.0,260271.0,260271.0,0.045624
1785794400,260272.0,260316.0,259677.0,259896.0,0.098893
1785798000,259896.0,259898.0,259633.0,259761.0,0.185556
1785801600,259760.0,260000.0,259293.0,259294.0,1.274022
1785805200,259354.0,261096.0,259354.0,261095.0,0.738643
1785808800,261096.0,261489.0,260587.0,261079.0,0.63334
1785812400,261043.0,261043.0,260662.0,260919.0,0.29679
1785816000,260918.0,261989.0,260860.0,261853.0,1.338819
1785819600,261691.0,261692.0,261015.0,261016.0,0.250256
1785823200,261016.0,261016.0,260365.0,260365.0,0.589288
1785826800,260365.0,260366.0,260006.0,260348.0,0.226712
1785830400,260345.0,260347.0,259459.0,259941.0,1.869653
1785834000,259889.0,260075.0,259836.0,260074.0,0.452937
1785837600,260075.0,260962.0,259660.0,260731.0,0.364842
1785841200,260730.0,261221.0,260626.0,261221.0,0.655013
1785844800,261220.0,261741.0,261220.0,261554.0,0.142169
1785848400,261507.0,261998.0,261178.0,261178.0,0.414204
1785852000,261179.0,262616.0,261001.0,262616.0,1.645757
1785855600,262741.0,262932.0,261794.0,262816.0,0.312296
1785859200,262733.0,262733.0,262069.0,262069.0,0.267072
1785862800,262498.0,262876.0,262366.0,262367.0,0.033772
1785866400,262276.0,263820.0,262276.0,263642.0,0.180305
1785870000,263642.0,263743.0,263642.0,263658.0,0.019328
1785873600,263648.0,263898.0,262804.0,263741.0,0.087959
1785877200,263761.0,263761.0,263216.0,263217.0,0.040874
1785880800,263237.0,263482.0,263162.0,263481.0,0.170216
1785884400,263481.0,264266.0,263000.0,263000.0,0.687425
1785888000,263001.0,263076.0,261167.0,262587.0,0.550602
1785891600,262587.0,263399.0,262489.0,263398.0,0.457834
1785895200,263399.0,263871.0,263399.0,263601.0,0.726369
1785898800,263602.0,263707.0,262416.0,262624.0,0.423576
1785902400,262624.0,262706.0,262253.0,262381.0,0.732431
1785906000,262381.0,263470.0,262380.0,263002.0,0.44659
1785909600,263022.0,263022.0,262750.0,262751.0,0.148889
1785913200,262750.0,262750.0,261693.0,262100.0,0.362569
1785916800,262101.0,262699.0,262101.0,262207.0,0.379576
1785920400,262207.0,262490.0,262206.0,262273.0,0.351797
1785924000,262273.0,262584.0,261826.0,261956.0,0.20432
1785927600,261956.0,262101.0,261956.0,262101.0,0.198035
1785931200,262101.0,263794.0,262101.0,263675.0,0.655641
1785934800,263676.0,263677.0,262088.0,263677.0,0.370108
1785938400,263676.0,263968.0,263408.0,263865.0,0.921084
1785942000,263994.0,264500.0,263674.0,263692.0,1.203376
1785945600,263692.0,264549.0,263692.0,264548.0,0.260893
1785949200,264549.0,264845.0,264074.0,264826.0,0.205664
1785952800,264817.0,264945.0,264585.0,264801.0,0.196383
1785956400,264801.0,265000.0,264800.0,265000.0,0.220558
1785960000,265000.0,265399.0,265000.0,265399.0,0.654444
1785963600,265076.0,265076.0,264589.0,264670.0,0.034408
1785967200,264650.0,264650.0,264584.0,264584.0,0.114017
1785970800,264585.0,264585.0,264303.0,264359.0,0.085959
1785974400,264359.0,264438.0,264126.0,264372.0,0.235179
1785978000,264372.0,264373.0,264000.0,264149.0,0.180227
1785981600,264059.0,264255.0,263802.0,264044.0,0.333028
1785985200,264095.0,264221.0,264045.0,264082.0,0.448201
1785988800,264082.0,264500.0,264082.0,264500.0,0.565416
1785992400,264500.0,265595.0,264499.0,265202.0,2.455481
1785996000,265202.0,265229.0,264467.0,264993.0,0.515451
1785999600,264983.0,265179.0,264827.0,265010.0,0.258107
1786003200,265010.0,265180.0,264994.0,265179.0,0.239333
1786006800,265179.0,265180.0,264347.0,264417.0,0.261297
1786010400,264398.0,264398.0,264135.0,264231.0,0.360713
1786014000,264208.0,264256.0,264014.0,264225.0,0.119457
1786017600,264224.0,264224.0,264000.0,264001.0,0.324023
1786021200,264000.0,264027.0,262734.0,263878.0,0.742576
1786024800,263775.0,265000.0,263751.0,264999.0,0.485594
1786028400,265000.0,265500.0,264494.0,264495.0,0.74933
1786032000,264493.0,264494.0,264187.0,264210.0,0.236443
1786035600,264209.0,264449.0,263967.0,263967.0,0.257006
1786039200,263949.0,263949.0,263167.0,263591.0,0.142098
1786042800,263224.0,263380.0,263183.0,263283.0,0.041319
1786046400,263521.0,263558.0,263256.0,263481.0,0.026317
1786050000,263203.0,263380.0,263183.0,263184.0,0.016266
1786053600,263184.0,263184.0,262742.0,262755.0,0.087573
1786057200,262786.0,262790.0,262248.0,262780.0,0.209592
1786060800,262779.0,262940.0,262597.0,262811.0,0.411671
1786064400,262997.0,263348.0,262896.0,263348.0,0.126258
1786068000,263349.0,263556.0,262802.0,263280.0,0.779031
1786071600,263219.0,263219.0,262675.0,262972.0,0.612896
1786075200,262973.0,263105.0,262603.0,262693.0,0.290071
1786078800,262734.0,263018.0,262501.0,262943.0,0.43187
1786082400,262952.0,263159.0,262868.0,262939.0,0.34968
1786086000,262939.0,262939.0,262833.0,262939.0,0.232738
1786089600,262939.0,263998.0,262938.0,263980.0,0.276785
1786093200,263980.0,265365.0,263979.0,264920.0,0.516533
1786096800,264927.0,265185.0,264920.0,265185.0,0.754903
1786100400,265185.0,265998.0,265185.0,265908.0,0.4273
1786104000,265907.0,266600.0,265800.0,266600.0,0.575427
1786107600,266599.0,266736.0,266410.0,266435.0,0.5795
1786111200,266435.0,266499.0,265235.0,265718.0,0.890439
1786114800,265718.0,265895.0,265435.0,265583.0,0.570077
1786118400,265583.0,265831.0,265010.0,265134.0,0.45961
1786122000,265134.0,265134.0,264263.0,264709.0,0.280927
1786125600,264888.0,265083.0,264888.0,265002.0,0.034636
1786129200,265021.0,265592.0,265021.0,265541.0,0.012231
1786132800,265532.0,265581.0,265424.0,265494.0,0.031957
1786136400,265494.0,265600.0,265457.0,265457.0,0.026324
1786140000,265457.0,265533.0,265271.0,265289.0,0.148462
1786143600,265289.0,265359.0,265288.0,265359.0,0.084384
1786147200,265359.0,265429.0,265289.0,265331.0,0.245768
1786150800,265349.0,265514.0,265348.0,265386.0,0.095807
1786154400,265386.0,265530.0,265349.0,265405.0,0.528291
1786158000,265406.0,265680.0,265405.0,265680.0,0.505295
1786161600,265700.0,265749.0,265626.0,265749.0,0.446688
1786165200,265749.0,265796.0,265723.0,265723.0,0.520683
1786168800,265795.0,265990.0,265731.0,265990.0,0.138495
1786172400,265923.0,265993.0,265857.0,265858.0,0.214921
1786176000,265858.0,266000.0,265857.0,266000.0,0.213574
1786179600,266000.0,266196.0,265999.0,266052.0,0.144482
1786183200,266051.0,266197.0,266051.0,266197.0,0.149234
1786186800,266197.0,266197.0,266054.0,266054.0,0.169542
1786190400,266053.0,266054.0,265921.0,265999.0,0.118683
1786194000,265998.0,265999.0,265998.0,265999.0,0.136046
1786197600,265998.0,266355.0,265998.0,266354.0,0.556444
1786201200,266354.0,266355.0,266352.0,266353.0,0.313288
1786204800,266352.0,266400.0,266352.0,266400.0,0.306688
1786208400,266400.0,266450.0,266399.0,266450.0,0.140145
1786212000,266450.0,266494.0,266449.0,266494.0,0.02274
1786215600,266494.0,266494.0,266493.0,266494.0,0.057632
1786219200,266494.0,266495.0,266494.0,266495.0,0.0372
1786222800,266494.0,266495.0,266494.0,266495.0,0.005056
1786226400,266495.0,266495.0,266322.0,266328.0,0.222808
1786230000,266327.0,266328.0,266327.0,266328.0,0.041297
1786233600,266327.0,266402.0,266327.0,266401.0,0.138203
1786237200,266402.0,266451.0,266084.0,266085.0,0.177523
1786240800,266001.0,266001.0,265905.0,265906.0,0.194337
1786244400,265905.0,265905.0,265552.0,265621.0,0.273849
1786248000,265621.0,265621.0,265620.0,265621.0,0.221701
1786251600,265621.0,265621.0,265489.0,265534.0,0.172165
1786255200,265534.0,265651.0,265533.0,265648.0,0.687586
1786258800,265648.0,265648.0,265615.0,265615.0,0.128983
1786262400,265616.0,265907.0,265615.0,265837.0,0.236679
1786266000,265837.0,265837.0,265801.0,265802.0,0.124747
1786269600,265802.0,266000.0,265801.0,266000.0,0.167904
1786273200,266099.0,266228.0,266098.0,266134.0,0.410444
1786276800,266134.0,266134.0,266098.0,266099.0,0.264242
1786280400,266158.0,266999.0,266158.0,266999.0,0.473157
1786284000,266999.0,266999.0,266832.0,266990.0,0.486693
1786287600,266989.0,266999.0,266989.0,266999.0,0.547644
1786291200,266998.0,267000.0,266998.0,266999.0,0.267796
1786294800,266999.0,266999.0,266998.0,266998.0,0.056886
1786298400,266998.0,266999.0,266998.0,266999.0,0.032472
1786302000,266999.0,266999.0,266998.0,266999.0,0.007819
1786305600,266998.0,266999.0,266997.0,266997.0,0.005122
1786309200,266998.0,266998.0,266997.0,266998.0,0.022507
1786312800,266997.0,267499.0,266405.0,266497.0,0.787843
1786316400,266451.0,266567.0,266000.0,266000.0,0.170888
1786320000,266000.0,267059.0,265830.0,265832.0,0.609216
1786323600,265831.0,266792.0,265617.0,266507.0,0.779178
1786327200,266507.0,266507.0,265532.0,266173.0,0.529045
1786330800,266172.0,266173.0,265556.0,265822.0,0.284566
1786334400,265821.0,265822.0,265528.0,265595.0,0.399282
1786338000,265594.0,265760.0,265500.0,265760.0,0.308419
1786341600,265760.0,266250.0,265760.0,266250.0,0.441053
1786345200,266250.0,266448.0,266249.0,266448.0,0.376466
1786348800,266447.0,266448.0,266387.0,266388.0,0.528581
1786352400,266387.0,266388.0,265966.0,265966.0,0.378188
1786356000,265966.0,265966.0,265856.0,265962.0,0.196811
1786359600,265962.0,265999.0,265962.0,265999.0,0.11385
1786363200,265999.0,266497.0,265315.0,265400.0,0.398026
1786366800,265400.0,265400.0,264376.0,264376.0,0.701128
1786370400,264376.0,265200.0,264376.0,265012.0,0.443938
1786374000,265012.0,265012.0,262502.0,263217.0,1.276435
1786377600,263217.0,263564.0,262046.0,262046.0,0.513764
1786381200,262047.0,262047.0,262008.0,262009.0,0.18272
1786384800,262008.0,262152.0,262008.0,262079.0,0.386446
1786388400,262079.0,262310.0,262079.0,262309.0,0.216055
1786392000,262310.0,262664.0,262309.0,262664.0,0.114342
1786395600,262768.0,262768.0,262413.0,262413.0,0.046642
1786399200,262401.0,262401.0,262333.0,262334.0,0.112068
1786402800,262333.0,262334.0,262330.0,262331.0,0.112444
1786406400,262330.0,262331.0,262330.0,262331.0,0.35654
1786410000,262331.0,262331.0,262124.0,262125.0,0.608485
1786413600,262124.0,262126.0,262110.0,262110.0,0.568243
1786417200,262111.0,262618.0,262110.0,262611.0,0.478874
1786420800,262610.0,262611.0,262610.0,262611.0,0.143808
1786424400,262611.0,262611.0,262518.0,262519.0,0.218738
1786428000,262519.0,262519.0,262195.0,262197.0,0.848555
1786431600,262197.0,262197.0,262196.0,262197.0,0.984917
1786435200,262197.0,262197.0,262196.0,262197.0,0.502056
1786438800,262196.0,262612.0,262196.0,262612.0,0.549569
1786442400,262695.0,262956.0,262653.0,262653.0,0.258649
1786446000,263000.0,263205.0,263000.0,263205.0,0.191273
1786449600,263206.0,263396.0,263148.0,263154.0,0.51115
1786453200,263154.0,263162.0,262296.0,262614.0,0.229521
1786456800,262614.0,262974.0,261551.0,261551.0,1.506027
1786460400,261550.0,261608.0,260544.0,260544.0,1.604859
1786464000,260544.0,260747.0,260544.0,260691.0,0.57659
1786467600,260691.0,260974.0,260614.0,260973.0,0.067817
1786471200,260974.0,260975.0,260122.0,260123.0,0.287958
1786474800,260123.0,260212.0,260100.0,260212.0,0.090323
1786478400,260439.0,261143.0,260439.0,261143.0,0.044216
1786482000,261143.0,261240.0,261143.0,261170.0,0.096601
1786485600,261170.0,261282.0,261150.0,261150.0,0.141553
1786489200,261151.0,261151.0,261026.0,261027.0,0.153757
1786492800,261027.0,261093.0,260917.0,261093.0,0.235899
1786496400,261093.0,261595.0,261092.0,261532.0,0.253973
1786500000,261531.0,261608.0,261523.0,261523.0,0.309508
1786503600,261523.0,261524.0,261210.0,261437.0,0.504333
1786507200,261437.0,261454.0,261412.0,261412.0,0.214387
1786510800,261412.0,261448.0,261412.0,261447.0,0.314125
1786514400,261447.0,261447.0,260891.0,260983.0,0.319308
1786518000,260982.0,261189.0,260982.0,261121.0,0.198742
1786521600,261123.0,261356.0,261108.0,261143.0,0.410226
1786525200,261143.0,261962.0,261129.0,261962.0,0.722132
1786528800,261998.0,262146.0,261930.0,262101.0,0.158089
1786532400,262319.0,262366.0,262048.0,262366.0,0.236127
1786536000,262366.0,263134.0,261738.0,262063.0,0.350755
1786539600,262178.0,262178.0,261244.0,261244.0,0.337336
1786543200,261090.0,261110.0,259360.0,259360.0,1.208502
1786546800,259329.0,259923.0,259261.0,259618.0,0.770652
1786550400,259601.0,259699.0,259502.0,259699.0,0.14064
1786554000,259698.0,259902.0,259605.0,259736.0,0.080314
1786557600,259616.0,259750.0,259604.0,259636.0,0.057671
1786561200,259636.0,259636.0,259579.0,259580.0,0.012028
1786564800,259832.0,259980.0,259815.0,259979.0,0.026953
1786568400,259980.0,259980.0,259789.0,259910.0,0.151224
1786572000,259910.0,259910.0,259580.0,259581.0,0.301206
1786575600,259580.0,259581.0,259553.0,259554.0,0.260062
1786579200,259554.0,260453.0,259554.0,260169.0,0.212744
1786582800,260031.0,260258.0,260000.0,260000.0,0.196213
1786586400,260000.0,260184.0,259878.0,260183.0,1.085765
1786590000,260183.0,260500.0,260183.0,260500.0,0.703449
1786593600,260500.0,260500.0,260433.0,260500.0,0.176951
1786597200,260500.0,261534.0,260499.0,261371.0,0.389965
1786600800,261371.0,261468.0,261215.0,261468.0,0.391139
1786604400,261468.0,261515.0,261369.0,261370.0,0.103576
1786608000,261370.0,261520.0,261370.0,261476.0,0.201867
1786611600,261477.0,261477.0,260715.0,260979.0,0.28417
1786615200,260979.0,260979.0,260593.0,260659.0,0.132394
1786618800,260659.0,260660.0,259897.0,259986.0,0.709809
1786622400,259986.0,260506.0,259986.0,260506.0,0.242011
1786626000,260508.0,260998.0,260108.0,260621.0,0.639533
1786629600,260663.0,261441.0,259999.0,261318.0,0.671156
1786633200,261311.0,261490.0,260006.0,260006.0,0.432537
1786636800,260006.0,260006.0,257878.0,258363.0,1.265112
1786640400,258393.0,258990.0,258393.0,258793.0,0.093698
1786644000,258715.0,259302.0,258715.0,259302.0,0.123333
1786647600,259837.0,259837.0,259610.0,259614.0,0.032484
1786651200,259615.0,259668.0,259388.0,259425.0,0.040645
1786654800,259455.0,259824.0,259455.0,259703.0,0.115287
1786658400,259786.0,260289.0,259786.0,260039.0,0.141843
1786662000,260040.0,260040.0,259739.0,259764.0,0.131915
1786665600,259763.0,259783.0,259751.0,259752.0,0.166603
1786669200,259752.0,259999.0,259751.0,259999.0,0.215102
1786672800,259998.0,260343.0,259834.0,259834.0,1.052056
1786676400,259834.0,260105.0,259500.0,259500.0,0.185532
1786680000,259500.0,259704.0,259500.0,259668.0,0.367733
1786683600,259667.0,259667.0,259336.0,259440.0,0.420466
1786687200,259440.0,259440.0,258251.0,258251.0,0.287535
1786690800,258252.0,258332.0,258002.0,258002.0,0.204005
1786694400,258002.0,258002.0,257391.0,257656.0,0.687228
1786698000,257655.0,257656.0,257318.0,257319.0,0.288614
1786701600,257318.0,257763.0,257318.0,257680.0,0.274583
1786705200,257680.0,257830.0,257679.0,257767.0,0.200838
1786708800,257766.0,257767.0,257601.0,257601.0,0.218691
1786712400,257601.0,257601.0,257060.0,257127.0,0.428734
1786716000,257127.0,257434.0,256869.0,256870.0,0.781677
1786719600,256998.0,258631.0,256998.0,258493.0,0.421024
1786723200,258444.0,259006.0,258381.0,259005.0,0.040029
1786726800,258999.0,259174.0,258935.0,258935.0,0.047905
1786730400,258743.0,258743.0,258331.0,258332.0,0.036347
1786734000,258331.0,258332.0,258049.0,258271.0,0.116977
1786737600,258271.0,258299.0,258116.0,258116.0,0.052998
1786741200,258116.0,258116.0,258051.0,258051.0,0.021733
1786744800,258052.0,258148.0,257842.0,257875.0,0.122784
1786748400,257875.0,258363.0,257875.0,258363.0,0.171846
1786752000,258363.0,258363.0,258351.0,258352.0,0.156255
1786755600,258352.0,258352.0,258351.0,258351.0,0.252348
1786759200,258352.0,258696.0,258352.0,258696.0,0.423406
1786762800,258695.0,258774.0,258695.0,258710.0,0.189632
1786766400,258710.0,258875.0,258709.0,258875.0,0.098823
1786770000,258875.0,258875.0,258742.0,258743.0,0.237466
1786773600,258743.0,258899.0,258742.0,258899.0,0.303471
1786777200,258899.0,258899.0,257875.0,258765.0,0.6237
1786780800,258766.0,258766.0,258485.0,258487.0,0.231559
1786784400,258487.0,258488.0,258313.0,258330.0,0.185052
1786788000,258330.0,258433.0,258329.0,258433.0,0.166823
1786791600,258439.0,258490.0,258439.0,258489.0,0.140266
1786795200,258490.0,258490.0,258443.0,258443.0,0.152217
1786798800,258444.0,258605.0,258444.0,258605.0,0.319499
1786802400,258605.0,258605.0,258604.0,258605.0,0.109758
1786806000,258605.0,258818.0,258604.0,258818.0,0.092483
1786809600,258818.0,258840.0,258817.0,258840.0,0.294622
1786813200,258840.0,258840.0,258819.0,258829.0,0.260446
1786816800,258830.0,258830.0,258828.0,258829.0,0.018442
1786820400,258828.0,258829.0,258828.0,258829.0,0.028658
1786824000,258829.0,258829.0,258828.0,258829.0,0.135143
1786827600,258828.0,258829.0,258828.0,258829.0,0.019741
1786831200,258829.0,258829.0,258828.0,258829.0,0.193307
1786834800,258829.0,258839.0,258828.0,258839.0,0.153115
1786838400,258838.0,258839.0,258838.0,258839.0,0.103872
1786842000,258839.0,258839.0,258828.0,258829.0,0.240913
1786845600,258829.0,258990.0,258828.0,258990.0,0.197667
1786849200,258990.0,258991.0,258989.0,258991.0,0.289
1786852800,258990.0,259168.0,258990.0,259075.0,0.30568
1786856400,259074.0,259075.0,258828.0,258828.0,0.232893
1786860000,258828.0,258829.0,258828.0,258829.0,0.198843
1786863600,258829.0,258829.0,258828.0,258828.0,0.111949
1786867200,258829.0,258829.0,258605.0,258693.0,0.5747
1786870800,258694.0,258694.0,258604.0,258605.0,0.142945
1786874400,258605.0,258605.0,258600.0,258600.0,0.123337
1786878000,258600.0,258601.0,258451.0,258452.0,0.325288
1786881600,258452.0,258503.0,258451.0,258503.0,0.14868
1786885200,258503.0,258664.0,258502.0,258664.0,0.406063
1786888800,258663.0,258698.0,258612.0,258694.0,0.36638
1786892400,258693.0,258694.0,258626.0,258627.0,1.706617
1786896000,258626.0,259187.0,258551.0,258672.0,1.229415
1786899600,258671.0,258671.0,258552.0,258552.0,0.057182
1786903200,258552.0,258552.0,258503.0,258504.0,0.018529
1786906800,258504.0,258518.0,258503.0,258503.0,0.061743
1786910400,258503.0,258503.0,258439.0,258439.0,0.046796
1786914000,258400.0,258400.0,257688.0,257893.0,0.096839
1786917600,257687.0,257687.0,257100.0,257289.0,0.236111
1786921200,257289.0,257710.0,257263.0,257393.0,0.254706
1786924800,257392.0,257436.0,257001.0,257326.0,0.372623
1786928400,257327.0,258512.0,257327.0,258162.0,0.296569
1786932000,258162.0,259131.0,258000.0,259131.0,0.580562
1786935600,259130.0,259131.0,258782.0,258955.0,0.128878
1786939200,259031.0,259136.0,258958.0,259135.0,0.256877
1786942800,259135.0,259177.0,258602.0,259017.0,0.816987
1786946400,258957.0,259447.0,258940.0,259200.0,0.552863
1786950000,259074.0,259074.0,258836.0,258868.0,0.171306
1786953600,258867.0,258867.0,258000.0,258001.0,0.393217
1786957200,258000.0,258130.0,257018.0,257609.0,1.335911
1786960800,257609.0,258814.0,257276.0,258814.0,0.214305
1786964400,258873.0,259000.0,258782.0,258809.0,0.531584
1786968000,258810.0,258810.0,258630.0,258693.0,0.171031
1786971600,258693.0,259168.0,258526.0,258868.0,0.767616
1786975200,258869.0,259038.0,258522.0,259038.0,1.19332
1786978800,259351.0,260892.0,259350.0,260656.0,0.821629
1786982400,260813.0,260813.0,260319.0,260442.0,0.114132
1786986000,260460.0,261255.0,260001.0,261255.0,0.072337
1786989600,261256.0,261996.0,261256.0,261758.0,0.080728
1786993200,261552.0,261661.0,261302.0,261302.0,0.017002
1786996800,261321.0,261642.0,261267.0,261635.0,0.043213
1787000400,261636.0,261636.0,261323.0,261612.0,0.012341
1787004000,261545.0,261566.0,261296.0,261297.0,0.11948
1787007600,261297.0,262000.0,261296.0,262000.0,0.328939
1787011200,262000.0,262000.0,261440.0,261446.0,0.227265
1787014800,261434.0,261434.0,260996.0,260996.0,0.361682
1787018400,260996.0,260996.0,260645.0,260645.0,0.25322
1787022000,260645.0,260646.0,260644.0,260646.0,0.350656
1787025600,260646.0,260839.0,260645.0,260838.0,0.439515
1787029200,260839.0,260999.0,260813.0,260964.0,0.275669
1787032800,260965.0,261550.0,260964.0,261235.0,0.686432
1787036400,261236.0,261262.0,261204.0,261205.0,0.506625
1787040000,261203.0,261203.0,260919.0,261183.0,0.300705
1787043600,261183.0,261183.0,260916.0,260917.0,0.534803
1787047200,260917.0,260986.0,260916.0,260985.0,0.270524
1787050800,260985.0,261569.0,260985.0,261496.0,0.234012
1787054400,261495.0,261496.0,261490.0,261490.0,0.151947
1787058000,261490.0,261490.0,261000.0,261125.0,0.371566
1787061600,261150.0,264000.0,261150.0,263204.0,1.077298
1787065200,263201.0,263649.0,262856.0,263562.0,0.806939
1787068800,263625.0,263625.0,263000.0,263315.0,0.152801
1787072400,263316.0,263316.0,263002.0,263002.0,0.106205
1787076000,263001.0,263307.0,262662.0,263171.0,0.07981
1787079600,263012.0,263043.0,262854.0,262855.0,0.014009
1787083200,262854.0,262854.0,262600.0,262601.0,0.030721
1787086800,262707.0,262707.0,262299.0,262412.0,0.152224
1787090400,262455.0,262556.0,262225.0,262512.0,0.179838
1787094000,262545.0,262971.0,262530.0,262784.0,0.166213
1787097600,262784.0,262784.0,262233.0,262234.0,0.298954
1787101200,262234.0,262234.0,261648.0,261829.0,0.530064
1787104800,261784.0,261785.0,261556.0,261556.0,0.438037
1787108400,261555.0,261739.0,261494.0,261495.0,0.398143
1787112000,261495.0,261549.0,261487.0,261487.0,0.160984
1787115600,261488.0,261550.0,261488.0,261490.0,0.530937
1787119200,261490.0,261536.0,261451.0,261536.0,0.628143
1787122800,261536.0,261578.0,261535.0,261577.0,0.423727
1787126400,261577.0,261996.0,261501.0,261996.0,0.25969
1787130000,261995.0,262008.0,261819.0,261868.0,0.219476
1787133600,261953.0,261974.0,261893.0,261974.0,0.201279
1787137200,262065.0,262332.0,262065.0,262227.0,0.163229
1787140800,262227.0,263864.0,262226.0,263687.0,1.067152
1787144400,263594.0,264849.0,263378.0,264396.0,0.978329
1787148000,264395.0,267000.0,264395.0,267000.0,1.761473
1787151600,267000.0,280720.0,267000.0,277517.0,10.565111
1787155200,277552.0,278997.0,277552.0,277990.0,2.973027
1787158800,277990.0,277991.0,275406.0,276694.0,1.335944
1787162400,276584.0,277361.0,276200.0,277073.0,0.266425
1787166000,277118.0,277153.0,276230.0,276982.0,0.229926
1787169600,276981.0,280500.0,276981.0,279717.0,1.192814
1787173200,279183.0,282298.0,279183.0,281752.0,1.941342
1787176800,281866.0,281866.0,279038.0,279398.0,1.275085
1787180400,279399.0,280000.0,279171.0,279471.0,1.437267
1787184000,279470.0,280499.0,279470.0,279551.0,1.329776
1787187600,279551.0,280691.0,279400.0,279916.0,1.079221
1787191200,280180.0,280265.0,278888.0,278915.0,1.713542
1787194800,278888.0,278889.0,277794.0,278426.0,1.269329
1787198400,278417.0,279694.0,278403.0,279512.0,0.686025
1787202000,279512.0,279898.0,279346.0,279347.0,0.582216
1787205600,279346.0,280997.0,279346.0,280899.0,1.20139
1787209200,280830.0,281000.0,280236.0,280858.0,0.812235
1787212800,280858.0,288688.0,280857.0,288245.0,2.955403
1787216400,288245.0,289799.0,287627.0,288793.0,2.571311
1787220000,288775.0,290999.0,288766.0,289419.0,3.078123
1787223600,289420.0,290501.0,287563.0,288952.0,2.22278
1787227200,288941.0,289196.0,287276.0,288415.0,1.393342
1787230800,288415.0,289186.0,286307.0,287959.0,1.096522
1787234400,287960.0,288723.0,287011.0,288141.0,1.635956
