timestamp,open,high,low,close,volume
1755705600,482083.0,485887.0,482006.0,485624.0,2.417485
1755720000,485624.0,486298.0,484442.0,485897.0,1.466519
1755734400,485897.0,486398.0,484000.0,484001.0,3.039598
1755748800,484001.0,484001.0,482003.0,482284.0,3.516202
1755763200,482283.0,482563.0,480011.0,480012.0,2.556052
1755777600,480011.0,483148.0,480000.0,480144.0,5.591309
1755792000,480145.0,480145.0,477003.0,477004.0,3.673019
1755806400,477004.0,478842.0,477003.0,477781.0,2.501284
1755820800,477798.0,485999.0,477798.0,480267.0,5.225442
1755835200,480267.0,481000.0,480106.0,480125.0,2.79142
1755849600,480125.0,480125.0,478000.0,478065.0,4.048478
1755864000,478065.0,497799.0,477601.0,495234.0,14.797312
1755878400,494425.0,494945.0,489140.0,489141.0,9.732648
1755892800,489140.0,490009.0,487003.0,487800.0,3.428638
1755907200,487801.0,487801.0,480588.0,481322.0,6.652289
1755921600,481322.0,485778.0,481321.0,484577.0,4.954611
1755936000,484577.0,485489.0,484573.0,484573.0,3.770863
1755950400,484573.0,484934.0,481321.0,482261.0,5.520164
1755964800,482261.0,482970.0,481384.0,481890.0,2.336195
1755979200,482769.0,483107.0,481428.0,482972.0,0.881847
1755993600,482588.0,483057.0,481300.0,481300.0,2.585322
1756008000,481300.0,484992.0,481000.0,481003.0,5.222983
1756022400,481003.0,481794.0,480001.0,481091.0,3.269274
1756036800,481091.0,481719.0,479991.0,480000.0,4.275968
1756051200,480001.0,480298.0,470100.0,471802.0,8.861168
1756065600,471496.0,476792.0,470050.0,476190.0,5.137394
1756080000,476190.0,476841.0,471223.0,474330.0,5.971321
1756094400,474331.0,474331.0,470050.0,470051.0,7.147297
1756108800,470051.0,471894.0,470000.0,470252.0,10.530304
1756123200,470251.0,476750.0,469401.0,475568.0,7.492216
1756137600,475568.0,477880.0,470319.0,470319.0,1.668084
1756152000,470318.0,471674.0,465111.0,469953.0,8.311127
1756166400,469957.0,469989.0,463909.0,466627.0,11.165467
1756180800,466627.0,468792.0,466303.0,468792.0,4.165455
1756195200,468736.0,469004.0,467325.0,467505.0,3.88218
1756209600,467505.0,469000.0,466000.0,466004.0,8.372731
1756224000,466004.0,469000.0,465543.0,469000.0,2.794287
1756238400,468999.0,473879.0,468999.0,471646.0,4.094072
1756252800,471602.0,472015.0,469545.0,471369.0,4.057631
1756267200,471236.0,472242.0,468031.0,468342.0,3.847946
1756281600,468342.0,470592.0,468008.0,470487.0,3.036555
1756296000,470488.0,475338.0,470018.0,473105.0,4.195688
1756310400,473161.0,473958.0,471314.0,473171.0,2.65774
1756324800,471794.0,473999.0,470001.0,470423.0,2.841377
1756339200,470422.0,473657.0,470000.0,473328.0,4.016416
1756353600,473328.0,478800.0,473328.0,478053.0,4.825547
1756368000,478053.0,478054.0,476083.0,476310.0,2.292702
1756382400,476730.0,478796.0,474501.0,475384.0,3.291327
1756396800,475384.0,477337.0,473414.0,473414.0,1.276414
1756411200,473416.0,474999.0,473123.0,474998.0,1.229817
1756425600,474998.0,474998.0,470000.0,471000.0,4.897081
1756440000,470999.0,471189.0,466000.0,466001.0,7.171594
1756454400,466000.0,467132.0,465000.0,467132.0,5.14787
1756468800,467132.0,471446.0,460752.0,460820.0,10.476337
1756483200,460820.0,462959.0,460300.0,461249.0,3.236712
1756497600,461018.0,462638.0,459425.0,462300.0,4.071751
1756512000,462301.0,462318.0,459100.0,461999.0,4.518296
1756526400,461999.0,462454.0,460174.0,461601.0,4.582401
1756540800,461602.0,463934.0,461602.0,463934.0,2.116895
1756555200,463934.0,464971.0,462835.0,464970.0,2.575131
1756569600,464971.0,464971.0,464031.0,464559.0,0.988087
1756584000,464559.0,464559.0,464000.0,464000.0,0.874433
1756598400,464001.0,465942.0,464001.0,465386.0,2.579593
1756612800,465385.0,465386.0,463012.0,463411.0,3.287188
1756627200,463411.0,463491.0,462094.0,462101.0,2.876722
1756641600,462100.0,462499.0,457696.0,462499.0,6.789492
1756656000,462498.0,464742.0,462498.0,464615.0,1.641028
1756670400,464615.0,464615.0,461902.0,461902.0,2.342767
1756684800,461903.0,462777.0,459326.0,459515.0,4.905011
1756699200,459515.0,466000.0,458501.0,466000.0,5.582529
1756713600,466000.0,467943.0,461864.0,463760.0,3.583521
1756728000,463760.0,466937.0,463759.0,464699.0,3.55232
1756742400,464699.0,466992.0,464256.0,466792.0,2.210009
1756756800,466456.0,468413.0,456171.0,468010.0,5.985402
1756771200,468009.0,469760.0,464154.0,468672.0,6.454653
1756785600,468672.0,468698.0,466954.0,467517.0,4.087322
1756800000,467517.0,468407.0,466102.0,466103.0,2.888746
1756814400,466127.0,472811.0,461776.0,470182.0,8.350021
1756828800,470183.0,470989.0,468700.0,469411.0,2.169709
1756843200,469469.0,471499.0,469468.0,470188.0,2.386733
1756857600,470189.0,472749.0,470001.0,470634.0,3.667308
1756872000,470634.0,470814.0,468631.0,469948.0,2.640666
1756886400,469948.0,472799.0,469948.0,472071.0,4.01313
1756900800,472071.0,475000.0,471315.0,474050.0,8.552022
1756915200,474049.0,475017.0,473131.0,474581.0,2.322513
1756929600,474581.0,474581.0,472580.0,472581.0,1.603934
1756944000,472580.0,473850.0,471000.0,471001.0,2.496698
1756958400,471000.0,471214.0,468710.0,468914.0,2.35452
1756972800,468778.0,470598.0,468777.0,469875.0,2.192723
1756987200,469875.0,470628.0,466007.0,466484.0,3.435263
1757001600,466483.0,469146.0,466141.0,468002.0,1.40816
1757016000,468002.0,474406.0,468002.0,471173.0,1.632609
1757030400,471173.0,473799.0,470984.0,473314.0,2.879372
1757044800,473313.0,478287.0,473313.0,478000.0,4.147546
1757059200,478000.0,478000.0,475737.0,475942.0,3.387682
1757073600,475943.0,478401.0,468763.0,470967.0,7.202453
1757088000,470966.0,473000.0,469500.0,473000.0,2.429176
1757102400,473509.0,473987.0,469576.0,470556.0,1.092243
1757116800,470556.0,472641.0,470555.0,472602.0,1.091095
1757131200,472602.0,472602.0,469000.0,470943.0,3.540552
1757145600,470943.0,471393.0,470942.0,471040.0,1.107385
1757160000,471040.0,471954.0,470443.0,470443.0,1.246206
1757174400,470443.0,470443.0,468851.0,468990.0,1.547915
1757188800,468990.0,468990.0,468851.0,468852.0,0.475846
1757203200,468852.0,470506.0,468851.0,470103.0,1.014043
1757217600,470103.0,470700.0,469751.0,470699.0,1.660485
1757232000,470700.0,472130.0,470693.0,471990.0,2.502508
1757246400,471989.0,471990.0,471124.0,471599.0,2.453545
1757260800,471599.0,471599.0,470497.0,471438.0,0.672679
1757275200,471438.0,472129.0,471000.0,471000.0,0.873506
1757289600,471000.0,471517.0,469623.0,470000.0,2.564597
1757304000,470000.0,471725.0,469301.0,470127.0,1.773517
1757318400,470128.0,472846.0,470127.0,472711.0,2.88976
1757332800,472711.0,475996.0,472277.0,475000.0,3.324367
1757347200,475001.0,475001.0,472867.0,472867.0,1.149863
1757361600,472867.0,474462.0,472866.0,473693.0,0.761339
1757376000,473693.0,473693.0,469999.0,470932.0,2.785041
1757390400,470932.0,474998.0,470931.0,474856.0,5.201101
1757404800,474857.0,475100.0,474444.0,474444.0,3.246081
1757419200,474300.0,475499.0,469000.0,469001.0,5.436637
1757433600,469000.0,470346.0,469000.0,469540.0,1.337413
1757448000,469539.0,471013.0,469369.0,470360.0,1.388019
1757462400,470360.0,471114.0,469888.0,470658.0,3.225832
1757476800,470658.0,473999.0,470000.0,473999.0,3.732896
1757491200,473999.0,474574.0,470000.0,473714.0,3.454072
1757505600,473715.0,479429.0,473714.0,479324.0,7.889487
1757520000,479324.0,479324.0,477942.0,478001.0,3.853783
1757534400,478001.0,479859.0,478001.0,479459.0,2.05886
1757548800,479458.0,480202.0,478851.0,480201.0,4.697719
1757563200,480204.0,481660.0,480203.0,480903.0,2.763609
1757577600,480903.0,481499.0,480805.0,480947.0,2.676002
1757592000,480947.0,483150.0,479178.0,482079.0,6.171263
1757606400,482376.0,483102.0,482002.0,482339.0,1.536704
1757620800,482340.0,484500.0,482002.0,484500.0,2.913176
1757635200,484499.0,486032.0,484000.0,485016.0,9.258179
1757649600,485016.0,485016.0,483650.0,483785.0,4.324015
1757664000,483785.0,483989.0,482939.0,483516.0,2.817389
1757678400,483516.0,485000.0,483001.0,483803.0,2.848424
1757692800,483804.0,486845.0,483803.0,486845.0,3.557832
1757707200,486844.0,486845.0,484001.0,484300.0,3.220717
1757721600,484301.0,484530.0,483000.0,484198.0,3.155871
1757736000,484198.0,484619.0,483767.0,484461.0,2.728568
1757750400,484394.0,485770.0,484226.0,485151.0,2.959141
1757764800,485150.0,485199.0,484037.0,484201.0,2.558732
1757779200,484038.0,484201.0,482965.0,483717.0,1.477163
1757793600,483776.0,484067.0,483775.0,484067.0,0.671836
1757808000,484067.0,484861.0,483463.0,483463.0,2.178467
1757822400,483203.0,484958.0,483077.0,484957.0,1.321356
1757836800,484958.0,486233.0,484957.0,485701.0,2.245013
1757851200,485701.0,485701.0,483889.0,483898.0,3.008051
1757865600,483899.0,485002.0,483898.0,485002.0,0.997433
1757880000,485002.0,486211.0,484010.0,484987.0,2.03102
1757894400,484987.0,485331.0,484001.0,485147.0,2.270523
1757908800,485148.0,489999.0,485147.0,488285.0,4.84351
1757923200,488285.0,488285.0,485148.0,485850.0,3.889642
1757937600,485850.0,486492.0,484213.0,485045.0,4.40175
1757952000,485045.0,487999.0,485006.0,487275.0,1.776999
1757966400,487429.0,488182.0,487428.0,487973.0,0.495057
1757980800,487972.0,488300.0,486851.0,487878.0,1.457966
1757995200,487878.0,489466.0,487520.0,489202.0,3.044915
1758009600,489202.0,489502.0,488206.0,488206.0,2.149806
1758024000,488207.0,488500.0,486251.0,488500.0,2.885278
1758038400,488999.0,490963.0,488581.0,490963.0,5.482883
1758052800,490963.0,491005.0,490963.0,491005.0,0.94983
1758067200,491004.0,491005.0,489501.0,489501.0,3.088259
1758081600,489501.0,492242.0,489008.0,492210.0,2.822727
1758096000,492210.0,492211.0,490035.0,490092.0,2.49765
1758110400,490091.0,490307.0,488000.0,489184.0,4.016236
1758124800,489185.0,489873.0,484950.0,487464.0,3.186269
1758139200,487463.0,489950.0,486312.0,488257.0,2.65561
1758153600,488257.0,494398.0,487313.0,493500.0,7.231662
1758168000,493501.0,493635.0,490706.0,490706.0,3.003723
1758182400,490706.0,491661.0,490263.0,490502.0,2.661049
1758196800,490503.0,492998.0,490302.0,492449.0,5.698986
1758211200,492449.0,493000.0,490306.0,490490.0,2.131215
1758225600,490891.0,491459.0,488182.0,489382.0,1.406216
1758240000,489382.0,490999.0,489082.0,490418.0,4.045142
1758254400,490419.0,490777.0,489508.0,490718.0,3.252592
1758268800,490718.0,491998.0,490000.0,490002.0,1.85376
1758283200,490001.0,494400.0,489500.0,489600.0,9.593478
1758297600,489599.0,491330.0,488850.0,488850.0,1.563159
1758312000,488851.0,490049.0,488800.0,490049.0,0.542465
1758326400,490049.0,490049.0,489568.0,489568.0,1.031202
1758340800,489567.0,491000.0,489511.0,490999.0,1.046048
1758355200,491000.0,491499.0,490999.0,491204.0,2.192329
1758369600,491205.0,491500.0,491205.0,491499.0,1.563875
1758384000,491500.0,491500.0,491200.0,491200.0,0.952398
1758398400,491200.0,491201.0,490001.0,490002.0,0.557241
1758412800,490175.0,490175.0,489501.0,489699.0,1.338275
1758427200,489699.0,489700.0,489042.0,489695.0,1.590442
1758441600,489696.0,489696.0,489098.0,489496.0,1.47764
1758456000,489497.0,489497.0,485512.0,488600.0,1.691171
1758470400,488601.0,488601.0,487678.0,487889.0,0.945513
1758484800,487889.0,488680.0,487294.0,487770.0,0.600724
1758499200,487770.0,488222.0,484502.0,486058.0,4.680045
1758513600,486225.0,486225.0,478710.0,478712.0,11.970096
1758528000,478712.0,480000.0,477851.0,480000.0,6.897126
1758542400,480000.0,482775.0,479000.0,480475.0,5.65623
1758556800,480475.0,480476.0,478000.0,478244.0,2.10181
1758571200,478243.0,480486.0,478000.0,479714.0,1.46896
1758585600,479714.0,479714.0,473800.0,474981.0,6.614171
1758600000,474981.0,477357.0,474000.0,477357.0,4.756816
1758614400,477357.0,478532.0,475423.0,477393.0,3.677816
1758628800,477393.0,478183.0,476319.0,477511.0,6.219089
1758643200,477511.0,477511.0,473296.0,473296.0,2.456971
1758657600,473296.0,475561.0,473101.0,475250.0,1.14148
1758672000,475250.0,476301.0,473400.0,473401.0,5.43824
1758686400,473401.0,476000.0,473000.0,475363.0,5.688877
1758700800,475364.0,477268.0,474797.0,477118.0,1.942574
1758715200,477119.0,480483.0,477093.0,479085.0,4.154283
1758729600,479083.0,479939.0,478534.0,479118.0,2.273747
1758744000,479119.0,479305.0,477140.0,477616.0,3.477275
1758758400,477616.0,478549.0,475000.0,475781.0,3.540004
1758772800,475781.0,475781.0,471000.0,472717.0,4.789295
1758787200,472717.0,473959.0,472001.0,472235.0,3.462818
1758801600,472151.0,473403.0,469103.0,472152.0,5.323477
1758816000,472743.0,473151.0,463500.0,465776.0,5.132457
1758830400,465776.0,468220.0,461000.0,464828.0,5.538942
1758844800,464328.0,467239.0,463502.0,465804.0,5.86904
1758859200,465756.0,466461.0,463108.0,463904.0,4.442462
1758873600,463904.0,475000.0,463011.0,464573.0,4.609086
1758888000,464693.0,468107.0,463972.0,464867.0,6.058974
1758902400,464867.0,469602.0,464772.0,465100.0,2.697242
1758916800,465100.0,466505.0,465096.0,466479.0,1.113788
1758931200,466479.0,470550.0,466478.0,468069.0,4.42243
1758945600,468068.0,469265.0,467046.0,467047.0,3.576927
1758960000,467047.0,467047.0,466000.0,466236.0,1.599256
1758974400,466235.0,466799.0,466200.0,466799.0,2.235955
1758988800,466799.0,466801.0,466798.0,466800.0,0.46047
1759003200,466801.0,466829.0,466800.0,466828.0,0.850009
1759017600,466829.0,467008.0,466800.0,466802.0,2.367774
1759032000,466802.0,466808.0,466801.0,466807.0,1.844094
1759046400,466808.0,466866.0,466808.0,466866.0,1.321398
1759060800,466866.0,468302.0,466865.0,468290.0,2.449518
1759075200,468292.0,469936.0,468292.0,469508.0,1.350682
1759089600,469510.0,477273.0,469510.0,476401.0,2.252725
1759104000,476402.0,476402.0,471888.0,472649.0,4.989938
1759118400,472731.0,473304.0,472457.0,473304.0,2.171636
1759132800,473306.0,475348.0,473306.0,474618.0,1.735948
1759147200,474618.0,480483.0,474540.0,480375.0,10.925177
1759161600,480376.0,482800.0,480300.0,482800.0,2.462566
1759176000,482655.0,482800.0,481198.0,482000.0,0.623155
1759190400,482000.0,483669.0,480970.0,482871.0,3.717776
1759204800,482872.0,482872.0,479120.0,479531.0,2.266287
1759219200,479530.0,480064.0,477082.0,478334.0,2.516398
1759233600,478334.0,480726.0,478001.0,478914.0,1.655629
1759248000,479137.0,481000.0,478314.0,481000.0,4.638093
1759262400,481000.0,482900.0,480209.0,480550.0,2.225046
1759276800,480551.0,481578.0,480551.0,481339.0,3.675506
1759291200,481340.0,482587.0,481339.0,482314.0,3.189043
1759305600,482314.0,489806.0,482313.0,489806.0,7.164747
1759320000,489812.0,492498.0,489090.0,492498.0,10.245581
1759334400,492498.0,494399.0,490606.0,492280.0,4.926661
1759348800,492281.0,495000.0,492003.0,495000.0,4.07763
1759363200,495000.0,498200.0,495000.0,497362.0,10.664633
1759377600,497430.0,498000.0,496359.0,497494.0,2.949891
1759392000,497496.0,498492.0,496330.0,498438.0,3.575438
1759406400,498315.0,500000.0,496500.0,500000.0,12.485959
1759420800,499999.0,501998.0,497720.0,501461.0,5.257268
1759435200,501014.0,502498.0,500855.0,502498.0,3.773535
1759449600,502498.0,504333.0,498088.0,504331.0,11.418501
1759464000,504332.0,504500.0,502316.0,502479.0,5.410228
1759478400,502479.0,504500.0,500586.0,504400.0,6.48034
1759492800,504400.0,507888.0,503675.0,507887.0,13.6981
1759507200,507888.0,510000.0,505000.0,509879.0,10.92376
1759521600,509644.0,510000.0,509003.0,509889.0,1.783021
1759536000,509889.0,510000.0,509001.0,510000.0,6.019964
1759550400,510000.0,511499.0,508811.0,510879.0,7.843867
1759564800,510879.0,511533.0,510338.0,510538.0,3.483763
1759579200,510338.0,511323.0,508811.0,510000.0,3.994648
1759593600,509998.0,509998.0,507500.0,508594.0,3.082854
1759608000,508594.0,509498.0,508213.0,509498.0,0.87138
1759622400,509498.0,514916.0,509497.0,514899.0,7.249776
1759636800,514899.0,517373.0,514899.0,517308.0,15.538626
1759651200,517308.0,517308.0,509000.0,514768.0,7.771605
1759665600,514700.0,515500.0,512999.0,513850.0,6.433796
1759680000,513850.0,516100.0,513001.0,513692.0,1.397472
1759694400,513679.0,516850.0,513584.0,516816.0,2.27363
1759708800,516816.0,518900.0,514992.0,518803.0,11.574745
1759723200,518803.0,519060.0,515000.0,517000.0,4.562198
1759737600,516999.0,520000.0,516999.0,520000.0,5.278392
1759752000,520000.0,521869.0,514253.0,521498.0,9.646084
1759766400,521498.0,521700.0,519047.0,520531.0,3.503163
1759780800,520637.0,521036.0,518074.0,518486.0,2.010839
1759795200,518486.0,522100.0,518485.0,521096.0,8.732142
1759809600,521097.0,522099.0,519582.0,519730.0,3.988442
1759824000,519730.0,522000.0,519219.0,522000.0,5.119985
1759838400,522000.0,522900.0,511001.0,512500.0,15.232937
1759852800,512885.0,513881.0,508900.0,512901.0,3.559876
1759867200,513141.0,515000.0,512600.0,513243.0,2.519965
1759881600,513243.0,516531.0,513242.0,514276.0,3.591675
1759896000,514277.0,514701.0,512801.0,513323.0,2.735259
1759910400,513567.0,518300.0,513433.0,518300.0,7.887364
1759924800,518300.0,518300.0,514029.0,515289.0,7.966229
1759939200,515159.0,518700.0,514960.0,518445.0,7.385266
1759953600,518444.0,518694.0,517164.0,518499.0,1.922959
1759968000,518500.0,518500.0,512805.0,514992.0,4.251332
1759982400,514991.0,515554.0,510922.0,515329.0,3.662324
1759996800,515329.0,518700.0,512331.0,518700.0,3.698142
1760011200,518700.0,519332.0,511510.0,511896.0,10.162637
1760025600,511896.0,513065.0,508244.0,511900.0,3.933614
1760040000,511903.0,514987.0,511902.0,514207.0,1.208361
1760054400,514206.0,514949.0,510482.0,511126.0,4.428186
1760068800,511116.0,513790.0,510451.0,511040.0,5.049518
1760083200,511040.0,513704.0,511040.0,513429.0,3.869171
1760097600,513428.0,516044.0,506010.0,506611.0,12.744823
1760112000,506108.0,509999.0,498888.0,501162.0,7.953021
1760126400,502273.0,519000.0,493509.0,517999.0,28.359881
1760140800,517772.0,517777.0,488000.0,495000.0,33.055931
1760155200,495000.0,495000.0,481809.0,481999.0,18.327138
1760169600,481999.0,492499.0,481118.0,491173.0,7.576657
1760184000,491173.0,494325.0,490039.0,491993.0,6.218534
1760198400,491991.0,494001.0,491794.0,494001.0,3.855403
1760212800,492876.0,494500.0,486981.0,486981.0,5.804211
1760227200,486981.0,494000.0,480000.0,487802.0,10.733866
1760241600,487064.0,494999.0,487064.0,493232.0,5.48308
1760256000,493232.0,494569.0,487207.0,488112.0,6.564505
1760270400,487601.0,494025.0,484500.0,491673.0,9.151956
1760284800,491586.0,495000.0,486807.0,490082.0,7.817688
1760299200,489962.0,495000.0,489962.0,493802.0,8.437364
1760313600,493801.0,496000.0,492302.0,492604.0,13.782363
1760328000,492604.0,493032.0,490006.0,491125.0,6.412323
1760342400,492144.0,492317.0,481000.0,487646.0,13.333228
1760356800,487320.0,492699.0,487121.0,489100.0,6.374312
1760371200,489101.0,492500.0,487673.0,492500.0,2.122571
1760385600,492499.0,492499.0,489314.0,489543.0,1.997102
1760400000,489595.0,490824.0,483101.0,483683.0,6.006552
1760414400,483683.0,484384.0,475000.0,475000.0,13.217711
1760428800,475001.0,476743.0,470000.0,474548.0,12.155353
1760443200,474548.0,481018.0,470001.0,481018.0,9.676422
1760457600,481447.0,483932.0,476788.0,480353.0,2.518185
1760472000,480423.0,483995.0,478181.0,481399.0,1.026042
1760486400,481399.0,482581.0,475055.0,475774.0,4.625289
1760500800,475703.0,477915.0,475025.0,477435.0,3.697549
1760515200,477435.0,481416.0,475026.0,475901.0,4.166734
1760529600,475901.0,478029.0,471001.0,471938.0,7.580307
1760544000,471938.0,475343.0,470000.0,474401.0,3.289562
1760558400,475045.0,475436.0,471801.0,472600.0,2.277768
1760572800,472600.0,475000.0,470500.0,474002.0,5.163396
1760587200,474002.0,475487.0,471102.0,471103.0,3.482219
1760601600,471102.0,475956.0,470000.0,474747.0,5.755023
1760616000,474748.0,476999.0,465555.0,465558.0,10.026814
1760630400,465558.0,467563.0,462900.0,465473.0,13.52236
1760644800,465463.0,468287.0,462700.0,462800.0,7.435702
1760659200,462800.0,465939.0,462000.0,463922.0,7.952909
1760673600,463922.0,490100.0,451000.0,451001.0,25.529275
1760688000,451001.0,455230.0,445000.0,452002.0,22.596626
1760702400,452002.0,457907.0,450000.0,457907.0,11.524145
1760716800,457908.0,459973.0,455003.0,455783.0,2.533024
1760731200,456093.0,459895.0,455008.0,456383.0,2.450972
1760745600,456383.0,459949.0,455005.0,457843.0,6.969874
1760760000,457795.0,459699.0,456001.0,457501.0,3.347493
1760774400,457501.0,459499.0,457002.0,459499.0,2.364755
1760788800,459499.0,459500.0,458300.0,458566.0,2.527489
1760803200,458566.0,458566.0,457033.0,457800.0,1.831108
1760817600,457800.0,458999.0,457748.0,458612.0,1.546564
1760832000,458612.0,459679.0,457131.0,459678.0,2.186998
1760846400,459678.0,459679.0,457000.0,457397.0,3.208571
1760860800,457397.0,462761.0,455600.0,460380.0,6.247565
1760875200,460387.0,465825.0,460000.0,465107.0,4.048075
1760889600,465107.0,468998.0,464614.0,467003.0,3.996419
1760904000,467002.0,468752.0,465451.0,465451.0,1.821488
1760918400,465451.0,471529.0,461080.0,471529.0,4.36592
1760932800,471529.0,474836.0,470321.0,473857.0,4.779419
1760947200,473694.0,474999.0,472102.0,474327.0,3.121057
1760961600,474293.0,476463.0,472597.0,475302.0,3.308071
1760976000,475301.0,475857.0,469126.0,473036.0,2.566328
1760990400,473957.0,475174.0,471819.0,472341.0,0.71529
1761004800,472341.0,472341.0,464001.0,464002.0,4.698987
1761019200,464001.0,464001.0,457748.0,460242.0,8.810669
1761033600,460218.0,463199.0,458927.0,462652.0,6.937234
1761048000,462803.0,482454.0,460811.0,481929.0,10.489587
1761062400,481954.0,483999.0,473001.0,474733.0,3.465309
1761076800,474733.0,474733.0,460000.0,460150.0,4.401239
1761091200,460151.0,462572.0,459011.0,460009.0,4.241391
1761105600,460009.0,462366.0,458215.0,459999.0,6.583295
1761120000,460000.0,460000.0,456251.0,457750.0,4.365517
1761134400,457750.0,463999.0,457749.0,460719.0,7.815441
1761148800,461026.0,462182.0,457807.0,458556.0,2.219157
1761163200,459184.0,459493.0,455000.0,458113.0,3.873669
1761177600,458259.0,462492.0,458011.0,460833.0,3.337195
1761192000,460833.0,467999.0,460833.0,464501.0,3.619777
1761206400,464501.0,466400.0,464000.0,464001.0,2.17563
1761220800,464001.0,465823.0,461501.0,464785.0,3.744374
1761235200,466031.0,471000.0,465171.0,467507.0,2.16801
1761249600,467457.0,467457.0,464002.0,466839.0,1.006155
1761264000,466613.0,469637.0,466612.0,468678.0,3.153451
1761278400,468677.0,471998.0,468676.0,470021.0,3.414482
1761292800,469834.0,471000.0,468998.0,469935.0,2.889884
1761307200,469935.0,472994.0,465002.0,465695.0,5.323075
1761321600,465696.0,469535.0,465057.0,468324.0,1.149407
1761336000,468323.0,469999.0,467500.0,469902.0,0.508566
1761350400,469902.0,470039.0,468487.0,470039.0,1.192819
1761364800,470039.0,472929.0,470038.0,472256.0,2.363217
1761379200,472256.0,472956.0,471998.0,472247.0,1.113092
1761393600,472140.0,473416.0,472001.0,472001.0,1.431171
1761408000,472001.0,472301.0,471003.0,472300.0,0.511329
1761422400,472300.0,472402.0,471034.0,472313.0,0.348098
1761436800,472312.0,473000.0,469411.0,471932.0,3.412452
1761451200,471932.0,472969.0,471685.0,472793.0,1.322585
1761465600,472792.0,480000.0,472792.0,479807.0,4.782922
1761480000,479920.0,481000.0,479643.0,480001.0,4.441104
1761494400,480002.0,480002.0,479001.0,479999.0,2.423309
1761508800,480000.0,484598.0,477382.0,483626.0,12.608401
1761523200,483626.0,485999.0,483626.0,485000.0,6.143868
1761537600,485000.0,489500.0,484999.0,487531.0,4.591886
1761552000,487530.0,487531.0,484745.0,486570.0,3.665939
1761566400,486569.0,486569.0,484185.0,484970.0,4.842331
1761580800,484971.0,486562.0,484970.0,484971.0,2.803227
1761595200,484970.0,484971.0,480446.0,481863.0,2.111504
1761609600,481863.0,482129.0,480001.0,480002.0,3.274361
1761624000,480002.0,480998.0,475017.0,480699.0,4.908177
1761638400,480699.0,481400.0,479999.0,479999.0,9.105656
1761652800,480000.0,484429.0,479985.0,482291.0,21.532741
1761667200,482291.0,484501.0,477502.0,477839.0,3.718994
1761681600,477759.0,477759.0,473334.0,475386.0,4.039521
1761696000,475387.0,475387.0,472501.0,473705.0,4.109745
1761710400,473705.0,477000.0,473704.0,477000.0,8.120986
1761724800,477000.0,477046.0,475000.0,475827.0,3.250431
1761739200,475863.0,477662.0,470083.0,470091.0,5.581973
1761753600,470061.0,471162.0,461999.0,466611.0,7.935645
1761768000,466930.0,471246.0,463103.0,464101.0,1.750118
1761782400,464101.0,467826.0,463501.0,466118.0,4.70646
1761796800,466754.0,469199.0,458000.0,469149.0,9.504555
1761811200,468971.0,469005.0,463852.0,463852.0,3.444254
1761825600,463852.0,463852.0,455901.0,457274.0,9.232415
1761840000,457275.0,459708.0,454007.0,454008.0,5.290481
1761854400,454015.0,460192.0,454000.0,460098.0,4.309283
1761868800,460099.0,465987.0,459385.0,460989.0,8.043623
1761883200,460985.0,464674.0,460505.0,461537.0,4.011239
1761897600,461537.0,463900.0,460514.0,463900.0,8.238987
1761912000,463899.0,465300.0,460740.0,463335.0,12.990256
1761926400,463334.0,464000.0,457800.0,462488.0,1.588451
1761940800,461951.0,462461.0,460597.0,462186.0,0.486113
1761955200,462230.0,464898.0,460816.0,464898.0,2.009411
1761969600,464897.0,465300.0,464441.0,465222.0,2.382784
1761984000,465221.0,465300.0,464700.0,465001.0,1.378979
1761998400,465002.0,465300.0,464001.0,465300.0,1.006092
1762012800,465300.0,465400.0,464501.0,465399.0,0.507893
1762027200,465400.0,465400.0,464000.0,464216.0,0.505905
1762041600,464216.0,464935.0,462601.0,464139.0,1.842817
1762056000,464138.0,466500.0,464138.0,466500.0,3.828549
1762070400,466500.0,467200.0,466000.0,467200.0,4.749339
1762084800,467200.0,467299.0,465117.0,465123.0,2.630499
1762099200,465122.0,465471.0,463708.0,464494.0,0.749084
1762113600,464809.0,465999.0,462435.0,465998.0,0.579313
1762128000,465998.0,466068.0,456264.0,456301.0,6.803403
1762142400,456301.0,456722.0,453801.0,453802.0,8.364965
1762156800,453801.0,455283.0,450217.0,455005.0,6.329032
1762171200,455155.0,457215.0,448511.0,450428.0,9.510126
1762185600,450409.0,457644.0,449000.0,455246.0,3.966185
1762200000,455158.0,455747.0,450001.0,451519.0,5.42091
1762214400,451536.0,454808.0,449001.0,453707.0,6.244021
1762228800,453707.0,453707.0,440007.0,441000.0,15.830045
1762243200,441000.0,441054.0,437300.0,440853.0,10.29944
1762257600,440853.0,441497.0,435000.0,435602.0,9.138527
1762272000,435601.0,436172.0,422750.0,424008.0,14.723573
1762286400,424008.0,433141.0,419000.0,432312.0,13.922441
1762300800,432305.0,432343.0,419005.0,430891.0,19.93343
1762315200,430892.0,430892.0,428451.0,429516.0,6.928261
1762329600,429516.0,430000.0,427001.0,429177.0,6.596433
1762344000,429178.0,438000.0,429177.0,437002.0,7.94929
1762358400,437059.0,440499.0,435501.0,439001.0,5.605714
1762372800,439001.0,440569.0,435628.0,437910.0,4.560638
1762387200,437909.0,437909.0,431531.0,436029.0,4.167315
1762401600,436029.0,436500.0,433250.0,434102.0,6.891829
1762416000,434101.0,434965.0,433051.0,434567.0,3.102289
1762430400,434568.0,435314.0,427821.0,429693.0,13.203617
1762444800,429693.0,430635.0,423000.0,427381.0,9.631715
1762459200,427382.0,427382.0,423409.0,426485.0,6.139841
1762473600,426485.0,428967.0,423426.0,428011.0,9.086801
1762488000,428010.0,429428.0,427168.0,427990.0,4.139581
1762502400,427990.0,427990.0,421000.0,422131.0,8.249255
1762516800,422131.0,425999.0,419300.0,424016.0,9.502715
1762531200,424016.0,434661.0,422931.0,434431.0,5.831833
1762545600,434416.0,437033.0,433197.0,434153.0,5.898986
1762560000,434153.0,434153.0,431009.0,431457.0,4.542284
1762574400,431457.0,431810.0,428767.0,429966.0,3.091188
1762588800,429966.0,431350.0,427549.0,427550.0,4.196032
1762603200,427550.0,428901.0,426398.0,428093.0,4.049947
1762617600,428093.0,429362.0,427127.0,428638.0,2.216622
1762632000,428638.0,430553.0,428638.0,430002.0,1.371828
1762646400,430002.0,430002.0,427201.0,427496.0,3.981602
1762660800,427497.0,429068.0,427496.0,428419.0,3.794699
1762675200,428491.0,429500.0,427001.0,429500.0,1.753193
1762689600,429499.0,436624.0,429002.0,435702.0,5.597085
1762704000,436214.0,439754.0,433936.0,439518.0,2.540536
1762718400,439800.0,441845.0,437222.0,439789.0,4.08148
1762732800,439788.0,445997.0,437716.0,443681.0,7.644727
1762747200,443681.0,445479.0,443068.0,444714.0,4.440929
1762761600,444714.0,445424.0,442001.0,442978.0,3.706844
1762776000,443041.0,444879.0,436500.0,437571.0,4.36004
1762790400,438051.0,441999.0,436920.0,441719.0,1.062187
1762804800,441508.0,443655.0,439051.0,441633.0,2.453846
1762819200,441020.0,446786.0,439000.0,442274.0,8.320715
1762833600,442274.0,442478.0,435501.0,435502.0,3.176986
1762848000,435502.0,438095.0,435501.0,437538.0,2.174744
1762862400,437611.0,438095.0,430000.0,430759.0,3.601921
1762876800,430510.0,431522.0,428555.0,429956.0,2.515301
1762891200,429000.0,429417.0,426901.0,428859.0,1.684182
1762905600,428842.0,429499.0,426500.0,428770.0,3.747504
1762920000,428770.0,429286.0,428131.0,428132.0,4.231143
1762934400,428132.0,435739.0,428131.0,434999.0,6.854003
1762948800,435046.0,436177.0,424001.0,424185.0,4.12867
1762963200,424489.0,424489.0,419823.0,420968.0,5.317777
1762977600,420949.0,423578.0,420731.0,422524.0,1.941827
1762992000,422466.0,425614.0,420000.0,424693.0,5.193906
1763006400,424363.0,430999.0,422021.0,428774.0,4.321369
1763020800,428634.0,429887.0,425008.0,425998.0,2.339726
1763035200,425988.0,428110.0,420008.0,420008.0,4.094371
1763049600,420009.0,420364.0,407500.0,409339.0,14.076277
1763064000,409429.0,417635.0,406911.0,413942.0,9.737423
1763078400,413942.0,414523.0,409183.0,411741.0,8.879705
1763092800,411741.0,411803.0,400000.0,403003.0,19.923711
1763107200,403003.0,404100.0,398224.0,398225.0,10.373609
1763121600,398226.0,403894.0,392602.0,402502.0,19.50009
1763136000,402502.0,405000.0,395000.0,398832.0,5.105727
1763150400,398832.0,399741.0,392000.0,393735.0,3.937554
1763164800,393923.0,404088.0,393915.0,402102.0,6.110377
1763179200,402093.0,403669.0,401005.0,401875.0,3.480486
1763193600,401875.0,401876.0,398000.0,398001.0,5.048212
1763208000,398000.0,401000.0,397610.0,400233.0,3.585561
1763222400,400233.0,400419.0,398001.0,399068.0,1.040366
1763236800,399216.0,399216.0,395556.0,397372.0,1.146568
1763251200,397414.0,398613.0,394601.0,398224.0,4.059045
1763265600,398224.0,399416.0,397678.0,399300.0,1.758521
1763280000,399300.0,400998.0,397145.0,397472.0,3.619358
1763294400,397472.0,401000.0,393000.0,393000.0,5.631938
1763308800,393102.0,397561.0,391000.0,391001.0,7.600977
1763323200,391001.0,393523.0,388220.0,392442.0,11.217267
1763337600,392441.0,397168.0,390355.0,396958.0,5.591946
1763352000,397131.0,398982.0,394822.0,398070.0,3.082903
1763366400,398072.0,399000.0,396201.0,396520.0,4.681145
1763380800,396485.0,398001.0,388000.0,390005.0,8.591485
1763395200,390005.0,392464.0,382901.0,382901.0,13.414771
1763409600,382901.0,384999.0,380750.0,383999.0,7.160274
1763424000,383999.0,384988.0,377223.0,380981.0,11.712275
1763438400,380981.0,380981.0,375000.0,378686.0,15.019442
1763452800,378686.0,382754.0,375740.0,381956.0,9.87352
1763467200,382262.0,387695.0,379135.0,386956.0,8.328783
1763481600,386958.0,390000.0,385485.0,387507.0,3.509355
1763496000,387885.0,389225.0,386000.0,387733.0,2.358249
1763510400,387680.0,387680.0,382441.0,383498.0,4.297193
1763524800,383218.0,383382.0,376008.0,382752.0,6.419344
1763539200,382752.0,382808.0,380000.0,380806.0,2.687493
1763553600,380806.0,385000.0,375500.0,375501.0,8.909997
1763568000,375501.0,376157.0,370072.0,371248.0,8.299849
1763582400,370723.0,381652.0,370099.0,381570.0,2.809128
1763596800,381416.0,386999.0,380163.0,386356.0,5.012308
1763611200,386196.0,388887.0,382542.0,384511.0,5.979525
1763625600,384512.0,384589.0,380554.0,382344.0,3.206917
1763640000,382306.0,382889.0,375011.0,375236.0,7.091187
1763654400,375010.0,375010.0,362007.0,363999.0,15.750899
1763668800,363998.0,368000.0,361501.0,362415.0,7.345095
1763683200,362415.0,365000.0,353000.0,356048.0,20.378669
1763697600,356048.0,358439.0,345000.0,349498.0,23.414029
1763712000,349498.0,352000.0,340000.0,342698.0,21.493117
1763726400,342698.0,356627.0,337000.0,346160.0,28.474413
1763740800,346160.0,356468.0,344472.0,351008.0,9.235489
1763755200,351008.0,356001.0,348319.0,355443.0,3.113854
1763769600,355443.0,357000.0,351573.0,352405.0,5.247346
1763784000,352405.0,353627.0,350000.0,352921.0,4.267788
1763798400,352881.0,352881.0,347991.0,351459.0,5.91212
1763812800,351276.0,354999.0,349254.0,351486.0,7.103608
1763827200,351486.0,353891.0,351381.0,352809.0,2.018426
1763841600,352892.0,354999.0,351384.0,353002.0,1.214452
1763856000,353002.0,360000.0,353002.0,359998.0,9.097028
1763870400,359998.0,361997.0,357264.0,358150.0,9.085942
1763884800,358150.0,360999.0,358150.0,360483.0,5.478158
1763899200,360812.0,364741.0,360558.0,364377.0,6.190707
1763913600,364377.0,366299.0,362417.0,365215.0,3.581561
1763928000,365333.0,367857.0,362539.0,362664.0,3.591892
1763942400,362665.0,366512.0,358979.0,363155.0,8.879334
1763956800,363155.0,364999.0,358888.0,361998.0,5.741094
1763971200,361997.0,362047.0,357201.0,359259.0,4.278581
1763985600,359243.0,360064.0,350000.0,359379.0,8.488714
1764000000,359499.0,368000.0,359499.0,366074.0,5.021444
1764014400,366074.0,369310.0,366074.0,366123.0,3.883584
1764028800,366122.0,366122.0,361266.0,363337.0,6.174916
1764043200,363351.0,366242.0,363000.0,363001.0,3.772396
1764057600,363001.0,363679.0,360618.0,362602.0,4.470701
1764072000,362137.0,363985.0,358001.0,361025.0,5.201159
1764086400,361017.0,365721.0,358266.0,360383.0,1.557627
1764100800,360790.0,364415.0,359810.0,362701.0,0.80297
1764115200,362702.0,364956.0,360855.0,360993.0,2.986405
1764129600,360863.0,363999.0,360002.0,363998.0,2.581348
1764144000,363999.0,363999.0,360300.0,361477.0,2.703724
1764158400,361476.0,363916.0,359010.0,361106.0,4.549322
1764172800,361054.0,374922.0,361054.0,372681.0,6.066877
1764187200,372465.0,375557.0,370821.0,375209.0,4.408269
1764201600,375267.0,379875.0,373100.0,377080.0,8.03843
1764216000,377009.0,378744.0,377000.0,378283.0,5.636137
1764230400,378283.0,380000.0,378103.0,379102.0,5.046543
1764244800,379102.0,379287.0,376000.0,377868.0,4.44655
1764259200,377588.0,380817.0,377379.0,379996.0,1.715327
1764273600,379995.0,379995.0,378506.0,378814.0,1.639362
1764288000,378815.0,378815.0,376000.0,377503.0,4.524306
1764302400,377502.0,379310.0,376921.0,376921.0,3.51502
1764316800,376920.0,380000.0,376792.0,378517.0,3.868759
1764331200,378400.0,385000.0,378342.0,382386.0,4.063017
1764345600,382457.0,382724.0,375000.0,378833.0,4.339246
1764360000,377700.0,378693.0,376833.0,377630.0,0.794294
1764374400,377630.0,378180.0,376205.0,376640.0,3.134869
1764388800,376640.0,377480.0,375418.0,375700.0,1.674985
1764403200,375563.0,375720.0,375420.0,375720.0,2.115091
1764417600,375719.0,378004.0,375719.0,378004.0,2.054056
1764432000,377830.0,378748.0,375000.0,376332.0,1.978554
1764446400,376332.0,378028.0,375602.0,377012.0,0.315849
1764460800,377012.0,378001.0,375823.0,377579.0,1.536043
1764475200,377578.0,377786.0,376811.0,377554.0,1.239622
1764489600,377554.0,379985.0,377000.0,378225.0,3.194935
1764504000,378225.0,381952.0,378225.0,379918.0,3.247992
1764518400,379903.0,381477.0,378722.0,379453.0,1.325094
1764532800,379452.0,379819.0,375502.0,375502.0,2.301855
1764547200,375501.0,375501.0,345000.0,357937.0,27.331122
1764561600,357415.0,358670.0,354855.0,358546.0,7.757729
1764576000,358546.0,359986.0,357335.0,357335.0,8.271743
1764590400,357335.0,358668.0,345000.0,351007.0,9.114056
1764604800,351007.0,354524.0,348028.0,352710.0,3.216811
1764619200,353298.0,359999.0,353298.0,358181.0,1.197749
1764633600,358183.0,361998.0,358001.0,360640.0,4.948115
1764648000,360724.0,361831.0,360141.0,361123.0,3.632971
1764662400,361122.0,362972.0,358009.0,362241.0,2.744692
1764676800,362325.0,377869.0,361642.0,377403.0,10.825501
1764691200,377403.0,381768.0,374739.0,380372.0,6.279703
1764705600,380372.0,380816.0,375618.0,378300.0,4.835118
1764720000,378001.0,383217.0,375756.0,382617.0,4.832655
1764734400,382382.0,387126.0,382382.0,383881.0,6.102226
1764748800,383882.0,385235.0,382945.0,383492.0,3.760995
1764763200,383507.0,385543.0,379004.0,381003.0,6.554392
1764777600,381005.0,385733.0,377703.0,383828.0,4.767482
1764792000,382991.0,386887.0,376000.0,384648.0,4.316761
1764806400,384576.0,386000.0,381209.0,384267.0,4.4838
1764820800,384673.0,384722.0,381394.0,382999.0,3.096159
1764835200,382999.0,384131.0,381032.0,381500.0,2.940729
1764849600,381500.0,382511.0,378176.0,382262.0,4.613096
1764864000,382158.0,382882.0,375000.0,378759.0,3.734849
1764878400,379167.0,381121.0,378002.0,379588.0,0.733637
1764892800,379589.0,381635.0,379587.0,379751.0,1.927247
1764907200,379751.0,380429.0,378497.0,379002.0,3.165561
1764921600,379002.0,379110.0,375000.0,375986.0,2.361038
1764936000,375986.0,376836.0,371001.0,373149.0,8.25707
1764950400,373145.0,373146.0,364519.0,370076.0,4.389153
1764964800,369878.0,370355.0,367463.0,369492.0,3.103463
1764979200,369183.0,371118.0,368151.0,370701.0,2.557741
1764993600,370701.0,371085.0,370052.0,370295.0,1.016373
1765008000,370307.0,370760.0,368883.0,370381.0,1.734077
1765022400,370381.0,373000.0,370171.0,371603.0,2.55466
1765036800,371048.0,372069.0,369466.0,369721.0,1.589527
1765051200,370007.0,370365.0,367905.0,369003.0,0.627148
1765065600,369000.0,371039.0,368495.0,370870.0,1.198288
1765080000,371016.0,371025.0,368768.0,369240.0,2.15571
1765094400,369430.0,369955.0,368386.0,368550.0,1.024333
1765108800,368550.0,370418.0,362976.0,369963.0,4.491391
1765123200,369599.0,378549.0,368191.0,376909.0,1.769197
1765137600,376910.0,377556.0,367756.0,373225.0,1.203408
1765152000,373230.0,377998.0,371498.0,375436.0,2.852981
1765166400,375680.0,377701.0,375399.0,376549.0,3.565188
1765180800,376655.0,379766.0,376412.0,378387.0,3.955356
1765195200,378932.0,379790.0,370000.0,370719.0,4.116685
1765209600,370556.0,372876.0,370001.0,371999.0,0.477321
1765224000,371751.0,376045.0,371751.0,373179.0,1.540637
1765238400,373180.0,373945.0,371000.0,372888.0,1.59748
1765252800,372888.0,373512.0,370082.0,373332.0,3.027104
1765267200,373331.0,373641.0,370472.0,371947.0,3.638972
1765281600,371946.0,381525.0,371429.0,381501.0,5.114817
1765296000,381506.0,386899.0,381506.0,383980.0,9.288259
1765310400,382908.0,384032.0,377594.0,379163.0,2.229209
1765324800,379164.0,379868.0,377202.0,379639.0,4.270763
1765339200,379639.0,380915.0,379638.0,380539.0,2.570283
1765353600,380539.0,381903.0,378300.0,378927.0,5.094274
1765368000,378928.0,379256.0,378195.0,378544.0,4.791238
1765382400,378545.0,383000.0,378100.0,382049.0,7.931599
1765396800,382049.0,386900.0,378045.0,378870.0,6.256998
1765411200,378869.0,378870.0,369000.0,370086.0,6.139568
1765425600,370076.0,372600.0,369556.0,371963.0,2.561699
1765440000,372143.0,372932.0,371002.0,372270.0,5.544595
1765454400,372270.0,373523.0,368883.0,370516.0,7.070947
1765468800,370516.0,376445.0,369000.0,373990.0,3.647765
1765483200,373986.0,384000.0,373986.0,380601.0,4.804693
1765497600,380602.0,380659.0,376633.0,379214.0,4.777638
1765512000,379213.0,379572.0,378482.0,378725.0,3.264984
1765526400,378725.0,379483.0,378003.0,378547.0,2.263348
1765540800,378547.0,378917.0,370002.0,370002.0,4.302041
1765555200,370003.0,373362.0,368000.0,371044.0,4.328323
1765569600,371044.0,372332.0,370528.0,372001.0,1.019654
1765584000,371866.0,372665.0,371316.0,372146.0,1.84456
1765598400,372146.0,372545.0,371945.0,372327.0,1.610329
1765612800,372328.0,373096.0,372141.0,372457.0,1.617047
1765627200,372457.0,372775.0,370701.0,370897.0,1.306344
1765641600,370897.0,371501.0,370851.0,371380.0,1.324631
1765656000,371439.0,371855.0,370002.0,371651.0,0.54442
1765670400,371651.0,372463.0,371191.0,371582.0,0.596605
1765684800,371582.0,371599.0,371229.0,371230.0,1.367915
1765699200,371230.0,371239.0,365854.0,367499.0,3.036727
1765713600,367500.0,369123.0,366144.0,366377.0,2.786904
1765728000,366377.0,367785.0,364740.0,364740.0,1.566704
1765742400,364740.0,365557.0,361501.0,362999.0,2.598033
1765756800,362998.0,369246.0,362889.0,366811.0,3.551764
1765771200,366538.0,368632.0,366538.0,368229.0,1.88595
1765785600,368229.0,368959.0,367500.0,368002.0,1.941615
1765800000,368001.0,368858.0,355000.0,358710.0,8.248329
1765814400,358550.0,358994.0,351264.0,355099.0,6.248972
1765828800,354444.0,356130.0,352363.0,355943.0,2.20716
1765843200,355943.0,355943.0,351000.0,352299.0,6.326963
1765857600,352299.0,355288.0,350889.0,353771.0,3.67063
1765872000,353755.0,358396.0,353382.0,358091.0,3.934256
1765886400,358028.0,360815.0,353301.0,360024.0,5.986606
1765900800,360024.0,361129.0,357081.0,359913.0,1.250408
1765915200,359944.0,361113.0,358985.0,360599.0,0.89054
1765929600,360599.0,360599.0,357053.0,357156.0,2.037889
1765944000,357156.0,357874.0,353216.0,356809.0,2.521096
1765958400,356539.0,356968.0,354100.0,356335.0,2.182286
1765972800,356647.0,369942.0,355662.0,357549.0,5.822391
1765987200,357445.0,359490.0,351010.0,353421.0,3.496091
1766001600,353369.0,354900.0,352184.0,353671.0,1.423135
1766016000,353671.0,356725.0,353001.0,355746.0,3.258261
1766030400,355970.0,357330.0,354799.0,356147.0,2.115319
1766044800,356184.0,358503.0,355623.0,358107.0,2.458424
1766059200,358107.0,366799.0,357900.0,363214.0,5.489337
1766073600,363213.0,363213.0,347091.0,347219.0,5.716344
1766088000,347218.0,351777.0,347102.0,351038.0,1.846599
1766102400,351038.0,358389.0,349443.0,355358.0,5.515587
1766116800,355723.0,360839.0,354897.0,359086.0,3.019204
1766131200,359086.0,360823.0,358362.0,360478.0,2.593214
1766145600,360479.0,363895.0,358000.0,358882.0,5.483458
1766160000,359434.0,361658.0,354444.0,357825.0,1.878321
1766174400,357825.0,359986.0,357577.0,359031.0,1.151443
1766188800,359031.0,359846.0,358834.0,359583.0,1.411288
1766203200,359583.0,360711.0,359583.0,360008.0,1.277715
1766217600,360009.0,360655.0,360008.0,360039.0,1.184761
1766232000,360039.0,360367.0,359230.0,359867.0,1.589103
1766246400,359867.0,360510.0,359866.0,360023.0,0.543504
1766260800,360024.0,360098.0,360023.0,360030.0,0.42408
1766275200,360030.0,360100.0,359007.0,359301.0,1.460618
1766289600,359302.0,359949.0,359111.0,359391.0,1.087604
1766304000,359391.0,362253.0,359390.0,361561.0,2.09294
1766318400,361561.0,362459.0,357812.0,359341.0,2.31225
1766332800,359100.0,360942.0,358861.0,360863.0,0.847113
1766347200,360516.0,361710.0,359565.0,361203.0,1.269721
1766361600,361203.0,364514.0,359216.0,361751.0,3.749673
1766376000,361752.0,362915.0,361752.0,362915.0,2.990057
1766390400,362915.0,367200.0,362914.0,367002.0,5.143914
1766404800,367013.0,368885.0,364300.0,366050.0,3.977426
1766419200,366050.0,367692.0,360000.0,360000.0,3.158179
1766433600,360000.0,362595.0,359889.0,361866.0,1.745859
1766448000,361867.0,362632.0,359000.0,359891.0,2.55321
1766462400,359892.0,360209.0,355614.0,357046.0,3.339913
1766476800,357045.0,358465.0,356501.0,358464.0,1.593893
1766491200,358417.0,358943.0,354083.0,357034.0,3.039837
1766505600,356988.0,359412.0,353870.0,357795.0,2.636321
1766520000,357794.0,359952.0,355515.0,356482.0,0.784065
1766534400,356483.0,357388.0,354265.0,355459.0,2.230092
1766548800,355459.0,355681.0,353491.0,353491.0,2.979354
1766563200,353492.0,354379.0,352001.0,353946.0,3.217051
1766577600,353945.0,355060.0,351697.0,352852.0,2.150745
1766592000,353193.0,354999.0,352865.0,354742.0,0.566522
1766606400,354644.0,356769.0,354644.0,355268.0,0.84622
1766620800,355269.0,356000.0,354956.0,355989.0,0.794928
1766635200,355989.0,355989.0,354453.0,355988.0,1.194875
1766649600,355989.0,355989.0,354495.0,355312.0,1.196785
1766664000,355312.0,359484.0,355002.0,358790.0,1.141801
1766678400,358790.0,358831.0,357120.0,357623.0,0.631827
1766692800,357622.0,357623.0,353354.0,354340.0,0.642014
1766707200,354341.0,361451.0,353354.0,359016.0,3.570322
1766721600,358981.0,361500.0,357240.0,357448.0,2.451982
1766736000,357449.0,359522.0,357449.0,358252.0,1.591354
1766750400,358251.0,359425.0,351601.0,352840.0,3.978922
1766764800,353084.0,354807.0,352322.0,354681.0,0.691188
1766779200,354680.0,355725.0,354209.0,354790.0,0.379142
1766793600,354763.0,355421.0,354434.0,355394.0,0.708275
1766808000,355394.0,356000.0,355043.0,355556.0,1.103069
1766822400,355543.0,355903.0,355084.0,355214.0,1.118321
1766836800,355382.0,355636.0,355220.0,355636.0,0.614757
1766851200,355636.0,355881.0,355531.0,355626.0,0.465513
1766865600,355627.0,356500.0,355580.0,356500.0,1.114892
1766880000,356500.0,356562.0,355584.0,356002.0,0.616464
1766894400,356002.0,356002.0,355581.0,355582.0,1.105392
1766908800,355823.0,356599.0,355822.0,356224.0,0.854521
1766923200,356224.0,356597.0,356147.0,356241.0,1.322084
1766937600,356240.0,356331.0,355101.0,355102.0,0.558027
1766952000,355101.0,356500.0,355038.0,356199.0,0.675439
1766966400,356198.0,364497.0,355801.0,364497.0,4.518118
1766980800,364497.0,365296.0,362017.0,362521.0,4.048955
1766995200,362521.0,363597.0,355555.0,355556.0,4.076139
1767009600,355556.0,357836.0,353003.0,356312.0,4.360113
1767024000,356306.0,357115.0,355140.0,355355.0,1.284999
1767038400,355355.0,355994.0,354750.0,354923.0,0.553159
1767052800,354924.0,355195.0,353550.0,354001.0,2.422987
1767067200,354001.0,354307.0,353500.0,353718.0,3.341967
1767081600,353718.0,355129.0,353451.0,354349.0,9.098778
1767096000,354405.0,359609.0,354405.0,359188.0,3.936858
1767110400,359612.0,360500.0,355000.0,355453.0,3.698768
1767124800,355048.0,356843.0,354106.0,356479.0,3.266834
1767139200,356478.0,357997.0,355677.0,357021.0,1.821856
1767153600,357020.0,357963.0,356594.0,357963.0,1.467493
1767168000,357963.0,360598.0,357214.0,360584.0,3.19932
1767182400,360584.0,361000.0,356591.0,357001.0,2.730095
1767196800,357002.0,357043.0,355011.0,355951.0,1.415076
1767211200,355950.0,356787.0,355011.0,356555.0,1.895805
1767225600,356555.0,359002.0,356554.0,358074.0,8.063703
1767240000,358157.0,358158.0,356002.0,357179.0,6.256057
1767254400,357179.0,358498.0,357179.0,358498.0,1.637842
1767268800,358497.0,359000.0,358106.0,358845.0,1.715476
1767283200,358846.0,360000.0,358195.0,359498.0,1.040805
1767297600,359526.0,361300.0,359497.0,361300.0,0.827293
1767312000,361299.0,361300.0,359076.0,361200.0,2.595201
1767326400,361200.0,361201.0,359240.0,359923.0,1.657932
1767340800,360378.0,363471.0,359753.0,362301.0,3.279456
1767355200,362301.0,364368.0,358660.0,362001.0,1.828478
1767369600,362001.0,367777.0,361502.0,363853.0,2.657655
1767384000,363852.0,364999.0,362863.0,363590.0,1.155816
1767398400,363590.0,365794.0,363590.0,365735.0,1.832618
1767412800,365699.0,365999.0,362319.0,362866.0,1.583816
1767427200,362823.0,364314.0,362185.0,363212.0,0.950862
1767441600,363020.0,364968.0,362653.0,364001.0,1.41777
1767456000,364001.0,364575.0,363616.0,364171.0,0.912366
1767470400,364170.0,366418.0,363938.0,365979.0,1.040212
1767484800,365979.0,369088.0,365979.0,369003.0,3.039541
1767499200,369003.0,370997.0,369002.0,370361.0,2.519252
1767513600,370361.0,370573.0,369218.0,369901.0,1.579313
1767528000,369902.0,369957.0,369008.0,369404.0,1.798763
1767542400,369482.0,369499.0,368183.0,368604.0,0.684339
1767556800,368590.0,369600.0,368590.0,369600.0,0.699033
1767571200,369600.0,378471.0,369599.0,378101.0,8.263954
1767585600,378102.0,378103.0,376046.0,376062.0,3.837436
1767600000,376172.0,378626.0,376046.0,378626.0,2.322783
1767614400,378625.0,382115.0,377001.0,382112.0,5.118318
1767628800,382112.0,383017.0,377229.0,382554.0,3.478652
1767643200,382555.0,383699.0,380772.0,380788.0,3.444366
1767657600,380741.0,380742.0,378378.0,379127.0,3.420002
1767672000,378878.0,379676.0,376670.0,376901.0,3.933244
1767686400,376901.0,379682.0,376621.0,379595.0,1.933368
1767700800,379595.0,381550.0,378189.0,378995.0,5.69232
1767715200,379450.0,379786.0,371101.0,373054.0,5.515406
1767729600,373053.0,379704.0,373053.0,379283.0,3.132987
1767744000,379287.0,379287.0,373470.0,375320.0,2.656878
1767758400,375320.0,375998.0,375000.0,375997.0,1.535972
1767772800,375997.0,376000.0,372000.0,373681.0,2.785893
1767787200,373647.0,374094.0,370400.0,370712.0,5.890798
1767801600,370704.0,371998.0,369001.0,370929.0,3.536322
1767816000,370929.0,371502.0,369322.0,371155.0,1.741487
1767830400,371156.0,371817.0,369005.0,369318.0,3.158227
1767844800,369318.0,370686.0,365501.0,367906.0,4.474188
1767859200,367906.0,368502.0,366000.0,367070.0,1.723131
1767873600,367070.0,368872.0,364001.0,368872.0,8.246415
1767888000,368872.0,371508.0,367109.0,368871.0,5.139038
1767902400,368872.0,371424.0,367949.0,369659.0,1.15061
1767916800,369600.0,371699.0,363937.0,370486.0,3.865741
1767931200,370487.0,370487.0,369002.0,369002.0,1.762467
1767945600,369055.0,369332.0,365002.0,367900.0,2.604068
1767960000,367960.0,373500.0,362877.0,370002.0,7.610825
1767974400,370821.0,372924.0,367002.0,367745.0,1.374005
1767988800,367601.0,369249.0,367041.0,369000.0,0.341509
1768003200,369001.0,369127.0,368721.0,369112.0,0.972052
1768017600,369112.0,369490.0,368509.0,369463.0,0.90173
1768032000,369463.0,370000.0,369224.0,369813.0,1.06147
1768046400,369813.0,370023.0,369561.0,369951.0,1.4654
1768060800,369951.0,370383.0,369616.0,369993.0,0.602553
1768075200,369992.0,369999.0,369416.0,369859.0,0.376029
1768089600,369816.0,370493.0,369519.0,370354.0,0.980846
1768104000,370499.0,370899.0,370348.0,370502.0,1.383876
1768118400,370503.0,370896.0,370499.0,370556.0,1.618228
1768132800,370559.0,372000.0,370558.0,370883.0,1.336264
1768147200,371226.0,372460.0,370000.0,370003.0,1.092221
1768161600,370002.0,371377.0,368875.0,371192.0,1.133989
1768176000,371356.0,376174.0,370389.0,373307.0,4.363711
1768190400,373538.0,374761.0,371026.0,371420.0,2.744771
1768204800,371393.0,372024.0,367783.0,368843.0,4.345836
1768219200,368843.0,372684.0,366573.0,372683.0,3.805351
1768233600,372684.0,375000.0,370741.0,372956.0,2.818756
1768248000,372956.0,373838.0,370000.0,371127.0,1.444095
1768262400,371004.0,371825.0,370003.0,370925.0,1.762573
1768276800,370935.0,373999.0,370934.0,373337.0,2.09252
1768291200,373337.0,375432.0,373210.0,373638.0,5.273821
1768305600,373637.0,377900.0,373001.0,377900.0,5.69946
1768320000,377997.0,380499.0,376944.0,380499.0,3.972344
1768334400,380499.0,387000.0,379991.0,384645.0,11.301934
1768348800,384189.0,385000.0,383118.0,384999.0,3.274908
1768363200,385000.0,385248.0,381670.0,383398.0,3.742279
1768377600,383398.0,384000.0,382488.0,382766.0,2.234674
1768392000,382766.0,391227.0,382751.0,390706.0,10.505382
1768406400,390735.0,394239.0,388995.0,392213.0,4.827205
1768420800,392385.0,394300.0,390052.0,390835.0,3.152787
1768435200,390834.0,391005.0,387001.0,387732.0,3.418926
1768449600,387636.0,390801.0,387631.0,390436.0,2.20735
1768464000,390500.0,392681.0,388907.0,390997.0,2.445002
1768478400,390930.0,392681.0,386268.0,390998.0,6.559542
1768492800,391000.0,391999.0,385522.0,386442.0,1.786575
1768507200,386442.0,387924.0,385195.0,387375.0,0.909525
1768521600,387375.0,388627.0,387375.0,387501.0,2.506163
1768536000,387501.0,388506.0,386354.0,387754.0,1.737798
1768550400,387847.0,388469.0,386509.0,386671.0,1.938867
1768564800,386671.0,388765.0,383505.0,384097.0,3.233259
1768579200,384039.0,386341.0,384039.0,385537.0,1.07763
1768593600,385321.0,387799.0,384457.0,387799.0,0.98382
1768608000,387611.0,387729.0,386800.0,386803.0,0.969519
1768622400,386803.0,386952.0,384912.0,385911.0,1.400598
1768636800,385913.0,386540.0,385907.0,386399.0,1.073649
1768651200,386399.0,387800.0,386399.0,387718.0,0.866532
1768665600,387718.0,387718.0,386751.0,386751.0,0.745464
1768680000,386751.0,386950.0,385909.0,385941.0,0.236476
1768694400,385941.0,386264.0,385252.0,386001.0,1.735294
1768708800,386000.0,386137.0,385250.0,385251.0,0.888287
1768723200,385200.0,386295.0,385100.0,385503.0,0.782354
1768737600,385503.0,386579.0,385156.0,386092.0,1.422137
1768752000,386092.0,387624.0,386092.0,387214.0,0.358045
1768766400,387214.0,387701.0,380502.0,380502.0,2.561724
1768780800,380503.0,380754.0,375000.0,376924.0,12.24141
1768795200,376886.0,377572.0,376501.0,376999.0,2.505673
1768809600,377000.0,378499.0,377000.0,377926.0,2.83339
1768824000,377926.0,377999.0,376102.0,377199.0,4.033223
1768838400,377199.0,378202.0,376809.0,377098.0,0.807756
1768852800,377098.0,377100.0,374100.0,375297.0,1.790766
1768867200,375298.0,375999.0,374068.0,374140.0,2.344733
1768881600,374128.0,374147.0,368202.0,369201.0,4.030872
1768896000,369202.0,370000.0,368088.0,369636.0,3.943456
1768910400,369636.0,369997.0,365221.0,367745.0,5.740181
1768924800,368046.0,369441.0,363203.0,364260.0,3.444027
1768939200,364124.0,364946.0,358018.0,359546.0,7.131686
1768953600,359546.0,364692.0,359203.0,364212.0,2.661768
1768968000,364212.0,366416.0,363100.0,363100.0,1.912345
1768982400,363104.0,363941.0,361000.0,361001.0,2.265147
1768996800,361000.0,366771.0,358717.0,365705.0,6.40792
1769011200,365739.0,366239.0,355001.0,365942.0,3.256897
1769025600,365169.0,366069.0,362387.0,362387.0,0.651063
1769040000,362387.0,365564.0,362371.0,363789.0,2.458979
1769054400,363788.0,365000.0,363612.0,363617.0,1.621312
1769068800,363616.0,364429.0,363616.0,363901.0,1.070065
1769083200,363901.0,364557.0,358501.0,360047.0,2.618153
1769097600,360215.0,363615.0,359142.0,363507.0,0.920036
1769112000,363392.0,364017.0,361272.0,362665.0,0.643852
1769126400,362666.0,363239.0,361502.0,362300.0,2.122945
1769140800,362300.0,362586.0,358625.0,359115.0,7.636762
1769155200,359102.0,359788.0,357003.0,358331.0,7.821343
1769169600,358346.0,360983.0,353873.0,360433.0,5.766259
1769184000,360720.0,366276.0,360000.0,360953.0,2.061308
1769198400,360689.0,361275.0,358351.0,359412.0,0.619331
1769212800,359413.0,361187.0,358926.0,360408.0,1.164649
1769227200,360408.0,361164.0,360203.0,360664.0,1.435885
1769241600,360665.0,360959.0,360664.0,360791.0,1.180375
1769256000,360791.0,360791.0,358551.0,358552.0,1.418046
1769270400,358551.0,358551.0,358000.0,358001.0,0.477766
1769284800,358000.0,358223.0,358000.0,358001.0,0.629648
1769299200,358001.0,358001.0,356380.0,356936.0,1.364331
1769313600,356896.0,357511.0,356173.0,356397.0,1.622145
1769328000,356397.0,356621.0,355000.0,356374.0,1.534338
1769342400,356374.0,357719.0,356000.0,356001.0,1.389269
1769356800,356001.0,356001.0,347900.0,348346.0,7.514349
1769371200,348346.0,350000.0,346900.0,348726.0,3.927224
1769385600,348769.0,350000.0,346001.0,347049.0,6.690312
1769400000,347048.0,350000.0,347048.0,349970.0,2.82622
1769414400,349970.0,351100.0,348092.0,348765.0,4.366757
1769428800,348765.0,352238.0,347500.0,348067.0,4.766702
1769443200,348067.0,351213.0,346501.0,349617.0,3.471931
1769457600,349617.0,351869.0,347627.0,350614.0,1.330841
1769472000,350615.0,352400.0,350601.0,352064.0,2.40242
1769486400,352065.0,352972.0,350601.0,350767.0,1.849843
1769500800,350766.0,350767.0,347173.0,349753.0,2.690131
1769515200,349753.0,350765.0,347501.0,349198.0,2.684583
1769529600,349242.0,351160.0,346193.0,349780.0,2.034321
1769544000,349793.0,354000.0,349793.0,353450.0,2.415734
1769558400,353450.0,353450.0,349188.0,350098.0,4.119175
1769572800,349734.0,350433.0,348901.0,349716.0,2.147782
1769587200,349715.0,353100.0,348702.0,353100.0,1.826426
1769601600,353100.0,354000.0,349289.0,351236.0,2.933127
1769616000,351235.0,354998.0,349998.0,351464.0,2.061563
1769630400,351036.0,352064.0,349277.0,350519.0,0.639771
1769644800,350519.0,350519.0,345566.0,346195.0,3.417684
1769659200,346082.0,346977.0,346001.0,346742.0,3.39184
1769673600,346742.0,347224.0,345389.0,345389.0,2.072916
1769688000,345390.0,346518.0,333588.0,335541.0,12.2683
1769702400,335192.0,338319.0,330504.0,333372.0,7.432323
1769716800,332623.0,336200.0,332271.0,336145.0,2.024081
1769731200,336145.0,336322.0,320000.0,327188.0,15.863439
1769745600,327188.0,329584.0,324900.0,326945.0,7.60496
1769760000,326956.0,328977.0,324673.0,328602.0,4.950334
1769774400,328601.0,331059.0,326002.0,327986.0,5.231273
1769788800,327984.0,334485.0,325000.0,334480.0,3.76738
1769803200,333646.0,335794.0,331001.0,335591.0,2.42475
1769817600,335590.0,336417.0,335000.0,335903.0,2.048453
1769832000,335903.0,335903.0,333540.0,333948.0,2.576146
1769846400,333948.0,333948.0,331000.0,331501.0,3.549455
1769860800,331501.0,331891.0,323500.0,325169.0,6.864201
1769875200,325147.0,327668.0,306546.0,311951.0,15.672255
1769889600,311536.0,317677.0,309087.0,315901.0,4.207802
1769904000,316123.0,318569.0,314558.0,317378.0,9.126935
1769918400,317378.0,317997.0,313149.0,314181.0,6.187202
1769932800,314181.0,316888.0,313509.0,315288.0,4.025859
1769947200,315288.0,315288.0,307613.0,310797.0,10.333011
1769961600,310793.0,313500.0,307559.0,309000.0,4.545508
1769976000,308946.0,311080.0,305000.0,308288.0,7.83779
1769990400,308598.0,311988.0,300000.0,305244.0,17.098634
1770004800,305246.0,307522.0,300155.0,306633.0,10.786537
1770019200,306915.0,311690.0,306537.0,311140.0,5.305317
1770033600,311301.0,316819.0,310901.0,315572.0,7.787605
1770048000,315527.0,317148.0,313699.0,314336.0,3.212757
1770062400,313700.0,316069.0,312229.0,315568.0,1.719053
1770076800,315567.0,316086.0,309201.0,312835.0,11.413549
1770091200,312835.0,313723.0,309101.0,311284.0,4.64704
1770105600,311284.0,311611.0,308000.0,308710.0,3.662282
1770120000,308604.0,310161.0,305040.0,308852.0,4.773396
1770134400,308838.0,308838.0,290000.0,297162.0,11.728536
1770148800,297162.0,304822.0,295793.0,299270.0,3.878962
1770163200,298980.0,302786.0,297889.0,301904.0,7.368311
1770177600,301901.0,302147.0,300000.0,301131.0,2.894932
1770192000,301131.0,301472.0,298501.0,299847.0,3.094902
1770206400,299601.0,300368.0,291251.0,292699.0,8.336358
1770220800,292692.0,293559.0,286240.0,292523.0,9.794295
1770235200,292854.0,293704.0,285501.0,290130.0,5.51745
1770249600,290129.0,290130.0,281813.0,281961.0,13.034921
1770264000,281813.0,282500.0,278156.0,279000.0,18.226717
1770278400,279018.0,284262.0,277000.0,278040.0,11.088714
1770292800,278157.0,279821.0,265912.0,267504.0,27.413777
1770307200,267504.0,271953.0,259000.0,259010.0,21.776599
1770321600,259013.0,261036.0,250000.0,251724.0,22.95223
1770336000,251725.0,264434.0,244000.0,256134.0,45.824053
1770350400,256101.0,270000.0,255332.0,258166.0,14.829429
1770364800,257767.0,264880.0,256531.0,264761.0,10.825272
1770379200,264800.0,276825.0,263134.0,275180.0,18.232514
1770393600,275177.0,285447.0,275158.0,281700.0,17.072202
1770408000,281867.0,285412.0,278297.0,280724.0,5.592552
1770422400,280693.0,282791.0,277900.0,282534.0,9.179306
1770436800,282828.0,286000.0,270016.0,272042.0,8.51806
1770451200,272000.0,274712.0,269203.0,270402.0,5.759492
1770465600,269882.0,279269.0,269882.0,274537.0,4.3059
1770480000,274841.0,277357.0,272612.0,275340.0,3.315064
1770494400,275399.0,276964.0,273433.0,275335.0,1.910447
1770508800,275176.0,276641.0,273611.0,274359.0,4.564192
1770523200,274363.0,276545.0,274002.0,276545.0,3.181345
1770537600,276632.0,282001.0,276002.0,281775.0,4.23863
1770552000,281541.0,283998.0,280549.0,282264.0,6.032412
1770566400,282452.0,283769.0,279127.0,283769.0,1.204648
1770580800,281437.0,285997.0,277647.0,278624.0,2.556316
1770595200,278621.0,281638.0,276715.0,281018.0,4.52524
1770609600,281543.0,281543.0,277663.0,278310.0,2.980345
1770624000,278311.0,278764.0,270576.0,272062.0,5.836821
1770638400,272099.0,275785.0,270203.0,274953.0,7.217347
1770652800,274053.0,279869.0,273001.0,279869.0,2.33722
1770667200,279384.0,279999.0,275661.0,276060.0,4.457084
1770681600,276070.0,277407.0,273001.0,273684.0,3.981353
1770696000,273950.0,275169.0,271301.0,272033.0,3.114874
1770710400,272032.0,273602.0,270204.0,270319.0,3.203568
1770724800,270735.0,274268.0,268219.0,273120.0,4.769178
1770739200,273107.0,275486.0,270500.0,271931.0,2.905746
1770753600,271655.0,272046.0,269334.0,271079.0,1.754091
1770768000,271080.0,272278.0,268219.0,268899.0,4.959627
1770782400,268550.0,268871.0,263141.0,264791.0,8.237011
1770796800,264790.0,264790.0,261507.0,263925.0,6.540162
1770811200,263925.0,270219.0,259611.0,261968.0,13.520292
1770825600,261967.0,267020.0,259999.0,266130.0,1.641583
1770840000,266130.0,268684.0,262905.0,264078.0,1.481695
1770854400,264147.0,267395.0,264008.0,264649.0,4.035179
1770868800,264650.0,265413.0,261501.0,263537.0,2.746106
1770883200,263540.0,267501.0,262706.0,267083.0,5.056523
1770897600,267177.0,267959.0,263032.0,263032.0,3.70424
1770912000,263548.0,263549.0,255552.0,258482.0,5.10779
1770926400,258027.0,260526.0,256000.0,259835.0,2.158204
1770940800,259774.0,261633.0,258119.0,261552.0,5.116445
1770955200,261552.0,261553.0,259015.0,259503.0,4.733174
1770969600,259575.0,262803.0,259495.0,262796.0,4.788589
1770984000,262796.0,270003.0,261344.0,267862.0,7.285453
1770998400,267861.0,271000.0,267861.0,269705.0,1.974793
1771012800,269704.0,269808.0,268567.0,269191.0,0.616384
1771027200,269193.0,269995.0,268822.0,269775.0,1.481078
1771041600,269775.0,270999.0,269155.0,270999.0,1.706572
1771056000,270999.0,276142.0,270999.0,275974.0,5.524601
1771070400,276142.0,276142.0,271114.0,273170.0,3.046205
1771084800,273170.0,273830.0,271502.0,273354.0,0.872958
1771099200,273386.0,274985.0,273001.0,273364.0,1.138731
1771113600,273365.0,274119.0,271541.0,274088.0,3.03047
1771128000,274089.0,277430.0,274089.0,276971.0,4.698113
1771142400,277291.0,277431.0,274646.0,274666.0,2.550142
1771156800,274715.0,274989.0,269008.0,270253.0,5.183853
1771171200,270255.0,270282.0,266780.0,267292.0,2.355997
1771185600,267289.0,270240.0,267142.0,269263.0,1.684774
1771200000,269263.0,270000.0,266684.0,267472.0,2.722835
1771214400,267506.0,269449.0,267495.0,268331.0,2.066811
1771228800,268353.0,270228.0,268081.0,269754.0,4.350238
1771243200,269660.0,274205.0,263939.0,264626.0,5.644133
1771257600,264930.0,267402.0,264699.0,266398.0,1.576645
1771272000,266340.0,269995.0,266125.0,269889.0,0.502369
1771286400,269889.0,271625.0,268118.0,268503.0,4.168373
1771300800,268503.0,269182.0,266204.0,268144.0,1.433921
1771315200,268111.0,268377.0,265567.0,266210.0,1.964408
1771329600,266130.0,267943.0,261801.0,264199.0,3.663088
1771344000,264418.0,267448.0,262651.0,266000.0,1.155367
1771358400,265613.0,266219.0,263103.0,264489.0,1.924313
1771372800,264489.0,265231.0,262345.0,265047.0,2.369649
1771387200,265047.0,267360.0,264611.0,267209.0,2.160496
1771401600,267210.0,268319.0,263552.0,264361.0,2.301717
1771416000,264672.0,268422.0,262511.0,266168.0,2.732335
1771430400,265550.0,265550.0,260225.0,260260.0,2.014545
1771444800,260566.0,261924.0,260000.0,261885.0,2.21464
1771459200,261900.0,263677.0,261504.0,263255.0,3.932799
1771473600,263256.0,266175.0,262727.0,263805.0,3.862106
1771488000,263806.0,263807.0,261468.0,261468.0,3.304195
1771502400,261467.0,262414.0,259203.0,261318.0,3.6536
1771516800,261265.0,263648.0,260000.0,262995.0,1.606421
1771531200,262995.0,263448.0,261838.0,263042.0,0.765291
1771545600,262980.0,264987.0,262946.0,264596.0,1.880942
1771560000,264591.0,266915.0,264001.0,266251.0,3.639146
1771574400,266250.0,267792.0,264872.0,264872.0,5.018159
1771588800,264108.0,266934.0,261500.0,265332.0,3.701088
1771603200,265483.0,267079.0,263253.0,265705.0,0.825007
1771617600,266065.0,267500.0,265373.0,266893.0,0.310702
1771632000,267097.0,267299.0,265134.0,265305.0,1.67926
1771646400,265322.0,266000.0,265169.0,265825.0,2.757152
1771660800,265824.0,267500.0,265796.0,267305.0,1.590754
1771675200,267305.0,269000.0,266236.0,268997.0,2.037072
1771689600,268854.0,268854.0,267001.0,268177.0,0.825512
1771704000,268223.0,268381.0,266032.0,266601.0,0.727419
1771718400,266601.0,267496.0,266127.0,266809.0,1.606572
1771732800,266810.0,267208.0,266520.0,266802.0,2.028745
1771747200,266802.0,267562.0,266478.0,267550.0,1.312745
1771761600,267644.0,267644.0,264130.0,265411.0,3.070062
1771776000,265411.0,265440.0,263684.0,264276.0,1.113037
1771790400,264276.0,265476.0,264253.0,265391.0,0.508109
1771804800,265163.0,268000.0,252923.0,254761.0,19.641383
1771819200,254761.0,258079.0,254000.0,257923.0,5.21462
1771833600,257923.0,259999.0,256601.0,258622.0,3.355896
1771848000,258606.0,259699.0,256209.0,256573.0,2.359418
1771862400,256450.0,256453.0,250888.0,251087.0,4.509663
1771876800,251094.0,253893.0,250073.0,252783.0,1.924307
1771891200,252783.0,266555.0,248817.0,249131.0,38.172392
1771905600,249131.0,249682.0,246250.0,247212.0,9.761097
1771920000,247245.0,247999.0,246505.0,246843.0,10.695987
1771934400,246843.0,250289.0,245000.0,250277.0,5.843256
1771948800,250273.0,253972.0,249068.0,251961.0,3.083438
1771963200,252032.0,252200.0,250002.0,250610.0,1.03327
1771977600,250647.0,258834.0,250251.0,255000.0,6.199715
1771992000,255218.0,256212.0,253000.0,253684.0,4.508461
1772006400,253643.0,256271.0,253485.0,255613.0,3.910827
1772020800,255612.0,263000.0,255271.0,262495.0,7.111059
1772035200,262495.0,270000.0,262495.0,268707.0,7.232025
1772049600,268707.0,271447.0,262716.0,263735.0,5.602637
1772064000,263897.0,266500.0,263021.0,264962.0,3.805795
1772078400,264851.0,267779.0,264499.0,264653.0,4.949737
1772092800,264574.0,267803.0,264163.0,265665.0,2.339221
1772107200,265672.0,266472.0,261001.0,263002.0,3.29152
1772121600,262959.0,264277.0,260000.0,263542.0,2.319351
1772136000,263627.0,264552.0,262082.0,263510.0,1.995783
1772150400,263510.0,263991.0,261501.0,263991.0,3.090736
1772164800,263991.0,265947.0,263507.0,264331.0,2.455064
1772179200,264329.0,266021.0,258555.0,258869.0,4.789036
1772193600,258870.0,264540.0,257601.0,259062.0,3.165792
1772208000,258986.0,259039.0,255414.0,256251.0,3.754201
1772222400,256355.0,258485.0,255006.0,258221.0,2.784414
1772236800,258221.0,259255.0,258001.0,258602.0,2.707633
1772251200,258602.0,258602.0,249000.0,251192.0,7.656455
1772265600,251218.0,251741.0,249449.0,250515.0,6.1371
1772280000,250516.0,256615.0,250499.0,254333.0,4.713333
1772294400,254079.0,261374.0,254077.0,260000.0,5.806766
1772308800,260002.0,264540.0,259878.0,262227.0,2.512954
1772323200,262226.0,266000.0,259000.0,263850.0,4.331853
1772337600,263850.0,264233.0,260475.0,261752.0,3.688893
1772352000,261759.0,261760.0,258033.0,258718.0,3.434354
1772366400,258993.0,262000.0,257946.0,260850.0,2.756077
1772380800,260851.0,261664.0,256401.0,257133.0,1.815578
1772395200,256713.0,258523.0,254020.0,256474.0,2.43826
1772409600,256473.0,262346.0,256473.0,261646.0,4.975731
1772424000,261646.0,261950.0,257201.0,259234.0,4.753474
1772438400,259201.0,261948.0,258145.0,260969.0,2.925682
1772452800,260969.0,272812.0,257210.0,271209.0,7.786942
1772467200,271209.0,274445.0,269288.0,270164.0,3.540216
1772481600,270164.0,272257.0,269288.0,270418.0,3.565151
1772496000,270421.0,271887.0,267851.0,268354.0,3.317218
1772510400,268354.0,268993.0,266404.0,268573.0,2.350153
1772524800,268552.0,268697.0,262278.0,265007.0,3.321293
1772539200,265007.0,268644.0,262500.0,268000.0,6.438689
1772553600,268000.0,272820.0,267090.0,270481.0,3.152172
1772568000,270050.0,271500.0,268201.0,270001.0,0.967826
1772582400,270001.0,271500.0,266328.0,267547.0,2.172452
1772596800,267547.0,274499.0,266837.0,274498.0,2.127648
1772611200,274499.0,283333.0,273401.0,280654.0,11.842681
1772625600,280655.0,288459.0,278539.0,288459.0,10.751881
1772640000,288459.0,290500.0,286000.0,289814.0,5.482659
1772654400,289815.0,289815.0,284555.0,285839.0,3.334479
1772668800,286077.0,287917.0,284637.0,284998.0,4.889753
1772683200,284999.0,286893.0,283001.0,283607.0,4.63179
1772697600,283607.0,289998.0,283158.0,287743.0,5.031599
1772712000,287743.0,288196.0,280555.0,283300.0,7.085749
1772726400,280555.0,285555.0,279209.0,279242.0,1.920205
1772740800,279201.0,281759.0,278801.0,279406.0,1.785373
1772755200,279405.0,282000.0,277541.0,280965.0,5.759843
1772769600,280965.0,281549.0,278003.0,281334.0,2.171344
1772784000,281290.0,281291.0,277801.0,277802.0,5.540841
1772798400,277802.0,277953.0,270480.0,271510.0,6.762449
1772812800,271510.0,272363.0,269000.0,270000.0,5.122147
1772827200,269951.0,271025.0,269002.0,270648.0,1.146695
1772841600,270648.0,271694.0,270035.0,270371.0,2.552287
1772856000,270371.0,270371.0,267977.0,269143.0,3.18351
1772870400,269143.0,270844.0,269062.0,270007.0,2.362363
1772884800,270007.0,270349.0,268502.0,269660.0,1.461607
1772899200,269659.0,269660.0,266415.0,266640.0,2.025866
1772913600,266640.0,268047.0,266640.0,267368.0,1.356869
1772928000,267368.0,268047.0,266552.0,267008.0,2.038736
1772942400,267008.0,269133.0,266000.0,268800.0,1.990632
1772956800,268953.0,272292.0,268596.0,269641.0,2.548644
1772971200,269641.0,270156.0,267001.0,267989.0,2.539385
1772985600,267989.0,268297.0,266013.0,267884.0,0.857234
1773000000,267884.0,268307.0,261079.0,262543.0,5.293804
1773014400,262543.0,269895.0,262542.0,267659.0,3.970241
1773028800,267660.0,271000.0,266811.0,268960.0,3.548829
1773043200,268994.0,273000.0,268332.0,269533.0,2.753336
1773057600,269534.0,275935.0,269503.0,273799.0,5.005398
1773072000,273772.0,275424.0,271268.0,273736.0,0.901339
1773086400,273952.0,274214.0,271898.0,271898.0,0.869496
1773100800,271728.0,278554.0,271605.0,274029.0,4.300765
1773115200,274005.0,277640.0,273853.0,277438.0,3.226686
1773129600,277529.0,280696.0,277439.0,278139.0,5.514264
1773144000,278129.0,282000.0,273301.0,280392.0,6.450883
1773158400,280392.0,281700.0,275100.0,275444.0,1.212313
1773172800,276118.0,277210.0,274002.0,275664.0,2.063883
1773187200,275627.0,276921.0,274366.0,274719.0,1.9275
1773201600,274719.0,277000.0,274340.0,274908.0,1.98933
1773216000,274909.0,275252.0,273001.0,273001.0,3.606445
1773230400,273000.0,279977.0,272380.0,275986.0,3.485799
1773244800,276624.0,280000.0,276624.0,278242.0,1.849717
1773259200,277748.0,278000.0,275557.0,275758.0,0.928482
1773273600,275759.0,276970.0,273012.0,273768.0,1.892511
1773288000,273884.0,275550.0,273651.0,275415.0,1.348017
1773302400,275635.0,280035.0,274465.0,277944.0,9.976948
1773316800,278011.0,278952.0,274262.0,277702.0,4.391895
1773331200,277540.0,278258.0,275597.0,278011.0,1.06541
1773345600,278004.0,278711.0,276401.0,278001.0,1.044017
1773360000,278002.0,283000.0,278000.0,280661.0,5.288294
1773374400,280662.0,281999.0,280196.0,281999.0,2.97576
1773388800,281997.0,285333.0,281402.0,284501.0,4.987477
1773403200,284502.0,290000.0,282534.0,282633.0,9.027561
1773417600,282636.0,284000.0,279631.0,280291.0,1.30628
1773432000,280313.0,280999.0,279001.0,279822.0,1.375089
1773446400,279755.0,280577.0,279001.0,280577.0,1.597669
1773460800,280629.0,281596.0,278500.0,279099.0,1.940899
1773475200,279100.0,280916.0,278892.0,279712.0,1.620126
1773489600,279754.0,280226.0,279300.0,279301.0,1.595967
1773504000,279301.0,279301.0,279156.0,279299.0,0.535405
1773518400,279299.0,281646.0,279198.0,281523.0,1.017739
1773532800,281523.0,282972.0,280439.0,282124.0,1.270838
1773547200,282296.0,283663.0,282289.0,282724.0,1.506071
1773561600,282954.0,284500.0,282791.0,284164.0,1.087945
1773576000,284342.0,284342.0,282121.0,282697.0,1.394776
1773590400,282697.0,283921.0,282201.0,282531.0,0.49484
1773604800,282639.0,287599.0,282431.0,286300.0,1.637778
1773619200,286299.0,291412.0,284745.0,290000.0,5.637164
1773633600,289676.0,291994.0,288246.0,288796.0,6.815676
1773648000,288754.0,289998.0,287000.0,289501.0,4.559461
1773662400,289502.0,292000.0,287015.0,288150.0,8.794004
1773676800,288144.0,292000.0,288112.0,290143.0,2.298895
1773691200,291023.0,293889.0,290006.0,293889.0,3.756067
1773705600,293889.0,298389.0,293000.0,293001.0,11.963172
1773720000,293001.0,294163.0,290569.0,292012.0,6.794106
1773734400,292013.0,292806.0,289068.0,291392.0,3.731021
1773748800,291391.0,294464.0,289019.0,291139.0,2.957642
1773763200,291140.0,294317.0,291140.0,293281.0,1.189394
1773777600,293182.0,294001.0,291000.0,291001.0,0.651813
1773792000,291260.0,292689.0,289080.0,292196.0,2.655881
1773806400,292196.0,292196.0,290101.0,290501.0,3.013724
1773820800,290501.0,292522.0,287699.0,287699.0,3.619474
1773835200,287700.0,287700.0,280000.0,281795.0,5.391714
1773849600,281795.0,284323.0,280602.0,281020.0,4.24311
1773864000,281019.0,281906.0,279203.0,281824.0,1.779633
1773878400,281824.0,282887.0,280900.0,281881.0,2.816501
1773892800,281881.0,281881.0,276000.0,278579.0,5.166825
1773907200,278090.0,279680.0,277187.0,277361.0,2.791224
1773921600,277361.0,277678.0,273889.0,275674.0,4.242745
1773936000,275551.0,279540.0,274738.0,278275.0,1.178748
1773950400,278276.0,279927.0,276238.0,276744.0,1.591783
1773964800,276744.0,279971.0,276387.0,279857.0,2.520103
1773979200,279857.0,280709.0,278870.0,280696.0,4.148465
1773993600,280630.0,282460.0,278866.0,279266.0,3.342806
1774008000,279267.0,280200.0,276451.0,277465.0,4.689598
1774022400,277466.0,278049.0,276001.0,278049.0,1.899418
1774036800,278247.0,281058.0,276999.0,279616.0,0.590989
1774051200,279615.0,283999.0,279339.0,281083.0,3.65207
1774065600,281004.0,283879.0,281000.0,281372.0,1.527888
1774080000,281373.0,282311.0,281000.0,281112.0,1.216087
1774094400,281113.0,282490.0,280501.0,281008.0,1.963961
1774108800,281008.0,281009.0,279076.0,279464.0,0.97362
1774123200,279464.0,279719.0,274100.0,274100.0,2.151235
1774137600,274102.0,276806.0,273202.0,276001.0,3.975303
1774152000,276001.0,277002.0,275598.0,275598.0,3.719004
1774166400,275596.0,276001.0,273001.0,273001.0,4.122824
1774180800,273002.0,274500.0,273000.0,274492.0,2.074449
1774195200,274491.0,274492.0,273000.0,273000.0,1.813146
1774209600,273000.0,273001.0,270222.0,271052.0,2.727087
1774224000,271049.0,272480.0,270001.0,271130.0,4.213944
1774238400,271130.0,275001.0,271129.0,273288.0,10.208356
1774252800,273285.0,283447.0,271301.0,278964.0,6.187657
1774267200,278674.0,284987.0,277347.0,278334.0,7.862867
1774281600,278334.0,281967.0,278333.0,280053.0,2.621963
1774296000,279782.0,281412.0,278877.0,280250.0,1.26985
1774310400,280250.0,281012.0,278239.0,278855.0,4.12612
1774324800,278856.0,282267.0,277295.0,282267.0,2.689462
1774339200,282267.0,282498.0,280508.0,281913.0,2.417637
1774353600,281912.0,281912.0,276262.0,277201.0,2.444052
1774368000,277201.0,277405.0,274003.0,275002.0,1.598936
1774382400,275002.0,280917.0,275002.0,279835.0,1.162187
1774396800,279835.0,281186.0,279246.0,280657.0,1.929401
1774411200,280658.0,282421.0,280277.0,281401.0,3.179694
1774425600,281401.0,284999.0,280818.0,284099.0,3.89013
1774440000,284099.0,285448.0,280581.0,281826.0,3.176345
1774454400,281826.0,284999.0,280739.0,281447.0,2.594091
1774468800,281446.0,284000.0,280912.0,283651.0,0.720952
1774483200,283651.0,283968.0,282001.0,283240.0,2.152999
1774497600,283203.0,283588.0,280080.0,280607.0,2.355164
1774512000,280547.0,281135.0,278000.0,278002.0,4.213923
1774526400,278002.0,280036.0,276288.0,277119.0,4.605259
1774540800,277072.0,277532.0,274570.0,275514.0,2.585943
1774555200,275103.0,279924.0,274737.0,276269.0,1.418352
1774569600,276269.0,277871.0,275506.0,276508.0,1.666346
1774584000,276560.0,277729.0,275362.0,276001.0,2.00423
1774598400,276000.0,276258.0,269890.0,270001.0,9.58459
1774612800,270002.0,271804.0,267504.0,269500.0,8.906037
1774627200,269500.0,269501.0,267503.0,267668.0,3.35943
1774641600,268070.0,269444.0,267505.0,269324.0,1.978323
1774656000,269236.0,269661.0,267982.0,268452.0,2.698257
1774670400,268452.0,270481.0,268451.0,269541.0,3.280935
1774684800,269475.0,269735.0,268359.0,268764.0,2.569995
1774699200,268764.0,271822.0,268406.0,270700.0,2.152126
1774713600,270500.0,271293.0,269919.0,270515.0,0.768297
1774728000,270507.0,270947.0,268000.0,268171.0,0.727055
1774742400,268170.0,270950.0,268001.0,270310.0,2.505767
1774756800,270310.0,270536.0,269000.0,269397.0,2.523768
1774771200,269396.0,270401.0,268904.0,270031.0,1.844005
1774785600,270008.0,270213.0,268913.0,269081.0,1.429033
1774800000,269080.0,269512.0,268106.0,268369.0,1.841704
1774814400,268369.0,269498.0,264500.0,266997.0,4.246303
1774828800,266997.0,271998.0,266237.0,271405.0,5.481436
1774843200,271406.0,273399.0,271196.0,272638.0,2.742941
1774857600,272779.0,274000.0,272370.0,273184.0,2.222304
1774872000,273184.0,274999.0,271800.0,273350.0,2.256034
1774886400,273351.0,273351.0,268002.0,268727.0,1.776305
1774900800,268727.0,270545.0,268501.0,269658.0,0.779954
1774915200,269657.0,275999.0,269189.0,272973.0,3.141809
1774929600,272973.0,273440.0,271441.0,272008.0,3.229489
1774944000,272009.0,272189.0,268112.0,270485.0,3.071103
1774958400,270485.0,274381.0,269210.0,270159.0,4.128334
1774972800,270159.0,276300.0,270159.0,274023.0,3.073801
1774987200,274236.0,275999.0,274236.0,275772.0,1.416532
1775001600,275772.0,275772.0,273002.0,274996.0,3.203054
1775016000,274999.0,278887.0,274801.0,277001.0,2.735674
1775030400,277002.0,277003.0,275259.0,276784.0,2.150776
1775044800,276784.0,277735.0,273565.0,277588.0,3.969665
1775059200,277518.0,277751.0,274000.0,274312.0,0.81896
1775073600,274286.0,275481.0,273761.0,274121.0,1.049794
1775088000,274120.0,276002.0,269201.0,269202.0,4.725349
1775102400,269202.0,271244.0,268111.0,271244.0,3.872385
1775116800,271241.0,271241.0,268905.0,268905.0,2.388463
1775131200,268836.0,271988.0,267301.0,271213.0,4.394828
1775145600,271213.0,273239.0,270453.0,271991.0,0.922622
1775160000,271284.0,272142.0,270974.0,271262.0,0.405134
1775174400,271263.0,271263.0,269162.0,269770.0,1.893969
1775188800,269770.0,271599.0,269259.0,271597.0,1.348831
1775203200,271596.0,271999.0,270431.0,271147.0,1.587045
1775217600,271147.0,271986.0,269171.0,269775.0,2.791968
1775232000,269774.0,271194.0,269771.0,269801.0,0.632551
1775246400,269801.0,270319.0,269800.0,270319.0,0.151292
1775260800,270354.0,270452.0,270102.0,270451.0,1.161595
1775275200,270452.0,271500.0,270326.0,270877.0,1.569243
1775289600,270877.0,271854.0,270876.0,271822.0,1.691014
1775304000,271811.0,272750.0,271510.0,272749.0,1.548439
1775318400,272755.0,272859.0,272502.0,272588.0,0.459188
1775332800,272552.0,272857.0,272008.0,272444.0,0.179412
1775347200,272444.0,272444.0,271500.0,271830.0,0.713796
1775361600,271831.0,271995.0,270145.0,270896.0,1.04646
1775376000,270895.0,271991.0,270895.0,271411.0,1.163587
1775390400,271411.0,273899.0,270504.0,272864.0,4.756093
1775404800,272864.0,272865.0,271464.0,272185.0,1.220799
1775419200,272458.0,278000.0,272403.0,277998.0,2.938774
1775433600,277999.0,279799.0,276585.0,277949.0,4.848299
1775448000,278020.0,278481.0,277311.0,278107.0,3.844341
1775462400,278124.0,281747.0,277950.0,280002.0,5.604291
1775476800,280002.0,280996.0,278025.0,280995.0,2.733601
1775491200,280995.0,281972.0,278444.0,280048.0,1.521124
1775505600,280049.0,280815.0,275700.0,277403.0,2.263649
1775520000,277403.0,278267.0,276201.0,277592.0,1.369943
1775534400,277658.0,278457.0,277056.0,277328.0,1.740108
1775548800,277218.0,279399.0,275356.0,276226.0,2.340704
1775563200,276168.0,277323.0,274407.0,275674.0,4.14193
1775577600,275674.0,278900.0,275454.0,278899.0,1.111986
1775592000,278900.0,291248.0,278900.0,289303.0,8.424486
1775606400,289282.0,289282.0,284122.0,284122.0,5.886821
1775620800,284134.0,285998.0,284127.0,284658.0,3.648687
1775635200,285261.0,285992.0,284156.0,285057.0,2.231856
1775649600,284559.0,289156.0,282001.0,283686.0,3.860833
1775664000,283686.0,286615.0,283385.0,284031.0,0.67267
1775678400,284657.0,285665.0,283003.0,283701.0,0.944603
1775692800,283701.0,283999.0,281663.0,283400.0,2.153284
1775707200,283400.0,283578.0,282511.0,283563.0,1.57736
1775721600,283577.0,285688.0,283250.0,284559.0,2.00572
1775736000,284425.0,288699.0,282202.0,288152.0,2.094657
1775750400,288460.0,288886.0,286406.0,287378.0,1.496091
1775764800,287446.0,290700.0,285810.0,286452.0,2.610449
1775779200,286115.0,288292.0,285501.0,286157.0,2.038951
1775793600,286157.0,287214.0,284535.0,284535.0,2.910938
1775808000,284697.0,287467.0,284386.0,287161.0,2.022841
1775822400,287161.0,290996.0,286146.0,288003.0,4.323075
1775836800,288043.0,290656.0,288001.0,290000.0,1.791213
1775851200,290358.0,290818.0,289019.0,289545.0,0.740019
1775865600,289544.0,290000.0,288861.0,289651.0,2.029973
1775880000,289651.0,289789.0,289001.0,289417.0,1.369681
1775894400,289417.0,290214.0,289339.0,289999.0,1.400384
1775908800,289999.0,290498.0,289120.0,289929.0,2.021267
1775923200,289929.0,292800.0,289928.0,292798.0,1.270556
1775937600,292785.0,292785.0,290042.0,290178.0,0.772416
1775952000,290218.0,290601.0,284115.0,285576.0,3.152999
1775966400,285597.0,286034.0,284500.0,285935.0,1.548868
1775980800,285936.0,285989.0,284000.0,284726.0,2.479271
1775995200,284726.0,284837.0,281900.0,282205.0,1.723727
1776009600,282205.0,283431.0,282204.0,283157.0,0.756305
1776024000,282947.0,284326.0,281501.0,282064.0,0.576214
1776038400,282063.0,283967.0,281924.0,283266.0,1.714452
1776052800,283297.0,283787.0,282007.0,282710.0,2.716025
1776067200,282711.0,283402.0,282000.0,283332.0,1.796685
1776081600,283222.0,289212.0,282693.0,287350.0,3.673432
1776096000,287353.0,291990.0,287307.0,291989.0,3.258701
1776110400,291989.0,295990.0,291161.0,295477.0,5.03476
1776124800,295001.0,295002.0,292736.0,294773.0,5.307029
1776139200,294767.0,295599.0,293863.0,294500.0,7.742175
1776153600,294500.0,295954.0,294300.0,294494.0,3.392025
1776168000,294495.0,299991.0,294400.0,297908.0,6.869047
1776182400,298096.0,298999.0,292000.0,294094.0,2.033057
1776196800,294092.0,294742.0,293502.0,294175.0,1.067802
1776211200,294174.0,296227.0,294174.0,294785.0,3.029732
1776225600,294814.0,295000.0,292480.0,292480.0,3.071353
1776240000,292481.0,294500.0,292469.0,294427.0,2.422486
1776254400,294421.0,295439.0,292500.0,292901.0,2.305383
1776268800,292670.0,297657.0,292670.0,297383.0,1.358128
1776283200,297221.0,297999.0,295291.0,296411.0,1.097375
1776297600,296410.0,297400.0,295115.0,296147.0,3.033715
1776312000,295823.0,296696.0,294515.0,295478.0,3.752588
1776326400,295478.0,296099.0,294296.0,295331.0,2.166576
1776340800,295500.0,296599.0,291182.0,295847.0,5.382139
1776355200,296170.0,297000.0,293018.0,297000.0,1.128461
1776369600,297000.0,297000.0,295897.0,296498.0,1.467105
1776384000,296499.0,296499.0,295155.0,295239.0,2.075952
1776398400,295238.0,296499.0,295002.0,296499.0,1.736488
1776412800,296500.0,300544.0,296500.0,298687.0,9.711192
1776427200,298762.0,307800.0,298762.0,307189.0,13.513087
1776441600,307189.0,308763.0,305001.0,305595.0,2.166121
1776456000,305596.0,306499.0,304102.0,304663.0,1.660988
1776470400,304663.0,305924.0,304401.0,305000.0,1.919271
1776484800,305001.0,305481.0,304401.0,304515.0,2.048183
1776499200,304559.0,304694.0,300101.0,300864.0,6.757824
1776513600,301176.0,301892.0,300355.0,301478.0,1.903152
1776528000,301421.0,301421.0,299555.0,300001.0,1.595119
1776542400,300001.0,300572.0,300001.0,300258.0,0.348477
1776556800,300258.0,300489.0,299600.0,299601.0,1.518005
1776571200,299601.0,300311.0,297500.0,298508.0,2.628438
1776585600,298215.0,299877.0,297500.0,299807.0,1.8832
1776600000,299807.0,302454.0,299553.0,301108.0,3.308177
1776614400,301179.0,301188.0,296800.0,297601.0,2.556434
1776628800,297000.0,297087.0,293128.0,293619.0,6.61601
1776643200,293329.0,296997.0,293201.0,296775.0,3.52131
1776657600,296823.0,300000.0,295113.0,297497.0,2.187379
1776672000,297534.0,319000.0,297037.0,300001.0,15.670494
1776686400,300001.0,310000.0,298410.0,301908.0,6.438122
1776700800,301909.0,303929.0,300051.0,303107.0,1.207697
1776715200,303108.0,303999.0,300919.0,301654.0,1.125075
1776729600,301600.0,302446.0,299287.0,300199.0,1.5507
1776744000,300198.0,302463.0,300144.0,301742.0,2.520083
1776758400,301746.0,305499.0,301204.0,303110.0,2.493251
1776772800,303289.0,303828.0,300100.0,300789.0,3.356317
1776787200,301197.0,302000.0,297564.0,297703.0,1.596825
1776801600,297990.0,302999.0,297916.0,302866.0,0.602926
1776816000,302970.0,308000.0,302302.0,307142.0,4.363212
1776830400,307142.0,309441.0,306317.0,308076.0,6.700897
1776844800,308076.0,309999.0,308001.0,309420.0,2.431877
1776859200,309420.0,312999.0,308000.0,312999.0,8.207618
1776873600,312999.0,313400.0,308000.0,311104.0,2.423928
1776888000,311104.0,311542.0,309501.0,309501.0,2.234403
1776902400,309501.0,310499.0,307900.0,308648.0,2.796675
1776916800,308648.0,311597.0,308648.0,310565.0,2.967836
1776931200,310566.0,310995.0,307801.0,309059.0,4.334525
1776945600,309058.0,312259.0,308058.0,311696.0,2.265656
1776960000,311935.0,312935.0,306502.0,309376.0,1.787094
1776974400,309502.0,311504.0,309407.0,310797.0,1.308972
1776988800,311310.0,312000.0,309051.0,309576.0,1.630295
1777003200,309589.0,310441.0,308555.0,308821.0,2.153
1777017600,308821.0,311500.0,308315.0,311209.0,2.650937
1777032000,311138.0,311500.0,309003.0,310482.0,1.454675
1777046400,310572.0,310572.0,308501.0,308708.0,0.592393
1777060800,308708.0,308901.0,308201.0,308249.0,0.903932
1777075200,308248.0,309335.0,308211.0,308785.0,1.126707
1777089600,309128.0,309204.0,308214.0,308302.0,1.436922
1777104000,308301.0,309710.0,308301.0,308853.0,1.411237
1777118400,308854.0,309328.0,308306.0,308306.0,0.891177
1777132800,308305.0,308305.0,307779.0,307996.0,2.738672
1777147200,307996.0,308999.0,307995.0,308937.0,0.200023
1777161600,308937.0,308997.0,308114.0,308277.0,1.266771
1777176000,308275.0,311204.0,308275.0,310487.0,1.763572
1777190400,310489.0,310699.0,309740.0,310256.0,2.081687
1777204800,310256.0,310256.0,309201.0,310121.0,1.320769
1777219200,310120.0,310687.0,309700.0,310525.0,0.737231
1777233600,310368.0,312795.0,309443.0,311876.0,1.613172
1777248000,311875.0,314366.0,311020.0,313002.0,5.052705
1777262400,313001.0,313002.0,308188.0,308613.0,4.191538
1777276800,308611.0,309677.0,308398.0,309448.0,3.451116
1777291200,309459.0,310849.0,306420.0,306527.0,5.498947
1777305600,306528.0,306528.0,305901.0,306151.0,1.606928
1777320000,306175.0,307999.0,305908.0,307998.0,1.417193
1777334400,307998.0,307999.0,305000.0,305001.0,4.697768
1777348800,305001.0,305431.0,303908.0,305181.0,3.591747
1777363200,305181.0,305374.0,302557.0,302689.0,2.63289
1777377600,302689.0,303375.0,300000.0,301795.0,5.552839
1777392000,301796.0,302494.0,301247.0,302494.0,1.017326
1777406400,302494.0,303287.0,302494.0,302852.0,0.615617
1777420800,302852.0,304999.0,302500.0,304999.0,2.269054
1777435200,304999.0,306267.0,304998.0,305017.0,2.07244
1777449600,305016.0,307935.0,305015.0,307037.0,1.735329
1777464000,307038.0,307202.0,302000.0,302001.0,2.661223
1777478400,302001.0,302687.0,299000.0,300267.0,2.187246
1777492800,300267.0,302495.0,300267.0,301754.0,0.802158
1777507200,301755.0,304000.0,300306.0,302498.0,1.635388
1777521600,302498.0,303200.0,300501.0,303200.0,1.782351
1777536000,303390.0,304000.0,302495.0,303151.0,1.872426
1777550400,303151.0,305323.0,302828.0,304999.0,1.176862
1777564800,304588.0,304920.0,303539.0,304790.0,0.772348
1777579200,304624.0,305100.0,304008.0,304700.0,0.872841
1777593600,304700.0,308200.0,304700.0,307468.0,1.889045
1777608000,307601.0,307601.0,306000.0,307348.0,3.36532
1777622400,307349.0,308200.0,307141.0,308200.0,1.61865
1777636800,308199.0,312798.0,308114.0,311494.0,3.500233
1777651200,311636.0,312357.0,310339.0,311499.0,1.048689
1777665600,311341.0,311497.0,309000.0,310786.0,0.690033
1777680000,310786.0,311499.0,310474.0,311399.0,1.638717
1777694400,311400.0,311400.0,310356.0,311206.0,0.745563
1777708800,311205.0,311550.0,310747.0,310798.0,1.390855
1777723200,310799.0,311500.0,310684.0,311500.0,1.369652
1777737600,311502.0,311880.0,310203.0,311338.0,1.168522
1777752000,311277.0,313100.0,311170.0,312245.0,0.95731
1777766400,312245.0,312399.0,310207.0,310867.0,1.273608
1777780800,310859.0,311807.0,310512.0,311316.0,1.480576
1777795200,311385.0,312400.0,311385.0,312399.0,1.36333
1777809600,312399.0,312858.0,312000.0,312504.0,1.553855
1777824000,312503.0,312587.0,311800.0,312399.0,0.766768
1777838400,312399.0,314299.0,311700.0,311701.0,1.572613
1777852800,311701.0,316968.0,310564.0,316499.0,9.559481
1777867200,316500.0,317250.0,313828.0,314998.0,4.219751
1777881600,314998.0,315522.0,310031.0,311925.0,4.026069
1777896000,311924.0,317888.0,311555.0,316200.0,3.220536
1777910400,316291.0,318100.0,315376.0,316530.0,1.745769
1777924800,316684.0,317574.0,315553.0,315906.0,0.948936
1777939200,315906.0,319879.0,314830.0,319878.0,4.825979
1777953600,319877.0,320999.0,319390.0,319573.0,8.098694
1777968000,319573.0,320499.0,318631.0,320399.0,3.507948
1777982400,320400.0,322589.0,320001.0,322582.0,6.542736
1777996800,322582.0,322589.0,320622.0,322588.0,0.754329
1778011200,322587.0,322589.0,319500.0,319785.0,1.183647
1778025600,319786.0,322499.0,319637.0,322028.0,2.04803
1778040000,322027.0,322234.0,320319.0,321002.0,1.717704
1778054400,321003.0,324249.0,321002.0,323547.0,3.399195
1778068800,323548.0,323548.0,319456.0,321070.0,4.862346
1778083200,321071.0,321499.0,319658.0,320490.0,1.159324
1778097600,320490.0,320909.0,319112.0,320235.0,1.464895
1778112000,320234.0,320323.0,317350.0,317502.0,6.387636
1778126400,317502.0,320168.0,316920.0,319128.0,3.764405
1778140800,319128.0,319461.0,316694.0,317002.0,3.120803
1778155200,317002.0,317994.0,313684.0,313801.0,7.336939
1778169600,313802.0,315065.0,312767.0,314296.0,1.599691
1778184000,314296.0,315018.0,312853.0,314199.0,0.781455
1778198400,314200.0,315473.0,312203.0,313102.0,3.620245
1778212800,313102.0,313719.0,312000.0,312859.0,1.802535
1778227200,312860.0,315551.0,312859.0,315264.0,2.086167
1778241600,315265.0,316400.0,313637.0,315744.0,2.780615
1778256000,315744.0,315869.0,314016.0,314786.0,0.961594
1778270400,314787.0,315487.0,314586.0,314763.0,0.82543
1778284800,314763.0,315296.0,314009.0,315240.0,2.235553
1778299200,315240.0,316000.0,315087.0,315088.0,1.734597
1778313600,315088.0,315752.0,314838.0,315378.0,0.819238
1778328000,315378.0,316499.0,315371.0,316499.0,1.935204
1778342400,316499.0,318418.0,315216.0,317651.0,0.933699
1778356800,317709.0,317774.0,317455.0,317456.0,0.236962
1778371200,317456.0,317505.0,317000.0,317501.0,1.093113
1778385600,317540.0,317888.0,316380.0,317176.0,2.352439
1778400000,317174.0,318002.0,317172.0,317474.0,2.323744
1778414400,317513.0,318600.0,317512.0,318600.0,3.194709
1778428800,318600.0,318996.0,318000.0,318614.0,1.744089
1778443200,318786.0,322016.0,315026.0,321248.0,4.099233
1778457600,321249.0,321664.0,316000.0,316702.0,4.317856
1778472000,316701.0,318002.0,314913.0,317164.0,3.378952
1778486400,317164.0,319169.0,316974.0,318980.0,2.195789
1778500800,318980.0,319799.0,317001.0,319798.0,3.357044
1778515200,319799.0,321999.0,319798.0,321954.0,1.526854
1778529600,321931.0,321999.0,320385.0,320979.0,0.77626
1778544000,320890.0,320999.0,317395.0,318915.0,2.690347
1778558400,319007.0,319999.0,318808.0,318809.0,1.453934
1778572800,318808.0,318847.0,316951.0,318326.0,6.664879
1778587200,318326.0,318887.0,317002.0,317173.0,2.425736
1778601600,317172.0,319073.0,315559.0,319073.0,1.343597
1778616000,318951.0,318996.0,317800.0,318004.0,0.516469
1778630400,318004.0,320000.0,318000.0,320000.0,2.114272
1778644800,320000.0,320000.0,318657.0,319453.0,1.544484
1778659200,319452.0,319934.0,317381.0,317383.0,2.816813
1778673600,317383.0,317383.0,312500.0,312501.0,6.312668
1778688000,312500.0,320474.0,311500.0,315375.0,8.643544
1778702400,315665.0,320998.0,313873.0,314112.0,5.123708
1778716800,314112.0,317646.0,311801.0,311922.0,3.686873
1778731200,311923.0,315460.0,311800.0,315048.0,2.135503
1778745600,315000.0,315481.0,313444.0,313444.0,1.918705
1778760000,313444.0,320554.0,313400.0,320554.0,4.096419
1778774400,320800.0,322888.0,320001.0,320408.0,3.945024
1778788800,320407.0,320767.0,318000.0,318736.0,2.585314
1778803200,318736.0,321167.0,318521.0,319482.0,1.991295
1778817600,319483.0,319853.0,316751.0,319297.0,3.543821
1778832000,319411.0,319411.0,317484.0,318752.0,1.582793
1778846400,318750.0,318772.0,312000.0,314307.0,5.775335
1778860800,314387.0,315361.0,314113.0,314426.0,1.481086
1778875200,314612.0,314613.0,313788.0,314000.0,1.021399
1778889600,314000.0,314290.0,313981.0,314202.0,0.981185
1778904000,314201.0,314238.0,310879.0,312170.0,2.977886
1778918400,312170.0,312795.0,310098.0,311213.0,2.655813
1778932800,311213.0,311998.0,310461.0,311834.0,2.188279
1778947200,311834.0,312368.0,311633.0,311817.0,0.661261
1778961600,311817.0,311817.0,311633.0,311634.0,0.742249
1778976000,311634.0,311634.0,310000.0,310135.0,2.345283
1778990400,310135.0,310840.0,310130.0,310552.0,1.522524
1779004800,310551.0,312138.0,310500.0,311671.0,1.486227
1779019200,311671.0,312669.0,310266.0,310585.0,2.404602
1779033600,310585.0,311428.0,310218.0,311428.0,0.840552
1779048000,311911.0,311911.0,306500.0,308189.0,3.308922
1779062400,308189.0,308194.0,305674.0,306386.0,5.127525
1779076800,306422.0,306564.0,305101.0,306406.0,2.093151
1779091200,306405.0,308459.0,305501.0,307801.0,2.158084
1779105600,307884.0,309762.0,303000.0,304179.0,5.808857
1779120000,303932.0,306096.0,302696.0,306095.0,1.980525
1779134400,306182.0,307027.0,305900.0,306259.0,0.734419
1779148800,306259.0,307057.0,304566.0,305315.0,1.841138
1779163200,305311.0,306998.0,305303.0,306997.0,2.424402
1779177600,306997.0,307000.0,305479.0,306001.0,1.727133
1779192000,305916.0,306939.0,304201.0,305280.0,2.679237
1779206400,305389.0,307670.0,305257.0,307059.0,0.522714
1779220800,306770.0,307546.0,306154.0,307261.0,0.546429
1779235200,307262.0,307262.0,305888.0,306749.0,1.9838
1779249600,306749.0,308731.0,306667.0,308350.0,2.051551
1779264000,308351.0,309376.0,308002.0,308601.0,3.117005
1779278400,308601.0,309880.0,307503.0,308915.0,2.4341
1779292800,309036.0,309864.0,307503.0,309692.0,0.717995
1779307200,309873.0,309873.0,307944.0,308455.0,0.560431
1779321600,308643.0,310000.0,308634.0,309999.0,1.865484
1779336000,310000.0,310310.0,308231.0,309247.0,1.836171
1779350400,309343.0,310000.0,306494.0,306691.0,1.192517
1779364800,306692.0,307501.0,305500.0,307127.0,1.788923
1779379200,307272.0,310000.0,306503.0,308512.0,0.524215
1779393600,308940.0,309177.0,308406.0,308501.0,0.332664
1779408000,308501.0,309231.0,307379.0,309168.0,1.413621
1779422400,309192.0,309487.0,307888.0,308032.0,2.362942
1779436800,308169.0,308458.0,307205.0,307817.0,1.219961
1779451200,307840.0,308414.0,305500.0,305552.0,1.322044
1779465600,305552.0,306744.0,302291.0,302291.0,2.270651
1779480000,302292.0,303154.0,301203.0,301377.0,1.917975
1779494400,301377.0,301737.0,300000.0,301683.0,3.811086
1779508800,301683.0,301831.0,297689.0,297929.0,3.355967
1779523200,298129.0,300114.0,297669.0,299801.0,2.421741
1779537600,299801.0,302192.0,299280.0,301635.0,1.328804
1779552000,301971.0,303000.0,301084.0,303000.0,0.723058
1779566400,302999.0,308000.0,302999.0,305754.0,1.511153
1779580800,306231.0,306666.0,304998.0,306001.0,1.443465
1779595200,306001.0,306946.0,305289.0,306076.0,1.272217
1779609600,306326.0,308499.0,306010.0,308076.0,1.338054
1779624000,308076.0,308076.0,304026.0,304583.0,3.451477
1779638400,304489.0,305500.0,304489.0,305483.0,0.610564
1779652800,305498.0,307465.0,303800.0,307039.0,0.646154
1779667200,307039.0,307273.0,305000.0,305302.0,2.202828
1779681600,305302.0,306718.0,305002.0,306021.0,1.906368
1779696000,305943.0,306800.0,305593.0,306006.0,2.056746
1779710400,306006.0,307800.0,306000.0,307188.0,1.524109
1779724800,307188.0,307779.0,306505.0,306570.0,0.61473
1779739200,306570.0,306687.0,305531.0,306161.0,1.194286
1779753600,306138.0,306138.0,304001.0,304508.0,3.724019
1779768000,304509.0,305299.0,304305.0,304662.0,1.508797
1779782400,304663.0,307602.0,304662.0,306669.0,1.520621
1779796800,306669.0,309215.0,303071.0,303404.0,3.434428
1779811200,303626.0,304549.0,301500.0,302182.0,1.338041
1779825600,302182.0,303001.0,301788.0,302301.0,0.843592
1779840000,302277.0,303999.0,301852.0,301852.0,1.640379
1779854400,301852.0,302969.0,300501.0,302969.0,1.84609
1779868800,302972.0,303303.0,302031.0,302171.0,1.374155
1779883200,302171.0,303205.0,298802.0,300564.0,3.389367
1779897600,300563.0,300580.0,298667.0,298668.0,0.631073
1779912000,297800.0,309187.0,297000.0,300139.0,2.795515
1779926400,300186.0,300186.0,294500.0,294794.0,5.00478
1779940800,294687.0,294687.0,291512.0,293328.0,6.923384
1779955200,293329.0,294064.0,291301.0,293536.0,5.392241
1779969600,293537.0,294069.0,290503.0,291151.0,4.590073
1779984000,291152.0,294041.0,291003.0,293206.0,1.603584
1779998400,292833.0,294077.0,292651.0,293311.0,0.827054
1780012800,293310.0,293355.0,291050.0,291326.0,1.62197
1780027200,291326.0,293276.0,291301.0,291823.0,2.397062
1780041600,291968.0,293344.0,291968.0,292438.0,1.985322
1780056000,292438.0,295000.0,289565.0,293851.0,4.404723
1780070400,293958.0,295888.0,291818.0,292796.0,0.80061
1780084800,292938.0,293875.0,292110.0,292660.0,0.639321
1780099200,292660.0,293498.0,292156.0,292502.0,3.004243
1780113600,292502.0,292980.0,291515.0,292603.0,1.414802
1780128000,292603.0,293158.0,292602.0,293006.0,1.632514
1780142400,293007.0,294749.0,293007.0,294363.0,1.318309
1780156800,294393.0,294860.0,294082.0,294835.0,0.572604
1780171200,294835.0,294835.0,294053.0,294287.0,0.616027
1780185600,294511.0,295884.0,294223.0,295352.0,1.200951
1780200000,295352.0,295609.0,294377.0,294542.0,1.553027
1780214400,294541.0,295000.0,294059.0,294668.0,1.066314
1780228800,294609.0,294783.0,293027.0,293547.0,1.324785
1780243200,293571.0,293847.0,292703.0,293299.0,0.859838
1780257600,293590.0,295138.0,293031.0,293549.0,0.770218
1780272000,293581.0,294968.0,292166.0,294011.0,1.993129
1780286400,294012.0,294291.0,290003.0,290389.0,2.121347
1780300800,290222.0,291281.0,288547.0,288855.0,3.271726
1780315200,289448.0,289448.0,283888.0,283900.0,8.859418
1780329600,283900.0,286186.0,282539.0,285261.0,2.802273
1780344000,285270.0,285752.0,281100.0,284503.0,1.249095
1780358400,284503.0,284503.0,280013.0,282961.0,3.754007
1780372800,282995.0,287000.0,279408.0,280106.0,4.634163
1780387200,280107.0,280129.0,277000.0,277330.0,5.160086
1780401600,277247.0,277526.0,270000.0,270001.0,9.898304
1780416000,270001.0,272999.0,267700.0,269422.0,4.494465
1780430400,269422.0,271939.0,265000.0,268050.0,5.473042
1780444800,268050.0,270735.0,261981.0,263937.0,18.171985
1780459200,263937.0,272450.0,262754.0,269760.0,10.344664
1780473600,269761.0,270984.0,268002.0,269329.0,4.174023
1780488000,269329.0,269881.0,265501.0,265501.0,5.811801
1780502400,265501.0,266372.0,262224.0,262704.0,2.316215
1780516800,262578.0,263967.0,257771.0,257772.0,8.496422
1780531200,257772.0,265447.0,249372.0,259998.0,25.683936
1780545600,259999.0,265448.0,256478.0,257336.0,10.788122
1780560000,257335.0,260000.0,251500.0,252497.0,9.553776
1780574400,252496.0,259998.0,252496.0,257902.0,9.829933
1780588800,257901.0,258217.0,254002.0,256621.0,1.980055
1780603200,256035.0,257701.0,254799.0,257633.0,2.733477
1780617600,257599.0,257646.0,252258.0,254206.0,6.940014
1780632000,254206.0,257809.0,249700.0,255834.0,15.121088
1780646400,255885.0,256089.0,251703.0,251703.0,6.394852
1780660800,251701.0,253401.0,246088.0,247243.0,16.596013
1780675200,247243.0,253555.0,243000.0,250295.0,9.411951
1780689600,250295.0,252555.0,242766.0,249612.0,1.663713
1780704000,249612.0,251677.0,248130.0,248461.0,5.997388
1780718400,248461.0,250521.0,244050.0,249690.0,7.306604
1780732800,249690.0,251000.0,246418.0,248449.0,5.54302
1780747200,248536.0,253368.0,247581.0,249134.0,5.073887
1780761600,249134.0,249512.0,247501.0,248002.0,2.368878
1780776000,248002.0,249636.0,247001.0,248350.0,0.905923
1780790400,249372.0,251999.0,247950.0,251694.0,3.674891
1780804800,251694.0,254910.0,251027.0,254905.0,4.710853
1780819200,254906.0,257360.0,254015.0,255341.0,5.283761
1780833600,255288.0,255310.0,251218.0,253421.0,4.105731
1780848000,253422.0,254326.0,250001.0,250002.0,1.265994
1780862400,250034.0,260000.0,250001.0,257784.0,2.525993
1780876800,257783.0,259942.0,256000.0,257740.0,4.81001
1780891200,257740.0,259320.0,255001.0,258616.0,4.928351
1780905600,258317.0,261000.0,257865.0,259605.0,3.407808
1780920000,259606.0,262998.0,257002.0,261400.0,5.569474
1780934400,261096.0,262000.0,258890.0,258890.0,3.206946
1780948800,258888.0,259843.0,256999.0,257000.0,2.35291
1780963200,257000.0,257536.0,255006.0,255781.0,4.527033
1780977600,255782.0,258553.0,255751.0,256999.0,3.534383
1780992000,256999.0,257190.0,254773.0,255049.0,4.035942
1781006400,255049.0,256008.0,249334.0,249367.0,7.4251
1781020800,249638.0,253054.0,248252.0,253022.0,2.87373
1781035200,253041.0,253645.0,251005.0,251279.0,1.422093
1781049600,251279.0,252090.0,249227.0,250643.0,2.835819
1781064000,250459.0,251602.0,248644.0,251393.0,2.793069
1781078400,251393.0,251393.0,248363.0,248693.0,2.637311
1781092800,248693.0,256008.0,248500.0,255250.0,2.888805
1781107200,255251.0,255251.0,251646.0,252722.0,1.17182
1781121600,252123.0,252435.0,249556.0,251112.0,1.000972
1781136000,251381.0,255999.0,251380.0,255994.0,2.176908
1781150400,255995.0,257987.0,254897.0,255656.0,10.265582
1781164800,255656.0,257387.0,255656.0,257052.0,1.820386
1781179200,257051.0,257388.0,255234.0,255607.0,2.505116
1781193600,255865.0,259999.0,254245.0,259419.0,1.574735
1781208000,259398.0,259466.0,258153.0,259316.0,1.264761
1781222400,259315.0,259487.0,257845.0,258183.0,2.821251
1781236800,258188.0,259138.0,255616.0,256932.0,2.54011
1781251200,256931.0,259660.0,256699.0,259369.0,1.966179
1781265600,259301.0,261798.0,257007.0,258998.0,2.158366
1781280000,258953.0,260576.0,258919.0,259138.0,0.585134
1781294400,259144.0,259156.0,257363.0,258964.0,0.721976
1781308800,258964.0,259898.0,258713.0,258890.0,1.481621
1781323200,258889.0,260236.0,258740.0,259984.0,1.191166
1781337600,260044.0,260555.0,259887.0,260555.0,0.922761
1781352000,260487.0,261999.0,260481.0,261935.0,1.829375
1781366400,261936.0,261936.0,260591.0,261500.0,0.481169
1781380800,261500.0,263379.0,261500.0,262706.0,0.510941
1781395200,262706.0,263499.0,262473.0,263072.0,2.120369
1781409600,263071.0,263072.0,261894.0,262454.0,1.372359
1781424000,262455.0,262999.0,262019.0,262685.0,2.642472
1781438400,262684.0,262685.0,260000.0,260852.0,2.743706
1781452800,260852.0,260853.0,259599.0,259735.0,0.77594
1781467200,259856.0,266936.0,259806.0,266936.0,2.943676
1781481600,266928.0,267843.0,265503.0,267711.0,5.44054
1781496000,267711.0,267904.0,266589.0,266738.0,2.950819
1781510400,266722.0,268798.0,266208.0,268690.0,3.528185
1781524800,268708.0,273399.0,268560.0,273399.0,7.362867
1781539200,273393.0,273407.0,270151.0,270560.0,1.873288
1781553600,270560.0,270854.0,269004.0,269654.0,1.076733
1781568000,269594.0,270176.0,267552.0,269252.0,3.546536
1781582400,269251.0,271999.0,268120.0,270603.0,3.331504
1781596800,270603.0,272803.0,270573.0,271052.0,3.420097
1781611200,271022.0,271999.0,267017.0,269064.0,3.972214
1781625600,269060.0,269733.0,267500.0,267500.0,1.295206
1781640000,267502.0,268663.0,267501.0,267951.0,0.666906
1781654400,267934.0,269373.0,267172.0,268412.0,2.139096
1781668800,268412.0,269173.0,266666.0,267015.0,1.892082
1781683200,267012.0,267015.0,263881.0,264665.0,2.821785
1781697600,264129.0,268025.0,264016.0,267796.0,2.050599
1781712000,268314.0,270701.0,261780.0,261817.0,3.816831
1781726400,262057.0,264001.0,261500.0,263253.0,5.12809
1781740800,263752.0,265236.0,263403.0,264001.0,2.323839
1781755200,264000.0,264884.0,262000.0,264858.0,3.261082
1781769600,264857.0,265987.0,263621.0,263958.0,3.066651
1781784000,263978.0,265656.0,258000.0,258001.0,3.473965
1781798400,258000.0,259869.0,257695.0,259857.0,2.055873
1781812800,259858.0,260500.0,259266.0,259469.0,1.155988
1781827200,259469.0,259872.0,258001.0,259404.0,2.743054
1781841600,259213.0,261003.0,258618.0,259766.0,3.014404
1781856000,259844.0,259999.0,258577.0,259539.0,1.532126
1781870400,259539.0,262549.0,258768.0,262144.0,1.690315
1781884800,262144.0,262794.0,260816.0,261297.0,0.725229
1781899200,261388.0,263398.0,261375.0,263340.0,0.866093
1781913600,263400.0,263733.0,262565.0,262979.0,0.986514
1781928000,263106.0,270399.0,262889.0,264525.0,9.707348
1781942400,264525.0,264624.0,263071.0,264298.0,1.236561
1781956800,264299.0,267292.0,263000.0,266090.0,1.691173
1781971200,266318.0,266318.0,265027.0,265505.0,0.55783
1781985600,265521.0,267596.0,265201.0,266766.0,0.62561
1782000000,266767.0,267504.0,266608.0,267445.0,1.075036
1782014400,267445.0,267985.0,266472.0,266554.0,1.124991
1782028800,266655.0,267497.0,265567.0,266498.0,1.399811
1782043200,266397.0,266825.0,265570.0,266501.0,1.093077
1782057600,266500.0,266501.0,265501.0,266210.0,0.508602
1782072000,266211.0,266372.0,262505.0,262507.0,1.269197
1782086400,262527.0,267900.0,262527.0,265267.0,3.735261
1782100800,265065.0,267023.0,264378.0,266434.0,1.855748
1782115200,266569.0,268499.0,265746.0,268413.0,1.977337
1782129600,268500.0,271999.0,268500.0,269219.0,4.195959
1782144000,269220.0,269220.0,267676.0,268084.0,0.818656
1782158400,268117.0,268328.0,265709.0,266000.0,0.670096
1782172800,266000.0,266944.0,265302.0,265974.0,2.027212
1782187200,265974.0,265989.0,260505.0,261860.0,3.577254
1782201600,261860.0,261860.0,258373.0,260231.0,3.874421
1782216000,260231.0,261525.0,258203.0,259674.0,3.30641
1782230400,259770.0,261024.0,258601.0,259122.0,0.966448
1782244800,259122.0,260283.0,259122.0,260283.0,0.436307
1782259200,260283.0,261620.0,259687.0,260573.0,1.951508
1782273600,260573.0,261323.0,259750.0,260366.0,1.466635
1782288000,260366.0,262078.0,259122.0,261535.0,1.967976
1782302400,261535.0,261535.0,251339.0,251339.0,7.532228
1782316800,251493.0,252255.0,247218.0,250000.0,12.208272
1782331200,250037.0,255236.0,249651.0,255018.0,1.909298
1782345600,255018.0,260500.0,251479.0,251899.0,7.551147
1782360000,251899.0,256500.0,251500.0,255826.0,2.545807
1782374400,255821.0,255880.0,253003.0,253469.0,3.227282
1782388800,253470.0,255005.0,243282.0,247577.0,18.580013
1782403200,247577.0,249672.0,245312.0,245781.0,1.61464
1782417600,245650.0,249126.0,245650.0,247393.0,3.32237
1782432000,247394.0,247609.0,242007.0,247471.0,15.558639
1782446400,247709.0,249791.0,246690.0,249262.0,4.685639
1782460800,249261.0,249261.0,244001.0,244378.0,2.905555
1782475200,244416.0,248987.0,242000.0,248201.0,5.294893
1782489600,248407.0,249391.0,245333.0,246101.0,1.607623
1782504000,246333.0,247217.0,245392.0,247217.0,1.121374
1782518400,247217.0,248295.0,246394.0,247967.0,2.02863
1782532800,248052.0,248903.0,247263.0,248820.0,1.66903
1782547200,248819.0,248820.0,247400.0,248095.0,1.172804
1782561600,247979.0,249880.0,247716.0,249801.0,1.746774
1782576000,249801.0,249801.0,247140.0,247229.0,1.386656
1782590400,247540.0,248418.0,246202.0,246770.0,0.57197
1782604800,246770.0,247705.0,246770.0,247147.0,1.799263
1782619200,247056.0,247514.0,245253.0,247311.0,1.724832
1782633600,247310.0,248346.0,246901.0,247578.0,1.370727
1782648000,247586.0,247968.0,245597.0,245598.0,2.21079
1782662400,245598.0,245928.0,243807.0,244108.0,2.910293
1782676800,244310.0,245827.0,242409.0,245001.0,1.065198
1782691200,245000.0,245224.0,241677.0,244564.0,6.361942
1782705600,244725.0,245758.0,242506.0,244613.0,2.253666
1782720000,244588.0,245656.0,243677.0,244065.0,2.772287
1782734400,244224.0,247396.0,241015.0,244026.0,4.921812
1782748800,244026.0,246888.0,243340.0,245743.0,1.786478
1782763200,245957.0,246076.0,245056.0,245101.0,0.969539
1782777600,245102.0,245102.0,243003.0,243156.0,2.652221
1782792000,243156.0,243444.0,242528.0,243082.0,3.231273
1782806400,243074.0,243594.0,242255.0,242641.0,3.375073
1782820800,242642.0,242795.0,239000.0,239568.0,14.408119
1782835200,239567.0,241001.0,239014.0,241001.0,2.717658
1782849600,241002.0,241285.0,240150.0,240486.0,1.302201
1782864000,240486.0,242910.0,237351.0,242830.0,7.557948
1782878400,242430.0,243522.0,240598.0,240904.0,2.635478
1782892800,240904.0,242002.0,240437.0,240438.0,3.272772
1782907200,240438.0,247662.0,239900.0,246642.0,4.007355
1782921600,246620.0,246770.0,245500.0,245757.0,0.546353
1782936000,245757.0,250399.0,245501.0,246015.0,2.121931
1782950400,246015.0,249231.0,244510.0,249231.0,2.009759
1782964800,249232.0,249251.0,245556.0,245556.0,2.339052
1782979200,245555.0,250000.0,245555.0,249855.0,4.518615
1782993600,249925.0,253326.0,249520.0,251237.0,4.762319
1783008000,251373.0,251725.0,249501.0,250859.0,3.783116
1783022400,250459.0,250844.0,250082.0,250439.0,0.442881
1783036800,250439.0,250931.0,249730.0,250158.0,2.617241
1783051200,250158.0,251496.0,249837.0,251496.0,2.941542
1783065600,251496.0,252590.0,250949.0,252590.0,2.161254
1783080000,252589.0,253685.0,251809.0,252099.0,2.490494
1783094400,252099.0,253500.0,252098.0,253245.0,0.508026
1783108800,253246.0,255000.0,253245.0,254557.0,2.331225
1783123200,254557.0,255209.0,254071.0,254876.0,1.399403
1783137600,254956.0,255065.0,254155.0,254749.0,1.211281
1783152000,254749.0,255009.0,254347.0,254566.0,0.742287
1783166400,254565.0,255997.0,254565.0,255997.0,1.916565
1783180800,255997.0,257885.0,255434.0,257734.0,1.555284
1783195200,257734.0,257934.0,256536.0,257058.0,0.176275
1783209600,257058.0,257171.0,255155.0,255626.0,2.508322
1783224000,255625.0,256813.0,255526.0,256813.0,2.086803
1783238400,256813.0,256955.0,255125.0,255435.0,0.966974
1783252800,255435.0,256416.0,255202.0,255646.0,1.595407
1783267200,255646.0,256249.0,255646.0,255841.0,0.665799
1783281600,255882.0,260257.0,255658.0,259014.0,1.526402
1783296000,259014.0,259857.0,257156.0,257679.0,2.37488
1783310400,257678.0,258016.0,256557.0,257197.0,1.818755
1783324800,257197.0,257617.0,255646.0,255646.0,1.802724
1783339200,255557.0,259490.0,251000.0,259490.0,4.577973
1783353600,259496.0,260500.0,258487.0,260480.0,2.301747
1783368000,260108.0,263000.0,259960.0,261362.0,2.101554
1783382400,261362.0,262216.0,258038.0,258346.0,2.95078
1783396800,258347.0,258997.0,256688.0,258001.0,1.961695
1783411200,258002.0,258879.0,257592.0,258827.0,2.387549
1783425600,258827.0,261500.0,256471.0,260909.0,3.196456
1783440000,261047.0,262000.0,259157.0,260570.0,1.32146
1783454400,260698.0,260698.0,258635.0,259179.0,0.593304
1783468800,259179.0,260506.0,256143.0,256745.0,1.536828
1783483200,256689.0,257118.0,255670.0,256683.0,2.227621
1783497600,256639.0,256735.0,251574.0,254653.0,2.488152
1783512000,254652.0,254890.0,251866.0,252320.0,2.083253
1783526400,252459.0,254960.0,252366.0,254431.0,0.420697
1783540800,254448.0,254764.0,253674.0,254734.0,0.531702
1783555200,254735.0,255810.0,252376.0,253560.0,1.622181
1783569600,253552.0,257983.0,253552.0,257375.0,1.429864
1783584000,257375.0,257375.0,255612.0,256060.0,1.454213
1783598400,256060.0,258299.0,255494.0,257394.0,1.878863
1783612800,257486.0,259440.0,256551.0,258885.0,0.618717
1783627200,258874.0,259174.0,258400.0,258839.0,0.636379
1783641600,258838.0,260534.0,257300.0,259925.0,2.815393
1783656000,259927.0,261000.0,259719.0,260467.0,1.85353
1783670400,260376.0,262000.0,260376.0,261998.0,3.039431
1783684800,261999.0,262936.0,260399.0,260862.0,2.694477
1783699200,260862.0,261188.0,259868.0,260396.0,1.323791
1783713600,260236.0,261282.0,259719.0,261281.0,0.690646
1783728000,261280.0,261760.0,260889.0,261512.0,0.758715
1783742400,261410.0,261793.0,260589.0,261672.0,1.49861
1783756800,261671.0,261800.0,261671.0,261799.0,0.740663
1783771200,261799.0,262732.0,261183.0,261471.0,1.257051
1783785600,261685.0,262166.0,261435.0,261757.0,0.218212
1783800000,261919.0,262265.0,260552.0,260627.0,0.566138
1783814400,260626.0,261000.0,260001.0,261000.0,1.784134
1783828800,261000.0,261261.0,259500.0,260260.0,0.848828
1783843200,260451.0,260988.0,260242.0,260921.0,0.707359
1783857600,260869.0,261846.0,260188.0,261585.0,1.347564
1783872000,261586.0,261616.0,261100.0,261433.0,0.172547
1783886400,261433.0,261612.0,259905.0,259995.0,0.710098
1783900800,259934.0,262060.0,256600.0,256602.0,2.659597
1783915200,256601.0,257465.0,255794.0,257322.0,1.644981
1783929600,257322.0,258042.0,257101.0,257186.0,2.430103
1783944000,257186.0,257290.0,254398.0,256009.0,2.179372
1783958400,256008.0,256008.0,253174.0,254334.0,1.483113
1783972800,254335.0,254657.0,253401.0,254657.0,0.6747
1783987200,254658.0,255883.0,254656.0,255538.0,1.724867
1784001600,255538.0,256880.0,255538.0,255953.0,1.314512
1784016000,255953.0,256982.0,255824.0,256881.0,1.107749
1784030400,256881.0,264484.0,256547.0,263999.0,6.838935
1784044800,263999.0,264494.0,263001.0,263285.0,0.779124
1784059200,263285.0,264906.0,263049.0,264906.0,1.391715
1784073600,264906.0,264906.0,262000.0,263512.0,2.904655
1784088000,263512.0,264990.0,262807.0,262809.0,3.68386
1784102400,262809.0,263999.0,262809.0,263903.0,1.658185
1784116800,263903.0,266666.0,263713.0,266549.0,5.844995
1784131200,266550.0,266550.0,264136.0,264543.0,1.071289
1784145600,264622.0,264984.0,263907.0,263908.0,0.906949
1784160000,263908.0,264048.0,262581.0,263262.0,1.950841
1784174400,263262.0,264484.0,261501.0,261882.0,1.789683
1784188800,261882.0,262336.0,260840.0,262282.0,0.884287
1784203200,262377.0,264836.0,261001.0,264299.0,1.900164
1784217600,264092.0,264117.0,262000.0,262489.0,0.636656
1784232000,262528.0,262528.0,260900.0,261028.0,0.994823
1784246400,261027.0,261819.0,259464.0,260169.0,2.017143
1784260800,260044.0,260044.0,256834.0,257570.0,3.148598
1784275200,257569.0,259910.0,256933.0,259679.0,3.069335
1784289600,259594.0,260715.0,256235.0,260443.0,4.599722
1784304000,260443.0,263520.0,260443.0,262842.0,3.338228
1784318400,262524.0,262843.0,261782.0,261871.0,0.3153
1784332800,261945.0,262171.0,261762.0,261926.0,0.938705
1784347200,261926.0,275000.0,261926.0,263347.0,17.660321
1784361600,263337.0,263486.0,263306.0,263470.0,1.870661
1784376000,263470.0,264350.0,263469.0,263981.0,2.445427
1784390400,263982.0,266457.0,263981.0,265861.0,1.612467
1784404800,266012.0,267021.0,265862.0,266917.0,1.3312
1784419200,267001.0,267394.0,266234.0,266246.0,1.313963
1784433600,266246.0,266604.0,266232.0,266296.0,1.054517
1784448000,266297.0,266298.0,265500.0,265524.0,1.344427
1784462400,265524.0,265548.0,264434.0,265275.0,2.493286
1784476800,265275.0,265561.0,264000.0,264305.0,0.631606
1784491200,264351.0,267000.0,264000.0,265663.0,5.105548
1784505600,265663.0,266904.0,264409.0,265922.0,1.777265
1784520000,265973.0,265973.0,262066.0,263419.0,2.505657
1784534400,263419.0,266671.0,262057.0,266671.0,2.147859
1784548800,266520.0,268822.0,263000.0,268451.0,3.84346
1784563200,268800.0,268888.0,266457.0,266547.0,0.854544
1784577600,266421.0,267801.0,266421.0,267030.0,0.922413
1784592000,266866.0,268339.0,266627.0,268042.0,3.179538
1784606400,268042.0,271394.0,267770.0,271039.0,6.129214
1784620800,271008.0,271399.0,270608.0,270893.0,3.645495
1784635200,270867.0,272860.0,270735.0,272209.0,6.961335
1784649600,272093.0,272305.0,270217.0,271102.0,0.49755
1784664000,271095.0,271466.0,270302.0,271466.0,0.937191
1784678400,271466.0,272053.0,270501.0,270501.0,1.393764
1784692800,270501.0,271080.0,269108.0,269366.0,1.679352
1784707200,269365.0,270355.0,269320.0,269789.0,2.693161
1784721600,269789.0,270337.0,268227.0,270028.0,2.156338
1784736000,270028.0,270899.0,269165.0,269685.0,1.05739
1784750400,269678.0,270058.0,269274.0,269922.0,0.414896
1784764800,270217.0,270678.0,268300.0,268434.0,1.089442
1784779200,268434.0,268855.0,267580.0,267580.0,1.732374
1784793600,267581.0,268860.0,267581.0,268649.0,1.605916
1784808000,268650.0,268650.0,265151.0,266078.0,2.107337
1784822400,266035.0,266035.0,265150.0,265401.0,0.691545
1784836800,265760.0,267138.0,265760.0,267025.0,0.517386
1784851200,267025.0,268416.0,266086.0,268415.0,1.91831
1784865600,268415.0,269680.0,268123.0,268627.0,1.710557
1784880000,268626.0,268657.0,266252.0,267136.0,1.42993
1784894400,267231.0,267356.0,262168.0,263400.0,2.58682
1784908800,263400.0,263960.0,262540.0,263865.0,0.619297
1784923200,263865.0,263865.0,263703.0,263764.0,0.138728
1784937600,263764.0,263764.0,263340.0,263442.0,0.784139
1784952000,263442.0,263823.0,263200.0,263200.0,0.987122
1784966400,263201.0,263455.0,262400.0,263414.0,1.096982
1784980800,263342.0,264260.0,263312.0,264028.0,0.643345
1784995200,264028.0,264861.0,263885.0,264840.0,0.261409
1785009600,264814.0,264875.0,264403.0,264874.0,0.124688
1785024000,264874.0,265348.0,264864.0,265318.0,0.910161
1785038400,265319.0,265319.0,264559.0,264832.0,0.857779
1785052800,264832.0,265320.0,264831.0,265318.0,0.700235
1785067200,265318.0,266000.0,265087.0,266000.0,1.193636
1785081600,266000.0,266459.0,265985.0,265993.0,0.377752
1785096000,265993.0,268000.0,265983.0,267753.0,0.593736
1785110400,267817.0,267817.0,265505.0,266525.0,1.55338
1785124800,266525.0,267898.0,266443.0,266463.0,2.601772
1785139200,266316.0,267000.0,266200.0,266201.0,1.204268
1785153600,266201.0,268000.0,264065.0,264584.0,2.009903
1785168000,264585.0,266359.0,264527.0,266358.0,0.55632
1785182400,266358.0,266358.0,261316.0,261624.0,2.262168
1785196800,261624.0,261801.0,259016.0,259743.0,5.448639
1785211200,259743.0,260996.0,259743.0,260562.0,2.156841
1785225600,260563.0,260974.0,260376.0,260726.0,1.988091
1785240000,260726.0,262374.0,258495.0,261841.0,3.050236
1785254400,261841.0,261905.0,260474.0,260976.0,0.977914
1785268800,260976.0,261636.0,260700.0,261573.0,0.430499
1785283200,261573.0,262140.0,260615.0,260802.0,2.310371
1785297600,260802.0,263387.0,260289.0,263325.0,1.542796
1785312000,263386.0,264613.0,263214.0,264068.0,1.286787
1785326400,264068.0,264812.0,262274.0,262274.0,1.965641
1785340800,262274.0,264253.0,260372.0,260539.0,2.349258
1785355200,260538.0,262188.0,259113.0,261944.0,1.379235
1785369600,261943.0,263172.0,260868.0,262532.0,2.853703
1785384000,262532.0,262532.0,261237.0,261714.0,1.312977
1785398400,261714.0,264500.0,261713.0,264500.0,3.752383
1785412800,264500.0,265658.0,264000.0,264390.0,3.014816
1785427200,264391.0,265380.0,264391.0,264892.0,0.525658
1785441600,264892.0,265496.0,264606.0,264614.0,0.553243
1785456000,264614.0,266660.0,262502.0,263132.0,2.170895
1785470400,263133.0,263776.0,262001.0,262030.0,1.796273
1785484800,262010.0,262077.0,260500.0,261805.0,1.66033
1785499200,261805.0,261805.0,256588.0,257318.0,4.633879
1785513600,257317.0,259568.0,257317.0,258626.0,0.912534
1785528000,258627.0,258633.0,258268.0,258281.0,0.773118
1785542400,258281.0,258949.0,258281.0,258830.0,1.148279
1785556800,258830.0,258974.0,258642.0,258695.0,0.948558
1785571200,258816.0,259108.0,258815.0,258855.0,1.19899
1785585600,258856.0,258922.0,258500.0,258501.0,0.711531
1785600000,258501.0,258501.0,256001.0,256746.0,0.837229
1785614400,256746.0,257662.0,256746.0,257659.0,0.480735
1785628800,257775.0,260330.0,257774.0,260229.0,0.67473
1785643200,260253.0,260399.0,259762.0,260125.0,1.363069
1785657600,260125.0,260125.0,257900.0,257901.0,0.888739
1785672000,258019.0,258576.0,258000.0,258001.0,0.956475
1785686400,258001.0,259255.0,257900.0,259042.0,0.766707
1785700800,259042.0,260071.0,258975.0,259499.0,0.762461
1785715200,259500.0,259500.0,257500.0,257501.0,1.765357
1785729600,257501.0,257501.0,256166.0,256382.0,2.282224
1785744000,256383.0,257399.0,255580.0,256686.0,2.872538
1785758400,256686.0,261998.0,256685.0,260801.0,2.712925
1785772800,260947.0,261470.0,260770.0,261459.0,0.62276
1785787200,261133.0,261373.0,259633.0,259761.0,0.374517
1785801600,259760.0,261489.0,259293.0,260919.0,2.942795
1785816000,260918.0,261989.0,260006.0,260348.0,2.405075
1785830400,260345.0,261221.0,259459.0,261221.0,3.342445
1785844800,261220.0,262932.0,261001.0,262816.0,2.514426
1785859200,262733.0,263820.0,262069.0,263658.0,0.500477
1785873600,263648.0,264266.0,262804.0,263000.0,0.986474
1785888000,263001.0,263871.0,261167.0,262624.0,2.158381
1785902400,262624.0,263470.0,261693.0,262100.0,1.690479
1785916800,262101.0,262699.0,261826.0,262101.0,1.133728
1785931200,262101.0,264500.0,262088.0,263692.0,3.150209
1785945600,263692.0,265000.0,263692.0,265000.0,0.883498
1785960000,265000.0,265399.0,264303.0,264359.0,0.888828
1785974400,264359.0,264438.0,263802.0,264082.0,1.196635
1785988800,264082.0,265595.0,264082.0,265010.0,3.794455
1786003200,265010.0,265180.0,264014.0,264225.0,0.9808
1786017600,264224.0,265500.0,262734.0,264495.0,2.301523
1786032000,264493.0,264494.0,263167.0,263283.0,0.676866
1786046400,263521.0,263558.0,262248.0,262780.0,0.339748
1786060800,262779.0,263556.0,262597.0,262972.0,1.929856
1786075200,262973.0,263159.0,262501.0,262939.0,1.304359
1786089600,262939.0,265998.0,262938.0,265908.0,1.975521
1786104000,265907.0,266736.0,265235.0,265583.0,2.615443
1786118400,265583.0,265831.0,264263.0,265541.0,0.787404
1786132800,265532.0,265600.0,265271.0,265359.0,0.291127
1786147200,265359.0,265680.0,265289.0,265680.0,1.375161
1786161600,265700.0,265993.0,265626.0,265858.0,1.320787
1786176000,265858.0,266197.0,265857.0,266054.0,0.676832
1786190400,266053.0,266355.0,265921.0,266353.0,1.124461
1786204800,266352.0,266494.0,266352.0,266494.0,0.527205
1786219200,266494.0,266495.0,266322.0,266328.0,0.306361
1786233600,266327.0,266451.0,265552.0,265621.0,0.783912
1786248000,265621.0,265651.0,265489.0,265615.0,1.210435
1786262400,265616.0,266228.0,265615.0,266134.0,0.939774
1786276800,266134.0,266999.0,266098.0,266999.0,1.771736
1786291200,266998.0,267000.0,266998.0,266999.0,0.364973
1786305600,266998.0,267499.0,266000.0,266000.0,0.98636
1786320000,266000.0,267059.0,265532.0,265822.0,2.202005
1786334400,265821.0,266448.0,265500.0,266448.0,1.52522
1786348800,266447.0,266448.0,265856.0,265999.0,1.21743
1786363200,265999.0,266497.0,262502.0,263217.0,2.819527
1786377600,263217.0,263564.0,262008.0,262309.0,1.298985
1786392000,262310.0,262768.0,262309.0,262331.0,0.385496
1786406400,262330.0,262618.0,262110.0,262611.0,2.012142
1786420800,262610.0,262611.0,262195.0,262197.0,2.196018
1786435200,262197.0,263205.0,262196.0,263205.0,1.501547
1786449600,263206.0,263396.0,260544.0,260544.0,3.851557
1786464000,260544.0,260975.0,260100.0,260212.0,1.022688
1786478400,260439.0,261282.0,260439.0,261027.0,0.436127
1786492800,261027.0,261608.0,260917.0,261437.0,1.303713
1786507200,261437.0,261454.0,260891.0,261121.0,1.046562
1786521600,261123.0,262366.0,261108.0,262366.0,1.526574
1786536000,262366.0,263134.0,259261.0,259618.0,2.667245
1786550400,259601.0,259902.0,259502.0,259580.0,0.290653
1786564800,259832.0,259980.0,259553.0,259554.0,0.739445
1786579200,259554.0,260500.0,259554.0,260500.0,2.198171
1786593600,260500.0,261534.0,260433.0,261370.0,1.061631
1786608000,261370.0,261520.0,259897.0,259986.0,1.32824
1786622400,259986.0,261490.0,259986.0,260006.0,1.985237
1786636800,260006.0,260006.0,257878.0,259614.0,1.514627
1786651200,259615.0,260289.0,259388.0,259764.0,0.42969
1786665600,259763.0,260343.0,259500.0,259500.0,1.619293
1786680000,259500.0,259704.0,258002.0,258002.0,1.279739
1786694400,258002.0,258002.0,257318.0,257767.0,1.451263
1786708800,257766.0,258631.0,256869.0,258493.0,1.850126
1786723200,258444.0,259174.0,258049.0,258271.0,0.241258
1786737600,258271.0,258363.0,257842.0,258363.0,0.369361
1786752000,258363.0,258774.0,258351.0,258710.0,1.021641
1786766400,258710.0,258899.0,257875.0,258765.0,1.26346
1786780800,258766.0,258766.0,258313.0,258489.0,0.7237
1786795200,258490.0,258818.0,258443.0,258818.0,0.673957
1786809600,258818.0,258840.0,258817.0,258829.0,0.602168
1786824000,258829.0,258839.0,258828.0,258839.0,0.501306
1786838400,258838.0,258991.0,258828.0,258991.0,0.831452
1786852800,258990.0,259168.0,258828.0,258828.0,0.849365
1786867200,258829.0,258829.0,258451.0,258452.0,1.16627
1786881600,258452.0,258698.0,258451.0,258627.0,2.62774
1786896000,258626.0,259187.0,258503.0,258503.0,1.366869
1786910400,258503.0,258503.0,257100.0,257393.0,0.634452
1786924800,257392.0,259131.0,257001.0,258955.0,1.378632
1786939200,259031.0,259447.0,258602.0,258868.0,1.798033
1786953600,258867.0,259000.0,257018.0,258809.0,2.475017
1786968000,258810.0,260892.0,258522.0,260656.0,2.953596
1786982400,260813.0,261996.0,260001.0,261302.0,0.284199
1786996800,261321.0,262000.0,261267.0,262000.0,0.503973
1787011200,262000.0,262000.0,260644.0,260646.0,1.192823
1787025600,260646.0,261550.0,260645.0,261205.0,1.908241
1787040000,261203.0,261569.0,260916.0,261496.0,1.350057
1787054400,261495.0,264000.0,261000.0,263562.0,2.40775
1787068800,263625.0,263625.0,262662.0,262855.0,0.352825
1787083200,262854.0,262971.0,262225.0,262784.0,0.528996
1787097600,262784.0,262784.0,261494.0,261495.0,1.665198
1787112000,261495.0,261578.0,261451.0,261577.0,1.743791
1787126400,261577.0,262332.0,261501.0,262227.0,0.843674
1787140800,262227.0,280720.0,262226.0,277517.0,14.368251
1787155200,277552.0,278997.0,275406.0,276982.0,4.805322
1787169600,276981.0,282298.0,276981.0,279471.0,5.846508
1787184000,279470.0,280691.0,277794.0,278426.0,5.391868
1787198400,278417.0,281000.0,278403.0,280858.0,3.281866
1787212800,280858.0,290999.0,280857.0,288952.0,10.774893
