timestamp,open,high,low,close,volume
1767225600,280000.0,280467.3976502179,280036.14152697916,280278.1599256863,1.5573089830996336
1767225900,280278.1599256863,280241.14922404883,280191.91175981605,280200.65499785496,1.9828487694827808
1767226200,280200.65499785496,280785.94470507023,280558.56562422484,280563.62050307577,1.6971831534504198
1767226500,280563.62050307577,281504.9000341967,281285.22724708903,281418.23404437205,2.0668011846870793
1767226800,281418.23404437205,281819.0921218988,280901.965257512,281286.4439859517,2.442262453292828
1767227100,281286.4439859517,281214.69341551536,280988.1217930473,281154.7248818999,4.131238509141715
1767227400,281154.7248818999,282043.07116681134,281279.97716931393,282042.73117124784,2.3150249861820615
1767227700,282042.73117124784,282706.4375710418,282297.70290953794,282475.6299452597,1.2302127803965306
1767228000,282475.6299452597,282396.4457830938,282072.60384314955,282210.3997994394,4.8068112536576315
1767228300,282210.3997994394,282781.51113059145,282337.7066112308,282516.6319730706,1.7886388886335347
1767228600,282516.6319730706,282708.5270263252,282248.397895061,282254.7855615304,2.6396327204746997
1767228900,282254.7855615304,282206.95884976466,281595.51929476496,281991.8766580832,3.39827603150055
1767229200,281991.8766580832,282345.3363021066,281850.44497320725,282128.3394481619,3.003580897037995
1767229500,282128.3394481619,281312.9168909943,280992.91952153266,281048.7582915133,4.697778670801555
1767229800,281048.7582915133,280311.50490030064,280057.04114477866,280079.18626154796,3.4538915183745234
1767230100,280079.18626154796,279818.4418120701,279602.19799166685,279764.2161942783,1.7671095871082243
1767230400,279764.2161942783,279271.36026986805,279063.26078926405,279197.50838524324,8.079104902442488
1767230700,279197.50838524324,279932.80753512133,279178.4920000896,279372.9825297978,2.9956664619457793
1767231000,279372.9825297978,279042.8239892959,278721.2610771131,278865.6277414234,2.5252242904648936
1767231300,278865.6277414234,278422.55224878475,278053.44559312216,278077.9418249546,4.4015762329190045
1767231600,278077.9418249546,278909.78580646333,278287.8907322053,278893.07101115456,3.0793713621792462
1767231900,278893.07101115456,278844.4596941663,278370.2601881188,278767.1361195461,3.3188359250815895
1767232200,278767.1361195461,279184.1435358287,278288.48279261636,278804.7854080024,9.450730114362992
1767232500,278804.7854080024,278374.1977772945,277792.48616036086,278010.332183367,2.368932154459946
1767232800,278010.332183367,278546.18574644945,277519.1797734434,277707.6441392068,2.3189617245667016
1767233100,277707.6441392068,277820.3199919182,277680.8556412309,277769.2522413471,2.8814373687183887
1767233400,277769.2522413471,277628.8063501057,276913.34925562795,277129.8309906767,4.644844838803866
1767233700,277129.8309906767,277681.6722318015,277266.0127789406,277338.06524733204,1.2798373312630416
1767234000,277338.06524733204,277062.9819894565,276562.10240461805,277004.9053029825,1.0173712088574849
1767234300,277004.9053029825,276979.410289952,276621.24021110503,276843.30410390464,2.0267679161524446
1767234600,276843.30410390464,276733.32479865634,276271.73366044275,276510.1472106431,1.2008606649075524
1767234900,276510.1472106431,277804.6872901317,277141.4427773689,277534.49463759037,2.198080163083916
1767235200,277534.49463759037,277659.2048906616,277207.5265004909,277527.00274669705,3.494708083155886
1767235500,277527.00274669705,277079.9009223759,276153.6618532834,276939.91605892597,1.7412888688113177
1767235800,276939.91605892597,277689.6045616707,277170.98849345243,277395.50709675107,1.3318736517950094
1767236100,277395.50709675107,277481.842152061,276453.45683207165,276718.1940100119,2.8141734101165494
1767236400,276718.1940100119,276942.42072178517,276690.678462132,276833.7867236202,4.184016801073859
1767236700,276833.7867236202,275889.12702069676,275687.69890915765,275748.7809213746,1.1647579308411111
1767237000,275748.7809213746,275023.3229061805,275010.15661244944,275016.2895537336,4.096431378273187
1767237300,275016.2895537336,275611.28589403053,274935.04030858784,275124.56964702497,4.090442283033114
1767237600,275124.56964702497,275722.32518843445,275474.49284581555,275530.9102470649,4.379972960985482
1767237900,275530.9102470649,275738.15337718325,275414.24929924327,275625.34476407245,4.999011072819307
1767238200,275625.34476407245,275706.0122027689,275116.3172304978,275561.5935686632,8.174397079576869
1767238500,275561.5935686632,275437.60620905267,275313.12667102553,275395.64834029117,2.274940676252683
1767238800,275395.64834029117,274807.1124230671,274325.26212512975,274581.29129604594,2.8713600141023203
1767239100,274581.29129604594,274493.3506833966,274072.1651120588,274185.97979149997,2.2073236937510146
1767239400,274185.97979149997,273933.4351280014,273741.43312007945,273933.3784060088,2.720969967337204
1767239700,273933.3784060088,274515.0935864248,273739.8825893704,274512.5405316413,5.849970847032827
1767240000,274512.5405316413,274791.2686615804,274672.5325009416,274701.1955909264,1.3874850031432933
1767240300,274701.1955909264,273775.0578596573,273624.91616142547,273732.5771138205,1.7673392445756937
1767240600,273732.5771138205,274136.0044612633,273707.8405769981,273910.0017941079,5.411847156149838
1767240900,273910.0017941079,273936.3787306818,273649.43774757464,273699.04601786844,4.526813423527331
1767241200,273699.04601786844,273508.382199364,273202.69485349994,273328.50020644395,2.2669474176946025
1767241500,273328.50020644395,273745.9958706809,273609.556216261,273662.8773317254,4.167019368761236
1767241800,273662.8773317254,274596.2442978595,273947.54176172527,274227.16992343316,3.2239519518017117
1767242100,274227.16992343316,274963.0157586163,274681.2391395523,274737.9345463756,5.755392863098582
1767242400,274737.9345463756,274407.42110800487,273875.7583384281,274276.80476844497,2.8214608900102385
1767242700,274276.80476844497,274346.86156065593,273984.21091696556,274107.1852035583,4.539496291713999
1767243000,274107.1852035583,274360.80620590324,274024.92627632694,274288.7885770441,10.185915729369372
1767243300,274288.7885770441,274877.15390355454,274758.8141933093,274823.95075928536,3.6658109423124756
1767243600,274823.95075928536,274794.1966775982,274354.6806050793,274560.57364499196,2.7861593847648662
1767243900,274560.57364499196,274496.3272467936,274381.9769080126,274458.6243747216,3.900963182871108
1767244200,274458.6243747216,273958.26734619954,273590.9298489281,273851.33802459494,2.264512651533992
1767244500,273851.33802459494,273224.3722432935,273109.1537361205,273196.1724554782,8.970880688155017
1767244800,273196.1724554782,273712.7441327552,273368.7623406305,273640.1303448769,2.9743797172279085
1767245100,273640.1303448769,274542.2724450647,274208.722549154,274382.373741271,2.371525312463048
1767245400,274382.373741271,275011.92919229297,274290.9162563285,274342.8571250858,1.78989238420589
1767245700,274342.8571250858,274930.3937562973,274811.77077683626,274893.4812899392,4.704926239191632
1767246000,274893.4812899392,275483.69112456887,274765.15536282654,275092.3040617096,4.193743225740507
1767246300,275092.3040617096,274991.8350851635,274447.79982448346,274737.36910232954,2.11980226751298
1767246600,274737.36910232954,275201.369329575,274778.6817703213,274935.94685805455,3.626346517945133
1767246900,274935.94685805455,276122.5721321826,275587.31875263667,275781.66993746185,1.2785441091955843
1767247200,275781.66993746185,275786.3579942606,275337.9022880234,275761.9096076759,2.981675191991397
1767247500,275761.9096076759,276679.43027998146,276584.76364529994,276624.8478524415,3.4088608572864407
1767247800,276624.8478524415,275345.437324287,275052.76189764135,275175.47467077954,6.383170418836781
1767248100,275175.47467077954,275714.927963276,275596.6248379859,275627.8094943286,1.8488995026117347
1767248400,275627.8094943286,275845.5478808654,275575.69220568583,275675.79467981134,1.4345105137179106
1767248700,275675.79467981134,275842.61983062624,274957.86018221074,275510.9365019018,1.737219800473408
1767249000,275510.9365019018,275599.92472157103,275454.48523252405,275561.49869685667,1.3933567303468593
1767249300,275561.49869685667,274589.66545259324,274382.221672466,274466.10375911527,5.303296874091552
1767249600,274466.10375911527,274345.66362794134,274171.67672221956,274345.5187847949,5.8962682306181105
1767249900,274345.5187847949,274706.51943275495,274349.7784918769,274541.46325218683,3.1902787294231607
1767250200,274541.46325218683,275750.5193218102,274890.72161653894,275352.9496393369,5.006051461108462
1767250500,275352.9496393369,275699.14000780316,274541.7049183092,275067.53517271316,2.906585981735069
1767250800,275067.53517271316,274773.94443366595,274262.6780577705,274622.75448761164,2.5920373190023063
1767251100,274622.75448761164,274682.06568021275,274285.6254107321,274347.1666848262,2.3013161317596693
1767251400,274347.1666848262,274989.10468966997,274613.18621649884,274849.4426395639,2.3275227494269903
1767251700,274849.4426395639,275070.8008023283,275008.2089434079,275030.15675807814,1.2537000535400646
1767252000,275030.15675807814,274863.28159867425,274425.67662315385,274738.75669430563,3.1022491534925005
1767252300,274738.75669430563,275420.2443695551,274914.25301535043,275020.78560715605,2.6640114344848613
1767252600,275020.78560715605,275164.06134387123,274771.9801798208,275074.1822949291,3.9459130091732617
1767252900,275074.1822949291,275689.8936134322,275215.579712528,275607.0807523389,2.848412291138765
1767253200,275607.0807523389,275391.34305673785,275188.8669902549,275220.0991448656,2.50590049558593
1767253500,275220.0991448656,275352.96509336703,274978.8033427785,275039.7407279202,1.7583985586910424
1767253800,275039.7407279202,275109.6229882737,274484.71055651084,274824.05007837067,2.8181386629165392
1767254100,274824.05007837067,274040.39276948397,273736.8558720363,274019.63186757884,3.931883666121255
1767254400,274019.63186757884,274365.7510674173,274018.64457008574,274181.9174061984,1.534693220108105
1767254700,274181.9174061984,274619.10798755765,274163.2477555907,274325.070676349,2.839809228462647
1767255000,274325.070676349,274754.11551742826,274291.6184364293,274327.87617505866,3.0542115547561974
1767255300,274327.87617505866,274423.43325913785,274179.34976268973,274199.168594905,1.898316817828924
1767255600,274199.168594905,273525.90064839827,273012.786498989,273422.9816334575,2.026017102995913
1767255900,273422.9816334575,273439.3875650232,272980.18064476206,273192.95343673613,3.050499733915077
1767256200,273192.95343673613,273243.12203227053,272636.84845535766,273005.69905482495,1.5423226443787132
1767256500,273005.69905482495,272874.40363188693,272326.09947474516,272567.6465213857,3.238019435729971
1767256800,272567.6465213857,272803.81461196917,272462.6559729522,272479.723987693,1.7372837202769633
1767257100,272479.723987693,273147.8720948273,272633.615573028,272699.9153195766,4.624770955100724
1767257400,272699.9153195766,273975.1664802138,273648.09818952007,273728.6407906508,8.748776593375528
1767257700,273728.6407906508,273999.0218531794,273452.7493052084,273824.21468548814,1.7675980642574778
1767258000,273824.21468548814,274055.29179917654,273910.37210603314,273965.2617524513,3.5505550067153773
1767258300,273965.2617524513,274089.69836056215,273860.9633405105,273924.47056285274,1.8900986955181034
1767258600,273924.47056285274,273021.74795335747,272560.5527870011,272873.27378428867,4.574407064310771
1767258900,272873.27378428867,272903.2234059385,272646.69127473654,272858.8039282996,1.443933223744925
1767259200,272858.8039282996,272902.83911660506,272466.29202657874,272891.67261438933,3.4566274186535844
1767259500,272891.67261438933,274510.9050830595,273816.36141367967,274236.06913464994,1.7568202810067115
1767259800,274236.06913464994,274333.6471009859,273683.8297876338,274130.56450497685,2.451028433982693
1767260100,274130.56450497685,274436.6635639214,274193.6678099092,274295.8911913346,1.6233426090864322
1767260400,274295.8911913346,274339.54826409195,274210.2819520097,274276.8485997223,4.100771945785867
1767260700,274276.8485997223,273907.8554940846,273118.59156052175,273635.7659413503,1.7887370689792377
1767261000,273635.7659413503,274963.94903863716,274136.4677886271,274261.2003337205,3.5822178854566102
1767261300,274261.2003337205,274726.12273922295,274388.0449882366,274673.65244595095,2.2886245086739225
1767261600,274673.65244595095,275771.9340090354,274941.0352195733,275108.20371414244,2.567066517508892
1767261900,275108.20371414244,274823.30230755324,274570.1371475574,274607.8438158049,2.9267071565639777
1767262200,274607.8438158049,275383.5843481437,275114.5254500609,275378.28045789147,1.857232848599796
1767262500,275378.28045789147,274678.3932397255,274549.19261982536,274606.20178763184,3.019778718765917
1767262800,274606.20178763184,274934.68749713176,274843.92189848935,274928.51098267303,5.84254963076623
1767263100,274928.51098267303,276284.0260042219,275830.439390968,276132.94838982815,1.8421854420934738
1767263400,276132.94838982815,275911.32433095307,275343.18554158544,275585.90895793703,4.883709485797907
1767263700,275585.90895793703,275580.52515565057,274778.63977095427,275273.78160883026,5.749131596706769
1767264000,275273.78160883026,275525.60939287796,275126.2225207693,275328.64442505053,1.807459928955796
1767264300,275328.64442505053,275248.93987702363,274595.8594848088,275051.4018863529,1.313207604512953
1767264600,275051.4018863529,274318.6069214077,274131.7305988286,274198.3775852156,3.161290878653106
1767264900,274198.3775852156,274241.35689141817,274235.3498637198,274235.9772981241,2.067409219517084
1767265200,274235.9772981241,273837.46422408975,273360.42450971855,273653.3335038819,6.919210057558099
1767265500,273653.3335038819,274074.6391075238,273564.1465226004,273912.5337986129,2.7660042513655965
1767265800,273912.5337986129,273505.6480190298,273378.55302065454,273408.85015534324,1.8201161104101318
1767266100,273408.85015534324,274413.69566911156,274149.9035872397,274256.3817223273,1.5317643554299336
1767266400,274256.3817223273,273854.64827351243,273811.4447793856,273826.75729447085,4.6877488577723065
1767266700,273826.75729447085,274074.2691250106,273557.89696746186,273650.379173207,2.042976908351609
1767267000,273650.379173207,274435.25158257736,273851.31532853405,274095.61776320124,2.778508852293916
1767267300,274095.61776320124,273822.1207658593,273419.71220108913,273420.86873280996,4.383736191577437
1767267600,273420.86873280996,273590.32286470575,273375.95990948455,273545.25331865274,2.133728297542967
1767267900,273545.25331865274,274274.3351907231,273811.041549704,274260.37871034036,2.6565693852886163
1767268200,274260.37871034036,273426.02869757544,273274.3988854571,273378.6407889778,2.6958560429398206
1767268500,273378.6407889778,273546.30691626907,273394.36000005685,273479.59069555614,3.825397011536522
1767268800,273479.59069555614,273682.8089643428,273206.12895920203,273621.73597595585,3.6523550099960516
1767269100,273621.73597595585,274457.8798934882,273328.6329406209,274049.5834387587,2.434991180051583
1767269400,274049.5834387587,273809.25348556647,273265.4408855802,273371.61178465787,2.8061811305306192
1767269700,273371.61178465787,272875.55051244836,272623.8072849159,272649.6610794367,2.257167016060466
1767270000,272649.6610794367,272962.4572245234,272793.7736249763,272934.2754613742,1.298479281844151
1767270300,272934.2754613742,273545.1389871025,273029.88283496565,273096.3900545982,3.09194526581972
1767270600,273096.3900545982,273281.25670389173,273216.70313625626,273233.2074409261,7.0013002402725055
1767270900,273233.2074409261,273876.81312773284,273114.16922277963,273422.52975191217,1.7474200266688213
1767271200,273422.52975191217,273056.36466202413,273027.1489630281,273050.66159257654,1.8468567595885645
1767271500,273050.66159257654,273240.5179395778,272973.45301145717,273177.4956439108,1.758807661092017
1767271800,273177.4956439108,273682.06768676447,273066.9675720656,273337.6172525066,3.905148807038214
1767272100,273337.6172525066,273115.3330818124,272887.83372652356,272947.099023538,3.4015891758971906
1767272400,272947.099023538,274068.4054109313,273821.3615579349,273965.6145040361,2.5111257379986407
1767272700,273965.6145040361,274312.36785814475,274094.3242921254,274225.24235873576,1.7177073560997969
1767273000,274225.24235873576,273922.49306968885,273394.09702111187,273571.8713782493,2.8467796152113793
1767273300,273571.8713782493,274083.86950304394,273908.04428106913,273931.1005769975,1.2432002930233337
1767273600,273931.1005769975,273700.9787242927,273393.60201766086,273397.1093317224,2.9203786526226567
1767273900,273397.1093317224,273894.9824255851,273696.09281344933,273827.4826426477,4.202847169177919
1767274200,273827.4826426477,274598.7361984287,274388.26021531335,274461.9932642487,1.4541193093341978
1767274500,274461.9932642487,274323.9150038566,273508.31735355884,274011.5010543857,1.2633170758020724
1767274800,274011.5010543857,274973.3741089549,274420.63982747693,274539.4533328941,5.987769342431382
1767275100,274539.4533328941,275045.0161078428,274547.98822653375,274766.1026329489,2.001946946411047
1767275400,274766.1026329489,275441.01362736867,275136.0079600146,275217.85116553196,4.79691941324508
1767275700,275217.85116553196,276609.3346091004,276193.8473928225,276261.9137431157,2.516832502364419
1767276000,276261.9137431157,276190.9500071096,275853.9664365192,276126.33096204215,2.506838986460238
1767276300,276126.33096204215,275838.65786275594,275513.77996475267,275710.0781588873,3.384500557704039
1767276600,275710.0781588873,275491.31576597947,274794.97231626476,275219.58197305625,1.7471756530395528
1767276900,275219.58197305625,274791.3971447328,274726.3913443293,274770.52804186125,2.904463151705961
1767277200,274770.52804186125,274816.0286077846,274595.1412695142,274728.157487044,2.246234576115157
1767277500,274728.157487044,274957.32623431564,274649.9694018249,274915.60559397284,1.404601002259291
1767277800,274915.60559397284,275297.45970084536,275019.49787598924,275067.738831293,3.2179388225174304
1767278100,275067.738831293,276098.5172459427,275387.3806701435,275522.801683116,2.3829663962300263
1767278400,275522.801683116,275972.92510712415,275527.4070414149,275529.9663184708,2.513025952428296
1767278700,275529.9663184708,276382.0002489154,276246.1223374495,276330.9507091146,1.4842647447971908
1767279000,276330.9507091146,276743.57400657586,275683.84952651465,276184.684960434,6.0236909368726295
1767279300,276184.684960434,277689.1113190145,277592.0100101393,277687.2230890612,4.213767300120968
1767279600,277687.2230890612,278087.5401924247,277957.3121659248,278034.70274581795,4.402083458228668
1767279900,278034.70274581795,277657.27551242575,277416.72737809963,277558.0636530089,2.333286173391153
1767280200,277558.0636530089,277013.5558852249,276729.183126924,276963.5939567241,1.145004486395979
1767280500,276963.5939567241,277611.44449250377,277068.6940998681,277230.8485449456,7.217139557594205
1767280800,277230.8485449456,277719.8692911688,276974.2796636578,277106.94698975736,2.63649727388329
1767281100,277106.94698975736,277928.18790877634,277402.9004953102,277502.65598389145,1.8693674320149454
1767281400,277502.65598389145,278160.8312726502,277112.8136261006,277765.30537935277,3.348126003059794
1767281700,277765.30537935277,277798.9026662795,277525.9836354612,277724.8466890236,4.872272175032492
1767282000,277724.8466890236,277373.5053231118,277138.984139098,277254.49537796807,2.6871327204520123
1767282300,277254.49537796807,276577.1836294402,276397.0508562153,276414.49897225806,5.151498194743179
1767282600,276414.49897225806,276609.00280949625,276058.345719806,276167.6525587396,4.671592263071417
1767282900,276167.6525587396,276768.52760495915,276567.76297441917,276640.67184810445,1.5869428130960852
1767283200,276640.67184810445,277319.3720844712,276403.7406929999,276759.1259225338,1.9408090984191662
1767283500,276759.1259225338,276445.9176556311,275399.7337152273,276069.5867714855,4.387539456297571
1767283800,276069.5867714855,276217.5969877573,275506.01976367057,276165.2067447584,0.7002581109983989
1767284100,276165.2067447584,276560.98658212833,276240.97942049924,276378.0292524287,2.522554688826393
1767284400,276378.0292524287,276006.96949603426,275586.7381306765,275889.47169971396,1.329209492767397
1767284700,275889.47169971396,275979.5782706001,275542.21536610887,275974.29397624655,2.1419638588908527
1767285000,275974.29397624655,276183.47670285037,275176.2963548389,276006.42219619936,2.3410275466543475
1767285300,276006.42219619936,275509.83597952256,275218.19910336554,275375.48791103787,2.272493782395668
1767285600,275375.48791103787,276069.7684399111,275505.3944089469,275572.5396488865,2.062397980377041
1767285900,275572.5396488865,275934.2801271839,275580.8448270601,275881.6132811406,1.5705536102293622
1767286200,275881.6132811406,276678.19923045917,276206.7199281184,276479.20112960733,8.550208198973625
1767286500,276479.20112960733,277420.22650423547,276793.2307815918,277061.909828598,6.915263030608153
1767286800,277061.909828598,276562.77236242365,276267.96967263456,276298.51041620097,1.520390317726656
1767287100,276298.51041620097,275910.55142446177,275607.5456964263,275780.2710930818,5.995794912794429
1767287400,275780.2710930818,276474.05574247893,275927.9507925115,276064.3442243084,2.2261357943939672
1767287700,276064.3442243084,276446.293232418,275559.1497608607,276348.02018752886,2.899660718901325
1767288000,276348.02018752886,276719.28708790033,276395.6517722533,276632.6850043546,2.6336297296955276
1767288300,276632.6850043546,278764.4654489242,278450.3643100262,278764.26791807584,1.954482943391657
1767288600,278764.26791807584,279431.5226546494,279011.0154569833,279082.55566862534,4.445650363685244
1767288900,279082.55566862534,279885.48163466423,279565.8880146058,279716.3887906075,2.8948788591270893
1767289200,279716.3887906075,280497.3625659081,280026.4928569336,280250.08864697587,2.1419664059168886
1767289500,280250.08864697587,280742.0569750745,280093.43541075004,280615.19355882047,1.4158149165818357
1767289800,280615.19355882047,280570.0726782417,280425.49732837063,280438.25487860467,1.7388126463521942
1767290100,280438.25487860467,280938.6184939157,280707.12631672795,280863.94288600807,1.1963914989206264
1767290400,280863.94288600807,280552.2946515065,279909.16609568754,280429.82541217457,2.734946225871152
1767290700,280429.82541217457,280315.540184797,280161.9658530467,280297.00341108965,1.4943139479996557
1767291000,280297.00341108965,280612.88592326426,279934.0550230726,280024.91151504667,2.380283846341345
1767291300,280024.91151504667,280139.9497893311,279565.5558798502,280070.7651123208,5.392725559640497
1767291600,280070.7651123208,281468.1267053995,280694.283241282,281367.3015038048,4.951298109088037
1767291900,281367.3015038048,280498.0434368338,280079.72254802095,280316.52676694177,2.6747650720236367
1767292200,280316.52676694177,280910.16254221665,280699.7061315187,280701.26691299013,2.602461263172584
1767292500,280701.26691299013,279846.5899143354,279466.1411365546,279795.8841365629,6.9583144946572935
1767292800,279795.8841365629,279713.31536027504,279147.8851745392,279531.7949492814,3.526754560820316
1767293100,279531.7949492814,280510.73846721597,279994.94188839284,280140.58757924417,2.307343286075655
1767293400,280140.58757924417,280574.3420105343,279653.0034306947,280176.6024638821,1.332412143685359
1767293700,280176.6024638821,279740.5467517201,279455.34649975336,279572.6847234753,3.309961669407095
1767294000,279572.6847234753,279693.8130130414,279095.51195382647,279172.7259666943,4.115094860741636
1767294300,279172.7259666943,279833.82892358094,279549.7844079413,279552.1762789562,1.982134387793545
1767294600,279552.1762789562,279334.93530455127,278705.3232574538,279143.8251162,3.1443317189368285
1767294900,279143.8251162,279485.46507160104,278886.1076432719,279264.67127355037,2.2664468764548182
1767295200,279264.67127355037,279840.3550238243,279119.5179770678,279290.1244833305,2.4793186893572137
1767295500,279290.1244833305,279175.1221410441,278785.43982478103,278926.1533989381,0.7835573452137127
1767295800,278926.1533989381,280461.4336488139,279684.31701252505,280122.15755481395,2.432961642452917
1767296100,280122.15755481395,280682.26983553637,280146.49541279295,280477.3070833075,4.413573378251138
1767296400,280477.3070833075,279345.28106221545,278940.4148338676,279341.2940049766,1.9823811481078957
1767296700,279341.2940049766,279712.0368266189,279348.4107352338,279445.4627840976,2.7906182997869924
1767297000,279445.4627840976,279189.1902360344,278670.02261416015,279075.5963342747,1.8626955269124126
1767297300,279075.5963342747,279743.24429059384,279529.5135278275,279551.3830167616,3.2550929722192063
1767297600,279551.3830167616,279137.8384986981,278594.1935558514,279108.28247976495,2.439366565336835
1767297900,279108.28247976495,279207.3117704168,278795.308376868,279044.2346975336,1.6995767163201398
1767298200,279044.2346975336,279878.13364091725,279161.28997683874,279326.0622751238,5.29242066499119
1767298500,279326.0622751238,280247.40825834085,279614.2183336301,279809.7182536873,4.32523297837809
1767298800,279809.7182536873,279589.434553124,279130.9717433573,279138.00905472896,2.008818258417063
1767299100,279138.00905472896,278980.37525751715,278520.81025494507,278951.26503673097,3.486485311510898
1767299400,278951.26503673097,278936.77063958533,278640.50514705695,278686.2918459878,3.5562478040792
1767299700,278686.2918459878,278692.3997841928,277710.88650990446,278322.1440436267,3.7477311023754343
1767300000,278322.1440436267,279357.69630928716,279167.1805416487,279304.8740623585,1.1651758874833804
1767300300,279304.8740623585,279788.7306642466,279515.02279310074,279531.10079391353,4.496517779843113
1767300600,279531.10079391353,278861.7522695037,278526.3543326455,278826.1882344562,2.0444943934051345
1767300900,278826.1882344562,279760.1591810059,279279.18841515726,279338.0361305017,2.272967015392897
1767301200,279338.0361305017,280930.72309754684,280464.8547156483,280523.63401937304,10.164902711756687
1767301500,280523.63401937304,281106.2940713973,280796.0368360919,281102.8958331502,3.1611525444591755
1767301800,281102.8958331502,280599.67886983394,280183.1616340276,280248.697238607,2.240813035472103
1767302100,280248.697238607,280079.0939697951,279687.3846656356,279977.2853024483,0.902445312320414
1767302400,279977.2853024483,280935.63548400195,280452.0264661975,280686.6979909857,5.44600366364312
1767302700,280686.6979909857,280407.36626365164,279890.1600563832,280289.43117983855,1.3873496003176429
1767303000,280289.43117983855,281268.8085079507,280512.49992454576,280538.2269699619,1.6458888098640911
1767303300,280538.2269699619,281028.7549267421,280723.41676272516,280972.8558977611,2.3032561760560837
1767303600,280972.8558977611,280574.455481899,280172.18341152667,280451.9712941252,5.519050837910908
1767303900,280451.9712941252,280531.955049643,280338.16085394553,280418.5832872262,4.001302740947653
1767304200,280418.5832872262,278945.0499540664,278389.15867115353,278600.7600961115,2.5120050151474875
1767304500,278600.7600961115,278327.75476724206,277948.8521013942,278029.9697450939,3.1713140595419933
1767304800,278029.9697450939,278078.55164572,277872.9016554024,277889.5267141131,2.0133643998818265
1767305100,277889.5267141131,277526.5933124739,277059.22202670225,277196.034958357,2.914874730509089
1767305400,277196.034958357,278595.6578806507,278020.13206851494,278101.0308400991,2.8198068011964583
1767305700,278101.0308400991,277394.2244932089,276752.21115289687,277305.58325718326,4.412250813663709
1767306000,277305.58325718326,277201.21850630635,276750.8761653334,277061.52967109805,4.408740559339247
1767306300,277061.52967109805,277156.568742298,276876.4049553078,277133.97603976395,3.479848265969239
1767306600,277133.97603976395,278029.45834225323,277896.1025382942,277932.82763408154,2.267836336505183
1767306900,277932.82763408154,277269.7091113181,276989.53707092465,277134.68117854145,3.938938013257331
1767307200,277134.68117854145,277967.08498592745,277402.0033523279,277779.38720976526,2.596114143584337
1767307500,277779.38720976526,277794.5593083641,277485.1376445585,277785.0722766038,1.582558459590716
1767307800,277785.0722766038,277541.2031933269,276679.2523726674,277239.77537346084,2.221885376258382
1767308100,277239.77537346084,277797.3144327317,277467.89730571915,277496.0023002689,2.835628177195026
1767308400,277496.0023002689,277795.07726464974,277440.3486901999,277606.4788397504,4.284945751311969
1767308700,277606.4788397504,277591.7604856163,277005.2217048912,277273.23065213393,2.4799438379223737
1767309000,277273.23065213393,277496.7155630647,277293.0477122218,277311.93915135675,1.484979020254618
1767309300,277311.93915135675,277226.4182606925,276997.3794104905,277098.2350299025,2.7965061701174467
1767309600,277098.2350299025,277639.4725125572,276580.9928043567,277161.1459419313,2.8769422748942715
1767309900,277161.1459419313,277716.22301957384,277108.58948155557,277528.1797349584,2.982968108675153
1767310200,277528.1797349584,278740.95867282053,278085.72690798977,278408.50845498603,4.305682913680313
1767310500,278408.50845498603,277991.7602981906,277449.0226646082,277719.2717214443,4.52429434911816
1767310800,277719.2717214443,279033.564897442,278686.748559108,278904.0406721785,2.019590087436821
1767311100,278904.0406721785,277943.5178386279,277758.68829483696,277815.15032211115,1.9975636659682638
1767311400,277815.15032211115,277948.3856078867,277603.7150693059,277730.8139241232,1.6159138443248895
1767311700,277730.8139241232,278127.5438566801,278005.96943602036,278057.6015573282,3.8551419750359854
1767312000,278057.6015573282,278380.10102781246,277794.0042342825,278213.86540692725,5.609210922797375
1767312300,278213.86540692725,278262.6083103304,277699.09991009656,277867.37812613463,2.3220700157871446
1767312600,277867.37812613463,278234.6997259947,277610.45050893334,277751.71735806164,2.409175848975371
1767312900,277751.71735806164,277749.46507649496,277358.4523390357,277477.85364554037,5.659815409096803
1767313200,277477.85364554037,277174.42829995515,276739.47484432184,277150.782309998,3.500055853838135
1767313500,277150.782309998,277846.11019998963,277563.8427789055,277621.7180816812,3.380818542119013
1767313800,277621.7180816812,278050.6626092057,277484.7287713231,277819.9485868719,1.4986155976074742
1767314100,277819.9485868719,277579.9040402478,277011.2506473817,277434.94037061057,3.816615498133562
1767314400,277434.94037061057,278050.38837969274,277640.85593092843,277934.101246207,1.7081857284162416
1767314700,277934.101246207,278494.7107420558,278069.8035999107,278104.9192785035,1.5418606586726138
1767315000,278104.9192785035,278738.2286396083,278282.75866293494,278557.041186392,2.285567178293342
1767315300,278557.041186392,279327.03712555434,278686.7752969094,278907.8162808957,2.028108607472822
1767315600,278907.8162808957,279157.1016881043,278745.6253392236,278863.75162890897,2.4331826984110636
1767315900,278863.75162890897,279248.0474762554,278588.6531166434,278969.61888343096,1.3224805567310307
1767316200,278969.61888343096,279912.4548247455,279532.45355572883,279805.0177361866,4.390346499458013
1767316500,279805.0177361866,280636.4923334548,280368.93642455817,280566.2945886814,4.777145284395556
1767316800,280566.2945886814,281536.1489670975,280608.0766972967,280975.41546502546,1.0266784268025657
1767317100,280975.41546502546,282338.1372269238,281013.0692264763,281462.8108087642,4.433675406009656
1767317400,281462.8108087642,282775.69783684256,282426.1876030775,282604.2353306579,1.8125517971733798
1767317700,282604.2353306579,282745.5690684082,282486.8612555034,282693.780523683,4.1723848069495215
1767318000,282693.780523683,283578.63665746263,283371.3302629797,283427.14324846363,2.6268272619442574
1767318300,283427.14324846363,283989.5314740764,283605.85103888635,283737.670191606,2.757674582561748
1767318600,283737.670191606,284130.83033354627,284027.1483203299,284039.74798199703,2.477998493580744
1767318900,284039.74798199703,285601.7970100474,284592.31647183327,285090.00020422373,4.983161864508374
1767319200,285090.00020422373,286054.06863738474,285846.79108410736,285988.27109873324,1.4625858419290685
1767319500,285988.27109873324,287025.3557466088,286772.561109881,286882.5619340253,3.68370916327064
1767319800,286882.5619340253,288253.75140769634,287944.01779986836,288061.9239864203,4.7146047409525895
1767320100,288061.9239864203,288627.7480027607,288215.90231087967,288506.1176864637,3.889069944669637
1767320400,288506.1176864637,289575.10471640714,289006.1509505682,289332.3720713795,8.69153407580743
1767320700,289332.3720713795,289765.578589887,289260.20260606037,289586.8301961664,2.0865805354219646
1767321000,289586.8301961664,290370.98322525836,290164.1236085345,290208.95905440743,4.387029783938468
1767321300,290208.95905440743,290888.40555624163,290470.94347197015,290568.7351323166,2.577847329720873
1767321600,290568.7351323166,291188.87787318305,291055.1717854229,291060.9562247368,5.036457903979419
1767321900,291060.9562247368,292071.3295511101,291812.6970264435,291844.001604929,2.7078514623916856
1767322200,291844.001604929,291937.7620473089,291448.09835814417,291804.1820105548,2.2390733764836783
1767322500,291804.1820105548,293954.4246099102,293147.05748688505,293463.022998432,5.2228127717675275
1767322800,293463.022998432,293314.4011127281,293089.10310662136,293312.7597290019,2.125950572288061
1767323100,293312.7597290019,293236.423201826,292736.77617205086,293040.45484289876,1.341297086194987
1767323400,293040.45484289876,294479.89557783824,293983.58038004086,294158.76219942106,2.099242485394457
1767323700,294158.76219942106,295179.9692427864,294800.03291168803,295065.74937899143,3.7043821114225763
1767324000,295065.74937899143,296082.4541552467,295373.83732226305,295876.66076610144,5.452200975106028
1767324300,295876.66076610144,296944.2233587022,296573.09180823364,296692.30129942764,2.873597380779486
1767324600,296692.30129942764,297217.4191254702,296927.61946730415,297130.0727049379,5.254571888848452
1767324900,297130.0727049379,297063.833326172,296699.86958590965,297042.5653007265,1.3783850210494168
1767325200,297042.5653007265,297984.7812871903,297308.60532375216,297533.1635095323,2.177915589064614
1767325500,297533.1635095323,297682.75062484585,297517.1632291428,297576.50712232915,2.3530501939730435
1767325800,297576.50712232915,298869.0886088906,298461.9665786316,298603.2173316057,2.56695478108823
1767326100,298603.2173316057,299135.26373205904,298770.29618700227,298963.2985431053,2.8350149034793337
1767326400,298963.2985431053,299067.8148357264,298421.62876832974,298918.1567611376,3.8399351509979933
1767326700,298918.1567611376,299189.28888237936,299023.8377360392,299174.39786948723,2.1762355689303883
1767327000,299174.39786948723,299872.35453572834,299251.4833133415,299870.23650468,2.9139639706628833
1767327300,299870.23650468,300180.03785480146,299886.7540089067,299981.95342949143,2.6576401166713475
1767327600,299981.95342949143,300148.2294334395,299656.32700505405,299938.62379881245,1.710960738380482
1767327900,299938.62379881245,300661.23113172146,300477.04221701896,300534.71414821525,2.568100846393953
1767328200,300534.71414821525,301280.9211290368,300546.0483418656,301132.7581362857,2.5298758617950026
1767328500,301132.7581362857,301437.62620677846,300970.29887340585,301279.14288025437,2.5029241728858413
1767328800,301279.14288025437,302096.3528267163,301250.11770042335,301447.2335606138,2.7617919555003634
1767329100,301447.2335606138,302370.68927795516,302031.0563199877,302039.3060342835,2.823103383075753
1767329400,302039.3060342835,301762.03402236954,301603.3203761641,301617.60821416497,2.189892400536641
1767329700,301617.60821416497,301480.88909286837,300744.41804049606,301221.00291193515,5.136425281477723
1767330000,301221.00291193515,301448.9170353235,300956.7276563398,301240.01343857916,1.5147640517276653
1767330300,301240.01343857916,301681.4924288909,301394.17091698,301563.2758130368,1.895561206286624
1767330600,301563.2758130368,302523.45343530393,301587.78511040163,302203.1373346699,10.913295451439103
1767330900,302203.1373346699,303735.4476141711,303533.74004083045,303548.1565955686,1.6176982773961033
1767331200,303548.1565955686,304732.3242001946,304448.3124312025,304524.16082568077,1.3814347909589557
1767331500,304524.16082568077,305299.9941819847,304373.4989643987,304883.5367736777,3.9244977156115266
1767331800,304883.5367736777,305699.30858963967,305205.84860368137,305329.2666213954,0.9621740429170044
1767332100,305329.2666213954,305254.7845558526,304956.5909040256,305175.05740998493,2.4166035074623338
1767332400,305175.05740998493,305734.3795422041,305552.1338787843,305621.52050142124,7.947937511866906
1767332700,305621.52050142124,305947.3752336768,305804.3786049201,305903.51219790813,1.2554976639031126
1767333000,305903.51219790813,307104.3312819673,306378.49655527767,306559.8089483227,1.0090585395990972
1767333300,306559.8089483227,306637.71431908687,306303.96112763457,306512.4571417221,1.284551203057335
1767333600,306512.4571417221,307606.91436630936,307196.13595298905,307290.5981798108,4.259619274794953
1767333900,307290.5981798108,309111.08715279377,308438.974128283,308693.5265919406,4.7702006070102145
1767334200,308693.5265919406,309559.96489182505,309003.92540414794,309089.4197742689,2.1037166242454792
1767334500,309089.4197742689,310146.09598820703,309431.02203044953,309801.3835901305,3.8251825896696836
1767334800,309801.3835901305,310889.2089650924,310508.33190231223,310693.70079253265,5.447341348880992
1767335100,310693.70079253265,311387.279935955,310258.15677939175,310910.42799723364,6.6437277043219085
1767335400,310910.42799723364,311683.0498211411,311352.3964989872,311516.1390180908,2.403274925307546
1767335700,311516.1390180908,312523.93945700175,311981.1479938803,311991.258698763,0.8600748498307244
1767336000,311991.258698763,312869.13019898895,312310.02843590535,312520.1937646732,1.8031958066484568
1767336300,312520.1937646732,312892.01003389905,312436.03828664246,312505.81172045524,2.1959129937553046
1767336600,312505.81172045524,313038.68413533864,312444.59180663526,312989.88958184025,2.388177688569394
1767336900,312989.88958184025,313943.1479909094,313599.77913457254,313771.11127659073,2.474579046902936
1767337200,313771.11127659073,315202.85195979936,314808.2371871652,315152.42182838515,4.756191766436616
1767337500,315152.42182838515,316388.4621552148,316186.9854927335,316229.7835091879,5.140828294857714
1767337800,316229.7835091879,318421.3355217172,317749.629200879,318065.929029241,2.49468675703135
1767338100,318065.929029241,318515.59596040443,317849.4282626612,318054.8936918282,4.707902303553726
1767338400,318054.8936918282,319201.66517741187,318330.10237034847,319086.86772712064,3.2505710328252158
1767338700,319086.86772712064,320106.416323545,319029.68814530654,319682.502081379,2.8073837123917182
1767339000,319682.502081379,321695.0639253033,321467.1583555041,321562.1091960134,4.277086607176635
1767339300,321562.1091960134,321608.30274678295,321274.9525687177,321524.61615681084,2.818277898492128
1767339600,321524.61615681084,321776.73720927973,321416.40916681726,321466.9205950748,7.605757973650413
1767339900,321466.9205950748,321871.53619867086,321507.09489981073,321563.7511600509,1.3241813462506098
1767340200,321563.7511600509,320790.40698764444,320466.31588048965,320680.1610344273,2.1010023711712975
1767340500,320680.1610344273,320839.591707151,320760.48645245214,320823.9828659444,2.5516508746584634
1767340800,320823.9828659444,320828.6447827418,320623.2347932012,320818.1229122367,3.386260940354224
1767341100,320818.1229122367,321639.6254526075,321265.8879355341,321395.848201155,5.124229865321183
1767341400,321395.848201155,322171.83139854576,321876.57100068434,322097.6198768822,2.685322188239679
1767341700,322097.6198768822,324088.6435131712,323325.5028721375,323789.3866302852,1.3349384357514804
1767342000,323789.3866302852,325179.76206040103,324843.16412314953,324890.54501344066,4.142323855982739
1767342300,324890.54501344066,325339.47890471795,324812.7956604213,325003.019744744,3.964895039846497
1767342600,325003.019744744,325506.3878397203,324739.26025952026,324906.5493120188,1.0294973468013342
1767342900,324906.5493120188,326016.3189527567,325446.50388030784,325713.564657096,2.7131163888069088
1767343200,325713.564657096,325828.98324548587,325236.577751201,325342.09927600686,1.2274380176921844
1767343500,325342.09927600686,327234.3857101427,326847.6008455285,327021.81370416185,1.9496979268123547
1767343800,327021.81370416185,328311.1430493442,328008.1037159867,328283.75171958556,1.7308204359358779
1767344100,328283.75171958556,328944.2941177631,328022.23061030824,328468.1318605881,4.074028645683636
1767344400,328468.1318605881,328137.6321549446,327540.14188614703,327835.4138615863,2.8817999659065636
1767344700,327835.4138615863,329545.37928988395,328897.43260950845,329214.86160257924,1.429328137032312
1767345000,329214.86160257924,329701.58966340416,329277.2450485673,329633.26745637745,4.220835024081234
1767345300,329633.26745637745,330966.7173046193,330631.75824490323,330943.7682284152,1.327234014105515
1767345600,330943.7682284152,330623.30324042373,330223.8538169581,330384.85208561976,3.2061052901291522
1767345900,330384.85208561976,330542.817043533,330130.1244296917,330484.38050714333,1.8093988541882555
1767346200,330484.38050714333,331164.5151272943,330692.5448426101,330983.57299960987,2.264064068470084
1767346500,330983.57299960987,331601.2046661569,331395.58480031975,331511.1479686811,3.4978041084701568
1767346800,331511.1479686811,332265.1120601084,331668.4896373648,331710.0112484118,3.527977284640183
1767347100,331710.0112484118,333066.6525919152,332339.09678920114,332620.78738141456,5.3041234992137625
1767347400,332620.78738141456,332841.48620696145,332371.1914380636,332409.4930667952,2.608755141212172
1767347700,332409.4930667952,333089.59683068725,332685.3365504949,332813.4507215174,3.168395890187642
1767348000,332813.4507215174,333663.25662907975,333212.4079315288,333392.7429061932,2.1839416462983334
1767348300,333392.7429061932,334619.6431275008,333943.005220026,334235.8523684411,2.977234773326796
1767348600,334235.8523684411,335487.3653865409,334988.86262632767,335212.900557666,3.3863174195104224
1767348900,335212.900557666,335476.8791704091,334941.27282052615,334961.7308331141,2.587895704754783
1767349200,334961.7308331141,334811.8542359158,334082.45324202336,334436.43435351335,1.1031003970725575
1767349500,334436.43435351335,336100.78310870926,334953.86173142836,335792.69236618734,3.208281540534623
1767349800,335792.69236618734,336862.02162598935,336452.10005163576,336519.5586383239,3.261805050695874
1767350100,336519.5586383239,336611.9410171459,336315.66807644133,336520.5772584239,1.934624521325929
1767350400,336520.5772584239,338255.78446513717,337980.75048566685,338069.34724074823,1.43018882636528
1767350700,338069.34724074823,338770.0054842482,337994.43519060337,338654.6633578248,5.685616560593106
1767351000,338654.6633578248,340094.215864637,339842.1190731472,339961.39433459745,3.47544578918731
1767351300,339961.39433459745,340968.9304133502,339761.85811526765,340517.2437802664,2.4240979711687594
1767351600,340517.2437802664,342790.0945843679,341962.43130282004,342431.4600529502,1.5395398274476557
1767351900,342431.4600529502,344549.7863070426,343773.5123731227,344147.2750981665,1.8023521931517665
1767352200,344147.2750981665,344571.1586514735,344059.65867407963,344492.1353442213,5.21372826842673
1767352500,344492.1353442213,345693.2996871279,345351.3040676137,345678.27065030305,2.911973326492151
1767352800,345678.27065030305,347173.7205971999,346330.78962341754,346642.9729406223,2.0641251211613163
1767353100,346642.9729406223,348290.8085678113,347717.4546264088,348111.79042395996,3.507293353369705
1767353400,348111.79042395996,348161.20998319687,347840.2400668599,347962.15564262663,1.8090483006982054
1767353700,347962.15564262663,348983.2410388857,348666.9021506638,348961.5387658962,5.757028839455831
1767354000,348961.5387658962,350617.4551204993,350187.7874007272,350223.67994924216,5.346276126596194
1767354300,350223.67994924216,349633.87674778776,349348.35453448293,349517.1110391517,2.1526786801530085
1767354600,349517.1110391517,349411.41694590787,348592.24261460354,349214.2485117916,1.9850912373523764
1767354900,349214.2485117916,348668.97519235435,347536.90920123516,348313.8120195641,0.7341318756952144
1767355200,348313.8120195641,348656.8179191967,348569.5733472625,348648.60649461445,1.2959054165688926
1767355500,348648.60649461445,349732.88640757964,349475.5586443883,349671.9196195249,1.3913369404172908
1767355800,349671.9196195249,351326.2304000169,351052.8204580638,351247.09164767485,2.9083769326983484
1767356100,351247.09164767485,351956.02262363303,351581.1904370002,351826.01343740383,2.3091584430285876
1767356400,351826.01343740383,353546.20661441627,353084.9195579651,353499.73108720104,1.387262327253305
1767356700,353499.73108720104,353345.8891594538,352958.026623019,353054.2496951278,2.361785684187954
1767357000,353054.2496951278,352534.96569565416,352261.0377187497,352381.0582515297,3.499669634241701
1767357300,352381.0582515297,353437.3955608532,352693.9962119394,352870.48192506575,3.5392671111306115
1767357600,352870.48192506575,354289.615174265,353190.92982752225,353670.8383680694,1.0514444227643784
1767357900,353670.8383680694,354667.4992118934,354099.1823163526,354178.21826768416,2.5494260610978405
1767358200,354178.21826768416,353701.48501167254,353050.04871642054,353244.99967635825,1.3611495655744312
1767358500,353244.99967635825,353955.8626207357,353471.29923652095,353711.90475921513,4.266800925046377
1767358800,353711.90475921513,353497.3707077419,352635.36702687753,353319.65983290615,4.023182307216816
1767359100,353319.65983290615,354416.2158196882,354053.0907031194,354322.85627695965,1.7349635193001085
1767359400,354322.85627695965,355218.6119819588,354802.2451467857,355114.1288367014,1.8533177268597523
1767359700,355114.1288367014,355062.48075692786,354943.8130486474,354979.27084689075,2.1583984206550335
1767360000,354979.27084689075,355425.2675045479,354976.18059123406,355146.9155459041,0.8812651818563251
1767360300,355146.9155459041,355172.37494837615,354396.05973033066,354927.2830888162,3.215503923322394
1767360600,354927.2830888162,355740.8094854902,355239.2627242672,355415.18097004615,2.3716305795574075
1767360900,355415.18097004615,356923.89836775314,356449.7999921832,356627.2479028874,4.415351921436802
1767361200,356627.2479028874,356483.0615543945,356049.30416989373,356459.1152405601,1.5695601031425181
1767361500,356459.1152405601,357608.92694856744,357247.1651607766,357353.14786334406,1.994590020820568
1767361800,357353.14786334406,357754.03969675914,357057.00078274286,357510.19912693126,1.2798429447386963
1767362100,357510.19912693126,358011.20425502176,357376.3298224256,357479.5441773328,1.6451880902408136
1767362400,357479.5441773328,358146.8649820707,357525.06372057775,357939.2411650194,1.505325271311314
1767362700,357939.2411650194,357820.68570328114,357258.1355957295,357735.0423241495,4.47267578622251
1767363000,357735.0423241495,358054.35044364387,357320.27711102006,357875.5253722735,1.9172063024621127
1767363300,357875.5253722735,357723.7230513999,357318.23638520244,357554.95630004787,2.8924035722713746
1767363600,357554.95630004787,359523.58878908266,359068.9870125142,359496.28315258096,2.2470501195926436
1767363900,359496.28315258096,360328.2926954977,359394.9988456272,360060.88180903904,1.440899205541045
1767364200,360060.88180903904,360270.7420072654,359793.48579189455,360097.0855648884,2.4988978843532594
1767364500,360097.0855648884,361237.8761593729,360371.79619109567,360791.3382776854,3.6676519656323237
1767364800,360791.3382776854,361565.4552174127,361041.9395567986,361251.4713103538,1.486048083923008
1767365100,361251.4713103538,361954.571597516,361215.49840396526,361633.6973314269,4.073719219659965
1767365400,361633.6973314269,362897.13770423183,362312.09855747124,362620.35462645313,1.7773785236969757
1767365700,362620.35462645313,363727.45909629745,363561.7443919382,363713.66058729205,2.135088370083006
1767366000,363713.66058729205,364121.97524562007,363834.2339072001,363873.3300494866,3.5443031268960485
1767366300,363873.3300494866,364076.2804923236,363859.0869891996,364000.09024310764,1.9508826698990152
1767366600,364000.09024310764,364736.78779503744,364228.1014031186,364345.8526933029,2.769834108195983
1767366900,364345.8526933029,364073.57451545127,362748.67909728363,363214.98061314615,2.3225241399584298
1767367200,363214.98061314615,362944.1679047092,362189.48456314526,362659.1228995025,2.899922473478782
1767367500,362659.1228995025,364697.4993204905,363996.32835407153,364194.5304297424,0.8266535853731967
1767367800,364194.5304297424,366050.1777860346,365629.4864570739,365938.9987133685,1.0888902870837185
1767368100,365938.9987133685,366569.95563107997,366117.33919960295,366305.64321352093,3.6987077541956017
1767368400,366305.64321352093,367362.28583993623,367108.1165533381,367277.49381674395,4.565786109447384
1767368700,367277.49381674395,368591.92322957824,367778.58145576273,368057.0404108907,1.7241887469429213
1767369000,368057.0404108907,371371.9896278851,370358.34938517364,370875.5334877829,2.4060486169980257
1767369300,370875.5334877829,372520.24014837586,371869.96858764376,372262.2926731302,3.149865099771534
1767369600,372262.2926731302,372951.2680664213,372280.2192221309,372725.4483203842,3.844366388028593
1767369900,372725.4483203842,373212.8204719574,372465.7456473076,372572.2280146426,0.9862566779081706
1767370200,372572.2280146426,372675.136095768,371619.7102510746,371934.051787216,1.7453932291941603
1767370500,371934.051787216,372928.9924169739,372437.08627537347,372643.3029738557,2.301843468805044
1767370800,372643.3029738557,372843.35603363253,372625.92800078593,372638.5698484575,3.863486826362631
1767371100,372638.5698484575,372457.43946077925,371544.08594428026,372137.5545266179,9.48029317916273
1767371400,372137.5545266179,372358.6284084038,372057.9422378879,372214.5327544774,2.425401642856371
1767371700,372214.5327544774,371984.6102911168,371752.750910979,371967.71878397535,1.34515771842423
1767372000,371967.71878397535,373790.28451668756,373451.43909102597,373780.7948126782,3.3238841992003234
1767372300,373780.7948126782,375720.42450483923,375000.04888907995,375000.54602307925,5.261930079809706
1767372600,375000.54602307925,375562.2642157618,375408.5642067779,375557.06735241984,2.869124871611714
1767372900,375557.06735241984,377492.1973092465,376870.78425320995,377232.0099147423,1.7275007786935441
1767373200,377232.0099147423,378042.5590643789,377633.54667909973,377856.2295340097,4.388541636924971
1767373500,377856.2295340097,378317.49461443175,377598.869781798,377772.1306765685,3.7877524014017228
1767373800,377772.1306765685,379966.4077977084,379164.46686705505,379489.5765284932,1.6273608267105446
1767374100,379489.5765284932,380777.2307964993,379829.6443571314,380467.83238181565,3.2894251029615593
1767374400,380467.83238181565,380355.331985283,379943.0905784365,380249.2565384225,4.47556581942733
1767374700,380249.2565384225,380781.3758096176,380264.949105322,380674.8781415665,4.908385265786688
1767375000,380674.8781415665,380880.0378494684,379753.50453507225,380579.23871496733,2.6294521390601946
1767375300,380579.23871496733,380226.8305086338,379643.6693363968,380097.57783522847,2.2726811932864774
1767375600,380097.57783522847,381018.94389301405,380436.5490986773,380801.65352015273,5.0210391337665685
1767375900,380801.65352015273,382625.96581928415,381738.86716019415,382255.87154805264,1.4842650716570165
1767376200,382255.87154805264,381312.94054712803,380583.007460733,381186.65021435445,3.3847824838298224
1767376500,381186.65021435445,381849.4821668816,381458.2360013857,381615.84292937006,1.3702410678814203
1767376800,381615.84292937006,381532.8236613332,381037.66658363276,381119.25190444774,4.630607810878776
1767377100,381119.25190444774,381062.21954480506,380603.48835485155,380747.9461807596,2.3892445836487055
1767377400,380747.9461807596,381418.371933488,380034.2560597109,380296.8406407917,5.1258256670989475
1767377700,380296.8406407917,380112.2244967437,379538.855966487,379639.6947206877,3.4753888713412855
1767378000,379639.6947206877,380189.507428229,379426.7989483724,379676.5361927283,1.4746045983933538
1767378300,379676.5361927283,379546.82347460516,379019.195765035,379045.5516688325,5.5417695662019995
1767378600,379045.5516688325,379433.3305669265,378800.41464825685,379250.58258229314,5.903955991250276
1767378900,379250.58258229314,379420.00655708386,378811.34058211255,379212.4769177403,4.22552387117278
1767379200,379212.4769177403,379239.29688404454,378807.9608466245,379031.2527563265,1.8574527641380592
1767379500,379031.2527563265,378439.72357956297,377989.28621645516,378343.26277276705,2.3326221540821312
1767379800,378343.26277276705,377954.2377000215,377839.5912985725,377906.82767860504,2.923301442825645
1767380100,377906.82767860504,378601.8577909543,378132.28404773393,378477.7626822212,1.9119904126921379
1767380400,378477.7626822212,378889.4758762212,378698.788320166,378856.93471514346,6.335528820095247
1767380700,378856.93471514346,378955.38103276456,377986.13517713064,378116.2275480253,2.921692979776576
1767381000,378116.2275480253,378278.25409279607,378059.6060300453,378191.34586123045,0.7035094121008308
1767381300,378191.34586123045,379082.16050649004,378419.6202456142,378759.682076132,3.220955022363599
1767381600,378759.682076132,377561.2166968298,377310.96887260384,377495.0752490645,2.283984034433473
1767381900,377495.0752490645,379033.45206186717,377499.31069866533,377905.30684248405,2.618330031358656
1767382200,377905.30684248405,377543.17800268467,377217.145139933,377404.488772593,2.2607357583794663
1767382500,377404.488772593,377953.64431618777,377051.14919389517,377835.18177022244,4.0695124792157005
1767382800,377835.18177022244,377606.1668143831,376813.1961681543,377258.40944592236,4.758078400095722
1767383100,377258.40944592236,376078.0362783668,375466.4596760769,375896.5955448541,3.1315452760114906
1767383400,375896.5955448541,374830.41829336016,374153.02332037385,374673.020221844,2.2941087100140027
1767383700,374673.020221844,374936.4448970143,374422.8270976374,374709.05248622975,2.6626753754912844
1767384000,374709.05248622975,375674.69900903426,374883.7832951967,374903.6932312886,2.745051423465159
1767384300,374903.6932312886,374648.8373831929,374019.4384335664,374225.62994608434,1.8199062341570338
1767384600,374225.62994608434,374881.05691369704,374640.6293259349,374703.5852764139,3.6308410813375764
1767384900,374703.5852764139,373804.3950703277,373105.43301178305,373458.43022773217,3.421301936876497
1767385200,373458.43022773217,373616.50757491525,373222.0590513041,373409.074111987,5.872148731282558
1767385500,373409.074111987,372846.88024762936,372177.4296469235,372504.6652362112,5.092021434559816
1767385800,372504.6652362112,372174.3096558083,371742.8324007545,372019.0412539597,1.9293102221880352
1767386100,372019.0412539597,372164.09714422177,371817.090478933,372054.3076704794,4.096566513996164
1767386400,372054.3076704794,371776.49872867606,371333.5875142233,371414.0666726171,1.6896532129701696
1767386700,371414.0666726171,371469.2725311261,371015.8261679212,371128.4079955293,3.8495876954361736
1767387000,371128.4079955293,372338.58725959493,371793.94473121566,371875.3356920515,2.0994867301056512
1767387300,371875.3356920515,371466.67704751296,371161.65388027055,371446.2719767777,1.6296632335880967
1767387600,371446.2719767777,372331.11273565126,371680.07955362875,372067.10141587164,3.126839254045644
1767387900,372067.10141587164,371693.63821380987,370504.3400482391,371226.44790614746,0.713706429700908
1767388200,371226.44790614746,371700.4503856833,370943.05090675224,371619.8025522541,1.1325958525394482
1767388500,371619.8025522541,372806.202275529,372468.4879385407,372691.2334446029,2.4874399725291334
1767388800,372691.2334446029,371748.85814087215,370711.6202928715,370848.9129698249,2.8326732676174107
1767389100,370848.9129698249,370418.16426865873,370041.5105799746,370257.85749134084,2.2599453123606454
1767389400,370257.85749134084,371195.85087310337,370647.94360877963,370685.18847019644,1.2340258219151405
1767389700,370685.18847019644,370743.9249775221,370513.391391379,370534.6566358098,1.8058909641199439
1767390000,370534.6566358098,371188.44028816017,370657.4654987406,370809.7014533126,3.3055559157397427
1767390300,370809.7014533126,371135.25369070144,370276.19501811365,370361.774319776,3.6360243940020074
1767390600,370361.774319776,371013.4027315247,369909.8429744065,370425.9134144289,2.6963215121871937
1767390900,370425.9134144289,371006.73553895234,369999.759793173,370310.579650193,4.847275965282805
1767391200,370310.579650193,371869.9201211469,370851.4927712489,371175.4637545097,3.315798640211885
1767391500,371175.4637545097,371509.0221127369,371005.5371560708,371364.33330351196,1.870624201984189
1767391800,371364.33330351196,371937.75115199323,371585.57854283345,371615.080478558,2.3625675517119125
1767392100,371615.080478558,371507.4736652714,371197.39539546845,371308.9610947323,1.3479257392508022
1767392400,371308.9610947323,371924.5783106931,370573.83130508993,370946.85597376485,2.5752085079645277
1767392700,370946.85597376485,370627.19482448837,370492.4575835815,370625.94377417007,4.740062444714782
1767393000,370625.94377417007,371039.9270519362,370718.909501482,370918.33216925553,3.8291584084718355
1767393300,370918.33216925553,370948.5705337396,370363.13383454544,370606.0304462655,5.479449627397634
1767393600,370606.0304462655,371196.78878856084,370423.9657575122,370820.8150651405,2.336274059557324
1767393900,370820.8150651405,372391.9251696438,371719.9167018835,372360.0186966215,5.32839409486769
1767394200,372360.0186966215,373353.9542130908,372674.4227823699,373008.7627183353,2.4678513833235707
1767394500,373008.7627183353,372860.7417141055,372683.795094727,372765.54344963335,5.673422443989568
1767394800,372765.54344963335,373995.6418495778,373365.1987609257,373661.0857706228,2.688737160386682
1767395100,373661.0857706228,373508.48894339637,373143.0698986298,373356.12199670385,3.871398018512801
1767395400,373356.12199670385,372204.5077015009,371517.2524303407,371834.22945150314,5.683437152263023
1767395700,371834.22945150314,371326.17405585275,370628.4164190892,371084.547458222,2.4676991189584507
1767396000,371084.547458222,370013.4695443002,369159.2612561895,369696.1035114172,3.0319151839939553
1767396300,369696.1035114172,369522.8745117991,369430.9699300118,369436.19718065363,5.178066440762023
1767396600,369436.19718065363,369463.93303240597,369229.46193360793,369449.8060125857,2.5433914781757054
1767396900,369449.8060125857,371225.5011068725,370577.6216423147,370688.52489221044,1.4043209252860378
1767397200,370688.52489221044,371042.0606732224,370630.84819035506,370930.9013440655,7.936747267591034
1767397500,370930.9013440655,370786.97331426974,370551.66150130716,370768.3590307934,2.14924747196555
1767397800,370768.3590307934,372356.71275579976,371105.09472159564,371383.3937234062,2.9428486048421165
1767398100,371383.3937234062,370152.17569326865,369659.12468225416,369741.03585332417,4.845271760681204
1767398400,369741.03585332417,370456.89011142217,369479.8923388072,369915.26859487855,2.005218531596989
1767398700,369915.26859487855,370854.9000044494,369811.0929429907,370485.5782053728,1.6422480138615707
1767399000,370485.5782053728,369493.65272319614,369180.7679534802,369389.9884449843,3.0859780723396413
1767399300,369389.9884449843,370886.07383461227,369927.07741385244,370234.9710305925,1.1090034297825164
1767399600,370234.9710305925,370623.47717161156,370408.01179256116,370485.6174458378,2.3538374683328547
1767399900,370485.6174458378,370321.9591816648,369813.448299122,370177.90104743914,3.0725853235868748
1767400200,370177.90104743914,370666.0737514691,370644.1776820293,370646.3847734714,2.3750632093305577
1767400500,370646.3847734714,372785.2039237291,372037.72550375474,372329.6329708236,1.2564302038732484
1767400800,372329.6329708236,372873.4578432688,372394.9405930898,372465.061362815,6.03206241581771
1767401100,372465.061362815,372883.1269760164,372205.35485311586,372649.96835463075,2.862710997195738
1767401400,372649.96835463075,372798.77247095044,371927.2887541775,372307.6067052767,5.559877406789747
1767401700,372307.6067052767,371750.2424464806,371333.2621642333,371674.7996587419,2.3868675909417743
1767402000,371674.7996587419,372589.8774360511,372120.90290266665,372292.02945526905,1.7506620123192533
1767402300,372292.02945526905,371678.212285971,371253.27466908115,371654.6030854061,3.1098996541612114
1767402600,371654.6030854061,372167.76433373586,371479.7236301432,371707.79892838234,2.4402645043106506
1767402900,371707.79892838234,371522.52113678184,371279.8263286747,371352.7009320247,1.508505266767
1767403200,371352.7009320247,371724.359648332,371505.56830712856,371708.44183599047,5.668316326106812
1767403500,371708.44183599047,371978.0738113909,371148.761796924,371956.49187850236,1.9914537278626867
1767403800,371956.49187850236,373044.56554116216,372725.307294104,372728.3313142024,1.0831427916813723
1767404100,372728.3313142024,373184.7612473644,372289.27196322527,372348.13619162637,5.280828651513555
1767404400,372348.13619162637,372372.9431257808,372043.8740261716,372147.1613333038,2.112455451741221
1767404700,372147.1613333038,371497.1477650398,370939.0698405752,371418.67305641493,2.0058904034837792
1767405000,371418.67305641493,371533.9710925531,370932.1176379988,371088.63543020416,1.1244636950552909
1767405300,371088.63543020416,371551.33643285366,370882.09506812243,371368.6592804265,6.491351440348963
1767405600,371368.6592804265,372628.85091817443,371850.58058439376,371930.90297573473,1.4265510906183059
1767405900,371930.90297573473,371475.0041505169,370896.9056374,371244.9394123061,2.798895122929698
1767406200,371244.9394123061,372126.89831481216,371282.5471627833,371890.6130065505,4.290100508714335
1767406500,371890.6130065505,373342.53639682435,372409.781936409,372898.9109952023,3.356364742840335
1767406800,372898.9109952023,373440.26007141,372799.6546850359,373207.24984556134,2.6384004516432156
1767407100,373207.24984556134,374677.242149868,374513.0883351632,374608.1174530142,1.1608669200389115
1767407400,374608.1174530142,374254.57369106496,373899.2806263401,374028.38202265085,1.813280402754659
1767407700,374028.38202265085,373920.20041510346,372914.7701021655,373097.309652938,2.985896894914252
1767408000,373097.309652938,372103.5405082165,371514.8724866066,371770.03817395517,1.8338415330564375
1767408300,371770.03817395517,373357.78554965224,372569.59875597095,372882.4070755397,3.009216452230456
1767408600,372882.4070755397,373613.66899064026,373345.08106388536,373370.4099576374,3.8223740338299423
1767408900,373370.4099576374,373753.6335577675,372574.8053606314,373328.90261490707,4.398446642953466
1767409200,373328.90261490707,373613.20810816647,372999.3222030412,373537.94337496825,1.4724244399386697
1767409500,373537.94337496825,372699.54812231974,372506.15724427375,372697.1176469305,8.152486946293811
1767409800,372697.1176469305,374744.42764831684,374499.24490141147,374520.1670734954,3.9897942863906213
1767410100,374520.1670734954,374867.3306322482,374500.95891662675,374616.95895082096,2.7159530501876548
1767410400,374616.95895082096,374974.0153717869,374269.5059453105,374698.9212413809,4.68688551016401
1767410700,374698.9212413809,375273.5774264058,374178.0552953305,375242.8091834766,8.870258029201258
1767411000,375242.8091834766,375775.5559516959,375597.5607865049,375603.7996941967,1.323976819553658
1767411300,375603.7996941967,376319.0403156142,375732.2193502654,375771.9830746168,2.42873046575114
1767411600,375771.9830746168,375442.2220561471,375007.7124169017,375177.9067672318,0.8276078648642432
1767411900,375177.9067672318,375827.99157000973,374883.4230424308,375531.67578990635,2.9931482692705877
1767412200,375531.67578990635,376976.79346063,376610.7208397174,376945.19541598414,3.2631634913312726
1767412500,376945.19541598414,378492.59108617343,377667.7869672843,377959.4946604131,2.665572729154216
1767412800,377959.4946604131,379319.1819098538,379028.7365186639,379163.8146850219,1.9595859766010726
1767413100,379163.8146850219,379102.3052727526,378298.3123127988,378776.145713017,0.9755466893518873
1767413400,378776.145713017,378556.97930736805,377774.253180408,378026.4683138239,3.276470715456921
1767413700,378026.4683138239,378195.12628113857,377654.35480566684,377931.3667434932,5.627792345857627
1767414000,377931.3667434932,378140.9460216362,377559.2017629537,377973.48712801904,2.022816348152787
1767414300,377973.48712801904,378982.27013758104,378639.5259127577,378800.63789566373,3.3872892305680224
1767414600,378800.63789566373,377630.38726551656,376935.1822198405,377518.42453296005,1.241012828367077
1767414900,377518.42453296005,378848.6870975976,378469.07098176517,378673.2913866533,3.416465481934107
1767415200,378673.2913866533,378628.31034688244,378407.35809049936,378553.62464461336,2.2329171087146733
1767415500,378553.62464461336,378348.17630535725,377913.56197030813,378230.4298919718,1.8566820017336465
1767415800,378230.4298919718,378106.4866378022,377208.42687488836,377464.8125460714,1.8585900811444651
1767416100,377464.8125460714,376618.64337508153,375119.1239092517,376215.5122191986,2.2326611369824167
1767416400,376215.5122191986,376906.7294472898,376637.7225526511,376834.89130497654,3.291082894373711
1767416700,376834.89130497654,377244.91952626023,376430.22199490166,376890.14884136885,1.4104635361439875
1767417000,376890.14884136885,376305.9458464111,375159.4481640275,375917.801730363,2.2287532183638166
1767417300,375917.801730363,375093.31580597546,373882.151461771,374944.11540023936,2.6624962191591846
1767417600,374944.11540023936,375370.24758981005,374387.322033769,374692.3144061588,1.569065764417816
1767417900,374692.3144061588,376025.0263220807,375894.7006453312,375943.05348236754,6.674755676450799
1767418200,375943.05348236754,376066.36699530564,375663.0804473051,375747.87035178905,1.7740272773790733
1767418500,375747.87035178905,374862.54923280847,374097.91092819965,374618.2648248522,1.9450380564617913
1767418800,374618.2648248522,374842.14095918933,374195.50902146386,374434.145144331,1.6667006692181145
1767419100,374434.145144331,374523.5924900545,373625.04328961624,374229.91111093265,6.68081538397722
1767419400,374229.91111093265,372349.30715162255,371693.00779393874,372211.3998136041,3.5839036604612597
1767419700,372211.3998136041,372694.09273412504,372158.12273743795,372170.98147706554,1.701829751884728
1767420000,372170.98147706554,372004.8972215092,371397.6713157663,371999.0872155361,4.726172977909592
1767420300,371999.0872155361,372853.17712320853,372431.61464730755,372517.0634799845,3.005215704109028
1767420600,372517.0634799845,374234.00400281727,373801.6427450527,373894.5988699695,3.0914081854805637
1767420900,373894.5988699695,375306.36397797277,374502.21669495973,374737.03202961694,2.288190648921561
1767421200,374737.03202961694,374726.81670373963,374518.441638606,374535.50692992716,1.8687915770939563
1767421500,374535.50692992716,374091.7752539659,373473.6690583275,373706.6404456039,3.218395841423915
1767421800,373706.6404456039,375877.1061349876,375365.77051922324,375630.00373906444,2.06980910869295
1767422100,375630.00373906444,375995.51551097847,374864.94044368446,375674.492180245,6.742142918266841
1767422400,375674.492180245,376095.1810810195,375566.505728897,375684.95793957665,1.441024685061723
1767422700,375684.95793957665,376001.2675324158,375313.32005897525,375666.8310749042,5.859582682294179
1767423000,375666.8310749042,375880.2387383244,375723.1767476122,375815.65882362804,2.571117361931508
1767423300,375815.65882362804,375915.01345776126,375405.73067207856,375707.15301699756,3.1567495254581206
1767423600,375707.15301699756,375717.26773131103,374719.9507278134,375276.0951781996,4.122991051409093
1767423900,375276.0951781996,375201.17993936274,374759.4802880573,374865.6490020356,1.9835245787431806
1767424200,374865.6490020356,375064.9585282538,374629.0915864185,374841.0928502427,4.187584987004595
1767424500,374841.0928502427,374788.79042930075,374257.2204921399,374433.69698005536,0.7020350638562122
1767424800,374433.69698005536,374073.0627888931,373631.2538352328,373899.87001648644,1.8964908043531523
1767425100,373899.87001648644,374490.7399696588,373920.4643817151,373979.4585130861,1.7125244977877934
1767425400,373979.4585130861,374105.7840050451,373548.8981936123,373788.7460296777,1.4524430399788284
1767425700,373788.7460296777,375375.18646963604,374288.7350905662,374913.09733615717,2.4412802173735266
1767426000,374913.09733615717,373131.29736946133,372606.0433115467,372925.33073253866,3.2965451113276236
1767426300,372925.33073253866,373973.25478972116,373726.13939573686,373739.43184003874,3.862559316967576
1767426600,373739.43184003874,374931.9142761576,374426.4540807623,374670.85418377543,3.0661980643269087
1767426900,374670.85418377543,373334.34051421337,372508.497254741,373117.17640491005,1.9486820407958876
1767427200,373117.17640491005,372958.5600301729,372682.3805224414,372861.4511499256,3.2690787549850433
1767427500,372861.4511499256,372785.22329088056,372191.3424666471,372584.45918930246,2.8925626734591523
1767427800,372584.45918930246,371910.3392172633,371229.9321072452,371535.62522214436,4.34066726490367
1767428100,371535.62522214436,371685.7030218243,370600.54924439953,370957.6520034798,4.008705420705101
1767428400,370957.6520034798,370263.1160527565,369877.2816233046,370133.69878746825,2.7600207752364563
1767428700,370133.69878746825,372012.06348795694,371020.1069554964,371430.84746846894,1.7356352711822132
1767429000,371430.84746846894,372161.4071541296,371805.3642397747,372125.92710551835,1.9611380099757407
1767429300,372125.92710551835,373170.569570479,372978.5250666477,373072.2843426992,2.0649485692713694
1767429600,373072.2843426992,373864.4910794433,373524.33951349783,373610.75603365706,2.3218559238270786
1767429900,373610.75603365706,372879.69688816596,372552.23400565557,372767.1042619658,3.10814229150481
1767430200,372767.1042619658,372498.7349278797,371828.27836330724,372376.05646039016,3.8868038793427098
1767430500,372376.05646039016,373013.31706517714,372479.7889873319,372740.5191988743,2.6496847045179037
1767430800,372740.5191988743,371954.03053220944,371443.83438715164,371829.4460908468,2.740286272481396
1767431100,371829.4460908468,372477.3974426152,372111.91715400806,372359.673713556,2.9202030528215306
1767431400,372359.673713556,372355.35107934044,371884.3919881671,372180.6987398695,2.100231009984517
1767431700,372180.6987398695,372472.7784776294,371548.36637317226,371901.6965997574,1.7113865179463168
1767432000,371901.6965997574,372712.36223137047,371892.8687634418,372430.5110365362,1.130071665313481
1767432300,372430.5110365362,372989.73020150606,372581.4153006729,372761.42546079925,1.9201922686762412
1767432600,372761.42546079925,372871.02358992444,372461.50622487493,372492.3169357715,3.443790404773641
1767432900,372492.3169357715,373447.1287341536,373265.24006983725,373355.9998248672,1.9127543684398258
1767433200,373355.9998248672,372563.4007469085,372194.34890705463,372548.75686576706,2.413544662637707
1767433500,372548.75686576706,373057.8572898415,372811.1519782981,373007.6889551199,3.4322486988705894
1767433800,373007.6889551199,373574.8316693552,373378.8703548912,373450.15161422227,3.526637079641943
1767434100,373450.15161422227,373753.16449405433,373144.9809023478,373218.9512848354,1.584444026574292
1767434400,373218.9512848354,373866.38852073514,373271.86470663897,373462.38933391654,4.475104387305
1767434700,373462.38933391654,373016.7398653585,372053.8337103485,372527.9016027866,4.776342301439606
1767435000,372527.9016027866,373448.5199890423,373169.210770865,373216.3532957655,1.5450790458303787
1767435300,373216.3532957655,373574.1325255032,372903.31373501295,373078.3362936058,1.8005308987763977
1767435600,373078.3362936058,372832.46203510155,372318.2734788559,372688.30302393064,4.931017427817485
1767435900,372688.30302393064,373877.65864885465,372930.4688468618,373470.20996039774,2.525838885350039
1767436200,373470.20996039774,373694.57159320865,372695.6258404281,372944.10718841513,0.8959336019443626
1767436500,372944.10718841513,372274.2634868888,371678.60602062254,371893.5525070517,1.3500737865138697
1767436800,371893.5525070517,370828.17941013136,370521.7024999533,370735.75180049584,2.3996315084353155
1767437100,370735.75180049584,371573.01217057963,371137.3344420265,371185.0909103172,1.5196479175825424
1767437400,371185.0909103172,370288.18081909366,369713.64250297763,370234.53833909606,2.2106533706893337
1767437700,370234.53833909606,371542.78995790286,371354.0427299972,371533.90916679025,2.7626713908107368
1767438000,371533.90916679025,370116.9130854776,369633.45732533676,369986.8944237496,5.647016214404954
1767438300,369986.8944237496,371822.6327283098,371227.84467156534,371242.2276702076,2.350840777635476
1767438600,371242.2276702076,371702.86836964736,371172.9640516387,371398.90485941095,4.647227939469536
1767438900,371398.90485941095,371896.07618385646,371107.04403087136,371327.0665717425,5.5532318912299665
1767439200,371327.0665717425,371107.79095022933,370770.4369555535,370922.3801596951,5.5686621394006055
1767439500,370922.3801596951,371737.92550212063,371085.9623106863,371218.4771947814,3.134210463813099
1767439800,371218.4771947814,371327.00373898604,371160.36601990164,371190.5358009337,1.018524922384528
1767440100,371190.5358009337,372790.8362685989,371995.5096439971,372009.6062344056,3.422640854248091
1767440400,372009.6062344056,372327.3419510465,371205.89349307586,372094.5937996053,4.591468666954832
1767440700,372094.5937996053,372535.9356101928,371765.6587874193,372206.44674536237,2.610303367352707
1767441000,372206.44674536237,372156.0874943217,371666.923949228,371935.76912635966,6.503184207566347
1767441300,371935.76912635966,371939.3554714559,371851.8315275894,371893.40889764554,4.178351458111803
1767441600,371893.40889764554,372849.5334480514,371747.56209375605,372122.3477958416,3.6115487197078524
1767441900,372122.3477958416,371037.11998582905,370657.46590403805,370849.56404103833,4.679495736920094
1767442200,370849.56404103833,370241.2526535162,369839.9242712164,369849.6160889696,3.211329178161377
1767442500,369849.6160889696,370948.2152157045,370286.9679222647,370399.4079686236,0.7816054153780418
1767442800,370399.4079686236,371253.1744345634,370496.00290664186,370525.9848828734,2.1179116327107894
1767443100,370525.9848828734,370391.0125076441,369215.35081047413,370389.6436690652,4.946023961077217
1767443400,370389.6436690652,370777.94839014264,370325.29189918574,370403.2991448643,1.815215747776656
1767443700,370403.2991448643,371158.0224882115,370479.7310359079,370660.789965641,2.4309053193714
1767444000,370660.789965641,370535.5671645217,369670.9514307373,370260.6544666509,1.61217120182058
1767444300,370260.6544666509,369863.7131822497,369677.1520333073,369684.303232647,6.632363972607926
1767444600,369684.303232647,370284.31828564,369389.39178858855,369829.1050659914,6.301238672217166
1767444900,369829.1050659914,369727.39155128814,369087.0325720421,369105.4436084588,1.7472891896050258
1767445200,369105.4436084588,369614.75226619304,369020.3759738472,369406.8202374635,2.9260371534035583
1767445500,369406.8202374635,368472.8309579013,367974.64381388505,368148.9282466036,1.9343144535151036
1767445800,368148.9282466036,369639.73348053865,368799.36090625095,368906.69333636435,3.696817518961444
1767446100,368906.69333636435,369451.4459471443,368901.6946464351,369255.3820853965,3.5072825614756513
1767446400,369255.3820853965,369568.27759766404,369152.27590146405,369444.4628001351,4.079003774998818
1767446700,369444.4628001351,370297.2856741442,370157.97348935663,370170.56228545966,3.208999556279483
1767447000,370170.56228545966,371980.80225510953,370896.6075249584,371403.58150861715,11.795323073421077
1767447300,371403.58150861715,372474.87605004857,371895.99662121094,372157.06285886286,1.6258619688150802
1767447600,372157.06285886286,370940.700846891,370594.48354172334,370786.87416481297,1.1556908720660644
1767447900,370786.87416481297,370009.3151684287,369654.6059530978,369837.9734773145,2.233243246772662
1767448200,369837.9734773145,369391.88347016857,369375.2121731634,369375.81020418264,1.241109660842568
1767448500,369375.81020418264,369601.25900321687,369241.8699425513,369395.085009804,1.2888738659722727
1767448800,369395.085009804,370712.90087397257,369184.27785856253,369777.52640554856,1.647637877641044
1767449100,369777.52640554856,369350.3184766316,369135.5304702521,369240.7989014845,1.7141298011788093
1767449400,369240.7989014845,369467.8619082159,369327.51013926184,369378.722720132,1.6865599957839843
1767449700,369378.722720132,369245.19574935344,368420.092116689,368820.6779546975,3.522283409655838
1767450000,368820.6779546975,368511.9068982813,368049.75619270524,368369.59713333583,2.1104590212771392
1767450300,368369.59713333583,367408.36384934926,367297.32469492586,367333.2547702376,2.4849255828569823
1767450600,367333.2547702376,367298.6401418078,366250.2234844676,366654.9862238256,4.250839051148537
1767450900,366654.9862238256,366238.9787654711,365570.06980736484,365663.78242292313,1.8530607614333243
1767451200,365663.78242292313,365120.095201982,364864.0016523994,364950.0994132251,2.3814916871240808
1767451500,364950.0994132251,365774.3170101409,365570.3470431662,365719.152770061,3.263760287406005
1767451800,365719.152770061,365051.71874541073,364829.5266482507,365024.72605553205,1.0296470768490815
1767452100,365024.72605553205,367112.23000148707,366838.256397875,366946.49513971363,0.8249332916891503
1767452400,366946.49513971363,367380.1720308457,366758.58217295504,367308.5376891495,3.231862719643319
1767452700,367308.5376891495,367722.94790204155,366973.6474881807,367444.32146176253,3.47643429382016
1767453000,367444.32146176253,367228.2490729268,366569.43817936565,366813.5240775423,7.630169556734626
1767453300,366813.5240775423,367556.029173711,367062.1154959688,367327.29034716694,2.9418758965663594
1767453600,367327.29034716694,367135.372552774,366438.4273137885,366904.3953813004,4.095422385504166
1767453900,366904.3953813004,367289.1062552379,366748.466989631,366993.9272558465,2.4651771676724734
1767454200,366993.9272558465,369203.27065567113,368625.1359913411,368872.998213459,3.1538174588644363
1767454500,368872.998213459,369035.0576190537,368660.4358643574,368802.1304070199,6.256546908608652
1767454800,368802.1304070199,369743.4217988876,369282.24896604026,369649.8393093282,0.9398862618575539
1767455100,369649.8393093282,369432.794774177,369037.8654856845,369129.9812042204,3.3427978259796265
1767455400,369129.9812042204,369116.55713968596,368667.4796543599,369104.1506025414,7.907355205836012
1767455700,369104.1506025414,370579.8115359588,370317.7439478571,370411.37033154676,3.1299502492100615
1767456000,370411.37033154676,370137.9504227356,369566.07069312874,369946.898877491,6.20457226040961
1767456300,369946.898877491,371360.8639930842,370992.1125242758,371287.9183243028,1.9845534472623974
1767456600,371287.9183243028,371890.01912084897,371807.83258724405,371813.4778099134,2.675071885091078
1767456900,371813.4778099134,371672.4879772698,371033.1738584491,371395.21235371777,2.764230652401732
1767457200,371395.21235371777,371930.6948836772,371624.88731883105,371864.95876679907,0.8969137820316488
1767457500,371864.95876679907,373165.2736305133,372581.05538546445,372588.2766074169,1.515751091499845
1767457800,372588.2766074169,373234.8605201319,372186.03728461737,373051.63481181656,1.5707645263743029
1767458100,373051.63481181656,371986.0245369553,371589.04056791717,371880.08501426247,4.100188872104799
1767458400,371880.08501426247,371434.3989468495,371330.2707419137,371339.269344737,4.204168583054119
1767458700,371339.269344737,371245.07565758796,370709.14624107775,371155.4425661872,3.196377768588212
1767459000,371155.4425661872,371123.1105278408,370693.7347241,371100.1898215485,4.104366670034723
1767459300,371100.1898215485,371738.9945873544,370380.51410978084,371560.8528879845,2.5040897459730136
1767459600,371560.8528879845,372017.9581518609,371589.1728684899,371692.90635891614,4.957818546255798
1767459900,371692.90635891614,370941.0984267967,370592.14758546295,370700.23030755826,2.7302528427933
1767460200,370700.23030755826,371428.4751605056,370354.9002430966,370982.1091694189,2.79807595965236
1767460500,370982.1091694189,371822.19385882147,371071.69282693556,371435.1419446473,2.38024561840444
1767460800,371435.1419446473,372032.1605239679,370826.46317794116,371850.9936336204,3.8275512515958656
1767461100,371850.9936336204,372785.91756561154,372540.88515315286,372654.7724070155,2.2020760878860473
1767461400,372654.7724070155,373563.7238329997,373003.4528844164,373276.30254843266,4.429185418022273
1767461700,373276.30254843266,374103.358580386,373376.00569066737,373619.10463278927,1.54330377911011
1767462000,373619.10463278927,373737.0656727291,372785.8066303536,373566.6741322071,1.5691622412382138
1767462300,373566.6741322071,372393.26462463575,372262.3233051692,372325.7148286129,3.8332514191801574
1767462600,372325.7148286129,372867.36578024825,372546.6542708255,372645.63064969674,2.6005628248796215
1767462900,372645.63064969674,373008.22601548134,372651.3436933071,372800.4184680189,2.1663728945792227
1767463200,372800.4184680189,373156.957264932,372960.1465113206,373002.9078763259,4.241974590900103
1767463500,373002.9078763259,372395.2245326367,371952.12488517707,372050.44601351005,2.0064546179619778
1767463800,372050.44601351005,371257.70254467643,371190.3005551403,371246.03087746067,2.4593556207576235
1767464100,371246.03087746067,372343.62770904787,371557.74283874803,372027.98851087486,5.471834719178477
1767464400,372027.98851087486,372211.7599818784,371817.6972212019,371998.5572622258,5.868336320118695
1767464700,371998.5572622258,373170.8370690972,371779.4399352343,372505.5918146174,5.966730396714513
1767465000,372505.5918146174,372660.6609727973,371762.876446049,372526.6893215368,2.3606502518550814
1767465300,372526.6893215368,372661.0364295263,372273.4783837346,372548.8592338035,5.0296552977659905
1767465600,372548.8592338035,373316.58821737795,373058.72806839296,373247.97235691134,1.6913441809148848
1767465900,373247.97235691134,373866.878989883,372841.34646651614,372862.74706000614,1.7272811153973757
1767466200,372862.74706000614,373064.8792455334,372414.01598567236,372934.4267738857,0.8392657082296384
1767466500,372934.4267738857,372963.73036504735,372325.8697587928,372589.6300342758,6.274125425921907
1767466800,372589.6300342758,372301.390536337,372168.0408150074,372265.8524570152,1.7647518321088402
1767467100,372265.8524570152,372696.49099293165,371441.9345365311,372035.6640088172,2.5516334178626745
1767467400,372035.6640088172,372230.9466823211,371925.88021261763,372200.9473792743,1.7243287236491736
1767467700,372200.9473792743,372154.33336616255,371602.0005067082,371844.565998195,3.8481119451877874
1767468000,371844.565998195,373119.6959567793,372246.38948816835,372778.4581812219,2.2528209120729303
1767468300,372778.4581812219,372315.9677631601,371955.4010340889,372111.4775196238,1.4156539145693572
1767468600,372111.4775196238,372015.837050721,371691.01056112995,371972.403352393,3.3900046127784145
1767468900,371972.403352393,371881.46977936034,370933.91634788655,371645.2677152431,1.3272843166426789
1767469200,371645.2677152431,373368.8987358788,372475.00149233773,372720.7926816605,1.7883566711063188
1767469500,372720.7926816605,372987.09371282835,372567.5467008561,372867.31278587406,0.9479584969130643
1767469800,372867.31278587406,374321.50572751963,373521.9593559828,373636.7949871629,1.3337852384971087
1767470100,373636.7949871629,372829.9682029299,372434.3805695013,372526.67495407996,2.972087550479571
1767470400,372526.67495407996,372905.32027952356,372233.4894902203,372725.6416492597,1.0178901258808284
1767470700,372725.6416492597,373526.4989015783,373062.3135743094,373388.8180675191,1.2961873370662418
1767471000,373388.8180675191,373597.32961625565,373215.8861718104,373450.26591052196,2.7150640436623434
1767471300,373450.26591052196,374967.497663636,374141.4691985752,374246.07376930316,2.0713416801000246
1767471600,374246.07376930316,373963.1504618495,373799.70351650845,373858.88742639066,7.359693721730973
1767471900,373858.88742639066,375229.54199967784,374843.7524022614,374912.6815583607,6.800174495883706
1767472200,374912.6815583607,376654.87014045037,376317.94235962373,376636.45367867185,1.7612763914610814
1767472500,376636.45367867185,376891.9988804827,376357.8308903079,376363.1372213481,3.591495929644098
1767472800,376363.1372213481,376047.50129819836,376004.23829528596,376027.79576815927,3.953658206069027
1767473100,376027.79576815927,377763.47536336584,377029.84497012367,377120.8216908277,2.0162927863486275
1767473400,377120.8216908277,378783.9151309042,378280.231454219,378312.20078186353,1.2868909997532558
1767473700,378312.20078186353,377940.0244706349,377615.01674599195,377916.5921267171,2.701617790788215
1767474000,377916.5921267171,377958.26728327695,377250.285055948,377599.0009867702,2.493225272799901
1767474300,377599.0009867702,377524.51250406035,376989.7070724134,377386.19781317184,2.1860969769591296
1767474600,377386.19781317184,377012.73228913697,376044.46251988044,376371.4436801574,3.391113840964134
1767474900,376371.4436801574,376027.2382837764,375234.2521697027,375679.9349614818,1.8675645390623214
1767475200,375679.9349614818,375511.43068212504,374705.06174403266,374925.46388559055,1.5280634675102676
1767475500,374925.46388559055,374452.29940530774,374117.7311222279,374349.73016905674,2.870658612565935
1767475800,374349.73016905674,374414.8660192643,373608.31028406764,374323.7616125884,3.296907956281236
1767476100,374323.7616125884,374611.39502842195,374464.285247313,374499.10589200474,1.5093476355678586
1767476400,374499.10589200474,376375.7367546802,375484.4325380368,375660.42798849265,4.3234137300754565
1767476700,375660.42798849265,375519.93259196077,374625.8748323388,374910.3437760367,1.1216035821872474
1767477000,374910.3437760367,376481.8903384141,375140.9635447148,375648.4090736353,2.0359107680535895
1767477300,375648.4090736353,375547.3594465459,375242.1914980564,375487.63993584964,2.389288760488881
1767477600,375487.63993584964,375561.4862729627,375147.7392963328,375450.4939126499,1.9776082177218763
1767477900,375450.4939126499,376527.40924728184,375928.7584769714,375957.2165359216,2.049241578979769
1767478200,375957.2165359216,375667.04298483976,374855.85199949716,375113.02564358135,6.9277649362129905
1767478500,375113.02564358135,375838.3037468547,375346.74452966376,375399.91939743474,1.7763451297073245
1767478800,375399.91939743474,375606.29630863084,375086.890515697,375524.8916885282,9.212956985609123
1767479100,375524.8916885282,376307.217359806,375695.156141513,375894.7471036852,3.382325159044108
1767479400,375894.7471036852,376333.6210152286,375292.88932910096,376112.14105222933,2.846321812533968
1767479700,376112.14105222933,378275.5283733373,377758.96059226413,377959.0774373248,3.4491236238227514
1767480000,377959.0774373248,377706.4571338228,377264.91573601123,377476.99820513977,9.630776679416236
1767480300,377476.99820513977,377279.41022895003,376895.3643635134,377076.1199318794,1.6540114150092022
1767480600,377076.1199318794,376812.6585230107,375617.65479091706,376606.1771081263,1.552382799533083
1767480900,376606.1771081263,376501.2749178279,375228.8785635315,376187.7848794903,1.8637058568906346
1767481200,376187.7848794903,376123.3364212163,375508.7195020296,375708.230376426,2.7623218428336447
1767481500,375708.230376426,376684.73324126226,376545.6097159902,376601.67697000754,1.1469593962838134
1767481800,376601.67697000754,378131.59412240545,377225.3609573725,377671.60553387954,2.7488142026781084
1767482100,377671.60553387954,377434.0946468486,376356.3749778598,377240.4961956538,6.339333056036275
1767482400,377240.4961956538,376882.8769648885,376284.5656663798,376612.4997368357,2.9320554484206673
1767482700,376612.4997368357,377054.48202952766,376609.90994056646,376967.58171904675,2.3482192395820904
1767483000,376967.58171904675,376995.4683395601,376502.0298569586,376551.24134790245,1.9955501478474964
1767483300,376551.24134790245,377101.08786445495,376974.5447130955,377027.90387123125,4.259943308273812
1767483600,377027.90387123125,377381.2830495365,377001.45819073,377180.91915362887,1.798734952011007
1767483900,377180.91915362887,376219.4554026815,375726.850548852,376037.4996366362,6.842806539691884
1767484200,376037.4996366362,377617.12568536156,376942.19697106443,377201.3396098019,7.146908416208197
1767484500,377201.3396098019,378814.08737406693,378044.8932655858,378556.1545379358,3.0906313775173064
1767484800,378556.1545379358,378246.6959153239,378063.518273446,378092.2046775076,2.70267616936757
1767485100,378092.2046775076,377915.32054447045,377162.565024501,377799.03080240136,4.5509222472218385
1767485400,377799.03080240136,378332.028173386,377942.8608218851,378015.03013751307,4.699232751900201
1767485700,378015.03013751307,378603.29244576016,378254.146822177,378267.8895246063,1.8166681462755054
1767486000,378267.8895246063,378968.67250664963,378710.44771878025,378766.1018289713,2.0890771917668753
1767486300,378766.1018289713,380756.2641421414,380090.33566443383,380288.89650302613,1.4032995465705473
1767486600,380288.89650302613,380396.5896608754,378984.6326268181,380154.3143712602,3.3351994049422684
1767486900,380154.3143712602,379721.34155208536,379031.1336858889,379547.3620879362,3.7935943300875583
1767487200,379547.3620879362,379290.2685503718,378029.26839433104,378500.32813899603,1.3840821066768767
1767487500,378500.32813899603,378167.9681444774,377859.00182085653,377947.01361906674,2.1649571034125916
1767487800,377947.01361906674,377933.71099132503,377692.1942569119,377921.9731381309,1.3859322823064186
1767488100,377921.9731381309,379623.4020871598,378893.6086094062,379278.3788355133,1.734293446272492
1767488400,379278.3788355133,379240.5701988146,378378.0070867371,378885.7412867826,3.580521750344273
1767488700,378885.7412867826,379308.44680908957,378891.4873780416,379055.3214146781,1.883739631307729
1767489000,379055.3214146781,379153.62461302185,378784.598721807,379042.8710423793,2.3386808286975005
1767489300,379042.8710423793,380014.94953339745,379576.05556582066,379943.77503896976,1.2048368167961623
1767489600,379943.77503896976,382718.65937037894,381484.46991792903,381863.9595292794,2.9846876600252554
1767489900,381863.9595292794,382267.4793681111,380934.4288777438,381458.52022604377,2.6587692827749154
1767490200,381458.52022604377,381316.38582331577,380760.28662329016,381085.11853507726,1.888004356112113
1767490500,381085.11853507726,382055.7286651479,381699.41380876786,381880.9468782923,2.4731505178383917
1767490800,381880.9468782923,383452.40027267614,382159.8980147512,382401.7496137458,2.974712632610922
1767491100,382401.7496137458,384005.92133523466,383632.121560542,383814.11783851776,1.8086232591454132
1767491400,383814.11783851776,384464.5748432095,383965.7946893033,384262.3576011816,1.2993559621763984
1767491700,384262.3576011816,384519.33534267306,383368.1989724514,383986.23274943506,6.704555470619878
1767492000,383986.23274943506,384587.8571194795,384352.380918091,384439.83939602063,1.980528340296309
1767492300,384439.83939602063,385439.861755376,385047.2655721421,385292.2990489348,2.5899017701431406
1767492600,385292.2990489348,385979.064578999,385607.29066586454,385924.54998077924,4.506045175129921
1767492900,385924.54998077924,387139.1610949252,385845.0597786561,386316.08898512326,15.871540405002754
1767493200,386316.08898512326,387437.64009700343,386919.7792535403,387140.23617372627,1.4590080325683779
1767493500,387140.23617372627,388129.1825817746,387997.4729622623,388045.5989158104,3.4038719989085227
1767493800,388045.5989158104,389316.0569617808,388704.1728837993,389118.28034275846,1.9083211135140616
1767494100,389118.28034275846,391152.883119236,389619.2943293974,389623.13009455893,2.0763360950822194
1767494400,389623.13009455893,390304.6511564385,388835.24316641735,389492.90395546204,1.8962798430684218
1767494700,389492.90395546204,390279.1460535006,389170.8133040294,389607.1918350199,1.5483231646906785
1767495000,389607.1918350199,390659.582834373,390285.298385123,390547.32097575004,2.6627364087370173
1767495300,390547.32097575004,390021.2490884315,389673.79341138946,389909.2169003229,1.300499805665406
1767495600,389909.2169003229,389629.5834274311,389459.1714852311,389611.8513172817,4.364064217976716
1767495900,389611.8513172817,388885.8441585901,388325.30832113244,388720.9346145742,2.7940760179003887
1767496200,388720.9346145742,388381.3871052828,387761.4034728253,388160.20064152544,3.3575699610754595
1767496500,388160.20064152544,388698.48596076394,388425.40759378864,388570.44860356353,2.1530936050977147
1767496800,388570.44860356353,388724.9737192969,387885.9429356399,388136.1038318346,2.2623362830573392
1767497100,388136.1038318346,387880.8640176578,387230.16837945697,387589.94707784033,3.1386160444423714
1767497400,387589.94707784033,386115.0610916897,385762.79039533465,385954.4290177918,1.51888222158498
1767497700,385954.4290177918,386387.68911066826,385506.3449373661,385951.5371122222,2.2727823432206096
1767498000,385951.5371122222,386044.5078793295,385767.5079751749,385870.8610303399,1.7686087897892377
1767498300,385870.8610303399,387447.9970469302,386642.85231307225,386961.52866421407,1.7414456379765098
1767498600,386961.52866421407,386349.6055361013,385942.77012708,386142.88969864376,0.9465617024719811
1767498900,386142.88969864376,385871.1894072707,385221.7194268193,385732.9220457009,5.310379463429439
1767499200,385732.9220457009,385628.3852553626,385027.9874444764,385346.7136566889,1.9284770987297963
1767499500,385346.7136566889,386276.9724913565,385923.45083650167,385984.4264608116,4.863158031394387
1767499800,385984.4264608116,385596.0326272172,384841.773692489,385331.88463829504,4.63852376117582
1767500100,385331.88463829504,385680.575535551,384887.5374841238,384968.91859209706,1.4290360795531212
1767500400,384968.91859209706,384927.0751917733,384450.5339763051,384859.5077381319,1.5774259645044983
1767500700,384859.5077381319,384682.90326214326,384281.45177392557,384425.8550670795,9.779139355143124
1767501000,384425.8550670795,383543.5845238407,382987.8147100045,383505.97503647034,6.523838769192464
1767501300,383505.97503647034,383576.007442809,382584.3610882987,383079.5854178582,2.6757795095474424
1767501600,383079.5854178582,383603.08710097533,382689.78423913574,383327.53885098686,3.0915931890831514
1767501900,383327.53885098686,382250.1307508744,381848.9720129806,381965.5643760781,1.9829324779942876
1767502200,381965.5643760781,381568.4715911624,381270.10917869484,381494.19570277486,3.374261066521968
1767502500,381494.19570277486,380412.1867524141,379849.83080536826,380387.7703548407,1.8991549985437954
1767502800,380387.7703548407,380761.2835331962,380556.01628350705,380726.35094460205,0.9839532608942679
1767503100,380726.35094460205,379091.0245907133,378805.46119952976,378995.4266340553,1.4038551162778066
1767503400,378995.4266340553,378047.2108052292,377833.72518461576,378003.2758461806,2.7471015497099676
1767503700,378003.2758461806,377802.5473552688,377631.33825934626,377721.4455813363,1.5441388591613654
1767504000,377721.4455813363,378934.5886956557,377849.25959444157,378337.5274117937,2.628363127753587
1767504300,378337.5274117937,378092.49385914096,377666.15774214885,377720.269538274,1.5883082884454125
1767504600,377720.269538274,377061.70922419545,376321.1620273209,376734.2689042264,1.8382665565577614
1767504900,376734.2689042264,377758.5657700212,376759.1721632545,377586.5601673695,4.16444349983442
1767505200,377586.5601673695,376260.968503175,375349.82639090775,375926.679151653,3.076339062101128
1767505500,375926.679151653,374066.6144887482,373290.16745921,373709.6094901834,2.705178203276093
1767505800,373709.6094901834,373805.1044667351,373306.2083999842,373477.9203325471,4.218510005921716
1767506100,373477.9203325471,373091.3238135107,372340.254835494,372542.69111683755,3.456665156450531
1767506400,372542.69111683755,371447.1829189231,371221.8029277254,371222.97143626085,5.602885011049291
1767506700,371222.97143626085,371277.25998623826,370735.49069905054,371192.05334951147,2.159918239383576
1767507000,371192.05334951147,371424.2064285033,370451.86415776465,370816.2590445928,2.1928071150550634
1767507300,370816.2590445928,369986.8477800521,369323.89107048936,369841.6956007123,1.4182807048489066
1767507600,369841.6956007123,368706.9898532548,368123.6009715559,368339.9131579322,2.1935245666568353
1767507900,368339.9131579322,368601.9959521423,368354.36550543923,368430.1250012607,4.403435127621984
1767508200,368430.1250012607,368592.51216784253,368326.07529331493,368356.58721630136,5.20694695109547
1767508500,368356.58721630136,367801.04206546297,367463.2167973436,367730.9881700449,4.393616025473539
1767508800,367730.9881700449,368656.95015697164,367893.26887719816,368537.5229824858,1.108385072965805
1767509100,368537.5229824858,367617.4115888053,366814.0773963894,367195.9839196858,4.671931606178966
1767509400,367195.9839196858,365556.0026833933,365254.4517629798,365524.8565115424,1.0840897430302696
1767509700,365524.8565115424,365560.93160160846,363984.3235019503,364470.75003085,4.259103371954966
1767510000,364470.75003085,363958.8241618553,363750.47163889423,363890.81436665973,2.2616796307937097
1767510300,363890.81436665973,364114.78914449585,363364.1248218835,363522.07612587285,3.8623146613918804
1767510600,363522.07612587285,363238.9402500211,362714.2567291356,362801.40374650736,1.396230110073748
1767510900,362801.40374650736,362794.47402770055,362058.3775188388,362512.6540249914,4.882140820305341
1767511200,362512.6540249914,361229.98420621606,360776.27769766527,361061.48728739354,1.306710129492193
1767511500,361061.48728739354,362112.4094163027,361211.9108745276,361562.47064694157,1.9459933073469862
1767511800,361562.47064694157,361303.2429668003,360842.7394137292,360960.7213749188,1.650292732999325
1767512100,360960.7213749188,361857.0729206165,360724.02945501654,361225.8801115749,1.1307233646074863
1767512400,361225.8801115749,361268.10125481593,360861.01002863096,360931.6438211712,2.849842654457576
1767512700,360931.6438211712,360805.28994953993,360337.56420756277,360719.959735859,6.70628106021372
1767513000,360719.959735859,360999.42584942025,360571.35400769656,360589.93265702354,10.313488598468075
1767513300,360589.93265702354,360770.6032810141,360190.6265118793,360371.9261570513,2.8535901222252766
1767513600,360371.9261570513,360591.67475131655,360179.7634468401,360294.6067457326,4.75093118382636
1767513900,360294.6067457326,360931.4633903145,360340.47238444304,360711.93781191227,3.052763722854222
1767514200,360711.93781191227,360503.2423262047,360268.20254312485,360312.64496908255,3.4883944848907493
1767514500,360312.64496908255,360663.7619050262,360171.75746855506,360283.1020400084,2.2908562922882356
1767514800,360283.1020400084,360117.9329703957,359442.180419718,359678.01687834534,2.996780251163903
1767515100,359678.01687834534,360267.6896043377,360089.55969168595,360174.4568612783,3.5563664100970778
1767515400,360174.4568612783,359273.5578025603,358809.5513516419,359146.95671594766,2.035558310991411
1767515700,359146.95671594766,360107.11133898044,359499.02252611343,359901.8408322869,2.6149705880486662
1767516000,359901.8408322869,359987.2852258213,359227.27453536197,359333.08223031653,2.6400159016734928
1767516300,359333.08223031653,357862.45024789585,357246.08665444824,357765.8329521261,4.109090270642796
1767516600,357765.8329521261,358004.1355355447,356774.5934913528,357320.84696810873,1.5951757435105682
1767516900,357320.84696810873,356322.61197168235,356269.28125957417,356298.15778750065,2.6491236725279625
1767517200,356298.15778750065,356850.3665567092,356003.37648292916,356362.7500465407,7.071005811687305
1767517500,356362.7500465407,356069.26865788683,354621.8131080739,355363.0641694498,4.864821752852027
1767517800,355363.0641694498,354835.995195643,353991.0492096375,354512.90534917795,5.336604153873622
1767518100,354512.90534917795,352678.69600785786,352156.9318026218,352641.402842548,2.7516917933092095
1767518400,352641.402842548,352238.00058374077,351308.5003005517,351793.4368684151,3.191524753781817
1767518700,351793.4368684151,349856.17553369555,349519.8493536262,349560.33703537425,4.486702774621379
1767519000,349560.33703537425,348117.74937070516,347793.10274125007,347928.65732020326,5.9306140937067715
1767519300,347928.65732020326,348005.42565883213,347163.3402428907,347935.90443486074,1.0244937043251958
1767519600,347935.90443486074,348052.6853991598,347543.9713788622,347960.8167560189,1.4081536053229842
1767519900,347960.8167560189,348177.40244656766,347426.4920011143,347734.9606522723,5.231625593407977
1767520200,347734.9606522723,346794.69382899156,346441.4764429199,346540.85538912844,2.3668390295524744
1767520500,346540.85538912844,346087.8711534991,345937.0449812424,345987.9762377063,1.942818211662352
1767520800,345987.9762377063,346038.20957574074,345271.36728946154,345466.5014029313,1.4519674611892073
1767521100,345466.5014029313,344478.34722149174,343584.9927973968,344147.94925777876,2.0595585201521653
1767521400,344147.94925777876,344708.8038787488,344590.32428431616,344666.51021883363,1.3482606553331613
1767521700,344666.51021883363,344786.49577930936,344730.3897131652,344754.30525128596,7.7333885987309205
1767522000,344754.30525128596,344473.70303482306,344018.5474173866,344084.8170929409,2.68795847434636
1767522300,344084.8170929409,344415.8131019844,342765.2936530216,343587.1918852872,2.6406490233410813
1767522600,343587.1918852872,343735.45562051586,342494.4758513178,343215.006425099,3.6474866362013185
1767522900,343215.006425099,341504.17800893117,341065.49271325255,341298.6758234921,4.398099802750529
1767523200,341298.6758234921,340642.54223505146,340578.9014700985,340618.00518306135,4.362058496983999
1767523500,340618.00518306135,339714.5611291257,339449.9861890025,339642.4859470482,4.649738455804214
1767523800,339642.4859470482,338774.81611066865,338230.14732359955,338452.6367978576,1.9829333228787014
1767524100,338452.6367978576,337780.8489797024,337738.1414036891,337754.67957199697,2.3421436447594246
1767524400,337754.67957199697,338549.64117009484,338221.6158930646,338462.40162633284,3.992892189018208
1767524700,338462.40162633284,338808.70796314726,337335.13740557135,338388.5104516724,2.0882063028367632
1767525000,338388.5104516724,337607.14952924836,337221.6592087361,337494.3668708871,2.7113500492143356
1767525300,337494.3668708871,337426.9927085258,337088.49644483504,337374.6122471307,3.3180653335369255
1767525600,337374.6122471307,338457.2460693137,337669.6128947949,337812.76432438823,4.025272221100853
1767525900,337812.76432438823,338221.501851825,337777.52872843045,337930.75129872607,1.1175731665832866
1767526200,337930.75129872607,337603.7340858772,336858.1918335907,337464.15704319265,3.885970754032178
1767526500,337464.15704319265,337156.57201029855,336410.24247029633,336521.3248589306,2.4184769222830487
1767526800,336521.3248589306,336673.74954083614,336239.88986478955,336486.47694073146,3.8718361637274605
1767527100,336486.47694073146,336695.6033206567,335818.0960906543,336246.55224745686,4.008695377754717
1767527400,336246.55224745686,336507.6691706116,335991.54263488273,336344.1936867449,6.073636566620716
1767527700,336344.1936867449,336787.2572844176,336102.927539776,336266.9500911933,5.348022272171575
1767528000,336266.9500911933,336832.7007839613,336221.36312913056,336468.40944713727,5.329651392769794
1767528300,336468.40944713727,335761.63844731153,335556.02950682334,335603.52735233883,5.59478637477696
1767528600,335603.52735233883,336015.8265475219,335447.35511238314,335984.36625199014,3.1446087934268774
1767528900,335984.36625199014,336058.1252747855,335366.982151147,335613.1704585206,2.762379769429877
1767529200,335613.1704585206,336935.8545073253,336499.7647410446,336502.72046481346,4.205564551424844
1767529500,336502.72046481346,336002.92008036777,335454.3883655531,335534.13923271955,3.9197993870369663
1767529800,335534.13923271955,336391.99190029065,336170.03261791024,336195.788264739,2.3290649584129275
1767530100,336195.788264739,336173.28125524125,335652.7053502178,335824.56812604645,3.328133726536177
1767530400,335824.56812604645,335392.1105725242,334178.46145964705,334883.30693439074,2.670996881555577
1767530700,334883.30693439074,335002.9924924741,333374.68779294175,334056.8913974155,1.7736393148514669
1767531000,334056.8913974155,333492.1677042794,333290.0012970934,333341.77760843356,5.182203597256561
1767531300,333341.77760843356,333308.34780852776,332991.91677488,333124.54940317007,2.7943502789972916
1767531600,333124.54940317007,333372.8562489436,332953.91952293913,332973.20125179295,7.571219332989616
1767531900,332973.20125179295,332245.5000347256,331847.5618169491,332091.6879961761,1.2059333903532343
1767532200,332091.6879961761,331713.79430308,331515.72619761556,331577.37454887293,2.057744774777905
1767532500,331577.37454887293,332884.33801098604,331968.86542678875,332500.66524921445,2.7630065549604597
1767532800,332500.66524921445,333773.6385752727,332392.1197225714,333150.7327579511,4.800358241690721
1767533100,333150.7327579511,333071.08453829406,332530.70919919375,332941.7297593572,3.319236167078408
1767533400,332941.7297593572,332530.9328302903,332124.5276747738,332467.6230522345,3.1747737726277037
1767533700,332467.6230522345,332197.89718542394,331902.54716568126,332048.73467742786,1.5470781751833627
1767534000,332048.73467742786,332127.33176837245,331530.5101416944,331958.0973085057,1.5242908741950463
1767534300,331958.0973085057,330792.50405091105,330776.31231186935,330781.11161477386,3.193930628198077
1767534600,330781.11161477386,330936.1027145609,329706.6027934647,330114.6693530468,1.3743034254637192
1767534900,330114.6693530468,328734.09554199775,328105.77664891386,328517.84918934555,2.0835249041721777
1767535200,328517.84918934555,328436.2574440865,328047.39798092056,328287.37625873147,3.4919442212124716
1767535500,328287.37625873147,328542.2861360806,328043.1526524725,328219.87770828395,1.6633570239699793
1767535800,328219.87770828395,327429.67713411426,327176.02627938095,327410.36508858914,6.065870018626073
1767536100,327410.36508858914,328096.48050736036,327164.69788799883,327949.928702583,5.012667317467335
1767536400,327949.928702583,326765.91936092987,325940.2542450435,326654.0242859537,1.238981908481868
1767536700,326654.0242859537,325262.7914263067,324984.030473578,325207.3553541572,1.7054250543573168
1767537000,325207.3553541572,325178.2897118774,324337.98682515085,324865.53108576266,0.8668506113919178
1767537300,324865.53108576266,325125.7258475959,324934.01297954033,325058.5650814882,1.8380483304639181
1767537600,325058.5650814882,325864.453964823,325503.1890699978,325665.72747203853,3.9876187103407617
1767537900,325665.72747203853,324929.34024172014,324328.5609823399,324878.3431262451,2.2101326334455793
1767538200,324878.3431262451,325282.58226358256,325036.5146622367,325091.9056954101,3.4225935848446447
1767538500,325091.9056954101,324652.0062413111,324315.404598113,324579.2302533962,1.26976626580473
1767538800,324579.2302533962,324211.8184293379,323712.0241933595,323980.298935745,4.051096670451609
1767539100,323980.298935745,324731.2234349637,323719.8035656483,324066.9053087504,2.0594632406046496
1767539400,324066.9053087504,324379.14163049904,323331.45642310777,324003.5974637264,2.734872566375526
1767539700,324003.5974637264,322604.51944241574,322488.9724505437,322496.0786077778,2.594938324552121
1767540000,322496.0786077778,323102.1096602494,322602.36978052265,322964.6914352516,1.4393991067982992
1767540300,322964.6914352516,323758.84171099146,323311.31926401256,323371.6859547881,1.5272333554823736
1767540600,323371.6859547881,322924.39004061074,322246.93995619664,322482.04989494086,4.41009942476021
1767540900,322482.04989494086,322482.22581093386,322140.4415515288,322253.60588973557,3.3184442667483536
1767541200,322253.60588973557,322181.5697533723,321978.58662224974,322088.6314987969,4.595256247177587
1767541500,322088.6314987969,322025.60971443506,321686.1167165246,321773.4186645525,3.197371665414556
1767541800,321773.4186645525,321493.4160608672,320546.1660744647,320936.6113952325,2.9197421786661346
1767542100,320936.6113952325,320298.2971487648,319665.19273583975,320024.10942245985,1.1468220596435883
1767542400,320024.10942245985,319705.2300150737,319301.0596309133,319527.71742070385,2.374570672374778
1767542700,319527.71742070385,319863.227873801,319791.64198936103,319797.8646979267,2.681316324498985
1767543000,319797.8646979267,320050.1383910282,319621.5746035395,319665.8522382573,7.217824553597755
1767543300,319665.8522382573,319075.6100960226,318814.208489222,318949.4079672639,3.8323504751911313
1767543600,318949.4079672639,319064.50547288207,318865.9055232131,318963.2495490938,5.859302626876804
1767543900,318963.2495490938,316773.04997324746,316336.12076197687,316667.6438532596,3.6647820035196066
1767544200,316667.6438532596,316949.79242448136,316813.95062261744,316920.1962428323,1.9047454669942558
1767544500,316920.1962428323,315509.03579203604,314919.2209009574,315342.1150841146,2.8822236821339984
1767544800,315342.1150841146,315117.0298451153,314406.53314690467,314640.51612537814,3.0590726764732072
1767545100,314640.51612537814,313564.7762083321,313399.7468720476,313463.96832411963,1.6996497749699429
1767545400,313463.96832411963,312729.9590777857,312172.2991581976,312182.100385443,2.2429821820499165
1767545700,312182.100385443,312444.35530406854,311936.3363992344,312438.60592419986,2.4525210687921386
1767546000,312438.60592419986,311747.90199285717,311671.2839255944,311677.69219265966,6.066670372599841
1767546300,311677.69219265966,311641.9027097509,311336.1113508053,311426.1707147579,0.960433760516114
1767546600,311426.1707147579,311324.47955241037,310563.24441281013,310929.8068662696,4.967462817975378
1767546900,310929.8068662696,311289.13814563147,310691.8000873229,310760.06458052184,1.701656830333091
1767547200,310760.06458052184,310404.46189204516,310152.5095040176,310341.67083530524,1.3688355383000155
1767547500,310341.67083530524,309584.20047513134,308599.0917843192,309079.82642800553,4.903607040498461
1767547800,309079.82642800553,309458.7359418816,309169.95089801314,309232.058639625,3.9194409726590513
1767548100,309232.058639625,309023.64436591486,308431.74952181306,308462.83982230985,5.089905940866432
1767548400,308462.83982230985,307277.85384360637,307027.17332264385,307039.8502168232,4.056623485470688
1767548700,307039.8502168232,306485.798856322,305998.6948382617,306316.393611701,7.613496296566485
1767549000,306316.393611701,306848.1268388692,306673.7358533477,306776.3336747725,3.594345508225092
1767549300,306776.3336747725,306914.08297259087,306384.2966254992,306837.82499197265,2.513713927528277
1767549600,306837.82499197265,306531.1680344759,305859.4079773951,306163.6089292837,3.226710472320706
1767549900,306163.6089292837,305533.38212480233,305448.97985300893,305490.50351748883,5.061862832035843
1767550200,305490.50351748883,305435.38803266693,304810.00635813276,304835.75485472206,1.8410063240649421
1767550500,304835.75485472206,305986.09734951495,305317.8234010759,305644.6353008635,1.9621792321599016
1767550800,305644.6353008635,305476.40233491274,305127.57011532015,305419.64139192377,2.329188660830334
1767551100,305419.64139192377,305318.81745227176,304514.6517151752,305224.19826117327,0.9490522732986957
1767551400,305224.19826117327,305412.5787046245,305390.1032710936,305395.2968462588,2.912579760827763
1767551700,305395.2968462588,305454.9414045748,304928.9806972166,305083.0540731985,1.058587685994706
1767552000,305083.0540731985,305061.41760874476,304441.6376360158,304467.37075412745,2.791362021513673
1767552300,304467.37075412745,303934.74055015284,303674.2534192258,303891.1054533985,4.189765970455716
1767552600,303891.1054533985,303943.31072361895,302839.3471749559,303391.750823468,2.1416183245804468
1767552900,303391.750823468,303144.20490726846,302700.28863476845,302914.0773582242,6.287464788008495
1767553200,302914.0773582242,302929.1363000932,302478.8997819666,302900.52470592567,1.3096364115978092
1767553500,302900.52470592567,302604.56542623095,301962.1900113549,302477.6427910015,4.931436578378672
1767553800,302477.6427910015,302728.4370230432,302432.32391395484,302467.14081395575,3.809768888846862
1767554100,302467.14081395575,302350.9650078287,301860.15648039506,301964.6118763313,1.152557488083017
1767554400,301964.6118763313,301873.29665745026,301291.02257185336,301559.1550479641,10.542314905705068
1767554700,301559.1550479641,300076.6708033181,299565.24987195997,299901.6648953046,2.633009154256126
1767555000,299901.6648953046,300040.2841475392,299771.3684813396,300001.42878842744,1.752876212740146
1767555300,300001.42878842744,299933.13834685617,299738.9154237112,299759.3207209011,1.3450839165681159
1767555600,299759.3207209011,300569.9669740778,300048.64775317034,300357.6463861093,2.435107701544492
1767555900,300357.6463861093,298873.30565571354,298468.0093933928,298617.82148865453,2.5505182244694713
1767556200,298617.82148865453,300359.69500752224,299790.60926117946,299865.07329824177,2.8614336179841353
1767556500,299865.07329824177,300102.3062767775,299757.93894939526,299781.35719008493,2.342226380961105
1767556800,299781.35719008493,300664.9882725178,300325.5331130042,300445.7822877175,3.7307625697689333
1767557100,300445.7822877175,299929.2720576844,299760.4518303156,299820.91158815584,2.2393487425668224
1767557400,299820.91158815584,300576.5424844602,299879.1707654282,300188.3564497824,1.0330524273636232
1767557700,300188.3564497824,299727.3731773447,299542.1069734658,299555.91027664696,2.5226735008163277
1767558000,299555.91027664696,299317.0154407029,298860.97438077565,299182.2029189998,0.8321531116333254
1767558300,299182.2029189998,300889.0484029799,300303.13983612595,300327.4911528117,3.244253623214462
1767558600,300327.4911528117,300561.7393817203,300068.6600790521,300212.95681875513,1.6658739570641703
1767558900,300212.95681875513,300428.5480801139,299580.82236263057,300343.50915028894,2.9496312940065015
1767559200,300343.50915028894,300956.6660542284,300854.144671608,300866.1475411559,5.243753143780732
1767559500,300866.1475411559,301528.6667553605,300741.5083532642,301164.4153412364,1.6915168188835688
1767559800,301164.4153412364,301372.1987782017,301214.59452283767,301255.0169844841,4.621078545504734
1767560100,301255.0169844841,301550.72263401217,301318.33601956,301474.90965047735,2.1886944328057307
1767560400,301474.90965047735,302982.8974352872,302417.1464618796,302924.0486433018,6.5312438075139045
1767560700,302924.0486433018,303118.0614425593,302710.6016740242,302889.1404047511,2.2646578624085043
1767561000,302889.1404047511,303328.73159460595,302531.4688170918,303010.9618395425,1.7855982394739052
1767561300,303010.9618395425,304150.34196945775,303399.6507730994,303647.68143773294,3.832890526480789
1767561600,303647.68143773294,304466.2191876421,303898.9197068887,304319.0622103569,2.186069396619871
1767561900,304319.0622103569,305228.27044470346,304908.4885841762,305041.5341091637,1.784744455745315
1767562200,305041.5341091637,305581.2427556696,305352.527265502,305431.212602783,2.140586966097457
1767562500,305431.212602783,304842.09721454704,304711.7742390743,304732.9938497706,2.6583263523084875
1767562800,304732.9938497706,305771.13251107174,305517.8175860215,305728.51481194404,5.317961565897789
1767563100,305728.51481194404,305253.1884693766,304819.04655647045,305027.57386300585,1.0335051955524575
1767563400,305027.57386300585,305794.9569550481,305128.65267969755,305212.1981864593,2.749833403987436
1767563700,305212.1981864593,305153.5247726508,304747.4208906955,304751.76980601257,3.715271647600567
1767564000,304751.76980601257,304734.8239338921,304667.0928625916,304712.6772567393,2.994341339942656
1767564300,304712.6772567393,305038.5030281231,304883.20462459954,304913.0334051892,5.232727144504371
1767564600,304913.0334051892,305136.2315559716,304975.9761234963,305109.00541192834,2.6190910631528372
1767564900,305109.00541192834,305377.9418705007,305108.78876379447,305366.46905530314,2.4786753363537377
1767565200,305366.46905530314,306882.3726887756,306231.7314271632,306352.01567991753,3.655251035135005
1767565500,306352.01567991753,307088.2907309777,306490.81509201863,306629.8979748151,2.8566708474987936
1767565800,306629.8979748151,306492.8320131372,305995.2465068505,306480.166526477,2.23623943378614
1767566100,306480.166526477,307207.14687581913,307055.6902427208,307071.11371824314,3.5186310924939184
1767566400,307071.11371824314,308094.5063325562,307654.0245747716,307801.61777378124,1.9615517190113598
1767566700,307801.61777378124,307359.4421750249,306822.08002680936,307045.8984307995,2.002530085845998
1767567000,307045.8984307995,307558.3082149421,307199.9194528807,307412.75691313884,2.08757475758247
1767567300,307412.75691313884,307926.2474701051,307640.9746132026,307843.85580471106,5.346994247254604
1767567600,307843.85580471106,307921.1676590447,307484.0214255683,307660.6496122689,0.5430748202673417
1767567900,307660.6496122689,309163.4161876418,308341.66379180615,308507.1513159879,3.3128187641904616
1767568200,308507.1513159879,308445.12699808925,308095.7008969145,308414.564872599,2.765263439976917
1767568500,308414.564872599,308677.9894513746,308366.32589387713,308492.0240871103,1.173000235432386
1767568800,308492.0240871103,308518.54504677554,308105.23935494863,308385.2415323387,3.173589842433472
1767569100,308385.2415323387,308539.80943580566,308356.76969178754,308394.8502290412,3.4482815169499768
1767569400,308394.8502290412,307936.4287521892,307680.43399140274,307718.67904657545,3.650337451105808
1767569700,307718.67904657545,307050.9359646078,306767.5584015234,306832.4179358719,0.721867242592105
1767570000,306832.4179358719,307844.973631552,307581.09450051887,307810.9096237925,5.382724754590643
1767570300,307810.9096237925,307565.03048097703,307189.455092611,307289.5017377084,1.8797365755907116
1767570600,307289.5017377084,306938.43255443487,305982.26218904444,306680.2128155264,3.8316053751637855
1767570900,306680.2128155264,305472.14943125367,305099.1737259688,305359.4085388967,3.937464114534256
1767571200,305359.4085388967,305855.72439719486,304811.1775236303,304969.18257618975,1.753566049613448
1767571500,304969.18257618975,304276.18604425975,304001.21641819016,304162.179350649,3.7819130374630396
1767571800,304162.179350649,305477.9803002028,304895.7846339833,305161.05716991675,2.2417423078825256
1767572100,305161.05716991675,306276.17810099793,305774.0479463894,305777.3708709809,0.9649407392146611
1767572400,305777.3708709809,305734.3855678231,305314.58778795856,305356.5292643561,4.873785585568047
1767572700,305356.5292643561,306765.6803168227,305837.02365953365,306732.12122417754,1.8449967546467279
1767573000,306732.12122417754,307742.7362756787,307277.80490128027,307334.39924491674,1.7731422739565377
1767573300,307334.39924491674,307230.925359256,306787.61838352325,307134.7355287037,2.2221319346428094
1767573600,307134.7355287037,305784.7739901235,305515.994983466,305599.42690227047,3.1146549095881872
1767573900,305599.42690227047,307139.61080438085,306362.7346147349,306999.64837676997,2.6415471695987303
1767574200,306999.64837676997,306287.0007289456,306118.2996166703,306146.451859389,3.575244131527534
1767574500,306146.451859389,305350.93553507986,305134.0959444515,305138.98588283954,1.3913233112458863
1767574800,305138.98588283954,306115.9995285729,305520.07866491546,305763.0380920739,1.875371578118117
1767575100,305763.0380920739,307793.2684860598,306955.8599936995,307255.0103079835,2.5651102594500697
1767575400,307255.0103079835,308225.79752711585,307950.50717652246,308105.6598262245,7.02126672087997
1767575700,308105.6598262245,308501.89910561766,308406.68964245974,308453.147009256,2.567913575325484
1767576000,308453.147009256,308849.89403308404,308583.46122920356,308820.0547060242,4.676786046582102
1767576300,308820.0547060242,309475.83657226583,308998.1954393127,309347.1583851231,2.7711920882524197
1767576600,309347.1583851231,310109.7111170391,309720.692611575,309816.70319045865,2.1343682073713315
1767576900,309816.70319045865,310179.489598314,309596.1388104987,309990.93879033794,2.4028073620677204
1767577200,309990.93879033794,310463.92563719186,309926.984218199,310055.54158641206,2.4987488434615432
1767577500,310055.54158641206,310257.3085278993,309708.20632033295,310016.7268940711,3.675991416501971
1767577800,310016.7268940711,309859.47914616,309379.089611452,309549.2436260021,5.404898293434781
1767578100,309549.2436260021,309608.26312180783,308818.1598122613,309375.4781105045,3.2538549237948393
1767578400,309375.4781105045,308780.2103476731,307926.64349608106,308327.9594628802,4.921133250117738
1767578700,308327.9594628802,308421.88364488684,307696.09271248843,308267.3177499523,1.678004233834501
1767579000,308267.3177499523,307957.87959400454,307619.39466551633,307657.81709204655,2.2093199330973863
1767579300,307657.81709204655,307137.04820334335,306973.9424414864,306978.76133144513,1.8924054276405518
1767579600,306978.76133144513,307389.67157098505,307022.0607853421,307089.2086988289,3.1810848787069936
1767579900,307089.2086988289,308104.937200708,307806.7046699585,307944.1464600699,2.2716826386519204
1767580200,307944.1464600699,308850.2197842961,308447.8277316135,308509.7269069009,3.9152785193826953
1767580500,308509.7269069009,307642.4286310084,307427.67307424947,307540.6974822391,1.7065932709977187
1767580800,307540.6974822391,307171.4637031881,306612.6540973093,306931.9956275013,2.777400689843748
1767581100,306931.9956275013,307918.66560884623,306908.30511166685,307509.50118381745,3.832161312958516
1767581400,307509.50118381745,307272.5534892451,306792.023315413,306905.2527672047,0.9678759144051237
1767581700,306905.2527672047,307041.52787011245,306701.7810183211,306767.3705798453,7.852372014986417
1767582000,306767.3705798453,307379.0771133917,306822.9317412079,307104.8466520446,2.359439421501767
1767582300,307104.8466520446,307070.8771359933,305979.459158908,306510.0801014101,0.9875580917602819
1767582600,306510.0801014101,306700.2769460442,306379.87683201424,306574.67741106916,2.9418744590337282
1767582900,306574.67741106916,305974.51782702474,305744.0950229822,305756.72053954384,2.7641183793512663
1767583200,305756.72053954384,306085.7674605113,305219.1731233705,305388.9761422376,2.609223872394797
1767583500,305388.9761422376,305773.0334916427,305403.60455365514,305584.29189715075,4.46199313054654
1767583800,305584.29189715075,305078.29386376974,304048.21825663635,304610.704173035,3.95002728195618
1767584100,304610.704173035,305452.22648789326,304748.363027943,304879.0508132361,3.1548409904887555
1767584400,304879.0508132361,305084.35893887223,304553.23397352,304867.07650624245,3.404430994999273
1767584700,304867.07650624245,305778.69337976613,305101.1267777214,305203.94850064686,2.5800809522463575
1767585000,305203.94850064686,305454.3115895681,305082.17667562206,305340.6274563301,6.604461626237708
1767585300,305340.6274563301,306307.57623484154,305890.2659768623,306173.68244598364,1.2974515454600437
1767585600,306173.68244598364,306307.0734156359,306149.0634081092,306250.36334020004,2.9148717932649704
1767585900,306250.36334020004,306117.53288169106,305831.24937768874,305987.3521342202,2.80811184326907
1767586200,305987.3521342202,306130.22963368875,306016.4522535958,306062.1951124711,4.08221691771074
1767586500,306062.1951124711,306786.5988725382,306158.6072608714,306394.76108720544,1.7826001578903625
1767586800,306394.76108720544,306716.5152895564,305694.88616708043,306424.70202635374,1.1367390702908122
1767587100,306424.70202635374,306657.0434950259,306196.0724635065,306449.57862011745,2.9400056644990653
1767587400,306449.57862011745,306255.77723087685,305664.3950585822,306019.32850627106,3.1286926891632443
1767587700,306019.32850627106,305867.32543351676,305458.9773636054,305613.6075189608,5.724754719252688
1767588000,305613.6075189608,305030.6991445089,304443.65723969054,304756.2970048812,1.4402532653487294
1767588300,304756.2970048812,305960.6810032143,305803.62372327375,305822.68606404023,4.842092119163627
1767588600,305822.68606404023,305422.9216789421,305029.1894164165,305061.8828725529,8.879161989628432
1767588900,305061.8828725529,304998.002282955,304310.567766199,304639.12494396925,2.250421554536259
1767589200,304639.12494396925,304708.58695639,304148.09017845395,304201.4150224965,1.425508924916368
1767589500,304201.4150224965,305210.0902548705,304624.1991483584,304745.88954610575,2.2177935756555627
1767589800,304745.88954610575,304790.16567953303,304456.35652389546,304566.1201419409,2.7373833536219108
1767590100,304566.1201419409,305870.1898847899,305172.18779212335,305326.1600659651,3.6034579910782467
1767590400,305326.1600659651,305420.02053923224,304826.1719745768,304914.8914536835,2.02243581724479
1767590700,304914.8914536835,305245.0316786614,304930.34965083684,305085.03040306485,5.915637491790759
1767591000,305085.03040306485,304799.28193250037,304418.80518956063,304575.3266407831,1.5569578831655162
1767591300,304575.3266407831,306102.73320478573,305515.3079271193,305882.04563335265,1.1392810709061183
1767591600,305882.04563335265,305475.9718045553,304610.881618494,305155.51556574536,4.727304713812879
1767591900,305155.51556574536,305575.8996181876,305340.4955666309,305344.6025628699,0.8716995078047645
1767592200,305344.6025628699,306150.65952996816,305662.8985682726,305731.6432625134,2.4545295549294464
1767592500,305731.6432625134,306197.3876459386,305700.4700835725,305984.6662186022,12.920827762459956
1767592800,305984.6662186022,305958.0671413221,304973.342425635,305871.27585369,2.7019621289848383
1767593100,305871.27585369,306093.9426329487,305463.6440332722,305791.8590075706,1.5521113644819104
1767593400,305791.8590075706,306077.6362125782,305687.50369537715,305818.6533904953,2.6413793667291148
1767593700,305818.6533904953,306110.7858973764,305601.6082095081,305728.7414821278,2.6501059112004643
1767594000,305728.7414821278,306556.84129668307,306134.2564779517,306318.11258076504,2.9456366396033338
1767594300,306318.11258076504,307684.3642756685,307377.6298328567,307672.3590480927,3.7853240257294374
1767594600,307672.3590480927,307457.7452749075,306773.77834840654,307329.3094228061,1.6167927708326406
1767594900,307329.3094228061,307108.23269831104,306332.21729768644,306487.34821528743,6.320346468481387
1767595200,306487.34821528743,306761.3783228151,306109.6306207332,306433.23355349904,3.072701500322163
1767595500,306433.23355349904,308602.9952197142,307935.108141193,308014.25090143015,3.9094512668946484
1767595800,308014.25090143015,307912.92908871133,307424.5001073971,307519.16446138674,1.9856082693541484
1767596100,307519.16446138674,308585.74381695356,307889.1799587794,308527.2841223163,5.171646286541738
1767596400,308527.2841223163,309874.38396594307,309129.80889150937,309562.5170737899,2.3904312657690117
1767596700,309562.5170737899,309607.82364195783,308847.91629628657,309219.7767347388,3.122944343782251
1767597000,309219.7767347388,309628.8395041593,309515.9619864156,309571.6583761618,1.7047985672937997
1767597300,309571.6583761618,310871.1669474131,310319.6559642983,310579.8692623939,1.6512526584230593
1767597600,310579.8692623939,310348.249468122,310312.71688781877,310344.3703739346,3.8347439011431357
1767597900,310344.3703739346,311107.840625354,309956.6725622213,310218.0103365817,2.177541710742501
1767598200,310218.0103365817,310374.1418967179,309624.4512722142,309857.1145450299,1.7737367089077127
1767598500,309857.1145450299,309555.6441361504,309025.8867951893,309228.2553599546,1.9707384672611166
1767598800,309228.2553599546,308880.07122619794,308526.5082847198,308826.7054349443,3.85540683515742
1767599100,308826.7054349443,308308.54056359554,308066.6357856835,308070.7345544776,1.9847263970469933
1767599400,308070.7345544776,308227.6978786266,307906.9345849516,308091.7347926831,2.5629848445567385
1767599700,308091.7347926831,307842.8215381948,307137.78018456063,307617.2900156816,2.7387835860887813
1767600000,307617.2900156816,307831.59937988984,307508.9519556226,307761.12319293944,1.0421913430036072
1767600300,307761.12319293944,307373.445356473,306673.3840604527,306803.43480964616,1.3026970866343732
1767600600,306803.43480964616,307191.6660759413,306709.9636808937,307006.46519315423,3.2160019080760756
1767600900,307006.46519315423,307609.95192692016,307352.64151305665,307518.26275343355,1.8804015029212313
1767601200,307518.26275343355,306487.65903857135,306149.07800117455,306292.0425110472,4.610620541452994
1767601500,306292.0425110472,306845.5192940416,306066.6174692634,306521.18361263373,4.40792277372719
1767601800,306521.18361263373,307386.7566619987,307022.54434343433,307273.79671794863,3.894574120049842
1767602100,307273.79671794863,306575.8086522601,306182.86125147284,306530.4147409906,6.752318272221602
1767602400,306530.4147409906,307826.78103592724,307428.94304196537,307555.803355834,2.607665394369655
1767602700,307555.803355834,308032.77801129967,307586.1657149459,307813.5468119278,3.760082741778824
1767603000,307813.5468119278,307744.300332977,306879.4144166586,307379.5224121969,2.0295204055178733
1767603300,307379.5224121969,307786.6887142092,306723.60439176287,307345.2378672853,9.264454276970666
1767603600,307345.2378672853,307761.6999305273,307303.0438040733,307688.4361027587,7.328836896930233
1767603900,307688.4361027587,307749.36472779425,307495.47635903035,307735.2080627968,2.7344770670866896
1767604200,307735.2080627968,308345.4780901736,307982.8724507097,308066.79643765785,3.297923786789109
1767604500,308066.79643765785,307860.1606975914,307371.1681864248,307499.53850888845,5.363671917020396
1767604800,307499.53850888845,307808.3799332089,307237.3128490542,307603.6952593536,2.525477736974577
1767605100,307603.6952593536,307329.4049791375,306482.8736850063,306733.96765277424,1.957538789650988
1767605400,306733.96765277424,306935.08562174573,306330.82230201666,306665.7340305664,4.2080311396014976
1767605700,306665.7340305664,306227.0515339675,305943.6190035028,306111.33902983513,2.8270100198397463
1767606000,306111.33902983513,305731.7749178709,305252.70983896626,305661.0309185898,2.9787305648867735
1767606300,305661.0309185898,306614.7771261457,306194.79442530056,306416.6819470823,1.791161565135823
1767606600,306416.6819470823,307151.7015978678,306689.1000378801,307085.4731993378,1.1516134116835772
1767606900,307085.4731993378,307727.98839287204,306663.9107084088,307459.5881355428,3.0589484249936127
1767607200,307459.5881355428,307058.30923849,306419.842870523,306787.90407005994,4.273704522309728
1767607500,306787.90407005994,306814.85910463176,306379.47908320307,306593.7634998361,2.428069811502372
1767607800,306593.7634998361,307619.22537971893,307211.6725396046,307337.61987849534,5.574567633332244
1767608100,307337.61987849534,307841.4263931947,307183.9059164795,307424.7297563646,1.9117935584773944
1767608400,307424.7297563646,309212.1850408187,308396.6064428228,308850.76827045425,1.6042362273619952
1767608700,308850.76827045425,309135.2315082895,308703.40709507593,309093.7213041971,2.6284251022870344
1767609000,309093.7213041971,309237.0563059104,308972.53350633255,309212.4436563753,2.608313156821666
1767609300,309212.4436563753,309192.4939825398,308996.876771499,309021.2783418344,3.9947634488688317
1767609600,309021.2783418344,309370.1680081382,308905.65164056415,309103.81230404787,1.8450725292528996
1767609900,309103.81230404787,309018.8343026657,308805.9001996099,309009.5542886746,5.387315012467706
1767610200,309009.5542886746,310113.22799778375,309129.40933908604,309447.17898181756,7.267835241541914
1767610500,309447.17898181756,310311.0123222782,309853.3840607504,310039.2766479325,2.665596837335296
1767610800,310039.2766479325,310035.26463644806,309050.8026484698,309551.90144035494,5.077683786585429
1767611100,309551.90144035494,309191.87744723965,308599.35284487845,308727.73005628714,1.6027989820740922
1767611400,308727.73005628714,307695.49796811206,307219.6449507887,307593.95502277644,4.6534587978483035
1767611700,307593.95502277644,307971.63877769554,307486.6727025551,307906.4651455011,4.588890181344871
1767612000,307906.4651455011,307419.85452590295,307041.07738914964,307226.99772256793,4.185887046797723
1767612300,307226.99772256793,305992.2577815688,305625.644702782,305904.145495972,2.6972114838566457
1767612600,305904.145495972,306576.15296234033,305660.09515450604,306141.88110792614,0.6205652823399753
1767612900,306141.88110792614,308433.72410227114,307527.79580583784,307668.3042316622,1.9721738828368511
1767613200,307668.3042316622,308057.44558214425,307204.25352176913,307664.56857754494,1.9878268187951833
1767613500,307664.56857754494,308284.68863325607,307897.5412826773,308180.5163823008,1.6667448471732178
1767613800,308180.5163823008,308602.9942428273,307823.24202289316,308230.9528102457,2.8896098767650478
1767614100,308230.9528102457,308501.37011679565,308117.8725696629,308169.99110619334,2.204538692452719
1767614400,308169.99110619334,309254.01832925604,308711.88743830466,308736.4546893698,1.7998332021163475
1767614700,308736.4546893698,308848.9609945468,308323.0772712324,308557.21802205103,1.6009543591208528
1767615000,308557.21802205103,309078.29462038487,308507.25933259405,308722.2296791521,1.9007404242945745
1767615300,308722.2296791521,309272.200393929,308834.73312930786,308920.86020717554,4.76238982308554
1767615600,308920.86020717554,308612.53235179465,308443.71017207956,308508.08605190436,1.9532359772614045
1767615900,308508.08605190436,309410.12395949196,309023.5400949328,309120.1922249803,2.1012463039941722
1767616200,309120.1922249803,309078.9647600612,308746.9239844569,309012.0250377377,2.1633353894538994
1767616500,309012.0250377377,308861.4471704462,308374.15526664106,308544.956353443,3.2203716009022925
1767616800,308544.956353443,309216.04851054563,308796.5573629684,308876.03116597823,3.414819867740685
1767617100,308876.03116597823,308648.2436753096,307987.362766057,308321.0007172876,0.5931379539893002
1767617400,308321.0007172876,308502.41633121535,308298.59223275277,308338.3784025705,4.530433394137961
1767617700,308338.3784025705,308444.2668806595,308070.159584813,308332.7549292946,5.574396258942733
1767618000,308332.7549292946,309546.6006105929,308767.86551270273,309002.38927205134,1.6078642271166979
1767618300,309002.38927205134,309295.85206594487,308993.03466237447,309295.75504833757,1.6717163909419408
1767618600,309295.75504833757,309645.8039369864,309196.02253967203,309280.2735841343,2.1703171438448443
1767618900,309280.2735841343,309925.35232932447,309403.92090670834,309786.1115536234,1.8626458748500354
1767619200,309786.1115536234,311295.47072255384,310397.3447739486,310647.44553534855,3.0403220185817785
1767619500,310647.44553534855,311309.59435307514,310935.39539612154,310994.0102288715,1.0270980070488784
1767619800,310994.0102288715,311112.8645172901,310796.21875276556,311000.4494343945,1.5543169613523051
1767620100,311000.4494343945,310313.6612190287,310103.7422925052,310184.486118704,5.868497274254988
1767620400,310184.486118704,309540.4074797591,309056.32907293696,309523.7226502259,1.7089685755259607
1767620700,309523.7226502259,309638.63473286334,309266.5539334611,309334.77407675254,5.0617594439282465
1767621000,309334.77407675254,309304.29404694383,308897.8406718598,308957.68743804866,3.246797408698086
1767621300,308957.68743804866,309558.6813715379,308675.2913023194,308842.15499527333,1.1000615609142483
1767621600,308842.15499527333,308937.7272904986,308808.180393631,308877.1467650444,3.7346891825855533
1767621900,308877.1467650444,309483.9086013161,308833.8186602001,309204.3667383001,2.562968991787538
1767622200,309204.3667383001,309639.6475063756,308825.5781146366,309160.7696782489,2.1646668546952177
1767622500,309160.7696782489,309541.41777937347,309396.5034115859,309461.58412355895,3.072460008993383
1767622800,309461.58412355895,309843.1405138892,309440.085743703,309501.4888326442,3.4463535938590915
1767623100,309501.4888326442,308425.1532263035,308275.8384221117,308278.6691457929,3.8720958005556994
1767623400,308278.6691457929,307700.25467630185,307540.20130021096,307699.51501561695,4.8994670004120895
1767623700,307699.51501561695,307792.11002354615,307543.8453121021,307610.8436735863,3.3336505219678116
1767624000,307610.8436735863,307201.7617877888,306720.6710200946,306866.61323272064,1.3664046615562262
1767624300,306866.61323272064,307491.27409249364,306698.1022630097,307234.80942783057,2.1450809083399127
1767624600,307234.80942783057,308457.0112517786,308009.3764667753,308175.4093083437,11.840479981761586
1767624900,308175.4093083437,309404.11121185083,308847.8342740746,308926.59417333617,3.9049521519345767
1767625200,308926.59417333617,309285.6516936406,308715.6136851042,308794.717815002,8.887480938789349
1767625500,308794.717815002,309893.1732117233,309345.7877634083,309715.3745285381,5.461464848796616
1767625800,309715.3745285381,310241.068590166,309568.37265849154,309807.46372291323,3.0676169910825424
1767626100,309807.46372291323,310014.12109562784,309444.4319326364,309598.6002233759,3.160415590367875
1767626400,309598.6002233759,309641.1214945099,309060.29783741885,309218.7830113648,2.669016306676812
1767626700,309218.7830113648,309077.7606373367,308784.0269413375,309031.7243946574,1.1400791525719314
1767627000,309031.7243946574,308947.0622029065,308684.59814643464,308791.80649144977,2.742921590487027
1767627300,308791.80649144977,309451.943321667,308658.95422376186,308897.0527577753,4.9795387998252965
1767627600,308897.0527577753,309214.4301564586,308670.62319592806,308996.25441676704,2.014115220797919
1767627900,308996.25441676704,309073.1248967831,308865.9429833904,308998.1368344036,3.340019013145384
1767628200,308998.1368344036,309585.5863145401,308741.81881885545,309268.1629951305,4.161166830091783
1767628500,309268.1629951305,310385.9268288264,309830.6035946692,310004.6209674909,1.7248839629122168
1767628800,310004.6209674909,310892.9844003196,310491.0161205485,310593.353307182,2.16917859410032
1767629100,310593.353307182,310175.2438401154,309152.29903505713,309670.95442850224,1.634021664244393
1767629400,309670.95442850224,308176.8198780797,308004.54041440284,308089.2040377419,1.802036107881163
1767629700,308089.2040377419,309155.86866842705,307985.4651707142,308664.9117932825,1.427889326086665
1767630000,308664.9117932825,308030.0861818885,307205.79663181904,307821.0968075255,1.7328644129191701
1767630300,307821.0968075255,307724.8728875136,307672.25142670865,307682.72174245556,5.527456922422723
1767630600,307682.72174245556,307122.10992073145,306774.26987774926,306962.6746212471,1.719891978154938
1767630900,306962.6746212471,305960.66200553975,305741.55757737614,305856.3931517777,2.8957079097110006
1767631200,305856.3931517777,306318.7580914992,306136.30493525113,306187.6128259273,2.1139656175842343
1767631500,306187.6128259273,306676.160871028,306296.09082655614,306652.5006385224,4.90096913649596
1767631800,306652.5006385224,306480.8077217752,306133.64771619654,306298.9239264685,5.236122001552083
1767632100,306298.9239264685,304762.12681609276,304438.9673162157,304711.65699460456,4.187211465723831
1767632400,304711.65699460456,304402.6800718001,303882.01222097554,304378.76289270236,3.1678948323799156
1767632700,304378.76289270236,305265.7257119203,304341.61378535297,304617.27652962395,2.4217011108224975
1767633000,304617.27652962395,303855.4256130101,303167.444624284,303716.2725010077,1.4978977841759022
1767633300,303716.2725010077,304125.31768234906,303744.14568156167,303827.6512837305,7.183339889417051
1767633600,303827.6512837305,304168.75171833514,303804.2931660848,303818.3481726991,1.859231984926145
1767633900,303818.3481726991,304683.5870612153,304135.64065526007,304170.34694573766,3.7879431735797775
1767634200,304170.34694573766,304788.87195128825,304224.26496737485,304243.0925500346,4.617173800018009
1767634500,304243.0925500346,304062.5765233727,303369.34105189366,303650.99354235816,2.0592868870745566
1767634800,303650.99354235816,304593.4839427621,304319.7687273251,304377.67379300797,4.567683865617664
1767635100,304377.67379300797,304875.5080395827,303825.5232462348,304281.16806767724,3.983283987946384
1767635400,304281.16806767724,304424.5580970832,303849.76930054283,304264.55155332596,6.4493665565033895
1767635700,304264.55155332596,303750.612947638,303604.420623859,303696.63083923305,2.149696709385125
1767636000,303696.63083923305,303548.9012063608,303279.0427505709,303427.38418683765,1.429133035249527
1767636300,303427.38418683765,302930.1358323466,302409.16260961076,302890.43744076043,2.1111970782506253
1767636600,302890.43744076043,302809.1187954178,302409.5355762755,302785.67002527276,3.0174942585406694
1767636900,302785.67002527276,304185.38844207063,303480.2532344967,303822.2316233684,2.798563818262472
1767637200,303822.2316233684,303428.2180013622,302656.4612243953,302988.6034897443,2.2328550361231545
1767637500,302988.6034897443,302556.61500453926,301990.3241687876,302010.8220605691,1.0464476842689132
1767637800,302010.8220605691,303409.11715803825,302768.6998013235,302899.4407805639,3.4392089827365266
1767638100,302899.4407805639,303082.6805635156,302548.6792422124,302772.632731061,7.287585175810227
1767638400,302772.632731061,302452.08444971096,301589.79116201727,302367.4789019158,3.4285095014811104
1767638700,302367.4789019158,303288.5970462376,302314.7758058283,302996.34561916825,3.686095469665196
1767639000,302996.34561916825,302782.46705344855,302445.1257745377,302629.34702838736,3.61909014496951
1767639300,302629.34702838736,303955.75671646674,303565.33547624905,303734.5552829438,3.315217840127886
1767639600,303734.5552829438,304804.868262235,303968.01826766145,304146.3743090359,4.331149513904632
1767639900,304146.3743090359,304211.32902944606,303661.26383579825,303849.58133749285,3.3124458386844204
1767640200,303849.58133749285,305225.44494589965,304883.25505637436,305160.5757323262,2.3248637035068014
1767640500,305160.5757323262,305103.9111655152,304277.46727089735,304790.8951030595,1.8257768085559412
1767640800,304790.8951030595,305580.8315824373,304986.157343979,305243.2629284326,2.400106646383229
1767641100,305243.2629284326,305598.22122858564,305418.89236164594,305425.9770160597,3.180583747129899
1767641400,305425.9770160597,306471.091208159,305807.43863133475,306221.1482263332,2.3209080719919086
1767641700,306221.1482263332,307201.4875190471,306712.8688879645,307177.48372959316,3.1809164324064056
1767642000,307177.48372959316,307461.83779557503,306788.35681952094,307197.14563755103,3.3857487110346063
1767642300,307197.14563755103,306776.90458615124,306066.1927002088,306734.2499990657,4.123035713210954
1767642600,306734.2499990657,307500.59224722814,306801.69666554214,307016.4284196355,5.1623788175805165
1767642900,307016.4284196355,306846.43512148614,306550.71210001793,306600.28891502274,2.826399695248044
1767643200,306600.28891502274,307857.6705676053,307803.2356786384,307834.89913860173,1.413560526340572
1767643500,307834.89913860173,307942.25869252527,307872.9746124364,307918.9598183472,2.287473541607822
1767643800,307918.9598183472,308300.9203091652,307259.8072604854,307693.98095418874,2.778833634428369
1767644100,307693.98095418874,308234.24865635176,307560.41383257613,307807.63099121954,1.085581319560779
1767644400,307807.63099121954,307133.524423377,306904.75903471524,306978.31948756723,5.443010236110952
1767644700,306978.31948756723,306838.02773863496,306157.19611474103,306381.7905981022,2.918847820101753
1767645000,306381.7905981022,307814.96217362746,306536.0603991723,307117.360523252,3.2893053981016194
1767645300,307117.360523252,306837.90754904767,306618.33468126744,306713.873249051,5.380402746215203
1767645600,306713.873249051,306222.0816369522,305708.1277147936,306071.66900416027,1.9836301693889424
1767645900,306071.66900416027,306574.75208597124,306278.4374963722,306400.1774114436,3.6219804629151255
1767646200,306400.1774114436,307186.81501237646,306962.65956889524,307126.77733813605,2.572988177476632
1767646500,307126.77733813605,307598.7986249513,307540.3794504085,307568.3969648584,2.479251168738418
1767646800,307568.3969648584,308315.4619211247,307918.6740150767,308181.10254490614,1.8476301281784555
1767647100,308181.10254490614,308493.851854543,307712.7123133007,307714.6426553143,6.2513760458013925
1767647400,307714.6426553143,307048.90467511443,306369.68302062905,306839.6187328343,2.2529714287889404
1767647700,306839.6187328343,307799.7886558079,307406.9486301035,307760.95602354786,3.856392355233558
1767648000,307760.95602354786,307630.76441190054,307499.20187886397,307562.3395121647,1.0644905269636504
1767648300,307562.3395121647,308037.2678413102,307064.1946807866,307408.04593342904,4.903720804646561
1767648600,307408.04593342904,308432.67236064543,308062.35102469666,308224.64106496115,4.600226668208442
1767648900,308224.64106496115,308691.9048167612,308405.97010614956,308567.52865495527,2.8539872600407308
1767649200,308567.52865495527,309463.9619741739,308612.85475350544,308848.87298130576,2.426691402753814
1767649500,308848.87298130576,310444.2839757941,309914.41299606214,310186.1900497549,3.320116932055396
1767649800,310186.1900497549,309957.38765970053,309567.19658551307,309786.9691135366,8.536877686257267
1767650100,309786.9691135366,310407.46575589693,310161.776854709,310361.83467573696,1.1256736433597156
1767650400,310361.83467573696,310658.1857212587,310278.5119092481,310397.2240718242,4.018921945026061
1767650700,310397.2240718242,310628.5006379083,309950.30167090526,310563.9646673568,1.7232143396737396
1767651000,310563.9646673568,311916.0091341996,311335.6786565182,311513.33909610787,2.6913442819350815
1767651300,311513.33909610787,311995.6803020699,311462.05331919645,311829.73432041623,2.401419306964248
1767651600,311829.73432041623,312355.0428356447,312154.8645081289,312165.44776704774,2.1942512476751124
1767651900,312165.44776704774,312859.204682747,312462.6459732005,312835.0472334172,2.7040953914826162
1767652200,312835.0472334172,312739.8288085649,312317.2411974418,312606.7072246482,1.5417442839287465
1767652500,312606.7072246482,312212.5365810366,312053.59894443036,312082.0220830923,4.54755723816857
1767652800,312082.0220830923,311982.99289593025,311374.5810501022,311429.8897511702,1.1084118714642985
1767653100,311429.8897511702,310535.16526686726,310001.66421668994,310205.1253194884,3.560433319488284
1767653400,310205.1253194884,311559.48765091604,311180.57878071297,311480.8173003404,2.3088096154684044
1767653700,311480.8173003404,311223.8644586574,310787.3142508949,310793.5608135253,1.5136705865364593
1767654000,310793.5608135253,310794.0253004505,310416.4543852393,310656.032410491,3.0077481784104547
1767654300,310656.032410491,310825.9881743006,309933.2557055071,310484.04496756714,1.24797776919901
1767654600,310484.04496756714,310819.87865171646,310461.796254059,310674.93471753894,2.7727979782985
1767654900,310674.93471753894,311600.7138725446,310989.7277145144,311181.7929280435,1.3345064806570475
1767655200,311181.7929280435,311880.11486257444,311683.948631429,311717.3202937932,3.4234062746853917
1767655500,311717.3202937932,311384.2959054442,311246.3468241233,311353.80962044426,1.7122723246133134
1767655800,311353.80962044426,311957.0363755979,311035.62269610126,311249.74165592884,2.1695135924570623
1767656100,311249.74165592884,311702.5164905855,311234.74881692213,311425.6475291021,3.148652847720931
1767656400,311425.6475291021,311449.33979528863,311252.9946923055,311270.74993908923,1.8473070760896027
1767656700,311270.74993908923,312669.9426180845,311901.6638610481,312271.3892648073,2.640631254598244
1767657000,312271.3892648073,312980.7207748242,312471.17707531765,312578.0241252919,1.2751766899699088
1767657300,312578.0241252919,313129.0683223882,313018.6434197669,313037.43741796596,3.726382044944333
1767657600,313037.43741796596,313498.064701351,313263.76976475294,313452.450725278,6.569625982378613
1767657900,313452.450725278,314381.0572445719,313989.153464282,314188.1072382597,10.980318401268542
1767658200,314188.1072382597,314346.16800433263,314034.50755516696,314301.85688005656,2.8450597620004334
1767658500,314301.85688005656,313984.6768566697,313317.0650641631,313486.66350144875,4.031353075690493
1767658800,313486.66350144875,313955.430851328,313500.176658725,313737.25718632207,1.1159289126034162
1767659100,313737.25718632207,313686.05787456525,313259.02340599196,313328.54733570677,5.762475537259956
1767659400,313328.54733570677,313032.1879019809,312574.8106343731,312997.28594172664,4.0072861929970705
1767659700,312997.28594172664,313616.59442995023,312810.265419356,313364.3466346151,2.1340749573084663
1767660000,313364.3466346151,314262.2063781847,314039.90016820707,314140.4141658721,5.0459724989997135
1767660300,314140.4141658721,314283.7176140065,313711.7821040499,314153.7786897237,2.393512522410449
1767660600,314153.7786897237,314497.9676535169,314208.9265581045,314347.82080550794,2.1618998785324415
1767660900,314347.82080550794,315813.88820592425,315383.02036163845,315417.99592228525,3.4475625107347194
1767661200,315417.99592228525,315610.1556645254,315031.95378488686,315569.8716930577,1.5973128523604818
1767661500,315569.8716930577,317389.72871824214,316860.3908508007,317211.8973061135,4.530409723981785
1767661800,317211.8973061135,318500.97706483793,317260.70817611227,317570.6700813849,1.60320555049349
1767662100,317570.6700813849,317102.0046574935,316009.46611260273,316452.3368628259,1.607970146682389
1767662400,316452.3368628259,317274.19311533833,316729.8914335711,316929.130295735,1.7248758998783051
1767662700,316929.130295735,317290.082262469,317082.7114893173,317170.73068658664,3.97390810083601
1767663000,317170.73068658664,317994.8585818646,317659.3395223879,317988.8743334216,1.9969326319548601
1767663300,317988.8743334216,318790.0773591125,318352.2172069393,318417.0026936467,1.3854182890771192
1767663600,318417.0026936467,318868.6266931628,318317.1815711029,318328.8292147965,2.008041763225156
1767663900,318328.8292147965,318151.85319688957,317339.8989249077,317549.370366461,2.6750787379428225
1767664200,317549.370366461,317466.3571525635,317070.57760646835,317416.61995897477,1.5060852853726796
1767664500,317416.61995897477,317201.0142971544,316639.62710515916,316876.6813034126,1.5283052557275512
1767664800,316876.6813034126,316564.2524182828,315886.0969736138,316508.77261502674,7.811899647968792
1767665100,316508.77261502674,317304.9364375249,316874.62099736574,316881.3530717685,1.7677672296199283
1767665400,316881.3530717685,318070.611258056,317846.3490421964,317939.67626944755,2.312846034183009
1767665700,317939.67626944755,318232.61799044453,318111.27737268835,318190.6397462969,2.2622988794961705
1767666000,318190.6397462969,317573.8890546758,317325.9063941646,317429.6021531555,2.20190214048163
1767666300,317429.6021531555,317781.3309892949,317672.2270274304,317711.8622493341,3.708670178774029
1767666600,317711.8622493341,318501.33850635786,317989.60319744045,318472.23028543085,4.36697904164956
1767666900,318472.23028543085,318109.558584937,317962.408974936,318083.8324423738,2.3326915772462784
1767667200,318083.8324423738,318015.1931799097,317879.84442727576,317998.57505439705,1.464861731379372
1767667500,317998.57505439705,318345.1975119959,317848.84983863024,318007.916704385,5.140858628819227
1767667800,318007.916704385,317736.36782145454,317454.7793468506,317508.7089496489,2.59173997300665
1767668100,317508.7089496489,318328.7738325542,317400.0253289516,317920.37831682304,6.4569747776141915
1767668400,317920.37831682304,318154.26684628456,317785.21362009476,317843.47455449885,0.8844467693842644
1767668700,317843.47455449885,318779.9935517168,318103.8690715999,318110.16585381835,2.997269209544811
1767669000,318110.16585381835,317911.84273760265,317392.3687698336,317545.52528606914,7.0943817425726685
1767669300,317545.52528606914,317707.5433184173,316919.0275130028,317267.6994345352,2.27815961880097
1767669600,317267.6994345352,317822.08662969864,317103.38457705535,317726.07597756,2.428450229687234
1767669900,317726.07597756,318315.6261518238,317346.0935909382,317489.1583487431,3.151113384536067
1767670200,317489.1583487431,318700.851341816,318559.3726809483,318585.7429479967,2.055670537935235
1767670500,318585.7429479967,318351.5379808522,318319.39704581856,318331.1061657908,2.3255673574356353
1767670800,318331.1061657908,318796.0038539359,317714.81435188017,318474.15444036515,2.295825451965402
1767671100,318474.15444036515,319232.556381912,318830.41267350136,319068.1665936044,1.986331823104972
1767671400,319068.1665936044,318649.90746624407,318120.3690887616,318163.0558856721,5.025014176324576
1767671700,318163.0558856721,317253.41750194633,316906.80458023073,317042.6072607717,3.4230741313450928
1767672000,317042.6072607717,316367.4429469344,315850.3355860416,316075.21114926133,3.0811845464495495
1767672300,316075.21114926133,317379.59083100443,316751.5300826345,316873.3542234302,4.072615831492657
1767672600,316873.3542234302,316627.1246437861,316393.51684079785,316523.6159399413,2.3817180175839376
1767672900,316523.6159399413,318210.98671290185,317818.05463672924,318143.07691633067,1.8457728724291453
1767673200,318143.07691633067,317941.73817131453,317663.69014561037,317784.05398197164,2.0111120900340835
1767673500,317784.05398197164,318071.52680958324,317239.2683788581,317901.34890456684,2.720706313154456
1767673800,317901.34890456684,319044.9344916104,318744.43237755075,318881.8265727278,1.6006249485269362
1767674100,318881.8265727278,320780.80101810856,319752.81555973913,320161.23970162927,2.116723748581537
1767674400,320161.23970162927,321743.4350848781,321439.9415579249,321481.2667831198,2.100009102123027
1767674700,321481.2667831198,322273.69791207893,322048.1933437178,322258.2009962179,7.8638642061681026
1767675000,322258.2009962179,322977.36871598935,322209.6199962502,322918.22609076917,0.6791539341553018
1767675300,322918.22609076917,323416.21433931775,322783.7911964519,323300.9015934632,2.484794945635935
1767675600,323300.9015934632,324186.4877446786,323576.51076661283,323804.19126884313,6.442050540898812
1767675900,323804.19126884313,323650.1415805554,323274.77434394264,323447.23877861374,2.889034120973264
1767676200,323447.23877861374,322932.55366388796,322864.53862840525,322917.9504393844,3.9618406849794243
1767676500,322917.9504393844,322932.3037036067,322469.4958247831,322915.7710936424,2.857402963413829
1767676800,322915.7710936424,322967.83937456453,322649.7460495355,322805.86049642053,1.9470848579534732
1767677100,322805.86049642053,322955.88948143914,322241.7657010563,322513.2511554921,0.8860712028155541
1767677400,322513.2511554921,323066.7481485679,322622.9349296928,322962.4395149784,3.0123721061278066
1767677700,322962.4395149784,323599.2345506618,322760.266279664,323579.49491626094,1.8444787139365721
1767678000,323579.49491626094,323798.6044063384,323563.2083867109,323636.7082274878,1.8218132510722231
1767678300,323636.7082274878,324766.2771348131,324547.0606507187,324593.07417096745,2.118072277625768
1767678600,324593.07417096745,324247.2707161478,323808.0029416491,323851.9054123592,6.504086705832746
1767678900,323851.9054123592,324010.3063250266,323490.6306727364,323726.4714425815,9.046869363017551
1767679200,323726.4714425815,323815.80090886756,323056.24876023456,323262.3627215814,3.0301252907963776
1767679500,323262.3627215814,322618.4367735853,321972.2623826413,322055.6006476987,2.154624339718971
1767679800,322055.6006476987,322142.34207217966,321617.3811812218,322002.3450918166,1.5089088764878569
1767680100,322002.3450918166,322076.9916434996,321434.94639014767,321923.9391253996,3.4358696978436862
1767680400,321923.9391253996,323155.25461232814,322735.44188573066,322898.37053142523,6.628992288974806
1767680700,322898.37053142523,323442.9556604938,323103.1832081643,323305.74666153506,2.4020674559039428
1767681000,323305.74666153506,323056.3240660253,322243.5589805079,322643.4956896138,0.8273743547854583
1767681300,322643.4956896138,324557.81193353876,323353.22800954804,323839.91750348214,3.8000903239400614
1767681600,323839.91750348214,324793.96283307293,324388.6006491852,324630.756405938,4.44909122279129
1767681900,324630.756405938,325819.0247247305,324793.6833238563,325008.69004149636,1.2300775052617767
1767682200,325008.69004149636,325175.17872992274,324616.7144854059,324861.4714409315,2.9690501647958074
1767682500,324861.4714409315,324766.3395661322,324038.8448678514,324238.10175653116,3.406253503802143
1767682800,324238.10175653116,324185.22999848396,323719.2803959292,323996.73451946286,2.620712818753099
1767683100,323996.73451946286,325083.3979642994,324503.6376722239,324702.23651445634,1.830546471272197
1767683400,324702.23651445634,325990.60836245806,325561.50382260175,325926.09529133927,4.517544580254064
1767683700,325926.09529133927,327608.126848934,326927.79766856594,326932.061965846,2.2217832229186594
1767684000,326932.061965846,327210.6710399541,326553.8752556005,326612.42086693516,1.293571398004298
1767684300,326612.42086693516,326223.66093355825,325845.21023786586,325881.0589462725,0.975566215367264
1767684600,325881.0589462725,326461.00538819964,325551.7066324086,325972.8832649413,5.106043100848843
1767684900,325972.8832649413,325423.37550200056,324576.61077939626,324819.95670719777,3.699996923767186
1767685200,324819.95670719777,325063.5175934801,324602.31982565677,325029.8993530591,2.8405189761643537
1767685500,325029.8993530591,325336.559132981,324865.5514518954,324933.9488455213,2.181172729728006
1767685800,324933.9488455213,325311.46263731644,324579.00956550916,324631.0866838049,2.086526648633044
1767686100,324631.0866838049,324111.6610163951,322786.425641449,323595.70630447526,1.5874543187485095
1767686400,323595.70630447526,324148.03389334504,323586.15258464776,323928.1038829622,2.1908118386608773
1767686700,323928.1038829622,323845.86991853116,323468.5436413848,323582.9903371051,0.9417234664261882
1767687000,323582.9903371051,322841.68789993477,322427.99928618973,322825.85996081546,1.8813096812526449
1767687300,322825.85996081546,321022.8499190814,320665.66589068976,320971.37892274425,2.326886811665406
1767687600,320971.37892274425,321059.90388435044,320411.564463553,320953.7159287142,3.6874679260036793
1767687900,320953.7159287142,322558.6923935144,321553.4697377208,322091.33739973773,2.664554211292416
1767688200,322091.33739973773,323445.6855270324,322765.95869914204,323161.49180410046,4.044919126807002
1767688500,323161.49180410046,323213.9081568485,322802.2550459372,322866.0599877474,5.336486899894936
1767688800,322866.0599877474,322921.08102777234,322359.41043239506,322477.1923173352,4.613953339594431
1767689100,322477.1923173352,322880.602974279,322240.11093492864,322779.5303291946,3.439255156575636
1767689400,322779.5303291946,322356.34151236486,321479.18741402915,322135.0135628973,2.734452791413512
1767689700,322135.0135628973,322802.1583455439,322178.28359283967,322329.44903838035,1.6646351924519223
1767690000,322329.44903838035,323182.15352141217,322664.49435031763,322823.30950648215,3.9352406082886273
1767690300,322823.30950648215,323627.06850590056,323185.69503355445,323615.4747942377,6.295743002498045
1767690600,323615.4747942377,323722.60444280045,323235.9133825954,323550.65197621245,3.2253872476352163
1767690900,323550.65197621245,323925.92972614616,323287.345194399,323418.85442689207,7.089604627737723
1767691200,323418.85442689207,322962.87782499456,322795.208703407,322850.9421820609,1.2677125642457272
1767691500,322850.9421820609,323126.54141257616,322111.16746430384,322317.0239793137,1.5264095948253886
1767691800,322317.0239793137,322763.8477129504,322150.5464219785,322171.02797445003,4.168685481557316
1767692100,322171.02797445003,322418.1445391548,321939.9466424437,322407.7370203967,3.1023041359882595
1767692400,322407.7370203967,323203.7238620816,322972.4195954028,322996.8305242377,5.2429855015285955
1767692700,322996.8305242377,322517.67202351056,322139.7464215325,322477.98201341066,2.697334814167692
1767693000,322477.98201341066,323477.29062493733,323431.250633623,323440.7004083958,1.7612297536759451
1767693300,323440.7004083958,323685.3071813124,323014.747759157,323265.31559355883,2.4429428017868458
1767693600,323265.31559355883,323326.74964732135,322913.5320076906,323251.50098325696,1.263212418048226
1767693900,323251.50098325696,323012.6859075932,322759.950234664,322768.42638958344,1.546052121619137
1767694200,322768.42638958344,321906.90045596805,321002.8950238944,321203.4899615863,4.420363793653166
1767694500,321203.4899615863,322155.7925142378,321531.0498189336,321771.40689477755,4.205502165052727
1767694800,321771.40689477755,322554.43310077663,322235.44947233907,322245.59748963604,3.2592664098510356
1767695100,322245.59748963604,322080.922511707,321842.036271446,322064.28435616835,1.1496542437038557
1767695400,322064.28435616835,322181.2216512106,321757.0753755887,322107.43499097135,2.272312901810503
1767695700,322107.43499097135,322786.21360368235,322216.8053445796,322439.8107070232,1.4732930356371992
1767696000,322439.8107070232,321504.2667061095,321344.3676790153,321432.1567263921,4.8952562644191255
1767696300,321432.1567263921,321382.32048795046,320771.52962212457,321092.0476401895,2.0302093853327903
1767696600,321092.0476401895,321697.78268890514,321601.21576581156,321602.1117848857,1.579528120640417
1767696900,321602.1117848857,321216.22580969427,320624.33460954454,320795.3475303243,2.75908218445525
1767697200,320795.3475303243,321086.65855457593,320873.25264910527,320983.69156806375,1.9737252986634093
1767697500,320983.69156806375,320174.9288099508,319992.9171173907,320112.81029693957,5.708018582351547
1767697800,320112.81029693957,320818.3728124451,320097.4513664897,320411.43072190665,1.8824884613287822
1767698100,320411.43072190665,320480.52822702914,319761.481892855,320388.59084523463,1.3503797786245877
1767698400,320388.59084523463,319619.33907274256,319140.27731015126,319353.6512321801,0.9263929726199522
1767698700,319353.6512321801,320301.8915186678,320035.678468996,320097.57876333955,2.6767590386961593
1767699000,320097.57876333955,319887.9131010632,319196.38260848506,319627.2967931136,2.0524515220138366
1767699300,319627.2967931136,319449.58472533885,319104.33485266997,319109.33920078765,1.330490533936673
1767699600,319109.33920078765,319915.652592772,318630.7095599111,319237.3462087725,4.926423313946565
1767699900,319237.3462087725,320396.71160815563,319643.37394242827,319970.72208714834,3.7947653353359403
1767700200,319970.72208714834,319933.86861507536,318795.8388530807,319320.6556052876,2.6801990402939735
1767700500,319320.6556052876,319750.5907162755,319235.13628834643,319360.04690546973,5.377174885778687
1767700800,319360.04690546973,319656.7157376565,319260.7648553539,319633.94062078855,3.785840854716442
1767701100,319633.94062078855,320491.04284084385,319845.29629974684,320077.0207738203,1.801414247100663
1767701400,320077.0207738203,320412.7250707684,319983.6592574069,320189.9705485279,1.6167046615658622
1767701700,320189.9705485279,320248.6925402787,319078.5318606484,319954.93328255473,4.091823737367217
1767702000,319954.93328255473,319821.304690168,319046.4652015319,319425.3501348888,3.3140913325444363
1767702300,319425.3501348888,319606.9708242979,318988.27991954895,319480.3832148969,2.9590666095182234
1767702600,319480.3832148969,319135.92279067356,318618.9781284577,318795.3284500793,1.7802451838702857
1767702900,318795.3284500793,317124.1683425529,316852.21707561467,316932.70267627237,3.6839066674468537
1767703200,316932.70267627237,317940.1587524674,316970.2906675155,317209.4228334954,1.8631163793085728
1767703500,317209.4228334954,318253.0382018305,317661.29537813185,317782.89613193553,2.583142478565991
1767703800,317782.89613193553,316679.368777067,315925.30220687506,316281.09710647434,5.603952056408846
1767704100,316281.09710647434,316004.24496078445,315092.28694333945,315642.3796363388,1.9534223432413886
1767704400,315642.3796363388,316340.8623551034,315903.8460985949,316033.24228495016,1.2380101481766357
1767704700,316033.24228495016,317653.3135778949,317245.9189320183,317333.7162135093,1.6059675407238678
1767705000,317333.7162135093,317453.5878690089,317310.9279422939,317346.91330257035,4.468931818741178
1767705300,317346.91330257035,316956.93811152066,316739.40608266287,316884.8543300218,3.08751193857051
1767705600,316884.8543300218,317029.9372767515,316709.32341877243,316768.9401058278,2.548643637144903
1767705900,316768.9401058278,317868.39430715377,317607.0730722969,317639.9763979679,2.1073960742565903
1767706200,317639.9763979679,317879.8693929903,317161.76076911634,317229.6083047458,3.464886769581965
1767706500,317229.6083047458,316722.7698344497,316415.2325450849,316722.5535702859,1.7779261032563065
1767706800,316722.5535702859,316664.2410907412,316284.2593774969,316416.7620481559,3.167152072745098
1767707100,316416.7620481559,316063.24041856825,315743.8004942717,315813.4637453697,1.8858388130752444
1767707400,315813.4637453697,316137.29410478246,315489.46347914246,315890.94562015584,1.735282644046813
1767707700,315890.94562015584,317260.28784896166,316797.40954591765,316917.3880493051,1.9763590387400296
1767708000,316917.3880493051,317550.14746068453,316837.17901656457,317122.1669280427,2.253075736561672
1767708300,317122.1669280427,317093.7201824743,316950.1647637146,316962.11314919044,2.6527188151482224
1767708600,316962.11314919044,316787.9060218339,316568.2024322707,316777.126916318,3.0578984456552
1767708900,316777.126916318,315821.9307230853,315228.91969069955,315786.76072991616,0.42990860228433003
1767709200,315786.76072991616,316401.1646591044,316015.952154196,316344.50948170456,1.8151620021683086
1767709500,316344.50948170456,316420.45866354776,316265.79720098834,316295.26274188765,2.2349414063462323
1767709800,316295.26274188765,316400.1607485779,316019.52774423873,316181.0928585101,5.769186134188384
1767710100,316181.0928585101,318434.05522180523,317387.75310882047,318200.293339342,1.5840719190606898
1767710400,318200.293339342,318704.2903540447,318336.80771933275,318390.4198654979,2.9488000032924373
1767710700,318390.4198654979,318002.02995778044,317808.050544594,317911.69372931606,5.740321130621855
1767711000,317911.69372931606,318020.1107972207,317516.60944383504,317640.6055982279,1.409895707054453
1767711300,317640.6055982279,318655.02057586366,318321.19274276285,318370.1915793598,3.3101304945003514
1767711600,318370.1915793598,318879.4919664475,318340.29126381193,318442.3154239662,1.8200501998304466
1767711900,318442.3154239662,317637.90239636914,316961.2923291131,317526.29828468885,2.1121008778891053
1767712200,317526.29828468885,318739.3503532827,317811.0437867174,318110.05700643256,1.8192868488785747
1767712500,318110.05700643256,317699.880813121,317533.5454284136,317684.9703001539,1.8852705638374347
1767712800,317684.9703001539,319480.3582480119,318328.04699520447,318875.2073969559,10.601082027275242
1767713100,318875.2073969559,319866.9208952202,319532.84289630264,319564.0084988628,4.14634795530458
1767713400,319564.0084988628,319544.4936299462,319173.4496418893,319278.1125427307,4.715565903775966
1767713700,319278.1125427307,320340.6764786442,319791.22895870457,320096.11351495306,3.476398149989318
1767714000,320096.11351495306,320633.4658744753,319879.95486220816,320139.55408535386,1.2175876994696737
1767714300,320139.55408535386,320888.4826592238,320567.93528398505,320685.5672535326,3.3117574003766617
1767714600,320685.5672535326,321187.9163847868,320758.76618703647,320996.46089049353,4.648129159042994
1767714900,320996.46089049353,320656.3647786131,320175.9702313069,320453.1059086871,1.7741124380741562
1767715200,320453.1059086871,320116.17081182264,319992.1956935377,320040.6508235408,4.404661154850747
1767715500,320040.6508235408,320938.5697742411,320604.1960145743,320699.9094843036,3.8657979068110637
1767715800,320699.9094843036,320620.2839213148,320234.3733908973,320485.1846468954,6.862144638558437
1767716100,320485.1846468954,320311.9002523059,320000.04747417755,320226.45794234634,2.205840231629456
1767716400,320226.45794234634,319723.1353828322,318948.4419086934,319614.74690137466,1.5701866676142042
1767716700,319614.74690137466,320003.9011113887,319563.1075568945,319885.5239176493,2.26865227860851
1767717000,319885.5239176493,321244.8112103015,321095.935331385,321205.0676464199,5.572175190135248
1767717300,321205.0676464199,320666.0092041255,320445.0390231445,320519.2736825443,1.0895851849902918
1767717600,320519.2736825443,320694.0832947987,320282.72873054695,320534.79928786773,0.9663899437771006
1767717900,320534.79928786773,321498.8159474607,321260.27032121096,321440.1309524283,2.8425389221165718
1767718200,321440.1309524283,321707.0925507225,320478.4264973167,321388.9310739658,2.178649857715404
1767718500,321388.9310739658,321690.9668877375,321242.4819736499,321679.7056500552,2.728805442503002
1767718800,321679.7056500552,321256.53297451185,320752.08519712277,320996.2047752176,4.360801564873355
1767719100,320996.2047752176,321629.08569227374,320711.21588005545,321271.1746805815,2.0620802986185094
1767719400,321271.1746805815,321233.9958321762,320955.8052844441,321150.92656487605,1.0655563792042786
1767719700,321150.92656487605,321852.5190371745,321279.4466544524,321784.0627677868,7.5552355902958315
1767720000,321784.0627677868,322800.74111812573,322081.24241605226,322548.22658327944,1.6510077454248355
1767720300,322548.22658327944,324358.5238950583,323914.420213925,324218.74490399467,1.6007646782679623
1767720600,324218.74490399467,324727.0525347603,324537.4356386484,324594.6007838427,4.720241704473757
1767720900,324594.6007838427,324985.00664815033,324779.1494142733,324806.1042344783,2.2428680794596048
1767721200,324806.1042344783,325076.90006125765,324889.8366166314,324932.3786499177,2.633477125627074
1767721500,324932.3786499177,324970.96044180094,324336.5256289706,324702.8683227538,3.460437624116646
1767721800,324702.8683227538,324971.21325566317,324638.1006090189,324922.6816724597,4.672954615281332
1767722100,324922.6816724597,324848.9639749762,324469.04853652103,324730.71643575525,2.3008293695877446
1767722400,324730.71643575525,324842.45719687646,324511.94761936786,324840.1253427863,5.812297914766926
1767722700,324840.1253427863,326375.70016464154,325681.69408508966,325696.1424400228,0.9343539749636445
1767723000,325696.1424400228,325092.6540043523,324592.4306761656,325040.48837859626,3.9744787938952455
1767723300,325040.48837859626,326502.3034316763,325562.73549176805,325781.5017469996,1.78646038035317
1767723600,325781.5017469996,326757.28830962785,326621.79240984615,326639.6851962228,5.398578392721788
1767723900,326639.6851962228,326800.3161794406,326261.32792356855,326562.55346324685,2.918361239578571
1767724200,326562.55346324685,325298.1210143017,325174.32258287753,325176.71675544936,1.9416678767363205
1767724500,325176.71675544936,324882.872277214,324301.21306893456,324781.4176391791,3.7864183523501005
1767724800,324781.4176391791,326012.28016694804,325465.1119992992,325623.8970941839,4.2486197845015985
1767725100,325623.8970941839,326018.57751686446,325141.34712814575,325609.00431905437,3.746968306575817
1767725400,325609.00431905437,325195.908749478,324732.7446362665,324958.2407093117,1.6244217075764098
1767725700,324958.2407093117,324821.8479881278,324397.5526428422,324630.17916859867,2.133985670898359
1767726000,324630.17916859867,325222.1830649036,324613.32058305404,325175.96042823244,2.712751901424387
1767726300,325175.96042823244,325641.7830551865,325097.3077873917,325531.52965450886,2.6627786256052777
1767726600,325531.52965450886,325710.9305174901,324563.37092232663,325375.96979105636,3.954573422862212
1767726900,325375.96979105636,325420.8803244372,325122.29970314365,325137.2580935819,0.9925770707834722
1767727200,325137.2580935819,325253.85473326646,324674.22094413225,324882.50775275007,3.2128664934443654
1767727500,324882.50775275007,324549.12137168326,323367.2750419555,324283.157884917,2.3513963020270845
1767727800,324283.157884917,325351.8813423847,324901.73502001946,325330.8361444204,1.7873779111664336
1767728100,325330.8361444204,325144.80747688044,325114.5775319919,325121.1145689104,1.875277429946658
1767728400,325121.1145689104,325936.4182576062,325854.02128356154,325912.56243870605,2.4417894892661973
1767728700,325912.56243870605,326953.3095274554,326464.4600649289,326904.1944642284,0.4490852458067794
1767729000,326904.1944642284,327947.25051587285,327439.0635212327,327556.89850419626,1.9143061143681004
1767729300,327556.89850419626,327301.5368054172,327110.9481038028,327274.13808226556,1.7543397717016773
1767729600,327274.13808226556,327905.0932633354,327226.84951117943,327538.3989169311,3.5480267527800584
1767729900,327538.3989169311,327651.4388380847,327410.5945827257,327522.5489365749,1.817090614833324
1767730200,327522.5489365749,326989.0042307934,326601.3881131464,326930.5834627648,2.4410861895797016
1767730500,326930.5834627648,327544.7980070168,327127.0236984351,327142.6694012144,5.87754004000894
1767730800,327142.6694012144,326568.07371273224,326187.1035446325,326371.2409519939,4.469049561289956
1767731100,326371.2409519939,327424.7393745698,326657.7205241053,327146.48974372447,4.2679588845575545
1767731400,327146.48974372447,327654.7595781559,326432.25892826315,326842.49390795367,2.1171350533304465
1767731700,326842.49390795367,327060.56359475927,326811.26298497303,326973.988955152,3.5662554067930614
1767732000,326973.988955152,327576.5003561842,326744.3618068956,327159.2444859161,2.418266835171933
1767732300,327159.2444859161,327039.4472528189,326934.8191475772,326989.83817473473,2.464412382416923
1767732600,326989.83817473473,327548.13169263536,327351.1409566477,327373.5239971397,3.3362341533061266
1767732900,327373.5239971397,327337.14096667286,326491.37831283803,327062.58222988446,2.016782068505123
1767733200,327062.58222988446,328031.63992079603,327523.8611570381,327632.51971787703,5.734505673712299
1767733500,327632.51971787703,327096.04196103214,326408.3869819996,326750.54628962046,2.509127116227222
1767733800,326750.54628962046,327118.1983632264,326273.91457232425,326833.1354829337,3.7031369439096746
1767734100,326833.1354829337,328203.928100579,327928.636240288,328100.54797141574,5.628259458899509
1767734400,328100.54797141574,327631.34434488404,327313.1845557712,327444.1294599036,4.553184541086579
1767734700,327444.1294599036,327109.0449859148,326756.61216495786,327000.2822361649,1.3438524457086756
1767735000,327000.2822361649,327641.82502358133,327302.01851070044,327336.37825992855,3.3954895484403784
1767735300,327336.37825992855,327526.8763323588,327253.28481399745,327453.94556013163,4.159353681714563
1767735600,327453.94556013163,328032.6153377681,327675.2219717889,327683.5759790102,4.245805316019249
1767735900,327683.5759790102,328480.6375097843,327932.9441602913,328004.1731552696,1.5579215340758166
1767736200,328004.1731552696,328721.49436170346,328401.38573287975,328420.55573622865,1.9571363941052766
1767736500,328420.55573622865,329424.9242050209,328950.6923773888,329149.4522138199,4.469511497021555
1767736800,329149.4522138199,329465.4776312619,329306.1767526891,329419.23538668995,1.857292560502275
1767737100,329419.23538668995,329361.5701974293,328573.51694840076,329260.2855624587,2.340002438979136
1767737400,329260.2855624587,329876.14059767616,329382.14853659784,329703.18918029836,5.977114370444532
1767737700,329703.18918029836,331403.5030137035,330857.09453306237,330955.9834463003,2.6540860942305957
1767738000,330955.9834463003,331008.50181793654,330612.2796459717,330868.1915823559,1.8900682340334725
1767738300,330868.1915823559,330236.33641983825,329596.3035344778,330223.3100849951,1.752759357017064
1767738600,330223.3100849951,331429.69845787995,330925.6792774555,330954.4777712812,3.2102848283945393
1767738900,330954.4777712812,331310.16669114307,330531.9626073624,330874.7964007817,1.3957417519138082
1767739200,330874.7964007817,329529.608067133,329154.7921790425,329437.0332134146,2.402072768236615
1767739500,329437.0332134146,330699.1240782685,329864.02330839465,329995.37737981696,3.2111054907494943
1767739800,329995.37737981696,329975.8736138719,329511.9955648159,329642.06572632515,5.204766863938253
1767740100,329642.06572632515,329634.5032901418,329442.0570250631,329582.37856993364,3.7953401585793167
1767740400,329582.37856993364,330870.7842839227,329652.63426987064,329801.2083039084,1.9021169326309144
1767740700,329801.2083039084,330688.30592019303,329840.50126166607,329926.86235305364,4.899874824558761
1767741000,329926.86235305364,330454.94664174155,330211.3165029675,330394.9967770923,2.340214241151502
1767741300,330394.9967770923,330142.3343546278,329478.3958007565,330107.23174109054,1.4654296691280844
1767741600,330107.23174109054,330774.9775309663,330302.6198636354,330445.991610343,2.4942281443692695
1767741900,330445.991610343,330836.97370467754,329705.67544811085,330274.45929185615,5.579418729200051
1767742200,330274.45929185615,331304.2783089948,330508.76262235636,330762.47975604475,2.9524048009567605
1767742500,330762.47975604475,331761.15388410894,330969.5878422732,331169.56070599146,2.7353541952887377
1767742800,331169.56070599146,330755.5966523819,330401.9094451092,330549.98305794445,6.163259778213285
1767743100,330549.98305794445,331460.9680686129,330865.49948926753,331267.92579815025,1.3288615210847927
1767743400,331267.92579815025,331077.2526470021,330182.0823577529,330912.8308006172,1.429322338762412
1767743700,330912.8308006172,331802.1973947547,331371.19687361596,331447.6241875766,1.2117635338365462
1767744000,331447.6241875766,332089.02619191335,331646.0338409799,331691.09720241884,3.2750203841638976
1767744300,331691.09720241884,333681.58417109825,332893.03603421553,332910.51552365033,2.954255175911316
1767744600,332910.51552365033,333047.24145843106,332713.5171323594,332761.7271728635,5.878891264313608
1767744900,332761.7271728635,332804.6481364355,332514.9363036047,332529.2486520499,3.070184134817557
1767745200,332529.2486520499,333187.51366197667,332176.22198229056,332516.33347814,2.220919768597212
1767745500,332516.33347814,332362.9158351221,332251.4209497337,332314.70901859447,2.7207224085924913
1767745800,332314.70901859447,333110.3795910663,332655.29263522057,332846.3739393458,2.883064264441702
1767746100,332846.3739393458,331810.9026334754,331677.13857225707,331770.4076889902,1.1783549590774969
1767746400,331770.4076889902,331222.82683331496,330879.44134359143,331071.24639744044,10.53987646195558
1767746700,331071.24639744044,330416.8562868533,329897.72556672635,330364.20870913233,3.5251941369189823
1767747000,330364.20870913233,331114.76390864863,330784.1933226329,330992.10394043755,3.019237010725162
1767747300,330992.10394043755,332572.222455922,332091.64464403194,332124.5029788767,3.6972229808713526
1767747600,332124.5029788767,332292.4360691718,331942.7693673952,332055.1226892901,3.8756193810117066
1767747900,332055.1226892901,332116.0416721511,331613.5271255842,331943.00645327714,2.5338078676207636
1767748200,331943.00645327714,332096.3070068695,331982.7348191398,331989.5131045418,1.9825411518789942
1767748500,331989.5131045418,332816.8996735289,332273.25686531904,332760.975928481,3.6682890085811772
1767748800,332760.975928481,332474.3344609314,331556.22296663345,332143.80206055386,3.2964806189264224
1767749100,332143.80206055386,332362.4615115693,332180.27700201666,332302.14762099157,1.813130574573369
1767749400,332302.14762099157,333675.1225454575,332822.4569563909,332950.2681544547,5.526296086493947
1767749700,332950.2681544547,333343.4304379516,333216.5302182998,333283.9470309589,3.147712561708281
1767750000,333283.9470309589,333886.7119498404,333404.34967994795,333410.316049888,3.915369404297142
1767750300,333410.316049888,334570.309108148,333751.64062448696,334077.83423809457,5.451879675718713
1767750600,334077.83423809457,332466.3414156083,332256.6175365433,332271.6542583193,2.7481952144724877
1767750900,332271.6542583193,332831.63287491316,332311.85167103424,332722.1317659221,3.1850755314759507
1767751200,332722.1317659221,332703.18402586493,331824.67898847396,332286.8808546693,4.075582247275535
1767751500,332286.8808546693,331218.6841179186,330621.3687684343,331070.2902640966,1.8918770002920882
1767751800,331070.2902640966,331638.19608597877,331343.8932926625,331408.77825011354,2.792747369102775
1767752100,331408.77825011354,332973.5743385686,331972.8963242373,332319.2632504841,2.8943897470885998
1767752400,332319.2632504841,332262.27470573265,332038.3998381937,332227.9096722522,1.685345730660352
1767752700,332227.9096722522,333540.7802906831,332750.7321151005,332861.05271024647,8.660897844003808
1767753000,332861.05271024647,334027.0015132632,333761.1813362045,333934.3819866783,1.3449452128098753
1767753300,333934.3819866783,334820.03155985236,334526.9096735543,334812.57227752416,1.4204135308937438
1767753600,334812.57227752416,336018.9246679113,335900.8477109241,335910.7337625696,5.244150620070603
1767753900,335910.7337625696,336413.0423961177,336235.5069406526,336409.31094271236,3.8830973660817665
1767754200,336409.31094271236,336733.61096748663,336129.8871121786,336460.064099682,1.627455238114376
1767754500,336460.064099682,335658.1823817048,334910.91864686395,335382.0690601691,3.6826938452592874
1767754800,335382.0690601691,335292.6982722151,335181.08123392874,335217.01916739484,5.662838240793554
1767755100,335217.01916739484,334657.57225149864,334544.9754793113,334651.67794718494,2.6774596982031245
1767755400,334651.67794718494,336432.52229671186,335894.1495575641,336104.6971934607,9.968313877247844
1767755700,336104.6971934607,336424.4261202823,335959.6169394628,335986.4650980043,1.147940072139792
1767756000,335986.4650980043,336292.64154971525,336000.3358764774,336069.2553930335,3.8455311233517135
1767756300,336069.2553930335,336625.9546001987,335893.75924774626,336439.9299524056,4.870829095614829
1767756600,336439.9299524056,336806.3524367573,335833.86816348473,336469.26916041225,4.244703416622989
1767756900,336469.26916041225,337777.9191880107,337554.4846041581,337609.93432993896,2.4542522605780306
1767757200,337609.93432993896,337453.1924834493,336954.2901015975,337189.50910968747,2.3508553931126657
1767757500,337189.50910968747,337577.01191835845,337038.7172264474,337320.7482942885,3.3942152500003995
1767757800,337320.7482942885,337416.37786595174,336716.1029790941,336819.8468271802,4.087269909258433
1767758100,336819.8468271802,336089.03279474156,335492.9618084621,335930.62726710463,3.673837360573403
1767758400,335930.62726710463,336133.988321402,335367.92569643795,335519.60331820376,4.572357541929616
1767758700,335519.60331820376,335906.88663157093,335375.3227387861,335494.75017529604,1.6332387742669374
1767759000,335494.75017529604,335902.4438824935,335196.90803787974,335206.69289016776,2.4256863382756833
1767759300,335206.69289016776,334771.2957794785,334508.84303563554,334742.4845966652,1.6989187748725607
1767759600,334742.4845966652,333851.15330920334,333389.55303374043,333800.9761928228,2.2410479963205403
1767759900,333800.9761928228,333854.5281395847,333517.04871899594,333745.4947502818,4.5159268396753465
1767760200,333745.4947502818,333088.01591563475,332588.9368711415,332741.10745889816,2.869081547788482
1767760500,332741.10745889816,333637.5544625954,332547.6853597009,333246.91118507576,10.008448452617177
1767760800,333246.91118507576,333456.63210887293,333255.8336725944,333301.85677112435,2.9942781483261363
1767761100,333301.85677112435,332513.2125886441,332133.795116509,332330.24752890196,2.8006343365476183
1767761400,332330.24752890196,332229.7988923133,332089.2006002928,332124.72847067367,2.866499100933331
1767761700,332124.72847067367,331918.67967874144,330981.0115796851,331625.10898672516,1.9760416036248125
1767762000,331625.10898672516,331896.88483177335,331257.009100767,331836.8015503322,2.6407994513853628
1767762300,331836.8015503322,333160.0581673193,332694.94020587683,332726.4231276223,4.777388286269562
1767762600,332726.4231276223,331672.885680139,330939.7512355626,331478.58427047706,2.877682647771323
1767762900,331478.58427047706,331691.57943240355,330723.77569410286,331554.841634217,1.8280871282604256
1767763200,331554.841634217,331533.9042799238,331350.06262914295,331448.65602686786,1.7116497812409102
1767763500,331448.65602686786,331973.5608107814,331847.38712133013,331893.68555902084,2.1703730260120917
1767763800,331893.68555902084,332037.8192871331,331940.6268980251,332035.20278840995,2.8205494804868017
1767764100,332035.20278840995,331643.7939437076,331500.63506222185,331535.84220930084,4.937174814668899
1767764400,331535.84220930084,331378.73482360767,330297.7447291569,331324.2865787579,1.3906283276921676
1767764700,331324.2865787579,330866.9609832993,330711.3976707455,330796.80118055065,2.3165681876004682
1767765000,330796.80118055065,331837.98765142274,331339.56996559247,331508.68061954237,2.9216689456039338
1767765300,331508.68061954237,331859.5976165741,331307.5313624972,331522.8106126085,1.086701668192944
1767765600,331522.8106126085,333245.470665652,332685.13827570376,332783.3867719112,1.7917644462664113
1767765900,332783.3867719112,333275.4919786291,332663.74235895596,332743.01294978004,1.934900163638681
1767766200,332743.01294978004,332676.04658694204,332135.1745216338,332271.5781457484,1.8257937300782878
1767766500,332271.5781457484,331318.4740564618,330663.1110017217,331265.6496055576,2.9920081155075966
1767766800,331265.6496055576,330365.6964129397,329682.45849974523,330071.01313318865,2.508588376781697
1767767100,330071.01313318865,329194.25055371446,328980.26532089274,329025.2584218916,2.0592811152148145
1767767400,329025.2584218916,329212.46905488765,328442.4922840729,329201.0412526525,3.366862538624959
1767767700,329201.0412526525,330184.67984599754,329417.0213367169,329535.9868673696,6.433619954885213
1767768000,329535.9868673696,328709.02385389264,327605.94040953263,328493.8683905303,6.169564539566067
1767768300,328493.8683905303,329348.71674367966,329005.9910078692,329081.8975868275,1.0393693281500263
1767768600,329081.8975868275,329090.71052469127,328401.2661092862,328763.9642917509,3.6274723808329417
1767768900,328763.9642917509,328998.6691913563,328386.286919497,328860.4847968523,2.486779139702555
1767769200,328860.4847968523,330203.4527605416,329848.63534471137,329920.8761116674,2.9375552019082267
1767769500,329920.8761116674,330544.92943217454,330234.41544050287,330512.64813731087,2.2274523383937015
1767769800,330512.64813731087,330752.85084778164,329530.67333985865,330335.1425862201,2.8828930319808577
1767770100,330335.1425862201,330337.62868739467,329520.7580379457,329746.3583645115,2.9320554564064736
1767770400,329746.3583645115,328452.94109538913,328059.74518031155,328327.2517795895,2.035057596262098
1767770700,328327.2517795895,327895.58166948357,327797.2647044469,327855.01651375944,1.7364038576671146
1767771000,327855.01651375944,327846.9025255392,327306.98945520696,327716.57629788463,2.1720081593908573
1767771300,327716.57629788463,327456.806445482,326982.7949862535,327069.54610822594,3.0560695581756776
1767771600,327069.54610822594,327114.44626420666,326972.66021407204,326983.6857949251,3.6674557695093726
1767771900,326983.6857949251,327122.0129439731,326946.1052005709,327033.9444188254,4.164825960994833
1767772200,327033.9444188254,326901.5482837632,326522.45260235626,326886.87334151164,2.123158818537732
1767772500,326886.87334151164,326521.49835551064,326071.1728740248,326461.9187188931,3.1327846815768767
1767772800,326461.9187188931,326790.87826080335,326377.10822856723,326572.0373745154,4.398445996718772
1767773100,326572.0373745154,327243.67681525956,326313.370050806,326860.6882911723,4.868556310055792
1767773400,326860.6882911723,326531.4775350104,326112.3133489206,326147.8711052423,2.6394843416157605
1767773700,326147.8711052423,327227.68176579924,327056.9732180901,327068.21628909773,2.433995479980662
1767774000,327068.21628909773,327390.2089913112,326951.21285691526,327003.72619995073,2.9908634258939193
1767774300,327003.72619995073,327173.31866065605,326570.6148301614,327016.0539938316,1.5298141593522705
1767774600,327016.0539938316,327545.571447758,327401.8168785082,327479.24896598136,2.4674747135763377
1767774900,327479.24896598136,327805.08286880865,327592.8046367321,327631.99585300725,3.9443855941329335
1767775200,327631.99585300725,328596.654528256,327894.4244672175,328256.5519683865,3.7470676148889455
1767775500,328256.5519683865,328912.4218196812,328175.546006762,328445.05274529837,2.374688326239624
1767775800,328445.05274529837,328360.9909226138,327982.28744167514,328042.74869366444,3.030898470680757
1767776100,328042.74869366444,328410.4361476086,328142.03924260865,328279.92591380654,1.7997987081705176
1767776400,328279.92591380654,327934.3687036318,326905.1650046264,327529.0012045968,3.864166765191879
1767776700,327529.0012045968,327724.5260295066,327126.92450868496,327600.11410860484,2.6145428972004146
1767777000,327600.11410860484,327895.452635521,327176.1804441197,327578.34181115095,2.367949223828642
1767777300,327578.34181115095,327543.6004345237,327248.3834115296,327441.99266113434,2.268543695885418
1767777600,327441.99266113434,327558.9189858443,327240.50862703635,327357.8155033798,2.6341302893673775
1767777900,327357.8155033798,326357.2199780913,325735.51117875095,326125.7395180973,2.1728967333662172
1767778200,326125.7395180973,326086.7236155645,325281.2954415846,325767.83288543933,3.7775343861214754
1767778500,325767.83288543933,326275.27741557575,325136.28236740216,325828.3246499178,2.230795450195792
1767778800,325828.3246499178,326456.8500907328,325697.4997941329,325932.49613069603,6.028402486415939
1767779100,325932.49613069603,325531.98281761905,325085.2619925447,325262.59068290907,5.655368390984855
1767779400,325262.59068290907,326441.6801867357,325131.4238112438,326085.96550564375,1.7405971692636018
1767779700,326085.96550564375,325671.7671478596,325197.3870567872,325521.0705822903,2.8146900099106404
1767780000,325521.0705822903,326201.1315734953,325851.6947695363,326152.22807388863,1.9633882688292479
1767780300,326152.22807388863,326898.713880465,326246.3271299334,326430.8888597787,2.3086806597537706
1767780600,326430.8888597787,326180.0364117998,325929.7276656821,326008.99174946314,7.398029891029369
1767780900,326008.99174946314,327328.033719479,327012.69158470444,327166.5263777461,2.3308063751087342
1767781200,327166.5263777461,326808.50652367994,326185.6339958198,326385.49034574145,3.2547420282916644
1767781500,326385.49034574145,327347.5117285555,326665.5033152766,326985.48751705553,3.5632058061791723
1767781800,326985.48751705553,327759.5936176492,327187.17482255696,327639.839311188,1.6482025224257253
1767782100,327639.839311188,327249.900680808,326612.01894214906,327200.3955161066,1.7726086281040585
1767782400,327200.3955161066,328569.60057451256,327382.04537438037,328111.6259099536,1.4873392930210907
1767782700,328111.6259099536,328141.4711019003,327777.64011277136,327947.53957303724,1.745453894078515
1767783000,327947.53957303724,328374.4602413788,328038.12955950934,328136.8923038627,0.6537599429230206
1767783300,328136.8923038627,328371.8828657867,328100.42904210906,328307.7347022091,3.5690205428262156
1767783600,328307.7347022091,328367.8841223235,327811.43541925243,328219.54550488334,7.592014115973662
1767783900,328219.54550488334,329011.2881987527,328348.07461896684,328751.7917506995,2.926802029708774
1767784200,328751.7917506995,329275.83315505175,329163.27167194855,329273.51342793053,1.338923014561278
1767784500,329273.51342793053,328192.76914666744,327533.3978710164,328122.0228955921,1.9711395130652174
1767784800,328122.0228955921,329100.3214717545,328791.55490719504,328977.9884136667,2.1609794705170238
1767785100,328977.9884136667,328122.99288742366,327687.4699506891,327884.1418737111,1.6342886143233413
1767785400,327884.1418737111,328666.2363521953,328345.34383947455,328561.2529260221,4.1790808048044
1767785700,328561.2529260221,329846.17510110146,329071.8762522091,329301.6362288906,4.076056684621772
1767786000,329301.6362288906,328629.08675152704,328368.40528931125,328583.12216780934,1.5254265915280456
1767786300,328583.12216780934,328640.18759287405,328186.24218998424,328313.14888507477,3.9061042516299764
1767786600,328313.14888507477,328042.53291063005,327378.91904771264,327587.1141221797,5.8322702441249445
1767786900,327587.1141221797,327497.9618021429,327378.0889666619,327446.30340202677,7.037683745534593
1767787200,327446.30340202677,327603.68185476336,327126.64531974256,327244.57402667135,11.388522062110571
1767787500,327244.57402667135,328238.9226972898,327456.3850371725,327754.85338420706,1.731526995019305
1767787800,327754.85338420706,328856.7411143649,328196.0839130254,328613.773486152,11.157480984024675
1767788100,328613.773486152,329923.82317898696,329208.0943688483,329531.0553334664,2.277086570143566
1767788400,329531.0553334664,329473.2594215968,328628.0355447567,329160.5516873202,2.021353370177812
1767788700,329160.5516873202,329102.77061062277,328897.5318390399,329022.8165125466,3.2012334460823744
1767789000,329022.8165125466,328417.6329230486,327646.99694275175,327915.037361688,2.0318959708411097
1767789300,327915.037361688,327450.7831758557,327281.3370381075,327386.52353576047,3.3185305194537356
1767789600,327386.52353576047,328117.2454982495,327229.835133593,328018.2823795356,1.4048933692471341
1767789900,328018.2823795356,329135.92892528744,328619.93694080494,329078.16378517996,2.412403851094718
1767790200,329078.16378517996,328871.02358376957,328045.07835196087,328265.7692647229,5.169578293374616
1767790500,328265.7692647229,328168.71235816437,327384.82634703425,327876.7977931375,2.641823383406526
1767790800,327876.7977931375,327880.49062563694,327374.65102106787,327859.48212306754,2.917706590212368
1767791100,327859.48212306754,328219.11568819836,327494.6136677341,328043.1891079507,3.4474309530352754
1767791400,328043.1891079507,328231.2775240309,327270.5184856131,327512.01926677447,4.880905786645661
1767791700,327512.01926677447,327842.9320284906,327516.35216878005,327789.7894447041,1.188138318533789
1767792000,327789.7894447041,327525.9955346651,326737.0652313402,327479.1500450901,3.6410133141616012
1767792300,327479.1500450901,327747.9065800739,327354.8151820369,327469.6844103233,2.3772168921312087
1767792600,327469.6844103233,328054.60521806614,327752.8147262825,327827.46747090755,2.954469024748075
1767792900,327827.46747090755,328022.66359695606,327597.1169611025,327831.6782638026,4.618061761308944
1767793200,327831.6782638026,327807.5729841341,327087.2941043949,327545.55602607864,1.4961672542826219
1767793500,327545.55602607864,328098.5722356715,326975.89759834314,327473.75161773304,1.6383305716748753
1767793800,327473.75161773304,327544.5702319803,327268.2261909788,327415.878518223,1.0328118355352602
1767794100,327415.878518223,327501.29101904907,326844.2080603362,327173.58354540245,2.0655995621091043
1767794400,327173.58354540245,327459.9066151876,326490.46759275155,327004.241074942,5.286815988829413
1767794700,327004.241074942,328282.8653539174,327694.97943727963,328049.769884417,2.5592299328600014
1767795000,328049.769884417,328558.79203975736,328405.4594674871,328417.7888760586,1.3908812682383294
1767795300,328417.7888760586,328348.31362332747,327865.3504950575,328223.70689065155,2.1322134695299853
1767795600,328223.70689065155,328864.0065956152,328658.140692867,328681.2208070161,1.2918420534746469
1767795900,328681.2208070161,328504.5002477533,327633.30851669936,328461.78041217173,1.5486861853392446
1767796200,328461.78041217173,329781.94544826535,329182.4010352742,329232.43362638593,3.301607447347032
1767796500,329232.43362638593,329786.3801047061,329126.53825880174,329475.83002340264,1.5114407527941305
1767796800,329475.83002340264,329937.0395038135,329110.7185800503,329405.12309748447,4.741327465928485
1767797100,329405.12309748447,329806.25630505936,329572.1715129222,329700.0835956032,2.623317805406612
1767797400,329700.0835956032,329099.8697451709,328606.3588128711,328664.24759829254,2.8371424100391085
1767797700,328664.24759829254,328384.9190636332,326972.77222919965,327923.59123351757,2.3650839453961314
1767798000,327923.59123351757,327332.2319098141,326593.79330207914,327140.5588819938,4.000518266179963
1767798300,327140.5588819938,327475.18015025713,326939.1230049968,327234.08384981245,4.021198304418661
1767798600,327234.08384981245,328832.688167375,328201.89245489467,328367.95976703765,3.2140350605626495
1767798900,328367.95976703765,329905.41453226225,329804.73779544415,329833.33472030394,3.6052623894404934
1767799200,329833.33472030394,330587.61809939373,329838.90174498246,330254.2357653243,2.444780062858856
1767799500,330254.2357653243,330864.37278979656,330450.81170130864,330585.04778394446,3.5647770147561473
1767799800,330585.04778394446,329888.00949617685,329316.859567323,329394.2422697314,2.295753500451159
1767800100,329394.2422697314,329066.9553209908,328742.7357308721,329036.7350196054,2.7213166102517765
1767800400,329036.7350196054,328547.03953926574,328256.206863962,328518.3154323466,2.369498016471873
1767800700,328518.3154323466,328290.305188143,327495.7002503287,328110.39581811125,2.162771995846112
1767801000,328110.39581811125,328311.5234212865,327788.2042541255,328000.05634837085,1.9259976652332826
1767801300,328000.05634837085,327709.83465862885,327330.2185005462,327690.36487619847,3.4344096644194186
1767801600,327690.36487619847,326998.7935307921,325984.4330880079,326393.1699220755,5.234665557444484
1767801900,326393.1699220755,326954.6936869163,326828.66970109596,326881.3955206984,4.881980539722889
1767802200,326881.3955206984,326293.0734701943,325969.9757065401,326180.07604612055,1.4502229917573646
1767802500,326180.07604612055,326862.0638560953,326309.3952528374,326336.1511667797,5.178945818940666
1767802800,326336.1511667797,327775.9183362266,327115.6112950447,327689.84747807554,2.318500751986254
1767803100,327689.84747807554,327197.3293831235,326805.7679055299,327087.3014848942,3.6706417391091475
1767803400,327087.3014848942,325744.56560936477,325213.23460765625,325432.05164930224,1.7278750072121678
1767803700,325432.05164930224,325396.3226712511,325191.6976462866,325245.90176788863,2.9182670291659516
1767804000,325245.90176788863,326346.49658310635,325577.1090758553,325962.0669864789,3.1799376556183936
1767804300,325962.0669864789,327295.12926656805,327106.7938862571,327238.7609545899,1.2939474749681916
1767804600,327238.7609545899,326653.2590219511,326118.4839711867,326434.0483829482,3.6844954015522458
1767804900,326434.0483829482,327257.6244307869,326498.20687329565,326758.3274594877,5.327955088778024
1767805200,326758.3274594877,326743.9687588552,326420.6415078372,326454.23932627396,2.490979551163878
1767805500,326454.23932627396,326633.39373197977,325629.7953251396,326385.0647474495,5.366007047765769
1767805800,326385.0647474495,328130.9279850941,327562.13804937253,328111.2130965108,2.4723107837473606
1767806100,328111.2130965108,327251.95679880894,326980.4238907846,327124.9302611152,4.156994202039968
1767806400,327124.9302611152,327699.89103199303,326889.34209331346,327290.93939925695,0.8964749010062453
1767806700,327290.93939925695,328033.69686186756,327079.2816341436,327597.0828743324,9.110147386278353
1767807000,327597.0828743324,328423.20763535996,327899.8824389709,328308.48373968236,5.7415495056505215
1767807300,328308.48373968236,328626.5117203328,327640.05754799175,328372.8211407785,2.3577016039793595
1767807600,328372.8211407785,328699.7122762302,328141.1242102392,328575.1319902003,1.0140533190520127
1767807900,328575.1319902003,328721.66381978133,328064.49512134504,328317.7600307315,3.139345014812803
1767808200,328317.7600307315,328690.5810966572,328494.1137290575,328494.4783397585,1.320535355154801
1767808500,328494.4783397585,329053.6676406286,327762.0150423878,328269.00480473903,3.3954176370584217
1767808800,328269.00480473903,328812.57789120165,328515.09070637304,328677.0903761343,3.339372314650161
1767809100,328677.0903761343,328734.14142280765,328160.3417369116,328434.1254764868,1.6977407820697088
1767809400,328434.1254764868,328858.5399334319,328484.2513768177,328681.83075266297,4.761122747755186
1767809700,328681.83075266297,328803.32324542303,328279.40129386284,328662.5944423131,4.066519001897734
1767810000,328662.5944423131,329495.0062068924,328853.7391435704,329402.77563609544,4.427839061941824
1767810300,329402.77563609544,329790.1901343051,328876.5909523119,329368.91716569476,2.7303473945018193
1767810600,329368.91716569476,328370.0736851294,328156.1222018978,328200.9535973889,1.33942171727374
1767810900,328200.9535973889,329303.784421526,329020.9287774215,329029.2812771877,4.432377563361171
1767811200,329029.2812771877,329150.58638361876,328197.90981698345,328433.25638122304,2.374565089320908
1767811500,328433.25638122304,328190.94770939543,327738.26909921877,328003.81916619325,1.356774142824378
1767811800,328003.81916619325,327803.28877509414,327439.1328961963,327613.0608074418,5.344241804117446
1767812100,327613.0608074418,328714.4769346906,328231.718168638,328513.6285486299,7.765600286048796
1767812400,328513.6285486299,327140.8353973785,327070.1531651566,327110.4323777661,2.662793968141702
1767812700,327110.4323777661,329242.04815899977,328964.8656797824,329163.2129368425,8.000952341654646
1767813000,329163.2129368425,330226.84009180695,329711.4415263761,329858.44304147456,2.8452682868384844
1767813300,329858.44304147456,330067.2359246106,329327.9456122727,330005.7175227564,2.2473956297667526
1767813600,330005.7175227564,330210.9030040884,329701.3715438211,329969.4868546342,1.9833171534013656
1767813900,329969.4868546342,330782.0791108078,329462.8544656156,330157.9351177342,6.162861531371802
1767814200,330157.9351177342,330518.3370317112,330490.5099898259,330502.04052752873,1.840299001632188
1767814500,330502.04052752873,331182.96164728585,330473.3348654061,330928.53066300205,3.926053233517939
1767814800,330928.53066300205,331497.7645701328,330843.02182801237,331296.26140213065,2.0552923127311047
1767815100,331296.26140213065,331475.93729455245,331313.89875949896,331355.6168917181,2.159435011460735
1767815400,331355.6168917181,331327.88586029666,330942.9250616907,331224.8385037233,4.549989143812707
1767815700,331224.8385037233,331750.33698390255,330719.3787306056,331124.6275658272,2.247866573523894
1767816000,331124.6275658272,331662.596795333,330883.6879179254,330995.54970234464,2.220211164022788
1767816300,330995.54970234464,332174.26167572226,331549.6218274298,331746.09541524184,4.789386618294874
1767816600,331746.09541524184,332271.8400840975,331815.84230631765,332139.9156652902,6.041779855561788
1767816900,332139.9156652902,330550.6295793417,330186.42534051475,330186.674799009,3.752209631965082
1767817200,330186.674799009,330734.72494798584,330393.0560072596,330619.8141918099,1.9593545586308347
1767817500,330619.8141918099,330777.2566219376,330036.2381486652,330748.5814808386,2.1058006483984273
1767817800,330748.5814808386,330853.83829005726,330588.3726544298,330736.2056915271,2.8290971482566194
1767818100,330736.2056915271,330542.52380032215,330268.1721135563,330479.2114534956,3.191417038829999
1767818400,330479.2114534956,331389.8814799075,330674.59036342934,331222.2032240672,1.6587545421046708
1767818700,331222.2032240672,332330.1750614119,331643.1153629805,331849.886828862,3.9021159987765
1767819000,331849.886828862,331525.161666491,331257.4543669727,331336.9280956624,2.837026977141645
1767819300,331336.9280956624,331954.74377013766,331445.4073664716,331606.6710044427,1.1527447533582205
1767819600,331606.6710044427,331413.212168956,330631.80905779614,330962.2552942421,1.7083649760823898
1767819900,330962.2552942421,330590.5354974458,329513.2978835036,330049.05221571523,2.1126343231992983
1767820200,330049.05221571523,330674.38671186054,328978.93126423046,329635.3573637489,2.6210399213793556
1767820500,329635.3573637489,330574.8902451934,330074.1665479249,330203.90812466294,6.991110390314591
1767820800,330203.90812466294,330913.7128268296,330307.2007991717,330833.3593544923,3.0620531440258723
1767821100,330833.3593544923,331862.3854642175,330984.36446928605,331172.85090082546,1.7853492512396774
1767821400,331172.85090082546,331836.5686193997,331388.74978140846,331653.1149786387,3.035315588550627
1767821700,331653.1149786387,332177.4992839308,331981.9124198647,331995.4992522507,2.279500012769076
1767822000,331995.4992522507,332207.3173255895,331425.3480380562,331569.56124731636,3.19753154443927
1767822300,331569.56124731636,332113.046599211,331725.2391460084,331855.9859845771,3.633817845023701
1767822600,331855.9859845771,332948.6902354574,332208.480091185,332387.2273689488,4.975945105942043
1767822900,332387.2273689488,333045.53933204827,332786.6673920144,332888.6609764391,2.6854726665873265
1767823200,332888.6609764391,334339.3937162973,333347.0973199773,333680.2125369335,6.168651545069808
1767823500,333680.2125369335,334403.88855927234,333979.55029883306,334152.90649348305,4.280249624045565
1767823800,334152.90649348305,335078.31991173676,334099.0280803768,334387.781373547,1.9084286890670596
1767824100,334387.781373547,335113.0079356517,335046.0117377862,335103.471701401,8.20651074793189
1767824400,335103.471701401,335781.94199113204,334699.46107626276,335085.6969693045,3.2011088219168053
1767824700,335085.6969693045,334601.8277197858,334087.47470073885,334494.6898050121,1.790397653571975
1767825000,334494.6898050121,334935.1217281934,334229.12385541626,334385.59973796847,6.211836131643726
1767825300,334385.59973796847,334007.8461004241,333496.68828491686,333887.4303027085,7.682068083374962
