timestamp,open,high,low,close,volume
1780560000,279.27,280.41,276.01,279.46,236.1893
1780563600,279.46,279.46,273.89,277.07,405.1852
1780567200,276.97,277.0,273.4,273.98,170.1417
1780570800,273.95,276.64,272.9,276.64,224.6424
1780574400,277.23,283.41,276.46,283.02,275.1663
1780578000,282.34,284.21,279.37,283.28,202.4515
1780581600,283.86,284.32,280.64,281.29,286.5424
1780585200,280.73,283.89,280.07,280.26,770.2528
1780588800,280.75,280.75,278.62,279.67,128.5272
1780592400,279.97,280.5,276.4,279.56,175.9917
1780596000,277.92,281.22,277.13,281.22,195.2516
1780599600,279.47,280.46,278.64,278.84,306.733
1780603200,277.23,278.2,276.22,276.55,99.9453
1780606800,277.24,277.24,273.28,273.49,79.4288
1780610400,274.33,274.94,273.0,274.94,35.0105
1780614000,276.05,277.63,274.29,277.63,119.0483
1780617600,277.65,278.03,275.35,275.35,98.3304
1780621200,275.4,277.08,273.15,276.97,219.2752
1780624800,276.91,276.91,271.94,271.94,290.1873
1780628400,271.95,273.39,271.07,271.58,243.8109
1780632000,271.48,275.0,268.0,274.91,1780.7249
1780635600,275.0,275.0,268.17,268.17,148.1214
1780639200,268.4,269.38,260.46,264.54,1299.5682
1780642800,264.13,268.76,261.0,267.92,630.4514
1780646400,267.25,267.42,264.23,264.58,209.9892
1780650000,265.77,269.75,265.77,269.74,391.8315
1780653600,269.97,270.5,268.26,268.93,243.1349
1780657200,268.56,270.29,267.48,268.45,278.361
1780660800,268.13,268.78,265.82,267.2,153.2396
1780664400,267.45,271.11,262.0,262.01,349.0931
1780668000,262.32,267.14,261.61,265.78,407.0134
1780671600,265.52,265.54,261.02,262.35,814.827
1780675200,261.01,270.24,260.0,270.24,557.0353
1780678800,269.96,270.31,265.16,266.0,77.512
1780682400,266.74,269.99,258.0,263.99,265.2094
1780686000,258.75,270.0,253.05,260.44,147.2008
1780689600,262.51,270.0,257.0,270.0,12.9657
1780693200,262.13,266.07,262.13,266.07,294.8843
1780696800,264.92,264.92,260.62,263.16,15.5272
1780700400,264.83,265.43,257.0,259.95,33.885
1780704000,260.25,265.45,260.25,265.0,82.1479
1780707600,265.41,265.62,261.84,262.46,338.1703
1780711200,261.66,261.94,260.14,260.52,120.5502
1780714800,260.27,260.27,257.06,257.62,360.3938
1780718400,257.66,257.66,248.0,249.47,1286.9716
1780722000,249.4,256.87,247.31,255.86,249.8313
1780725600,256.24,258.5,253.76,253.82,44.4615
1780729200,254.01,257.83,253.39,256.47,76.8651
1780732800,256.68,259.47,255.94,258.5,104.5843
1780736400,258.0,259.19,255.65,256.15,91.4194
1780740000,256.15,256.15,250.11,252.37,406.5924
1780743600,252.17,255.79,252.17,254.99,210.5468
1780747200,255.43,257.67,253.56,257.64,47.2521
1780750800,256.93,257.49,254.3,255.38,40.7493
1780754400,255.04,257.23,255.04,255.81,225.3598
1780758000,255.0,255.0,251.5,254.24,61.0553
1780761600,253.91,254.59,252.19,254.3,23.0825
1780765200,254.49,254.87,251.77,251.77,152.553
1780768800,252.66,254.48,252.06,252.97,30.3281
1780772400,252.86,254.52,251.71,251.96,942.5331
1780776000,251.94,253.16,251.23,252.77,23.1063
1780779600,252.77,254.36,252.35,253.45,6.3744
1780783200,252.55,253.23,250.86,252.49,24.7781
1780786800,252.84,254.03,252.78,253.85,187.4463
1780790400,254.36,255.47,253.0,253.65,86.5969
1780794000,253.76,260.34,253.76,260.0,152.2216
1780797600,259.66,260.11,257.82,259.32,147.8084
1780801200,259.32,261.53,259.11,260.47,281.3783
1780804800,260.47,261.91,258.64,261.48,130.7678
1780808400,261.44,262.95,261.01,262.67,299.887
1780812000,262.53,265.61,262.01,264.82,211.303
1780815600,264.69,265.81,264.06,265.13,264.7589
1780819200,265.17,268.34,263.29,268.34,201.347
1780822800,268.74,269.41,265.1,265.25,199.7249
1780826400,265.49,265.49,263.18,263.31,88.2977
1780830000,263.58,265.55,263.58,265.15,13.2064
1780833600,265.04,265.04,260.03,262.61,182.0365
1780837200,262.58,262.85,261.9,262.63,86.554
1780840800,262.64,266.69,262.64,265.11,64.5659
1780844400,265.15,266.23,263.62,265.21,86.7865
1780848000,265.47,266.57,265.2,265.2,51.2846
1780851600,266.03,267.44,266.03,266.4,52.5899
1780855200,266.61,267.87,265.0,265.0,14.4566
1780858800,264.66,264.66,260.0,261.06,104.4188
1780862400,261.97,263.75,261.97,263.75,2.5967
1780866000,263.99,264.15,263.99,264.15,0.094
1780869600,263.26,274.99,263.26,268.41,615.2539
1780873200,269.15,270.97,268.22,269.83,127.7383
1780876800,269.34,272.5,269.22,272.0,58.6576
1780880400,272.19,272.19,267.03,269.47,1414.268
1780884000,270.0,271.39,269.78,270.95,31.2332
1780887600,271.21,272.24,270.38,271.14,201.1217
1780891200,271.06,271.1,267.51,267.51,75.4945
1780894800,267.5,267.5,265.77,266.7,374.5501
1780898400,267.39,268.98,267.3,268.24,123.918
1780902000,268.2,270.67,267.09,270.07,1445.9014
1780905600,269.86,269.86,268.0,268.15,114.737
1780909200,268.36,271.07,268.36,271.06,113.9574
1780912800,271.47,271.47,269.1,270.63,28.3681
1780916400,270.66,273.84,270.66,272.89,96.8907
1780920000,271.99,274.28,270.35,274.21,108.5783
1780923600,274.95,275.19,272.33,273.58,121.906
1780927200,272.73,275.36,272.73,275.34,182.4965
1780930800,275.38,277.1,275.0,275.0,164.078
1780934400,274.55,276.97,274.5,274.5,22.2796
1780938000,273.67,275.25,272.82,275.1,113.717
1780941600,276.0,276.54,274.94,276.0,116.8592
1780945200,275.58,275.95,274.91,275.06,5.3808
1780948800,273.76,274.35,273.75,274.35,5.9936
1780952400,277.0,277.41,275.93,277.41,3.8395
1780956000,275.0,275.0,273.03,273.03,18.1074
1780959600,274.61,274.61,272.5,272.6,175.8298
1780963200,272.6,272.6,266.51,266.94,162.7738
1780966800,266.99,269.16,266.99,268.96,225.191
1780970400,268.84,269.16,267.28,268.44,92.5611
1780974000,268.36,268.85,267.99,268.85,51.3928
1780977600,268.45,273.71,268.45,273.28,83.0474
1780981200,272.98,274.07,271.89,273.58,55.1795
1780984800,273.51,274.0,273.5,273.5,115.0698
1780988400,273.53,274.06,271.39,272.56,114.5215
1780992000,271.59,271.63,270.68,271.32,83.5597
1780995600,271.2,271.67,269.3,269.34,75.6528
1780999200,269.31,269.71,269.01,269.71,69.3142
1781002800,270.26,270.26,268.62,268.93,203.7185
1781006400,270.31,270.31,269.11,269.11,21.3217
1781010000,269.48,269.48,267.79,268.91,147.12
1781013600,268.0,268.0,263.01,264.6,574.1566
1781017200,264.72,265.99,262.29,262.29,1747.4797
1781020800,262.3,262.79,259.89,261.39,1083.8029
1781024400,261.57,265.41,261.57,264.0,41.9062
1781028000,264.5,266.25,264.5,265.29,14.7509
1781031600,266.07,267.47,265.72,267.47,8.7653
1781035200,267.06,267.17,267.06,267.17,25.3966
1781038800,267.45,267.45,264.67,264.67,12.4754
1781042400,264.55,265.82,264.55,265.78,63.4902
1781046000,265.2,265.2,264.77,264.94,4.7258
1781049600,265.07,265.23,262.11,264.41,2383.0865
1781053200,265.62,265.62,263.37,265.44,787.4183
1781056800,265.44,265.44,261.88,261.88,15.082
1781060400,262.38,263.3,262.38,262.72,68.1898
1781064000,262.21,262.51,261.17,261.52,27.0072
1781067600,261.36,261.63,260.36,261.13,12.4219
1781071200,260.66,261.77,260.23,261.77,57.2674
1781074800,261.24,263.27,261.24,262.99,12.7344
1781078400,262.74,262.74,259.05,259.16,132.3104
1781082000,259.47,259.63,257.8,258.8,105.7369
1781085600,258.8,259.29,258.47,259.11,84.2763
1781089200,258.99,259.26,257.06,259.26,134.1194
1781092800,259.26,262.65,258.39,262.0,67.5803
1781096400,261.2,266.55,261.2,265.63,161.4726
1781100000,264.9,265.55,263.4,264.56,306.4432
1781103600,265.7,267.29,263.43,266.66,112.9242
1781107200,266.1,266.75,262.03,263.32,261.4554
1781110800,263.63,264.18,259.99,261.27,52.0617
1781114400,260.39,260.67,259.0,259.49,7.4821
1781118000,259.98,260.55,259.11,259.37,3.4339
1781121600,259.26,259.36,257.82,257.82,15.5921
1781125200,257.8,257.8,254.96,255.23,219.8241
1781128800,255.01,256.77,254.69,256.52,75.8226
1781132400,256.17,257.91,255.32,257.91,6.5941
1781136000,258.45,260.01,258.45,260.0,14.9187
1781139600,260.43,265.36,260.43,264.96,126.1291
1781143200,264.78,264.88,263.26,263.4,29.0297
1781146800,263.62,266.82,262.98,266.17,192.3319
1781150400,265.73,266.51,265.01,265.89,67.7267
1781154000,265.83,265.83,265.22,265.23,13.0569
1781157600,265.0,266.2,264.7,265.5,12.997
1781161200,265.11,265.53,264.3,265.07,99.0286
1781164800,265.16,266.32,265.16,266.03,87.1545
1781168400,265.77,266.61,265.02,266.61,171.0129
1781172000,266.47,267.13,266.05,267.13,531.509
1781175600,266.97,268.77,266.66,268.77,28.8327
1781179200,267.8,267.97,264.75,265.63,93.6115
1781182800,265.42,267.51,265.42,267.51,122.7454
1781186400,266.9,267.58,265.73,267.58,6.3943
1781190000,266.03,268.1,265.5,266.69,20.8985
1781193600,267.36,267.94,266.62,266.89,29.4742
1781197200,266.38,273.0,265.59,272.72,418.9057
1781200800,272.96,273.61,272.0,272.29,95.829
1781204400,272.46,272.97,271.65,272.77,14.1565
1781208000,272.78,272.78,271.35,271.35,1.4461
1781211600,271.54,273.13,271.54,272.99,4.9909
1781215200,273.04,273.08,272.6,272.6,15.4571
1781218800,272.1,272.75,271.91,272.75,32.4637
1781222400,272.07,272.73,272.01,272.73,88.963
1781226000,272.38,272.38,270.81,270.83,73.0463
1781229600,271.02,273.48,271.02,273.04,205.2399
1781233200,272.7,272.7,271.93,272.45,128.8865
1781236800,272.23,272.8,272.22,272.49,47.7728
1781240400,272.24,272.24,271.03,271.6,80.935
1781244000,270.96,271.37,268.64,268.72,39.3777
1781247600,269.39,269.59,269.12,269.12,7.6461
1781251200,269.7,272.18,269.7,271.62,52.8488
1781254800,272.1,273.64,272.1,273.15,108.2148
1781258400,272.91,272.95,271.59,271.76,148.9936
1781262000,272.0,272.3,271.73,272.04,72.0764
1781265600,271.7,272.53,271.48,271.63,195.9601
1781269200,271.69,272.36,270.85,270.85,36.0677
1781272800,272.58,276.05,272.14,276.05,126.31
1781276400,276.43,279.71,273.51,273.51,725.5184
1781280000,274.11,276.61,273.83,276.54,62.8399
1781283600,276.57,277.0,273.82,273.82,44.9739
1781287200,274.27,274.27,273.16,273.86,1.0761
1781290800,273.49,273.69,272.02,272.02,3.6506
1781294400,271.69,271.79,270.94,271.68,28.4367
1781298000,272.09,272.33,272.09,272.33,2.1537
1781301600,271.0,271.52,270.96,271.35,20.7125
1781305200,271.42,272.12,271.37,272.12,5.4799
1781308800,272.72,273.11,272.56,273.11,39.6104
1781312400,273.42,274.9,273.41,274.54,21.2254
1781316000,274.38,274.46,272.58,272.75,41.6482
1781319600,273.11,273.11,272.56,272.56,75.7154
1781323200,272.54,272.61,272.01,272.01,44.0092
1781326800,272.0,272.18,271.68,271.68,88.283
1781330400,272.03,273.52,272.03,273.52,167.1737
1781334000,273.67,274.02,273.05,273.77,361.6507
1781337600,274.2,274.54,274.13,274.38,381.6414
1781341200,274.54,274.54,274.37,274.46,27.9082
1781344800,274.53,275.01,274.47,274.73,38.923
1781348400,274.78,276.57,274.74,276.23,110.2071
1781352000,276.45,276.72,276.27,276.72,24.5671
1781355600,276.75,277.84,276.48,277.1,55.0832
1781359200,277.04,278.17,277.04,277.99,37.0449
1781362800,278.5,279.63,278.5,279.46,70.5524
1781366400,278.5,278.5,276.81,277.08,22.8109
1781370000,276.96,278.06,276.7,277.91,16.7788
1781373600,277.69,278.32,277.69,278.3,1.7527
1781377200,277.56,278.06,277.19,278.06,24.2907
1781380800,277.62,277.99,277.62,277.73,1.4316
1781384400,278.44,282.78,278.44,282.78,146.3803
1781388000,281.66,281.67,280.77,281.0,5.3916
1781391600,280.62,281.77,280.53,280.53,182.4572
1781395200,280.42,280.6,280.03,280.16,32.2972
1781398800,281.05,281.28,280.63,280.63,53.8418
1781402400,280.55,281.45,280.55,280.91,39.1232
1781406000,280.9,281.1,280.59,280.9,22.8847
1781409600,281.01,281.13,279.29,279.29,82.2759
1781413200,279.43,279.43,277.74,278.37,688.7623
1781416800,278.27,278.91,277.76,277.77,23.5075
1781420400,277.78,277.83,277.52,277.79,23.7473
1781424000,277.83,278.24,277.62,277.84,23.4153
1781427600,277.83,278.67,277.02,278.67,55.0979
1781431200,278.75,278.98,278.27,278.27,11.2716
1781434800,278.0,278.0,277.04,277.66,4.1791
1781438400,277.31,277.31,275.88,275.95,58.833
1781442000,276.01,276.01,275.5,275.6,73.3619
1781445600,275.71,276.16,273.05,273.1,135.8366
1781449200,274.21,274.51,274.21,274.51,8.6998
1781452800,275.04,275.51,274.93,274.93,1.6888
1781456400,274.6,275.4,274.47,274.47,93.3096
1781460000,274.38,274.41,274.29,274.29,1.7174
1781463600,274.52,275.1,274.52,275.1,1.9899
1781467200,274.9,276.43,274.9,276.43,2.4785
1781470800,276.74,285.95,276.74,285.94,103.6102
1781474400,285.0,286.52,283.84,286.51,117.1776
1781478000,285.81,289.13,285.68,289.0,304.9306
1781481600,289.77,291.34,288.03,288.05,272.8803
1781485200,288.01,289.14,287.23,288.95,108.9896
1781488800,288.14,290.45,288.12,288.13,20.0905
1781492400,288.17,289.5,288.17,289.5,86.1201
1781496000,289.42,289.42,288.13,288.13,161.7774
1781499600,288.12,289.91,288.0,289.25,226.392
1781503200,288.99,290.05,288.99,290.05,37.7325
1781506800,289.25,289.99,289.25,289.85,24.3755
1781510400,289.4,290.44,289.4,289.51,80.0745
1781514000,289.59,289.92,288.5,289.31,49.9411
1781517600,289.52,292.07,289.52,291.56,50.653
1781521200,291.02,295.09,291.02,294.79,175.3889
1781524800,294.78,296.02,293.67,295.11,61.0393
1781528400,295.6,300.93,295.01,299.01,454.7349
1781532000,299.06,300.41,297.82,300.07,110.075
1781535600,300.07,305.53,300.07,305.51,146.5657
1781539200,305.5,308.87,305.5,307.52,147.9422
1781542800,306.31,306.31,304.17,305.88,149.8732
1781546400,305.88,307.25,305.88,306.8,1.7824
1781550000,306.0,307.32,303.24,305.11,12.8061
1781553600,305.0,305.0,304.45,304.45,11.3226
1781557200,304.43,304.62,302.55,303.06,12.9626
1781560800,302.68,302.68,300.0,300.11,138.6394
1781564400,300.16,300.96,299.84,300.96,51.0464
1781568000,300.91,301.94,300.42,301.36,79.3631
1781571600,300.81,302.15,300.81,301.59,39.3887
1781575200,301.0,301.0,297.04,297.25,293.836
1781578800,297.14,300.0,297.03,300.0,98.9397
1781582400,300.0,300.38,298.22,298.53,56.6398
1781586000,298.86,301.01,298.86,300.34,182.3754
1781589600,300.28,302.83,300.28,302.53,227.1429
1781593200,302.5,303.82,302.38,303.82,143.9347
1781596800,304.0,308.2,304.0,307.23,399.2188
1781600400,307.01,307.01,305.28,305.28,111.1023
1781604000,305.19,305.91,305.19,305.72,20.2843
1781607600,304.59,305.71,303.68,303.87,131.3989
1781611200,304.8,307.5,304.8,305.31,99.7342
1781614800,305.0,305.0,301.87,302.48,69.4482
1781618400,302.07,302.8,296.05,297.66,305.4251
1781622000,298.9,299.93,298.07,299.3,78.4028
1781625600,299.02,299.02,297.96,298.03,31.5981
1781629200,298.34,300.01,298.34,300.01,3.9205
1781632800,300.61,302.95,300.61,302.22,19.1194
1781636400,300.15,301.82,300.15,301.82,3.8318
1781640000,300.55,302.23,300.55,302.23,1.262
1781643600,300.92,301.24,300.92,301.24,4.0246
1781647200,300.92,301.95,300.56,300.56,12.1175
1781650800,300.91,300.91,299.45,299.45,9.9852
1781654400,299.78,300.12,299.07,299.07,5.6517
1781658000,299.87,300.23,299.0,300.23,101.7964
1781661600,301.32,303.16,300.21,301.8,96.6159
1781665200,301.81,302.33,300.12,301.06,118.1575
1781668800,300.59,301.3,300.55,301.2,43.6735
1781672400,301.53,301.53,300.38,300.38,13.6828
1781676000,301.02,301.02,299.06,299.68,101.8755
1781679600,299.5,300.06,297.75,298.03,31.2855
1781683200,298.01,298.01,295.09,295.09,132.9421
1781686800,295.59,296.07,295.11,295.79,28.7769
1781690400,295.85,295.99,294.51,294.51,240.7687
1781694000,294.22,294.76,293.22,294.53,173.307
1781697600,294.18,295.07,292.57,295.07,295.5124
1781701200,294.13,296.21,294.13,295.71,41.0032
1781704800,295.16,295.99,294.0,295.99,23.5878
1781708400,295.34,301.22,295.34,300.36,100.7413
1781712000,301.0,303.94,300.9,300.9,298.2292
1781715600,300.69,301.88,300.14,301.88,202.2562
1781719200,301.94,302.32,294.78,302.32,163.275
1781722800,299.61,299.61,292.35,292.65,119.856
1781726400,292.33,294.55,292.33,293.63,52.0444
1781730000,293.55,293.64,291.73,291.77,52.183
1781733600,291.77,292.9,289.46,292.9,423.728
1781737200,293.01,294.11,293.01,293.78,30.7079
1781740800,295.23,295.23,295.23,295.23,0.2348
1781744400,296.08,297.16,295.82,295.82,112.0691
1781748000,295.97,297.31,295.91,297.15,160.3661
1781751600,296.49,296.49,293.84,294.76,239.9494
1781755200,293.5,293.5,291.49,291.49,63.7481
1781758800,290.75,291.58,290.28,291.32,136.1581
1781762400,292.0,293.04,292.0,292.99,219.2864
1781766000,292.08,294.69,292.08,294.69,127.5906
1781769600,294.53,295.88,293.58,295.68,196.743
1781773200,295.33,297.14,295.22,295.63,125.701
1781776800,295.69,295.69,292.77,294.64,174.7179
1781780400,295.08,295.08,292.34,292.34,16.7159
1781784000,292.73,294.93,292.47,294.85,93.4371
1781787600,295.18,295.61,293.0,294.21,84.6028
1781791200,293.01,294.91,292.55,292.83,97.9954
1781794800,292.53,292.53,283.04,283.04,371.4767
1781798400,283.03,285.46,283.0,285.3,378.4212
1781802000,285.01,285.42,283.58,283.58,219.4045
1781805600,283.57,284.0,282.87,283.54,114.5693
1781809200,283.6,286.53,283.56,285.95,19.3282
1781812800,287.23,288.18,287.23,288.18,9.8225
1781816400,287.0,287.55,286.85,286.86,4.6315
1781820000,286.86,287.05,286.06,287.01,66.0918
1781823600,287.14,287.43,286.05,287.41,200.3427
1781827200,287.42,288.0,287.35,287.71,132.0053
1781830800,287.78,288.23,286.71,288.23,25.2709
1781834400,288.81,288.81,286.59,287.15,10.8756
1781838000,287.3,287.3,283.51,285.33,495.1321
1781841600,285.04,285.5,282.36,282.85,154.8346
1781845200,283.57,284.33,283.14,284.33,34.7043
1781848800,284.2,284.86,283.87,283.91,173.7971
1781852400,284.74,284.91,282.1,283.46,545.1196
1781856000,283.43,284.67,283.43,284.51,101.5172
1781859600,284.7,284.7,282.87,283.3,36.9882
1781863200,283.31,283.58,282.36,282.69,286.9709
1781866800,283.12,283.33,282.55,283.29,186.6765
1781870400,283.1,283.67,282.0,283.67,34.2223
1781874000,284.26,287.9,283.91,287.11,21.2359
1781877600,286.76,287.73,285.51,286.5,86.064
1781881200,285.87,288.13,285.87,287.22,71.9184
1781884800,287.04,287.85,285.5,285.5,5.0437
1781888400,285.74,287.86,285.74,287.86,133.3677
1781892000,287.47,287.47,286.24,286.24,3.1933
1781895600,285.89,286.37,285.51,286.37,7.9999
1781899200,285.5,285.81,285.5,285.81,2.248
1781902800,287.2,287.2,286.23,286.23,2.2571
1781906400,286.66,287.37,286.66,287.22,2.9492
1781910000,287.41,288.55,287.41,288.55,47.9369
1781913600,289.2,289.88,288.58,288.95,127.2689
1781917200,288.67,289.78,288.19,289.25,81.4141
1781920800,288.65,288.68,288.24,288.68,78.7049
1781924400,288.99,290.23,288.99,290.16,190.0169
1781928000,290.0,294.32,290.0,293.38,226.6525
1781931600,293.99,299.94,293.99,297.79,575.309
1781935200,298.21,299.71,297.74,298.93,156.4238
1781938800,298.97,298.97,296.93,296.98,133.2725
1781942400,297.0,297.12,296.25,296.29,43.8199
1781946000,296.32,296.32,296.0,296.15,1.0956
1781949600,297.18,297.44,296.42,297.44,271.2224
1781953200,297.6,298.33,296.77,298.33,11.8258
1781956800,298.04,298.45,296.67,296.92,60.6555
1781960400,296.88,296.89,294.41,295.66,9.8898
1781964000,295.65,299.1,292.8,298.65,147.2324
1781967600,298.46,300.42,298.01,298.88,260.5376
1781971200,298.11,298.11,296.85,297.5,131.8245
1781974800,296.93,297.22,295.88,295.88,56.3246
1781978400,297.38,298.29,297.38,298.11,2.1906
1781982000,298.13,298.29,297.62,298.29,3.167
1781985600,298.44,298.44,298.44,298.44,1.7036
1781989200,300.1,300.1,299.98,300.1,14.7512
1781992800,300.6,307.48,300.6,305.25,123.2986
1781996400,305.18,305.18,304.09,304.09,19.4927
1782000000,303.82,304.1,303.16,303.59,16.3945
1782003600,303.6,304.01,302.67,304.01,8.8545
1782007200,303.69,304.31,303.63,304.31,59.3364
1782010800,304.09,306.4,304.09,305.47,259.2636
1782014400,305.67,306.07,305.1,305.1,18.8945
1782018000,305.0,305.0,303.51,303.59,26.9811
1782021600,303.56,304.73,303.56,304.17,30.3596
1782025200,304.15,304.57,304.15,304.21,6.895
1782028800,304.04,304.04,302.43,303.42,201.1473
1782032400,304.13,307.0,303.72,307.0,130.1218
1782036000,307.4,308.78,307.1,307.93,95.4109
1782039600,306.9,307.22,304.0,304.0,18.2352
1782043200,303.67,305.84,303.12,305.76,82.5963
1782046800,306.17,306.17,305.14,306.09,37.6197
1782050400,306.87,307.36,306.18,307.32,39.5974
1782054000,307.37,307.97,307.16,307.37,101.8558
1782057600,307.37,309.79,306.79,309.45,341.5299
1782061200,309.03,309.35,308.65,308.76,11.1784
1782064800,306.96,308.71,306.96,308.71,3.2782
1782068400,308.0,308.45,308.0,308.45,13.5352
1782072000,308.83,308.83,305.0,305.04,6.8503
1782075600,303.89,303.89,300.92,303.84,45.0685
1782079200,303.44,303.44,302.07,303.26,29.4357
1782082800,302.67,302.67,300.5,300.62,148.9783
1782086400,300.85,304.9,300.85,303.28,203.3365
1782090000,304.46,309.87,304.13,308.35,72.4488
1782093600,308.24,310.0,305.34,306.07,390.9712
1782097200,305.12,306.71,304.31,304.69,185.3632
1782100800,304.7,305.47,304.62,304.74,29.3594
1782104400,307.0,307.0,306.59,306.59,48.7333
1782108000,306.42,307.09,305.68,305.96,173.6128
1782111600,306.11,308.43,306.11,307.64,94.1451
1782115200,307.88,308.17,306.03,307.0,54.3977
1782118800,307.0,307.28,306.05,306.58,65.0286
1782122400,306.35,306.35,305.84,305.84,33.5638
1782126000,307.02,308.66,306.45,308.15,306.1283
1782129600,308.04,308.72,308.02,308.72,8.4771
1782133200,308.55,310.94,308.55,310.94,192.1912
1782136800,310.5,310.5,304.46,305.23,77.2655
1782140400,305.84,306.35,303.85,303.85,82.9111
1782144000,303.58,303.58,302.02,303.3,319.446
1782147600,303.31,304.8,302.55,304.64,35.0219
1782151200,305.29,305.58,302.26,302.26,25.1985
1782154800,302.25,302.48,302.25,302.48,40.238
1782158400,302.87,303.24,302.41,302.53,20.808
1782162000,302.84,302.84,301.5,302.18,41.8184
1782165600,302.73,302.73,298.36,299.47,233.4695
1782169200,299.88,299.93,299.36,299.56,12.0939
1782172800,299.54,299.54,297.56,298.96,353.4851
1782176400,298.81,299.42,296.42,297.47,299.0218
1782180000,297.39,298.87,297.39,298.77,21.3526
1782183600,298.34,298.76,298.02,298.76,23.0574
1782187200,298.76,298.76,297.3,297.3,76.4147
1782190800,297.28,297.28,295.06,295.11,29.9292
1782194400,295.08,295.08,290.19,292.62,157.3477
1782198000,293.31,293.31,292.0,292.0,15.7882
1782201600,291.01,291.42,284.34,286.19,643.8904
1782205200,286.15,287.11,286.12,286.63,35.4216
1782208800,287.77,287.77,286.0,286.27,200.5622
1782212400,286.54,288.29,286.54,288.29,665.1642
1782216000,288.28,288.28,286.89,286.89,130.8883
1782219600,286.92,288.33,286.5,287.41,111.4043
1782223200,288.07,289.35,287.84,287.84,59.3501
1782226800,287.71,287.71,285.02,286.44,107.6144
1782230400,286.75,288.28,286.75,287.33,57.5767
1782234000,286.03,286.88,286.0,286.0,209.7129
1782237600,286.37,286.37,286.01,286.21,21.4853
1782241200,286.48,286.49,286.48,286.49,1.0208
1782244800,286.08,286.95,286.08,286.4,2.2932
1782248400,286.95,287.58,286.95,287.58,1.1921
1782252000,287.87,289.16,287.87,288.4,12.0748
1782255600,288.01,289.32,288.01,289.32,7.2028
1782259200,289.46,291.08,289.46,290.69,81.0191
1782262800,290.21,291.32,289.34,290.91,23.8335
1782266400,290.53,290.53,288.53,288.54,167.1021
1782270000,288.43,289.56,287.52,288.83,64.6579
1782273600,288.35,289.04,286.91,288.68,202.2934
1782277200,288.71,290.98,288.7,290.23,42.473
1782280800,289.8,290.36,289.47,289.47,62.3108
1782284400,289.52,289.52,287.81,287.81,37.2586
1782288000,288.25,288.49,287.89,288.32,49.2466
1782291600,287.95,288.21,287.55,287.81,29.7358
1782295200,287.55,287.55,287.0,287.09,7.9747
1782298800,287.03,291.9,286.36,290.59,70.3438
1782302400,290.0,290.26,288.78,288.78,9.0668
1782306000,288.66,288.66,285.0,286.66,327.4631
1782309600,286.59,288.34,285.94,286.29,147.1474
1782313200,286.12,286.12,280.51,280.51,390.3183
1782316800,280.51,282.69,276.53,277.41,960.2097
1782320400,277.41,278.19,270.02,270.07,1426.6147
1782324000,270.07,276.34,270.07,275.21,294.2681
1782327600,275.15,275.65,273.41,275.65,221.2404
1782331200,275.64,282.77,275.64,282.77,58.061
1782334800,282.25,283.26,282.25,283.26,6.0162
1782338400,284.2,285.27,283.03,283.36,16.5259
1782342000,283.58,284.17,283.19,283.66,3.5861
1782345600,284.22,284.75,282.53,282.53,19.0512
1782349200,282.02,283.04,280.06,280.06,259.8049
1782352800,281.21,282.13,280.0,280.33,238.6198
1782356400,280.34,280.34,279.49,279.9,63.2861
1782360000,279.9,283.63,279.66,283.63,206.9656
1782363600,282.79,287.33,282.79,285.49,93.7288
1782367200,285.41,287.49,285.41,286.96,84.2351
1782370800,287.0,287.11,286.46,287.11,40.5731
1782374400,286.86,286.91,285.63,285.69,160.411
1782378000,285.67,286.28,285.3,285.43,27.5983
1782381600,285.01,285.01,282.47,283.03,107.3117
1782385200,282.82,282.82,281.81,281.81,44.2958
1782388800,282.18,284.51,280.8,282.46,73.2229
1782392400,282.54,282.77,266.85,266.85,1314.5989
1782396000,266.86,278.52,266.86,275.73,917.3615
1782399600,275.93,275.93,271.41,274.74,297.8516
1782403200,274.73,278.12,273.0,273.37,422.233
1782406800,273.98,278.99,273.57,277.75,322.3102
1782410400,278.31,278.31,273.16,274.3,159.3504
1782414000,274.15,274.22,272.69,273.57,895.2715
1782417600,275.46,275.84,275.0,275.0,633.5465
1782421200,274.94,277.88,274.94,277.87,92.5524
1782424800,277.12,277.89,277.12,277.66,4.0173
1782428400,277.89,283.5,277.45,280.01,766.5916
1782432000,280.1,281.3,279.87,280.0,45.328
1782435600,279.93,280.24,276.77,277.35,1232.9838
1782439200,277.5,277.5,272.7,273.09,990.9564
1782442800,273.58,281.44,273.58,281.44,317.8295
1782446400,281.03,281.09,280.58,280.89,257.659
1782450000,280.73,282.15,280.6,282.15,192.258
1782453600,281.67,287.56,280.82,287.33,391.8353
1782457200,287.69,291.54,287.69,290.69,88.0624
1782460800,291.1,291.1,286.86,287.18,49.9069
1782464400,287.12,287.12,284.43,284.56,44.2492
1782468000,284.05,284.25,282.19,282.81,123.0103
1782471600,283.04,283.07,281.64,281.64,20.7117
1782475200,282.53,286.11,281.67,283.69,91.8325
1782478800,283.65,291.76,281.26,290.7,116.9189
1782482400,290.8,295.44,289.56,290.38,528.3317
1782486000,289.95,296.95,289.95,296.48,215.0277
1782489600,296.95,301.75,296.95,298.61,464.9159
1782493200,298.13,299.14,297.21,297.8,79.38
1782496800,298.75,300.0,298.0,298.23,74.4823
1782500400,298.69,303.19,298.69,301.5,64.1799
1782504000,301.95,302.38,297.8,297.8,78.1865
1782507600,296.31,296.59,295.5,296.2,33.4257
1782511200,295.0,295.5,294.8,295.5,1.3755
1782514800,295.15,296.14,294.85,295.88,111.808
1782518400,295.84,297.71,294.82,295.48,90.7756
1782522000,294.99,294.99,294.0,294.0,4.8486
1782525600,293.85,297.16,293.85,296.74,87.3257
1782529200,296.17,297.69,295.66,297.33,71.8324
1782532800,297.2,297.81,295.86,295.86,23.3531
1782536400,295.73,295.97,293.98,295.23,255.3896
1782540000,295.12,296.96,295.12,296.96,49.4532
1782543600,296.3,297.0,296.04,296.98,8.3698
1782547200,296.85,296.96,296.0,296.08,10.4968
1782550800,296.0,296.0,294.99,294.99,25.7101
1782554400,295.46,296.0,295.33,295.89,17.6777
1782558000,295.45,295.45,294.19,295.11,73.7631
1782561600,295.04,296.32,294.77,296.32,4.4199
1782565200,296.44,297.73,296.44,297.51,23.1468
1782568800,297.95,299.0,297.95,298.82,4.9632
1782572400,298.81,300.0,298.81,299.28,5.0449
1782576000,299.05,299.13,298.64,298.86,115.2097
1782579600,298.02,298.02,296.26,296.6,75.7658
1782583200,296.5,296.56,295.07,295.76,4.0849
1782586800,295.0,295.0,292.05,292.05,52.293
1782590400,292.05,292.05,292.05,292.05,0.0
1782594000,293.76,294.02,291.5,291.5,25.7901
1782597600,291.5,291.5,289.19,291.15,54.1841
1782601200,291.85,291.92,290.0,290.0,21.4683
1782604800,289.91,290.8,289.38,290.8,44.9309
1782608400,290.48,291.41,289.87,291.15,21.8141
1782612000,291.5,291.5,290.0,290.67,22.3186
1782615600,291.34,291.34,290.82,291.12,17.386
1782619200,290.83,291.31,290.13,290.53,51.5467
1782622800,290.55,290.55,288.47,289.62,35.6997
1782626400,289.83,289.83,288.78,288.78,33.1918
1782630000,290.32,291.93,290.32,291.93,29.5413
1782633600,292.09,295.76,292.08,295.2,96.1947
1782637200,295.5,295.5,293.98,294.0,37.2201
1782640800,293.86,293.86,292.89,292.9,152.4709
1782644400,292.9,295.54,292.9,295.54,207.0033
1782648000,294.92,296.36,294.5,294.86,54.3784
1782651600,293.29,294.64,293.18,294.64,11.5175
1782655200,295.5,295.5,294.67,294.7,9.8018
1782658800,294.0,295.0,293.69,294.8,35.3667
1782662400,294.94,295.08,292.66,292.66,5.3435
1782666000,293.8,294.7,292.55,293.99,34.0857
1782669600,292.92,292.92,291.82,291.88,247.6517
1782673200,291.81,291.81,289.05,289.05,35.8142
1782676800,290.56,291.93,290.56,291.72,275.3819
1782680400,291.34,291.34,290.52,290.52,0.3386
1782684000,290.97,293.06,287.05,287.37,99.5717
1782687600,288.42,293.95,288.42,293.95,68.2294
1782691200,293.08,293.08,289.76,293.02,572.0373
1782694800,292.48,292.64,290.83,292.25,54.7484
1782698400,292.28,293.96,288.54,293.96,334.6032
1782702000,294.0,298.3,294.0,295.9,103.8989
1782705600,295.54,295.54,292.34,292.34,30.1959
1782709200,291.99,294.1,290.0,294.1,46.8837
1782712800,295.17,296.63,295.1,295.1,17.3504
1782716400,294.29,296.7,294.08,296.39,33.7139
1782720000,295.9,296.99,295.55,296.68,856.8399
1782723600,297.02,297.05,297.0,297.05,3.351
1782727200,297.61,299.93,297.61,298.34,122.695
1782730800,298.0,298.0,294.73,294.73,88.5893
1782734400,294.57,302.0,294.24,299.87,297.7129
1782738000,300.1,302.15,298.0,300.18,843.8579
1782741600,300.4,301.2,295.94,301.2,102.7043
1782745200,300.48,303.05,297.71,301.63,107.5612
1782748800,301.21,302.17,298.39,302.17,83.2202
1782752400,302.08,310.49,302.08,307.12,724.9784
1782756000,306.54,308.16,306.5,307.6,36.3238
1782759600,307.43,309.58,307.43,308.75,179.8231
1782763200,307.86,307.86,307.15,307.15,10.7766
1782766800,306.72,307.66,306.72,307.57,5.3794
1782770400,307.45,307.62,305.62,306.17,88.4978
1782774000,306.37,306.71,305.13,305.5,129.0023
1782777600,305.43,305.43,302.11,303.0,337.8101
1782781200,302.53,303.2,301.12,302.45,530.8746
1782784800,301.84,304.14,301.55,303.9,12.2883
1782788400,303.86,304.57,302.46,302.46,103.4874
1782792000,302.47,302.47,300.72,302.0,107.9758
1782795600,302.12,302.76,301.57,302.76,72.9583
1782799200,302.77,302.77,302.26,302.55,40.3285
1782802800,302.85,302.85,301.62,302.48,95.6019
1782806400,302.49,302.71,299.05,300.77,260.8258
1782810000,301.3,301.69,300.87,301.69,48.0227
1782813600,301.75,301.88,300.16,301.78,104.1582
1782817200,301.42,301.5,300.47,301.46,21.027
1782820800,300.46,300.46,296.06,296.12,156.2503
1782824400,296.11,298.55,295.51,298.55,558.827
1782828000,298.75,302.32,298.75,299.0,327.9608
1782831600,299.0,303.0,298.04,300.97,211.6804
1782835200,300.63,301.1,298.35,301.1,17.2005
1782838800,300.91,301.16,300.07,300.07,6.8118
1782842400,300.12,301.75,299.93,301.61,12.5494
1782846000,301.95,302.77,301.01,301.94,15.0197
1782849600,302.91,302.91,301.93,301.93,2.191
1782853200,300.86,300.95,300.81,300.95,70.6313
1782856800,301.0,302.05,301.0,301.15,80.7282
1782860400,301.0,302.13,301.0,301.96,103.0543
1782864000,302.12,302.12,301.02,301.65,290.8879
1782867600,301.02,303.41,296.17,303.29,163.8752
1782871200,303.65,306.95,302.5,306.8,73.8857
1782874800,306.7,309.88,305.01,309.71,91.581
1782878400,309.22,310.5,308.99,310.06,379.0591
1782882000,309.87,310.36,308.47,308.62,47.8223
1782885600,308.32,308.32,303.83,304.61,134.7593
1782889200,304.78,307.0,304.78,307.0,169.9204
1782892800,306.92,309.68,306.44,309.68,250.1921
1782896400,308.89,309.8,308.3,309.8,114.3897
1782900000,308.88,309.87,308.0,308.0,77.0787
1782903600,308.0,308.46,306.69,307.14,78.0175
1782907200,306.89,306.89,305.39,305.5,112.6527
1782910800,306.88,312.01,306.88,311.43,191.4307
1782914400,311.43,316.0,311.29,315.65,658.9261
1782918000,315.7,318.26,315.7,317.0,275.317
1782921600,316.95,319.51,316.17,316.17,55.4903
1782925200,316.77,319.27,316.77,318.81,142.5368
1782928800,318.81,319.01,316.96,317.11,124.8583
1782932400,316.51,316.51,316.5,316.5,109.2537
1782936000,315.0,317.18,314.82,317.18,90.323
1782939600,318.11,321.68,318.11,321.39,282.6944
1782943200,320.75,322.47,318.55,318.6,164.0005
1782946800,318.18,318.3,316.96,317.26,12.3776
1782950400,316.85,316.95,315.33,316.45,175.5325
1782954000,316.78,321.0,316.78,319.64,106.7702
1782957600,319.22,321.2,319.22,320.86,47.3724
1782961200,320.86,322.0,319.0,321.55,215.7257
1782964800,321.15,321.28,318.96,319.92,19.7628
1782968400,319.9,319.9,318.4,319.23,64.9707
1782972000,319.58,320.0,318.09,318.33,126.8411
1782975600,318.33,318.4,317.49,318.16,141.2973
1782979200,317.99,319.65,317.99,319.64,173.9588
1782982800,319.55,324.61,319.43,324.39,241.6877
1782986400,324.32,334.2,324.32,334.2,302.5325
1782990000,333.44,336.95,332.68,335.0,320.589
1782993600,335.4,335.95,331.07,331.7,429.332
1782997200,331.48,334.22,330.01,332.11,185.8027
1783000800,331.96,331.96,327.35,327.4,165.505
1783004400,327.38,329.41,327.38,329.41,20.7571
1783008000,329.68,330.17,327.33,328.44,104.0528
1783011600,328.63,330.77,328.63,329.36,31.6324
1783015200,329.35,330.05,329.35,330.05,29.0051
1783018800,330.0,330.0,330.0,330.0,23.0472
1783022400,328.72,328.72,328.67,328.67,6.136
1783026000,329.71,329.71,328.0,328.0,70.8548
1783029600,328.23,328.84,328.0,328.59,13.6067
1783033200,328.0,328.7,328.0,328.09,24.2769
1783036800,328.46,328.8,328.01,328.8,11.2304
1783040400,328.8,332.25,328.8,331.9,106.7938
1783044000,331.39,331.64,328.87,328.93,97.2234
1783047600,328.85,329.23,327.36,328.8,270.9349
1783051200,328.36,329.34,327.79,327.79,221.8189
1783054800,328.14,330.0,328.14,329.98,55.1502
1783058400,329.92,330.0,328.67,328.95,137.063
1783062000,329.17,330.96,328.9,330.95,186.7819
1783065600,330.41,330.41,329.15,329.15,11.9691
1783069200,329.27,330.24,329.0,330.24,243.8156
1783072800,330.42,333.09,329.77,333.09,119.4198
1783076400,332.4,332.6,331.44,332.39,30.4779
1783080000,332.41,332.96,331.17,332.05,38.5793
1783083600,332.05,332.96,331.8,332.4,9.754
1783087200,331.59,332.88,330.34,332.88,42.5166
1783090800,332.84,333.62,331.06,331.06,30.7235
1783094400,331.06,331.36,330.49,331.36,24.6985
1783098000,331.98,332.82,331.98,332.17,4.8599
1783101600,333.0,334.0,332.65,333.93,24.3756
1783105200,333.74,337.48,333.74,335.43,231.907
1783108800,335.22,336.86,334.97,336.86,5.8066
1783112400,336.43,336.43,334.51,336.0,20.2398
1783116000,335.02,335.74,334.72,334.82,20.2851
1783119600,334.36,334.72,334.11,334.72,3.0455
1783123200,335.66,335.88,335.2,335.2,163.0945
1783126800,335.2,335.2,333.4,333.4,86.7344
1783130400,333.79,335.53,333.58,334.89,54.1002
1783134000,334.74,336.9,334.7,336.59,9.2426
1783137600,336.85,340.66,336.85,340.0,294.0585
1783141200,338.88,339.96,337.86,339.41,92.7948
1783144800,339.21,339.48,336.17,336.17,49.0386
1783148400,336.03,336.14,335.43,335.57,30.6536
1783152000,336.56,336.56,335.12,335.12,76.4128
1783155600,335.1,335.1,332.45,332.94,191.5122
1783159200,332.76,333.03,332.03,332.58,38.9464
1783162800,332.16,333.0,332.13,333.0,26.9053
1783166400,333.0,333.1,331.51,331.95,143.0179
1783170000,332.17,332.58,331.72,331.84,63.542
1783173600,332.55,332.75,332.32,332.75,59.0716
1783177200,332.74,334.79,332.74,334.55,55.1939
1783180800,334.29,334.7,334.0,334.34,106.9161
1783184400,334.44,336.53,334.0,335.94,96.334
1783188000,335.94,335.94,334.27,334.67,25.6431
1783191600,333.94,333.94,333.0,333.02,21.0585
1783195200,333.39,333.98,332.83,333.68,51.4911
1783198800,333.69,333.7,333.69,333.7,36.2851
1783202400,333.5,333.56,332.68,333.56,186.6298
1783206000,333.37,333.37,332.5,332.68,49.006
1783209600,332.51,332.51,331.05,331.05,19.8958
1783213200,331.6,331.6,328.36,329.0,322.2859
1783216800,328.95,328.95,326.86,326.86,146.8409
1783220400,327.63,328.21,327.49,327.82,107.8303
1783224000,327.51,328.9,327.51,328.28,26.8447
1783227600,328.15,328.15,327.11,327.81,17.4174
1783231200,327.63,327.9,327.56,327.9,10.7737
1783234800,327.89,328.67,327.88,328.67,24.8355
1783238400,328.7,329.03,328.21,328.35,42.0303
1783242000,328.34,328.34,325.3,325.57,201.5021
1783245600,325.86,327.74,325.86,327.71,121.5154
1783249200,327.59,328.61,327.59,328.5,26.2047
1783252800,328.46,330.78,328.05,329.58,195.87
1783256400,329.9,330.79,328.96,330.75,115.6628
1783260000,330.8,331.5,330.53,331.5,25.6975
1783263600,331.59,332.2,330.87,331.57,31.9298
1783267200,331.84,331.84,330.15,330.18,44.862
1783270800,330.65,330.65,330.65,330.65,1.4749
1783274400,330.8,331.08,330.54,331.07,6.0658
1783278000,330.1,330.1,329.76,330.0,4.2163
1783281600,330.23,330.38,330.17,330.38,19.3293
1783285200,329.76,333.76,329.76,333.73,74.805
1783288800,333.36,335.4,332.68,333.1,114.9456
1783292400,333.11,333.87,332.88,332.88,18.4972
1783296000,332.06,333.88,331.08,333.88,73.1307
1783299600,334.48,335.01,332.61,332.61,79.1601
1783303200,332.09,332.24,329.62,330.1,98.736
1783306800,329.88,329.88,328.14,328.85,111.8724
1783310400,329.09,329.81,328.97,329.81,99.0657
1783314000,329.12,329.12,327.12,328.15,306.0537
1783317600,328.15,328.15,327.36,327.67,48.6502
1783321200,327.59,329.57,327.26,329.52,17.4434
1783324800,329.8,330.32,327.58,328.02,44.3059
1783328400,327.95,328.06,327.34,327.34,12.4822
1783332000,327.07,329.12,327.07,329.12,95.2496
1783335600,329.32,330.51,329.31,329.31,34.2002
1783339200,328.42,328.95,324.55,325.0,528.7214
1783342800,324.78,330.0,324.05,330.0,152.9539
1783346400,328.14,329.23,327.58,328.31,186.3181
1783350000,328.41,332.98,328.41,332.96,554.3919
1783353600,332.56,335.81,332.56,335.08,134.2595
1783357200,335.08,335.37,333.1,333.15,45.6957
1783360800,333.38,335.13,333.03,335.13,17.4362
1783364400,334.41,334.6,334.35,334.6,1.4942
1783368000,333.97,335.14,333.76,335.14,72.532
1783371600,335.55,340.0,335.21,336.85,280.4776
1783375200,337.12,337.35,336.3,336.3,87.8074
1783378800,336.31,336.31,334.52,334.54,24.1496
1783382400,334.54,336.28,334.52,336.16,221.8732
1783386000,335.96,335.96,332.43,334.97,375.9233
1783389600,334.36,334.36,332.69,332.7,383.4102
1783393200,332.7,332.79,331.25,331.44,157.7172
1783396800,331.06,331.11,330.28,330.3,59.475
1783400400,330.32,331.49,329.46,331.49,108.2068
1783404000,331.59,333.3,330.87,333.3,123.7791
1783407600,333.44,333.93,332.5,333.35,29.866
1783411200,332.25,333.09,332.25,332.32,23.0843
1783414800,332.0,332.34,331.63,332.0,36.7339
1783418400,332.0,332.28,330.64,330.98,55.5377
1783422000,330.68,331.99,330.14,331.96,55.5603
1783425600,332.5,334.25,332.5,332.58,14.2657
1783429200,332.32,332.32,330.0,331.84,19.562
1783432800,330.15,333.97,329.55,333.97,287.2481
1783436400,333.76,335.74,332.92,335.6,628.956
1783440000,335.45,336.88,334.22,335.99,63.1963
1783443600,336.63,337.22,336.63,337.22,1.2656
1783447200,336.54,336.54,332.29,332.29,15.3207
1783450800,332.01,332.21,330.3,332.21,24.852
1783454400,331.58,331.58,331.01,331.01,0.6806
1783458000,331.85,331.85,330.0,330.0,1.388
1783461600,329.94,331.05,329.05,330.52,175.1676
1783465200,330.82,331.18,329.92,329.92,3.8311
1783468800,329.6,329.93,329.37,329.4,58.5271
1783472400,329.4,329.4,323.31,323.89,136.9032
1783476000,323.05,323.64,321.0,323.33,304.8517
1783479600,323.91,324.28,321.78,321.79,357.5099
1783483200,321.81,322.61,321.06,321.56,110.8309
1783486800,321.62,321.75,320.54,320.73,125.3642
1783490400,320.5,320.5,319.06,319.48,188.1559
1783494000,319.14,319.56,318.27,319.56,231.3242
1783497600,319.63,319.77,315.05,316.59,286.9113
1783501200,315.93,315.99,315.11,315.84,97.6813
1783504800,315.65,316.23,315.07,316.22,9.7008
1783508400,316.22,317.0,315.13,316.92,122.6785
1783512000,316.76,317.04,315.4,315.4,59.0538
1783515600,315.4,316.35,314.09,315.97,86.9116
1783519200,316.39,316.39,314.37,315.22,331.7998
1783522800,314.92,315.22,312.38,313.35,81.1408
1783526400,314.02,315.99,314.02,315.93,57.4437
1783530000,315.78,317.21,315.32,315.35,207.6571
1783533600,316.04,316.16,314.53,315.59,7.2346
1783537200,314.94,315.89,314.94,315.89,1.9768
1783540800,316.6,316.69,315.25,315.32,33.6939
1783544400,315.37,316.32,314.92,316.32,15.7957
1783548000,316.1,316.8,316.1,316.8,8.5005
1783551600,316.85,317.77,316.79,317.77,49.4111
1783555200,318.16,318.16,317.26,317.53,84.406
1783558800,317.74,321.0,316.53,316.53,109.6449
1783562400,316.13,317.9,315.13,315.28,153.0793
1783566000,315.01,316.22,314.03,316.17,191.5453
1783569600,316.18,318.51,315.97,318.51,107.1985
1783573200,318.28,319.64,318.28,319.48,642.6396
1783576800,319.57,320.43,319.57,320.35,6.9736
1783580400,320.51,320.74,319.39,319.47,133.98
1783584000,319.31,319.94,318.7,319.01,14.8937
1783587600,319.0,319.23,318.44,319.23,25.2722
1783591200,319.24,319.24,316.85,316.85,21.6905
1783594800,317.5,317.5,316.14,316.64,10.7775
1783598400,316.73,318.82,316.73,317.23,8.015
1783602000,317.2,320.32,316.16,319.87,584.9252
1783605600,319.87,320.09,317.93,318.49,32.4603
1783609200,318.85,319.05,317.55,317.7,32.4974
1783612800,317.64,318.07,317.09,318.07,97.913
1783616400,318.54,319.05,318.42,319.05,1.4454
1783620000,320.5,320.5,319.67,319.67,38.8042
1783623600,319.65,320.14,319.34,319.65,48.2255
1783627200,319.37,320.04,319.37,320.04,3.3093
1783630800,319.98,319.98,319.24,319.24,27.9574
1783634400,319.2,320.0,319.02,319.91,11.0777
1783638000,319.65,319.69,318.66,319.53,33.7262
1783641600,319.16,319.45,318.63,318.78,69.7604
1783645200,318.79,323.45,318.79,322.24,358.0959
1783648800,321.42,322.11,320.89,322.11,186.741
1783652400,321.84,321.84,320.76,321.5,51.2422
1783656000,321.75,321.88,321.45,321.81,379.3463
1783659600,321.82,322.3,321.71,322.23,49.7183
1783663200,322.08,322.12,321.5,321.5,158.8973
1783666800,321.22,321.51,320.65,320.89,28.5122
1783670400,320.88,322.92,320.88,322.87,60.6858
1783674000,322.13,322.64,321.16,322.26,135.7712
1783677600,322.8,323.44,322.8,323.44,36.0242
1783681200,323.24,323.24,322.75,322.95,147.0297
1783684800,322.87,322.95,321.57,321.57,117.0027
1783688400,321.57,322.7,320.96,321.75,149.4761
1783692000,321.02,321.02,315.05,317.83,261.3498
1783695600,317.61,319.25,317.61,318.4,14.6175
1783699200,318.01,318.28,317.65,318.28,96.2819
1783702800,318.39,318.39,316.12,316.12,65.6752
1783706400,316.66,317.0,315.63,315.65,3.1929
1783710000,316.37,317.21,316.37,317.21,2.2822
1783713600,317.58,317.58,317.0,317.14,5.1204
1783717200,316.67,317.48,316.67,317.33,7.7031
1783720800,317.85,318.17,317.28,317.97,13.9384
1783724400,317.34,317.96,317.34,317.95,17.33
1783728000,317.69,317.69,317.18,317.32,38.4573
1783731600,317.15,317.69,316.31,316.31,16.8599
1783735200,316.01,316.43,315.38,316.43,214.4212
1783738800,316.8,316.98,316.74,316.98,62.2966
1783742400,316.94,317.02,316.52,317.02,115.6296
1783746000,316.97,317.61,316.72,317.29,84.3031
1783749600,317.26,318.23,317.26,318.0,13.037
1783753200,317.91,318.12,317.91,317.91,35.7819
1783756800,317.91,318.21,317.91,318.21,15.2943
1783760400,318.69,318.7,317.9,317.91,29.4204
1783764000,317.9,318.38,317.36,318.38,4.5168
1783767600,318.39,318.62,318.14,318.39,16.0998
1783771200,318.31,318.43,318.19,318.39,134.8582
1783774800,318.23,319.17,318.23,318.77,13.0333
1783778400,318.77,320.2,318.77,320.09,39.2361
1783782000,320.0,321.04,318.76,319.36,160.3254
1783785600,318.8,318.8,317.34,317.68,26.007
1783789200,317.61,318.21,317.36,318.02,26.3524
1783792800,318.44,318.5,318.23,318.23,10.5125
1783796400,318.22,318.22,317.37,317.76,8.9167
1783800000,318.34,318.63,318.31,318.37,7.6724
1783803600,318.64,318.78,318.64,318.67,15.1218
1783807200,318.5,318.5,317.66,317.67,25.3064
1783810800,317.24,317.47,313.6,313.61,258.9083
1783814400,313.6,313.6,309.06,310.29,202.3315
1783818000,310.43,312.44,310.43,312.27,62.6956
1783821600,312.96,313.0,312.28,313.0,20.2367
1783825200,313.01,313.42,313.01,313.42,18.3475
1783828800,313.44,313.48,312.03,312.03,32.5241
1783832400,312.63,312.63,311.47,311.47,48.6326
1783836000,311.44,311.44,309.65,311.05,49.6919
1783839600,311.34,312.33,311.34,311.74,15.7393
1783843200,312.04,312.62,311.83,312.48,57.897
1783846800,312.41,312.75,311.83,312.75,9.3622
1783850400,312.46,312.92,312.46,312.7,15.8597
1783854000,312.77,314.25,312.24,314.22,41.6913
1783857600,313.03,314.53,313.03,314.37,5.8381
1783861200,315.0,315.03,314.86,314.99,15.148
1783864800,314.99,316.38,314.01,316.38,19.7137
1783868400,316.0,316.0,315.44,315.61,14.9279
1783872000,315.93,316.46,315.91,316.1,9.6341
1783875600,315.82,315.82,315.29,315.29,14.4311
1783879200,315.45,316.24,315.19,316.11,3.148
1783882800,316.16,316.27,315.86,316.27,10.8322
1783886400,316.15,316.15,315.8,315.8,15.3289
1783890000,316.12,316.12,315.0,315.0,5.7225
1783893600,314.0,314.0,312.12,312.12,8.5066
1783897200,312.61,313.07,312.61,313.0,12.7414
1783900800,313.42,317.98,313.42,316.57,47.8594
1783904400,315.69,315.69,311.89,311.89,34.6938
1783908000,311.58,312.54,311.2,312.26,64.3737
1783911600,312.01,312.01,308.52,309.73,167.3237
1783915200,309.68,310.98,309.68,310.4,25.6385
1783918800,310.11,312.17,310.11,312.08,94.6519
1783922400,312.14,312.76,311.92,312.37,15.7668
1783926000,311.86,312.99,311.86,312.47,57.6995
1783929600,312.46,313.66,312.24,313.66,121.83
1783933200,313.13,313.13,312.89,313.13,9.5707
1783936800,313.05,313.05,311.01,311.82,148.6116
1783940400,312.48,312.7,312.24,312.55,81.6165
1783944000,312.56,312.56,310.11,310.13,45.5149
1783947600,310.18,310.29,307.91,308.34,184.8511
1783951200,308.96,311.18,308.62,311.18,184.6314
1783954800,310.83,311.6,310.01,310.01,21.3539
1783958400,310.01,310.44,307.75,307.75,19.4685
1783962000,308.04,308.21,305.66,305.66,208.8558
1783965600,305.8,306.36,305.8,306.16,25.9236
1783969200,306.14,307.08,306.06,307.08,26.0061
1783972800,306.21,306.21,305.19,305.19,1.7973
1783976400,305.61,305.61,303.64,304.32,104.5057
1783980000,304.6,305.13,304.6,305.12,9.659
1783983600,304.51,306.13,304.51,306.13,20.1252
1783987200,306.29,308.03,306.04,308.03,188.5912
1783990800,307.84,308.29,307.49,307.78,70.4059
1783994400,307.41,307.66,306.65,307.06,60.8948
1783998000,307.01,307.01,305.53,306.88,49.3194
1784001600,306.88,307.54,306.7,306.96,63.8845
1784005200,306.95,308.29,306.95,308.12,25.0009
1784008800,308.12,308.12,307.24,307.25,47.6549
1784012400,307.24,307.48,306.7,306.7,28.9879
1784016000,306.73,308.1,306.73,307.23,142.1727
1784019600,307.55,307.63,306.68,306.99,53.8026
1784023200,307.35,308.5,306.97,308.45,4.0013
1784026800,308.13,308.8,308.13,308.21,5.5718
1784030400,308.01,313.45,307.51,313.45,207.8456
1784034000,313.61,316.59,312.65,314.53,55.5761
1784037600,314.48,315.97,313.53,315.97,59.7149
1784041200,315.58,317.4,315.27,316.11,209.4615
1784044800,315.85,316.34,315.5,315.91,18.0507
1784048400,315.13,315.19,314.04,314.11,22.9553
1784052000,314.74,315.05,314.26,314.98,32.5284
1784055600,315.26,315.41,314.7,314.99,54.5467
1784059200,314.33,314.43,313.89,314.43,7.417
1784062800,314.76,315.43,314.76,315.42,1.5618
1784066400,315.06,317.26,315.0,317.13,28.2824
1784070000,316.61,317.01,316.61,317.01,5.4755
1784073600,316.71,316.71,316.01,316.16,30.255
1784077200,316.16,316.18,315.06,316.15,91.5029
1784080800,315.02,315.1,314.01,314.02,69.0772
1784084400,314.51,316.47,314.47,316.4,83.6539
1784088000,316.14,317.15,315.86,317.15,43.8787
1784091600,317.12,318.0,316.32,317.5,30.1287
1784095200,317.99,319.0,317.65,317.65,75.9554
1784098800,317.29,317.29,315.18,315.18,72.7349
1784102400,316.11,316.38,315.0,315.81,89.8469
1784106000,316.59,316.8,316.0,316.0,6.1736
1784109600,315.55,316.29,315.05,315.24,82.6148
1784113200,315.43,315.94,315.32,315.78,40.1902
1784116800,315.81,318.72,315.18,318.39,65.4096
1784120400,319.0,321.26,317.03,317.65,217.6927
1784124000,318.55,319.14,317.04,318.52,83.7341
1784127600,318.54,318.54,317.5,317.72,94.2102
1784131200,317.56,317.56,314.56,316.03,161.3934
1784134800,316.71,316.91,316.12,316.91,21.856
1784138400,317.05,317.46,316.97,316.97,16.9797
1784142000,316.07,316.07,314.43,314.43,55.4198
1784145600,314.64,315.39,314.64,315.39,2.7604
1784149200,315.44,315.45,315.01,315.06,21.5985
1784152800,315.76,316.17,315.55,315.55,67.7281
1784156400,315.89,315.89,314.89,314.89,23.557
1784160000,314.72,315.19,312.92,313.24,55.6411
1784163600,313.83,313.99,312.93,313.98,184.3006
1784167200,313.99,314.23,313.98,314.0,158.9594
1784170800,314.11,314.91,313.4,313.41,73.5405
1784174400,313.8,313.82,313.0,313.1,87.7733
1784178000,313.21,315.44,312.92,315.29,39.2206
1784181600,315.3,315.92,314.49,315.09,167.0484
1784185200,315.07,315.07,310.23,311.2,244.795
1784188800,311.22,311.5,309.05,310.46,270.4425
1784192400,310.66,310.78,310.33,310.33,4.5054
1784196000,310.49,311.33,310.49,310.84,42.0267
1784199600,310.85,311.3,310.7,311.14,23.0404
1784203200,311.27,311.28,309.51,310.24,145.9373
1784206800,310.13,312.8,310.13,311.66,44.4525
1784210400,312.08,313.23,311.77,311.77,190.4066
1784214000,311.36,313.32,310.84,312.9,142.1729
1784217600,312.47,312.47,311.43,311.43,28.8106
1784221200,311.36,311.36,308.6,308.74,165.0627
1784224800,308.78,309.99,308.55,309.15,43.9374
1784228400,309.1,310.03,309.1,310.03,3.5255
1784232000,309.58,309.96,309.53,309.96,6.9909
1784235600,310.03,310.41,310.03,310.2,30.7425
1784239200,310.0,310.0,307.91,307.91,36.7731
1784242800,307.72,308.01,307.21,308.01,50.1532
1784246400,308.03,308.7,307.05,308.7,30.7402
1784250000,309.0,309.0,307.08,307.19,130.3138
1784253600,307.63,307.63,306.46,306.46,133.0744
1784257200,307.7,308.48,307.7,307.77,29.9016
1784260800,307.71,307.99,306.7,307.87,52.516
1784264400,307.23,307.4,305.0,305.01,110.5405
1784268000,305.01,305.77,305.01,305.35,45.5466
1784271600,305.22,305.95,305.02,305.95,55.8321
1784275200,305.5,305.5,304.69,305.27,230.4057
1784278800,305.26,306.28,305.22,306.28,17.5982
1784282400,306.45,306.79,306.45,306.79,10.0847
1784286000,306.74,307.41,306.29,307.21,34.4084
1784289600,306.89,306.9,305.8,305.8,44.4852
1784293200,305.74,305.74,302.21,305.2,328.8496
1784296800,305.47,307.03,305.26,305.61,83.5485
1784300400,305.48,306.21,303.77,306.16,85.4111
1784304000,307.36,308.13,306.87,308.0,19.067
1784307600,309.07,309.65,308.87,308.97,368.6782
1784311200,308.85,308.85,307.95,308.78,15.4276
1784314800,308.19,308.19,308.07,308.07,1.2784
1784318400,307.73,307.73,307.73,307.73,1.449
1784322000,308.11,308.11,307.27,307.39,89.27
1784325600,306.88,307.34,306.88,307.34,9.9031
1784329200,306.98,307.71,306.98,307.71,114.9251
1784332800,308.1,308.1,307.56,307.56,35.1052
1784336400,307.53,308.09,307.53,308.09,62.7471
1784340000,308.1,309.21,308.01,308.01,312.4163
1784343600,308.01,308.11,308.01,308.02,10.6282
1784347200,308.86,308.95,308.01,308.38,1076.1287
1784350800,308.51,308.73,308.19,308.19,11.7723
1784354400,308.37,308.8,308.37,308.7,111.4816
1784358000,308.71,308.72,308.71,308.71,27.8919
1784361600,308.7,308.7,308.01,308.55,26.9767
1784365200,308.49,308.49,307.56,307.93,33.4326
1784368800,308.1,308.1,307.98,308.06,6.5401
1784372400,308.25,308.26,308.25,308.26,38.2539
1784376000,308.26,308.79,308.0,308.5,34.8477
1784379600,308.7,308.7,307.19,307.53,40.936
1784383200,307.6,308.68,307.46,308.68,28.4252
1784386800,308.64,308.96,308.28,308.69,10.9819
1784390400,308.58,309.69,308.58,309.69,7.6108
1784394000,309.34,309.98,309.16,309.98,77.2983
1784397600,310.0,310.66,309.98,310.12,16.4393
1784401200,309.98,310.52,309.97,310.52,36.3037
1784404800,310.81,311.15,310.36,310.36,25.7613
1784408400,310.92,310.95,310.4,310.95,9.8167
1784412000,310.66,310.93,310.64,310.84,2.0397
1784415600,311.05,311.05,310.79,310.79,3.2369
1784419200,310.86,311.0,310.85,311.0,31.8871
1784422800,311.02,311.52,311.01,311.51,22.1029
1784426400,311.99,314.45,311.99,313.62,23.0097
1784430000,313.06,313.06,312.27,312.4,27.387
1784433600,312.44,312.76,312.3,312.65,60.8928
1784437200,312.73,312.94,312.49,312.92,2.5282
1784440800,312.62,313.07,312.62,312.96,23.0712
1784444400,313.17,313.57,312.82,313.12,21.1831
1784448000,313.3,314.0,313.3,314.0,37.2108
1784451600,314.0,314.0,312.5,312.7,65.2498
1784455200,312.72,314.08,312.72,313.89,17.8614
1784458800,314.0,314.0,313.26,313.26,23.3563
1784462400,313.25,313.25,312.18,312.99,48.7703
1784466000,312.4,312.89,312.4,312.88,22.5231
1784469600,312.88,314.45,312.5,314.21,371.0801
1784473200,313.47,313.47,313.0,313.04,55.6075
1784476800,312.66,312.86,312.01,312.01,31.3914
1784480400,312.0,312.81,311.28,312.81,21.3652
1784484000,310.23,310.89,310.0,310.48,13.3652
1784487600,310.76,310.89,310.76,310.89,1.498
1784491200,310.9,311.0,310.9,311.0,2.037
1784494800,311.35,311.4,310.36,310.36,125.6619
1784498400,311.7,312.78,311.7,312.28,35.2228
1784502000,312.0,313.69,311.72,313.34,134.3107
1784505600,314.0,315.97,314.0,314.01,293.9829
1784509200,314.2,316.8,313.99,313.99,435.4058
1784512800,315.41,316.2,314.14,315.78,65.7849
1784516400,315.86,315.86,314.55,315.0,6.5486
1784520000,314.35,315.14,313.9,314.21,37.7307
1784523600,313.48,313.48,311.67,312.07,65.4388
1784527200,311.88,311.99,310.84,311.0,37.9702
1784530800,310.84,312.0,310.73,312.0,36.3147
1784534400,312.53,312.87,311.66,311.82,9.0553
1784538000,313.0,314.15,313.0,313.98,11.0164
1784541600,313.3,313.89,313.2,313.2,63.6708
1784545200,313.79,316.07,313.44,316.02,73.5304
1784548800,316.17,316.17,314.9,314.9,47.4513
1784552400,314.74,316.15,314.21,314.42,35.2057
1784556000,312.92,313.05,311.58,312.76,48.2024
1784559600,312.38,318.45,312.38,318.45,143.3063
1784563200,318.44,318.44,317.7,318.07,105.6637
1784566800,317.68,318.39,317.3,318.39,12.8812
1784570400,318.45,320.41,318.42,318.42,167.8198
1784574000,317.03,317.43,317.03,317.21,38.7577
1784577600,317.8,318.74,317.8,318.74,25.2378
1784581200,319.06,319.25,318.64,318.64,14.3086
1784584800,318.0,318.0,317.28,317.28,11.0431
1784588400,317.29,318.61,317.29,318.61,18.6415
1784592000,318.43,319.9,318.43,319.59,30.3915
1784595600,319.34,319.59,319.0,319.0,55.6258
1784599200,319.01,319.96,318.19,319.17,67.5966
1784602800,319.61,320.7,319.52,319.52,89.6312
1784606400,320.15,320.15,319.09,319.19,23.723
1784610000,319.35,320.67,319.35,320.25,297.2805
1784613600,320.55,321.47,320.01,321.43,415.3051
1784617200,321.47,321.49,321.11,321.49,20.2249
1784620800,321.36,321.5,320.55,320.56,49.8164
1784624400,320.5,320.5,320.04,320.34,19.6764
1784628000,320.91,320.91,319.42,319.42,80.324
1784631600,319.68,320.05,319.43,320.02,70.4952
1784635200,319.78,320.37,319.74,320.21,9.0071
1784638800,320.6,320.88,319.55,320.7,78.2358
1784642400,320.53,320.53,318.28,318.53,236.4867
1784646000,318.16,318.59,317.76,318.48,162.316
1784649600,318.75,319.23,318.4,319.22,199.392
1784653200,319.23,319.23,317.27,317.34,185.3104
1784656800,318.3,318.3,318.3,318.3,0.1535
1784660400,317.99,318.04,317.5,317.5,3.9431
1784664000,318.07,318.13,317.95,317.95,1.312
1784667600,318.64,318.64,318.43,318.43,4.3151
1784671200,318.45,318.45,318.2,318.2,3.5609
1784674800,318.15,318.56,318.0,318.56,18.0342
1784678400,318.99,320.17,318.99,320.17,23.3405
1784682000,320.02,320.22,319.46,319.84,116.496
1784685600,319.41,320.04,319.01,319.01,59.3074
1784689200,319.01,319.01,318.3,318.3,35.5468
1784692800,318.95,319.3,318.89,318.96,24.957
1784696400,318.87,318.87,316.24,316.24,231.4519
1784700000,316.7,316.73,315.58,315.81,20.2989
1784703600,316.07,316.09,315.43,315.6,76.3825
1784707200,315.55,316.76,315.55,316.76,14.2263
1784710800,316.66,316.81,316.25,316.71,18.7323
1784714400,316.93,317.35,316.88,317.21,35.608
1784718000,317.35,317.53,316.95,316.95,14.567
1784721600,316.52,316.52,315.59,315.96,8.4391
1784725200,315.51,318.39,315.51,318.39,50.0857
1784728800,318.91,319.97,317.73,318.31,17.0435
1784732400,319.0,321.9,319.0,320.68,72.254
1784736000,320.92,321.49,320.02,321.04,39.036
1784739600,321.01,321.01,320.03,320.03,7.7257
1784743200,320.0,320.0,317.15,318.03,121.6304
1784746800,318.0,318.0,317.18,317.18,30.8682
1784750400,318.46,318.46,318.24,318.24,1.471
1784754000,318.17,318.76,317.82,318.76,22.984
1784757600,318.47,319.05,318.01,318.01,44.0049
1784761200,318.0,318.52,317.73,318.52,1.3442
1784764800,318.94,320.07,318.94,319.66,535.5749
1784768400,319.72,319.95,318.5,318.5,43.4185
1784772000,318.51,318.51,316.91,317.48,79.1794
1784775600,317.49,317.49,316.76,317.25,45.1658
1784779200,317.13,317.61,317.13,317.61,32.0978
1784782800,317.0,317.24,316.8,317.0,189.2805
1784786400,317.24,317.24,316.65,316.97,44.2083
1784790000,316.65,316.65,315.53,315.95,34.0564
1784793600,315.7,316.9,315.7,316.86,5.1016
1784797200,317.0,317.57,317.0,317.18,44.1528
1784800800,317.34,318.12,317.34,318.07,7.3599
1784804400,318.05,318.43,317.92,317.92,36.6026
1784808000,317.92,317.92,313.52,315.12,185.6498
1784811600,315.19,315.22,313.89,314.69,65.1642
1784815200,314.13,314.59,313.06,313.12,40.1482
1784818800,313.05,313.05,311.57,312.55,56.6234
1784822400,312.46,312.46,311.17,311.44,116.8129
1784826000,311.48,311.54,310.08,310.08,72.1864
1784829600,310.08,310.45,310.08,310.45,18.2415
1784833200,310.05,310.05,309.43,309.43,37.1835
1784836800,310.86,311.85,310.86,311.85,20.5777
1784840400,311.4,311.4,311.33,311.33,1.0529
1784844000,311.29,312.11,311.29,312.11,16.1529
1784847600,312.05,312.25,311.18,311.18,41.909
1784851200,310.91,311.48,310.73,311.13,89.2695
1784854800,311.65,311.71,311.14,311.14,65.4823
1784858400,311.24,311.53,309.86,310.15,97.049
1784862000,310.35,311.56,310.35,311.17,157.9974
1784865600,311.1,311.1,310.38,310.38,68.1087
1784869200,310.44,311.47,310.44,311.2,51.1293
1784872800,311.19,311.6,311.19,311.4,54.9987
1784876400,311.41,313.03,311.26,311.95,160.1328
1784880000,312.05,312.05,311.06,311.12,33.4067
1784883600,311.17,311.17,309.68,310.43,72.963
1784887200,310.42,310.42,309.87,309.93,21.8336
1784890800,309.61,309.88,308.12,308.25,67.488
1784894400,308.59,309.08,307.52,307.53,40.9101
1784898000,307.58,307.58,304.5,304.72,165.1555
1784901600,304.51,304.92,302.87,302.87,106.0944
1784905200,303.8,305.07,303.04,304.41,75.2391
1784908800,303.94,304.61,303.04,303.04,71.1075
1784912400,303.81,304.73,303.75,304.3,34.6282
1784916000,304.11,304.26,304.01,304.01,10.5221
1784919600,304.01,304.01,303.56,303.57,171.8333
1784923200,304.11,304.14,303.56,303.56,3.3798
1784926800,303.56,303.56,302.5,302.96,132.3607
1784930400,303.09,304.11,303.09,303.97,44.5493
1784934000,304.06,304.14,304.02,304.02,8.9391
1784937600,304.12,304.64,304.11,304.56,8.6824
1784941200,304.68,305.14,304.68,304.89,177.2057
1784944800,304.78,305.02,304.78,304.96,282.7523
1784948400,304.95,305.27,304.95,304.99,118.6306
1784952000,304.99,305.5,304.99,305.42,4.6263
1784955600,305.22,305.22,304.67,304.68,65.7084
1784959200,304.67,304.67,303.95,303.95,51.8043
1784962800,304.41,304.43,303.86,303.86,171.7112
1784966400,303.86,303.86,303.0,303.41,108.842
1784970000,303.45,304.22,303.32,304.17,67.3552
1784973600,304.16,304.16,304.01,304.01,1.919
1784977200,304.08,304.08,304.0,304.01,9.592
1784980800,304.0,304.06,304.0,304.06,2.5079
1784984400,304.1,305.06,304.05,304.49,143.6186
1784988000,304.49,304.49,303.79,304.45,111.964
1784991600,305.17,305.34,305.16,305.16,9.0423
1784995200,305.16,305.82,305.16,305.82,7.2119
1784998800,305.73,306.68,305.68,306.68,7.5628
1785002400,306.41,307.0,306.26,306.85,2.7691
1785006000,306.97,306.97,306.61,306.8,12.9402
1785009600,306.22,306.22,306.22,306.22,0.0305
1785013200,306.01,306.41,305.94,306.41,4.5968
1785016800,305.8,305.81,305.8,305.81,98.9143
1785020400,306.3,306.55,306.3,306.55,9.2232
1785024000,306.73,308.0,306.73,307.2,80.4059
1785027600,307.3,307.31,307.3,307.3,45.6854
1785031200,307.31,307.64,307.3,307.57,97.4127
1785034800,308.0,308.0,307.99,308.0,93.8124
1785038400,308.0,308.8,308.0,308.53,173.2383
1785042000,308.49,308.91,308.49,308.66,70.4792
1785045600,308.65,308.66,307.8,308.66,59.4768
1785049200,308.67,308.67,308.01,308.01,46.9501
1785052800,308.01,308.22,308.01,308.19,4.7719
1785056400,308.46,309.2,308.41,308.56,181.2487
1785060000,308.56,308.83,308.56,308.73,81.8759
1785063600,308.91,308.91,308.05,308.07,26.1126
1785067200,308.04,308.41,308.01,308.01,19.7372
1785070800,308.0,308.11,307.41,308.04,28.7559
1785074400,308.17,308.65,308.05,308.61,12.9386
1785078000,308.46,309.88,308.23,309.87,8.4232
1785081600,309.87,311.32,309.87,310.65,39.3869
1785085200,310.17,310.17,309.78,309.79,12.0787
1785088800,309.79,310.0,309.79,309.94,18.0818
1785092400,309.8,309.8,309.56,309.56,1.7781
1785096000,309.78,309.78,309.78,309.78,0.3228
1785099600,309.77,310.55,309.77,310.55,49.3143
1785103200,311.1,313.98,311.1,313.98,241.1258
1785106800,313.99,314.98,313.72,314.13,71.4986
1785110400,313.85,313.85,312.01,312.45,67.3801
1785114000,312.09,312.09,311.16,311.6,64.2237
1785117600,311.81,312.72,311.81,312.0,230.2066
1785121200,312.13,312.15,311.7,311.92,51.1812
1785124800,311.72,312.14,311.51,311.57,97.7762
1785128400,311.29,312.12,311.29,312.12,11.5945
1785132000,312.15,313.69,312.15,312.87,44.6227
1785135600,312.94,312.94,312.08,312.6,56.6185
1785139200,312.01,312.01,311.58,311.75,30.0517
1785142800,311.09,312.26,311.09,312.2,47.9443
1785146400,312.18,312.7,312.06,312.68,58.3656
1785150000,312.68,313.0,312.54,312.92,146.9503
1785153600,312.61,314.62,311.76,313.95,347.3863
1785157200,314.06,315.98,312.71,315.6,53.6249
1785160800,314.2,314.4,308.01,308.77,356.9531
1785164400,309.09,309.33,308.56,308.73,149.6802
1785168000,308.57,310.73,308.57,310.6,157.9028
1785171600,311.27,311.77,311.07,311.07,10.9208
1785175200,310.07,310.07,309.26,309.26,5.0006
1785178800,310.52,310.7,310.52,310.7,1.8032
1785182400,310.7,310.7,310.7,310.7,0.0
1785186000,310.74,310.74,309.9,309.9,64.4569
1785189600,309.75,309.75,304.07,304.3,477.6164
1785193200,304.07,305.21,300.93,304.45,659.025
1785196800,304.11,304.11,302.82,302.82,58.7264
1785200400,302.81,302.81,299.12,300.58,862.0877
1785204000,300.57,301.0,300.11,301.0,41.2913
1785207600,301.0,301.0,300.55,300.81,65.5804
1785211200,300.81,300.81,300.09,300.24,43.1848
1785214800,300.75,301.43,300.75,300.94,120.3836
1785218400,300.93,301.33,300.61,301.26,71.2033
1785222000,301.27,301.27,300.55,300.55,51.3032
1785225600,300.73,301.18,300.56,300.99,17.5974
1785229200,301.03,301.52,300.69,300.69,50.0798
1785232800,300.69,300.94,300.51,300.51,90.9746
1785236400,300.5,300.76,300.01,300.45,135.0012
1785240000,300.52,301.19,300.5,301.19,237.0334
1785243600,301.35,301.35,298.0,298.65,395.0804
1785247200,299.29,301.68,298.29,301.52,199.5482
1785250800,301.67,305.49,301.28,304.26,246.8122
1785254400,304.36,304.88,303.97,304.88,1.4973
1785258000,304.55,304.55,301.81,301.81,44.6153
1785261600,302.68,302.68,302.38,302.46,50.3672
1785265200,302.55,303.08,302.55,303.08,2.1399
1785268800,304.0,304.0,302.9,302.9,0.4512
1785272400,302.9,302.9,302.9,302.9,0.0
1785276000,303.45,303.45,301.04,301.04,23.5105
1785279600,301.03,301.98,300.12,301.98,40.6714
1785283200,302.0,302.84,301.89,302.46,61.3596
1785286800,302.01,302.01,300.5,300.5,23.7343
1785290400,300.02,301.97,299.49,301.39,85.3261
1785294000,300.85,301.04,299.01,299.01,291.6791
1785297600,299.0,300.22,298.0,300.02,312.5449
1785301200,300.18,301.56,300.18,301.56,17.5536
1785304800,300.69,302.54,300.69,302.54,8.9572
1785308400,302.74,302.83,302.51,302.64,172.4007
1785312000,302.78,303.15,302.22,303.15,20.1381
1785315600,302.66,303.41,302.66,303.41,14.9729
1785319200,303.31,303.31,302.34,302.43,10.3622
1785322800,302.86,303.0,302.66,302.79,5.9333
1785326400,302.74,302.74,301.35,301.56,190.4936
1785330000,301.6,301.97,301.13,301.96,20.0691
1785333600,302.48,302.76,300.23,300.61,148.8593
1785337200,300.98,300.98,300.0,300.0,93.8727
1785340800,299.5,300.25,299.18,299.79,55.4132
1785344400,300.4,302.2,300.01,302.2,45.4313
1785348000,302.4,304.37,302.4,304.37,37.3538
1785351600,301.82,301.82,298.35,298.35,93.6465
1785355200,298.3,299.02,297.07,297.41,39.9344
1785358800,297.05,298.95,296.89,298.9,12.7508
1785362400,299.56,301.8,299.56,301.29,9.7629
1785366000,301.36,301.75,300.86,301.7,20.6071
1785369600,301.68,301.84,300.16,300.16,4.9038
1785373200,300.09,303.23,300.09,303.23,48.6416
1785376800,303.25,303.25,302.71,302.72,54.245
1785380400,302.14,302.56,301.75,301.75,71.6074
1785384000,301.71,301.71,301.1,301.33,17.9077
1785387600,300.66,301.7,300.65,301.42,8.3482
1785391200,301.37,301.4,301.03,301.03,23.5203
1785394800,301.36,301.37,300.91,300.99,16.4437
1785398400,300.08,301.36,300.0,301.36,60.751
1785402000,301.36,302.64,301.36,302.64,76.2738
1785405600,302.51,302.92,301.77,301.77,182.211
1785409200,302.1,303.0,302.1,303.0,6.2825
1785412800,303.0,303.74,302.76,303.74,33.6074
1785416400,303.8,305.47,303.52,305.47,60.9776
1785420000,304.5,305.0,304.17,304.55,9.8582
1785423600,304.5,305.59,304.5,304.83,64.4174
1785427200,305.07,305.58,304.43,304.43,12.0063
1785430800,304.63,305.36,304.09,305.19,25.8096
1785434400,305.6,305.6,304.84,304.84,1.3679
1785438000,305.33,305.39,305.33,305.39,1.4657
1785441600,305.55,305.55,305.14,305.14,0.4387
1785445200,304.53,304.53,304.53,304.53,0.4002
1785448800,305.34,305.87,305.34,305.79,29.2464
1785452400,305.38,305.99,304.82,304.82,204.0197
1785456000,304.65,304.65,304.38,304.38,33.2971
1785459600,304.29,307.0,304.26,304.26,100.5907
1785463200,304.01,304.5,303.1,303.15,56.5439
1785466800,303.0,303.5,302.65,303.49,145.3202
1785470400,303.23,303.23,302.0,302.01,41.7575
1785474000,302.01,303.82,302.01,303.51,100.8719
1785477600,303.52,305.77,303.52,303.73,189.4617
1785481200,302.99,302.99,301.36,302.03,30.0072
1785484800,301.93,302.0,301.79,301.79,12.6977
1785488400,301.79,301.87,301.21,301.3,24.2238
1785492000,301.3,301.79,301.18,301.7,31.4212
1785495600,301.98,302.0,301.21,301.46,185.4218
1785499200,301.53,301.81,301.45,301.5,10.6674
1785502800,301.5,302.0,300.51,300.51,66.7796
1785506400,300.51,301.75,299.02,299.32,392.2083
1785510000,299.35,300.03,299.06,299.97,81.3892
1785513600,300.0,300.72,299.91,300.72,94.3099
1785517200,300.48,300.86,300.48,300.86,28.5946
1785520800,300.87,300.87,299.9,300.0,28.2135
1785524400,299.9,299.95,299.77,299.95,3.1204
1785528000,300.13,300.13,300.13,300.13,0.1499
1785531600,299.98,299.98,299.0,299.0,272.4351
1785535200,298.39,299.2,298.39,299.04,3.128
1785538800,299.02,299.25,299.02,299.11,17.2493
1785542400,299.27,299.74,299.27,299.55,29.3521
1785546000,299.52,299.98,299.52,299.84,26.8909
1785549600,299.78,300.05,299.78,299.95,8.3606
1785553200,299.92,299.97,299.34,299.61,64.5845
1785556800,299.61,300.13,299.61,300.13,8.6928
1785560400,300.12,300.12,299.69,299.76,28.8428
1785564000,299.22,299.66,299.22,299.54,4.573
1785567600,299.55,299.84,299.4,299.4,371.5184
1785571200,299.52,299.69,299.42,299.59,16.483
1785574800,299.82,299.82,299.3,299.3,49.0446
1785578400,299.3,299.3,298.65,299.04,257.9624
1785582000,298.9,299.08,298.9,299.08,13.2164
1785585600,299.11,299.22,299.11,299.13,13.4527
1785589200,299.22,299.32,299.22,299.26,36.3336
1785592800,299.34,299.36,299.17,299.23,61.1804
1785596400,299.33,299.34,298.5,298.71,32.6063
1785600000,298.64,299.0,298.0,298.0,33.8905
1785603600,297.43,297.43,294.26,295.05,126.8099
1785607200,294.79,295.19,290.38,290.7,83.3987
1785610800,292.51,292.57,292.41,292.5,17.2924
1785614400,292.75,293.25,292.75,293.25,2.9108
1785618000,293.95,294.47,293.95,294.47,3.8162
1785621600,294.98,295.0,294.98,294.99,4.4149
1785625200,295.2,295.2,294.99,295.05,15.1667
1785628800,295.76,295.76,295.45,295.7,3.5901
1785632400,296.17,298.25,296.17,297.93,35.4683
1785636000,298.46,300.32,298.46,299.84,69.9651
1785639600,299.89,300.04,299.72,300.03,14.7088
1785643200,300.05,300.84,300.05,300.46,50.919
1785646800,301.0,301.58,301.0,301.58,68.5359
1785650400,301.28,301.48,301.1,301.1,3.3598
1785654000,301.11,301.11,301.1,301.1,0.9876
1785657600,301.11,301.11,300.35,300.35,70.1808
1785661200,300.13,300.72,299.73,300.72,78.3442
1785664800,300.61,300.61,299.71,299.74,113.7302
1785668400,299.75,299.75,298.5,298.5,209.1556
1785672000,298.92,299.31,298.46,298.46,69.97
1785675600,298.31,298.46,297.56,298.38,12.6366
1785679200,298.38,299.2,298.38,299.02,19.2343
1785682800,299.0,299.17,298.54,298.56,15.5865
1785686400,298.5,298.9,298.15,298.9,1.4632
1785690000,298.88,299.5,298.88,299.5,7.3747
1785693600,299.5,299.75,299.42,299.75,29.7837
1785697200,300.87,300.87,300.87,300.87,1.6231
1785700800,300.74,300.99,300.74,300.99,11.6001
1785704400,301.0,302.15,301.0,302.03,11.8605
1785708000,302.67,302.82,302.0,302.0,2.681
1785711600,301.12,301.12,300.39,300.7,25.8451
1785715200,300.45,300.45,299.13,299.13,14.4845
1785718800,299.13,299.13,298.02,298.07,162.0697
1785722400,298.13,298.68,298.13,298.68,4.2238
1785726000,298.68,298.73,297.9,298.31,28.2987
1785729600,298.1,298.68,298.1,298.5,38.5694
1785733200,298.38,298.57,298.18,298.18,22.6989
1785736800,298.18,298.25,297.03,297.26,122.9985
1785740400,297.12,297.3,296.77,296.81,8.3381
1785744000,296.77,296.87,295.24,296.2,82.1688
1785747600,296.34,297.57,296.34,297.57,29.3918
1785751200,297.66,297.83,297.44,297.67,14.1283
1785754800,297.47,297.75,297.05,297.05,25.4081
1785758400,297.17,297.46,297.16,297.31,35.0251
1785762000,297.12,300.22,297.09,300.22,183.7561
1785765600,300.22,301.87,299.73,301.87,130.4031
1785769200,301.98,301.99,301.29,301.29,49.3305
1785772800,301.78,301.78,300.31,300.61,5.6451
1785776400,300.21,301.5,300.21,301.28,48.9477
1785780000,301.52,303.29,301.52,302.79,211.9606
1785783600,302.68,303.0,302.68,302.77,5.0975
1785787200,302.5,302.5,302.46,302.46,2.7478
1785790800,302.46,302.46,302.46,302.46,0.0
1785794400,301.02,301.02,300.53,300.82,11.9399
1785798000,300.71,300.87,300.36,300.87,51.2128
1785801600,300.86,300.99,299.21,299.21,16.533
1785805200,299.21,301.67,299.21,301.67,90.756
1785808800,301.9,302.72,301.68,302.28,61.7531
1785812400,302.0,302.0,300.89,301.43,14.0282
1785816000,301.31,302.48,301.07,301.86,54.8236
1785819600,301.7,301.7,300.1,301.62,312.5843
1785823200,301.62,301.77,300.41,300.41,39.4521
1785826800,300.41,301.22,300.03,301.22,14.2483
1785830400,300.75,300.79,300.0,300.08,5.9441
1785834000,300.0,300.0,299.52,299.66,46.3924
1785837600,299.54,300.93,299.22,300.93,6.2173
1785841200,301.09,302.06,301.03,302.0,14.7181
1785844800,301.99,302.5,301.89,302.21,36.9651
1785848400,302.13,302.83,301.88,301.88,13.3487
1785852000,301.57,302.0,300.63,301.84,17.1873
1785855600,302.69,303.41,301.35,303.29,33.9228
1785859200,303.08,303.2,302.4,302.4,24.5862
1785862800,303.61,303.71,303.2,303.2,2.5662
1785866400,303.35,304.5,303.35,303.86,7.3317
1785870000,304.44,304.44,304.3,304.35,64.0481
1785873600,304.31,304.85,303.33,304.69,4.7088
1785877200,304.29,304.29,303.7,303.7,3.5381
1785880800,304.06,304.06,303.74,303.74,10.9688
1785884400,303.91,304.11,302.64,302.64,25.8372
1785888000,302.39,302.4,301.59,301.59,22.2823
1785891600,301.58,303.47,301.56,303.39,14.6546
1785895200,303.4,304.33,303.4,304.0,56.3131
1785898800,304.08,304.08,302.01,302.01,31.7037
1785902400,302.01,302.01,301.35,301.74,65.4006
1785906000,301.6,303.29,301.59,303.29,258.9199
1785909600,303.07,303.24,302.58,302.58,12.2597
1785913200,302.23,302.23,301.5,302.11,6.1799
1785916800,302.69,302.93,302.69,302.91,33.2735
1785920400,302.87,303.3,302.83,302.83,43.2091
1785924000,302.82,302.82,302.1,302.15,51.4513
1785927600,302.07,302.57,302.0,302.0,60.7008
1785931200,302.01,303.99,302.01,302.96,62.5797
1785934800,303.19,303.19,300.65,302.6,96.3223
1785938400,303.29,303.29,301.89,302.46,44.02
1785942000,302.94,303.66,302.65,302.91,72.2281
1785945600,303.0,304.0,303.0,303.86,7.6503
1785949200,303.73,304.85,303.22,304.76,19.4594
1785952800,304.73,305.15,304.68,304.68,184.3246
1785956400,304.93,304.93,304.54,304.7,18.7221
1785960000,304.19,304.19,304.19,304.19,0.3288
1785963600,304.0,304.0,303.11,303.11,1.5821
1785967200,303.16,303.17,302.59,302.63,11.328
1785970800,302.59,302.6,302.5,302.6,57.9328
1785974400,302.6,303.19,302.59,302.78,94.306
1785978000,302.71,302.71,301.88,301.88,218.7832
1785981600,301.88,301.88,300.41,300.77,169.3279
1785985200,300.82,300.89,300.82,300.82,38.6131
1785988800,300.82,302.0,300.82,302.0,6.5436
1785992400,302.0,303.8,302.0,303.35,21.7983
1785996000,303.49,303.49,302.7,302.7,21.0061
1785999600,302.65,302.86,302.15,302.15,20.2203
1786003200,302.0,302.48,301.56,302.48,36.8036
1786006800,302.13,302.13,299.57,299.73,54.0964
1786010400,299.75,300.04,299.57,300.01,42.4545
1786014000,299.72,300.57,299.63,300.57,20.0565
1786017600,300.24,300.24,299.99,299.99,33.9068
1786021200,299.63,299.99,298.88,299.99,123.1503
1786024800,299.95,300.85,299.42,300.77,28.9689
1786028400,300.78,301.0,300.15,300.15,100.8705
1786032000,300.01,300.16,299.62,300.11,31.5588
1786035600,299.83,299.83,299.09,299.09,5.8041
1786039200,299.08,299.08,297.93,297.93,35.8737
1786042800,297.92,297.92,297.01,297.01,37.539
1786046400,297.77,297.77,297.77,297.77,0.3359
1786050000,297.85,298.04,297.85,297.88,49.5118
1786053600,297.84,297.84,297.03,297.06,5.3842
1786057200,297.05,297.06,296.06,296.9,61.5234
1786060800,297.42,297.42,296.78,296.89,106.739
1786064400,297.1,297.31,296.87,297.02,42.9018
1786068000,297.18,297.87,296.51,297.42,163.7817
1786071600,297.37,297.46,297.28,297.28,42.9261
1786075200,297.25,297.53,297.05,297.32,125.8344
1786078800,297.4,297.7,297.0,297.7,8.2304
1786082400,297.9,298.49,297.8,297.81,210.2169
1786086000,297.95,298.3,297.95,298.05,24.3976
1786089600,298.13,298.51,298.13,298.51,1.9242
1786093200,300.72,301.0,300.72,300.81,23.8099
1786096800,300.99,301.0,300.56,300.56,30.4074
1786100400,301.01,301.15,300.74,300.91,60.9887
1786104000,300.92,302.99,300.92,301.94,117.7594
1786107600,301.82,303.67,301.81,303.67,30.9783
1786111200,303.01,303.02,301.4,302.73,87.7899
1786114800,301.59,302.38,301.59,302.13,41.9888
1786118400,302.29,302.46,301.5,301.5,15.0785
1786122000,301.35,301.35,300.0,300.01,22.6749
1786125600,300.01,300.01,300.01,300.01,2.1382
1786129200,300.52,302.0,300.52,302.0,7.5061
1786132800,302.66,302.66,301.87,301.87,12.2027
1786136400,300.97,300.97,300.97,300.97,0.0166
1786140000,301.19,301.28,300.96,300.96,3.2782
1786143600,301.38,301.38,301.03,301.24,11.0652
1786147200,301.03,301.32,301.01,301.32,19.9169
1786150800,301.33,302.0,301.33,302.0,18.3048
1786154400,302.06,302.35,302.06,302.06,24.2903
1786158000,302.06,305.26,302.06,305.26,281.6937
1786161600,305.88,306.18,304.83,305.08,38.9499
1786165200,305.01,305.26,304.96,305.0,52.5266
1786168800,305.08,305.73,305.01,305.54,53.0588
1786172400,305.54,305.85,305.54,305.61,29.4668
1786176000,305.61,305.99,305.6,305.91,35.3374
1786179600,306.0,306.58,305.99,306.28,22.3555
1786183200,306.36,307.0,306.36,307.0,18.2022
1786186800,307.15,309.15,307.15,309.15,213.5797
1786190400,309.53,309.53,308.44,309.0,12.2571
1786194000,308.99,308.99,308.75,308.99,54.6254
1786197600,308.99,312.9,308.99,312.9,170.8787
1786201200,312.99,313.51,312.05,312.3,153.9192
1786204800,312.58,312.68,312.2,312.68,99.8991
1786208400,312.6,312.85,312.25,312.84,197.2623
1786212000,312.38,312.38,311.89,311.89,7.9643
1786215600,311.86,312.2,311.65,312.2,6.8857
1786219200,312.19,312.27,312.1,312.16,3.8119
1786222800,312.35,312.49,312.35,312.49,0.8002
1786226400,312.22,312.35,311.17,311.17,39.1504
1786230000,311.17,311.87,310.89,311.63,145.3861
1786233600,311.62,311.63,311.25,311.55,58.7713
1786237200,311.56,311.58,311.01,311.15,159.212
1786240800,311.05,311.52,311.04,311.1,8.5464
1786244400,311.01,311.3,311.0,311.3,42.1788
1786248000,311.3,311.74,311.29,311.3,319.2114
1786251600,311.37,311.54,311.15,311.51,59.7452
1786255200,311.5,312.9,311.49,312.9,72.2034
1786258800,312.9,312.9,312.47,312.47,40.8429
1786262400,312.9,313.0,312.1,312.39,168.3238
1786266000,312.4,313.0,312.4,312.99,139.3021
1786269600,313.0,313.48,312.98,312.99,19.3845
1786273200,312.99,313.34,312.98,313.34,36.4998
1786276800,313.34,313.51,312.75,312.85,20.7568
1786280400,313.08,314.15,313.08,313.66,104.5722
1786284000,313.93,314.87,313.83,314.87,6.2911
1786287600,314.97,316.59,314.71,316.59,67.0355
1786291200,316.66,316.99,315.82,316.25,10.7364
1786294800,316.2,316.41,316.01,316.01,48.4943
1786298400,316.02,316.13,316.01,316.03,13.6759
1786302000,316.14,316.27,316.14,316.27,0.7875
1786305600,316.03,316.23,316.01,316.23,6.0179
1786309200,316.49,316.99,316.49,316.71,17.0127
1786312800,316.99,317.76,314.22,314.58,82.4529
1786316400,314.51,314.51,312.5,312.5,105.2799
1786320000,312.71,314.7,312.71,313.56,156.1252
1786323600,313.74,314.88,312.97,314.42,43.0587
1786327200,313.84,314.18,313.11,313.77,83.2861
1786330800,313.52,313.88,312.69,313.59,159.6155
1786334400,313.59,313.59,312.59,312.91,68.3123
1786338000,312.92,313.98,312.9,313.85,55.2832
1786341600,313.82,314.21,313.59,314.17,57.1852
1786345200,314.14,314.33,314.13,314.15,39.3624
1786348800,314.15,314.54,313.72,314.24,96.4567
1786352400,314.41,314.53,313.19,313.19,33.0241
1786356000,313.38,314.14,313.26,314.14,8.2534
1786359600,313.74,314.49,313.73,314.49,7.0858
1786363200,314.49,314.98,313.22,313.22,127.5156
1786366800,313.53,313.85,312.01,312.48,247.5106
1786370400,313.67,313.67,312.64,312.64,6.7135
1786374000,312.63,312.8,311.02,311.06,109.7613
1786377600,311.38,311.76,310.11,310.11,119.4968
1786381200,311.0,311.67,311.0,311.67,45.6067
1786384800,311.67,311.67,310.66,310.89,174.385
1786388400,310.89,311.98,310.89,311.98,19.9043
1786392000,311.98,312.88,311.98,312.88,7.1117
1786395600,312.86,312.86,312.86,312.86,0.6241
1786399200,312.74,312.74,312.07,312.27,45.543
1786402800,312.07,312.07,312.06,312.06,14.0839
1786406400,312.06,312.06,311.14,311.14,40.5263
1786410000,311.14,311.61,310.5,311.61,106.1183
1786413600,311.61,311.61,311.51,311.51,2.5135
1786417200,311.86,311.96,311.71,311.71,21.1471
1786420800,311.84,312.0,311.84,311.86,24.0546
1786424400,311.81,311.81,311.17,311.19,51.4621
1786428000,311.01,311.53,311.0,311.01,202.9506
1786431600,310.86,310.86,309.6,310.05,52.5951
1786435200,310.14,310.81,310.14,310.81,3.5216
1786438800,310.69,310.72,310.0,310.0,7.5784
1786442400,310.56,310.69,310.13,310.69,10.8494
1786446000,310.6,311.88,310.6,311.67,9.1788
1786449600,311.34,311.41,310.13,310.44,62.6921
1786453200,310.35,311.0,310.35,310.81,20.0453
1786456800,311.23,311.62,308.2,308.2,136.3521
1786460400,308.25,308.42,306.7,306.83,79.2253
1786464000,306.76,307.49,306.76,307.21,22.4151
1786467600,307.46,307.97,307.46,307.97,2.8633
1786471200,308.5,308.93,308.5,308.81,5.023
1786474800,308.97,310.01,308.4,310.01,25.2593
1786478400,310.32,312.04,310.32,312.01,20.0154
1786482000,311.93,311.93,311.93,311.93,0.5863
1786485600,313.0,314.06,312.99,313.21,61.4052
1786489200,313.0,313.0,312.75,312.77,18.7063
1786492800,312.86,312.86,312.81,312.82,83.7125
1786496400,313.01,313.51,313.01,313.05,6.6002
1786500000,313.39,313.62,313.28,313.37,28.1921
1786503600,313.18,313.18,313.0,313.0,75.9699
1786507200,313.33,313.33,313.0,313.0,173.2247
1786510800,312.9,312.9,312.57,312.57,63.7671
1786514400,312.6,312.6,311.8,311.81,84.477
1786518000,311.81,311.87,311.34,311.34,25.3434
1786521600,312.32,312.92,312.07,312.07,23.1748
1786525200,312.3,314.12,312.3,314.12,18.9657
1786528800,313.58,313.95,313.58,313.75,20.3724
1786532400,313.63,313.99,313.62,313.92,5.8783
1786536000,314.15,315.0,312.01,313.15,557.7921
1786539600,312.92,312.92,311.82,311.82,97.9232
1786543200,311.8,311.8,309.04,309.04,76.441
1786546800,309.51,310.13,309.51,309.94,32.8809
1786550400,309.65,310.04,309.37,309.37,17.5793
1786554000,309.98,310.88,309.89,310.88,6.1749
1786557600,310.74,310.74,310.7,310.7,0.6792
1786561200,310.39,310.39,310.39,310.39,0.9665
1786564800,310.56,311.11,310.56,311.11,1.0594
1786568400,310.81,310.81,309.05,309.46,21.7109
1786572000,309.0,309.51,309.0,309.05,11.5903
1786575600,309.07,309.43,309.04,309.43,76.4249
1786579200,309.59,310.36,309.58,309.74,23.6689
1786582800,309.88,310.18,309.44,310.02,11.3898
1786586400,309.78,310.63,309.55,310.63,20.8226
1786590000,311.58,312.28,311.58,312.28,3.9292
1786593600,312.25,312.25,311.51,311.63,71.1655
1786597200,311.54,313.0,311.54,313.0,9.8453
1786600800,313.0,313.0,312.99,312.99,58.7076
1786604400,312.99,313.1,312.91,313.1,16.5471
1786608000,313.09,313.09,312.15,312.16,21.1773
1786611600,312.16,312.17,311.22,311.64,13.7757
1786615200,311.63,311.63,310.23,310.23,9.2805
1786618800,310.12,310.12,310.0,310.0,21.9464
1786622400,310.01,311.48,310.01,311.45,20.7642
1786626000,311.48,311.96,311.33,311.85,8.9835
1786629600,311.63,313.07,311.63,312.88,37.9918
1786633200,312.89,313.03,310.12,310.12,8.8993
1786636800,310.02,310.44,309.0,309.34,407.5021
1786640400,310.25,310.56,310.25,310.47,0.5306
1786644000,310.71,310.71,310.58,310.58,1.8525
1786647600,311.71,311.79,311.71,311.79,3.7419
1786651200,311.79,311.79,311.79,311.79,0.0
1786654800,312.0,312.0,311.92,311.98,2.6226
1786658400,312.27,312.75,312.27,312.6,4.072
1786662000,312.22,312.22,312.19,312.19,1.1458
1786665600,311.9,311.9,311.22,311.22,2.27
1786669200,311.44,311.57,311.02,311.57,24.7545
1786672800,311.52,311.63,311.35,311.46,25.4895
1786676400,311.07,311.2,310.25,310.25,76.408
1786680000,310.7,311.09,310.67,310.67,70.9275
1786683600,310.82,310.98,310.63,310.67,15.9876
1786687200,310.5,310.5,309.55,309.55,10.9857
1786690800,309.6,309.98,309.43,309.57,32.6261
1786694400,309.66,310.49,309.66,310.49,15.7544
1786698000,310.49,310.5,309.43,309.43,7.0378
1786701600,309.94,309.94,309.33,309.41,20.3193
1786705200,309.42,309.5,309.32,309.5,22.9388
1786708800,309.5,309.75,309.23,309.66,76.7358
1786712400,309.5,309.5,309.06,309.23,10.5062
1786716000,309.23,309.23,308.71,309.2,51.8737
1786719600,308.86,310.53,308.86,310.53,784.332
1786723200,310.45,310.45,309.79,309.79,53.554
1786726800,309.59,310.21,308.85,308.85,11.1603
1786730400,308.2,308.2,307.89,307.89,14.8991
1786734000,307.88,307.93,306.99,307.93,39.548
1786737600,308.15,308.15,308.15,308.15,1.4583
1786741200,308.29,308.45,308.23,308.23,5.1644
1786744800,308.01,308.32,308.01,308.32,19.1939
1786748400,308.37,308.96,308.37,308.96,27.192
1786752000,308.85,309.0,308.82,308.99,44.1851
1786755600,308.89,309.2,308.89,309.1,43.0249
1786759200,309.1,310.0,309.1,309.83,77.2922
1786762800,310.13,310.24,310.0,310.0,47.8176
1786766400,309.43,309.65,309.43,309.65,4.8278
1786770000,309.49,309.65,309.17,309.18,69.6925
1786773600,309.12,309.58,309.0,309.58,18.8972
1786777200,309.31,309.31,309.0,309.0,7.1319
1786780800,309.01,309.01,308.5,308.5,17.4688
1786784400,308.5,308.72,308.4,308.71,69.8094
1786788000,308.81,309.02,308.67,309.01,5.878
1786791600,309.01,309.01,309.0,309.01,4.9312
1786795200,309.01,309.01,309.0,309.01,11.4588
1786798800,309.23,309.65,309.23,309.65,12.85
1786802400,309.65,309.65,309.64,309.65,5.8561
1786806000,309.63,309.65,309.54,309.65,104.928
1786809600,309.65,309.65,309.4,309.64,37.6209
1786813200,309.65,309.65,309.65,309.65,90.8299
1786816800,309.99,310.0,309.85,310.0,3.5134
1786820400,310.0,310.0,310.0,310.0,5.927
1786824000,309.69,309.69,309.69,309.69,0.0081
1786827600,309.85,310.56,309.85,310.49,3.1234
1786831200,310.11,310.11,309.9,309.9,2.5415
1786834800,309.51,309.53,309.51,309.51,0.7906
1786838400,309.5,309.54,309.25,309.54,15.7781
1786842000,309.68,309.68,309.26,309.51,17.8716
1786845600,309.26,310.0,309.26,310.0,5.4888
1786849200,310.12,310.34,310.12,310.19,10.2422
1786852800,310.11,310.11,309.73,309.73,3.2688
1786856400,309.74,309.74,309.27,309.27,27.4426
1786860000,309.27,309.48,309.26,309.48,19.6528
1786863600,309.26,309.59,309.26,309.59,2.7073
1786867200,309.45,309.62,309.45,309.62,63.1968
1786870800,309.49,309.49,309.07,309.07,4.0375
1786874400,309.02,309.02,308.59,308.85,26.754
1786878000,308.85,308.85,308.82,308.84,11.8365
1786881600,308.87,308.87,308.64,308.64,3.4282
1786885200,308.65,308.8,308.65,308.8,12.486
1786888800,308.8,309.0,308.7,309.0,102.2655
1786892400,309.0,309.88,308.99,309.52,118.4627
1786896000,309.5,309.63,309.13,309.13,23.0526
1786899600,309.11,309.11,308.9,308.9,47.0781
1786903200,308.58,308.58,308.0,308.0,257.8831
1786906800,308.11,308.58,308.11,308.17,2.4329
1786910400,308.04,308.04,307.65,307.65,197.3179
1786914000,307.47,307.47,304.28,304.75,97.9412
1786917600,304.27,305.02,304.27,304.69,3.532
1786921200,305.02,305.02,305.0,305.02,22.9151
1786924800,305.02,305.28,304.91,305.28,4.58
1786928400,306.35,307.75,306.35,307.62,89.512
1786932000,306.99,308.39,306.99,308.39,64.3343
1786935600,308.42,308.47,308.17,308.17,91.6902
1786939200,308.54,308.54,308.06,308.1,107.007
1786942800,308.2,308.2,307.73,307.73,43.58
1786946400,307.81,309.1,307.59,309.1,64.5594
1786950000,308.95,308.95,308.6,308.6,41.6116
1786953600,308.67,308.67,306.37,306.37,20.1745
1786957200,307.02,307.03,306.57,306.79,25.7297
1786960800,306.81,308.0,306.81,308.0,15.2582
1786964400,308.05,308.2,307.9,308.01,19.0501
1786968000,308.01,308.01,306.76,306.85,35.367
1786971600,306.83,307.88,306.49,307.33,185.4206
1786975200,307.54,308.67,307.38,308.67,26.4163
1786978800,308.78,309.0,308.33,309.0,11.6605
1786982400,309.0,309.0,308.69,309.0,9.2123
1786986000,309.0,309.0,308.0,308.0,7.2576
1786989600,308.21,308.83,308.21,308.83,0.4696
1786993200,308.83,308.83,308.83,308.83,0.0
1786996800,307.6,308.34,307.6,308.34,5.3973
1787000400,308.81,308.81,308.81,308.81,15.5002
1787004000,308.29,308.29,308.01,308.01,3.287
1787007600,308.01,308.89,308.01,308.79,5.6393
1787011200,308.52,308.83,308.29,308.53,16.9787
1787014800,308.46,308.46,307.38,307.43,55.7869
1787018400,307.28,307.28,306.35,306.48,50.3243
1787022000,306.41,307.04,306.34,307.01,139.1618
1787025600,306.87,308.04,306.87,308.04,12.354
1787029200,308.08,308.39,307.58,307.76,44.7585
1787032800,307.64,308.73,307.63,308.41,34.9949
1787036400,309.0,309.32,308.83,308.83,54.4416
1787040000,308.63,309.29,308.49,309.29,60.0636
1787043600,309.28,309.29,308.53,308.65,17.7946
1787047200,308.59,308.64,308.57,308.57,11.1428
1787050800,308.75,310.57,308.58,310.19,64.6411
1787054400,310.67,310.68,310.15,310.4,45.7826
1787058000,310.4,310.4,309.6,309.62,31.7753
1787061600,310.43,313.48,310.43,312.82,124.9861
1787065200,312.52,313.5,312.52,313.5,50.5463
1787068800,313.55,314.0,313.01,313.29,39.3086
1787072400,313.02,313.02,312.78,312.78,12.073
1787076000,312.83,313.74,312.83,313.74,3.71
1787079600,313.74,313.74,313.74,313.74,0.0017
1787083200,313.73,313.73,312.56,312.56,1.1062
1787086800,313.03,313.03,312.88,312.88,0.5432
1787090400,313.17,313.39,312.94,312.94,83.0373
1787094000,313.01,313.47,313.01,313.23,29.8957
1787097600,312.97,312.99,312.31,312.99,29.0808
1787101200,312.89,312.89,312.06,312.13,114.248
1787104800,312.18,312.37,312.01,312.04,51.0508
1787108400,312.09,313.06,312.01,313.06,25.4708
1787112000,312.86,313.0,312.48,312.48,26.2702
1787115600,312.59,313.12,312.2,312.2,45.3201
1787119200,312.23,313.3,312.02,313.3,81.9243
1787122800,313.43,313.43,313.08,313.08,46.6104
1787126400,313.08,314.88,313.07,314.88,61.176
1787130000,314.62,314.71,314.07,314.25,24.9136
1787133600,314.18,314.51,314.06,314.51,18.1991
1787137200,314.63,315.0,314.63,315.0,4.8905
1787140800,315.0,319.21,314.83,318.59,254.8696
1787144400,317.92,319.5,317.92,318.79,101.1259
1787148000,318.86,328.0,318.78,328.0,1164.7984
1787151600,328.0,334.49,327.99,331.85,1539.1771
1787155200,331.86,333.0,331.14,331.22,198.8948
1787158800,330.63,330.64,328.81,330.45,198.9377
1787162400,329.8,333.0,329.8,332.96,35.1882
1787166000,333.0,333.62,332.91,333.62,137.2518
1787169600,333.53,339.83,333.53,338.48,758.712
1787173200,339.8,351.95,339.8,350.25,1493.3698
1787176800,350.3,350.3,343.78,344.98,408.3783
1787180400,344.51,345.89,343.28,344.6,165.2217
1787184000,344.6,344.99,343.0,343.0,320.8477
1787187600,342.69,343.26,335.01,343.0,481.5411
1787191200,343.02,343.37,341.08,341.08,194.5611
1787194800,341.05,341.05,338.62,340.37,140.1876
1787198400,340.38,341.42,340.38,341.42,67.9086
1787202000,341.45,341.7,341.45,341.66,39.1434
1787205600,341.58,345.15,341.43,345.0,160.4822
1787209200,345.0,346.56,345.0,346.51,205.658
1787212800,346.76,352.97,346.76,352.61,351.5408
1787216400,352.42,353.45,351.04,351.04,166.67
1787220000,351.02,352.99,350.29,351.25,180.4143
1787223600,351.39,353.0,350.56,351.22,476.9354
1787227200,350.76,351.1,348.08,349.25,271.4913
1787230800,349.26,350.9,347.0,347.9,219.2623
1787234400,348.0,349.04,346.71,347.69,101.0842
1787238000,347.69,349.99,347.69,349.99,424.7159
1787241600,349.99,350.23,348.75,349.06,32.117
1787245200,349.9,349.99,348.5,349.2,92.8255
1787248800,349.19,349.72,346.66,347.78,44.3454
1787252400,346.87,348.0,346.87,347.55,26.9727
1787256000,348.0,348.68,348.0,348.68,3.8945
1787259600,348.69,349.52,347.04,347.04,20.3302
1787263200,349.13,349.13,347.01,347.02,37.6395
1787266800,347.08,351.67,347.01,351.66,191.4768
1787270400,351.67,354.98,351.66,354.54,130.9545
1787274000,354.0,357.2,353.37,356.31,926.636
1787277600,356.37,360.44,355.9,358.2,513.784
1787281200,358.39,358.39,356.57,357.98,123.8515
1787284800,357.98,357.99,356.66,357.97,72.661
1787288400,357.88,361.94,357.88,360.97,381.3389
1787292000,360.97,363.78,360.0,361.2,197.2391
1787295600,361.99,363.78,360.01,362.02,753.6397
1787299200,362.01,369.95,362.01,369.9,397.4064
1787302800,369.95,369.95,360.01,366.51,954.9423
1787306400,366.44,366.44,363.6,365.7,267.3314
1787310000,365.05,365.69,361.11,362.19,402.7004
1787313600,361.24,364.84,361.24,363.95,195.6774
1787317200,364.13,365.64,360.47,364.56,415.8067
1787320800,364.68,368.45,361.06,368.45,755.1946
1787324400,368.9,368.9,366.39,366.42,188.7557
1787328000,366.43,368.49,365.0,367.75,63.9199
1787331600,367.5,368.5,366.19,367.99,91.1784
1787335200,368.0,368.57,366.57,366.8,30.6351
1787338800,366.92,366.92,363.93,364.34,106.2958
1787342400,363.72,368.04,363.72,367.55,35.7207
1787346000,367.26,372.47,367.06,372.47,292.9535
1787349600,372.47,375.0,372.39,375.0,382.3771
1787353200,374.98,376.94,372.79,373.21,191.1951
1787356800,373.47,375.21,371.0,372.9,98.7896
1787360400,373.0,375.66,372.96,373.89,281.0311
1787364000,374.24,379.56,374.24,379.0,136.3628
1787367600,379.56,386.0,379.56,386.0,469.0867
1787371200,386.0,406.0,383.75,395.3,1646.8746
1787374800,394.9,397.6,353.42,377.0,1842.0167
1787378400,376.85,380.34,374.39,377.97,403.6517
1787382000,378.75,382.45,377.92,379.51,794.4692
1787385600,379.51,381.08,374.7,376.74,473.7771
1787389200,377.2,379.26,365.0,376.86,471.0049
1787392800,377.11,377.11,365.0,372.17,288.1089
1787396400,372.16,372.65,370.37,372.0,32.0677
1787400000,372.14,376.53,371.23,375.45,33.9382
1787403600,375.51,375.83,374.88,374.98,57.5223
1787407200,375.0,375.0,371.84,371.84,49.854
1787410800,372.6,373.19,370.0,370.0,124.7369
1787414400,370.03,378.55,370.03,375.3,516.9897
1787418000,375.26,375.31,373.47,374.21,29.2464
1787421600,374.61,374.94,374.53,374.53,25.178
1787425200,375.38,375.9,374.68,375.9,0.5316
1787428800,376.15,376.15,375.08,375.09,10.1264
1787432400,375.0,375.0,370.0,370.0,78.668
1787436000,370.0,373.3,370.0,373.06,132.2025
1787439600,372.95,373.18,371.98,372.65,8.3858
1787443200,373.36,385.15,372.37,384.27,196.5218
1787446800,383.08,383.08,381.18,381.7,160.5398
1787450400,382.41,382.79,375.14,379.52,382.5737
1787454000,378.37,378.37,372.05,373.05,142.4396
1787457600,373.05,373.86,368.05,369.19,608.7972
1787461200,368.51,370.45,365.13,368.17,563.0368
1787464800,368.18,368.71,365.05,367.5,151.708
1787468400,368.0,369.77,368.0,369.32,78.9958
1787472000,369.29,372.2,369.28,372.12,71.5356
1787475600,372.54,373.59,362.05,372.59,283.101
1787479200,372.6,374.49,372.6,374.06,77.7989
1787482800,374.16,376.99,373.72,376.99,167.9712
1787486400,376.98,378.0,376.06,377.65,65.7867
1787490000,377.52,381.37,377.52,381.36,160.7292
1787493600,381.48,381.97,375.65,380.97,322.6861
1787497200,381.0,384.13,380.16,382.88,364.2508
1787500800,382.87,383.46,382.36,382.36,35.8777
1787504400,382.55,382.61,380.96,381.1,106.7192
1787508000,381.52,381.52,381.23,381.23,9.1875
1787511600,381.12,381.37,380.86,380.95,16.749
1787515200,380.8,380.8,380.36,380.65,5.1157
1787518800,381.28,384.0,381.28,382.34,141.3186
1787522400,381.0,382.22,380.0,381.73,90.4149
1787526000,382.31,382.99,380.02,381.84,53.5583
1787529600,381.33,382.0,377.7,382.0,200.7998
1787533200,382.26,382.26,377.5,377.5,177.4983
1787536800,377.4,380.8,376.87,379.11,133.6336
1787540400,379.78,379.78,376.82,377.57,94.5587
1787544000,376.86,378.99,376.86,377.97,230.5907
1787547600,378.98,380.14,377.5,378.69,202.2888
1787551200,378.3,380.26,378.04,379.67,105.8724
1787554800,380.81,383.8,378.47,378.67,91.8117
1787558400,378.44,379.48,376.49,378.34,65.1062
1787562000,379.42,381.91,379.42,381.54,49.4162
1787565600,381.83,382.97,381.49,381.67,113.2508
1787569200,380.05,387.49,380.05,385.78,266.8167
1787572800,385.49,388.51,381.01,387.9,241.1397
1787576400,387.61,388.44,381.14,383.01,161.2002
1787580000,383.49,388.65,382.87,386.91,218.251
1787583600,386.91,392.0,386.91,388.0,290.7354
1787587200,390.47,392.48,387.0,387.0,315.5043
1787590800,386.17,386.17,382.16,383.61,101.7236
1787594400,385.73,387.31,385.73,387.27,12.0704
1787598000,384.85,387.99,384.81,387.99,5.4206
1787601600,388.0,388.5,385.98,388.39,29.3177
1787605200,389.0,391.29,389.0,391.29,18.3372
1787608800,392.0,396.85,391.8,392.27,161.2971
1787612400,392.24,397.15,392.24,397.15,194.7537
1787616000,397.48,412.2,397.48,409.13,1668.5975
1787619600,409.5,411.5,403.09,404.02,264.3248
1787623200,404.17,409.8,403.58,405.68,272.021
1787626800,405.92,409.99,405.75,408.13,222.8633
1787630400,408.51,408.7,406.17,407.0,203.8024
1787634000,407.95,413.15,407.95,409.96,193.9237
1787637600,408.75,409.99,405.53,405.53,109.5306
1787641200,405.36,409.8,401.94,404.3,169.5903
1787644800,404.4,407.19,402.93,404.42,93.0306
1787648400,404.21,404.76,401.11,401.8,117.4414
1787652000,401.64,402.87,400.43,402.0,224.1495
1787655600,401.67,401.67,398.07,398.42,307.3971
1787659200,398.06,398.06,395.0,397.54,318.7866
1787662800,398.0,398.0,389.06,389.94,392.3202
1787666400,391.88,396.34,391.88,396.02,96.1651
1787670000,395.7,396.51,394.55,396.36,71.0653
1787673600,396.71,397.0,395.54,396.56,16.4509
1787677200,396.45,396.45,394.0,396.14,24.5968
1787680800,395.92,398.29,395.92,397.9,25.9035
1787684400,397.35,397.35,394.5,394.5,5.6261
1787688000,394.17,394.98,390.71,390.81,13.7893
1787691600,390.95,392.24,387.0,392.03,290.7223
1787695200,392.71,393.65,392.62,392.85,31.4503
1787698800,392.73,392.73,390.26,390.26,94.1302
1787702400,390.01,390.99,388.88,390.94,198.3834
1787706000,391.0,391.99,390.74,391.07,91.5006
1787709600,390.27,392.42,390.27,391.53,402.3162
1787713200,391.52,391.52,390.41,390.73,238.4052
1787716800,390.28,391.39,389.42,389.42,41.4369
1787720400,389.4,390.91,388.03,390.74,49.4551
1787724000,390.79,391.0,389.02,389.55,53.3156
1787727600,389.64,390.63,389.64,390.03,32.2495
1787731200,390.18,391.02,389.46,389.46,135.2433
1787734800,388.03,388.03,386.05,386.78,172.5704
1787738400,386.5,393.0,386.28,391.91,110.2946
1787742000,391.86,392.28,389.16,390.21,79.8405
1787745600,390.19,391.56,386.78,390.55,164.988
1787749200,390.64,390.64,386.1,386.86,61.0625
1787752800,387.89,389.31,384.05,384.05,282.268
1787756400,384.05,385.95,382.5,385.93,153.0994
1787760000,385.36,385.81,384.0,385.3,65.1888
1787763600,386.98,389.91,386.98,389.91,218.5904
1787767200,389.43,389.79,388.58,388.59,4.0921
1787770800,388.52,388.54,388.52,388.54,3.0369
1787774400,388.93,388.93,388.11,388.11,5.221
1787778000,388.77,394.13,388.77,394.13,36.525
1787781600,394.15,403.65,394.15,400.01,595.6396
1787785200,400.01,410.15,400.0,409.42,649.5742
1787788800,409.1,409.1,404.69,404.69,668.5237
1787792400,404.38,408.98,404.29,408.34,66.4917
1787796000,407.84,408.99,405.42,406.87,167.1294
1787799600,406.56,408.13,402.97,405.88,444.8569
1787803200,405.88,407.52,405.51,406.4,76.1958
1787806800,406.56,410.15,405.68,410.15,515.5963
1787810400,409.26,409.26,405.89,406.99,13.2425
1787814000,406.99,409.81,406.68,409.81,196.0446
1787817600,410.0,421.38,410.0,420.3,675.0212
1787821200,419.86,424.14,418.3,419.21,583.0321
1787824800,419.48,421.74,415.67,418.37,593.0622
1787828400,419.14,421.03,416.38,417.65,82.2704
1787832000,417.65,420.12,417.65,420.01,115.826
1787835600,420.14,426.77,419.24,426.77,302.1878
1787839200,425.1,432.72,423.45,428.41,478.873
1787842800,429.46,433.0,428.59,431.28,350.1177
1787846400,430.92,438.94,430.01,438.23,714.7984
1787850000,436.69,439.86,434.0,435.01,867.6892
1787853600,435.08,435.08,430.0,434.51,512.4778
1787857200,435.07,440.5,435.07,439.38,126.6305
1787860800,438.09,440.0,436.78,436.78,9.628
1787864400,437.27,438.16,435.36,435.97,10.8748
1787868000,437.88,443.15,437.88,438.88,243.6027
1787871600,438.13,441.91,438.13,438.6,114.7624
1787875200,437.93,441.76,437.31,438.21,72.8403
1787878800,438.01,439.29,432.95,433.39,281.0519
1787882400,433.12,433.12,426.05,426.8,487.8187
1787886000,426.07,430.33,425.51,428.85,285.9825
1787889600,429.14,432.73,427.76,428.93,388.2948
1787893200,429.63,431.57,429.63,431.22,46.7502
1787896800,431.28,432.9,431.28,432.54,77.3737
1787900400,432.54,432.54,428.02,428.02,97.9644
1787904000,428.53,429.52,426.05,426.47,236.85
1787907600,426.47,427.99,425.05,425.99,131.5221
1787911200,425.79,426.23,421.06,426.23,230.8194
1787914800,426.34,428.64,425.0,425.01,400.4122
1787918400,425.01,425.55,421.5,421.6,157.6226
1787922000,422.0,423.96,421.36,423.69,222.0024
1787925600,423.31,427.54,417.23,425.8,473.5901
1787929200,427.55,432.45,423.53,423.53,142.0111
1787932800,423.76,424.56,415.4,423.32,628.7229
1787936400,423.0,423.0,420.07,421.61,146.0281
1787940000,421.16,421.16,412.96,414.9,337.911
1787943600,416.12,417.36,415.95,416.55,173.3908
1787947200,415.61,418.85,415.42,417.84,291.5831
1787950800,417.51,418.28,416.27,416.27,48.0008
1787954400,417.0,419.22,417.0,418.6,94.0933
1787958000,418.91,419.39,418.64,418.93,43.0732
1787961600,418.93,420.49,418.69,418.69,55.5775
1787965200,418.6,419.46,417.92,419.46,116.4794
1787968800,419.8,419.91,418.36,419.33,51.8805
1787972400,419.12,419.82,419.12,419.35,45.2169
1787976000,419.35,419.35,418.0,418.85,69.4788
1787979600,418.79,419.77,418.79,419.06,169.3387
1787983200,418.73,418.73,417.01,417.75,152.3125
1787986800,418.02,418.68,418.02,418.45,63.0673
1787990400,418.44,418.44,417.0,417.0,79.3829
1787994000,417.36,417.37,416.92,417.25,24.1286
1787997600,417.05,417.43,416.46,417.43,7.2714
1788001200,417.53,418.09,417.53,418.09,18.8098
1788004800,417.85,419.24,417.76,418.1,50.3989
1788008400,418.1,418.87,418.1,418.87,8.3065
1788012000,418.76,424.71,418.71,424.71,97.8083
1788015600,425.0,425.0,423.18,423.69,237.0598
1788019200,423.75,424.41,423.52,423.6,39.4373
1788022800,423.52,423.84,423.0,423.0,57.1919
1788026400,423.02,424.24,423.02,424.24,67.0149
1788030000,423.92,425.89,423.92,425.0,21.2232
1788033600,424.23,424.23,424.23,424.23,0.1155
1788037200,423.45,423.45,423.45,423.45,0.5904
1788040800,423.2,424.9,423.2,424.9,1.7729
1788044400,424.89,425.97,424.89,425.76,74.9814
1788048000,425.52,425.52,424.59,424.59,18.2156
1788051600,424.36,424.71,424.25,424.65,39.7817
1788055200,424.61,425.11,424.51,424.85,24.2234
1788058800,424.5,424.5,423.53,423.53,157.9953
1788062400,423.64,423.64,422.49,422.5,23.8441
1788066000,423.78,423.84,423.13,423.45,91.7087
1788069600,423.42,423.6,423.21,423.6,60.2105
1788073200,424.0,424.52,422.75,422.75,117.783
1788076800,422.75,423.16,422.12,422.48,34.1076
1788080400,422.91,423.28,422.55,422.56,40.2167
1788084000,422.56,424.0,422.36,424.0,20.5059
1788087600,423.99,424.62,423.71,423.72,8.4628
1788091200,424.61,428.05,424.52,428.05,233.7444
1788094800,427.93,432.62,427.44,432.32,221.54
1788098400,432.0,432.33,430.84,430.84,135.0805
1788102000,430.82,430.82,428.56,429.0,72.2429
1788105600,429.2,431.72,429.2,431.04,108.36
1788109200,431.38,431.38,425.09,428.53,225.2602
1788112800,429.0,429.48,428.47,429.48,6.8767
1788116400,429.21,430.17,425.9,426.23,17.1381
1788120000,425.96,425.96,422.52,422.52,23.3811
1788123600,422.5,422.5,418.32,420.74,336.9798
1788127200,421.12,421.66,417.36,418.84,61.2784
1788130800,418.35,418.41,406.07,411.6,1085.4557
1788134400,411.59,413.78,409.03,413.01,313.0805
1788138000,413.0,413.0,410.17,410.17,75.8636
1788141600,410.47,412.86,409.65,409.98,76.1505
1788145200,410.17,412.99,409.99,412.65,263.6179
1788148800,412.12,412.12,408.3,410.23,330.9771
1788152400,410.09,414.96,409.92,414.32,169.4709
1788156000,414.65,415.15,413.94,415.0,54.0839
1788159600,414.96,415.88,414.89,415.88,34.0071
1788163200,415.58,417.08,414.03,416.4,296.0195
1788166800,416.61,416.95,415.96,416.83,93.223
1788170400,416.16,420.0,415.08,418.83,203.9941
1788174000,419.1,420.0,417.77,417.77,253.4886
1788177600,417.77,418.77,414.04,415.03,119.1737
1788181200,415.91,416.34,413.27,414.01,164.8332
1788184800,413.98,418.47,413.36,417.19,153.4381
1788188400,417.58,417.58,415.65,415.65,15.5627
1788192000,415.14,415.16,414.0,415.15,217.3882
1788195600,414.87,417.66,414.47,417.66,4.4366
1788199200,417.28,422.11,417.16,421.66,250.5989
1788202800,421.03,421.4,418.0,418.0,26.3229
1788206400,418.88,419.51,418.32,418.32,2.8554
1788210000,417.58,418.32,416.85,417.81,7.9412
1788213600,417.23,417.23,415.92,415.93,71.142
1788217200,415.76,415.9,415.15,415.49,35.6756
1788220800,415.8,416.65,415.8,416.01,252.307
1788224400,415.8,416.95,415.03,416.3,194.0702
1788228000,416.01,416.94,415.39,416.94,40.0391
1788231600,416.72,419.39,416.72,418.04,99.491
1788235200,418.04,419.2,418.04,418.12,49.3758
1788238800,418.11,420.56,418.11,420.54,113.4377
1788242400,420.21,420.21,418.0,418.0,551.0011
1788246000,417.48,417.67,416.18,416.48,125.2335
1788249600,416.57,416.57,412.07,412.86,141.3718
1788253200,413.07,413.23,412.36,412.5,38.0354
1788256800,412.5,414.74,412.5,414.02,102.8911
1788260400,414.02,414.77,413.32,413.44,98.3807
1788264000,413.45,414.11,411.06,412.57,218.5535
1788267600,412.3,414.43,411.16,412.01,173.9884
1788271200,413.54,414.9,413.05,413.05,212.4782
1788274800,413.03,413.89,409.22,413.32,127.358
1788278400,413.0,413.0,408.31,409.12,119.4963
1788282000,408.96,409.28,407.55,407.65,65.7731
1788285600,407.65,407.82,399.37,403.47,988.7035
1788289200,403.97,405.71,403.97,405.01,38.9781
1788292800,405.01,405.84,404.72,404.72,21.2022
1788296400,404.04,404.04,401.36,403.49,77.7838
1788300000,403.35,404.42,403.28,403.91,296.8489
1788303600,404.2,405.42,404.2,405.41,58.4793
1788307200,405.42,405.93,404.31,404.41,204.9638
1788310800,404.41,404.93,400.12,402.0,337.7523
1788314400,401.82,404.21,401.22,404.21,358.715
1788318000,404.2,407.37,404.2,405.45,114.6534
1788321600,405.47,405.47,404.21,404.44,53.9957
1788325200,404.25,405.41,403.83,405.02,131.2613
1788328800,405.02,405.02,403.5,404.22,25.6565
