timestamp,open,high,low,close,volume
1756641600,865.98,869.33,860.01,869.0,303.7804
1756656000,869.0,874.5,868.99,872.03,163.4251
1756670400,872.86,874.73,856.01,857.19,280.486
1756684800,857.18,862.37,842.0,848.0,1297.0136
1756699200,847.99,863.27,841.02,863.27,691.0612
1756713600,863.28,869.98,848.08,850.38,555.8909
1756728000,850.38,857.95,848.0,848.0,287.2273
1756742400,848.02,853.99,847.0,853.73,139.2747
1756756800,853.43,853.43,836.01,843.95,812.849
1756771200,844.99,861.0,842.01,857.7,627.9972
1756785600,857.62,865.7,857.61,858.1,399.5524
1756800000,858.14,865.68,858.14,859.48,237.2219
1756814400,859.49,867.45,843.01,849.02,1343.9828
1756828800,849.78,874.75,849.02,870.0,377.2153
1756843200,870.54,884.78,869.91,884.77,830.0948
1756857600,884.18,896.0,879.99,890.78,1076.326
1756872000,890.0,890.25,882.2,886.5,324.5599
1756886400,886.85,892.99,882.51,891.53,498.425
1756900800,891.52,899.15,885.73,893.01,789.6668
1756915200,894.26,895.95,886.17,887.73,285.3275
1756929600,887.73,890.16,883.6,890.16,236.6838
1756944000,890.16,894.74,880.01,880.99,504.2268
1756958400,880.98,880.99,873.21,877.88,361.4693
1756972800,877.82,884.33,877.47,878.59,392.1261
1756987200,878.59,882.75,867.01,867.89,636.961
1757001600,867.88,872.13,863.0,863.0,359.0961
1757016000,863.0,869.52,862.67,864.0,181.2065
1757030400,862.67,867.21,858.51,865.99,517.4091
1757044800,865.99,881.0,865.98,881.0,300.3327
1757059200,881.0,881.0,870.0,876.28,242.0163
1757073600,876.27,885.0,858.01,865.0,1517.9486
1757088000,865.01,870.0,860.0,869.88,169.3296
1757102400,870.98,871.98,861.26,865.49,108.6936
1757116800,866.39,869.5,865.02,867.8,304.1671
1757131200,867.8,867.8,859.51,862.53,330.3079
1757145600,862.59,864.56,861.01,861.01,194.6418
1757160000,861.02,862.49,858.0,858.0,599.8769
1757174400,858.0,859.09,850.0,850.55,791.5607
1757188800,850.76,855.53,850.76,852.37,102.5852
1757203200,852.36,862.98,852.36,862.01,142.0131
1757217600,861.85,862.98,860.39,862.33,145.3731
1757232000,862.27,863.86,861.19,862.33,231.9427
1757246400,863.99,867.98,862.99,867.97,351.7647
1757260800,867.99,867.99,857.0,860.49,437.8919
1757275200,860.22,878.83,859.6,874.66,222.2812
1757289600,874.66,879.99,870.95,878.0,600.0421
1757304000,876.16,879.99,875.0,878.73,451.5662
1757318400,878.72,908.0,876.59,904.62,2911.2733
1757332800,904.24,910.0,900.0,905.42,1480.9221
1757347200,905.45,912.0,880.0,910.48,1769.5049
1757361600,910.22,910.22,902.31,905.02,478.5346
1757376000,905.03,905.51,890.07,901.77,383.624
1757390400,901.99,922.0,901.42,920.94,1821.1905
1757404800,920.94,920.94,915.3,915.97,719.7646
1757419200,915.96,919.22,895.06,899.83,916.3862
1757433600,900.5,913.97,900.43,913.97,170.9394
1757448000,912.72,916.99,906.99,916.12,304.6389
1757462400,916.12,924.5,911.6,923.86,732.0156
1757476800,923.86,937.74,919.41,937.2,1835.1419
1757491200,937.21,937.21,924.71,928.09,588.3201
1757505600,928.09,947.99,927.6,939.71,1860.8638
1757520000,939.7,940.99,930.03,932.75,582.3693
1757534400,932.51,942.36,932.51,942.0,1399.9877
1757548800,941.99,948.0,940.07,945.01,1404.7912
1757563200,945.01,945.02,935.0,940.49,1014.1108
1757577600,940.5,950.0,939.0,949.09,507.7473
1757592000,949.1,964.49,942.01,957.7,2087.5636
1757606400,957.99,962.0,952.01,955.65,380.9834
1757620800,955.66,960.0,950.99,959.99,386.7448
1757635200,960.0,990.0,958.43,989.99,2532.567
1757649600,989.99,1004.0,986.62,998.5,3180.5014
1757664000,998.49,1004.0,995.75,1003.99,992.7164
1757678400,1003.99,1015.01,1000.0,1005.0,2490.8565
1757692800,1004.59,1009.26,1000.59,1006.07,314.4889
1757707200,1006.08,1015.0,1000.0,1009.0,848.518
1757721600,1009.0,1016.81,1006.39,1015.99,982.0522
1757736000,1015.06,1017.16,1009.53,1015.65,627.6874
1757750400,1015.64,1017.99,1013.28,1013.29,785.0678
1757764800,1013.3,1015.0,1001.0,1001.79,838.9244
1757779200,1001.78,1001.79,987.1,998.37,1016.4374
1757793600,998.38,1013.42,998.38,1012.45,212.1922
1757808000,1012.45,1040.0,1012.45,1031.32,3531.5248
1757822400,1032.0,1037.0,1023.87,1032.14,1106.7254
1757836800,1032.35,1038.91,1029.24,1030.12,1596.3317
1757851200,1031.0,1032.99,1010.0,1022.03,1248.8906
1757865600,1022.9,1041.0,1022.4,1022.51,1074.9401
1757880000,1022.01,1027.73,1009.02,1010.91,698.0436
1757894400,1010.91,1022.98,996.81,1020.43,1078.3257
1757908800,1020.13,1025.91,998.36,1002.81,961.0747
1757923200,1002.75,1002.75,976.01,997.93,2140.58
1757937600,995.61,1004.15,980.0,985.13,1000.2279
1757952000,985.12,991.14,975.0,983.97,448.634
1757966400,985.65,993.19,985.56,989.2,104.9341
1757980800,989.3,997.15,989.1,997.01,364.7639
1757995200,997.01,999.99,988.06,997.2,283.4973
1758009600,997.21,999.98,994.0,996.64,326.1693
1758024000,996.63,1003.15,980.09,1003.15,686.567
1758038400,1003.14,1011.98,997.56,1003.01,945.9264
1758052800,1001.53,1004.71,999.05,999.05,189.1438
1758067200,999.05,999.06,987.01,987.01,464.7171
1758081600,987.01,998.99,985.05,997.67,513.4451
1758096000,997.22,997.22,986.29,987.33,624.2318
1758110400,987.33,994.65,987.33,988.56,348.1761
1758124800,988.56,1003.99,980.0,1003.62,806.9847
1758139200,1003.63,1029.99,996.02,1025.67,1426.5182
1758153600,1025.65,1039.14,1024.01,1035.22,1887.8072
1758168000,1035.2,1035.2,1015.02,1026.0,704.0877
1758182400,1026.0,1033.53,1025.66,1029.7,664.5618
1758196800,1029.7,1041.01,1025.41,1041.01,857.6672
1758211200,1041.0,1057.76,1035.08,1039.91,1810.1793
1758225600,1038.6,1039.76,1030.01,1034.24,340.6495
1758240000,1034.25,1037.89,1028.0,1028.0,557.7155
1758254400,1028.0,1030.0,1023.95,1026.68,761.6793
1758268800,1026.5,1026.5,1012.03,1012.5,897.5951
1758283200,1012.5,1023.55,1001.0,1006.05,876.668
1758297600,1005.1,1010.15,1001.0,1001.81,284.5789
1758312000,1002.02,1011.07,1001.99,1009.71,103.3976
1758326400,1009.72,1015.15,1008.68,1009.89,300.4161
1758340800,1009.89,1014.99,1009.88,1014.97,144.5833
1758355200,1014.98,1014.99,1006.28,1009.99,594.7022
1758369600,1009.99,1019.15,1006.71,1017.02,282.4845
1758384000,1017.27,1019.15,1010.13,1011.76,164.1315
1758398400,1013.14,1017.36,1012.0,1013.01,716.2342
1758412800,1013.15,1021.0,1012.71,1021.0,405.9687
1758427200,1021.51,1021.98,1015.01,1015.05,172.055
1758441600,1015.11,1015.11,1007.0,1010.48,320.5103
1758456000,1010.47,1014.72,1005.01,1007.57,433.9612
1758470400,1006.78,1008.01,1002.01,1005.16,252.0577
1758484800,1003.09,1006.5,999.0,1000.98,494.1931
1758499200,1000.99,1001.8,981.0,986.95,1650.3747
1758513600,986.99,986.99,935.15,944.01,3307.629
1758528000,944.01,945.96,935.55,943.01,1124.4715
1758542400,943.01,952.15,940.0,940.82,1511.7731
1758556800,942.8,947.12,925.0,927.59,558.1535
1758571200,925.08,940.79,925.0,939.84,165.3304
1758585600,939.99,942.58,901.31,917.01,2023.4465
1758600000,917.01,928.14,906.03,925.31,681.8528
1758614400,925.27,931.7,923.01,925.99,463.2077
1758628800,926.98,932.14,920.16,926.01,651.3562
1758643200,927.42,932.0,910.02,910.02,807.3029
1758657600,910.03,916.0,907.01,908.0,362.986
1758672000,908.0,913.62,883.02,884.45,3030.152
1758686400,884.45,892.14,872.55,888.71,1249.8169
1758700800,889.7,896.74,885.31,896.32,459.53
1758715200,897.14,912.22,895.03,902.03,670.5536
1758729600,902.04,907.82,899.65,901.77,162.4362
1758744000,899.64,899.65,891.59,892.72,205.5501
1758758400,893.12,895.69,867.75,872.81,1827.5766
1758772800,875.0,875.0,860.0,864.0,1729.8184
1758787200,864.01,869.0,852.5,853.0,1550.8008
1758801600,853.01,861.15,836.99,850.88,3960.4659
1758816000,852.49,855.0,829.03,841.23,1522.101
1758830400,843.25,845.03,818.07,819.1,1096.6842
1758844800,820.08,839.69,820.08,837.0,1175.5716
1758859200,835.46,839.06,825.74,831.03,697.503
1758873600,834.85,836.12,812.3,823.59,1740.5577
1758888000,822.5,842.02,819.0,833.95,837.6774
1758902400,834.0,862.14,834.0,855.76,856.8407
1758916800,851.82,874.15,850.47,874.01,437.578
1758931200,874.0,875.0,870.0,870.76,837.8011
1758945600,870.76,870.76,862.0,862.64,551.0873
1758960000,862.41,865.0,854.04,859.02,716.8285
1758974400,859.0,868.01,857.8,868.01,677.1408
1758988800,868.0,868.8,858.46,862.7,343.0711
1759003200,862.71,870.98,861.8,866.01,109.6653
1759017600,866.58,870.98,857.03,859.28,286.5691
1759032000,858.85,864.61,856.04,864.61,211.6222
1759046400,863.6,864.83,852.01,853.07,236.5555
1759060800,854.08,864.99,847.02,864.99,566.3289
1759075200,864.99,877.0,864.99,876.77,572.9757
1759089600,877.0,894.79,876.82,894.79,1045.6827
1759104000,894.79,894.79,885.81,887.0,630.8234
1759118400,887.0,890.5,880.0,883.65,828.4389
1759132800,884.43,885.59,875.0,877.01,598.098
1759147200,877.01,898.15,870.01,887.79,2099.8769
1759161600,888.9,899.0,880.0,899.0,307.8547
1759176000,898.96,903.15,897.88,898.6,1039.7444
1759190400,897.97,900.62,888.02,889.5,271.2334
1759204800,889.6,894.95,882.33,882.34,1105.2646
1759219200,882.33,882.34,870.39,875.07,712.7516
1759233600,875.77,884.81,869.02,872.41,628.134
1759248000,870.58,880.99,867.0,880.98,513.11
1759262400,880.99,887.56,875.86,880.58,189.6284
1759276800,880.57,887.13,872.53,872.53,456.7111
1759291200,872.5,884.69,872.01,884.65,340.4439
1759305600,884.56,914.7,884.56,913.88,1166.7539
1759320000,913.87,925.03,913.13,925.03,1503.5784
1759334400,924.99,926.45,914.02,922.63,352.3346
1759348800,921.75,929.15,917.51,929.15,618.8168
1759363200,929.15,939.13,920.49,937.21,1047.6282
1759377600,937.21,947.15,935.05,935.66,883.6702
1759392000,935.76,949.0,935.76,945.99,505.543
1759406400,945.98,952.15,934.98,948.97,1254.5866
1759420800,948.96,968.99,947.51,965.29,1231.3996
1759435200,965.3,979.21,959.22,979.21,1150.9598
1759449600,979.01,980.0,965.01,973.8,1369.8604
1759464000,975.24,977.26,960.01,962.01,876.4216
1759478400,962.0,970.65,960.0,968.59,810.8835
1759492800,968.6,976.94,957.0,976.93,629.4565
1759507200,976.94,980.0,955.01,963.9,1029.2666
1759521600,964.22,973.75,963.9,971.41,171.461
1759536000,971.42,973.99,956.03,957.63,405.0652
1759550400,957.64,962.76,957.0,959.0,229.3319
1759564800,959.0,960.0,955.07,959.21,427.4223
1759579200,959.2,960.84,940.01,940.01,815.6611
1759593600,940.04,946.78,928.0,945.26,1219.1357
1759608000,945.34,949.97,945.34,949.23,110.8345
1759622400,949.16,963.97,945.96,961.01,607.9698
1759636800,960.01,979.01,960.0,978.89,1332.5052
1759651200,978.89,978.89,961.02,969.83,606.2427
1759665600,968.87,969.96,959.02,963.45,390.4709
1759680000,963.46,968.08,954.01,954.01,110.5007
1759694400,954.01,959.26,954.0,958.02,242.8587
1759708800,958.01,974.98,954.98,972.92,520.0469
1759723200,972.24,980.0,966.0,967.54,833.9021
1759737600,969.83,980.98,969.83,977.69,755.123
1759752000,977.69,982.98,975.0,980.0,1112.2426
1759766400,979.01,984.0,975.5,980.0,327.5192
1759780800,979.97,979.97,970.0,970.0,806.6171
1759795200,970.0,980.06,966.01,980.06,783.6247
1759809600,980.07,983.0,965.01,969.98,523.3925
1759824000,969.99,972.14,961.01,968.73,684.9893
1759838400,968.63,970.99,935.01,940.57,1852.7209
1759852800,940.62,948.01,934.02,936.45,1035.785
1759867200,936.73,944.53,930.02,930.02,633.8697
1759881600,930.05,941.43,924.03,924.75,577.5609
1759896000,925.32,932.9,923.01,930.01,405.2609
1759910400,930.01,939.14,930.01,933.49,332.2648
1759924800,934.82,943.31,927.51,933.42,622.8179
1759939200,932.66,962.15,931.98,962.15,442.5753
1759953600,963.12,963.79,957.21,962.8,233.4992
1759968000,962.78,964.12,947.02,954.11,505.0372
1759982400,954.11,962.99,950.02,950.03,322.92
1759996800,950.23,950.23,929.3,944.46,849.6442
1760011200,944.11,953.15,927.01,927.01,1004.6072
1760025600,927.04,965.0,921.01,923.95,1464.9418
1760040000,924.37,937.89,922.32,934.04,493.1419
1760054400,933.49,938.55,928.0,933.68,587.8358
1760068800,934.58,937.38,923.01,924.0,325.6807
1760083200,924.0,934.15,922.28,934.15,639.8353
1760097600,934.15,946.07,887.07,896.33,1970.7118
1760112000,894.34,906.14,879.01,886.72,767.0726
1760126400,886.0,892.77,825.01,865.01,3772.9252
1760140800,875.44,875.97,805.0,820.6,4555.4755
1760155200,817.96,823.77,791.51,797.84,3432.1377
1760169600,802.9,822.81,795.01,809.01,1316.603
1760184000,806.0,811.23,800.0,808.15,1885.208
1760198400,807.51,811.66,789.02,789.02,1289.3667
1760212800,789.02,789.02,760.0,785.01,2012.1591
1760227200,785.0,787.01,757.11,781.03,1874.5466
1760241600,781.02,808.01,781.0,808.0,1013.8055
1760256000,808.01,808.02,788.9,789.78,845.0665
1760270400,789.48,832.09,778.02,830.87,2276.0512
1760284800,830.87,845.0,824.73,839.0,1514.4359
1760299200,841.47,850.3,837.01,847.41,1340.3286
1760313600,844.84,858.08,837.0,837.99,2812.0479
1760328000,838.0,848.99,827.02,840.66,1406.4122
1760342400,839.2,848.0,820.0,823.36,1658.8666
1760356800,823.71,842.98,821.0,842.13,1240.8829
1760371200,839.91,886.0,839.91,877.54,1441.8879
1760385600,881.74,886.51,880.5,885.0,1122.9722
1760400000,885.0,896.0,875.14,877.0,1729.2924
1760414400,876.54,876.54,820.0,825.05,3514.2488
1760428800,825.81,837.99,816.02,832.3,1879.5109
1760443200,830.51,859.99,820.0,859.98,2057.5538
1760457600,859.99,875.99,844.2,844.2,769.4426
1760472000,848.31,863.95,845.43,862.0,277.5339
1760486400,862.01,872.98,855.57,856.16,546.5887
1760500800,856.16,868.99,855.0,867.49,930.5123
1760515200,867.51,883.44,860.04,861.34,1385.1219
1760529600,862.78,870.73,838.03,840.0,1043.1457
1760544000,839.75,846.31,830.0,830.0,386.9703
1760558400,831.01,834.89,821.01,828.88,360.2431
1760572800,828.01,832.99,825.01,825.13,610.2023
1760587200,825.13,829.99,817.52,820.85,1478.89
1760601600,821.38,837.0,801.03,837.0,1407.4911
1760616000,837.98,841.99,803.04,803.04,629.3223
1760630400,803.03,820.99,794.01,796.15,1354.4005
1760644800,796.11,802.7,788.01,789.99,1302.7137
1760659200,789.99,799.97,789.02,794.81,1316.5468
1760673600,794.81,795.99,760.0,760.0,3151.3993
1760688000,760.0,779.52,750.0,777.65,2952.3393
1760702400,777.5,780.99,752.28,779.0,2212.739
1760716800,779.0,788.99,777.03,777.04,493.1188
1760731200,777.03,792.99,777.02,781.02,658.0741
1760745600,781.02,793.74,781.02,790.01,447.6964
1760760000,790.0,804.97,785.54,800.0,636.4322
1760774400,800.01,802.37,793.0,797.94,377.853
1760788800,798.0,800.0,791.95,792.82,552.7654
1760803200,792.82,796.87,788.02,796.71,133.7037
1760817600,796.87,802.98,793.77,802.61,206.9055
1760832000,802.6,802.61,791.22,800.0,172.8632
1760846400,800.0,802.59,794.38,795.89,204.0709
1760860800,796.26,809.98,787.01,807.46,1271.5334
1760875200,807.43,821.01,805.0,818.98,719.5671
1760889600,818.99,822.14,810.0,810.01,1025.5285
1760904000,810.01,819.98,805.02,805.07,140.1204
1760918400,805.99,819.86,793.02,816.95,1204.0662
1760932800,819.83,825.99,815.61,822.17,783.9184
1760947200,824.52,825.97,816.03,820.0,211.179
1760961600,819.99,823.37,815.01,815.02,207.5811
1760976000,815.0,815.0,798.02,806.25,976.6175
1760990400,806.25,813.99,806.21,810.02,98.1166
1761004800,810.0,810.01,790.21,790.21,1078.0443
1761019200,790.18,790.18,780.0,787.71,1292.5563
1761033600,787.51,793.99,783.07,793.84,287.8912
1761048000,793.11,834.99,784.87,833.0,1767.2528
1761062400,833.0,837.0,817.03,822.3,783.6218
1761076800,820.0,820.0,787.6,788.34,1766.5442
1761091200,789.26,795.92,785.0,788.87,697.5076
1761105600,788.5,791.21,781.91,786.35,2596.59
1761120000,785.6,791.16,780.0,787.69,838.2452
1761134400,788.22,793.99,773.93,782.89,713.1832
1761148800,780.86,783.93,760.0,769.11,753.2264
1761163200,765.44,768.0,756.99,766.95,349.3766
1761177600,766.58,778.94,765.06,778.02,460.0235
1761192000,778.01,796.99,778.01,796.18,622.4047
1761206400,796.18,803.0,796.18,797.59,947.6467
1761220800,797.59,813.2,794.01,805.0,1786.8248
1761235200,810.76,817.99,805.99,811.75,1434.1695
1761249600,807.5,811.76,798.85,810.89,209.3481
1761264000,810.88,819.99,810.88,811.85,553.7229
1761278400,811.11,822.98,811.03,811.71,433.7106
1761292800,811.71,817.31,809.03,812.38,361.4181
1761307200,815.0,829.98,801.51,801.52,1035.659
1761321600,801.51,816.99,801.51,816.99,225.36
1761336000,816.99,819.99,816.99,818.98,48.7017
1761350400,818.96,820.0,814.99,819.02,195.3013
1761364800,819.02,822.98,819.02,821.23,145.0321
1761379200,821.13,824.94,810.99,816.35,342.8687
1761393600,815.57,821.15,813.16,813.16,632.2927
1761408000,813.16,821.99,811.83,821.99,88.9184
1761422400,821.99,822.98,819.99,820.01,487.7525
1761436800,818.48,821.46,813.65,816.98,168.3438
1761451200,817.78,822.66,816.51,821.55,365.5841
1761465600,821.54,835.0,820.99,835.0,572.5488
1761480000,835.0,842.98,834.98,842.88,596.5784
1761494400,842.88,842.88,838.49,839.93,313.1739
1761508800,838.76,849.0,833.81,844.5,913.0318
1761523200,844.5,862.34,844.5,861.0,2381.9751
1761537600,860.99,862.96,854.03,854.68,1687.8015
1761552000,854.05,854.06,839.28,845.31,1333.0695
1761566400,845.3,845.62,839.37,844.06,250.392
1761580800,844.08,855.99,844.08,845.51,159.2857
1761595200,845.5,845.5,835.02,839.39,325.7661
1761609600,839.23,849.99,839.21,847.27,276.284
1761624000,847.2,852.99,839.03,852.7,428.4274
1761638400,851.4,856.98,840.0,840.71,452.5284
1761652800,840.71,848.99,827.45,835.01,915.0727
1761667200,836.01,842.73,821.15,821.15,529.1295
1761681600,821.02,821.02,806.03,818.31,409.6535
1761696000,818.49,820.15,814.01,816.79,407.7575
1761710400,816.45,822.99,816.45,822.97,108.2645
1761724800,822.01,837.13,817.7,836.12,922.4738
1761739200,835.58,847.58,825.09,829.34,1640.7213
1761753600,829.22,836.02,802.0,814.0,1009.4648
1761768000,810.96,829.3,810.96,817.82,293.8995
1761782400,817.81,832.79,812.03,829.6,618.9897
1761796800,829.42,829.68,806.03,825.1,870.0225
1761811200,824.6,825.1,808.62,810.66,385.5472
1761825600,810.2,810.2,785.0,785.0,2050.7268
1761840000,785.01,792.98,764.0,764.0,1510.9755
1761854400,764.0,783.98,764.0,783.98,738.2411
1761868800,783.98,790.0,778.02,780.92,1635.2012
1761883200,782.48,789.99,781.77,782.0,636.3502
1761897600,781.75,795.96,780.01,795.96,370.8048
1761912000,795.98,796.99,785.09,791.89,683.8951
1761926400,790.55,795.47,779.0,795.47,481.1237
1761940800,791.79,794.15,788.01,789.36,180.4537
1761955200,789.01,790.0,784.1,789.28,96.2206
1761969600,789.99,789.99,782.41,784.94,109.2199
1761984000,784.91,787.46,783.89,785.75,151.8437
1761998400,786.51,787.93,778.03,785.5,214.8341
1762012800,787.4,789.11,781.52,784.85,83.661
1762027200,788.65,788.65,781.51,786.13,28.7536
1762041600,785.01,785.01,781.01,782.02,116.0423
1762056000,781.72,793.02,781.29,790.4,230.5105
1762070400,791.06,791.06,780.0,784.57,744.908
1762084800,784.56,785.57,775.0,777.31,356.1939
1762099200,776.63,778.39,770.0,774.91,171.2717
1762113600,776.08,791.46,775.85,791.46,45.6009
1762128000,791.62,794.0,750.1,750.11,1637.9497
1762142400,750.11,757.07,738.04,745.01,2577.3074
1762156800,745.0,745.01,736.05,740.51,765.5692
1762171200,740.51,745.99,703.07,708.02,2033.7601
1762185600,708.02,728.22,705.92,710.02,1123.5938
1762200000,710.02,710.83,696.12,703.69,2234.6095
1762214400,703.7,712.21,697.02,710.13,1304.2816
1762228800,710.12,710.86,659.01,662.15,4765.1882
1762243200,662.85,681.99,660.0,681.4,1491.6168
1762257600,681.4,694.99,674.01,680.7,1718.5965
1762272000,682.21,683.88,644.22,653.29,1838.6031
1762286400,652.01,661.99,619.01,661.95,1351.7242
1762300800,660.17,662.98,625.02,662.98,2214.1825
1762315200,660.88,666.99,657.92,659.83,618.7924
1762329600,659.0,662.19,650.0,662.19,683.0779
1762344000,662.18,675.98,660.51,675.98,590.0686
1762358400,675.97,690.95,670.0,686.39,652.1813
1762372800,686.39,688.01,680.51,686.0,576.6231
1762387200,685.99,685.99,673.48,682.44,535.497
1762401600,682.32,682.55,667.03,668.64,641.0493
1762416000,668.64,671.99,665.04,668.06,249.8404
1762430400,668.05,677.98,655.03,655.97,960.6396
1762444800,655.97,667.12,648.0,659.84,1269.3396
1762459200,659.84,663.0,646.92,653.08,493.1853
1762473600,653.08,663.69,648.79,659.01,864.4528
1762488000,659.01,662.95,652.0,660.95,492.8845
1762502400,660.96,662.34,638.51,646.19,907.2581
1762516800,646.44,654.99,632.14,654.0,987.3997
1762531200,654.0,688.99,649.16,688.69,1232.6067
1762545600,688.98,688.99,677.8,677.8,329.4493
1762560000,677.8,690.0,675.03,683.59,578.0934
1762574400,683.6,685.98,672.02,674.87,270.4862
1762588800,674.87,679.92,669.02,669.03,216.9951
1762603200,669.03,669.8,657.02,657.57,343.1537
1762617600,657.94,664.21,656.04,660.96,319.0361
1762632000,661.16,665.23,661.16,664.01,32.7834
1762646400,664.0,664.86,654.02,655.09,418.9084
1762660800,655.56,669.99,655.56,669.99,250.7304
1762675200,669.5,671.52,662.09,667.75,324.562
1762689600,668.06,687.88,667.32,682.57,1142.3372
1762704000,682.89,695.99,678.64,695.99,269.2399
1762718400,695.98,696.99,688.21,689.87,322.4693
1762732800,689.99,704.96,686.29,703.43,1274.8064
1762747200,703.42,705.98,698.0,700.01,645.5693
1762761600,700.0,707.49,696.01,702.77,365.3247
1762776000,702.77,710.0,691.05,691.98,684.333
1762790400,691.48,700.78,691.07,696.77,191.3552
1762804800,698.78,699.88,688.05,697.99,270.7652
1762819200,697.99,712.88,691.5,706.5,1065.1771
1762833600,706.52,706.52,682.1,682.98,661.8277
1762848000,682.11,684.28,678.02,680.0,608.2933
1762862400,680.67,683.05,667.37,669.71,903.7001
1762876800,669.37,669.82,656.0,656.0,612.7706
1762891200,656.0,656.25,640.53,643.16,716.1374
1762905600,642.95,645.64,638.04,642.14,905.346
1762920000,642.14,648.91,642.13,643.02,514.0657
1762934400,643.02,666.7,643.02,663.35,772.9513
1762948800,662.96,667.5,645.12,645.12,769.2046
1762963200,645.45,647.89,630.0,635.82,788.602
1762977600,636.27,641.75,635.16,637.05,199.6133
1762992000,637.19,645.0,627.04,641.3,913.5725
1763006400,640.28,651.07,637.03,643.02,564.7073
1763020800,643.22,647.76,639.5,647.0,384.7482
1763035200,647.03,649.15,632.03,632.46,512.587
1763049600,634.0,634.9,590.16,590.16,3420.6591
1763064000,592.51,606.49,586.68,599.84,1854.2206
1763078400,599.99,603.84,588.83,598.6,1147.531
1763092800,599.27,599.79,580.0,591.83,1716.2968
1763107200,591.87,592.04,581.0,583.1,892.2615
1763121600,583.1,595.01,563.17,590.92,2576.3185
1763136000,590.92,598.44,586.64,595.62,542.5597
1763150400,598.4,598.4,571.88,579.04,1123.9019
1763164800,579.96,597.51,579.96,594.6,736.0364
1763179200,595.01,605.08,589.0,595.16,2003.2658
1763193600,595.16,595.16,582.37,582.91,394.7413
1763208000,582.61,590.82,582.45,590.01,320.424
1763222400,590.01,598.87,587.1,590.0,64.588
1763236800,587.5,587.5,577.0,580.24,370.4364
1763251200,580.23,587.26,573.0,587.14,1013.4295
1763265600,587.84,590.0,585.66,590.0,345.4421
1763280000,590.98,594.97,580.92,581.55,274.5732
1763294400,581.56,584.62,571.3,571.3,508.2968
1763308800,572.4,575.25,561.0,570.63,1083.749
1763323200,569.35,574.18,563.7,571.3,587.928
1763337600,570.4,582.98,566.35,582.0,731.7412
1763352000,582.01,589.46,581.15,588.27,411.5997
1763366400,588.69,591.0,584.07,589.67,935.9295
1763380800,588.63,592.97,570.0,570.0,1029.6687
1763395200,570.01,570.01,541.5,542.33,2664.2735
1763409600,541.29,549.52,539.51,545.97,601.7595
1763424000,545.95,565.99,540.0,563.96,1239.3701
1763438400,563.99,575.97,551.53,573.41,1007.5038
1763452800,574.92,580.0,571.0,576.3,405.7245
1763467200,574.0,590.65,570.85,582.04,1361.4574
1763481600,582.0,590.98,580.0,588.21,150.7204
1763496000,588.53,590.89,582.51,587.19,201.2791
1763510400,586.2,593.95,581.38,581.96,782.5876
1763524800,583.89,586.98,572.92,585.42,734.9315
1763539200,585.07,585.07,576.71,577.17,181.5343
1763553600,576.41,579.85,561.12,561.12,879.768
1763568000,561.4,563.42,546.0,549.5,1312.3218
1763582400,549.11,569.95,547.83,569.95,442.416
1763596800,568.98,600.98,568.51,597.37,891.4845
1763611200,598.04,603.0,593.61,597.98,544.3355
1763625600,598.0,598.0,587.03,591.1,303.527
1763640000,590.9,595.0,578.03,578.03,564.1801
1763654400,578.3,578.3,551.0,561.23,2349.3469
1763668800,560.81,569.91,556.0,558.02,523.2416
1763683200,558.02,562.38,547.02,551.21,1147.6361
1763697600,551.96,551.96,518.88,531.01,1956.791
1763712000,530.06,538.47,516.03,516.79,1595.3645
1763726400,516.81,539.99,508.04,523.19,2176.4286
1763740800,523.2,542.92,517.02,533.69,647.1041
1763755200,533.45,538.71,523.0,536.88,231.4848
1763769600,536.51,541.51,530.0,530.76,720.9428
1763784000,531.37,535.0,523.25,532.78,441.1896
1763798400,532.74,532.74,520.11,529.39,1503.2772
1763812800,529.25,531.52,523.45,528.78,253.2816
1763827200,533.0,535.62,530.0,530.01,103.5498
1763841600,530.9,535.95,526.01,531.91,116.6834
1763856000,532.45,544.99,532.45,541.99,1433.2411
1763870400,542.0,548.95,535.44,538.0,443.8318
1763884800,538.57,545.77,538.19,542.09,489.5332
1763899200,542.1,555.0,542.1,555.0,574.976
1763913600,555.64,556.88,547.51,554.05,329.9338
1763928000,552.98,556.94,545.29,545.75,273.9589
1763942400,545.75,558.52,540.06,554.39,1068.4566
1763956800,553.38,556.0,543.01,543.25,880.5546
1763971200,543.25,543.25,535.43,540.0,515.7339
1763985600,539.98,549.99,536.31,548.0,162.7148
1764000000,550.0,570.25,550.0,568.59,965.2373
1764014400,569.0,578.0,569.0,575.01,408.7422
1764028800,575.01,575.41,568.19,569.17,700.5371
1764043200,569.93,574.61,565.07,565.07,326.8337
1764057600,565.5,567.88,559.64,566.02,784.2888
1764072000,566.48,566.49,554.0,559.0,930.047
1764086400,559.5,572.56,558.38,566.51,245.1699
1764100800,572.03,580.95,566.77,576.49,271.8784
1764115200,576.46,580.88,572.0,572.28,525.166
1764129600,572.27,579.1,572.03,579.1,641.6672
1764144000,579.1,579.11,566.01,568.12,803.6375
1764158400,568.24,569.65,564.02,566.68,571.8103
1764172800,568.24,597.95,567.01,596.55,967.1963
1764187200,595.01,596.3,589.48,591.99,369.7886
1764201600,592.0,595.0,588.81,590.0,1237.7235
1764216000,589.93,596.09,588.52,595.04,498.0076
1764230400,595.0,595.0,587.01,589.19,333.2778
1764244800,589.08,590.96,584.61,589.66,670.5752
1764259200,588.77,592.0,587.41,591.35,175.752
1764273600,592.0,592.0,584.04,584.81,177.3556
1764288000,584.23,585.45,575.29,578.65,697.6597
1764302400,578.57,582.13,576.92,576.92,195.107
1764316800,576.88,589.6,576.88,583.56,746.2631
1764331200,584.58,593.0,582.46,586.01,389.2575
1764345600,586.01,586.01,565.32,571.03,1004.6191
1764360000,570.71,573.26,568.01,570.64,202.2531
1764374400,570.64,572.24,569.0,569.01,846.9218
1764388800,569.25,570.99,567.0,569.01,469.7455
1764403200,569.01,570.04,566.44,569.63,161.7698
1764417600,570.12,570.85,567.01,570.85,181.9827
1764432000,571.0,572.15,561.0,563.13,646.3225
1764446400,562.95,565.94,562.95,564.77,14.853
1764460800,564.47,567.99,563.0,566.5,187.6753
1764475200,566.6,568.22,563.33,566.51,60.3855
1764489600,566.76,568.21,566.0,566.7,243.1698
1764504000,566.56,580.0,566.56,573.5,407.7567
1764518400,573.5,580.0,571.12,571.2,505.4391
1764532800,571.23,571.75,554.27,554.27,358.3502
1764547200,554.99,554.99,524.64,526.02,2531.4935
1764561600,525.9,528.03,522.5,528.03,616.7412
1764576000,527.85,529.65,526.09,527.21,685.0559
1764590400,527.21,528.55,511.12,519.0,1271.924
1764604800,519.01,519.01,511.6,514.13,878.7833
1764619200,516.74,528.44,515.11,526.02,146.6911
1764633600,526.02,531.47,522.84,528.24,470.1229
1764648000,529.79,529.95,525.01,527.54,140.1656
1764662400,527.44,533.0,524.0,532.32,413.4376
1764676800,532.11,576.01,532.11,571.11,1590.6424
1764691200,571.92,581.79,570.0,579.98,930.3756
1764705600,579.97,579.97,573.06,573.95,189.5154
1764720000,573.32,579.83,569.03,579.09,672.8944
1764734400,579.08,593.87,579.08,586.01,519.7476
1764748800,586.04,587.02,581.33,583.54,271.0996
1764763200,583.54,590.58,574.27,581.11,621.2421
1764777600,580.0,584.5,576.67,581.83,86.5197
1764792000,582.07,599.64,581.69,595.88,423.7971
1764806400,595.91,601.92,591.69,594.42,1534.5399
1764820800,593.98,594.82,586.03,588.45,309.017
1764835200,588.28,590.85,585.9,587.48,244.6615
1764849600,587.47,591.99,582.25,589.01,476.3243
1764864000,589.0,590.0,568.03,575.98,287.6878
1764878400,574.17,577.09,571.0,572.27,163.9743
1764892800,573.17,577.48,571.02,571.02,327.884
1764907200,572.23,576.9,568.23,574.27,262.9106
1764921600,574.3,574.3,561.02,565.0,330.8447
1764936000,565.0,565.0,555.12,557.46,467.2374
1764950400,557.46,557.46,541.12,547.68,785.938
1764964800,547.68,550.73,545.52,550.73,106.2342
1764979200,550.89,554.42,549.6,552.86,365.9856
1764993600,552.8,552.8,549.19,549.19,193.9581
1765008000,548.62,550.6,546.31,550.6,202.3636
1765022400,549.55,554.04,547.59,549.22,260.9119
1765036800,551.26,551.75,545.66,545.82,353.0795
1765051200,547.24,547.93,543.58,547.14,230.6662
1765065600,546.61,551.93,546.01,551.87,132.1744
1765080000,551.35,551.87,546.0,546.0,244.2183
1765094400,545.95,547.51,544.51,547.39,148.3335
1765108800,547.44,549.86,529.0,543.18,597.1077
1765123200,544.67,560.95,540.02,559.7,926.0171
1765137600,560.07,561.9,538.0,542.14,169.0866
1765152000,545.64,554.9,543.16,552.8,321.9774
1765166400,553.98,560.0,553.06,558.5,380.7594
1765180800,559.99,572.79,559.67,570.0,467.9258
1765195200,569.98,572.79,558.0,558.51,411.5299
1765209600,557.81,560.85,549.02,550.91,122.4712
1765224000,552.65,554.51,546.02,548.48,130.9349
1765238400,548.27,553.17,546.29,553.17,159.857
1765252800,553.51,553.51,545.17,549.71,245.3151
1765267200,549.7,549.99,545.02,547.18,174.2237
1765281600,547.07,568.75,543.18,568.58,726.32
1765296000,568.79,592.59,568.79,581.71,1956.4168
1765310400,581.29,581.29,560.01,564.2,757.7798
1765324800,565.68,568.77,562.8,568.77,243.8665
1765339200,568.01,574.96,567.51,571.79,133.0281
1765353600,571.81,573.1,562.03,563.7,162.8819
1765368000,564.43,568.02,560.04,560.33,846.5715
1765382400,560.04,573.52,560.0,569.87,487.8263
1765396800,569.41,584.07,558.65,560.8,366.2231
1765411200,560.69,560.7,532.06,532.77,874.2156
1765425600,532.77,541.63,532.76,540.1,261.3442
1765440000,540.01,541.23,537.84,540.1,151.0076
1765454400,540.02,543.85,536.0,539.56,647.8099
1765468800,539.65,557.0,537.49,551.9,565.0972
1765483200,555.67,566.14,552.77,561.49,315.5065
1765497600,560.75,566.0,557.29,563.16,356.3015
1765512000,563.02,572.95,562.8,569.54,504.8681
1765526400,569.3,569.3,563.51,568.55,177.1342
1765540800,568.77,571.99,548.0,548.01,1299.2279
1765555200,548.01,549.83,537.76,538.5,1394.2919
1765569600,539.75,547.35,539.75,545.02,89.6125
1765584000,546.35,547.63,545.2,547.35,179.5423
1765598400,547.31,547.88,545.55,547.48,387.9952
1765612800,548.45,552.51,548.45,549.62,374.0981
1765627200,550.54,550.91,545.77,549.01,446.3824
1765641600,549.95,549.97,544.22,546.64,124.4401
1765656000,546.93,548.34,543.85,548.34,48.5681
1765670400,548.0,549.44,546.81,547.42,97.2138
1765684800,547.03,548.68,544.99,548.68,188.1385
1765699200,548.99,548.99,536.42,540.99,790.2188
1765713600,540.9,542.6,537.01,538.16,396.5977
1765728000,538.15,540.32,534.0,536.58,300.0929
1765742400,536.92,537.67,529.44,533.0,600.2998
1765756800,534.14,546.52,532.54,538.54,204.3676
1765771200,538.7,542.88,538.01,542.51,239.0419
1765785600,542.68,544.99,542.51,543.0,223.32
1765800000,543.0,555.29,522.0,522.01,974.6416
1765814400,522.54,523.09,510.28,515.03,882.0335
1765828800,513.02,526.35,513.0,526.23,264.4266
1765843200,526.11,526.84,515.0,518.0,679.1448
1765857600,518.0,523.12,513.52,516.5,685.9415
1765872000,516.08,528.78,516.08,528.13,479.0712
1765886400,527.76,532.13,518.25,532.13,1112.6753
1765900800,531.64,531.64,521.1,521.46,214.8903
1765915200,523.81,531.27,523.81,531.26,71.6795
1765929600,528.02,530.36,526.23,526.24,171.3128
1765944000,525.51,525.87,521.06,525.65,525.1496
1765958400,525.01,525.01,517.01,523.0,345.4034
1765972800,523.16,548.0,518.99,518.99,1918.2
1765987200,520.99,524.62,499.22,501.75,2086.2964
1766001600,502.87,507.49,502.0,505.43,524.8764
1766016000,506.24,509.23,505.43,508.27,358.0537
1766030400,508.06,508.96,503.0,503.78,506.3308
1766044800,503.01,509.06,503.01,508.47,705.8324
1766059200,509.46,528.79,508.8,522.46,1535.6457
1766073600,522.14,522.51,483.0,483.48,1367.5236
1766088000,487.21,492.35,481.0,490.91,746.3295
1766102400,490.91,501.1,483.0,496.36,1480.2743
1766116800,497.29,511.85,496.87,508.05,403.1342
1766131200,508.45,512.7,507.91,512.02,311.8474
1766145600,512.07,519.96,509.53,510.85,630.0624
1766160000,512.26,515.21,504.26,514.8,446.2777
1766174400,514.51,520.0,513.91,514.3,233.609
1766188800,514.3,514.97,511.33,514.04,196.5871
1766203200,514.0,516.56,513.01,514.96,216.1255
1766217600,514.73,517.28,513.73,516.25,235.5511
1766232000,516.1,516.1,511.47,516.0,213.1736
1766246400,516.0,516.0,513.37,514.38,529.5768
1766260800,514.01,515.42,513.0,513.14,33.7355
1766275200,513.14,514.35,509.03,511.2,103.9334
1766289600,510.92,511.98,510.78,511.04,65.2628
1766304000,511.03,515.49,511.0,512.01,276.3245
1766318400,512.09,514.41,502.0,509.69,655.2094
1766332800,510.4,514.0,507.15,511.94,208.0299
1766347200,512.13,514.73,509.41,513.63,27.6228
1766361600,513.65,522.09,508.47,514.35,336.5381
1766376000,513.68,516.65,513.5,514.53,252.7532
1766390400,514.52,519.25,512.01,518.63,289.5653
1766404800,518.63,523.0,515.5,521.8,547.7872
1766419200,522.44,522.44,510.02,510.02,328.0769
1766433600,510.02,514.06,509.41,513.41,298.3055
1766448000,514.59,517.15,510.62,512.7,255.8614
1766462400,512.19,513.66,506.13,507.11,287.2643
1766476800,507.1,510.27,506.2,509.48,166.8211
1766491200,509.28,509.28,500.0,503.0,545.4416
1766505600,502.8,508.27,502.01,505.55,140.3052
1766520000,504.11,511.22,504.03,505.11,212.1752
1766534400,505.2,506.12,496.61,499.32,936.9117
1766548800,499.19,499.94,491.91,493.58,517.715
1766563200,493.4,496.13,492.62,495.97,111.3978
1766577600,495.52,498.76,491.77,497.38,290.9929
1766592000,497.54,500.63,494.38,497.53,264.4859
1766606400,498.41,499.97,497.44,497.44,63.6312
1766620800,497.01,498.73,496.0,497.69,86.4892
1766635200,497.69,497.86,496.0,496.37,59.5855
1766649600,496.18,497.48,493.77,494.23,336.5691
1766664000,494.14,502.64,494.02,501.38,350.5017
1766678400,502.14,504.21,498.15,500.92,46.8265
1766692800,500.75,500.75,487.5,487.74,581.7799
1766707200,487.74,502.06,485.0,495.86,1248.0792
1766721600,495.85,500.01,493.03,496.2,251.4519
1766736000,497.18,500.09,494.0,500.0,281.9018
1766750400,500.0,504.65,489.03,491.21,929.7202
1766764800,493.45,495.78,493.43,494.76,185.3012
1766779200,494.76,496.64,494.76,496.26,22.7456
1766793600,496.26,501.15,495.61,501.15,337.2724
1766808000,500.75,501.14,498.86,500.44,53.326
1766822400,500.43,500.63,498.02,499.42,147.2923
1766836800,499.72,501.15,499.25,501.01,227.965
1766851200,501.01,501.12,499.28,500.99,137.6425
1766865600,500.99,505.49,500.99,505.49,445.7924
1766880000,505.28,505.28,503.01,503.27,95.6291
1766894400,503.27,503.76,501.86,503.42,294.1412
1766908800,503.9,505.0,503.75,504.89,96.3773
1766923200,504.58,506.07,504.01,505.0,143.562
1766937600,505.01,505.01,500.63,500.63,121.8892
1766952000,500.22,507.99,500.22,507.53,108.0473
1766966400,507.01,524.09,507.01,520.04,1049.0109
1766980800,521.1,522.78,515.41,517.67,312.5094
1766995200,517.48,518.71,507.55,507.57,152.8732
1767009600,507.53,507.73,499.15,502.0,940.7303
1767024000,501.45,502.99,499.01,500.28,55.0282
1767038400,501.73,502.3,500.21,502.09,25.4817
1767052800,502.09,502.09,499.0,501.43,468.3842
1767067200,501.43,502.99,499.54,501.87,493.5197
1767081600,503.0,504.99,501.96,501.96,97.4477
1767096000,501.99,505.0,499.59,505.0,154.0996
1767110400,505.0,510.34,501.0,501.99,69.5343
1767124800,502.45,504.09,499.53,504.09,36.2635
1767139200,504.08,508.0,503.0,507.7,109.5954
1767153600,507.96,508.77,506.48,508.71,134.7728
1767168000,508.71,512.15,506.9,512.15,323.2042
1767182400,512.14,514.68,508.0,509.95,404.8316
1767196800,509.0,509.13,505.24,506.0,129.254
1767211200,505.06,507.99,502.47,507.02,329.7338
1767225600,507.01,510.87,507.01,510.21,210.9604
1767240000,510.21,510.21,507.0,507.0,221.25
1767254400,507.0,510.16,506.34,509.53,150.1073
1767268800,510.0,510.18,507.1,509.27,96.1894
1767283200,509.02,511.0,507.51,511.0,99.9844
1767297600,511.0,517.14,510.22,516.15,120.9107
1767312000,516.14,518.15,511.99,517.17,296.2188
1767326400,517.87,517.88,514.55,514.99,187.0016
1767340800,514.98,524.0,514.98,518.92,400.7449
1767355200,518.53,523.82,514.73,522.01,334.9319
1767369600,522.0,533.19,522.0,532.03,805.526
1767384000,532.03,537.15,530.43,534.15,205.4648
1767398400,534.15,538.15,534.15,537.86,477.5235
1767412800,537.65,537.65,525.26,526.96,556.2693
1767427200,526.95,532.0,526.95,528.92,212.966
1767441600,528.76,533.58,528.01,532.33,188.718
1767456000,532.4,533.79,532.4,533.0,41.0738
1767470400,533.0,539.88,532.98,539.0,1427.3702
1767484800,539.88,543.99,539.88,543.92,233.6966
1767499200,543.74,545.0,541.32,542.09,382.6178
1767513600,542.09,545.1,540.43,544.5,245.9673
1767528000,544.51,547.14,542.23,544.82,317.2157
1767542400,544.83,547.15,540.0,540.0,179.8681
1767556800,540.07,544.0,540.07,541.57,149.1895
1767571200,541.57,560.52,541.0,556.25,2063.0651
1767585600,556.03,556.34,550.0,550.71,625.5779
1767600000,550.71,552.91,549.05,551.88,577.8303
1767614400,551.58,554.19,543.07,553.4,898.0478
1767628800,554.02,560.99,548.0,560.99,591.3359
1767643200,560.99,563.5,558.63,560.0,767.1189
1767657600,559.13,565.0,554.48,559.17,1071.6383
1767672000,559.16,565.0,556.05,556.06,1332.4125
1767686400,556.32,563.97,556.32,563.97,230.3744
1767700800,563.5,578.95,561.54,572.33,1080.8417
1767715200,573.4,573.5,553.07,557.08,809.3693
1767729600,557.26,573.2,557.26,570.15,254.2416
1767744000,570.15,571.15,561.84,563.97,933.7657
1767758400,564.0,564.89,561.0,564.19,219.5041
1767772800,565.63,565.94,554.19,559.6,275.2582
1767787200,559.64,560.8,550.0,551.41,548.8503
1767801600,551.9,553.0,546.54,552.1,320.6636
1767816000,552.06,555.47,549.01,554.13,99.4069
1767830400,554.13,560.75,552.1,555.68,500.3103
1767844800,555.54,560.99,546.0,552.13,849.1419
1767859200,552.15,552.82,546.01,548.45,709.8565
1767873600,547.74,555.0,541.06,555.0,1295.6236
1767888000,555.15,564.12,555.15,561.1,685.8124
1767902400,555.94,568.0,555.93,561.61,257.9735
1767916800,561.74,572.0,560.09,571.67,616.4764
1767931200,571.52,572.0,566.39,568.09,723.3798
1767945600,566.33,566.34,558.82,562.76,804.3433
1767960000,563.82,571.99,555.77,562.61,929.7916
1767974400,564.59,568.97,553.05,553.11,357.1651
1767988800,552.5,554.85,551.05,553.7,51.6598
1768003200,553.45,556.0,552.71,554.95,231.9504
1768017600,554.66,555.1,554.0,554.49,98.0119
1768032000,554.63,558.13,554.13,557.01,198.1596
1768046400,557.77,558.02,556.01,556.92,56.3328
1768060800,557.18,557.9,555.69,555.81,54.8981
1768075200,555.48,555.69,554.0,555.69,92.3071
1768089600,555.01,557.39,555.01,556.46,24.8363
1768104000,556.46,556.7,555.58,555.85,93.0444
1768118400,555.85,558.15,555.85,558.14,173.9874
1768132800,558.14,568.15,558.14,564.92,266.4129
1768147200,565.02,576.99,565.02,570.03,524.6436
1768161600,566.62,569.99,562.48,569.99,285.9357
1768176000,569.98,585.0,568.08,580.02,1664.5635
1768190400,580.07,581.5,575.05,575.05,242.5182
1768204800,575.01,577.07,566.22,569.9,598.1314
1768219200,569.81,580.69,566.06,579.67,680.906
1768233600,580.7,585.15,573.05,573.6,440.9368
1768248000,573.05,573.05,564.0,565.36,413.7291
1768262400,565.21,566.84,561.05,563.0,437.2285
1768276800,562.99,570.15,562.57,568.61,360.0392
1768291200,568.53,579.15,568.41,576.56,170.7624
1768305600,576.04,582.13,574.13,581.59,901.708
1768320000,581.63,583.33,577.24,582.75,354.1024
1768334400,582.74,596.99,578.95,586.85,1157.9109
1768348800,586.53,590.58,583.34,588.99,613.9313
1768363200,589.0,589.13,581.05,583.0,499.2519
1768377600,583.0,586.81,581.06,581.06,268.3455
1768392000,581.05,595.85,580.25,593.73,625.1556
1768406400,594.71,598.0,588.0,591.69,429.5333
1768420800,592.13,594.96,589.01,592.0,127.4703
1768435200,590.64,590.64,579.24,579.34,1145.0834
1768449600,579.35,587.0,579.35,586.15,376.7919
1768464000,587.0,589.99,584.0,586.26,433.2045
1768478400,585.79,589.21,574.13,579.87,1718.9654
1768492800,580.14,582.15,571.22,571.22,768.8951
1768507200,573.58,577.15,570.0,577.14,351.5034
1768521600,577.14,578.39,575.26,576.88,185.6465
1768536000,576.87,581.42,574.22,579.07,1162.8653
1768550400,580.15,580.99,579.35,579.99,84.66
1768564800,580.0,583.09,571.0,571.55,232.836
1768579200,574.02,584.69,574.02,584.69,214.094
1768593600,583.41,588.98,582.92,587.7,122.0055
1768608000,586.51,587.06,585.38,585.93,72.9559
1768622400,586.07,586.08,584.15,584.16,78.7552
1768636800,583.44,586.34,582.77,584.71,278.0328
1768651200,583.95,584.95,582.94,584.95,213.5296
1768665600,584.87,585.1,583.79,584.75,114.8726
1768680000,585.13,585.63,583.19,583.2,17.8962
1768694400,583.2,583.2,577.09,578.63,160.543
1768708800,578.99,579.27,577.05,577.05,43.0573
1768723200,577.05,578.6,576.02,577.18,137.4619
1768737600,577.29,578.72,575.33,576.39,115.251
1768752000,576.22,580.32,576.22,577.57,161.1108
1768766400,577.47,579.95,561.0,561.01,2195.9778
1768780800,561.01,561.01,544.06,545.0,2916.8979
1768795200,544.9,544.9,541.0,542.92,451.6873
1768809600,542.92,544.91,542.46,544.19,262.9538
1768824000,544.11,544.34,541.03,542.1,148.8383
1768838400,542.11,545.48,541.82,545.02,53.9124
1768852800,546.71,546.71,539.37,540.6,285.8574
1768867200,540.57,544.53,540.0,544.52,222.2464
1768881600,543.21,543.21,530.34,530.34,613.8306
1768896000,530.05,530.05,521.05,522.03,704.3984
1768910400,522.06,524.44,517.23,518.78,550.8827
1768924800,519.29,520.87,514.08,516.91,409.4883
1768939200,516.92,519.77,508.0,511.79,499.8021
1768953600,512.72,519.88,511.99,519.51,439.8923
1768968000,519.5,523.02,519.45,520.07,348.0136
1768982400,520.07,520.07,516.41,516.41,214.8789
1768996800,516.27,530.0,513.66,528.34,404.0964
1769011200,528.09,532.48,509.02,531.96,431.2981
1769025600,532.91,533.15,524.99,524.99,229.5321
1769040000,525.3,528.33,525.09,525.53,218.412
1769054400,525.9,527.7,525.85,526.23,166.155
1769068800,526.41,526.6,524.07,526.6,108.6124
1769083200,526.13,528.0,514.05,515.01,390.8997
1769097600,516.46,522.51,514.04,522.51,111.1753
1769112000,524.11,524.11,519.26,520.2,132.8429
1769126400,520.21,520.21,512.91,518.46,799.6223
1769140800,518.45,519.62,511.28,512.96,256.7768
1769155200,512.96,513.15,510.07,512.51,691.5764
1769169600,511.93,514.04,505.0,514.03,818.4789
1769184000,514.03,522.15,512.88,514.23,1012.0346
1769198400,513.31,513.31,510.0,511.28,37.261
1769212800,511.36,514.48,511.15,513.65,37.9456
1769227200,513.63,514.45,512.01,512.01,200.2959
1769241600,512.01,512.46,511.51,512.01,428.36
1769256000,512.07,512.4,509.05,509.05,172.1255
1769270400,509.05,510.91,508.6,510.91,12.1943
1769284800,509.82,511.13,509.77,509.78,24.4529
1769299200,509.95,510.49,507.08,507.61,386.7313
1769313600,508.95,510.0,507.15,508.52,267.061
1769328000,508.55,511.0,507.14,509.5,470.2342
1769342400,509.47,511.09,505.63,505.63,176.5199
1769356800,505.63,505.63,474.9,474.91,3165.681
1769371200,475.42,480.41,474.0,478.79,1017.8579
1769385600,478.2,490.29,475.36,483.07,825.7729
1769400000,484.84,491.91,484.43,488.64,455.6546
1769414400,488.47,490.49,484.75,487.01,903.4058
1769428800,488.96,496.27,486.32,490.51,1414.9122
1769443200,491.05,497.48,490.0,494.05,79.5526
1769457600,493.01,495.04,490.49,494.1,320.3886
1769472000,493.97,496.47,492.06,494.16,313.7737
1769486400,494.02,495.61,492.63,493.63,183.2798
1769500800,493.82,494.59,491.06,493.19,390.4571
1769515200,493.43,494.0,489.66,494.0,1007.6846
1769529600,494.39,501.1,489.99,499.11,141.2939
1769544000,499.47,505.07,499.47,503.58,465.8327
1769558400,503.06,503.06,498.06,498.07,356.3943
1769572800,498.07,500.04,497.05,497.97,169.0289
1769587200,498.0,502.98,495.07,502.97,395.5753
1769601600,502.01,502.77,493.78,495.03,599.805
1769616000,494.02,497.17,493.05,494.0,101.7969
1769630400,494.76,494.76,491.45,491.71,124.2984
1769644800,491.73,491.73,482.17,484.4,476.8067
1769659200,483.96,486.0,482.53,486.0,239.5814
1769673600,485.99,485.99,482.67,482.88,216.5639
1769688000,483.25,484.0,460.0,464.46,1245.2536
1769702400,464.45,473.86,458.0,463.42,517.1767
1769716800,463.08,467.48,461.61,467.48,267.3409
1769731200,468.17,468.53,447.22,452.8,2586.5402
1769745600,452.61,458.99,448.01,457.21,1399.781
1769760000,456.65,462.8,453.42,461.63,773.0123
1769774400,462.18,463.22,453.63,461.35,530.7858
1769788800,461.35,471.44,455.0,469.69,1146.9344
1769803200,467.6,467.63,462.71,467.62,329.3829
1769817600,467.62,472.47,467.62,472.47,556.3623
1769832000,472.48,473.99,468.42,468.45,593.7887
1769846400,469.55,469.55,458.0,463.78,350.092
1769860800,463.77,463.9,430.0,433.91,2066.7817
1769875200,435.39,437.63,391.0,408.0,3127.0823
1769889600,408.03,426.94,402.07,423.8,934.6954
1769904000,424.42,427.24,417.9,421.11,1578.1325
1769918400,421.67,424.81,417.09,422.65,693.7123
1769932800,421.53,424.18,416.01,420.5,460.7217
1769947200,420.51,425.0,401.01,407.66,692.2812
1769961600,406.63,417.36,405.0,408.32,627.098
1769976000,407.07,410.9,395.99,404.82,3501.4834
1769990400,404.07,411.85,384.46,399.0,2057.0141
1770004800,400.17,408.8,390.0,406.19,2271.2109
1770019200,406.3,413.99,405.96,412.11,553.1352
1770033600,412.05,423.52,411.0,418.33,1259.0045
1770048000,418.77,422.14,415.06,415.08,684.3224
1770062400,416.31,421.05,414.08,419.0,191.9422
1770076800,419.0,419.01,407.05,414.0,745.461
1770091200,413.28,416.91,408.66,413.03,372.1862
1770105600,413.01,413.75,405.51,407.31,367.0319
1770120000,407.3,409.11,398.0,405.33,2028.4405
1770134400,404.3,404.3,383.38,392.73,1186.9842
1770148800,392.68,402.62,384.78,385.89,697.7962
1770163200,386.14,392.34,384.07,390.04,791.3735
1770177600,390.01,390.43,381.01,385.44,506.112
1770192000,385.23,385.23,373.71,379.1,1107.269
1770206400,379.67,380.52,361.8,365.32,2760.7741
1770220800,366.39,375.13,357.0,374.17,1135.045
1770235200,373.44,373.44,355.16,365.22,656.2352
1770249600,365.22,366.35,357.22,360.01,1419.4077
1770264000,360.03,362.88,355.29,358.84,865.06
1770278400,358.86,368.58,352.0,355.0,2586.2469
1770292800,357.62,360.01,331.33,335.33,5288.7218
1770307200,335.0,341.0,323.23,324.0,2899.8214
1770321600,324.0,325.98,310.73,315.01,3010.4708
1770336000,314.0,321.0,271.96,305.87,4609.2908
1770350400,305.31,325.81,304.0,317.28,1815.6843
1770364800,316.68,325.52,312.21,322.71,657.901
1770379200,322.7,339.99,321.55,339.2,2013.0079
1770393600,339.2,354.45,336.0,346.33,1294.7773
1770408000,346.54,356.3,345.22,347.87,966.8972
1770422400,347.81,351.68,342.42,350.75,695.9369
1770436800,350.7,354.93,337.59,341.92,3286.8469
1770451200,340.03,341.78,336.17,337.48,567.9838
1770465600,338.75,344.44,338.65,342.84,668.8894
1770480000,344.15,353.67,343.37,350.54,526.7746
1770494400,350.03,353.86,345.78,348.14,256.4578
1770508800,347.89,350.21,345.0,345.0,547.1151
1770523200,345.01,347.33,344.18,345.72,195.5838
1770537600,346.88,352.7,344.0,349.84,392.6371
1770552000,349.86,351.85,347.63,348.47,1268.367
1770566400,347.78,351.17,341.0,351.17,143.5227
1770580800,349.75,352.0,341.82,344.68,414.4144
1770595200,345.15,346.68,339.07,345.33,711.9724
1770609600,344.88,345.15,337.01,337.69,356.9589
1770624000,337.16,337.8,327.46,329.13,873.448
1770638400,330.57,338.07,329.56,336.36,1189.0089
1770652800,336.33,348.02,335.34,345.78,373.9092
1770667200,345.0,345.48,341.61,342.05,756.315
1770681600,341.87,344.04,336.55,338.15,398.507
1770696000,338.29,341.33,333.33,333.52,458.8775
1770710400,334.13,335.16,330.71,330.71,383.035
1770724800,331.05,334.51,328.88,332.16,591.3157
1770739200,331.68,334.33,325.11,327.65,147.2493
1770753600,327.35,327.35,323.06,326.82,149.1723
1770768000,326.5,331.83,325.51,328.46,553.5529
1770782400,328.48,328.48,317.8,320.07,684.7307
1770796800,320.01,320.03,315.99,319.5,1721.6982
1770811200,319.34,326.14,309.55,313.68,803.4939
1770825600,313.75,317.27,308.71,314.09,317.222
1770840000,314.1,318.39,311.57,312.22,564.7868
1770854400,312.2,316.74,312.2,315.55,1119.9252
1770868800,315.71,317.12,312.23,316.6,325.3333
1770883200,316.61,322.01,315.8,321.25,1427.4741
1770897600,321.26,321.54,314.51,314.51,1046.3097
1770912000,314.51,314.51,302.2,304.05,1834.9316
1770926400,303.81,307.54,301.0,307.54,370.683
1770940800,307.18,311.01,304.15,310.0,493.4021
1770955200,310.01,310.13,305.45,308.27,626.9747
1770969600,310.13,314.5,310.13,312.46,73.262
1770984000,313.8,328.7,312.24,324.51,707.1466
1770998400,325.29,334.01,325.25,330.69,506.3854
1771012800,330.93,332.13,329.15,329.67,93.4209
1771027200,329.47,333.0,329.47,332.56,294.7133
1771041600,332.74,333.0,330.24,332.82,124.8186
1771056000,333.0,341.19,333.0,340.01,1461.1446
1771070400,341.43,342.49,337.42,341.9,237.8873
1771084800,341.79,345.62,341.28,345.09,229.1692
1771099200,345.66,347.02,342.37,345.01,219.3909
1771113600,345.0,347.0,343.0,347.0,396.9293
1771128000,347.47,355.0,346.75,354.84,482.3454
1771142400,354.99,356.1,348.53,348.79,617.4472
1771156800,348.28,349.27,339.05,340.73,3105.4174
1771171200,341.58,343.13,334.31,334.4,502.0367
1771185600,334.05,338.71,333.13,336.58,551.8175
1771200000,336.88,338.2,332.22,332.62,209.4423
1771214400,332.84,335.24,331.1,332.65,1104.6483
1771228800,333.15,336.76,332.35,335.23,287.2803
1771243200,335.0,339.94,324.0,325.76,2455.7952
1771257600,326.17,333.26,326.17,332.44,333.6645
1771272000,331.87,338.63,331.87,338.63,392.6148
1771286400,338.38,343.0,336.01,339.03,421.7049
1771300800,339.0,339.45,335.99,339.1,761.5559
1771315200,339.04,339.23,332.95,333.6,690.4429
1771329600,334.42,334.67,325.61,327.51,512.8499
1771344000,328.49,335.01,326.29,332.13,238.1858
1771358400,332.95,334.3,332.62,333.22,183.4073
1771372800,334.25,334.44,329.5,334.44,127.8454
1771387200,334.7,335.09,332.7,334.65,322.7771
1771401600,334.59,336.1,325.58,325.58,2167.5485
1771416000,325.59,329.99,322.22,326.4,848.8088
1771430400,326.35,326.35,318.06,318.79,778.8935
1771444800,318.68,321.68,318.3,321.65,207.8395
1771459200,321.43,322.89,320.8,321.74,775.5896
1771473600,321.86,324.41,320.88,323.14,718.7175
1771488000,323.49,323.49,319.0,319.02,540.3227
1771502400,319.17,319.76,315.0,317.17,942.0201
1771516800,316.91,322.0,315.05,321.93,124.2887
1771531200,322.84,323.8,321.52,323.5,105.9552
1771545600,323.71,327.47,323.32,326.03,443.482
1771560000,325.8,328.3,324.0,327.79,1008.9926
1771574400,327.21,332.0,326.96,327.51,1168.9589
1771588800,328.0,332.01,320.18,331.28,697.0444
1771603200,331.37,334.9,326.0,332.61,545.2017
1771617600,332.92,332.92,330.73,331.21,71.4966
1771632000,332.34,333.0,330.42,330.59,190.9233
1771646400,330.86,332.0,329.09,329.7,1212.8212
1771660800,330.13,335.01,330.13,334.73,304.0518
1771675200,334.46,339.44,333.37,339.44,668.1278
1771689600,338.85,339.01,336.48,337.7,135.957
1771704000,336.92,336.99,333.59,333.6,131.4062
1771718400,333.67,335.04,332.54,333.67,324.0878
1771732800,333.67,335.59,333.08,335.13,462.4579
1771747200,334.28,334.83,333.25,334.82,327.8733
1771761600,334.39,334.39,326.05,327.76,822.5693
1771776000,327.35,327.47,325.06,326.39,115.5101
1771790400,326.22,327.76,323.83,323.83,308.8648
1771804800,323.7,324.42,304.07,305.11,5210.0351
1771819200,305.1,311.46,303.09,310.54,1142.3147
1771833600,310.0,314.5,307.41,312.55,669.0364
1771848000,312.31,316.29,310.0,310.3,571.8805
1771862400,310.0,311.36,302.23,305.34,569.8689
1771876800,306.04,308.65,304.0,304.02,279.8254
1771891200,305.14,307.09,297.22,301.27,3690.0776
1771905600,301.28,303.34,299.0,300.72,994.8639
1771920000,300.12,302.0,298.0,299.66,673.3433
1771934400,299.91,302.54,296.9,302.22,844.0146
1771948800,302.22,306.85,302.22,305.93,500.9433
1771963200,306.92,310.88,305.94,309.16,531.9093
1771977600,308.92,323.01,308.15,318.68,1077.1132
1771992000,318.68,321.37,315.84,319.9,953.4758
1772006400,320.54,325.01,319.53,325.01,508.3445
1772020800,325.55,337.01,324.43,335.66,1653.5134
1772035200,335.22,348.0,335.22,347.92,1150.0057
1772049600,347.64,356.31,338.33,341.83,2046.2768
1772064000,341.82,346.31,340.66,341.59,1079.1419
1772078400,341.89,345.07,340.0,340.26,896.4098
1772092800,340.79,345.2,338.56,338.9,904.4682
1772107200,338.64,343.13,334.0,337.7,375.7584
1772121600,337.7,338.04,330.0,336.97,433.6804
1772136000,336.94,336.94,335.02,335.47,266.4114
1772150400,335.16,342.0,332.59,342.0,2889.1251
1772164800,341.82,343.85,339.3,341.01,758.6649
1772179200,341.7,342.66,327.02,327.28,681.3703
1772193600,327.24,327.6,321.29,324.1,795.3576
1772208000,323.58,323.58,318.58,319.2,776.6358
1772222400,319.19,321.47,315.46,320.98,618.4969
1772236800,320.84,322.63,320.11,321.22,439.4957
1772251200,321.37,321.75,304.08,310.02,1921.5233
1772265600,310.01,312.0,304.72,308.98,2630.1978
1772280000,309.31,319.0,309.01,317.32,1186.2005
1772294400,317.32,324.0,316.14,321.6,668.101
1772308800,321.35,334.01,321.35,330.19,1011.7297
1772323200,330.29,346.36,330.29,344.05,1534.49
1772337600,343.5,344.49,336.47,337.74,752.4765
1772352000,337.64,338.11,330.79,331.3,592.9715
1772366400,331.93,337.85,329.87,335.0,858.3886
1772380800,335.55,335.55,325.0,325.0,507.051
1772395200,324.45,326.81,319.06,325.96,513.0095
1772409600,325.85,336.25,325.85,331.62,791.953
1772424000,331.63,331.74,324.05,326.02,992.9197
1772438400,326.0,331.22,324.09,330.01,325.3637
1772452800,330.06,348.0,326.78,347.0,2344.2075
1772467200,348.0,352.64,340.0,343.37,2055.4332
1772481600,344.03,345.41,338.8,339.97,511.9619
1772496000,339.98,341.52,335.06,340.04,766.648
1772510400,338.44,340.0,336.12,337.0,560.3422
1772524800,336.7,337.0,331.56,333.07,800.3252
1772539200,333.86,337.48,327.22,335.57,2748.1895
1772553600,336.66,344.49,333.59,337.72,571.9038
1772568000,336.12,344.9,333.18,344.54,1282.4879
1772582400,343.05,346.99,338.0,338.31,893.4396
1772596800,338.82,344.91,335.82,344.9,498.6062
1772611200,344.91,360.0,344.08,353.98,3596.5337
1772625600,353.98,365.98,350.46,365.98,1599.0309
1772640000,365.98,368.99,357.0,367.0,778.6975
1772654400,366.89,368.58,355.39,358.0,416.6778
1772668800,357.66,359.03,352.77,353.75,1079.4855
1772683200,354.06,359.39,353.96,354.0,637.9462
1772697600,355.09,365.99,354.51,362.29,436.2426
1772712000,362.27,363.58,350.98,351.73,2029.1339
1772726400,353.4,356.49,347.55,350.19,1154.8012
1772740800,349.55,353.39,349.17,349.17,258.9142
1772755200,350.11,354.1,348.0,349.8,1028.0892
1772769600,349.82,351.2,347.23,351.1,457.3532
1772784000,351.06,351.06,345.04,345.04,546.0779
1772798400,345.01,345.01,333.13,334.5,1845.7919
1772812800,335.11,339.57,332.23,337.77,487.4576
1772827200,338.14,338.14,335.41,336.03,111.2356
1772841600,336.0,336.92,334.8,335.0,1041.6707
1772856000,334.6,335.08,333.01,334.57,980.4041
1772870400,334.51,336.71,334.5,336.22,657.3927
1772884800,336.12,336.24,332.0,332.71,890.391
1772899200,332.62,333.86,327.32,327.68,465.1676
1772913600,328.12,330.78,328.12,330.6,1219.3241
1772928000,331.7,331.7,327.49,328.27,669.5208
1772942400,328.01,331.31,326.78,330.9,650.4255
1772956800,331.13,336.26,330.06,331.69,819.6306
1772971200,331.69,332.21,325.06,327.45,459.4942
1772985600,327.36,328.48,324.21,328.09,485.3585
1773000000,328.16,329.0,319.45,324.42,1026.6271
1773014400,324.89,337.41,324.37,332.71,1932.1995
1773028800,332.67,336.77,328.51,330.98,635.9324
1773043200,331.44,336.49,330.41,332.61,1059.6491
1773057600,332.88,339.99,332.58,338.62,846.9702
1773072000,337.7,345.0,335.07,341.73,749.4916
1773086400,341.68,341.96,336.97,337.1,420.6621
1773100800,337.15,342.75,336.94,338.25,1126.1208
1773115200,338.37,342.5,337.78,341.24,365.5836
1773129600,342.88,344.8,341.53,341.92,936.1819
1773144000,341.55,348.36,335.5,347.96,2158.3993
1773158400,347.94,348.57,337.98,338.68,443.8064
1773172800,338.59,340.18,335.78,337.87,810.6475
1773187200,338.44,340.97,338.01,338.02,293.2458
1773201600,338.01,342.43,336.39,337.45,321.0505
1773216000,337.17,339.34,333.55,333.56,880.9844
1773230400,333.85,343.77,333.13,336.14,558.2181
1773244800,336.33,345.98,336.33,342.99,360.1446
1773259200,342.19,344.84,340.01,340.08,93.6197
1773273600,340.31,341.22,334.88,335.06,854.8036
1773288000,335.14,338.64,335.14,338.49,913.0594
1773302400,339.02,343.54,337.7,342.38,605.3974
1773316800,342.21,345.88,337.01,341.4,974.2965
1773331200,341.43,343.0,338.97,342.48,219.9682
1773345600,342.13,343.3,339.7,342.47,460.1274
1773360000,342.78,357.68,342.78,352.81,2321.3263
1773374400,352.57,352.57,347.23,349.43,1021.533
1773388800,349.4,355.83,348.76,355.83,753.5798
1773403200,355.8,365.0,351.71,351.71,1747.786
1773417600,351.67,353.91,348.4,348.99,253.6976
1773432000,349.66,350.92,346.9,347.73,361.2312
1773446400,347.59,350.14,347.4,349.31,130.5426
1773460800,349.31,350.2,344.05,345.2,354.743
1773475200,345.2,345.67,343.0,343.89,408.3871
1773489600,344.03,345.12,342.34,343.23,485.5501
1773504000,343.07,344.22,340.88,343.83,735.8024
1773518400,344.19,348.5,343.32,347.96,447.3125
1773532800,347.78,350.0,346.91,347.61,242.588
1773547200,347.61,350.0,347.61,349.02,254.5021
1773561600,349.0,351.35,348.8,350.27,430.8127
1773576000,350.35,350.35,346.65,348.15,489.0258
1773590400,347.31,350.43,346.23,348.05,34.6061
1773604800,348.4,366.29,348.4,363.08,933.3257
1773619200,363.37,368.97,359.56,366.91,1845.3619
1773633600,366.97,369.9,366.01,367.69,938.4162
1773648000,367.7,369.68,364.44,368.65,662.4709
1773662400,369.5,373.89,363.55,367.0,1647.9978
1773676800,366.62,373.97,366.49,373.49,678.9883
1773691200,373.97,382.48,373.96,377.87,1135.5352
1773705600,377.7,380.0,369.05,369.99,951.3887
1773720000,369.98,372.28,367.07,371.72,1163.0868
1773734400,371.71,373.42,367.16,368.91,862.3702
1773748800,369.74,374.1,367.34,369.34,562.1585
1773763200,370.25,375.91,370.25,374.05,298.0706
1773777600,372.38,375.4,371.58,372.25,254.7253
1773792000,371.77,374.67,370.05,373.02,654.8533
1773806400,372.64,372.64,369.2,369.82,567.1771
1773820800,370.0,371.79,363.01,363.01,1108.9525
1773835200,363.0,363.0,350.44,352.22,1856.8672
1773849600,351.82,357.81,350.26,353.73,276.475
1773864000,353.91,357.01,351.36,355.49,296.325
1773878400,355.55,360.97,355.49,359.57,580.578
1773892800,358.78,360.21,352.05,354.65,741.5454
1773907200,354.75,357.95,353.23,354.82,369.9787
1773921600,354.83,354.83,347.01,348.19,1081.8283
1773936000,347.44,352.99,346.08,352.21,426.245
1773950400,351.64,353.46,351.04,351.25,232.5169
1773964800,351.97,354.8,351.94,354.46,385.35
1773979200,354.36,354.82,351.01,354.16,321.0472
1773993600,354.13,357.53,351.43,352.47,365.2809
1774008000,353.51,355.66,351.53,352.58,269.944
1774022400,353.26,353.77,350.52,352.21,1145.0748
1774036800,352.79,357.44,352.37,356.13,106.5719
1774051200,356.25,358.96,356.17,358.96,485.7048
1774065600,358.97,359.98,357.56,358.62,151.8138
1774080000,358.62,359.24,356.78,357.91,276.3533
1774094400,357.97,359.05,355.69,357.23,396.6756
1774108800,357.24,357.79,355.95,356.49,186.7919
1774123200,356.59,358.27,347.82,347.82,437.3942
1774137600,347.53,353.37,345.23,352.89,805.9774
1774152000,353.69,354.54,351.0,351.01,214.3953
1774166400,351.0,351.0,347.37,347.37,217.5459
1774180800,347.56,349.74,347.12,348.41,144.2604
1774195200,348.41,349.85,346.13,346.95,576.6124
1774209600,347.9,347.98,341.38,344.13,781.1875
1774224000,344.13,346.58,341.73,344.46,905.6814
1774238400,344.71,347.32,341.55,343.99,962.2581
1774252800,344.14,364.32,340.28,353.05,1516.1631
1774267200,352.76,364.99,352.05,357.03,801.696
1774281600,357.21,363.39,355.07,363.26,625.6039
1774296000,361.7,364.0,360.43,361.29,331.7368
1774310400,361.2,361.2,355.87,356.98,774.2846
1774324800,357.36,363.3,356.04,363.3,577.394
1774339200,363.3,364.99,361.45,362.93,586.1485
1774353600,363.46,363.46,352.7,355.92,438.2721
1774368000,355.76,356.13,351.66,351.66,336.2049
1774382400,352.74,360.97,352.74,360.54,260.074
1774396800,360.18,364.31,360.01,364.25,273.1434
1774411200,363.45,367.76,363.13,363.88,477.3882
1774425600,364.02,370.98,363.76,369.0,1457.4174
1774440000,369.75,370.98,362.88,364.86,412.6088
1774454400,364.8,367.76,364.18,364.79,686.2627
1774468800,364.0,364.8,362.07,364.55,185.0357
1774483200,364.51,365.81,362.3,363.85,272.8096
1774497600,363.26,363.26,356.05,356.98,1339.6037
1774512000,356.62,356.62,351.26,351.26,435.9624
1774526400,351.26,353.53,348.8,351.48,1671.9937
1774540800,351.48,351.68,344.0,344.0,1091.6612
1774555200,343.26,349.35,343.26,347.24,456.5541
1774569600,347.29,349.47,346.29,347.52,682.7522
1774584000,347.01,348.67,345.79,346.03,750.1775
1774598400,346.48,346.48,335.0,337.44,2569.7956
1774612800,337.25,341.0,335.66,338.58,1025.2622
1774627200,339.16,339.16,334.14,335.94,355.5377
1774641600,336.28,337.03,334.51,337.03,188.5182
1774656000,336.83,336.86,334.51,335.08,396.4983
1774670400,335.14,338.82,334.35,338.82,451.2915
1774684800,338.83,339.05,335.01,335.53,904.8563
1774699200,336.2,339.99,335.0,338.56,480.9377
1774713600,338.95,339.14,335.56,335.89,101.9041
1774728000,335.89,337.43,330.9,331.4,449.4716
1774742400,331.59,335.89,331.0,335.27,305.6918
1774756800,335.0,335.01,332.82,333.06,142.3838
1774771200,333.01,334.65,332.0,333.91,277.2323
1774785600,333.82,333.82,330.36,330.94,607.4482
1774800000,330.85,331.73,329.0,330.54,632.6611
1774814400,330.53,331.96,321.05,329.82,956.1481
1774828800,329.04,337.94,328.02,336.41,657.5669
1774843200,336.5,341.92,336.5,338.94,388.5673
1774857600,339.54,341.88,338.32,340.05,733.8473
1774872000,340.66,342.92,338.78,341.35,216.0245
1774886400,341.34,341.34,332.5,332.5,505.7319
1774900800,334.85,337.32,333.06,333.21,170.6867
1774915200,333.59,340.59,332.76,336.76,334.9459
1774929600,336.91,337.51,334.49,335.49,259.7834
1774944000,335.07,335.46,325.06,327.99,777.0949
1774958400,328.46,334.16,326.42,327.86,1027.1894
1774972800,328.0,336.87,327.8,334.66,153.9543
1774987200,335.38,336.1,334.1,336.1,166.5496
1775001600,336.03,336.46,333.44,336.32,447.3516
1775016000,336.89,341.0,336.38,338.59,521.9664
1775030400,338.58,338.58,335.04,335.91,431.0272
1775044800,335.73,336.67,333.0,336.67,565.0024
1775059200,337.1,347.48,336.19,339.05,635.0589
1775073600,337.19,337.19,325.73,327.18,1310.1162
1775088000,327.15,328.91,317.0,319.2,2031.0722
1775102400,319.51,322.74,318.41,322.74,428.2401
1775116800,322.73,322.96,317.95,317.96,580.0723
1775131200,318.01,322.85,311.78,320.06,1653.1833
1775145600,321.02,323.2,319.07,320.42,141.8695
1775160000,321.02,321.89,320.0,320.27,82.4774
1775174400,320.34,322.97,320.14,320.71,345.2196
1775188800,320.22,323.17,320.22,323.11,231.271
1775203200,323.11,325.0,322.93,323.91,335.1043
1775217600,324.27,326.0,321.01,325.31,307.7942
1775232000,325.0,325.23,323.01,323.59,76.6255
1775246400,323.99,325.0,323.08,324.03,49.5529
1775260800,323.93,324.49,323.79,324.14,110.3541
1775275200,324.22,325.24,324.22,324.68,97.427
1775289600,324.68,324.75,323.63,324.58,170.3096
1775304000,324.53,329.1,323.0,328.17,291.49
1775318400,328.41,329.2,326.78,327.52,38.8254
1775332800,327.03,327.72,326.89,327.23,26.4245
1775347200,326.89,326.89,325.74,326.12,101.6626
1775361600,325.89,326.07,322.24,322.73,296.2891
1775376000,322.73,324.43,322.72,323.68,161.5123
1775390400,323.72,324.41,319.38,323.0,493.401
1775404800,322.48,324.19,321.77,324.19,17.6988
1775419200,323.36,330.54,320.95,330.48,240.9177
1775433600,330.69,333.54,328.98,330.21,558.147
1775448000,330.66,330.68,326.7,329.34,233.4904
1775462400,329.09,333.32,329.03,331.42,427.8937
1775476800,331.37,331.99,329.03,330.96,348.6531
1775491200,330.94,330.94,326.74,328.37,131.4349
1775505600,329.21,329.67,320.6,322.93,246.4615
1775520000,322.77,322.9,320.81,322.1,360.4406
1775534400,322.11,323.47,321.43,322.52,212.5232
1775548800,322.59,324.76,319.51,320.01,430.7296
1775563200,320.23,320.23,317.24,318.87,583.4552
1775577600,318.78,330.0,318.77,329.99,128.1355
1775592000,330.0,348.95,330.0,344.54,1543.2501
1775606400,344.29,344.4,336.85,337.01,1636.7214
1775620800,337.24,338.6,334.31,335.51,403.9236
1775635200,336.04,337.46,335.0,335.76,318.2511
1775649600,335.68,336.77,328.01,331.66,898.9036
1775664000,331.83,334.83,330.32,330.83,140.9024
1775678400,331.9,332.58,328.5,329.47,160.7869
1775692800,329.42,329.99,327.22,327.56,287.0341
1775707200,327.22,328.65,326.6,328.55,218.5481
1775721600,329.09,330.26,328.51,328.58,160.5575
1775736000,328.8,334.79,325.95,334.73,245.3174
1775750400,334.91,337.0,331.57,335.3,305.8985
1775764800,336.66,341.64,332.02,332.39,332.9457
1775779200,332.21,332.61,330.0,330.29,134.9991
1775793600,330.11,331.94,330.01,330.01,413.1551
1775808000,330.65,333.09,329.35,332.72,808.6374
1775822400,332.27,339.0,332.01,335.41,1318.7454
1775836800,335.15,338.99,335.15,338.82,251.0566
1775851200,338.8,339.15,336.22,336.62,61.248
1775865600,336.5,336.99,335.26,335.5,66.3849
1775880000,335.67,335.67,333.86,335.23,361.7081
1775894400,335.3,337.43,334.01,335.26,364.5796
1775908800,335.48,337.54,334.12,336.89,309.4784
1775923200,337.28,342.3,336.96,342.3,142.8178
1775937600,342.03,342.03,337.0,337.75,288.368
1775952000,337.75,337.75,327.0,328.5,666.5082
1775966400,328.5,328.58,327.48,328.29,576.4858
1775980800,328.13,328.13,327.28,327.84,347.6923
1775995200,327.34,328.38,324.06,324.86,275.0198
1776009600,324.86,327.5,324.86,327.14,178.2844
1776024000,326.99,329.85,324.52,325.16,228.1452
1776038400,325.16,328.72,325.15,326.17,518.5936
1776052800,327.02,329.33,326.01,327.82,255.5276
1776067200,327.77,328.46,326.73,326.73,232.065
1776081600,326.76,334.98,326.76,330.52,513.6764
1776096000,330.11,335.0,330.11,335.0,329.4693
1776110400,334.99,342.94,334.42,342.24,1054.6708
1776124800,342.24,342.54,338.74,340.41,1212.891
1776139200,340.66,341.27,339.0,339.83,243.1676
1776153600,339.69,341.23,339.02,339.39,166.7483
1776168000,339.66,345.95,338.0,340.58,1172.8863
1776182400,340.52,340.52,332.12,332.12,489.3222
1776196800,332.55,332.92,331.1,332.54,184.9876
1776211200,332.54,332.98,330.06,331.0,668.908
1776225600,331.69,332.21,328.61,329.01,264.0653
1776240000,328.81,331.6,328.81,331.6,225.53
1776254400,331.56,335.0,330.88,333.1,380.0691
1776268800,333.78,338.99,333.78,338.65,248.4319
1776283200,337.0,337.74,333.81,336.42,158.458
1776297600,335.96,337.96,334.57,337.19,418.4122
1776312000,337.5,338.29,336.5,336.94,280.5583
1776326400,336.94,337.85,335.2,337.14,329.7217
1776340800,337.89,344.83,332.01,342.76,1189.3986
1776355200,343.65,354.92,339.72,354.92,937.9281
1776369600,354.93,355.55,350.61,351.0,775.4267
1776384000,351.57,351.57,346.44,347.04,622.9007
1776398400,346.67,349.55,345.89,348.5,501.9657
1776412800,348.65,352.84,345.5,348.76,588.5777
1776427200,348.56,356.48,348.0,355.31,1268.1306
1776441600,355.18,356.68,352.14,353.02,727.4556
1776456000,352.21,352.94,350.02,350.96,259.3809
1776470400,351.38,352.16,349.88,349.88,260.4559
1776484800,349.7,350.55,349.17,349.78,327.4275
1776499200,349.77,349.77,342.11,342.5,1067.0407
1776513600,342.6,343.79,342.6,343.59,143.9635
1776528000,343.42,344.08,339.5,341.46,1012.1804
1776542400,341.19,342.1,341.17,341.56,49.6184
1776556800,342.22,342.22,339.05,339.66,1447.285
1776571200,339.66,340.58,335.06,336.7,591.0209
1776585600,336.22,339.76,333.78,339.39,576.239
1776600000,339.47,345.27,339.47,342.24,1309.411
1776614400,342.24,342.54,337.32,338.53,1254.0362
1776628800,337.65,338.13,329.53,331.9,907.1067
1776643200,331.9,336.37,331.9,335.99,618.0673
1776657600,335.98,340.41,333.75,336.35,297.1949
1776672000,336.94,339.57,336.81,339.51,571.848
1776686400,339.5,341.94,337.22,341.59,1512.0543
1776700800,341.88,343.0,339.71,341.71,1344.443
1776715200,341.7,342.55,339.11,339.11,374.4618
1776729600,339.03,339.94,338.0,338.0,1111.7375
1776744000,338.08,341.02,338.0,340.27,371.7709
1776758400,340.16,341.5,329.5,340.41,317.0269
1776772800,340.8,343.78,338.29,340.18,441.6108
1776787200,341.49,341.5,335.28,335.69,154.9416
1776801600,335.84,341.44,335.84,341.42,141.6914
1776816000,341.78,347.13,341.53,345.73,354.3875
1776830400,345.57,348.88,344.49,347.85,562.7272
1776844800,347.98,350.13,346.12,348.92,385.4166
1776859200,348.92,352.25,347.15,349.07,1021.0889
1776873600,348.71,348.75,341.06,344.79,518.4099
1776888000,344.8,345.66,343.28,343.74,299.8809
1776902400,343.68,344.59,340.02,340.27,498.9104
1776916800,340.59,342.89,340.5,341.96,122.1153
1776931200,341.76,341.97,339.84,341.65,515.1099
1776945600,341.65,343.0,341.0,342.78,243.9221
1776960000,343.03,343.03,336.41,339.36,275.9769
1776974400,340.42,342.46,340.19,342.13,159.0647
1776988800,342.35,343.18,340.13,340.8,331.7257
1777003200,340.76,341.45,339.37,340.14,243.2962
1777017600,340.02,343.28,338.66,342.87,646.7405
1777032000,343.0,344.99,341.14,343.71,317.8139
1777046400,344.06,344.28,343.0,343.51,1035.3899
1777060800,343.5,345.0,342.66,342.66,159.3598
1777075200,342.71,343.8,341.94,343.78,167.9867
1777089600,343.85,343.91,343.05,343.44,130.7496
1777104000,343.77,344.92,343.33,343.33,161.2907
1777118400,343.78,344.82,343.38,343.38,144.2569
1777132800,343.49,343.49,341.35,341.35,234.4643
1777147200,341.35,342.7,341.35,342.7,18.1597
1777161600,342.7,343.75,342.65,342.66,290.3161
1777176000,342.66,344.89,342.66,344.0,231.7186
1777190400,344.0,344.0,343.62,343.67,94.115
1777204800,343.68,343.71,341.92,343.62,113.3724
1777219200,343.62,344.9,343.29,344.76,90.3728
1777233600,344.59,345.45,342.59,344.73,410.8256
1777248000,344.62,347.6,343.56,346.79,502.7222
1777262400,346.92,347.15,339.55,339.55,674.4494
1777276800,339.55,339.99,338.17,338.88,379.4768
1777291200,338.87,340.85,334.0,335.12,925.6656
1777305600,335.12,337.39,334.98,335.38,174.3524
1777320000,335.57,337.4,335.03,337.4,221.5924
1777334400,337.16,337.4,334.0,334.01,485.556
1777348800,334.01,334.42,332.49,333.51,363.4068
1777363200,333.22,333.76,331.16,331.18,471.6681
1777377600,331.12,332.6,330.02,331.16,510.4861
1777392000,331.46,332.95,331.21,332.95,46.8474
1777406400,332.56,333.55,332.07,333.55,120.4647
1777420800,333.49,335.0,332.41,334.65,895.0558
1777435200,334.52,336.45,334.52,335.19,479.6087
1777449600,335.12,338.2,334.5,336.22,454.6198
1777464000,335.61,335.61,330.6,330.82,568.8858
1777478400,330.85,331.7,326.0,327.39,544.2643
1777492800,327.65,331.42,327.61,330.53,215.4099
1777507200,331.11,334.24,330.13,331.11,484.3458
1777521600,331.02,331.89,328.3,331.89,218.8879
1777536000,331.85,332.41,330.67,330.81,370.2563
1777550400,330.81,333.29,330.53,332.65,360.5222
1777564800,332.16,332.38,331.27,331.61,79.7809
1777579200,331.69,331.69,330.79,331.41,14.0347
1777593600,331.75,335.71,331.75,334.73,169.9655
1777608000,334.86,335.46,334.1,334.45,71.2456
1777622400,334.29,335.51,333.96,334.11,255.3791
1777636800,334.14,336.81,334.0,334.79,592.9374
1777651200,334.48,334.57,333.66,333.66,61.6582
1777665600,333.66,333.66,331.67,332.81,56.0925
1777680000,333.07,334.51,332.01,333.07,95.1884
1777694400,333.0,333.33,333.0,333.02,133.059
1777708800,333.09,333.92,333.02,333.02,53.1987
1777723200,333.35,333.96,333.31,333.79,82.558
1777737600,333.82,334.0,333.78,334.0,96.3327
1777752000,333.99,336.67,333.79,335.25,440.0762
1777766400,334.01,334.63,332.35,332.62,160.9157
1777780800,332.66,333.59,332.5,333.24,81.086
1777795200,333.24,333.88,333.02,333.82,236.5624
1777809600,333.53,335.0,333.53,334.46,360.1084
1777824000,334.46,334.99,333.77,334.99,95.9343
1777838400,335.0,336.18,332.67,332.69,280.4207
1777852800,332.7,337.75,330.21,336.82,1017.3116
1777867200,336.99,338.47,333.73,335.08,600.9813
1777881600,335.0,335.9,330.14,332.36,691.1741
1777896000,332.31,337.09,332.0,334.55,218.5127
1777910400,334.43,336.11,333.14,334.58,109.5544
1777924800,334.0,334.0,333.0,333.01,60.9868
1777939200,333.3,335.0,333.04,335.0,307.3719
1777953600,335.53,336.24,334.71,335.59,766.4561
1777968000,335.43,335.91,334.27,335.68,197.1849
1777982400,335.98,339.2,335.98,338.34,1274.0193
1777996800,338.34,341.63,336.95,341.61,599.5264
1778011200,341.99,342.94,340.82,341.16,476.8147
1778025600,341.16,344.93,340.55,344.74,628.4404
1778040000,344.93,346.3,342.76,346.06,307.2681
1778054400,346.11,352.0,346.11,351.98,1479.2453
1778068800,351.97,351.98,343.01,349.65,1034.4137
1778083200,349.64,351.55,348.32,350.1,214.585
1778097600,350.49,351.96,349.4,350.57,141.5643
1778112000,350.5,350.5,344.5,344.57,708.1941
1778126400,344.55,353.5,344.55,353.03,853.0514
1778140800,353.01,353.02,348.87,350.71,255.8036
1778155200,350.99,352.67,345.28,347.37,422.0998
1778169600,346.72,348.47,345.89,348.03,213.2696
1778184000,347.16,347.75,344.81,347.24,140.6478
1778198400,347.36,348.54,345.14,347.02,217.2397
1778212800,347.3,347.68,345.56,346.43,272.2683
1778227200,346.43,348.5,346.43,348.23,372.4014
1778241600,348.2,352.42,347.06,352.42,351.6072
1778256000,352.12,363.93,352.01,363.49,2520.2441
1778270400,363.72,363.72,360.16,360.27,564.3111
1778284800,360.27,367.77,360.26,367.17,698.8146
1778299200,367.32,368.9,365.0,367.81,423.1395
1778313600,368.01,368.49,365.34,367.62,445.6499
1778328000,367.41,367.52,364.57,365.47,73.1612
1778342400,365.87,367.87,365.01,367.1,144.5946
1778356800,366.88,367.28,366.01,366.01,164.7325
1778371200,366.01,367.07,364.9,367.05,364.1201
1778385600,366.47,367.5,366.47,367.5,737.1711
1778400000,367.12,371.58,365.51,367.18,728.5284
1778414400,367.09,371.09,366.55,370.87,334.5037
1778428800,370.58,378.81,369.99,377.71,1045.4306
1778443200,377.59,378.53,367.13,378.05,722.8716
1778457600,377.54,377.84,369.65,369.65,1126.6236
1778472000,371.19,377.49,370.12,375.19,459.6647
1778486400,374.48,375.0,372.0,374.28,121.1055
1778500800,374.3,379.45,371.31,379.45,692.6974
1778515200,379.94,385.39,379.94,385.06,784.3547
1778529600,385.39,385.5,381.69,381.99,120.1909
1778544000,382.15,383.25,376.01,378.14,769.8983
1778558400,378.78,381.16,378.02,378.96,349.1147
1778572800,378.02,378.02,373.65,373.98,996.0612
1778587200,374.31,375.85,370.29,371.44,777.5816
1778601600,371.22,374.12,370.06,373.94,1178.9355
1778616000,374.43,374.85,373.0,373.0,284.9313
1778630400,373.0,376.68,372.01,376.68,529.3682
1778644800,376.89,377.87,374.6,374.6,148.3955
1778659200,375.4,377.53,371.81,371.81,492.6727
1778673600,372.52,372.52,357.05,357.8,1359.4434
1778688000,357.9,360.94,357.9,359.61,648.8738
1778702400,360.05,361.35,359.36,360.62,217.8458
1778716800,360.98,361.0,355.11,355.15,1011.8552
1778731200,355.15,361.21,355.15,359.26,254.372
1778745600,358.18,360.25,358.05,358.51,1031.3018
1778760000,359.1,367.94,358.21,367.94,706.8108
1778774400,367.94,368.95,364.59,366.16,401.4046
1778788800,366.0,366.0,362.33,362.33,171.5755
1778803200,362.46,364.31,360.89,362.84,327.6544
1778817600,362.84,362.84,356.73,361.7,302.2101
1778832000,361.41,361.69,359.64,360.9,1069.9327
1778846400,360.01,360.01,352.23,353.01,757.7508
1778860800,353.34,356.8,352.82,355.19,265.5518
1778875200,355.5,355.5,353.85,354.11,17.9465
1778889600,354.03,354.48,353.26,354.02,137.5385
1778904000,354.02,354.02,346.22,348.54,984.2714
1778918400,348.53,349.1,341.84,343.58,376.7571
1778932800,343.23,345.13,343.0,344.64,331.4729
1778947200,345.7,346.41,344.49,345.5,103.1678
1778961600,345.82,345.83,344.97,345.01,171.8805
1778976000,345.02,345.13,341.45,343.87,279.2525
1778990400,343.74,345.9,343.71,345.66,228.7671
1779004800,345.38,346.46,344.04,345.65,270.2471
1779019200,345.61,345.7,342.9,343.82,268.8665
1779033600,343.99,344.19,342.52,344.13,227.7902
1779048000,345.18,345.18,333.3,338.84,1118.8628
1779062400,338.85,339.88,336.59,338.38,590.4948
1779076800,337.96,339.33,336.23,337.06,599.6216
1779091200,336.8,339.0,335.6,338.41,414.7753
1779105600,338.63,341.09,333.72,335.52,1389.3282
1779120000,335.51,338.75,333.06,338.75,188.4168
1779134400,338.73,340.74,337.85,339.64,491.3046
1779148800,339.55,341.15,336.72,338.69,166.5493
1779163200,338.84,340.24,336.27,340.24,330.3247
1779177600,340.24,340.24,336.71,336.71,894.1301
1779192000,337.29,338.92,334.48,336.31,405.0314
1779206400,336.39,338.7,336.02,337.11,295.9023
1779220800,337.49,337.49,336.11,337.0,35.9234
1779235200,337.0,337.13,335.14,335.96,362.6492
1779249600,336.19,339.36,335.48,338.0,231.4018
1779264000,338.0,339.33,337.99,338.01,180.4871
1779278400,338.05,343.74,336.58,343.17,364.4354
1779292800,343.2,346.37,342.0,343.83,368.7803
1779307200,342.47,343.13,341.34,342.42,102.9769
1779321600,343.19,344.9,342.73,344.8,333.4567
1779336000,344.96,345.96,343.0,344.4,152.093
1779350400,344.97,345.39,340.14,340.14,808.3681
1779364800,340.11,344.98,339.62,343.73,192.7625
1779379200,344.04,349.4,342.44,348.99,311.4347
1779393600,348.99,348.99,346.07,346.62,87.6142
1779408000,346.35,346.66,344.53,345.86,185.9595
1779422400,346.12,346.94,344.37,346.41,438.8723
1779436800,346.51,348.1,345.5,346.73,162.1033
1779451200,346.9,348.95,344.36,345.46,1086.8837
1779465600,345.43,346.48,336.0,337.6,1184.1412
1779480000,338.0,339.84,335.61,336.68,236.0541
1779494400,336.73,337.86,336.05,337.83,432.0464
1779508800,337.86,337.86,327.22,328.49,1215.8286
1779523200,328.49,330.24,327.07,330.0,2066.9005
1779537600,329.85,337.63,329.45,335.4,696.4539
1779552000,335.69,339.66,335.49,339.07,278.6291
1779566400,338.87,348.0,338.87,341.9,392.7884
1779580800,341.81,343.53,341.21,341.71,174.3301
1779595200,342.24,344.8,341.3,342.91,226.2389
1779609600,343.12,346.31,343.12,345.64,76.101
1779624000,345.09,345.09,337.1,340.0,218.9165
1779638400,340.0,342.04,339.89,340.04,189.7713
1779652800,339.38,340.26,334.66,339.91,197.7959
1779667200,339.76,340.01,336.53,336.58,450.4536
1779681600,336.58,340.8,336.4,340.1,386.8988
1779696000,339.76,340.58,339.28,339.41,64.0957
1779710400,339.28,341.84,339.28,341.26,143.3865
1779724800,341.18,341.74,339.07,339.08,80.8835
1779739200,339.41,339.41,335.86,336.59,91.7655
1779753600,336.52,336.52,333.0,334.48,415.6626
1779768000,334.27,337.02,334.02,334.77,214.5146
1779782400,335.15,340.47,335.15,339.13,389.4647
1779796800,338.84,341.66,334.1,334.95,406.0637
1779811200,335.25,335.25,330.67,333.45,301.1034
1779825600,333.4,333.56,333.01,333.49,28.9682
1779840000,333.36,335.06,333.36,333.53,544.3758
1779854400,333.41,335.23,331.27,335.23,143.958
1779868800,335.65,336.0,333.78,335.26,133.0512
1779883200,334.09,337.0,331.45,336.3,173.0708
1779897600,337.24,337.24,332.57,333.28,151.7513
1779912000,334.2,334.2,330.0,330.16,90.9557
1779926400,330.17,331.16,324.06,325.0,1504.452
1779940800,324.77,324.77,320.7,324.31,3418.69
1779955200,324.05,324.55,322.01,322.92,227.5589
1779969600,323.05,325.97,320.22,323.93,474.1022
1779984000,323.77,330.75,323.77,328.8,330.7319
1779998400,328.0,329.01,326.41,327.11,44.5287
1780012800,327.1,327.38,324.14,324.51,362.8578
1780027200,324.51,327.15,324.02,325.95,426.3739
1780041600,326.54,327.99,325.14,325.38,282.5565
1780056000,325.36,330.68,321.0,328.67,913.4959
1780070400,328.7,331.25,326.0,327.01,126.0012
1780084800,327.1,327.79,325.28,326.74,70.9201
1780099200,327.02,330.21,326.89,329.01,345.7242
1780113600,329.33,329.33,326.49,328.09,115.5447
1780128000,328.09,328.41,327.57,327.79,74.9903
1780142400,327.81,329.75,327.7,329.28,109.0776
1780156800,329.86,330.8,329.62,329.8,126.6407
1780171200,330.8,330.8,328.97,329.39,146.0147
1780185600,329.41,332.03,329.41,331.68,178.5086
1780200000,331.68,331.68,329.32,329.5,178.4213
1780214400,329.5,330.75,329.01,329.72,92.7723
1780228800,329.72,330.8,326.27,326.54,205.5748
1780243200,326.98,327.02,324.8,325.35,412.7882
1780257600,326.16,330.1,325.77,328.2,73.0066
1780272000,329.54,330.65,325.51,329.16,387.9738
1780286400,329.61,329.61,320.0,321.72,993.3388
1780300800,321.61,323.8,321.61,322.28,265.0204
1780315200,321.99,323.0,317.0,317.94,543.5005
1780329600,318.06,323.93,316.16,323.42,200.0971
1780344000,323.48,324.99,320.88,323.8,76.3298
1780358400,323.86,323.86,317.07,322.75,292.4015
1780372800,322.86,322.93,316.81,318.62,549.6976
1780387200,318.22,318.52,315.0,315.32,523.6936
1780401600,315.31,316.22,304.51,306.02,921.078
1780416000,305.53,311.99,300.51,302.85,627.7655
1780430400,303.58,304.17,292.97,298.07,1366.1979
1780444800,297.78,301.01,290.0,292.08,3043.2648
1780459200,292.09,302.39,292.09,301.95,711.5425
1780473600,302.03,303.62,300.34,301.45,610.3729
1780488000,301.61,302.0,294.17,294.17,561.6645
1780502400,294.4,296.36,288.02,288.99,776.4246
1780516800,288.74,292.47,285.02,288.0,537.0074
1780531200,288.14,289.94,270.01,288.44,3486.9036
1780545600,288.44,289.3,279.77,279.77,1515.0001
1780560000,279.27,280.41,272.9,276.64,1036.1586
1780574400,277.23,284.32,276.46,280.26,1534.413
1780588800,280.75,281.22,276.4,278.84,806.5035
1780603200,277.23,278.2,273.0,277.63,333.4329
1780617600,277.65,278.03,271.07,271.58,851.6038
1780632000,271.48,275.0,260.46,267.92,3858.8659
1780646400,267.25,270.5,264.23,268.45,1123.3166
1780660800,268.13,271.11,261.02,262.35,1724.1731
1780675200,261.01,270.31,253.05,260.44,1046.9575
1780689600,262.51,270.0,257.0,259.95,357.2622
1780704000,260.25,265.62,257.06,257.62,901.2622
1780718400,257.66,258.5,247.31,256.47,1658.1295
1780732800,256.68,259.47,250.11,254.99,813.1429
1780747200,255.43,257.67,251.5,254.24,374.4165
1780761600,253.91,254.87,251.71,251.96,1148.4967
1780776000,251.94,254.36,250.86,253.85,241.7051
1780790400,254.36,261.53,253.0,260.47,668.0052
1780804800,260.47,265.81,258.64,265.13,906.7167
1780819200,265.17,269.41,263.18,265.15,502.576
1780833600,265.04,266.69,260.03,265.21,419.9429
1780848000,265.47,267.87,260.0,261.06,222.7499
1780862400,261.97,274.99,261.97,269.83,745.6829
1780876800,269.34,272.5,267.03,271.14,1705.2805
1780891200,271.06,271.1,265.77,270.07,2019.864
1780905600,269.86,273.84,268.0,272.89,353.9532
1780920000,271.99,277.1,270.35,275.0,577.0588
1780934400,274.55,276.97,272.82,275.06,258.2366
1780948800,273.76,277.41,272.5,272.6,203.7703
1780963200,272.6,272.6,266.51,268.85,531.9187
1780977600,268.45,274.07,268.45,272.56,367.8182
1780992000,271.59,271.67,268.62,268.93,432.2452
1781006400,270.31,270.31,262.29,262.29,2490.078
1781020800,262.3,267.47,259.89,267.47,1149.2253
1781035200,267.06,267.45,264.55,264.94,106.088
1781049600,265.07,265.62,261.88,262.72,3253.7766
1781064000,262.21,263.27,260.23,262.99,109.4309
1781078400,262.74,262.74,257.06,259.26,456.443
1781092800,259.26,267.29,258.39,266.66,648.4203
1781107200,266.1,266.75,259.0,259.37,324.4331
1781121600,259.26,259.36,254.69,257.91,317.8329
1781136000,258.45,266.82,258.45,266.17,362.4094
1781150400,265.73,266.51,264.3,265.07,192.8092
1781164800,265.16,268.77,265.02,268.77,818.5091
1781179200,267.8,268.1,264.75,266.69,243.6497
1781193600,267.36,273.61,265.59,272.77,558.3654
1781208000,272.78,273.13,271.35,272.75,54.3578
1781222400,272.07,273.48,270.81,272.45,496.1357
1781236800,272.23,272.8,268.64,269.12,175.7316
1781251200,269.7,273.64,269.7,272.04,382.1336
1781265600,271.7,279.71,270.85,273.51,1083.8562
1781280000,274.11,277.0,272.02,272.02,112.5405
1781294400,271.69,272.33,270.94,272.12,56.7828
1781308800,272.72,274.9,272.56,272.56,178.1994
1781323200,272.54,274.02,271.68,273.77,661.1166
1781337600,274.2,276.57,274.13,276.23,558.6797
1781352000,276.45,279.63,276.27,279.46,187.2476
1781366400,278.5,278.5,276.7,278.06,65.6331
1781380800,277.62,282.78,277.62,280.53,335.6607
1781395200,280.42,281.45,280.03,280.9,148.1469
1781409600,281.01,281.13,277.52,277.79,818.293
1781424000,277.83,278.98,277.02,277.66,93.9639
1781438400,277.31,277.31,273.05,274.51,276.7313
1781452800,275.04,275.51,274.29,275.1,98.7057
1781467200,274.9,289.13,274.9,289.0,528.1969
1781481600,289.77,291.34,287.23,289.5,488.0805
1781496000,289.42,290.05,288.0,289.85,450.2774
1781510400,289.4,295.09,288.5,294.79,356.0575
1781524800,294.78,305.53,293.67,305.51,772.4149
1781539200,305.5,308.87,303.24,305.11,312.4039
1781553600,305.0,305.0,299.84,300.96,213.971
1781568000,300.91,302.15,297.03,300.0,511.5275
1781582400,300.0,303.82,298.22,303.82,610.0928
1781596800,304.0,308.2,303.68,303.87,662.0043
1781611200,304.8,307.5,296.05,299.3,553.0103
1781625600,299.02,302.95,297.96,301.82,58.4698
1781640000,300.55,302.23,299.45,299.45,27.3893
1781654400,299.78,303.16,299.0,301.06,322.2215
1781668800,300.59,301.53,297.75,298.03,190.5173
1781683200,298.01,298.01,293.22,294.53,575.7947
1781697600,294.18,301.22,292.57,300.36,460.8447
1781712000,301.0,303.94,292.35,292.65,783.6164
1781726400,292.33,294.55,289.46,293.78,558.6633
1781740800,295.23,297.31,293.84,294.76,512.6194
1781755200,293.5,294.69,290.28,294.69,546.7832
1781769600,294.53,297.14,292.34,292.34,513.8778
1781784000,292.73,295.61,283.04,283.04,647.512
1781798400,283.03,286.53,282.87,285.95,731.7232
1781812800,287.23,288.18,286.05,287.41,280.8885
1781827200,287.42,288.81,283.51,285.33,663.2839
1781841600,285.04,285.5,282.1,283.46,908.4556
1781856000,283.43,284.7,282.36,283.29,612.1528
1781870400,283.1,288.13,282.0,287.22,213.4406
1781884800,287.04,287.86,285.5,286.37,149.6046
1781899200,285.5,288.55,285.5,288.55,55.3912
1781913600,289.2,290.23,288.19,290.16,477.4048
1781928000,290.0,299.94,290.0,296.98,1091.6578
1781942400,297.0,298.33,296.0,298.33,327.9637
1781956800,298.04,300.42,292.8,298.88,478.3153
1781971200,298.11,298.29,295.88,298.29,193.5067
1781985600,298.44,307.48,298.44,304.09,159.2461
1782000000,303.82,306.4,302.67,305.47,343.849
1782014400,305.67,306.07,303.51,304.21,83.1302
1782028800,304.04,308.78,302.43,304.0,444.9152
1782043200,303.67,307.97,303.12,307.37,261.6692
1782057600,307.37,309.79,306.79,308.45,369.5217
1782072000,308.83,308.83,300.5,300.62,230.3328
1782086400,300.85,310.0,300.85,304.69,852.1197
1782100800,304.7,308.43,304.62,307.64,345.8506
1782115200,307.88,308.66,305.84,308.15,459.1184
1782129600,308.04,310.94,303.85,303.85,360.8449
1782144000,303.58,305.58,302.02,302.48,419.9044
1782158400,302.87,303.24,298.36,299.56,308.1898
1782172800,299.54,299.54,296.42,298.76,696.9169
1782187200,298.76,298.76,290.19,292.0,279.4798
1782201600,291.01,291.42,284.34,288.29,1545.0384
1782216000,288.28,289.35,285.02,286.44,409.2571
1782230400,286.75,288.28,286.0,286.49,289.7957
1782244800,286.08,289.32,286.08,289.32,22.7629
1782259200,289.46,291.32,287.52,288.83,336.6126
1782273600,288.35,290.98,286.91,287.81,344.3358
1782288000,288.25,291.9,286.36,290.59,157.3009
1782302400,290.0,290.26,280.51,280.51,873.9956
1782316800,280.51,282.69,270.02,275.65,2902.3329
1782331200,275.64,285.27,275.64,283.66,84.1892
1782345600,284.22,284.75,279.49,279.9,580.762
1782360000,279.9,287.49,279.66,287.11,425.5026
1782374400,286.86,286.91,281.81,281.81,339.6168
1782388800,282.18,284.51,266.85,274.74,2603.0349
1782403200,274.73,278.99,272.69,273.57,1799.1651
1782417600,275.46,283.5,274.94,280.01,1496.7078
1782432000,280.1,281.44,272.7,281.44,2587.0977
1782446400,281.03,291.54,280.58,290.69,929.8147
1782460800,291.1,291.1,281.64,281.64,237.8781
1782475200,282.53,296.95,281.26,296.48,952.1108
1782489600,296.95,303.19,296.95,301.5,682.9581
1782504000,301.95,302.38,294.8,295.88,224.7957
1782518400,295.84,297.71,293.85,297.33,254.7823
1782532800,297.2,297.81,293.98,296.98,336.5657
1782547200,296.85,296.96,294.19,295.11,127.6477
1782561600,295.04,300.0,294.77,299.28,37.5748
1782576000,299.05,299.13,292.05,292.05,247.3534
1782590400,293.76,294.02,289.19,290.0,101.4425
1782604800,289.91,291.5,289.38,291.12,106.4496
1782619200,290.83,291.93,288.47,291.93,149.9795
1782633600,292.09,295.76,292.08,295.54,492.889
1782648000,294.92,296.36,293.18,294.8,111.0644
1782662400,294.94,295.08,289.05,289.05,322.8951
1782676800,290.56,293.95,287.05,293.95,443.5216
1782691200,293.08,298.3,288.54,295.9,1065.2878
1782705600,295.54,296.7,290.0,296.39,128.1439
1782720000,295.9,299.93,294.73,294.73,1071.4752
1782734400,294.57,303.05,294.24,301.63,1351.8363
1782748800,301.21,310.49,298.39,308.75,1024.3455
1782763200,307.86,307.86,305.13,305.5,233.6561
1782777600,305.43,305.43,301.12,302.46,984.4604
1782792000,302.47,302.85,300.72,302.48,316.8645
1782806400,302.49,302.71,299.05,301.46,434.0337
1782820800,300.46,303.0,295.51,300.97,1254.7185
1782835200,300.63,302.77,298.35,301.94,51.5814
1782849600,302.91,302.91,300.81,301.96,256.6048
1782864000,302.12,309.88,296.17,309.71,620.2298
1782878400,309.22,310.5,303.83,307.0,731.5611
1782892800,306.92,309.87,306.44,307.14,519.678
1782907200,306.89,318.26,305.39,317.0,1238.3265
1782921600,316.95,319.51,316.17,316.5,432.1391
1782936000,315.0,322.47,314.82,317.26,549.3955
1782950400,316.85,322.0,315.33,321.55,545.4008
1782964800,321.15,321.28,317.49,318.16,352.8719
1782979200,317.99,336.95,317.99,335.0,1038.768
1782993600,335.4,335.95,327.35,329.41,801.3968
1783008000,329.68,330.77,327.33,330.0,187.7375
1783022400,328.72,329.71,328.0,328.09,114.8744
1783036800,328.46,332.25,327.36,328.8,486.1825
1783051200,328.36,330.96,327.79,330.95,600.814
1783065600,330.41,333.09,329.0,332.39,405.6824
1783080000,332.41,333.62,330.34,331.06,121.5734
1783094400,331.06,337.48,330.49,335.43,285.841
1783108800,335.22,336.86,334.11,334.72,49.377
1783123200,335.66,336.9,333.4,336.59,313.1717
1783137600,336.85,340.66,335.43,335.57,466.5455
1783152000,336.56,336.56,332.03,333.0,333.7767
1783166400,333.0,334.79,331.51,334.55,320.8254
1783180800,334.29,336.53,333.0,333.02,249.9517
1783195200,333.39,333.98,332.5,332.68,323.412
1783209600,332.51,332.51,326.86,327.82,596.8529
1783224000,327.51,328.9,327.11,328.67,79.8713
1783238400,328.7,329.03,325.3,328.5,391.2525
1783252800,328.46,332.2,328.05,331.57,369.1601
1783267200,331.84,331.84,329.76,330.0,56.619
1783281600,330.23,335.4,329.76,332.88,227.5771
1783296000,332.06,335.01,328.14,328.85,362.8992
1783310400,329.09,329.81,327.12,329.52,471.213
1783324800,329.8,330.51,327.07,329.31,186.2379
1783339200,328.42,332.98,324.05,332.96,1422.3853
1783353600,332.56,335.81,332.56,334.6,198.8856
1783368000,333.97,340.0,333.76,334.54,464.9666
1783382400,334.54,336.28,331.25,331.44,1138.9239
1783396800,331.06,333.93,329.46,333.35,321.3269
1783411200,332.25,333.09,330.14,331.96,170.9162
1783425600,332.5,335.74,329.55,335.6,950.0318
1783440000,335.45,337.22,330.3,332.21,104.6346
1783454400,331.58,331.85,329.05,329.92,181.0673
1783468800,329.6,329.93,321.0,321.79,857.7919
1783483200,321.81,322.61,318.27,319.56,655.6752
1783497600,319.63,319.77,315.05,316.92,516.9719
1783512000,316.76,317.04,312.38,313.35,558.906
1783526400,314.02,317.21,314.02,315.89,274.3122
1783540800,316.6,317.77,314.92,317.77,107.4012
1783555200,318.16,321.0,314.03,316.17,538.6755
1783569600,316.18,320.74,315.97,319.47,890.7917
1783584000,319.31,319.94,316.14,316.64,72.6339
1783598400,316.73,320.32,316.16,317.7,657.8979
1783612800,317.64,320.5,317.09,319.65,186.3881
1783627200,319.37,320.04,318.66,319.53,76.0706
1783641600,319.16,323.45,318.63,321.5,665.8395
1783656000,321.75,322.3,320.65,320.89,616.4741
1783670400,320.88,323.44,320.88,322.95,379.5109
1783684800,322.87,322.95,315.05,318.4,542.4461
1783699200,318.01,318.39,315.63,317.21,167.4322
1783713600,317.58,318.17,316.67,317.95,44.0919
1783728000,317.69,317.69,315.38,316.98,332.035
1783742400,316.94,318.23,316.52,317.91,248.7516
1783756800,317.91,318.7,317.36,318.39,65.3313
1783771200,318.31,321.04,318.19,319.36,347.453
1783785600,318.8,318.8,317.34,317.76,71.7886
1783800000,318.34,318.78,313.6,313.61,307.0089
1783814400,313.6,313.6,309.06,313.42,303.6113
1783828800,313.44,313.48,309.65,311.74,146.5879
1783843200,312.04,314.25,311.83,314.22,124.8102
1783857600,313.03,316.38,313.03,315.61,55.6277
1783872000,315.93,316.46,315.19,316.27,38.0454
1783886400,316.15,316.15,312.12,313.0,42.2994
1783900800,313.42,317.98,308.52,309.73,314.2506
1783915200,309.68,312.99,309.68,312.47,193.7567
1783929600,312.46,313.66,311.01,312.55,361.6288
1783944000,312.56,312.56,307.91,310.01,436.3513
1783958400,310.01,310.44,305.66,307.08,280.254
1783972800,306.21,306.21,303.64,306.13,136.0872
1783987200,306.29,308.29,305.53,306.88,369.2113
1784001600,306.88,308.29,306.7,306.7,165.5282
1784016000,306.73,308.8,306.68,308.21,205.5484
1784030400,308.01,317.4,307.51,316.11,532.5981
1784044800,315.85,316.34,314.04,314.99,128.0811
1784059200,314.33,317.26,313.89,317.01,42.7367
1784073600,316.71,316.71,314.01,316.4,274.489
1784088000,316.14,319.0,315.18,315.18,222.6977
1784102400,316.11,316.8,315.0,315.78,218.8255
1784116800,315.81,321.26,315.18,317.72,461.0466
1784131200,317.56,317.56,314.43,314.43,255.6489
1784145600,314.64,316.17,314.64,314.89,115.644
1784160000,314.72,315.19,312.92,313.41,472.4416
1784174400,313.8,315.92,310.23,311.2,538.8373
1784188800,311.22,311.5,309.05,311.14,340.015
1784203200,311.27,313.32,309.51,312.9,522.9693
1784217600,312.47,312.47,308.55,310.03,241.3362
1784232000,309.58,310.41,307.21,308.01,124.6597
1784246400,308.03,309.0,306.46,307.77,324.03
1784260800,307.71,307.99,305.0,305.95,264.4352
1784275200,305.5,307.41,304.69,307.21,292.497
1784289600,306.89,307.03,302.21,306.16,542.2944
1784304000,307.36,309.65,306.87,308.07,404.4512
1784318400,307.73,308.11,306.88,307.71,215.5472
1784332800,308.1,309.21,307.53,308.02,420.8968
1784347200,308.86,308.95,308.01,308.71,1227.2745
1784361600,308.7,308.7,307.56,308.26,105.2033
1784376000,308.26,308.96,307.19,308.69,115.1908
1784390400,308.58,310.66,308.58,310.52,137.6521
1784404800,310.81,311.15,310.36,310.79,40.8546
1784419200,310.86,314.45,310.85,312.4,104.3867
1784433600,312.44,313.57,312.3,313.12,107.6753
1784448000,313.3,314.08,312.5,313.26,143.6783
1784462400,313.25,314.45,312.18,313.04,497.981
1784476800,312.66,312.86,310.0,310.89,67.6198
1784491200,310.9,313.69,310.36,313.34,297.2324
1784505600,314.0,316.8,313.99,315.0,801.7222
1784520000,314.35,315.14,310.73,312.0,177.4544
1784534400,312.53,316.07,311.66,316.02,157.2729
1784548800,316.17,318.45,311.58,318.45,274.1657
1784563200,318.44,320.41,317.03,317.21,325.1224
1784577600,317.8,319.25,317.28,318.61,69.231
1784592000,318.43,320.7,318.19,319.52,243.2451
1784606400,320.15,321.49,319.09,321.49,756.5335
1784620800,321.36,321.5,319.42,320.02,220.312
1784635200,319.78,320.88,317.76,318.48,486.0456
1784649600,318.75,319.23,317.27,317.5,388.799
1784664000,318.07,318.64,317.95,318.56,27.2222
1784678400,318.99,320.22,318.3,318.3,234.6907
1784692800,318.95,319.3,315.43,315.6,353.0903
1784707200,315.55,317.53,315.55,316.95,83.1336
1784721600,316.52,321.9,315.51,320.68,147.8223
1784736000,320.92,321.49,317.15,317.18,199.2603
1784750400,318.46,319.05,317.73,318.52,69.8041
1784764800,318.94,320.07,316.76,317.25,703.3386
1784779200,317.13,317.61,315.53,315.95,299.643
1784793600,315.7,318.43,315.7,317.92,93.2169
1784808000,317.92,317.92,311.57,312.55,347.5856
1784822400,312.46,312.46,309.43,309.43,244.4243
1784836800,310.86,312.25,310.86,311.18,79.6925
1784851200,310.91,311.71,309.86,311.17,409.7982
1784865600,311.1,313.03,310.38,311.95,334.3695
1784880000,312.05,312.05,308.12,308.25,195.6913
1784894400,308.59,309.08,302.87,304.41,387.3991
1784908800,303.94,304.73,303.04,303.57,288.0911
1784923200,304.11,304.14,302.5,304.02,189.2289
1784937600,304.12,305.27,304.11,304.99,587.271
1784952000,304.99,305.5,303.86,303.86,293.8502
1784966400,303.86,304.22,303.0,304.01,187.7082
1784980800,304.0,305.34,303.79,305.16,267.1328
1784995200,305.16,307.0,305.16,306.8,30.484
1785009600,306.22,306.55,305.8,306.55,112.7648
1785024000,306.73,308.0,306.73,308.0,317.3164
1785038400,308.0,308.91,307.8,308.01,350.1444
1785052800,308.01,309.2,308.01,308.07,294.0091
1785067200,308.04,309.88,307.41,309.87,69.8549
1785081600,309.87,311.32,309.56,309.56,71.3255
1785096000,309.78,314.98,309.77,314.13,362.2615
1785110400,313.85,313.85,311.16,311.92,412.9916
1785124800,311.72,313.69,311.29,312.6,210.6119
1785139200,312.01,313.0,311.09,312.92,283.3119
1785153600,312.61,315.98,308.01,308.73,907.6445
1785168000,308.57,311.77,308.57,310.7,175.6274
1785182400,310.74,310.74,300.93,304.45,1201.0983
1785196800,304.11,304.11,299.12,300.81,1027.6858
1785211200,300.81,301.43,300.09,300.55,286.0749
1785225600,300.73,301.52,300.01,300.45,293.653
1785240000,300.52,305.49,298.0,304.26,1078.4742
1785254400,304.36,304.88,301.81,303.08,98.6197
1785268800,304.0,304.0,300.12,301.98,64.6331
1785283200,302.0,302.84,299.01,299.01,462.0991
1785297600,299.0,302.83,298.0,302.64,511.4564
1785312000,302.78,303.41,302.22,302.79,51.4065
1785326400,302.74,302.76,300.0,300.0,453.2947
1785340800,299.5,304.37,298.35,298.35,231.8448
1785355200,298.3,301.8,296.89,301.7,83.0552
1785369600,301.68,303.25,300.09,301.75,179.3978
1785384000,301.71,301.71,300.65,300.99,66.2199
1785398400,300.08,303.0,300.0,303.0,325.5183
1785412800,303.0,305.59,302.76,304.83,168.8606
1785427200,305.07,305.6,304.09,305.39,40.6495
1785441600,305.55,305.99,304.53,304.82,234.105
1785456000,304.65,307.0,302.65,303.49,335.7519
1785470400,303.23,305.77,301.36,302.03,362.0983
1785484800,301.93,302.0,301.18,301.46,253.7645
1785499200,301.53,302.0,299.02,299.97,551.0445
1785513600,300.0,300.87,299.77,299.95,154.2384
1785528000,300.13,300.13,298.39,299.11,292.9623
1785542400,299.27,300.05,299.27,299.61,129.1881
1785556800,299.61,300.13,299.22,299.4,413.627
1785571200,299.52,299.82,298.65,299.08,336.7064
1785585600,299.11,299.36,298.5,298.71,143.573
1785600000,298.64,299.0,290.38,292.5,261.3915
1785614400,292.75,295.2,292.75,295.05,26.3086
1785628800,295.76,300.32,295.45,300.03,123.7323
1785643200,300.05,301.58,300.05,301.1,123.8023
1785657600,301.11,301.11,298.5,298.5,471.4108
1785672000,298.92,299.31,297.56,298.56,117.4274
1785686400,298.5,300.87,298.15,300.87,40.2447
1785700800,300.74,302.82,300.39,300.7,51.9867
1785715200,300.45,300.45,297.9,298.31,209.0767
1785729600,298.1,298.68,296.77,296.81,192.6049
1785744000,296.77,297.83,295.24,297.05,151.097
1785758400,297.17,301.99,297.09,301.29,398.5148
1785772800,301.78,303.29,300.21,302.77,271.6509
1785787200,302.5,302.5,300.36,300.87,65.9005
1785801600,300.86,302.72,299.21,301.43,183.0703
1785816000,301.31,302.48,300.03,301.22,421.1083
1785830400,300.75,302.06,299.22,302.0,73.2719
1785844800,301.99,303.41,300.63,303.29,101.4239
1785859200,303.08,304.5,302.4,304.35,98.5322
1785873600,304.31,304.85,302.64,302.64,45.0529
1785888000,302.39,304.33,301.56,302.01,124.9537
1785902400,302.01,303.29,301.35,302.11,342.7601
1785916800,302.69,303.3,302.0,302.0,188.6347
1785931200,302.01,303.99,300.65,302.91,275.1501
1785945600,303.0,305.15,303.0,304.7,230.1564
1785960000,304.19,304.19,302.5,302.6,71.1717
1785974400,302.6,303.19,300.41,300.82,521.0302
1785988800,300.82,303.8,300.82,302.15,69.5683
1786003200,302.0,302.48,299.57,300.57,153.411
1786017600,300.24,301.0,298.88,300.15,286.8965
1786032000,300.01,300.16,297.01,297.01,110.7756
1786046400,297.77,298.04,296.06,296.9,116.7553
1786060800,297.42,297.87,296.51,297.28,356.3486
1786075200,297.25,298.49,297.0,298.05,368.6793
1786089600,298.13,301.15,298.13,300.91,117.1302
1786104000,300.92,303.67,300.92,302.13,278.5164
1786118400,302.29,302.46,300.0,302.0,47.3977
1786132800,302.66,302.66,300.96,301.24,26.5627
1786147200,301.03,305.26,301.01,305.26,344.2057
1786161600,305.88,306.18,304.83,305.61,174.0021
1786176000,305.61,309.15,305.6,309.15,289.4748
1786190400,309.53,313.51,308.44,312.3,391.6804
1786204800,312.58,312.85,311.65,312.2,312.0114
1786219200,312.19,312.49,310.89,311.63,189.1486
1786233600,311.62,311.63,311.0,311.3,268.7085
1786248000,311.3,312.9,311.15,312.47,492.0029
1786262400,312.9,313.48,312.1,313.34,363.5102
1786276800,313.34,316.59,312.75,316.59,198.6556
1786291200,316.66,316.99,315.82,316.27,73.6941
1786305600,316.03,317.76,312.5,312.5,210.7634
1786320000,312.71,314.88,312.69,313.59,442.0855
1786334400,313.59,314.33,312.59,314.15,220.1431
1786348800,314.15,314.54,313.19,314.49,144.82
1786363200,314.49,314.98,311.02,311.06,491.501
1786377600,311.38,311.98,310.11,311.98,359.3928
1786392000,311.98,312.88,311.98,312.06,67.3627
1786406400,312.06,312.06,310.5,311.71,170.3052
1786420800,311.84,312.0,309.6,310.05,331.0624
1786435200,310.14,311.88,310.0,311.67,31.1282
1786449600,311.34,311.62,306.7,306.83,298.3148
1786464000,306.76,310.01,306.76,310.01,55.5607
1786478400,310.32,314.06,310.32,312.77,100.7132
1786492800,312.86,313.62,312.81,313.0,194.4747
1786507200,313.33,313.33,311.34,311.34,346.8122
1786521600,312.32,314.12,312.07,313.92,68.3912
1786536000,314.15,315.0,309.04,309.94,765.0372
1786550400,309.65,310.88,309.37,310.39,25.3999
1786564800,310.56,311.11,309.0,309.43,110.7855
1786579200,309.59,312.28,309.44,312.28,59.8105
1786593600,312.25,313.1,311.51,313.1,156.2655
1786608000,313.09,313.09,310.0,310.0,66.1799
1786622400,310.01,313.07,310.01,310.12,76.6388
1786636800,310.02,311.79,309.0,311.79,413.6271
1786651200,312.0,312.75,311.92,312.19,7.8404
1786665600,311.9,311.9,310.25,310.25,128.922
1786680000,310.7,311.09,309.43,309.57,130.5269
1786694400,309.66,310.5,309.32,309.5,66.0503
1786708800,309.5,310.53,308.71,310.53,923.4477
1786723200,310.45,310.45,306.99,307.93,119.1614
1786737600,308.15,308.96,308.01,308.96,53.0086
1786752000,308.85,310.24,308.82,310.0,212.3198
1786766400,309.43,309.65,309.0,309.0,100.5494
1786780800,309.01,309.02,308.4,309.01,98.0874
1786795200,309.01,309.65,309.0,309.65,135.0929
1786809600,309.65,310.0,309.4,310.0,137.8912
1786824000,309.69,310.56,309.51,309.51,6.4636
1786838400,309.5,310.34,309.25,310.19,49.3807
1786852800,310.11,310.11,309.26,309.59,53.0715
1786867200,309.45,309.62,308.59,308.84,105.8248
1786881600,308.87,309.88,308.64,309.52,236.6424
1786896000,309.5,309.63,308.0,308.17,330.4467
1786910400,308.04,308.04,304.27,305.02,321.7062
1786924800,305.02,308.47,304.91,308.17,250.1165
1786939200,308.54,309.1,307.59,308.6,256.758
1786953600,308.67,308.67,306.37,308.01,80.2125
1786968000,308.01,309.0,306.49,309.0,258.8644
1786982400,309.0,309.0,308.0,308.83,16.9395
1786996800,307.6,308.89,307.6,308.79,29.8238
1787011200,308.52,308.83,306.34,307.01,262.2517
1787025600,306.87,309.32,306.87,308.83,146.549
1787040000,308.63,310.57,308.49,310.19,153.6421
1787054400,310.67,313.5,309.6,313.5,253.0903
1787068800,313.55,314.0,312.78,313.74,55.0933
1787083200,313.73,313.73,312.56,313.23,114.5824
1787097600,312.97,313.06,312.01,313.06,219.8504
1787112000,312.86,313.43,312.02,313.08,200.125
1787126400,313.08,315.0,313.07,315.0,109.1792
1787140800,315.0,334.49,314.83,331.85,3059.971
1787155200,331.86,333.62,328.81,333.62,570.2725
1787169600,333.53,351.95,333.53,344.6,2825.6818
1787184000,344.6,344.99,335.01,340.37,1137.1375
1787198400,340.38,346.56,340.38,346.51,473.1922
1787212800,346.76,353.45,346.76,351.22,1175.5605
1787227200,350.76,351.1,346.71,349.99,1016.5537
1787241600,349.99,350.23,346.66,347.55,196.2606
1787256000,348.0,351.67,347.01,351.66,253.341
1787270400,351.67,360.44,351.66,357.98,1695.226
1787284800,357.98,363.78,356.66,362.02,1404.8787
1787299200,362.01,369.95,360.01,362.19,2022.3805
1787313600,361.24,368.9,360.47,366.42,1555.4344
1787328000,366.43,368.57,363.93,364.34,292.0292
1787342400,363.72,376.94,363.72,373.21,902.2464
1787356800,373.47,386.0,371.0,386.0,985.2702
1787371200,386.0,406.0,353.42,379.51,4678.1562
1787385600,379.51,381.08,365.0,372.0,1264.9586
1787400000,372.14,376.53,370.0,370.0,266.0514
1787414400,370.03,378.55,370.03,375.9,571.9457
1787428800,376.15,376.15,370.0,372.65,229.3827
1787443200,373.36,385.15,372.05,373.05,882.0749
1787457600,373.05,373.86,365.05,369.32,1402.5378
1787472000,369.29,376.99,362.05,376.99,600.4067
1787486400,376.98,384.13,375.65,382.88,913.4528
1787500800,382.87,383.46,380.86,380.95,168.5334
1787515200,380.8,384.0,380.0,381.84,290.4075
1787529600,381.33,382.26,376.82,377.57,606.4904
1787544000,376.86,383.8,376.86,378.67,630.5636
1787558400,378.44,387.49,376.49,385.78,494.5899
1787572800,385.49,392.0,381.01,388.0,911.3263
1787587200,390.47,392.48,382.16,387.99,434.7189
1787601600,388.0,397.15,385.98,397.15,403.7057
1787616000,397.48,412.2,397.48,408.13,2427.8066
1787630400,408.51,413.15,401.94,404.3,676.847
1787644800,404.4,407.19,398.07,398.42,742.0186
1787659200,398.06,398.06,389.06,396.36,878.3372
1787673600,396.71,398.29,394.0,394.5,72.5773
1787688000,394.17,394.98,387.0,390.26,430.0921
1787702400,390.01,392.42,388.88,390.73,930.6054
1787716800,390.28,391.39,388.03,390.03,176.4571
1787731200,390.18,393.0,386.05,390.21,497.9488
1787745600,390.19,391.56,382.5,385.93,661.4179
1787760000,385.36,389.91,384.0,388.54,290.9082
1787774400,388.93,410.15,388.11,409.42,1286.9598
1787788800,409.1,409.1,402.97,405.88,1347.0017
1787803200,405.88,410.15,405.51,409.81,801.0792
1787817600,410.0,424.14,410.0,417.65,1933.3859
1787832000,417.65,433.0,417.65,431.28,1247.0045
1787846400,430.92,440.5,430.0,439.38,2221.5959
1787860800,438.09,443.15,435.36,438.6,378.8679
1787875200,437.93,441.76,425.51,428.85,1127.6934
1787889600,429.14,432.9,427.76,428.02,610.3831
1787904000,428.53,429.52,421.06,425.01,999.6037
1787918400,425.01,432.45,417.23,423.53,995.2262
1787932800,423.76,424.56,412.96,416.55,1286.0528
1787947200,415.61,419.39,415.42,418.93,476.7504
1787961600,418.93,420.49,417.92,419.35,269.1543
1787976000,419.35,419.77,417.01,418.45,454.1973
1787990400,418.44,418.44,416.46,418.09,129.5927
1788004800,417.85,425.0,417.76,423.69,393.5735
1788019200,423.75,425.89,423.0,425.0,184.8673
1788033600,424.23,425.97,423.2,425.76,77.4602
1788048000,425.52,425.52,423.53,423.53,240.216
1788062400,423.64,424.52,422.49,422.75,293.5463
1788076800,422.75,424.62,422.12,423.72,103.293
1788091200,424.61,432.62,424.52,429.0,662.6078
1788105600,429.2,431.72,425.09,426.23,357.635
1788120000,425.96,425.96,406.07,411.6,1507.095
1788134400,411.59,413.78,409.03,412.65,728.7125
1788148800,412.12,415.88,408.3,415.88,588.539
