timestamp,open,high,low,close,volume
1724601600,692.0,696.26,690.89,692.29,221.5075
1724616000,692.38,702.99,689.32,690.0,523.3824
1724630400,692.65,695.0,685.0,694.84,992.5239
1724644800,694.84,699.01,689.01,692.05,446.1549
1724659200,692.18,702.3,690.63,695.53,473.811
1724673600,696.94,700.0,680.13,686.88,1114.9779
1724688000,686.87,691.61,680.0,687.61,171.4707
1724702400,686.68,688.16,682.0,683.0,73.6352
1724716800,684.27,690.0,683.72,688.8,348.4531
1724731200,688.79,693.58,685.91,687.0,274.6017
1724745600,686.97,686.99,670.16,673.03,819.8948
1724760000,673.01,677.51,669.0,670.18,713.9561
1724774400,670.12,677.33,670.09,673.67,158.1195
1724788800,673.73,673.73,633.53,643.04,1734.424
1724803200,642.94,646.87,636.0,646.32,1051.1275
1724817600,646.93,647.3,631.0,631.0,877.0648
1724832000,631.0,644.92,625.76,641.78,891.9557
1724846400,641.45,645.0,625.55,628.61,776.1543
1724860800,627.21,632.88,610.0,629.8,1189.7307
1724875200,633.84,634.63,621.0,627.35,398.0131
1724889600,627.5,631.99,623.89,625.1,437.5035
1724904000,625.1,629.62,624.52,628.63,464.2688
1724918400,628.63,633.74,626.26,631.23,657.0396
1724932800,630.08,636.8,626.19,634.96,576.0583
1724947200,634.96,634.96,605.0,608.49,1014.889
1724961600,608.49,611.16,600.01,606.53,752.588
1724976000,606.11,610.56,601.57,601.57,697.17
1724990400,601.59,604.49,597.51,602.01,1423.1349
1725004800,602.04,606.98,599.41,600.9,530.4776
1725019200,601.79,608.42,577.01,578.5,1580.9073
1725033600,578.37,597.32,576.0,590.0,660.6944
1725048000,590.87,601.2,590.01,600.01,288.2323
1725062400,600.0,603.18,598.58,602.14,548.5762
1725076800,601.94,602.63,599.99,599.99,679.1
1725091200,599.99,599.99,591.74,596.01,193.1831
1725105600,596.01,597.0,591.0,593.65,464.9995
1725120000,593.33,594.09,586.34,587.38,369.7946
1725134400,586.36,592.01,586.35,588.48,67.4493
1725148800,588.49,589.88,579.5,583.59,734.5976
1725163200,583.47,583.47,571.0,576.49,830.5839
1725177600,577.33,577.33,568.0,572.86,1898.9016
1725192000,572.9,586.17,567.01,584.13,909.4225
1725206400,584.12,588.99,575.05,586.07,299.7042
1725220800,586.39,590.0,556.0,560.01,1128.0502
1725235200,560.0,567.75,559.01,565.88,1040.2291
1725249600,566.54,566.97,554.03,555.88,1062.4343
1725264000,556.41,577.22,552.52,574.73,791.9511
1725278400,574.72,579.98,568.5,577.01,820.3678
1725292800,577.6,580.98,574.5,578.21,244.8768
1725307200,578.32,587.82,578.32,587.0,438.7404
1725321600,586.99,599.39,584.16,593.21,1017.5666
1725336000,593.57,594.57,585.59,587.83,455.9413
1725350400,588.25,588.62,581.77,586.74,292.1258
1725364800,588.91,592.08,567.8,568.52,652.0841
1725379200,568.52,575.38,567.87,574.05,423.6051
1725393600,572.95,573.51,559.0,559.04,611.9901
1725408000,559.01,563.34,540.0,559.25,1655.84
1725422400,559.19,570.99,552.45,569.57,957.4282
1725436800,569.55,570.09,561.0,561.01,255.1084
1725451200,561.02,583.1,560.19,582.99,1589.7392
1725465600,582.87,586.43,580.0,580.04,663.2823
1725480000,580.18,584.39,580.03,583.5,970.3251
1725494400,583.51,583.51,563.84,571.97,998.2719
1725508800,571.96,581.97,570.49,576.93,565.729
1725523200,576.94,580.85,574.37,578.23,154.6704
1725537600,578.33,587.95,569.0,569.59,1112.2907
1725552000,569.01,569.59,560.0,560.0,887.9027
1725566400,559.96,564.6,559.31,563.83,95.4752
1725580800,563.84,572.15,560.89,571.51,379.1057
1725595200,571.5,571.51,554.3,559.11,919.4127
1725609600,559.1,569.01,558.06,567.07,528.0765
1725624000,567.07,581.17,555.0,557.34,1865.8975
1725638400,557.34,557.82,543.01,545.45,775.6163
1725652800,544.77,565.0,528.0,544.43,1647.3817
1725667200,544.44,551.1,544.44,549.3,449.7334
1725681600,548.75,562.06,547.94,558.83,351.8993
1725696000,558.76,561.34,554.39,555.44,440.0654
1725710400,555.82,564.49,554.39,563.35,360.4275
1725724800,563.23,564.47,553.44,560.89,347.026
1725739200,560.89,560.9,552.72,557.7,60.5758
1725753600,557.41,561.49,556.0,559.53,190.8599
1725768000,559.57,565.31,559.0,565.04,442.6986
1725782400,565.11,569.98,564.22,567.89,341.8107
1725796800,567.89,569.92,554.02,554.11,437.3723
1725811200,554.11,562.71,554.1,560.67,184.4603
1725825600,560.36,571.04,559.8,565.99,336.4748
1725840000,566.0,570.0,560.01,561.72,564.2386
1725854400,561.46,564.33,558.01,564.33,208.329
1725868800,564.99,570.0,564.99,566.39,326.8528
1725883200,566.1,567.98,558.0,562.0,456.8222
1725897600,564.36,588.99,564.36,588.99,961.4277
1725912000,588.99,596.98,585.61,590.15,305.8091
1725926400,590.15,590.15,581.01,581.35,147.4327
1725940800,581.36,588.91,580.01,588.37,238.5501
1725955200,588.99,589.0,586.17,587.87,335.3201
1725969600,587.87,593.24,582.01,587.0,545.2024
1725984000,585.89,597.99,583.28,593.99,333.8693
1725998400,595.09,595.09,590.01,590.96,136.4041
1726012800,590.96,591.0,580.26,581.1,774.7097
1726027200,581.35,581.35,571.21,574.45,885.1744
1726041600,573.93,573.93,566.15,573.01,501.3283
1726056000,573.0,578.37,560.2,571.68,1587.7997
1726070400,570.72,578.38,570.71,574.57,515.7695
1726084800,575.62,577.9,574.51,575.53,88.2158
1726099200,575.54,591.26,575.53,589.01,616.8045
1726113600,589.3,589.32,583.55,584.65,247.3141
1726128000,584.66,585.97,582.56,585.44,113.7869
1726142400,585.46,591.0,580.01,580.01,414.0006
1726156800,580.02,587.84,580.01,587.84,83.6992
1726171200,587.83,591.98,585.89,590.46,344.0448
1726185600,590.38,590.39,581.03,582.51,191.7586
1726200000,583.24,583.24,580.0,580.01,267.5884
1726214400,580.01,580.86,575.0,575.0,516.6024
1726228800,575.0,589.57,570.02,589.57,577.5671
1726243200,589.56,595.0,586.59,594.44,562.0838
1726257600,595.0,600.0,594.99,598.4,269.7287
1726272000,598.41,610.82,596.17,602.21,2359.6579
1726286400,602.2,602.2,595.27,595.27,910.3495
1726300800,595.27,595.28,591.05,591.45,389.9016
1726315200,591.85,597.86,591.42,595.5,123.9144
1726329600,594.8,596.9,589.0,592.03,375.2416
1726344000,591.62,594.0,591.59,593.37,81.1272
1726358400,593.44,597.09,593.38,595.44,187.6834
1726372800,595.43,595.43,593.22,593.72,102.0974
1726387200,593.71,593.71,586.03,586.6,347.2495
1726401600,586.1,588.01,584.0,586.72,292.0224
1726416000,586.69,586.69,577.02,577.56,353.6679
1726430400,577.04,577.04,566.0,568.75,693.4566
1726444800,568.71,569.47,560.78,563.87,774.5605
1726459200,563.87,568.0,563.87,566.5,856.2608
1726473600,566.49,572.28,566.49,570.74,538.7772
1726488000,571.54,571.55,560.0,568.49,1304.4923
1726502400,568.03,569.17,559.0,565.9,514.3652
1726516800,565.9,568.76,564.8,568.76,98.6262
1726531200,568.76,568.76,563.27,565.39,238.5215
1726545600,565.39,571.4,564.47,569.62,259.8084
1726560000,569.73,571.99,566.31,567.01,463.8282
1726574400,567.01,580.6,564.0,576.08,759.4418
1726588800,576.07,576.08,563.01,565.62,250.1357
1726603200,564.0,566.62,562.0,562.54,104.0985
1726617600,562.54,563.07,560.0,562.78,376.2202
1726632000,562.77,562.77,558.01,559.01,324.8915
1726646400,558.84,559.02,548.0,552.58,609.4575
1726660800,552.65,555.6,544.51,545.01,673.5268
1726675200,545.08,566.0,544.55,553.19,638.3073
1726689600,551.6,575.0,550.0,575.0,465.276
1726704000,575.0,590.66,572.73,588.13,2457.8136
1726718400,589.08,592.4,586.31,589.17,644.6992
1726732800,589.16,591.38,586.65,590.98,612.2631
1726747200,590.78,604.99,590.31,603.99,2102.567
1726761600,603.98,606.99,603.46,604.99,679.6727
1726776000,605.0,606.49,596.32,603.0,415.6462
1726790400,603.15,604.35,595.17,604.0,1350.668
1726804800,604.0,635.99,604.0,633.47,2251.3646
1726819200,633.46,635.54,630.96,633.64,858.6838
1726833600,632.29,634.01,614.25,621.44,1341.5821
1726848000,623.41,623.41,607.55,617.22,743.7591
1726862400,617.22,621.76,616.01,616.02,178.3042
1726876800,616.01,622.0,612.0,614.22,267.551
1726891200,614.22,622.0,611.03,622.0,616.3079
1726905600,622.01,622.99,618.16,619.41,335.2338
1726920000,619.74,628.0,619.0,622.81,291.3045
1726934400,621.9,625.1,621.0,621.01,202.4358
1726948800,622.0,628.99,621.08,628.98,114.8062
1726963200,628.99,629.29,620.07,623.08,564.3042
1726977600,623.06,625.68,618.77,619.5,500.0259
1726992000,620.0,621.01,611.01,611.26,460.7271
1727006400,611.48,611.5,603.71,604.29,638.7022
1727020800,603.9,613.26,603.27,607.09,238.0929
1727035200,608.5,612.94,598.11,609.48,584.559
1727049600,609.47,627.16,599.76,621.58,976.5685
1727064000,622.06,622.99,610.83,610.83,338.3871
1727078400,612.1,612.1,604.04,604.69,443.3198
1727092800,604.69,611.78,602.0,607.96,483.5186
1727107200,608.37,608.37,602.1,603.61,282.9223
1727121600,604.4,610.36,602.08,608.91,230.9886
1727136000,609.47,614.99,605.03,613.34,573.4614
1727150400,613.21,614.8,609.43,614.8,1011.433
1727164800,614.52,618.94,610.01,611.64,338.8776
1727179200,612.46,617.34,605.02,608.15,223.8735
1727193600,608.01,618.43,607.24,616.84,182.5563
1727208000,616.86,637.66,616.86,635.0,2407.6958
1727222400,634.04,634.05,625.02,627.51,1125.5872
1727236800,628.2,628.91,617.51,619.48,428.3069
1727251200,619.49,624.95,619.49,624.95,307.6666
1727265600,625.41,631.88,622.63,627.17,410.6717
1727280000,627.16,631.79,620.0,625.35,292.7503
1727294400,624.99,624.99,612.0,614.99,254.7735
1727308800,614.99,619.99,612.16,619.99,495.5046
1727323200,619.2,629.4,618.0,629.4,441.7129
1727337600,629.37,633.98,625.76,633.09,951.7731
1727352000,633.1,652.48,629.64,650.15,4024.9245
1727366400,650.36,653.4,643.51,645.72,678.7244
1727380800,645.5,646.98,640.01,642.98,186.1304
1727395200,641.99,644.96,637.45,643.06,507.4541
1727409600,643.29,655.0,643.28,650.56,910.1382
1727424000,650.56,656.0,645.1,645.1,685.7762
1727438400,645.19,665.82,645.01,659.97,1009.109
1727452800,659.97,659.98,650.01,652.03,330.5878
1727467200,652.22,653.83,651.35,651.73,309.7616
1727481600,652.33,657.67,651.96,655.88,242.5539
1727496000,655.89,656.86,646.82,646.82,430.1628
1727510400,646.83,649.99,643.1,649.02,593.623
1727524800,649.6,653.13,647.83,649.31,551.1896
1727539200,649.31,649.31,648.28,648.82,60.0455
1727553600,648.86,648.87,645.26,648.87,101.1992
1727568000,647.63,653.12,647.63,652.22,243.0
1727582400,652.27,652.33,643.31,643.91,347.8267
1727596800,644.33,647.8,643.44,647.8,220.8017
1727611200,647.79,648.99,645.0,648.99,368.6278
1727625600,648.87,656.73,648.01,656.73,136.3066
1727640000,657.0,663.99,652.69,654.16,525.2976
1727654400,654.14,655.58,641.72,642.89,1098.6846
1727668800,642.89,649.04,639.91,647.68,524.3591
1727683200,647.68,647.68,635.6,641.17,860.8396
1727697600,641.17,649.99,640.03,640.03,353.1495
1727712000,640.0,640.88,637.74,639.99,188.1174
1727726400,639.99,645.94,630.0,630.1,443.9315
1727740800,630.01,645.17,628.0,644.99,738.1438
1727755200,644.82,653.64,644.76,653.45,517.6477
1727769600,653.88,654.5,651.33,652.19,428.1039
1727784000,652.18,652.18,612.98,625.61,3209.6386
1727798400,625.13,626.05,594.95,610.08,2552.166
1727812800,610.08,611.44,599.7,608.01,1013.0362
1727827200,608.02,621.92,604.29,618.0,824.8018
1727841600,618.0,621.78,614.08,620.0,1031.2693
1727856000,620.0,620.38,609.35,613.05,745.5448
1727870400,612.78,619.61,600.03,617.66,1118.4615
1727884800,619.49,621.08,585.0,586.12,1179.3451
1727899200,588.5,594.4,583.99,587.53,1307.1537
1727913600,589.84,603.31,584.53,603.31,2203.4565
1727928000,602.91,602.91,592.01,592.03,403.615
1727942400,592.55,592.55,574.27,583.02,2572.728
1727956800,583.0,587.38,566.01,576.27,1398.8892
1727971200,576.2,581.62,570.01,581.38,279.2307
1727985600,581.99,584.0,579.24,581.76,178.7997
1728000000,581.76,588.4,580.51,583.6,1127.8852
1728014400,583.44,592.58,583.13,592.55,685.0801
1728028800,591.84,597.41,591.05,593.13,632.8309
1728043200,593.34,603.97,586.0,603.87,862.4671
1728057600,603.88,610.69,602.44,609.98,370.9358
1728072000,609.24,610.77,605.42,607.46,449.521
1728086400,607.79,610.0,603.98,603.98,355.5291
1728100800,603.97,612.79,603.06,612.51,357.5563
1728115200,612.5,614.0,612.0,612.0,123.9861
1728129600,612.01,612.3,606.78,607.86,199.7348
1728144000,607.81,607.83,605.31,605.35,49.671
1728158400,605.25,606.97,602.31,606.97,165.4107
1728172800,606.33,610.48,604.65,607.75,338.6177
1728187200,607.23,610.0,606.01,608.76,354.8872
1728201600,608.76,611.99,608.02,611.98,301.2849
1728216000,612.0,620.11,612.0,620.09,1145.3257
1728230400,620.04,622.33,616.45,619.01,582.8562
1728244800,619.01,625.0,617.0,623.67,562.9042
1728259200,623.43,642.98,621.28,638.99,3317.8035
1728273600,638.99,640.89,632.82,633.18,391.261
1728288000,633.13,636.34,624.03,627.95,1002.7411
1728302400,627.95,647.09,627.59,636.64,1613.9846
1728316800,635.95,637.07,625.0,626.59,548.4073
1728331200,628.23,628.41,614.0,618.07,722.597
1728345600,618.07,621.6,614.0,619.09,1532.3422
1728360000,620.12,620.48,612.0,613.13,704.0757
1728374400,612.78,619.6,612.37,619.6,128.5271
1728388800,618.81,623.03,608.02,611.99,696.7543
1728403200,611.24,615.28,608.99,612.91,100.4287
1728417600,615.29,617.63,611.49,613.75,208.7392
1728432000,614.69,621.51,614.0,616.53,709.7268
1728446400,616.0,617.13,614.0,614.01,156.8934
1728460800,614.0,614.69,610.06,613.99,350.453
1728475200,613.99,613.99,605.0,612.97,871.6025
1728489600,612.22,612.22,603.01,603.17,375.6564
1728504000,603.17,604.86,598.0,598.55,905.6507
1728518400,598.08,602.9,592.2,602.83,1524.522
1728532800,602.84,605.7,602.28,602.93,761.2688
1728547200,602.93,603.81,595.0,603.81,1769.2958
1728561600,603.81,604.4,585.71,595.99,2158.804
1728576000,595.99,597.93,585.01,592.95,585.0918
1728590400,593.8,597.96,590.1,597.96,155.7545
1728604800,597.09,606.68,597.05,605.01,442.9377
1728619200,605.01,608.98,603.51,606.17,358.3047
1728633600,606.16,610.13,606.16,609.48,169.4743
1728648000,609.97,624.4,609.97,619.77,746.9442
1728662400,619.95,626.28,616.98,624.15,863.7206
1728676800,622.63,626.09,622.13,622.98,211.4268
1728691200,622.98,627.02,620.0,621.07,413.3824
1728705600,621.07,625.71,621.07,624.5,363.5294
1728720000,624.51,629.36,623.1,627.81,642.5327
1728734400,627.81,629.29,624.7,624.7,181.2584
1728748800,624.99,629.44,624.99,628.92,126.3746
1728763200,628.22,628.96,627.12,628.0,70.2629
1728777600,628.0,628.95,622.01,622.02,271.9724
1728792000,622.02,628.49,622.02,626.27,435.8401
1728806400,626.78,632.95,626.78,627.76,891.338
1728820800,627.77,632.14,620.79,621.25,639.4233
1728835200,622.21,625.8,620.55,625.55,108.9438
1728849600,624.35,634.97,624.34,630.86,772.0125
1728864000,630.88,648.0,630.07,648.0,1654.3618
1728878400,648.99,651.79,640.35,651.79,1675.5118
1728892800,651.79,654.95,650.83,653.0,995.5999
1728907200,652.99,671.99,652.49,669.79,2317.4431
1728921600,669.79,669.79,660.67,664.78,588.4028
1728936000,664.78,671.95,664.01,670.0,403.2104
1728950400,669.99,671.95,663.51,663.51,862.5354
1728964800,663.92,664.0,655.98,661.86,851.2165
1728979200,662.0,664.87,650.03,650.03,632.9055
1728993600,652.62,673.99,641.11,654.04,2110.5105
1729008000,655.99,660.99,655.11,659.77,431.9907
1729022400,659.6,659.6,650.01,655.0,175.5729
1729036800,654.99,660.52,651.05,657.91,408.9846
1729051200,657.92,658.91,655.16,658.36,828.0957
1729065600,658.57,677.0,657.78,670.0,1014.2959
1729080000,669.26,671.22,660.0,666.11,641.8744
1729094400,667.93,667.93,662.51,662.96,75.0777
1729108800,662.5,664.3,661.85,663.03,72.6355
1729123200,663.31,666.82,662.35,664.35,240.7052
1729137600,664.36,664.36,654.01,656.05,437.3714
1729152000,656.21,659.73,653.02,653.03,472.5282
1729166400,653.01,659.43,652.0,656.64,414.5206
1729180800,657.18,657.33,638.62,644.99,689.7433
1729195200,644.15,649.09,643.91,648.11,120.1479
1729209600,648.83,659.54,647.01,655.01,255.604
1729224000,655.01,661.99,655.01,661.2,236.0402
1729238400,661.2,661.21,658.11,658.11,241.7053
1729252800,658.01,667.16,656.04,665.89,559.825
1729267200,665.73,670.98,663.02,665.19,844.3751
1729281600,664.55,666.0,662.41,666.0,265.2456
1729296000,665.57,669.08,663.01,665.25,286.0326
1729310400,665.42,666.41,663.01,665.02,238.9791
1729324800,665.04,666.59,663.0,663.01,432.4012
1729339200,663.03,674.37,663.03,672.16,614.6633
1729353600,672.19,672.99,669.3,672.24,249.6043
1729368000,671.97,684.94,671.97,684.93,959.3435
1729382400,684.94,688.86,680.89,682.78,662.9749
1729396800,682.78,687.99,682.25,682.57,431.1826
1729411200,682.58,684.67,682.27,684.39,220.8369
1729425600,684.39,692.58,677.81,686.05,877.2887
1729440000,686.05,689.83,684.51,687.5,88.7484
1729454400,687.49,719.05,687.49,715.99,2492.378
1729468800,716.0,727.99,716.0,723.52,2136.3734
1729483200,723.52,731.0,722.52,723.07,1450.9539
1729497600,723.15,725.32,708.31,712.03,1263.2446
1729512000,713.72,714.99,693.31,706.95,1995.7527
1729526400,706.95,718.92,701.76,718.92,555.1583
1729540800,717.25,719.0,711.44,713.19,174.5053
1729555200,713.18,718.0,702.59,714.57,683.6734
1729569600,714.57,724.5,713.5,720.42,1221.2649
1729584000,720.0,726.99,709.0,725.31,909.9928
1729598400,724.91,735.26,715.0,728.18,1960.3462
1729612800,728.0,729.28,720.38,729.02,291.7758
1729627200,728.16,729.98,723.46,723.9,127.6128
1729641600,725.65,725.65,715.5,716.4,598.8734
1729656000,716.99,720.91,715.53,718.19,652.5282
1729670400,718.65,722.81,715.55,721.03,421.2305
1729684800,722.9,734.99,716.8,729.18,1266.3617
1729699200,729.18,750.0,720.0,748.22,2666.889
1729713600,748.06,753.97,739.71,744.93,600.5122
1729728000,744.92,760.01,743.94,758.94,1304.607
1729742400,758.94,759.99,752.3,754.34,801.5955
1729756800,754.79,757.68,743.78,756.95,768.876
1729771200,756.83,766.97,755.77,762.81,2108.1326
1729785600,763.99,769.0,761.07,769.0,282.1232
1729800000,769.0,777.98,766.59,770.08,975.445
1729814400,770.08,770.09,760.0,760.01,845.6558
1729828800,760.01,760.18,746.1,746.1,1125.0239
1729843200,746.1,754.05,743.08,753.16,963.128
1729857600,754.96,767.67,747.52,747.82,1158.5772
1729872000,748.5,750.35,720.08,728.78,2745.9983
1729886400,730.7,731.83,695.15,716.97,2131.4795
1729900800,716.07,722.04,709.21,722.04,1028.9879
1729915200,722.02,737.73,722.01,730.19,1211.468
1729929600,730.19,742.66,730.01,736.1,370.4214
1729944000,736.1,739.02,731.43,734.89,503.6065
1729958400,735.67,747.58,734.89,746.86,395.1201
1729972800,746.87,753.0,744.81,744.81,582.0779
1729987200,745.0,753.0,744.25,749.82,171.9814
1730001600,750.0,755.0,749.51,755.0,275.4809
1730016000,755.0,765.0,755.0,758.43,545.7233
1730030400,759.98,769.95,759.83,763.0,1127.8094
1730044800,762.99,771.8,759.43,770.0,556.7694
1730059200,769.99,773.0,769.05,769.9,362.3719
1730073600,767.5,769.05,762.54,766.35,1127.1824
1730088000,765.36,769.87,757.99,767.95,898.0096
1730102400,767.95,775.91,765.51,771.98,910.3149
1730116800,771.52,773.99,759.02,759.02,1233.8173
1730131200,759.02,773.94,754.5,766.5,433.3563
1730145600,764.78,779.95,764.78,774.97,845.2378
1730160000,774.98,789.99,772.02,789.97,1733.6549
1730174400,789.98,792.0,783.05,783.11,733.1089
1730188800,784.71,789.96,784.71,788.77,913.2136
1730203200,788.09,788.09,778.02,784.81,703.5236
1730217600,784.83,792.5,773.66,773.66,1119.7494
1730232000,773.52,783.02,770.0,777.13,501.4091
1730246400,777.08,785.91,770.0,782.31,625.7673
1730260800,781.68,788.0,779.01,780.01,991.641
1730275200,780.01,780.64,768.0,768.01,474.8335
1730289600,768.02,770.0,755.01,758.67,998.7347
1730304000,758.73,766.22,756.54,759.83,219.208
1730318400,761.69,768.05,757.16,764.0,177.1509
1730332800,763.22,767.79,761.65,761.66,534.1324
1730347200,761.65,767.04,755.0,759.92,354.8613
1730361600,760.42,767.92,755.0,760.0,1789.5252
1730376000,760.0,763.08,740.0,743.03,1392.5735
1730390400,743.71,743.79,738.02,738.22,467.6564
1730404800,738.13,741.57,733.89,733.89,245.6239
1730419200,734.99,737.53,723.43,730.69,1577.2737
1730433600,730.34,731.89,725.01,726.49,360.8063
1730448000,726.52,737.53,725.01,732.77,777.8524
1730462400,732.77,759.87,720.0,721.06,2932.3949
1730476800,721.07,732.12,719.5,728.1,203.2661
1730491200,728.61,728.62,720.15,726.66,236.036
1730505600,726.66,737.97,726.65,732.01,490.3062
1730520000,732.02,734.28,728.01,734.28,292.2725
1730534400,734.99,734.99,727.69,728.0,275.0217
1730548800,728.0,728.0,713.0,718.65,625.1337
1730563200,719.0,724.9,717.94,724.14,203.23
1730577600,725.0,730.0,724.9,727.18,380.5534
1730592000,727.18,729.99,710.01,712.48,528.1628
1730606400,712.47,721.35,712.47,719.87,224.6789
1730620800,720.73,723.15,714.91,720.47,521.7526
1730635200,720.4,722.88,697.99,705.76,1989.8516
1730649600,705.89,711.63,700.01,709.98,296.2499
1730664000,710.62,721.13,708.35,717.0,942.2046
1730678400,716.99,722.56,704.35,716.51,682.1187
1730692800,715.07,716.48,707.54,708.01,1887.9437
1730707200,708.9,720.92,703.02,720.03,577.5027
1730721600,720.02,721.0,709.99,714.99,1381.8453
1730736000,714.01,714.36,700.6,700.95,771.6618
1730750400,700.71,701.01,685.0,694.41,1269.4024
1730764800,694.37,719.7,692.53,698.0,695.5796
1730779200,698.0,707.95,698.0,707.95,431.8271
1730793600,707.87,710.95,705.02,708.92,135.5084
1730808000,708.16,731.99,707.94,725.49,1425.7212
1730822400,725.5,737.98,719.96,719.96,395.8367
1730836800,718.92,730.78,718.92,728.28,786.0404
1730851200,728.28,808.0,727.71,807.34,6715.4317
1730865600,807.33,820.0,792.49,795.0,5689.2621
1730880000,795.54,807.01,772.06,807.01,2082.4864
1730894400,807.01,818.16,800.25,807.48,1827.2733
1730908800,805.01,812.5,800.63,812.0,429.3242
1730923200,812.0,820.0,807.97,812.0,1159.3432
1730937600,811.0,824.51,806.03,815.89,1488.9982
1730952000,815.89,823.0,806.03,821.0,1503.0639
1730966400,820.0,824.9,813.71,814.95,507.7796
1730980800,813.77,836.86,810.0,835.82,2320.6553
1730995200,836.0,851.0,820.0,845.61,1771.7822
1731009600,845.59,851.0,814.4,839.0,816.9233
1731024000,845.96,863.76,807.0,810.0,2992.1143
1731038400,856.0,870.0,847.66,870.0,1989.4621
1731052800,869.99,890.97,850.0,888.01,2241.6296
1731067200,888.0,890.0,865.62,874.58,1343.3969
1731081600,875.15,875.99,850.66,869.08,1333.8122
1731096000,869.08,871.91,861.01,871.5,561.4855
1731110400,871.5,873.54,855.02,866.31,1514.0969
1731124800,866.31,880.0,866.31,872.93,773.9971
1731139200,874.95,888.0,872.95,884.6,634.3147
1731153600,884.25,885.07,868.0,868.02,974.1531
1731168000,868.02,870.24,857.8,866.56,1097.8435
1731182400,866.56,880.85,866.56,875.01,318.4554
1731196800,875.01,889.89,870.0,878.96,1575.3409
1731211200,878.9,900.0,872.19,890.69,3317.629
1731225600,891.13,896.32,888.05,896.32,554.4252
1731240000,896.0,918.0,885.0,917.01,2975.7311
1731254400,917.01,925.28,900.0,900.0,2029.2709
1731268800,901.01,916.85,872.0,900.68,1652.1608
1731283200,908.82,910.72,900.68,900.69,941.7338
1731297600,901.67,901.95,865.02,901.21,2895.8413
1731312000,901.9,944.9,896.45,944.9,3754.9411
1731326400,944.89,957.0,936.92,946.24,3229.2373
1731340800,946.01,953.99,934.8,936.0,745.7577
1731355200,936.0,944.51,921.5,938.01,1289.6217
1731369600,941.33,945.0,927.0,945.0,1660.9274
1731384000,945.0,966.0,944.77,966.0,2880.5404
1731398400,965.99,971.99,912.5,931.95,5237.0753
1731412800,928.33,938.5,902.6,913.49,3374.2287
1731427200,913.49,929.49,903.2,907.02,818.7472
1731441600,924.99,925.99,890.25,897.01,904.6272
1731456000,897.0,901.26,879.88,886.0,1589.9048
1731470400,882.0,905.45,870.12,899.99,1784.2121
1731484800,896.67,923.94,893.98,918.85,767.9395
1731499200,919.34,952.99,915.01,935.08,2746.3317
1731513600,942.8,943.9,915.01,915.01,821.5697
1731528000,916.01,938.84,901.0,936.83,512.091
1731542400,938.7,964.94,924.5,964.94,1873.39
1731556800,964.94,970.0,940.0,967.0,2424.6777
1731571200,967.86,987.85,945.25,956.81,2490.4309
1731585600,950.2,960.0,925.0,930.61,1712.1429
1731600000,932.92,959.94,922.01,928.62,939.7961
1731614400,928.61,943.46,905.0,914.92,1271.7514
1731628800,914.66,932.5,912.0,922.24,1145.0594
1731643200,922.24,932.48,906.5,928.18,1349.1311
1731657600,929.93,949.79,925.3,947.73,850.7085
1731672000,947.85,949.99,911.09,915.75,1111.8326
1731686400,916.99,926.06,916.4,925.63,454.9036
1731700800,924.65,950.01,924.65,944.88,827.9242
1731715200,945.04,958.75,930.03,958.75,1066.8893
1731729600,959.0,960.0,930.0,951.14,1671.3029
1731744000,949.73,953.0,931.0,944.98,1520.5763
1731758400,944.97,953.97,915.5,916.9,3127.9744
1731772800,916.84,929.91,910.05,923.52,1163.1301
1731787200,923.4,930.38,916.01,929.22,537.918
1731801600,929.13,951.0,910.05,951.0,1349.6964
1731816000,951.0,1015.0,950.17,1014.46,9025.1643
1731830400,1014.47,1039.97,1000.0,1012.81,2382.7523
1731844800,1012.81,1018.19,989.06,1016.17,1445.847
1731859200,1018.34,1021.0,1003.52,1021.0,375.2569
1731873600,1021.99,1027.88,1003.53,1027.87,1227.2209
1731888000,1027.88,1056.52,1015.0,1056.39,1721.772
1731902400,1056.52,1061.48,991.07,1050.0,1987.6107
1731916800,1049.99,1080.0,1045.0,1058.17,1952.0962
1731931200,1058.17,1076.44,1055.0,1060.04,1762.7262
1731945600,1060.04,1060.04,1036.79,1042.55,968.7544
1731960000,1042.11,1054.7,1039.85,1049.98,608.1096
1731974400,1049.98,1070.79,1045.39,1061.0,680.0393
1731988800,1061.01,1078.0,1051.62,1074.01,920.2316
1732003200,1076.99,1094.79,1072.7,1088.04,1179.5273
1732017600,1094.34,1095.79,1062.02,1072.32,1198.8084
1732032000,1072.33,1085.0,1071.98,1084.92,677.6773
1732046400,1084.0,1084.0,1045.0,1059.95,1424.0067
1732060800,1059.94,1059.99,1032.98,1041.52,1360.1475
1732075200,1041.53,1054.84,1037.12,1054.8,973.8497
1732089600,1054.81,1062.0,1047.24,1059.35,1568.6478
1732104000,1059.28,1075.18,1052.72,1057.12,1454.2814
1732118400,1061.1,1061.1,1039.02,1041.31,792.3964
1732132800,1041.01,1059.0,1039.75,1051.85,173.5062
1732147200,1051.37,1064.47,1035.0,1055.3,1728.5103
1732161600,1055.28,1077.99,1055.01,1077.01,1728.0582
1732176000,1077.02,1080.0,1070.0,1070.0,654.8412
1732190400,1069.52,1110.0,1069.52,1100.01,3601.7862
1732204800,1100.24,1141.96,1100.13,1116.0,2228.9758
1732219200,1116.0,1124.99,1105.16,1117.0,844.9205
1732233600,1117.01,1138.0,1082.01,1137.99,2270.634
1732248000,1137.99,1137.99,1115.12,1131.57,1538.1972
1732262400,1131.83,1135.99,1126.28,1133.07,802.0861
1732276800,1133.89,1137.89,1100.18,1124.03,1749.0469
1732291200,1122.01,1122.01,1103.81,1108.24,520.4979
1732305600,1108.35,1121.6,1103.0,1113.25,691.1372
1732320000,1113.25,1127.99,1102.0,1120.52,2231.3298
1732334400,1125.0,1155.0,1125.0,1139.35,1677.854
1732348800,1139.0,1145.0,1135.22,1137.72,708.5846
1732363200,1137.71,1165.0,1137.71,1146.01,1646.4054
1732377600,1148.01,1149.12,1120.71,1125.01,1118.9096
1732392000,1125.01,1126.03,1120.0,1122.51,377.1149
1732406400,1122.52,1144.87,1120.01,1139.69,613.3765
1732420800,1139.39,1140.99,1130.0,1136.66,502.4274
1732435200,1136.65,1136.66,1085.07,1085.07,1480.6533
1732449600,1085.02,1105.64,935.01,1049.76,6908.7268
1732464000,1049.85,1083.39,1032.86,1083.39,341.6126
1732478400,1083.39,1120.0,1080.01,1117.01,714.4653
1732492800,1117.0,1117.47,1085.37,1112.99,662.2317
1732507200,1113.0,1118.82,1108.82,1118.01,713.2365
1732521600,1118.01,1128.45,1105.69,1110.0,1093.8988
1732536000,1110.0,1110.0,1046.02,1088.97,1634.739
1732550400,1088.02,1088.02,1056.06,1063.54,593.949
1732564800,1061.24,1067.18,1031.01,1040.31,890.9748
1732579200,1040.34,1069.14,1040.34,1061.44,1526.2465
1732593600,1061.14,1066.89,1052.0,1053.61,744.5147
1732608000,1052.0,1054.8,980.0,1007.99,2056.2065
1732622400,1007.99,1032.02,1000.0,1018.81,1013.8846
1732636800,1017.51,1033.65,1002.5,1019.99,473.8989
1732651200,1020.0,1029.99,1000.01,1027.09,419.7934
1732665600,1025.91,1038.0,1017.89,1031.2,444.8779
1732680000,1030.02,1039.05,1015.5,1039.05,609.0115
1732694400,1039.05,1048.31,1030.0,1040.35,1010.2809
1732708800,1040.5,1061.13,1030.0,1059.13,1396.2983
1732723200,1059.25,1059.3,1045.0,1050.04,298.9484
1732737600,1050.04,1059.99,1045.01,1058.62,526.5824
1732752000,1059.99,1077.74,1051.02,1058.0,782.1998
1732766400,1058.0,1061.9,1041.81,1049.0,449.6116
1732780800,1049.0,1051.49,1040.0,1049.2,362.7547
1732795200,1047.0,1051.47,1038.0,1038.0,465.9667
1732809600,1038.0,1047.25,1037.03,1042.16,206.1511
1732824000,1041.65,1049.99,1041.47,1048.91,363.643
1732838400,1048.91,1068.0,1037.02,1064.01,1091.7015
1732852800,1064.0,1065.0,1042.13,1047.83,984.1907
1732867200,1047.26,1066.59,1042.2,1066.59,669.8053
1732881600,1066.88,1074.75,1049.83,1063.39,1147.1317
1732896000,1063.1,1063.1,1040.0,1045.76,515.5999
1732910400,1045.78,1064.22,1045.78,1057.38,384.9337
1732924800,1057.07,1059.45,1038.62,1057.94,856.5048
1732939200,1057.86,1059.0,1044.06,1056.49,797.1872
1732953600,1056.5,1059.96,1042.0,1052.01,733.1074
1732968000,1052.0,1054.95,1041.71,1043.99,1050.2082
1732982400,1044.0,1044.53,1038.62,1041.83,445.4259
1732996800,1041.09,1045.0,1031.2,1034.82,672.4764
1733011200,1035.0,1044.96,1025.09,1026.97,1298.1876
1733025600,1026.97,1035.0,1025.0,1031.5,471.5117
1733040000,1031.91,1039.18,1030.0,1033.0,490.9969
1733054400,1033.0,1044.74,1032.01,1043.99,776.2661
1733068800,1044.0,1049.16,1010.0,1012.2,1139.8501
1733083200,1011.92,1024.99,1000.0,1009.02,1138.7864
1733097600,1009.07,1020.0,1000.26,1000.5,3974.8919
1733112000,1000.31,1009.99,991.18,1006.08,3162.7201
1733126400,1004.99,1008.75,988.0,994.99,1893.2337
1733140800,994.99,1004.98,974.2,1003.85,3568.8214
1733155200,1004.28,1004.28,970.0,980.31,2397.2064
1733169600,982.84,993.23,968.0,992.01,1553.9242
1733184000,992.01,1006.25,925.0,997.7,3586.9235
1733198400,999.41,1013.99,997.6,1003.06,1451.7597
1733212800,1003.06,1011.5,995.66,1001.89,1783.9161
1733227200,1001.89,1009.63,962.45,995.0,2287.4264
1733241600,996.0,1018.0,992.0,1018.0,727.6249
1733256000,1018.0,1066.71,1017.57,1048.33,2881.4934
1733270400,1049.7,1072.58,1049.59,1061.46,2238.4331
1733284800,1061.31,1072.02,1050.01,1051.79,1221.2974
1733299200,1050.13,1070.0,1045.16,1053.73,1320.2918
1733313600,1053.72,1054.97,1033.13,1044.57,1666.6192
1733328000,1044.79,1049.0,1006.01,1047.35,973.1358
1733342400,1041.13,1050.0,1009.55,1019.75,1059.3836
1733356800,1019.99,1047.4,985.0,1026.35,3662.1981
1733371200,1026.36,1047.4,1023.0,1035.0,2158.7433
1733385600,1035.01,1066.0,1034.28,1066.0,1998.2893
1733400000,1066.0,1080.0,1042.02,1054.99,2497.0055
1733414400,1054.99,1067.13,1032.13,1032.14,839.3601
1733428800,1031.72,1065.0,1009.0,1049.9,1717.8185
1733443200,1049.96,1093.48,1046.57,1074.29,2011.8399
1733457600,1077.51,1077.99,1056.01,1059.82,661.304
1733472000,1059.82,1064.98,1037.01,1037.02,810.175
1733486400,1037.02,1057.65,1027.55,1047.12,1714.5962
1733500800,1048.98,1057.65,1046.74,1052.84,282.4678
1733515200,1053.04,1053.18,1035.0,1038.77,372.0847
1733529600,1040.31,1051.88,1030.01,1038.52,1680.1731
1733544000,1038.52,1048.03,1038.14,1045.49,557.9188
1733558400,1045.69,1058.46,1042.55,1055.95,794.9546
1733572800,1055.72,1076.55,1052.0,1066.62,887.6829
1733587200,1066.62,1072.19,1061.5,1070.14,345.3243
1733601600,1070.03,1077.53,1054.91,1057.05,477.5885
1733616000,1055.94,1069.0,1055.48,1068.08,527.1262
1733630400,1068.08,1069.82,1055.31,1059.0,475.0288
1733644800,1059.01,1059.83,1040.0,1047.68,731.1308
1733659200,1048.32,1053.0,1042.48,1051.78,739.8281
1733673600,1053.0,1053.0,1040.11,1043.17,343.6349
1733688000,1048.26,1052.99,1042.0,1051.84,126.179
1733702400,1049.52,1050.94,1028.02,1028.02,1555.4019
1733716800,1028.02,1032.35,1018.01,1026.99,877.6578
1733731200,1027.0,1027.0,1001.9,1004.04,1423.7283
1733745600,1004.02,1028.89,997.01,1000.0,1572.7772
1733760000,1000.01,1010.8,995.0,995.0,287.1876
1733774400,995.01,1005.37,950.0,977.0,2454.5838
1733788800,976.02,990.0,930.0,957.75,2511.9306
1733803200,957.0,973.2,945.01,968.01,714.5895
1733817600,968.0,974.44,963.26,965.93,647.6486
1733832000,965.91,972.71,922.0,922.01,2191.2239
1733846400,922.0,947.51,909.04,947.51,1747.4042
1733860800,945.6,961.04,942.94,953.9,643.5539
1733875200,955.35,978.0,947.05,978.0,744.0261
1733889600,978.0,981.44,970.0,979.2,934.9486
1733904000,979.18,1008.44,977.98,1006.48,759.2332
1733918400,1006.48,1024.96,1005.0,1020.0,1028.7839
1733932800,1020.01,1025.0,1012.89,1020.75,228.3401
1733947200,1021.98,1023.99,1010.02,1010.03,369.1585
1733961600,1010.04,1027.02,1005.01,1022.48,769.4923
1733976000,1024.01,1028.83,1017.16,1024.08,669.247
1733990400,1024.08,1035.99,1014.02,1019.84,389.7472
1734004800,1018.75,1035.98,1018.74,1025.97,542.8626
1734019200,1026.0,1038.88,1010.0,1012.0,559.8057
1734033600,1011.99,1018.15,1005.0,1007.68,508.8776
1734048000,1007.01,1014.11,999.41,1011.26,859.2587
1734062400,1012.04,1012.83,996.0,1000.0,478.1575
1734076800,1000.0,1008.99,1000.0,1006.69,289.5789
1734091200,1007.53,1009.21,985.01,985.02,1154.1195
1734105600,985.02,996.13,985.0,993.67,747.9079
1734120000,996.99,1000.0,993.96,1000.0,242.9515
1734134400,1000.0,1010.0,998.7,1004.89,949.8784
1734148800,1005.7,1006.99,1000.19,1003.0,319.305
1734163200,1003.0,1004.0,999.0,999.01,250.146
1734177600,999.0,999.01,985.5,991.73,580.5034
1734192000,991.51,991.52,972.01,973.68,686.6028
1734206400,973.27,984.06,965.0,983.01,498.0598
1734220800,983.0,988.87,982.02,983.62,302.7309
1734235200,983.62,988.4,968.0,969.02,374.5713
1734249600,969.02,981.41,968.01,975.88,541.3166
1734264000,975.89,987.49,974.88,986.11,854.6285
1734278400,986.15,990.42,986.03,990.41,177.0904
1734292800,989.66,1000.0,970.0,998.0,720.1255
1734307200,999.01,1009.0,985.0,985.01,805.7224
1734321600,985.04,995.41,985.0,994.02,548.9227
1734336000,994.01,994.02,958.01,958.36,971.1235
1734350400,958.01,973.41,957.01,969.05,879.8081
1734364800,969.06,978.99,965.04,968.82,1357.1681
1734379200,969.09,972.13,960.0,960.01,333.452
1734393600,960.0,960.3,943.01,958.05,1079.4649
1734408000,958.05,963.56,950.42,960.01,453.898
1734422400,962.75,991.95,962.28,980.87,1573.7875
1734436800,982.61,1007.99,965.0,981.19,1426.94
1734451200,980.0,1012.01,975.35,1008.11,1165.3484
1734465600,1008.13,1010.47,985.44,993.02,283.9178
1734480000,993.03,1005.0,974.01,974.99,435.335
1734494400,974.98,974.99,959.39,966.75,1150.5125
1734508800,967.51,979.14,966.76,976.14,265.0319
1734523200,975.97,979.52,966.5,977.15,706.4538
1734537600,977.65,977.65,956.0,956.0,453.4788
1734552000,955.55,955.55,925.0,928.71,1817.7348
1734566400,929.72,947.45,906.5,945.09,2314.7966
1734580800,945.03,965.58,935.04,965.57,760.9626
1734595200,962.01,962.75,945.7,955.19,451.9128
1734609600,955.19,957.0,920.01,925.66,948.5297
1734624000,930.0,937.6,870.0,874.6,2166.986
1734638400,874.6,912.11,874.6,896.01,894.1766
1734652800,896.99,911.05,887.01,895.0,1193.8251
1734667200,896.11,898.49,851.28,864.45,2337.5361
1734681600,865.34,865.34,790.36,793.0,5457.8034
1734696000,793.0,884.7,792.77,876.01,3590.2289
1734710400,877.0,887.0,866.05,879.79,695.6086
1734724800,872.54,894.24,858.86,890.54,1104.7933
1734739200,891.39,903.0,890.0,893.0,728.4717
1734753600,894.03,926.25,893.01,917.04,1216.9057
1734768000,917.02,917.02,877.72,886.99,1069.5571
1734782400,886.99,886.99,834.01,856.1,1227.6554
1734796800,856.08,859.18,825.0,831.5,1125.9649
1734811200,829.99,848.74,825.0,833.11,313.589
1734825600,833.1,850.27,831.76,835.66,538.81
1734840000,844.48,844.49,820.01,842.0,621.3435
1734854400,842.0,856.85,800.0,855.3,2365.4382
1734868800,855.26,856.95,822.02,833.54,1313.3761
1734883200,833.6,843.93,820.54,820.54,354.54
1734897600,820.54,838.16,816.01,828.07,376.4033
1734912000,828.06,849.98,807.96,848.64,1113.3552
1734926400,847.45,851.0,817.02,822.27,788.0845
1734940800,824.2,839.07,824.14,830.03,386.6552
1734955200,830.02,839.04,819.42,824.01,1117.9111
1734969600,824.0,856.0,824.0,850.0,409.6628
1734984000,848.18,870.95,846.78,855.67,661.8909
1734998400,856.8,860.0,841.64,853.93,335.1044
1735012800,855.73,863.87,853.59,860.97,1051.1459
1735027200,860.98,870.1,860.29,868.11,1073.1119
1735041600,868.02,894.99,863.01,891.51,707.4857
1735056000,891.5,894.0,879.03,879.03,451.1172
1735070400,879.03,888.0,870.02,887.0,163.3835
1735084800,887.01,905.01,885.01,896.93,533.4794
1735099200,896.2,900.29,892.01,894.58,349.8288
1735113600,893.01,900.0,881.99,882.0,355.0702
1735128000,880.24,899.01,880.24,893.58,168.7521
1735142400,893.59,895.0,883.68,895.0,167.4594
1735156800,895.0,897.99,883.04,888.45,217.4815
1735171200,889.26,894.99,881.0,882.48,405.7634
1735185600,882.0,882.0,870.0,870.01,455.2436
1735200000,870.01,870.01,845.31,855.19,997.604
1735214400,855.19,856.71,846.42,852.99,623.8746
1735228800,851.0,860.0,848.4,853.98,238.6599
1735243200,853.9,859.77,845.0,850.03,123.9363
1735257600,850.04,860.0,848.09,855.48,421.222
1735272000,855.2,860.0,841.57,842.11,475.1961
1735286400,842.6,873.99,842.6,862.25,931.0836
1735300800,862.47,867.6,831.01,833.97,782.5508
1735315200,833.02,847.46,830.0,843.12,231.9371
1735329600,843.45,843.65,831.01,831.03,218.7177
1735344000,832.0,842.51,832.0,838.49,255.8077
1735358400,837.75,842.4,835.02,838.02,102.012
1735372800,838.5,845.0,838.0,845.0,147.9675
1735387200,845.0,860.0,843.51,857.81,584.3349
1735401600,857.81,877.25,857.07,872.46,231.1143
1735416000,873.56,878.25,866.49,877.58,313.3612
1735430400,877.98,878.98,865.53,874.07,379.2607
1735444800,874.08,884.83,873.69,882.38,304.7425
1735459200,882.38,885.25,878.63,883.99,275.1114
1735473600,884.0,887.24,867.62,880.0,344.1494
1735488000,880.02,880.02,868.81,871.49,338.9431
1735502400,871.01,871.01,854.95,861.76,207.3429
1735516800,860.01,875.03,858.48,862.82,338.9052
1735531200,862.78,869.91,856.0,861.3,375.345
1735545600,867.08,869.99,860.91,867.58,432.1507
1735560000,868.84,873.16,838.01,843.12,647.8689
1735574400,845.0,880.95,838.16,880.95,328.5486
1735588800,880.96,882.99,852.58,863.73,398.958
1735603200,861.84,863.88,848.01,854.16,277.1181
1735617600,851.87,854.38,847.01,851.01,256.6206
1735632000,851.5,873.25,851.21,871.88,653.4776
1735646400,871.8,891.48,867.77,888.89,1392.1891
1735660800,888.99,891.84,870.01,870.01,264.3777
1735675200,872.4,874.9,853.02,853.02,582.8487
1735689600,854.5,865.53,853.7,857.61,562.9497
1735704000,857.61,863.09,853.02,858.01,418.491
1735718400,855.45,863.56,850.0,863.52,468.3549
1735732800,863.32,865.92,850.01,861.49,446.9323
1735747200,860.79,867.62,853.0,867.35,472.6996
1735761600,868.98,875.25,866.92,871.01,113.8314
1735776000,871.02,894.53,867.83,889.09,1126.9358
1735790400,889.1,927.13,889.1,924.97,1750.0246
1735804800,922.27,935.67,921.31,935.0,507.2546
1735819200,935.0,938.44,921.16,924.5,1355.9278
1735833600,924.5,933.0,920.0,928.79,400.1316
1735848000,928.0,934.76,919.5,931.83,723.0829
1735862400,933.9,933.9,924.67,931.53,376.6791
1735876800,932.0,942.3,929.98,934.6,1175.5124
1735891200,932.03,963.5,932.03,963.49,847.1514
1735905600,962.7,978.59,955.0,978.0,1046.1294
1735920000,977.99,986.01,973.29,973.54,503.5549
1735934400,971.23,979.42,969.49,977.69,183.8242
1735948800,976.54,977.69,969.0,971.63,510.0265
1735963200,971.01,976.75,969.02,973.4,240.5125
1735977600,973.43,973.43,963.46,973.08,366.9038
1735992000,970.32,975.0,961.99,964.0,403.8764
1736006400,967.0,971.0,961.12,969.42,271.5352
1736020800,969.42,975.0,969.42,974.99,61.446
1736035200,974.99,983.9,970.64,980.43,405.1344
1736049600,981.0,982.0,972.09,974.16,302.6374
1736064000,973.4,973.9,960.0,962.93,308.2403
1736078400,962.94,962.94,955.0,959.93,358.9473
1736092800,960.0,962.95,954.0,957.39,137.9491
1736107200,957.94,962.99,955.08,960.61,112.2804
1736121600,960.59,973.0,955.0,970.01,264.1119
1736136000,970.01,972.99,964.01,968.0,454.6805
1736150400,968.0,972.0,961.58,972.0,453.9999
1736164800,972.0,996.0,971.04,993.24,1501.0103
1736179200,993.24,999.0,980.0,988.0,349.2832
1736193600,988.0,989.82,980.0,981.51,243.2982
1736208000,981.51,985.62,978.0,979.85,475.9696
1736222400,979.49,979.49,971.0,971.03,463.4915
1736236800,971.03,972.38,953.99,960.09,1079.0145
1736251200,960.29,963.34,928.01,936.45,1339.9557
1736265600,937.0,941.01,920.0,922.75,505.0516
1736280000,922.5,925.48,914.87,915.03,602.9669
1736294400,915.03,918.67,893.01,897.06,1821.2332
1736308800,897.91,900.54,877.01,884.89,1300.1917
1736323200,884.89,894.52,880.4,885.03,936.7259
1736337600,885.03,903.07,883.01,895.49,717.0792
1736352000,896.0,896.0,860.0,885.45,944.9383
1736366400,884.9,899.99,881.08,897.89,142.3441
1736380800,897.33,904.61,881.01,881.03,874.9231
1736395200,881.02,883.54,861.01,861.51,597.0347
1736409600,862.54,870.0,857.75,865.51,1034.2368
1736424000,865.21,875.0,840.01,873.25,1439.042
1736438400,871.61,875.13,845.34,846.78,318.3464
1736452800,845.0,850.99,828.01,839.98,645.2699
1736467200,839.7,859.25,839.7,858.16,612.037
1736481600,858.65,870.24,855.0,869.48,819.0194
1736496000,869.49,873.96,867.35,869.01,584.8752
1736510400,869.0,869.01,833.1,850.01,1347.7188
1736524800,848.3,867.9,835.09,860.0,609.9879
1736539200,859.7,859.7,846.96,850.01,215.7473
1736553600,850.01,852.5,843.02,844.47,351.38
1736568000,844.15,847.66,840.11,842.71,337.5726
1736582400,842.72,846.02,835.71,844.79,560.2086
1736596800,844.77,849.99,843.02,846.69,312.1343
1736611200,846.69,849.48,840.7,845.0,607.1042
1736625600,845.48,860.25,844.99,846.44,437.9639
1736640000,846.43,847.22,839.01,842.89,767.2012
1736654400,842.89,842.89,835.0,839.16,2105.5709
1736668800,839.16,843.65,836.81,842.96,170.2487
1736683200,843.06,861.25,842.24,861.25,374.4974
1736697600,861.3,861.3,851.99,851.99,314.5611
1736712000,853.94,856.07,844.89,853.94,259.9746
1736726400,851.39,864.25,836.38,836.38,1099.3358
1736740800,836.38,843.96,825.03,827.11,1148.0233
1736755200,827.11,827.11,800.0,800.01,2185.91
1736769600,800.01,819.15,778.01,817.11,3387.0569
1736784000,816.26,818.55,797.01,807.69,529.3478
1736798400,812.97,830.99,804.74,827.12,542.746
1736812800,828.07,832.14,824.05,832.05,309.8724
1736827200,831.93,841.58,831.93,839.17,555.8608
1736841600,839.17,857.68,839.17,844.14,1569.7795
1736856000,844.12,857.62,837.77,844.52,968.2688
1736870400,842.63,844.53,836.26,840.52,431.6305
1736884800,840.51,846.97,837.07,842.32,218.9374
1736899200,842.31,846.26,838.5,845.63,1297.6905
1736913600,845.74,853.95,841.24,848.53,832.7754
1736928000,848.43,853.97,830.33,836.75,567.9329
1736942400,836.76,879.79,835.13,864.27,1870.7092
1736956800,863.1,891.25,862.07,880.01,688.0494
1736971200,891.79,906.03,889.28,906.02,997.5956
1736985600,906.03,906.25,880.0,894.26,731.6701
1737000000,893.69,902.0,876.0,902.0,628.6637
1737014400,902.0,947.24,891.02,942.83,1339.7742
1737028800,947.25,965.0,911.18,929.08,1693.2223
1737043200,929.25,958.03,929.25,955.6,610.9205
1737057600,957.32,957.32,936.0,944.98,203.5794
1737072000,944.96,968.88,941.51,946.01,1119.0369
1737086400,947.61,970.0,947.22,956.37,820.2798
1737100800,958.18,985.0,957.61,985.0,1100.1661
1737115200,984.99,997.99,975.8,982.41,1652.1229
1737129600,983.1,995.35,969.74,975.99,1084.8212
1737144000,975.98,988.55,970.01,983.51,165.5971
1737158400,983.51,1021.0,974.78,989.83,2431.4228
1737172800,990.01,1064.98,990.01,1043.97,5549.1291
1737187200,1043.64,1095.0,1039.0,1069.99,4105.9903
1737201600,1070.0,1162.99,1070.0,1155.51,6084.7366
1737216000,1156.32,1200.0,1052.0,1143.68,6358.3621
1737230400,1143.27,1180.0,1103.9,1172.01,1049.6484
1737244800,1173.06,1186.33,1119.34,1141.42,3017.1317
1737259200,1142.05,1243.97,1141.01,1220.01,7001.3658
1737273600,1220.0,1331.47,1202.98,1290.35,8090.8112
1737288000,1295.01,1304.99,1190.0,1224.27,6221.217
1737302400,1221.88,1243.54,1188.45,1212.2,1869.1299
1737316800,1212.25,1250.0,1077.51,1141.37,4869.2673
1737331200,1141.37,1146.43,1048.69,1099.07,4814.4547
1737345600,1099.05,1185.0,1088.2,1180.0,3256.9208
1737360000,1180.0,1224.68,1147.82,1165.01,2737.5328
1737374400,1165.01,1168.38,1100.0,1139.78,2648.4894
1737388800,1144.02,1148.75,1058.8,1106.21,2381.0603
1737403200,1105.39,1122.97,1086.87,1087.52,677.0779
1737417600,1090.0,1100.11,1044.59,1073.44,2859.7102
1737432000,1071.88,1074.64,1041.15,1060.76,1270.5758
1737446400,1058.66,1084.13,1058.66,1076.86,1052.8335
1737460800,1076.18,1095.24,1060.6,1077.77,2318.5687
1737475200,1079.41,1163.24,1079.41,1133.6,1809.1061
1737489600,1132.59,1143.82,1107.26,1119.99,639.1793
1737504000,1119.8,1144.15,1111.66,1135.01,798.1153
1737518400,1134.29,1157.02,1125.05,1154.99,1165.9828
1737532800,1155.0,1155.0,1125.35,1144.23,849.479
1737547200,1144.22,1172.33,1133.01,1147.0,1885.354
1737561600,1145.71,1177.73,1133.18,1177.73,737.6789
1737576000,1176.21,1201.99,1138.26,1144.99,1565.8125
1737590400,1144.99,1148.79,1102.25,1111.24,1458.8654
1737604800,1111.51,1117.54,1100.0,1115.08,1353.9127
1737619200,1112.16,1116.02,1085.01,1090.91,1035.2134
1737633600,1089.87,1138.73,1084.0,1111.19,1619.418
1737648000,1113.16,1141.27,1095.08,1095.86,585.9163
1737662400,1102.58,1146.55,1092.01,1131.32,615.5205
1737676800,1133.17,1143.25,1103.44,1120.05,1302.7587
1737691200,1120.02,1164.99,1115.01,1143.03,1331.1791
1737705600,1143.05,1173.5,1143.05,1173.5,930.9972
1737720000,1173.5,1182.55,1149.14,1154.5,1091.8561
1737734400,1154.99,1168.0,1150.0,1153.09,929.1914
1737748800,1151.28,1152.06,1118.21,1118.26,448.8404
1737763200,1118.25,1118.63,1100.0,1115.01,1246.7884
1737777600,1115.34,1116.7,1093.05,1093.19,632.6249
1737792000,1093.21,1108.08,1092.43,1107.01,566.0767
1737806400,1107.01,1123.15,1098.81,1120.0,530.9865
1737820800,1121.55,1148.0,1116.53,1137.36,839.3718
1737835200,1139.98,1144.11,1123.35,1126.12,573.7515
1737849600,1128.56,1140.0,1116.77,1137.11,460.5483
1737864000,1137.01,1143.5,1135.42,1139.76,451.5406
1737878400,1139.73,1139.77,1116.99,1127.95,698.5392
1737892800,1125.4,1135.02,1120.0,1125.01,140.5818
1737907200,1125.01,1135.16,1120.91,1131.01,364.6287
1737921600,1130.06,1130.06,1070.0,1070.0,1808.6075
1737936000,1070.01,1075.34,1043.22,1046.98,2905.6127
1737950400,1046.41,1046.41,982.38,1007.73,3457.2736
1737964800,1007.44,1016.02,985.0,1011.19,1806.4666
1737979200,1011.13,1059.71,997.44,1044.72,2303.4096
1737993600,1040.03,1051.55,992.01,1007.72,520.1259
1738008000,1006.85,1045.0,1006.57,1036.57,440.0795
1738022400,1036.01,1050.0,1032.01,1046.82,1397.988
1738036800,1049.01,1075.14,1047.03,1055.01,802.4839
1738051200,1055.01,1055.01,1038.03,1050.0,429.7458
1738065600,1050.01,1068.0,1032.67,1045.49,1097.6214
1738080000,1046.41,1046.41,1020.01,1023.56,479.1455
1738094400,1023.58,1024.24,988.71,1005.22,1229.287
1738108800,1005.01,1026.78,1005.01,1023.72,384.3961
1738123200,1023.76,1038.72,1020.46,1038.65,276.5459
1738137600,1037.98,1040.99,1025.1,1028.26,260.3159
1738152000,1028.74,1029.18,1006.01,1014.79,547.345
1738166400,1014.9,1038.88,993.01,1027.92,560.183
1738180800,1017.3,1051.0,1014.02,1014.02,668.7241
1738195200,1014.81,1064.54,1011.04,1063.52,768.0493
1738209600,1062.16,1067.15,1048.8,1050.36,800.9291
1738224000,1054.5,1064.73,1054.06,1064.0,398.3307
1738238400,1064.0,1076.7,1056.55,1063.05,603.2689
1738252800,1063.03,1071.98,1054.81,1060.23,291.7517
1738267200,1060.14,1067.47,1053.6,1055.0,136.556
1738281600,1052.05,1054.46,1040.08,1043.23,493.8472
1738296000,1043.22,1066.37,1040.0,1048.01,557.6342
1738310400,1048.0,1061.0,1046.0,1061.0,480.5965
1738324800,1061.0,1074.14,1052.06,1065.45,616.687
1738339200,1067.45,1067.45,1025.02,1025.65,531.0855
1738353600,1025.52,1034.57,1020.05,1034.36,446.1982
1738368000,1034.08,1045.66,1031.55,1035.67,655.0045
1738382400,1037.11,1042.82,1031.02,1031.55,227.0628
1738396800,1031.55,1032.99,1017.01,1019.23,650.0551
1738411200,1019.23,1028.62,1010.52,1015.14,537.8103
1738425600,1015.15,1021.31,995.0,995.02,571.7078
1738440000,995.02,995.02,958.0,960.0,2141.9902
1738454400,960.0,986.11,935.79,939.64,2995.6953
1738468800,937.0,973.88,936.53,960.01,1236.9543
1738483200,960.68,975.04,943.64,949.5,954.2999
1738497600,948.2,970.0,944.24,962.26,1041.4386
1738512000,964.0,964.0,900.0,934.73,2390.4764
1738526400,931.03,950.38,898.0,930.04,3035.2352
1738540800,930.04,1000.0,813.14,940.01,6918.9979
1738555200,943.58,949.99,890.02,911.71,1783.4628
1738569600,910.01,924.77,890.02,910.5,859.9273
1738584000,910.5,955.7,871.01,949.27,2346.3515
1738598400,947.0,977.05,933.01,977.05,562.5208
1738612800,978.0,990.0,959.99,981.5,556.8113
1738627200,981.49,992.05,960.03,965.87,1199.7574
1738641600,971.24,971.24,910.0,915.0,1822.9796
1738656000,915.01,945.45,910.0,929.07,1200.9072
1738670400,929.99,967.05,929.99,967.03,1102.1443
1738684800,964.32,972.05,936.01,936.01,365.8081
1738699200,935.01,937.96,910.0,928.45,2126.1324
1738713600,928.45,933.61,920.0,924.47,787.3178
1738728000,924.47,928.8,910.0,915.59,408.0706
1738742400,915.61,919.15,906.03,916.75,663.7273
1738756800,916.77,921.99,898.02,898.02,1058.6285
1738771200,898.53,898.53,874.49,887.02,976.398
1738785600,890.0,891.46,871.0,872.13,535.4666
1738800000,875.35,893.36,875.01,891.47,836.8648
1738814400,893.0,905.9,892.0,900.01,424.6793
1738828800,900.02,905.15,888.16,895.0,708.0584
1738843200,893.88,894.33,854.38,854.38,998.2459
1738857600,854.02,860.58,846.98,850.0,1206.7314
1738872000,850.0,867.58,843.0,848.79,297.1805
1738886400,848.21,874.99,848.21,864.98,488.4698
1738900800,865.0,871.0,850.0,860.0,873.6304
1738915200,858.93,887.52,858.92,886.34,428.2596
1738929600,886.48,909.05,875.53,886.31,1231.3701
1738944000,881.26,886.39,867.35,877.5,366.192
1738958400,872.78,872.78,845.01,860.91,811.1876
1738972800,860.9,871.82,859.07,867.18,965.6676
1738987200,867.18,869.93,854.78,867.26,488.4898
1739001600,867.09,876.2,863.46,871.32,220.9907
1739016000,871.47,880.0,858.72,865.08,963.8788
1739030400,866.99,883.93,858.0,881.5,1634.9954
1739044800,885.38,894.99,883.33,892.17,224.7549
1739059200,893.19,921.01,889.53,921.01,801.3378
1739073600,921.01,926.05,906.55,911.43,1144.6902
1739088000,911.01,914.44,900.02,902.77,430.5996
1739102400,902.96,904.0,879.11,898.01,915.2081
1739116800,898.01,903.99,888.16,888.16,343.9752
1739131200,889.96,896.11,870.02,896.11,505.989
1739145600,896.38,914.98,883.92,908.22,656.5973
1739160000,905.22,911.66,898.16,906.92,427.1256
1739174400,908.02,918.5,908.02,914.56,617.3784
1739188800,913.41,930.26,900.45,906.44,940.6759
1739203200,906.75,911.41,898.67,899.54,222.6209
1739217600,899.5,904.01,892.01,895.74,277.6623
1739232000,895.51,914.88,895.02,900.3,744.4247
1739246400,900.3,919.5,900.29,915.51,854.3128
1739260800,915.51,918.8,901.99,908.99,458.114
1739275200,908.96,908.96,887.63,894.84,845.534
1739289600,894.02,895.43,880.0,880.01,708.173
1739304000,880.0,893.78,880.0,889.54,300.28
1739318400,889.53,889.97,870.0,872.84,700.279
1739332800,872.09,877.62,869.0,874.85,547.1842
1739347200,874.94,887.05,874.91,884.19,337.6341
1739361600,885.36,887.89,852.0,863.85,1200.8957
1739376000,862.12,880.0,855.01,870.02,493.1693
1739390400,868.12,886.01,867.62,878.59,285.9528
1739404800,879.58,884.98,875.01,884.64,406.3495
1739419200,884.08,884.09,864.01,865.01,616.8273
1739433600,865.0,865.01,858.81,858.81,494.1199
1739448000,858.81,864.25,850.03,860.62,1276.5815
1739462400,860.0,871.17,855.0,861.49,342.0272
1739476800,862.99,871.88,862.99,867.2,224.8172
1739491200,867.2,877.0,863.05,877.0,833.788
1739505600,877.0,877.0,868.4,876.46,350.0579
1739520000,876.47,893.01,876.09,883.55,1335.2267
1739534400,883.49,894.98,872.13,890.51,727.7422
1739548800,890.51,907.99,883.98,893.01,561.8374
1739563200,893.29,896.85,883.0,886.0,198.5548
1739577600,886.0,887.48,876.46,880.56,417.3187
1739592000,881.12,881.12,869.0,872.23,566.3036
1739606400,872.23,872.29,862.09,865.64,649.7721
1739620800,865.42,870.83,861.49,864.22,608.4614
1739635200,865.1,866.29,862.97,863.71,79.8229
1739649600,863.14,865.62,860.88,863.95,165.6026
1739664000,863.84,867.44,859.1,863.23,639.4916
1739678400,863.53,868.02,857.3,857.3,359.8008
1739692800,857.3,861.48,855.58,858.51,723.6856
1739707200,859.1,859.98,845.1,847.06,1283.1629
1739721600,847.06,849.62,839.52,840.75,758.4014
1739736000,840.71,842.31,832.02,839.78,506.7295
1739750400,839.78,842.14,827.26,830.0,775.0988
1739764800,829.99,829.99,805.59,808.08,2543.6975
1739779200,807.68,824.0,806.0,819.25,1795.7585
1739793600,819.26,832.04,801.04,801.04,2822.7224
1739808000,801.07,809.84,782.54,790.01,3193.4053
1739822400,790.02,806.93,790.02,792.01,626.8098
1739836800,792.0,799.23,777.39,794.64,1710.677
1739851200,794.0,794.0,735.0,742.01,2888.5345
1739865600,742.01,762.47,731.64,753.29,1907.5214
1739880000,753.94,763.05,737.3,741.56,1631.305
1739894400,742.21,745.2,725.02,741.22,2027.4114
1739908800,742.29,758.77,735.86,757.76,705.5633
1739923200,757.77,763.05,747.06,747.33,1030.5659
1739937600,747.03,755.04,734.0,754.21,1201.5243
1739952000,754.21,774.37,751.6,773.99,891.8761
1739966400,773.99,774.0,750.0,754.67,1072.3214
1739980800,755.07,767.0,749.1,749.1,542.8314
1739995200,748.92,755.19,742.0,752.0,328.8604
1740009600,752.16,765.95,746.23,765.34,450.2443
1740024000,765.48,774.9,760.0,763.09,461.2186
1740038400,762.3,775.5,759.47,772.96,1110.0848
1740052800,774.16,781.57,760.71,763.34,1015.4763
1740067200,760.69,775.66,760.69,773.99,344.5803
1740081600,774.0,781.95,769.03,781.18,218.2071
1740096000,780.92,782.05,767.1,767.4,518.9898
1740110400,767.09,782.0,767.09,779.77,655.243
1740124800,779.77,799.0,779.77,785.65,1284.9912
1740139200,785.65,798.99,758.01,768.07,1681.062
1740153600,769.64,777.57,751.63,751.63,839.821
1740168000,751.63,757.44,749.0,755.22,1255.6021
1740182400,755.22,771.3,752.34,758.64,686.7666
1740196800,759.02,768.66,759.01,767.42,125.2139
1740211200,767.42,777.41,763.72,772.0,172.0265
1740225600,772.0,777.0,767.61,774.92,451.9274
1740240000,774.99,776.48,766.86,766.86,54.3268
1740254400,765.11,769.99,765.11,766.32,16.1695
1740268800,766.0,766.61,756.7,758.8,198.1247
1740283200,758.17,769.07,757.03,767.85,475.14
1740297600,767.97,767.97,753.04,753.04,302.0716
1740312000,753.02,754.19,742.01,742.04,633.4194
1740326400,742.15,749.63,740.16,746.3,359.4729
1740340800,745.5,748.32,742.0,746.13,137.2386
1740355200,746.22,752.76,715.03,717.0,2265.3457
1740369600,716.0,716.0,701.01,713.57,2000.1046
1740384000,713.32,730.01,693.01,708.99,2146.1122
1740398400,709.02,713.75,675.1,679.93,2878.1992
1740412800,680.06,689.99,662.46,667.72,2351.8327
1740427200,668.51,678.8,630.0,636.5,2851.0032
1740441600,638.49,646.7,622.0,622.01,3757.1149
1740456000,622.01,630.0,600.0,609.0,4632.5685
1740470400,608.92,630.64,590.07,630.64,3380.59
1740484800,628.5,631.41,604.12,621.01,1689.6526
1740499200,621.01,646.69,618.91,646.69,928.7906
1740513600,646.69,654.96,637.22,644.24,734.0435
1740528000,643.1,648.42,631.0,639.51,771.4748
1740542400,639.5,647.32,622.55,624.14,935.0965
1740556800,624.59,630.59,615.44,615.44,1153.9043
1740571200,615.43,623.5,600.5,618.94,1445.1364
1740585600,619.63,620.82,584.01,588.65,1913.4045
1740600000,589.97,612.0,586.05,600.79,550.3112
1740614400,602.14,617.25,599.96,616.92,1140.1549
1740628800,616.16,633.93,610.37,628.9,1071.2514
1740643200,628.01,633.37,620.01,625.42,1158.6465
1740657600,626.26,628.53,610.0,624.32,653.5337
1740672000,623.11,623.12,608.0,608.0,204.9061
1740686400,608.0,616.02,604.65,616.02,275.2933
1740700800,616.23,616.72,571.26,573.88,3510.175
1740715200,573.26,579.55,565.0,575.72,2891.3471
1740729600,575.26,603.0,573.31,601.0,1610.0112
1740744000,600.46,667.0,595.91,657.01,3865.8775
1740758400,657.06,661.99,649.8,660.76,756.3679
1740772800,660.73,666.65,653.93,666.56,383.7984
1740787200,664.48,679.54,656.7,659.97,831.5645
1740801600,658.02,664.56,641.66,642.1,970.827
1740816000,642.1,649.93,629.22,631.79,569.0204
1740830400,632.95,637.68,620.0,630.98,2981.9894
1740844800,630.98,634.52,626.42,632.01,171.4167
1740859200,632.01,644.99,628.75,644.99,243.2272
1740873600,644.98,654.99,642.01,648.53,468.8959
1740888000,647.99,651.0,642.01,647.65,339.9905
1740902400,647.34,651.94,642.89,647.01,329.6267
1740916800,647.0,750.0,632.05,709.56,5166.253
1740931200,709.62,799.0,709.57,763.21,6248.0157
1740945600,764.0,799.03,763.81,794.99,2041.3987
1740960000,794.99,795.0,748.14,755.61,3012.2934
1740974400,756.45,757.71,714.63,723.99,1925.0947
1740988800,724.99,726.38,701.0,719.93,2115.1532
1741003200,719.01,749.0,692.02,708.01,3974.5334
1741017600,708.01,711.94,630.0,634.86,3933.7064
1741032000,638.75,651.61,627.58,640.0,1270.7152
1741046400,640.0,650.7,600.0,616.88,3145.8676
1741060800,614.56,626.57,612.52,614.02,692.174
1741075200,614.02,623.11,610.0,618.52,973.8577
1741089600,618.52,644.97,600.03,623.28,3208.244
1741104000,623.28,649.99,595.0,646.09,1127.8339
1741118400,648.38,659.0,636.27,649.02,751.0997
1741132800,649.01,651.56,635.1,636.65,1019.1356
1741147200,636.65,642.0,632.01,637.71,503.284
1741161600,637.68,664.99,637.33,654.9,1947.1847
1741176000,654.58,663.52,626.02,631.25,1004.7011
1741190400,630.97,651.04,627.02,648.1,796.1128
1741204800,648.58,652.77,642.59,651.08,212.8443
1741219200,652.55,668.99,643.51,660.02,765.2996
1741233600,660.02,671.54,657.45,660.41,670.5094
1741248000,660.4,677.76,660.0,674.65,1069.8519
1741262400,674.01,674.01,645.36,663.32,1471.9
1741276800,663.0,663.72,635.64,642.59,520.5683
1741291200,640.01,648.41,638.34,639.36,1155.0227
1741305600,639.82,645.59,605.51,627.17,2687.8059
1741320000,627.02,641.95,627.01,640.55,718.105
1741334400,641.21,649.99,634.13,637.63,715.2113
1741348800,637.8,657.05,631.09,644.46,991.5645
1741363200,644.73,669.99,629.22,649.4,1493.593
1741377600,650.51,652.53,612.32,618.32,1215.0901
1741392000,618.42,626.73,614.0,621.05,840.9718
1741406400,621.93,627.55,617.61,617.61,308.4715
1741420800,619.33,619.67,610.06,613.31,453.0949
1741435200,613.65,618.68,608.25,612.07,628.6898
1741449600,612.01,618.76,605.0,618.76,351.0778
1741464000,617.21,617.21,608.02,611.34,151.5229
1741478400,609.0,615.0,608.66,613.0,112.0216
1741492800,612.55,621.12,612.51,621.01,418.6387
1741507200,621.01,621.11,606.0,607.93,468.4337
1741521600,608.37,608.38,582.55,583.09,1576.0557
1741536000,582.8,589.29,567.0,577.03,1387.1251
1741550400,577.05,585.97,560.0,563.01,1873.0933
1741564800,566.58,578.63,555.9,566.27,1818.4454
1741579200,566.05,576.23,566.05,568.09,1338.5116
1741593600,568.09,582.48,560.04,579.36,1321.0648
1741608000,578.02,581.81,538.59,547.0,4512.56
1741622400,547.0,547.0,520.0,533.23,3772.7741
1741636800,536.33,537.03,524.99,528.42,1324.2893
1741651200,527.59,547.99,505.0,540.01,3614.6308
1741665600,540.01,553.72,539.14,548.94,1182.0607
1741680000,551.59,560.0,550.01,557.01,553.0587
1741694400,557.03,560.0,528.4,556.42,3553.2154
1741708800,556.42,569.74,550.0,569.6,618.4131
1741723200,569.6,569.6,555.2,556.2,680.3766
1741737600,556.8,562.63,547.0,547.0,1315.5097
1741752000,546.23,548.39,540.29,547.59,1021.5848
1741766400,548.68,563.71,548.68,563.71,718.1111
1741780800,564.44,582.47,548.87,553.61,3181.7051
1741795200,553.95,559.98,550.17,553.71,216.7377
1741809600,554.21,564.26,552.9,563.2,239.9079
1741824000,562.48,565.51,555.01,556.01,460.618
1741838400,556.01,556.95,548.04,552.92,718.1182
1741852800,553.41,568.66,551.96,562.71,806.6426
1741867200,564.05,568.67,549.14,552.77,1851.4552
1741881600,553.01,553.08,538.51,540.19,1313.4713
1741896000,539.85,552.62,539.01,548.56,370.9707
1741910400,548.75,557.68,547.18,553.88,300.9351
1741924800,554.38,557.8,553.83,555.97,224.2195
1741939200,556.5,562.54,556.29,561.57,399.1081
1741953600,561.55,593.78,559.0,588.74,2439.4199
1741968000,589.81,597.0,582.67,596.79,755.9843
1741982400,594.53,603.76,588.52,594.03,380.8275
1741996800,595.41,602.36,591.77,602.06,331.5613
1742011200,601.04,601.99,590.45,592.24,441.4675
1742025600,591.47,594.25,590.02,593.69,181.4789
1742040000,593.56,604.5,592.88,601.16,737.1658
1742054400,601.36,607.0,596.05,598.73,408.2892
1742068800,600.7,606.77,600.7,604.97,169.0608
1742083200,604.97,608.82,597.22,603.85,580.8016
1742097600,603.31,605.0,597.59,600.27,147.6422
1742112000,599.99,599.99,577.49,577.52,1396.9386
1742126400,577.58,582.53,570.0,574.34,1042.0626
1742140800,574.3,583.16,564.56,564.98,608.4922
1742155200,566.33,568.0,559.46,562.26,423.8862
1742169600,562.28,575.29,562.28,574.99,677.9309
1742184000,574.99,575.96,566.47,575.8,396.1978
1742198400,575.76,577.52,570.62,576.58,623.7124
1742212800,576.42,579.39,562.01,569.13,856.783
1742227200,568.76,581.83,567.02,578.86,142.1242
1742241600,577.74,578.9,570.8,571.33,226.1893
1742256000,570.84,570.98,551.13,554.0,764.2661
1742270400,553.99,558.79,552.56,558.44,1016.3522
1742284800,559.04,562.56,552.0,552.09,724.6494
1742299200,553.3,553.3,545.0,548.24,1821.7589
1742313600,548.19,556.04,548.01,554.85,319.2121
1742328000,554.89,560.36,552.72,560.0,369.7863
1742342400,559.78,563.7,547.85,563.46,1859.0544
1742356800,562.09,563.56,559.42,560.27,142.0627
1742371200,560.2,574.99,560.07,572.27,897.8854
1742385600,573.64,589.81,565.1,588.29,1209.7271
1742400000,588.32,593.98,572.55,590.98,1083.6263
1742414400,592.0,601.99,590.88,601.63,911.0317
1742428800,601.61,602.77,588.97,594.15,819.2275
1742443200,594.12,597.25,588.09,595.67,913.8067
1742457600,591.89,596.52,574.35,577.99,921.4855
1742472000,577.55,585.0,570.01,572.75,830.3157
1742486400,572.53,573.78,563.52,568.59,173.1649
1742500800,568.15,570.21,565.97,567.01,175.7716
1742515200,567.01,572.02,566.02,567.18,327.0879
1742529600,567.64,569.99,565.59,568.01,583.99
1742544000,568.01,571.73,560.02,561.48,401.4959
1742558400,561.4,567.46,558.56,560.38,289.104
1742572800,560.02,573.52,556.0,568.77,289.1978
1742587200,569.29,578.27,568.14,571.0,103.9194
1742601600,571.55,574.03,569.39,573.33,100.9241
1742616000,572.66,575.35,572.12,575.0,290.271
1742630400,573.83,584.97,573.45,580.06,1068.5784
1742644800,580.08,580.41,573.28,575.59,160.5102
1742659200,574.21,579.12,574.08,578.21,123.0395
1742673600,578.07,578.07,571.01,571.9,81.4477
1742688000,571.19,580.5,571.0,580.5,170.9184
1742702400,582.38,584.23,578.2,583.95,120.8966
1742716800,583.89,595.0,583.0,591.27,492.3181
1742731200,593.06,594.81,588.52,589.54,580.5938
1742745600,590.21,590.21,581.42,581.92,194.1323
1742760000,581.99,589.97,580.01,589.97,103.2264
1742774400,588.32,614.57,586.55,613.67,1516.0299
1742788800,613.86,618.95,611.47,616.99,956.8412
1742803200,617.0,639.48,616.38,635.97,2485.6307
1742817600,636.56,642.99,632.15,636.47,1268.4563
1742832000,636.18,636.18,628.0,632.33,518.2962
1742846400,633.48,635.22,619.29,625.53,506.2729
1742860800,625.19,631.89,612.61,614.1,790.0185
1742875200,614.1,623.67,614.1,620.36,532.2152
1742889600,621.94,636.77,620.86,632.23,607.6135
1742904000,632.1,653.94,628.25,645.0,1354.5829
1742918400,648.15,649.86,639.48,645.0,197.6923
1742932800,644.61,648.51,634.38,639.59,361.5123
1742947200,639.31,641.51,630.0,630.01,575.3448
1742961600,630.01,642.75,630.01,642.01,507.9734
1742976000,642.0,644.72,638.98,643.1,481.8979
1742990400,642.65,643.49,620.46,620.51,1175.9796
1743004800,620.51,623.73,610.0,613.9,639.236
1743019200,613.99,616.39,608.25,612.13,611.4424
1743033600,611.84,622.53,610.68,620.81,292.8803
1743048000,620.8,620.8,615.01,618.51,271.4649
1743062400,618.51,618.68,610.01,611.35,301.9345
1743076800,610.59,620.49,605.0,613.5,583.0392
1743091200,614.0,620.0,611.79,617.87,714.9067
1743105600,619.01,620.81,614.87,614.92,122.7673
1743120000,614.86,616.22,606.01,607.39,791.2598
1743134400,607.55,608.89,587.12,587.12,1732.0512
1743148800,587.12,590.0,582.61,587.71,484.5736
1743163200,588.48,589.14,565.0,581.0,2515.0111
1743177600,581.04,581.32,577.15,578.64,189.1287
1743192000,578.77,580.96,572.19,579.06,178.4999
1743206400,579.2,583.59,569.53,577.05,400.5445
1743220800,577.13,577.5,564.02,565.13,342.6664
1743235200,567.07,568.97,560.6,561.65,506.1174
1743249600,560.62,568.35,560.61,567.39,455.4301
1743264000,567.4,568.77,557.01,561.76,676.0543
1743278400,561.96,562.19,553.06,558.0,277.809
1743292800,558.71,570.58,557.0,567.05,407.4742
1743307200,567.06,570.28,565.01,565.94,162.8112
1743321600,565.88,568.95,563.0,563.4,110.236
1743336000,563.4,564.32,555.91,560.98,838.6073
1743350400,560.98,570.01,555.9,567.63,131.0859
1743364800,567.43,567.43,558.03,561.37,25.2015
1743379200,562.17,572.5,556.5,563.12,526.4015
1743393600,562.33,570.47,561.44,565.73,454.3292
1743408000,567.8,569.88,556.51,560.35,417.7929
1743422400,559.68,575.0,557.01,572.08,584.3047
1743436800,573.04,573.04,560.0,565.26,104.6601
1743451200,565.0,567.73,562.01,562.01,90.9905
1743465600,562.0,570.0,560.0,567.32,368.7428
1743480000,567.4,569.99,566.0,569.99,177.2469
1743494400,570.0,584.0,570.0,575.34,403.2624
1743508800,575.36,586.0,563.0,582.21,444.8091
1743523200,582.24,582.24,565.03,569.99,278.515
1743537600,569.92,573.0,565.0,570.0,124.9347
1743552000,570.0,570.0,557.51,557.69,1067.8877
1743566400,557.69,560.94,555.66,557.44,356.215
1743580800,557.43,566.4,557.42,563.56,235.5351
1743595200,563.42,585.91,561.24,582.47,1063.6002
1743609600,583.88,588.0,578.11,585.0,662.7138
1743624000,586.5,608.26,528.01,528.01,3368.3562
1743638400,528.01,543.89,525.0,539.51,1760.7838
1743652800,539.51,541.27,530.0,531.75,735.9893
1743667200,531.88,533.11,518.0,518.11,1404.4121
1743681600,518.11,519.3,504.0,513.31,1959.8223
1743696000,511.8,518.14,508.01,517.31,673.6189
1743710400,517.82,525.1,517.82,524.6,209.9328
1743724800,524.3,524.3,510.84,513.01,1291.8288
1743739200,513.01,525.54,512.01,524.48,404.0306
1743753600,525.55,532.0,505.0,510.36,1155.3595
1743768000,510.07,537.0,509.47,528.44,1232.6975
1743782400,528.43,549.97,527.3,544.84,587.4773
1743796800,544.9,551.98,543.81,546.5,274.7136
1743811200,544.42,546.0,538.56,539.01,206.2742
1743825600,539.01,539.87,536.61,537.99,151.5848
1743840000,539.23,543.28,535.05,535.27,152.7707
1743854400,536.28,536.28,523.2,523.88,294.0642
1743868800,525.51,530.8,524.61,528.31,46.8057
1743883200,530.43,535.25,529.6,535.25,71.6709
1743897600,535.5,538.43,531.99,533.0,197.4265
1743912000,534.76,536.59,530.25,531.51,354.5185
1743926400,531.05,533.95,527.52,528.93,164.2239
1743940800,528.93,528.93,510.0,514.02,1002.9114
1743955200,512.82,513.17,477.03,482.94,3526.8041
1743969600,482.61,485.43,465.68,474.76,2147.2153
1743984000,473.61,484.15,461.16,462.58,2290.13
1743998400,462.58,465.0,425.53,435.41,5186.9442
1744012800,435.05,460.01,435.0,450.71,2577.167
1744027200,451.13,505.27,449.28,480.61,5845.1468
1744041600,478.63,483.9,467.67,478.21,644.7972
1744056000,478.16,490.74,478.16,481.28,690.7512
1744070400,481.28,507.0,481.15,501.59,1035.6408
1744084800,502.0,505.99,487.4,489.89,1086.1612
1744099200,489.45,502.68,484.01,502.0,1050.7132
1744113600,501.99,503.66,482.01,482.01,1327.8928
1744128000,482.01,482.35,464.33,468.35,899.659
1744142400,468.88,477.8,468.88,475.55,263.2204
1744156800,474.67,479.63,456.05,465.9,1055.8577
1744171200,469.32,486.22,467.72,485.89,938.8076
1744185600,485.77,486.22,463.73,466.67,773.4813
1744200000,466.21,483.43,462.05,479.33,1553.1949
1744214400,479.8,540.0,479.8,533.33,3269.9638
1744228800,535.18,539.5,530.52,533.78,826.6447
1744243200,533.57,533.86,513.33,516.0,1359.9163
1744257600,515.4,523.5,511.68,513.66,583.6533
1744272000,514.16,515.54,508.22,509.9,727.4574
1744286400,510.11,518.83,491.08,491.14,1789.1684
1744300800,491.07,499.82,486.18,498.95,630.2118
1744315200,499.48,507.34,499.48,504.99,142.7601
1744329600,504.5,514.74,500.07,513.96,1600.8021
1744344000,513.77,522.67,511.43,518.13,484.5282
1744358400,518.45,529.56,516.19,523.8,1023.5459
1744372800,523.44,536.3,522.14,532.15,1393.0142
1744387200,531.7,539.0,527.7,535.12,515.8908
1744401600,535.93,542.0,530.0,539.0,1073.6497
1744416000,539.0,540.0,529.63,534.07,737.3785
1744430400,532.45,551.84,531.43,551.42,1162.8499
1744444800,551.51,555.57,551.21,553.0,555.5695
1744459200,553.38,581.99,552.28,578.19,1794.1791
1744473600,578.0,580.98,568.01,579.77,734.6678
1744488000,579.95,591.99,579.95,585.92,487.9538
1744502400,585.51,590.44,580.01,584.02,645.1866
1744516800,583.44,583.84,567.95,570.25,729.8957
1744531200,569.01,582.26,567.5,573.81,904.142
1744545600,574.88,576.17,560.47,569.99,548.8946
1744560000,570.5,585.73,563.53,567.57,243.6593
1744574400,569.26,575.53,557.06,569.79,623.6563
1744588800,569.0,601.99,568.98,582.06,1296.7846
1744603200,583.35,594.65,581.44,582.51,501.7014
1744617600,587.38,592.6,583.5,589.28,754.0545
1744632000,589.99,596.88,568.99,570.62,864.3926
1744646400,571.0,582.73,568.02,579.25,435.3713
1744660800,579.71,579.71,571.01,573.29,124.8542
1744675200,572.41,578.15,567.56,576.19,550.7927
1744689600,577.81,584.75,576.01,581.99,247.6306
1744704000,582.62,590.5,582.35,583.53,518.8214
1744718400,584.49,593.64,574.1,574.1,1306.0857
1744732800,574.77,576.88,562.51,566.52,739.4193
1744747200,567.21,569.52,559.94,560.04,440.1541
1744761600,560.04,563.64,556.66,561.21,699.8658
1744776000,561.22,562.0,553.31,553.31,1197.5419
1744790400,553.3,559.99,545.0,558.96,1275.1902
1744804800,559.22,572.99,553.79,569.81,1676.9869
1744819200,569.1,591.2,555.04,587.16,899.901
1744833600,587.71,591.42,579.49,581.06,518.9912
1744848000,582.27,587.76,573.3,575.32,449.7588
1744862400,574.49,598.94,574.49,594.04,746.9718
1744876800,594.27,596.49,587.26,590.16,580.8832
1744891200,590.14,594.02,578.38,590.38,383.2159
1744905600,591.11,600.99,586.27,590.0,846.096
1744920000,588.43,598.0,588.43,596.68,161.3312
1744934400,596.41,600.0,590.36,595.47,485.4839
1744948800,595.47,597.02,591.07,596.6,220.8994
1744963200,598.34,598.34,590.0,592.5,1077.0208
1744977600,592.5,597.79,588.0,588.56,359.3988
1744992000,588.16,594.34,588.16,593.32,169.2236
1745006400,593.5,594.29,590.46,592.49,231.9308
1745020800,593.55,614.99,591.85,613.63,976.2637
1745035200,613.8,615.0,610.01,613.51,998.4544
1745049600,613.47,617.0,612.43,612.53,495.2939
1745064000,612.7,618.97,612.53,613.93,282.3129
1745078400,614.81,614.81,609.11,611.34,113.7339
1745092800,611.97,617.66,611.97,616.99,57.235
1745107200,616.58,626.9,616.58,620.98,893.0687
1745121600,620.99,623.62,614.24,616.48,569.4625
1745136000,616.47,617.31,602.0,602.0,404.713
1745150400,602.0,610.15,602.0,602.12,530.999
1745164800,602.11,606.72,602.11,606.72,285.4123
1745179200,606.24,612.83,605.2,610.1,126.9607
1745193600,610.01,629.76,610.0,613.83,808.9949
1745208000,614.52,622.95,614.52,616.87,388.3866
1745222400,617.45,619.72,610.21,611.58,579.9707
1745236800,611.57,620.19,603.08,607.99,1515.078
1745251200,607.98,610.01,592.19,601.77,1170.7506
1745265600,602.43,604.15,596.71,601.18,581.506
1745280000,601.61,614.76,595.0,613.06,710.9396
1745294400,613.01,617.99,610.34,617.06,443.3532
1745308800,617.0,618.47,613.01,616.91,310.0976
1745323200,616.86,636.0,616.01,635.99,2098.0627
1745337600,635.89,644.69,630.37,630.99,681.3848
1745352000,630.31,654.31,630.1,650.75,1287.6538
1745366400,650.98,654.1,646.98,652.2,959.447
1745380800,652.21,666.0,652.2,664.64,1169.5137
1745395200,664.05,673.99,660.65,666.47,1238.1857
1745409600,666.4,675.0,650.0,663.69,1367.272
1745424000,664.05,667.44,655.13,657.99,153.9341
1745438400,658.15,664.49,658.15,663.02,106.5106
1745452800,663.83,665.32,650.0,650.0,651.5181
1745467200,649.76,652.03,645.01,645.79,683.433
1745481600,645.99,647.7,638.02,647.69,1032.9347
1745496000,647.97,662.01,645.03,655.01,1071.1589
1745510400,655.75,666.0,655.0,663.44,300.349
1745524800,663.97,668.0,658.23,667.86,221.0242
1745539200,667.58,674.42,660.01,665.58,655.5557
1745553600,664.0,677.75,660.37,677.75,518.7161
1745568000,677.75,678.99,670.12,677.74,634.2571
1745582400,677.68,685.0,668.0,671.16,1139.0494
1745596800,671.48,671.48,660.11,664.07,636.0535
1745611200,663.48,667.52,657.11,661.82,231.5437
1745625600,661.89,669.62,661.89,663.01,1217.8308
1745640000,663.52,667.58,658.0,663.01,885.0146
1745654400,663.01,664.47,650.48,651.13,732.5971
1745668800,651.14,655.03,650.12,655.03,931.7901
1745683200,654.91,655.45,652.37,653.37,218.1481
1745697600,653.12,655.14,651.61,653.63,51.9569
1745712000,653.75,658.6,643.67,646.05,786.2105
1745726400,646.75,647.8,641.01,646.67,449.5641
1745740800,646.7,651.86,646.7,650.0,869.063
1745755200,649.01,655.01,645.81,652.94,719.2947
1745769600,652.93,656.99,651.01,655.12,158.4765
1745784000,655.0,655.0,648.43,649.62,223.6383
1745798400,649.6,652.0,633.05,650.81,1093.3678
1745812800,651.07,662.21,651.06,661.02,554.1833
1745827200,661.02,667.39,652.51,662.95,1195.9386
1745841600,662.5,662.5,638.26,638.63,1195.759
1745856000,639.23,649.3,638.0,649.21,1172.8105
1745870400,649.2,649.2,642.7,646.53,226.3781
1745884800,646.95,650.0,642.9,643.0,868.7025
1745899200,642.99,644.66,635.3,644.66,786.1043
1745913600,644.66,647.61,641.34,645.42,385.6639
1745928000,645.43,645.57,638.01,642.78,502.8078
1745942400,642.78,650.0,642.02,647.92,447.5925
1745956800,647.0,647.0,632.94,637.64,629.6625
1745971200,637.63,643.89,633.05,642.14,851.8467
1745985600,642.13,642.14,634.09,634.59,357.3978
1746000000,634.22,639.89,633.97,639.89,100.1241
1746014400,640.0,640.01,613.57,620.43,1346.5187
1746028800,620.0,633.0,618.01,632.33,284.7266
1746043200,632.34,642.39,632.34,642.22,334.2864
1746057600,642.21,648.0,642.08,644.71,341.7968
1746072000,644.72,649.0,642.0,649.0,527.6223
1746086400,648.99,658.96,648.87,657.94,960.1703
1746100800,657.5,664.14,654.34,657.99,832.9173
1746115200,657.98,661.01,652.0,652.99,329.2409
1746129600,652.5,653.96,650.15,653.96,323.8963
1746144000,653.95,657.09,650.16,651.48,269.3412
1746158400,652.33,652.43,640.01,640.56,563.1471
1746172800,640.56,648.05,640.51,647.88,591.0286
1746187200,647.93,651.01,644.5,644.5,294.4695
1746201600,644.51,649.39,638.01,638.01,213.8481
1746216000,638.01,638.01,635.0,636.0,321.3233
1746230400,636.01,640.03,636.0,639.01,206.4792
1746244800,639.01,639.01,635.0,637.64,335.9644
1746259200,638.17,638.63,635.0,635.32,306.9481
1746273600,635.06,642.04,635.06,640.67,192.5502
1746288000,640.23,640.23,632.51,635.65,346.9974
1746302400,636.89,637.45,633.34,633.34,125.8252
1746316800,634.87,636.7,631.01,631.01,679.9254
1746331200,631.0,631.91,628.21,628.21,456.6534
1746345600,628.21,629.99,626.01,628.66,481.3127
1746360000,628.67,634.9,627.31,633.24,330.7676
1746374400,633.24,637.07,631.41,631.41,205.3985
1746388800,631.15,634.91,622.26,622.59,1172.2943
1746403200,622.46,625.95,610.0,615.47,1610.8759
1746417600,615.45,622.92,615.45,622.49,308.5783
1746432000,622.48,622.48,611.01,611.02,380.8289
1746446400,611.02,614.78,605.81,607.62,1146.0206
1746460800,608.0,620.35,607.05,620.29,245.1255
1746475200,619.95,623.79,613.54,622.3,260.9927
1746489600,622.27,622.27,613.01,614.25,380.3645
1746504000,614.25,619.04,613.38,617.08,1634.5226
1746518400,616.04,616.8,605.0,606.11,655.41
1746532800,606.1,610.0,603.41,610.0,1209.0377
1746547200,609.99,616.44,608.0,616.09,27.3981
1746561600,615.0,625.0,611.16,623.49,652.1835
1746576000,624.12,633.35,620.88,621.29,818.9137
1746590400,621.3,626.16,618.01,626.16,456.0364
1746604800,625.73,629.8,625.05,629.02,340.4719
1746619200,629.01,629.02,620.75,622.62,415.6311
1746633600,622.0,626.1,619.01,622.66,197.0765
1746648000,622.99,630.89,622.22,628.74,74.7281
1746662400,629.26,643.92,627.37,643.91,1061.4933
1746676800,643.91,648.0,640.01,647.04,1130.5002
1746691200,647.04,662.2,647.04,659.85,2346.1777
1746705600,659.82,694.0,659.23,682.92,3729.6368
1746720000,683.13,686.24,677.11,683.15,797.5108
1746734400,683.16,694.94,678.19,694.0,1144.4039
1746748800,693.99,694.96,687.99,688.13,1617.9006
1746763200,688.13,705.0,687.01,701.21,2177.6447
1746777600,702.0,744.01,694.51,730.01,3057.4254
1746792000,730.08,733.83,711.0,720.77,2023.1605
1746806400,720.74,728.3,706.85,723.27,1370.5712
1746820800,724.26,732.0,724.26,726.68,209.7558
1746835200,728.8,734.99,721.57,723.81,913.9905
1746849600,724.8,732.3,719.15,731.88,1001.7929
1746864000,731.88,735.0,720.0,720.31,1164.4573
1746878400,720.85,730.0,720.85,727.99,523.9863
1746892800,727.85,735.0,726.09,729.81,598.1533
1746907200,727.94,753.4,727.92,749.99,1234.585
1746921600,749.99,759.8,733.0,745.67,1450.0965
1746936000,745.81,750.5,735.0,735.01,1255.943
1746950400,735.01,742.56,735.0,742.55,313.8336
1746964800,742.55,742.56,724.01,725.85,492.4623
1746979200,726.0,737.0,724.01,736.99,131.8675
1746993600,737.0,739.64,731.49,738.13,126.4371
1747008000,738.15,753.33,735.59,745.82,661.0883
1747022400,745.82,765.99,745.82,751.83,1295.6911
1747036800,750.97,755.95,743.26,747.01,590.3758
1747051200,747.01,772.06,746.0,746.0,2180.4513
1747065600,746.01,753.0,725.3,732.79,761.3001
1747080000,731.9,748.08,730.14,747.53,199.328
1747094400,747.25,747.25,722.0,722.0,1367.7204
1747108800,721.7,742.24,717.22,741.49,963.6311
1747123200,741.95,753.04,739.03,750.18,480.4248
1747137600,750.57,757.66,743.6,756.11,1028.6248
1747152000,756.29,786.0,756.29,777.3,1296.2393
1747166400,779.11,789.79,776.0,787.98,979.5838
1747180800,785.01,790.0,770.02,772.57,1056.0611
1747195200,773.76,790.0,772.67,781.58,772.671
1747209600,782.29,782.29,765.0,777.26,629.4008
1747224000,777.26,778.78,757.02,760.96,997.5311
1747238400,761.32,761.88,748.02,760.68,603.8856
1747252800,760.26,762.26,754.48,759.89,266.748
1747267200,759.58,767.49,751.03,754.38,499.5089
1747281600,752.32,753.45,729.18,733.49,1105.1197
1747296000,733.5,741.69,726.5,732.94,772.0855
1747310400,733.01,742.37,722.0,741.5,941.3375
1747324800,739.79,749.47,722.85,729.05,248.359
1747339200,731.73,732.74,720.0,726.56,219.4785
1747353600,725.82,742.16,725.51,739.8,643.7001
1747368000,739.99,742.23,736.01,739.48,248.9616
1747382400,737.89,745.0,728.6,742.03,569.1102
1747396800,742.85,747.14,735.29,737.03,216.6624
1747411200,738.0,739.99,731.0,734.0,101.2637
1747425600,734.6,735.0,719.0,720.98,618.0199
1747440000,721.37,724.66,709.8,724.66,662.2701
1747454400,724.35,730.67,723.18,724.36,217.288
1747468800,724.3,728.84,721.0,722.35,131.5724
1747483200,722.02,724.02,717.13,723.26,243.1651
1747497600,723.25,723.25,712.02,712.22,163.3935
1747512000,713.7,721.92,711.52,715.43,170.236
1747526400,716.0,721.95,716.0,719.77,77.6898
1747540800,719.8,734.0,719.8,734.0,243.0772
1747555200,734.0,739.0,734.0,735.31,311.2437
1747569600,735.4,756.99,735.04,756.99,804.5893
1747584000,757.0,757.0,721.33,721.33,540.7064
1747598400,721.33,749.01,712.01,746.97,569.6249
1747612800,746.91,747.45,714.02,715.09,903.5077
1747627200,714.76,718.67,691.59,699.53,1841.0067
1747641600,699.1,702.72,695.13,702.3,466.2492
1747656000,700.78,710.21,694.53,709.0,715.9113
1747670400,708.76,719.9,704.09,717.04,287.3927
1747684800,716.6,719.89,712.89,718.24,176.1448
1747699200,717.0,739.97,716.2,725.28,914.2326
1747713600,724.92,730.78,719.01,719.01,229.3528
1747728000,719.01,720.0,712.49,716.25,215.8692
1747742400,715.74,718.62,710.0,717.3,380.8665
1747756800,718.99,725.08,710.03,725.08,275.0648
1747771200,722.02,727.39,716.49,723.97,644.8718
1747785600,724.0,729.95,716.94,728.19,420.5784
1747800000,725.79,731.93,720.01,720.57,400.531
1747814400,721.98,725.72,716.68,724.31,133.6933
1747828800,724.08,737.92,722.0,732.41,954.1357
1747843200,733.86,740.15,708.21,729.12,901.0389
1747857600,727.72,746.14,721.91,738.93,604.1543
1747872000,738.36,748.78,730.75,748.48,1452.2199
1747886400,748.42,755.0,730.01,755.0,1734.4573
1747900800,755.0,760.5,748.12,752.38,1423.4329
1747915200,752.38,758.82,749.72,757.01,482.6941
1747929600,757.01,760.5,752.01,752.01,254.2644
1747944000,752.5,759.5,751.12,759.47,187.0449
1747958400,758.62,778.0,758.62,777.29,1751.2254
1747972800,777.3,778.67,761.01,773.49,754.7589
1747987200,772.51,790.01,751.14,752.5,2299.2732
1748001600,751.94,777.5,737.11,766.96,1708.6729
1748016000,766.36,772.38,760.02,761.66,470.3774
1748030400,761.97,761.97,739.02,739.79,368.1278
1748044800,742.13,750.0,737.02,747.06,641.5798
1748059200,747.78,750.0,741.51,741.51,219.4516
1748073600,741.51,758.74,740.83,755.44,514.707
1748088000,754.19,754.19,748.25,750.83,244.3612
1748102400,750.86,755.56,748.7,754.91,217.4182
1748116800,755.3,757.68,750.01,750.36,93.7322
1748131200,750.38,753.78,731.02,741.0,732.6299
1748145600,741.0,746.0,736.31,737.48,185.4216
1748160000,736.37,736.37,730.7,735.29,504.4136
1748174400,735.59,738.71,725.71,728.66,312.7765
1748188800,728.27,733.47,725.13,732.9,404.0012
1748203200,733.49,747.48,730.01,746.92,291.4392
1748217600,746.93,754.46,746.93,750.99,551.1205
1748232000,750.89,754.87,750.12,752.69,487.0083
1748246400,753.01,753.63,747.19,751.89,168.9922
1748260800,752.0,755.0,747.34,752.12,372.2956
1748275200,752.65,752.74,734.47,738.07,613.5007
1748289600,737.17,743.89,737.17,740.35,102.6428
1748304000,740.36,742.65,729.01,736.29,453.2377
1748318400,736.3,743.9,733.63,743.09,238.1037
1748332800,743.8,749.07,743.5,749.04,624.4326
1748347200,748.84,758.0,743.5,755.0,879.9213
1748361600,754.99,757.97,754.12,755.02,231.1994
1748376000,753.69,755.99,742.22,750.15,417.0232
1748390400,749.2,752.53,743.01,744.11,306.5155
1748404800,745.18,745.2,740.0,740.48,249.3501
1748419200,740.48,740.48,736.4,738.36,442.6006
1748433600,738.36,741.19,720.01,723.32,1025.4147
1748448000,723.22,729.64,722.15,722.16,518.2416
1748462400,722.16,732.38,722.15,731.02,231.2263
1748476800,730.8,741.15,730.0,736.69,541.1647
1748491200,736.7,736.7,724.29,730.78,775.4167
1748505600,730.96,736.16,730.51,735.17,125.9687
1748520000,734.85,734.85,723.11,725.01,380.6503
1748534400,724.73,724.73,711.03,712.67,939.2386
1748548800,711.98,717.64,710.06,711.55,238.2429
1748563200,711.66,712.94,677.23,704.22,2621.8416
1748577600,704.22,705.15,695.71,696.0,558.4027
1748592000,695.41,699.23,690.06,698.62,545.7745
1748606400,699.0,699.0,684.91,690.01,653.7441
1748620800,690.01,690.29,670.0,689.17,885.541
1748635200,687.91,688.52,668.0,670.01,537.7415
1748649600,670.0,672.69,656.45,662.97,1253.745
1748664000,664.01,670.61,661.12,667.21,369.2324
1748678400,666.86,666.92,656.81,657.37,430.214
1748692800,657.01,673.49,656.5,670.04,419.8892
1748707200,670.0,677.99,669.03,676.7,480.1358
1748721600,677.79,677.98,672.72,673.0,213.1499
1748736000,672.01,673.52,662.0,667.96,437.8975
1748750400,664.94,671.29,664.94,665.07,396.978
1748764800,665.05,665.98,650.02,655.05,1802.9403
1748779200,655.0,665.41,650.55,663.28,403.2488
1748793600,664.27,674.3,661.87,670.33,478.6955
1748808000,669.31,677.0,667.81,676.39,212.4871
1748822400,676.4,681.61,669.98,670.07,595.1322
1748836800,670.97,673.28,668.0,668.93,127.0303
1748851200,669.35,670.85,660.1,660.1,125.2185
1748865600,660.68,663.61,653.3,656.05,599.4021
1748880000,656.15,663.52,651.01,654.51,313.4156
1748894400,659.43,671.16,659.18,670.42,492.9465
1748908800,670.0,689.14,667.31,681.86,798.1749
1748923200,678.83,682.09,674.77,681.94,189.8029
1748937600,681.87,687.59,675.95,684.21,429.5537
1748952000,684.2,694.11,679.58,689.9,571.7058
1748966400,689.9,689.9,680.64,684.22,218.1801
1748980800,681.0,681.0,659.02,662.01,611.7063
1748995200,662.01,670.01,659.99,666.9,246.9258
1749009600,668.09,668.38,664.25,666.99,195.9698
1749024000,667.59,671.91,665.5,665.51,1305.6934
1749038400,665.57,670.0,662.0,669.0,878.5622
1749052800,668.52,669.88,661.52,661.91,306.5437
1749067200,662.69,662.69,652.24,654.35,1177.7891
1749081600,655.01,657.66,654.16,654.8,444.6237
1749096000,654.31,655.73,649.03,649.03,972.8726
1749110400,649.71,651.12,645.21,648.26,422.5489
1749124800,648.04,654.92,634.0,642.04,839.6237
1749139200,642.48,642.48,616.8,623.05,1014.4254
1749153600,622.69,622.89,605.0,617.51,1350.4687
1749168000,617.53,624.17,617.51,624.17,693.1896
1749182400,624.17,629.0,624.17,626.52,229.4337
1749196800,626.4,634.27,626.01,633.73,335.2305
1749211200,634.99,645.27,634.88,640.56,476.9962
1749225600,640.89,642.25,632.17,635.94,168.2978
1749240000,635.26,635.26,629.88,629.88,111.6676
1749254400,629.88,635.78,626.99,635.38,249.4226
1749268800,635.0,648.0,633.78,647.02,580.7531
1749283200,647.89,647.92,642.45,642.45,261.1712
1749297600,642.32,646.24,641.08,641.13,337.7844
1749312000,642.99,643.0,638.78,638.94,239.2493
1749326400,638.39,642.32,637.0,637.35,48.4703
1749340800,637.04,638.1,635.0,637.13,93.2737
1749355200,637.14,638.99,635.0,635.01,352.4392
1749369600,635.0,636.33,629.02,636.33,341.1413
1749384000,636.75,641.9,635.28,641.12,400.2273
1749398400,641.51,656.15,641.51,655.17,416.6884
1749412800,655.18,658.66,647.02,648.0,229.1741
1749427200,647.01,649.99,642.52,644.3,399.3775
1749441600,644.62,644.95,637.6,640.41,418.733
1749456000,640.69,664.98,639.75,660.23,851.3662
1749470400,660.1,660.1,650.0,657.88,456.4867
1749484800,657.89,663.09,657.89,658.53,219.6389
1749499200,659.01,680.37,659.01,679.99,872.806
1749513600,679.67,681.88,670.0,670.99,568.7202
1749528000,670.49,671.8,665.12,668.71,246.4232
1749542400,669.74,679.99,665.0,677.08,487.9912
1749556800,678.87,680.99,661.4,666.5,1407.3405
1749571200,666.64,695.0,664.02,687.74,822.1323
1749585600,688.06,695.15,687.48,694.49,605.9137
1749600000,694.49,705.0,687.59,704.94,924.3727
1749614400,702.51,705.97,695.33,705.74,764.5635
1749628800,705.78,705.97,693.41,695.52,844.9784
1749643200,695.44,708.74,693.16,705.8,1095.6367
1749657600,705.8,705.99,688.33,688.62,464.8944
1749672000,688.51,692.01,675.0,682.0,498.4752
1749686400,682.5,682.5,675.38,675.64,340.5957
1749700800,677.17,679.74,672.02,672.72,427.7764
1749715200,672.81,676.9,670.0,670.01,505.4718
1749729600,670.1,681.25,665.44,666.38,326.696
1749744000,667.7,680.26,658.01,658.05,564.1621
1749758400,658.03,659.24,646.72,649.0,802.3698
1749772800,649.0,649.0,603.53,619.51,3348.7641
1749787200,618.38,620.02,611.23,620.02,820.0142
1749801600,620.02,625.84,617.05,622.76,749.7992
1749816000,623.25,633.14,619.0,632.22,922.9035
1749830400,631.63,636.67,619.52,620.55,379.7741
1749844800,620.12,634.8,620.12,634.74,144.1653
1749859200,634.68,634.98,627.01,628.04,263.3222
1749873600,627.11,628.65,624.56,625.59,280.2752
1749888000,625.0,625.0,621.1,623.8,311.5239
1749902400,623.8,623.8,617.01,618.0,586.4275
1749916800,618.29,619.28,613.11,614.09,215.7386
1749931200,613.04,619.0,608.62,619.0,301.7915
1749945600,619.01,623.48,619.0,623.37,133.2034
1749960000,623.39,630.98,623.15,625.01,293.5703
1749974400,625.01,625.01,618.37,624.99,170.6084
1749988800,624.99,651.9,624.83,643.14,985.6814
1750003200,644.69,654.15,642.45,651.49,315.3856
1750017600,650.0,651.57,634.89,651.57,377.9204
1750032000,652.17,668.49,645.0,662.0,820.5269
1750046400,661.99,668.97,661.54,668.27,444.5925
1750060800,668.25,668.48,658.56,663.61,388.3807
1750075200,663.61,667.84,657.37,664.02,587.0585
1750089600,664.11,669.99,664.01,666.92,263.6586
1750104000,666.0,666.77,638.0,638.01,397.5194
1750118400,638.0,649.15,627.16,649.13,907.4833
1750132800,649.15,651.15,645.78,646.63,296.7044
1750147200,646.64,646.64,635.61,637.37,210.6685
1750161600,637.5,640.16,624.74,625.99,545.7904
1750176000,625.98,637.5,620.64,632.27,681.3779
1750190400,632.08,632.95,624.31,629.66,275.5802
1750204800,629.55,633.4,625.04,629.99,314.8171
1750219200,630.0,633.86,627.01,629.54,245.1278
1750233600,629.69,631.44,622.12,624.54,224.7695
1750248000,624.47,625.0,616.0,621.19,696.1003
1750262400,621.11,623.38,615.36,618.29,347.4746
1750276800,616.2,630.03,615.88,624.93,556.886
1750291200,625.35,630.07,620.42,626.07,249.1739
1750305600,626.44,627.38,621.01,621.01,162.3071
1750320000,621.02,624.08,620.0,620.65,139.4443
1750334400,620.01,620.74,611.23,613.01,435.3277
1750348800,614.23,622.91,613.54,622.41,179.055
1750363200,621.29,627.48,621.29,627.22,167.8056
1750377600,627.22,627.68,620.24,620.24,93.4995
1750392000,620.0,627.68,616.18,627.68,765.8295
1750406400,627.32,631.93,626.57,630.96,279.3788
1750420800,630.96,631.52,610.0,610.51,694.3323
1750435200,610.24,610.72,584.01,597.78,2636.1928
1750449600,598.53,603.75,595.61,599.89,329.7537
1750464000,600.76,605.89,600.0,604.77,595.0318
1750478400,604.77,605.2,601.24,603.23,749.795
1750492800,604.01,609.98,602.46,608.3,196.9511
1750507200,609.96,609.96,597.69,600.48,258.0119
1750521600,601.44,603.76,590.01,590.01,348.1316
1750536000,590.01,595.14,570.0,582.0,1891.413
1750550400,583.27,591.56,575.05,579.0,1667.2897
1750564800,579.0,585.69,578.18,578.43,546.4112
1750579200,578.17,578.81,566.66,569.87,1349.5162
1750593600,569.59,571.83,540.19,548.0,2775.7107
1750608000,548.19,558.58,547.6,549.01,580.1283
1750622400,551.37,565.0,539.62,562.01,584.9526
1750636800,562.01,571.04,562.0,570.44,633.0889
1750651200,570.44,578.57,569.54,577.15,498.3533
1750665600,577.11,578.83,574.44,577.06,630.2943
1750680000,577.0,590.39,573.35,576.05,875.4686
1750694400,575.97,600.15,563.17,600.15,786.1252
1750708800,600.62,629.82,599.41,622.48,2156.9327
1750723200,622.49,622.49,610.0,611.99,959.9644
1750737600,611.87,624.87,611.0,615.25,878.7613
1750752000,615.24,619.8,610.03,616.43,603.6892
1750766400,616.04,618.56,611.01,612.01,193.5121
1750780800,615.07,620.91,609.62,609.62,310.2638
1750795200,610.0,619.67,609.25,619.67,55.9618
1750809600,617.65,620.92,615.75,619.0,365.573
1750824000,619.0,623.0,616.01,622.98,248.1994
1750838400,622.97,622.97,615.01,619.97,614.4113
1750852800,621.22,625.0,610.0,610.01,1025.2287
1750867200,610.01,613.82,608.01,613.82,149.9036
1750881600,613.01,616.82,607.01,608.82,171.2581
1750896000,609.58,623.88,609.28,617.81,454.5767
1750910400,617.8,617.83,610.08,616.0,341.3244
1750924800,616.0,616.78,608.85,610.14,233.6417
1750939200,609.62,610.06,602.0,606.51,577.8837
1750953600,607.12,607.5,600.01,604.43,210.5907
1750968000,604.32,608.86,590.0,590.88,435.032
1750982400,591.19,600.01,585.02,600.0,232.9241
1750996800,599.99,602.47,598.0,598.0,147.4595
1751011200,598.02,605.89,598.02,603.76,95.2818
1751025600,603.98,609.99,601.03,609.99,352.2963
1751040000,609.81,612.4,597.31,599.09,299.1626
1751054400,601.91,607.42,601.91,604.01,37.6178
1751068800,604.0,609.36,601.0,609.33,273.9328
1751083200,609.32,620.89,608.73,620.89,243.9952
1751097600,620.89,624.94,619.46,624.49,717.2251
1751112000,623.86,628.6,619.99,628.6,634.316
1751126400,628.61,644.91,628.61,640.9,777.2803
1751140800,639.04,639.99,638.02,638.9,117.4177
1751155200,638.99,639.13,635.0,635.22,129.3328
1751169600,635.23,635.51,631.52,635.4,280.4289
1751184000,635.4,643.0,635.4,641.0,424.6723
1751198400,641.0,644.3,638.99,638.99,512.518
1751212800,638.25,642.53,636.02,641.0,128.2716
1751227200,640.0,652.14,637.76,647.82,571.7711
1751241600,647.98,649.97,640.95,641.58,313.2898
1751256000,641.58,642.14,633.32,633.99,817.2963
1751270400,633.99,635.97,630.0,635.79,529.2852
1751284800,635.8,673.13,632.23,665.01,1655.4822
1751299200,665.0,668.01,655.29,660.0,682.7036
1751313600,661.0,661.0,652.01,652.01,352.6638
1751328000,652.45,653.23,644.0,644.86,463.2233
1751342400,644.43,644.43,627.96,631.31,823.1961
1751356800,631.01,631.01,625.09,626.56,403.3363
1751371200,626.75,627.23,618.21,620.49,1101.3111
1751385600,620.71,624.58,615.0,615.38,309.9984
1751400000,615.0,620.64,614.01,620.02,260.9935
1751414400,619.91,630.94,618.01,630.02,852.113
1751428800,630.02,632.0,627.14,630.87,313.1155
1751443200,630.99,632.01,629.77,629.91,430.1983
1751457600,629.91,638.89,624.51,637.18,336.7192
1751472000,638.9,645.66,634.82,641.01,708.0384
1751486400,641.81,646.0,638.0,638.0,282.8615
1751500800,638.01,644.79,635.99,644.78,385.9936
1751515200,644.62,653.98,644.62,652.65,683.998
1751529600,652.68,654.9,647.49,647.52,918.6354
1751544000,647.51,649.46,630.18,631.97,623.6078
1751558400,630.21,635.0,630.12,634.99,369.5311
1751572800,635.0,640.66,635.0,638.38,287.437
1751587200,638.49,641.35,635.16,638.49,365.7108
1751601600,638.16,645.0,635.0,635.86,191.7997
1751616000,635.85,636.66,631.11,633.64,463.1802
1751630400,633.69,637.72,620.0,620.13,1112.7618
1751644800,620.12,621.35,616.8,620.22,369.5357
1751659200,621.57,627.37,621.57,626.22,134.1601
1751673600,626.05,628.78,625.0,628.0,365.6448
1751688000,628.0,628.6,623.0,628.0,530.5068
1751702400,628.0,628.02,624.51,628.02,119.0137
1751716800,628.02,628.02,624.11,624.13,177.5686
1751731200,624.31,624.5,620.41,623.2,244.4186
1751745600,623.2,627.01,623.2,625.72,51.3627
1751760000,625.39,626.06,623.1,624.16,103.4376
1751774400,624.23,628.02,623.47,626.38,129.5795
1751788800,625.87,626.34,622.08,626.31,221.0381
1751803200,626.31,640.0,626.31,637.57,419.0878
1751817600,637.58,643.0,636.19,636.19,1164.5751
1751832000,637.99,644.55,637.99,638.84,400.9769
1751846400,639.53,641.99,633.4,640.0,353.897
1751860800,640.02,641.99,639.0,641.99,262.9022
1751875200,641.99,646.99,641.55,646.05,425.7064
1751889600,646.02,650.0,638.87,638.87,1027.817
1751904000,638.87,639.63,630.02,631.48,834.7066
1751918400,630.91,630.91,627.03,628.94,259.5515
1751932800,628.95,633.29,628.89,631.05,488.1005
1751947200,631.04,633.96,630.04,632.58,211.9837
1751961600,633.53,640.5,633.53,640.5,587.1397
1751976000,640.5,644.95,636.36,636.36,904.6151
1751990400,636.36,642.71,635.51,640.01,255.3271
1752004800,640.01,640.01,634.82,639.09,155.7656
1752019200,639.08,642.71,639.08,641.24,673.1258
1752033600,641.3,648.44,640.0,647.91,704.5523
1752048000,647.91,650.0,646.89,649.99,556.875
1752062400,650.0,654.18,647.3,649.99,1572.2911
1752076800,649.99,655.63,647.34,655.3,829.9142
1752091200,655.79,660.0,653.46,657.5,597.8151
1752105600,657.5,663.54,648.89,661.14,1013.6133
1752120000,661.14,664.99,657.12,664.15,983.2142
1752134400,664.74,669.01,664.15,664.15,738.0967
1752148800,664.15,664.98,658.12,658.13,869.875
1752163200,658.12,666.99,658.12,662.43,864.2271
1752177600,660.31,672.65,660.31,672.65,1351.8863
1752192000,672.66,684.81,672.66,684.79,1166.6804
1752206400,684.79,688.88,680.3,683.01,1845.3365
1752220800,683.46,691.7,682.01,682.24,1691.4745
1752235200,682.23,690.0,650.6,658.75,2559.8389
1752249600,658.74,664.98,642.01,655.03,1250.8772
1752264000,662.08,667.99,653.06,662.99,273.9307
1752278400,663.0,669.98,661.01,666.01,680.2357
1752292800,666.1,671.99,648.01,671.99,1413.1538
1752307200,671.98,675.0,670.01,670.01,428.3698
1752321600,671.08,671.08,655.04,663.21,688.2269
1752336000,661.95,668.0,657.01,668.0,240.2514
1752350400,668.0,670.51,666.67,670.51,98.4579
1752364800,670.51,674.17,670.0,673.01,152.3713
1752379200,673.29,677.77,673.01,677.63,395.3528
1752393600,677.78,678.88,674.06,676.22,668.6747
1752408000,676.69,683.98,676.68,678.0,918.938
1752422400,678.0,678.0,672.66,677.99,428.5574
1752436800,676.59,677.99,671.51,673.2,235.6443
1752451200,673.19,698.67,672.57,694.99,1748.0227
1752465600,694.91,700.0,685.0,699.99,1748.6515
1752480000,699.98,701.98,696.0,698.66,1406.0356
1752494400,698.49,703.99,685.27,685.27,2041.7367
1752508800,687.04,690.0,684.0,689.98,766.7163
1752523200,686.27,686.99,683.0,685.47,590.4852
1752537600,684.2,684.21,669.0,669.98,1591.9177
1752552000,669.97,677.76,668.0,675.01,507.7356
1752566400,675.01,675.01,671.11,674.59,309.6029
1752580800,675.0,683.0,666.73,676.94,2026.5196
1752595200,676.86,687.02,676.86,677.84,1058.944
1752609600,677.11,689.86,677.01,689.45,685.3276
1752624000,689.43,694.29,686.3,688.2,1108.6859
1752638400,688.21,694.27,687.41,694.27,635.4944
1752652800,694.27,704.79,694.25,701.92,1445.775
1752667200,701.98,706.98,698.01,706.97,2270.0552
1752681600,706.98,728.0,706.98,724.69,2637.6703
1752696000,724.69,727.01,721.68,723.01,662.1703
1752710400,723.01,723.43,710.01,713.37,1690.4202
1752724800,713.37,728.01,710.89,728.01,2049.4296
1752739200,728.14,746.13,728.0,737.69,2412.2226
1752753600,737.69,742.49,728.0,728.03,1711.3567
1752768000,728.03,729.85,723.0,725.02,1012.4495
1752782400,725.01,729.99,718.92,729.38,1341.1749
1752796800,729.39,747.0,728.92,746.93,2864.9638
1752811200,746.93,766.99,746.93,762.65,4188.3445
1752825600,760.4,762.43,744.01,751.0,1686.4596
1752840000,751.01,763.43,733.8,735.99,1986.4416
1752854400,735.99,750.0,735.99,745.0,253.6945
1752868800,740.53,745.97,733.01,745.97,271.0357
1752883200,745.98,745.99,732.24,743.51,381.2743
1752897600,743.89,744.99,743.5,744.31,201.0037
1752912000,744.31,745.0,738.19,741.15,933.8896
1752926400,743.18,745.99,739.23,745.96,585.0615
1752940800,743.6,745.99,743.58,744.44,439.8639
1752955200,743.41,747.0,739.98,744.23,605.999
1752969600,744.23,753.96,742.5,748.02,626.0321
1752984000,748.02,750.0,747.32,749.12,532.6102
1752998400,749.13,759.67,749.12,758.01,634.7588
1753012800,758.02,767.05,758.0,760.99,1412.413
1753027200,760.98,767.64,760.68,765.03,596.2861
1753041600,765.03,765.05,755.45,764.0,425.6868
1753056000,763.99,784.95,752.35,784.94,2069.3732
1753070400,784.95,798.29,780.01,798.26,1996.3258
1753084800,798.26,806.0,780.2,803.6,2840.9076
1753099200,803.6,828.87,800.0,823.9,2897.1051
1753113600,824.1,825.85,811.75,819.21,977.5382
1753128000,819.16,831.99,817.61,828.63,1083.8417
1753142400,828.01,860.47,820.01,843.49,5745.911
1753156800,843.48,848.32,821.0,835.02,2629.9906
1753171200,835.02,844.66,820.84,843.12,1134.1766
1753185600,842.76,860.0,835.0,850.0,2367.678
1753200000,849.52,857.98,837.5,837.5,941.5778
1753214400,836.29,862.19,835.62,862.19,789.6429
1753228800,862.19,862.19,845.93,845.93,1054.1895
1753243200,845.92,849.99,841.68,841.69,941.2174
1753257600,841.69,841.99,830.0,835.08,808.4826
1753272000,835.08,835.09,795.24,811.43,3191.6407
1753286400,812.38,812.38,787.02,796.0,1225.0388
1753300800,796.9,799.97,775.48,799.05,981.9162
1753315200,799.04,808.1,797.34,804.01,800.8104
1753329600,804.01,804.01,757.99,771.49,2428.5782
1753344000,771.48,787.8,771.48,787.8,809.1606
1753358400,787.8,808.1,778.66,794.96,1074.8769
1753372800,794.96,799.8,780.92,795.01,499.6045
1753387200,795.0,796.04,770.0,770.94,338.7664
1753401600,770.03,774.3,745.99,751.63,2366.5737
1753416000,751.39,758.86,747.18,747.93,1630.5591
1753430400,751.89,767.98,750.52,765.73,2363.9196
1753444800,765.54,767.53,747.2,752.73,2051.422
1753459200,752.89,769.98,752.89,769.33,555.2069
1753473600,769.33,785.0,769.33,785.0,957.9539
1753488000,785.0,786.47,778.9,783.99,1103.7598
1753502400,784.0,787.18,783.77,787.17,570.9863
1753516800,787.17,797.99,787.17,791.92,922.6632
1753531200,791.92,794.99,786.99,789.95,546.5807
1753545600,789.96,789.96,784.11,784.5,162.5774
1753560000,784.14,784.5,779.22,780.01,507.9917
1753574400,779.09,789.98,778.99,788.76,632.2416
1753588800,788.99,793.69,788.24,790.22,558.3004
1753603200,790.33,791.7,786.19,787.63,459.6188
1753617600,787.63,787.63,781.51,785.07,305.5691
1753632000,785.07,795.9,785.06,789.41,890.6853
1753646400,789.42,798.57,787.52,793.86,1014.5027
1753660800,793.87,811.99,792.08,811.99,1319.0499
1753675200,811.98,818.0,810.0,810.46,1509.6566
1753689600,810.44,814.14,808.9,811.69,815.4516
1753704000,810.3,814.97,790.89,793.01,1923.2943
1753718400,793.0,794.59,780.21,781.89,896.4128
1753732800,785.29,785.29,774.03,776.71,900.3017
1753747200,776.72,781.93,770.1,779.47,1538.9016
1753761600,779.48,790.33,779.48,790.32,679.4337
1753776000,790.33,790.34,776.8,776.8,2320.9108
1753790400,776.81,782.33,764.75,769.65,2006.4981
1753804800,769.43,773.61,760.6,770.81,1011.2839
1753819200,770.5,771.53,765.0,770.23,380.7979
1753833600,770.02,772.89,762.01,771.64,530.9715
1753848000,771.64,772.16,765.01,766.5,894.6134
1753862400,766.62,768.25,752.03,752.85,1151.2609
1753876800,752.85,764.98,750.51,759.06,1415.3147
1753891200,759.06,764.54,737.0,749.39,2500.8873
1753905600,749.35,754.89,745.71,754.89,914.1398
1753920000,754.99,765.27,754.99,765.26,423.9755
1753934400,765.27,768.98,764.99,768.55,557.3751
1753948800,768.55,774.98,768.54,769.0,1140.5965
1753963200,768.55,768.55,749.38,753.73,1206.546
1753977600,754.0,763.02,750.25,750.26,446.9123
1753992000,750.26,750.26,738.03,738.82,666.5969
1754006400,738.46,740.08,723.09,736.08,3184.6355
1754020800,735.8,735.8,721.51,724.49,980.3997
1754035200,724.49,724.49,716.65,723.11,1242.0035
1754049600,723.11,728.71,710.0,724.72,1969.1549
1754064000,722.92,726.62,710.0,714.02,994.5773
1754078400,714.02,714.02,686.06,698.0,1577.973
1754092800,698.0,707.67,697.99,705.69,755.7342
1754107200,705.7,709.0,696.68,705.05,665.1746
1754121600,705.05,707.99,699.58,706.72,518.7269
1754136000,706.75,706.95,693.37,693.37,717.8892
1754150400,693.17,694.43,672.0,677.18,1470.1572
1754164800,677.18,685.85,675.43,681.42,280.0148
1754179200,680.92,693.25,675.24,693.01,781.3202
1754193600,693.01,695.55,690.32,694.69,475.4092
1754208000,694.69,700.59,692.18,697.01,682.1374
1754222400,697.0,699.13,690.9,697.01,436.1382
1754236800,697.01,699.44,694.5,694.54,681.0358
1754251200,693.97,698.81,691.15,694.72,225.0658
1754265600,694.01,702.77,691.17,695.98,991.4816
1754280000,695.98,695.98,689.0,693.93,714.9569
1754294400,693.95,697.03,690.01,690.26,275.4346
1754308800,691.19,707.94,691.19,704.09,1282.882
1754323200,704.15,720.0,703.34,703.99,760.1836
1754337600,704.23,718.98,704.23,718.69,156.9055
1754352000,718.7,718.76,711.61,711.7,474.7322
1754366400,711.71,715.01,703.67,703.82,467.8987
1754380800,704.0,724.13,704.0,723.37,592.0492
1754395200,723.96,723.96,694.0,694.21,1572.9731
1754409600,695.93,699.47,691.97,691.97,677.9278
1754424000,691.53,697.85,687.24,697.58,710.8092
1754438400,696.34,696.64,687.23,687.52,492.6327
1754452800,687.81,698.33,687.3,696.95,421.953
1754467200,697.58,697.98,693.51,696.07,147.4022
1754481600,697.0,713.06,692.01,713.06,1055.4834
1754496000,713.14,717.14,709.15,713.01,567.5921
1754510400,713.01,713.01,709.82,710.49,242.7367
1754524800,710.48,713.36,706.0,706.28,664.8359
1754539200,706.03,718.8,706.03,717.87,529.8446
1754553600,717.88,731.57,714.34,731.01,1735.2238
1754568000,731.01,731.12,718.37,718.48,1013.5095
1754582400,718.48,723.99,708.01,723.99,706.6738
1754596800,724.0,737.0,724.0,737.0,1554.887
1754611200,737.0,737.79,730.0,734.96,1826.8002
1754625600,734.96,748.98,732.67,748.8,1076.4149
1754640000,748.8,750.0,740.0,749.99,826.5656
1754654400,749.99,751.99,732.03,736.03,2574.5989
1754668800,736.03,753.93,736.02,747.91,692.4212
1754683200,747.7,747.91,740.16,740.16,488.3453
1754697600,740.99,749.66,740.53,745.5,643.0606
1754712000,744.46,761.98,743.54,757.63,1999.0898
1754726400,757.63,769.99,757.63,762.48,1634.7322
1754740800,762.0,766.0,756.91,758.8,1471.0111
1754755200,758.79,765.0,756.59,764.83,497.0973
1754769600,764.59,768.0,756.51,756.59,766.0391
1754784000,756.58,778.99,756.5,777.01,1264.4035
1754798400,777.0,779.86,755.0,755.01,1310.9976
1754812800,755.01,762.9,752.0,757.0,1568.6924
1754827200,757.0,766.06,754.02,764.0,1224.5651
1754841600,764.01,768.15,764.0,768.15,329.5076
1754856000,768.15,773.14,764.31,769.97,767.9909
1754870400,769.78,777.15,764.6,774.99,1388.1764
1754884800,774.99,780.0,770.01,770.02,1945.5191
1754899200,770.01,775.0,755.0,755.03,1639.049
1754913600,755.01,759.93,750.01,757.65,1963.1397
1754928000,759.65,764.15,743.07,743.57,1008.1096
1754942400,743.23,745.38,735.56,739.02,521.5962
1754956800,739.03,748.0,739.02,745.03,782.3257
1754971200,745.0,745.35,738.77,742.54,894.0583
1754985600,742.53,745.75,737.2,739.3,916.1209
1755000000,739.3,763.0,739.27,762.98,2644.4865
1755014400,762.98,795.99,762.59,795.99,3793.1247
1755028800,795.99,801.98,788.13,797.75,2575.8472
1755043200,797.36,833.98,796.92,827.64,4746.8059
1755057600,827.44,834.9,820.21,832.98,1886.2822
1755072000,832.94,843.98,827.96,839.63,2416.2445
1755086400,839.64,850.0,815.0,825.48,3262.4147
1755100800,825.48,840.0,824.48,840.0,619.6957
1755115200,839.35,844.0,832.81,837.01,737.8879
1755129600,837.02,859.4,835.03,858.51,2983.8437
1755144000,858.44,866.87,851.18,859.99,3744.4
1755158400,860.0,860.0,847.86,853.0,1484.5011
1755172800,853.88,859.98,793.02,825.74,4739.3784
1755187200,825.0,825.01,809.02,817.94,936.0982
1755201600,815.85,821.76,797.14,819.04,1319.2192
1755216000,819.85,830.0,819.85,830.0,1100.0781
1755230400,830.01,839.56,826.63,835.56,743.0722
1755244800,836.45,837.0,822.51,823.34,383.0664
1755259200,823.33,825.54,787.22,788.98,1767.2343
1755273600,788.97,795.0,784.0,784.99,756.6426
1755288000,784.99,802.32,784.99,796.63,449.4296
1755302400,793.95,803.47,792.25,800.54,604.5078
1755316800,800.02,806.13,793.0,805.01,290.2443
1755331200,805.0,805.01,792.25,793.0,547.2817
1755345600,792.51,805.77,791.65,804.31,578.295
1755360000,805.11,805.26,800.58,804.44,49.0258
1755374400,804.99,807.99,802.06,807.78,125.2671
1755388800,806.51,815.0,801.52,815.0,333.7212
1755403200,815.0,824.07,815.0,816.26,698.1438
1755417600,817.37,822.0,815.12,821.98,418.6937
1755432000,821.64,827.0,816.15,827.0,475.1822
1755446400,827.0,828.09,811.98,814.26,478.7414
1755460800,813.73,820.76,812.17,813.0,127.676
1755475200,813.01,813.01,776.99,779.51,1986.1901
1755489600,779.51,784.0,768.0,770.0,1611.8951
1755504000,770.01,776.5,769.71,773.05,1045.3101
1755518400,773.64,780.0,773.31,779.92,716.0705
1755532800,779.99,790.0,777.03,780.89,431.7404
1755547200,780.85,789.73,777.03,778.99,92.5147
1755561600,778.99,789.15,761.02,761.07,707.0226
1755576000,761.03,768.0,757.02,764.01,887.7145
1755590400,764.01,773.68,762.1,773.68,452.7647
1755604800,773.68,776.08,757.01,758.51,599.5897
1755619200,758.11,761.54,751.1,755.38,518.8247
1755633600,753.54,762.87,751.0,751.0,401.9685
1755648000,751.02,773.15,751.01,771.41,794.9258
1755662400,771.56,774.14,766.09,768.7,296.458
1755676800,768.7,772.44,760.0,764.55,408.6613
1755691200,765.81,784.69,755.88,777.56,1338.419
1755705600,779.99,795.61,777.18,795.61,585.0057
1755720000,796.15,797.47,790.68,797.47,116.1499
1755734400,797.48,803.85,788.08,799.12,734.1756
1755748800,799.01,799.01,789.83,791.35,315.616
1755763200,791.68,791.69,779.02,779.02,223.4147
1755777600,779.07,789.33,773.01,773.03,530.3436
1755792000,773.02,774.82,766.95,766.95,203.1171
1755806400,767.9,772.86,764.87,766.54,258.9255
1755820800,766.54,778.15,766.54,773.42,384.6072
1755835200,773.88,780.0,773.88,780.0,281.1717
1755849600,779.99,784.1,767.22,767.28,183.4405
1755864000,767.29,829.87,757.02,823.46,3277.1701
1755878400,822.16,832.47,817.9,831.99,1343.2295
1755892800,831.84,841.0,824.78,835.0,1361.2173
1755907200,834.99,834.99,812.5,828.01,797.2844
1755921600,824.03,865.0,824.03,860.51,3684.1323
1755936000,860.51,860.51,841.92,845.35,886.1108
1755950400,847.42,851.63,840.0,849.0,3310.1555
1755964800,849.0,854.0,847.28,853.99,367.3252
1755979200,853.99,855.0,849.99,853.69,134.4139
1755993600,853.7,882.18,853.7,874.0,4257.3793
1756008000,874.0,879.99,867.5,867.51,1047.7143
1756022400,867.5,874.98,854.0,857.57,696.6946
1756036800,857.74,874.99,854.08,863.27,519.824
1756051200,863.27,879.99,850.0,850.59,865.9687
1756065600,851.62,867.95,846.05,864.99,553.0764
1756080000,865.0,895.01,851.03,876.77,2859.0144
1756094400,875.58,876.99,839.99,839.99,1800.7339
1756108800,839.99,845.5,826.1,834.23,1269.0719
1756123200,834.71,843.0,830.01,833.0,1246.8161
1756137600,832.02,838.58,815.0,815.0,963.3931
1756152000,815.01,815.01,791.32,798.01,1753.2433
1756166400,798.03,804.17,794.0,794.02,1068.2983
1756180800,794.16,805.0,794.03,804.0,598.8193
1756195200,804.99,806.61,796.25,798.34,420.8248
1756209600,798.37,815.96,797.25,809.15,1135.7343
1756224000,809.15,830.27,809.15,830.27,479.0503
1756238400,830.27,833.79,826.37,826.37,870.9615
1756252800,826.37,856.49,819.29,854.67,1934.1332
1756267200,854.94,866.0,848.26,854.53,1429.3876
1756281600,854.96,865.5,853.01,865.5,1136.7162
1756296000,865.5,881.99,858.05,880.0,2675.7373
1756310400,880.99,891.0,870.56,872.6,1535.983
1756324800,872.37,880.83,858.02,858.02,2129.4421
1756339200,858.02,879.98,857.01,879.96,629.7215
1756353600,879.08,897.49,879.0,897.49,1705.0636
1756368000,897.49,910.0,890.96,898.58,2484.1822
1756382400,898.99,911.0,886.13,890.0,2422.1228
1756396800,889.99,900.0,876.8,888.14,746.1986
1756411200,887.55,908.0,887.55,904.92,711.6476
1756425600,904.92,915.0,895.9,914.94,3649.5997
1756440000,914.64,914.64,881.0,883.23,1883.2882
1756454400,883.03,887.62,872.0,880.78,1868.2257
1756468800,880.91,907.5,868.39,870.4,2440.468
1756483200,870.37,871.79,859.01,865.0,939.184
1756497600,864.9,874.17,855.02,874.17,391.6659
1756512000,874.17,878.99,860.02,877.01,899.585
1756526400,877.0,879.99,867.0,873.79,781.2106
1756540800,874.35,875.0,862.03,863.66,475.439
1756555200,864.02,864.02,845.8,857.0,1126.827
1756569600,857.0,860.14,851.81,859.42,162.5065
1756584000,859.8,865.05,855.05,865.03,213.9996
1756598400,865.04,878.92,865.03,874.79,759.2893
1756612800,874.68,875.35,866.22,867.08,445.3292
1756627200,867.09,873.97,864.17,865.97,642.7934
1756641600,865.98,869.33,860.01,869.0,303.7804
1756656000,869.0,874.5,868.99,872.03,163.4251
1756670400,872.86,874.73,856.01,857.19,280.486
1756684800,857.18,862.37,842.0,848.0,1297.0136
1756699200,847.99,863.27,841.02,863.27,691.0612
1756713600,863.28,869.98,848.08,850.38,555.8909
1756728000,850.38,857.95,848.0,848.0,287.2273
1756742400,848.02,853.99,847.0,853.73,139.2747
1756756800,853.43,853.43,836.01,843.95,812.849
1756771200,844.99,861.0,842.01,857.7,627.9972
1756785600,857.62,865.7,857.61,858.1,399.5524
1756800000,858.14,865.68,858.14,859.48,237.2219
1756814400,859.49,867.45,843.01,849.02,1343.9828
1756828800,849.78,874.75,849.02,870.0,377.2153
1756843200,870.54,884.78,869.91,884.77,830.0948
1756857600,884.18,896.0,879.99,890.78,1076.326
1756872000,890.0,890.25,882.2,886.5,324.5599
1756886400,886.85,892.99,882.51,891.53,498.425
1756900800,891.52,899.15,885.73,893.01,789.6668
1756915200,894.26,895.95,886.17,887.73,285.3275
1756929600,887.73,890.16,883.6,890.16,236.6838
1756944000,890.16,894.74,880.01,880.99,504.2268
1756958400,880.98,880.99,873.21,877.88,361.4693
1756972800,877.82,884.33,877.47,878.59,392.1261
1756987200,878.59,882.75,867.01,867.89,636.961
1757001600,867.88,872.13,863.0,863.0,359.0961
1757016000,863.0,869.52,862.67,864.0,181.2065
1757030400,862.67,867.21,858.51,865.99,517.4091
1757044800,865.99,881.0,865.98,881.0,300.3327
1757059200,881.0,881.0,870.0,876.28,242.0163
1757073600,876.27,885.0,858.01,865.0,1517.9486
1757088000,865.01,870.0,860.0,869.88,169.3296
1757102400,870.98,871.98,861.26,865.49,108.6936
1757116800,866.39,869.5,865.02,867.8,304.1671
1757131200,867.8,867.8,859.51,862.53,330.3079
1757145600,862.59,864.56,861.01,861.01,194.6418
1757160000,861.02,862.49,858.0,858.0,599.8769
1757174400,858.0,859.09,850.0,850.55,791.5607
1757188800,850.76,855.53,850.76,852.37,102.5852
1757203200,852.36,862.98,852.36,862.01,142.0131
1757217600,861.85,862.98,860.39,862.33,145.3731
1757232000,862.27,863.86,861.19,862.33,231.9427
1757246400,863.99,867.98,862.99,867.97,351.7647
1757260800,867.99,867.99,857.0,860.49,437.8919
1757275200,860.22,878.83,859.6,874.66,222.2812
1757289600,874.66,879.99,870.95,878.0,600.0421
1757304000,876.16,879.99,875.0,878.73,451.5662
1757318400,878.72,908.0,876.59,904.62,2911.2733
1757332800,904.24,910.0,900.0,905.42,1480.9221
1757347200,905.45,912.0,880.0,910.48,1769.5049
1757361600,910.22,910.22,902.31,905.02,478.5346
1757376000,905.03,905.51,890.07,901.77,383.624
1757390400,901.99,922.0,901.42,920.94,1821.1905
1757404800,920.94,920.94,915.3,915.97,719.7646
1757419200,915.96,919.22,895.06,899.83,916.3862
1757433600,900.5,913.97,900.43,913.97,170.9394
1757448000,912.72,916.99,906.99,916.12,304.6389
1757462400,916.12,924.5,911.6,923.86,732.0156
1757476800,923.86,937.74,919.41,937.2,1835.1419
1757491200,937.21,937.21,924.71,928.09,588.3201
1757505600,928.09,947.99,927.6,939.71,1860.8638
1757520000,939.7,940.99,930.03,932.75,582.3693
1757534400,932.51,942.36,932.51,942.0,1399.9877
1757548800,941.99,948.0,940.07,945.01,1404.7912
1757563200,945.01,945.02,935.0,940.49,1014.1108
1757577600,940.5,950.0,939.0,949.09,507.7473
1757592000,949.1,964.49,942.01,957.7,2087.5636
1757606400,957.99,962.0,952.01,955.65,380.9834
1757620800,955.66,960.0,950.99,959.99,386.7448
1757635200,960.0,990.0,958.43,989.99,2532.567
1757649600,989.99,1004.0,986.62,998.5,3180.5014
1757664000,998.49,1004.0,995.75,1003.99,992.7164
1757678400,1003.99,1015.01,1000.0,1005.0,2490.8565
1757692800,1004.59,1009.26,1000.59,1006.07,314.4889
1757707200,1006.08,1015.0,1000.0,1009.0,848.518
1757721600,1009.0,1016.81,1006.39,1015.99,982.0522
1757736000,1015.06,1017.16,1009.53,1015.65,627.6874
1757750400,1015.64,1017.99,1013.28,1013.29,785.0678
1757764800,1013.3,1015.0,1001.0,1001.79,838.9244
1757779200,1001.78,1001.79,987.1,998.37,1016.4374
1757793600,998.38,1013.42,998.38,1012.45,212.1922
1757808000,1012.45,1040.0,1012.45,1031.32,3531.5248
1757822400,1032.0,1037.0,1023.87,1032.14,1106.7254
1757836800,1032.35,1038.91,1029.24,1030.12,1596.3317
1757851200,1031.0,1032.99,1010.0,1022.03,1248.8906
1757865600,1022.9,1041.0,1022.4,1022.51,1074.9401
1757880000,1022.01,1027.73,1009.02,1010.91,698.0436
1757894400,1010.91,1022.98,996.81,1020.43,1078.3257
1757908800,1020.13,1025.91,998.36,1002.81,961.0747
1757923200,1002.75,1002.75,976.01,997.93,2140.58
1757937600,995.61,1004.15,980.0,985.13,1000.2279
1757952000,985.12,991.14,975.0,983.97,448.634
1757966400,985.65,993.19,985.56,989.2,104.9341
1757980800,989.3,997.15,989.1,997.01,364.7639
1757995200,997.01,999.99,988.06,997.2,283.4973
1758009600,997.21,999.98,994.0,996.64,326.1693
1758024000,996.63,1003.15,980.09,1003.15,686.567
1758038400,1003.14,1011.98,997.56,1003.01,945.9264
1758052800,1001.53,1004.71,999.05,999.05,189.1438
1758067200,999.05,999.06,987.01,987.01,464.7171
1758081600,987.01,998.99,985.05,997.67,513.4451
1758096000,997.22,997.22,986.29,987.33,624.2318
1758110400,987.33,994.65,987.33,988.56,348.1761
1758124800,988.56,1003.99,980.0,1003.62,806.9847
1758139200,1003.63,1029.99,996.02,1025.67,1426.5182
1758153600,1025.65,1039.14,1024.01,1035.22,1887.8072
1758168000,1035.2,1035.2,1015.02,1026.0,704.0877
1758182400,1026.0,1033.53,1025.66,1029.7,664.5618
1758196800,1029.7,1041.01,1025.41,1041.01,857.6672
1758211200,1041.0,1057.76,1035.08,1039.91,1810.1793
1758225600,1038.6,1039.76,1030.01,1034.24,340.6495
1758240000,1034.25,1037.89,1028.0,1028.0,557.7155
1758254400,1028.0,1030.0,1023.95,1026.68,761.6793
1758268800,1026.5,1026.5,1012.03,1012.5,897.5951
1758283200,1012.5,1023.55,1001.0,1006.05,876.668
1758297600,1005.1,1010.15,1001.0,1001.81,284.5789
1758312000,1002.02,1011.07,1001.99,1009.71,103.3976
1758326400,1009.72,1015.15,1008.68,1009.89,300.4161
1758340800,1009.89,1014.99,1009.88,1014.97,144.5833
1758355200,1014.98,1014.99,1006.28,1009.99,594.7022
1758369600,1009.99,1019.15,1006.71,1017.02,282.4845
1758384000,1017.27,1019.15,1010.13,1011.76,164.1315
1758398400,1013.14,1017.36,1012.0,1013.01,716.2342
1758412800,1013.15,1021.0,1012.71,1021.0,405.9687
1758427200,1021.51,1021.98,1015.01,1015.05,172.055
1758441600,1015.11,1015.11,1007.0,1010.48,320.5103
1758456000,1010.47,1014.72,1005.01,1007.57,433.9612
1758470400,1006.78,1008.01,1002.01,1005.16,252.0577
1758484800,1003.09,1006.5,999.0,1000.98,494.1931
1758499200,1000.99,1001.8,981.0,986.95,1650.3747
1758513600,986.99,986.99,935.15,944.01,3307.629
1758528000,944.01,945.96,935.55,943.01,1124.4715
1758542400,943.01,952.15,940.0,940.82,1511.7731
1758556800,942.8,947.12,925.0,927.59,558.1535
1758571200,925.08,940.79,925.0,939.84,165.3304
1758585600,939.99,942.58,901.31,917.01,2023.4465
1758600000,917.01,928.14,906.03,925.31,681.8528
1758614400,925.27,931.7,923.01,925.99,463.2077
1758628800,926.98,932.14,920.16,926.01,651.3562
1758643200,927.42,932.0,910.02,910.02,807.3029
1758657600,910.03,916.0,907.01,908.0,362.986
1758672000,908.0,913.62,883.02,884.45,3030.152
1758686400,884.45,892.14,872.55,888.71,1249.8169
1758700800,889.7,896.74,885.31,896.32,459.53
1758715200,897.14,912.22,895.03,902.03,670.5536
1758729600,902.04,907.82,899.65,901.77,162.4362
1758744000,899.64,899.65,891.59,892.72,205.5501
1758758400,893.12,895.69,867.75,872.81,1827.5766
1758772800,875.0,875.0,860.0,864.0,1729.8184
1758787200,864.01,869.0,852.5,853.0,1550.8008
1758801600,853.01,861.15,836.99,850.88,3960.4659
1758816000,852.49,855.0,829.03,841.23,1522.101
1758830400,843.25,845.03,818.07,819.1,1096.6842
1758844800,820.08,839.69,820.08,837.0,1175.5716
1758859200,835.46,839.06,825.74,831.03,697.503
1758873600,834.85,836.12,812.3,823.59,1740.5577
1758888000,822.5,842.02,819.0,833.95,837.6774
1758902400,834.0,862.14,834.0,855.76,856.8407
1758916800,851.82,874.15,850.47,874.01,437.578
1758931200,874.0,875.0,870.0,870.76,837.8011
1758945600,870.76,870.76,862.0,862.64,551.0873
1758960000,862.41,865.0,854.04,859.02,716.8285
1758974400,859.0,868.01,857.8,868.01,677.1408
1758988800,868.0,868.8,858.46,862.7,343.0711
1759003200,862.71,870.98,861.8,866.01,109.6653
1759017600,866.58,870.98,857.03,859.28,286.5691
1759032000,858.85,864.61,856.04,864.61,211.6222
1759046400,863.6,864.83,852.01,853.07,236.5555
1759060800,854.08,864.99,847.02,864.99,566.3289
1759075200,864.99,877.0,864.99,876.77,572.9757
1759089600,877.0,894.79,876.82,894.79,1045.6827
1759104000,894.79,894.79,885.81,887.0,630.8234
1759118400,887.0,890.5,880.0,883.65,828.4389
1759132800,884.43,885.59,875.0,877.01,598.098
1759147200,877.01,898.15,870.01,887.79,2099.8769
1759161600,888.9,899.0,880.0,899.0,307.8547
1759176000,898.96,903.15,897.88,898.6,1039.7444
1759190400,897.97,900.62,888.02,889.5,271.2334
1759204800,889.6,894.95,882.33,882.34,1105.2646
1759219200,882.33,882.34,870.39,875.07,712.7516
1759233600,875.77,884.81,869.02,872.41,628.134
1759248000,870.58,880.99,867.0,880.98,513.11
1759262400,880.99,887.56,875.86,880.58,189.6284
1759276800,880.57,887.13,872.53,872.53,456.7111
1759291200,872.5,884.69,872.01,884.65,340.4439
1759305600,884.56,914.7,884.56,913.88,1166.7539
1759320000,913.87,925.03,913.13,925.03,1503.5784
1759334400,924.99,926.45,914.02,922.63,352.3346
1759348800,921.75,929.15,917.51,929.15,618.8168
1759363200,929.15,939.13,920.49,937.21,1047.6282
1759377600,937.21,947.15,935.05,935.66,883.6702
1759392000,935.76,949.0,935.76,945.99,505.543
1759406400,945.98,952.15,934.98,948.97,1254.5866
1759420800,948.96,968.99,947.51,965.29,1231.3996
1759435200,965.3,979.21,959.22,979.21,1150.9598
1759449600,979.01,980.0,965.01,973.8,1369.8604
1759464000,975.24,977.26,960.01,962.01,876.4216
1759478400,962.0,970.65,960.0,968.59,810.8835
1759492800,968.6,976.94,957.0,976.93,629.4565
1759507200,976.94,980.0,955.01,963.9,1029.2666
1759521600,964.22,973.75,963.9,971.41,171.461
1759536000,971.42,973.99,956.03,957.63,405.0652
1759550400,957.64,962.76,957.0,959.0,229.3319
1759564800,959.0,960.0,955.07,959.21,427.4223
1759579200,959.2,960.84,940.01,940.01,815.6611
1759593600,940.04,946.78,928.0,945.26,1219.1357
1759608000,945.34,949.97,945.34,949.23,110.8345
1759622400,949.16,963.97,945.96,961.01,607.9698
1759636800,960.01,979.01,960.0,978.89,1332.5052
1759651200,978.89,978.89,961.02,969.83,606.2427
1759665600,968.87,969.96,959.02,963.45,390.4709
1759680000,963.46,968.08,954.01,954.01,110.5007
1759694400,954.01,959.26,954.0,958.02,242.8587
1759708800,958.01,974.98,954.98,972.92,520.0469
1759723200,972.24,980.0,966.0,967.54,833.9021
1759737600,969.83,980.98,969.83,977.69,755.123
1759752000,977.69,982.98,975.0,980.0,1112.2426
1759766400,979.01,984.0,975.5,980.0,327.5192
1759780800,979.97,979.97,970.0,970.0,806.6171
1759795200,970.0,980.06,966.01,980.06,783.6247
1759809600,980.07,983.0,965.01,969.98,523.3925
1759824000,969.99,972.14,961.01,968.73,684.9893
1759838400,968.63,970.99,935.01,940.57,1852.7209
1759852800,940.62,948.01,934.02,936.45,1035.785
1759867200,936.73,944.53,930.02,930.02,633.8697
1759881600,930.05,941.43,924.03,924.75,577.5609
1759896000,925.32,932.9,923.01,930.01,405.2609
1759910400,930.01,939.14,930.01,933.49,332.2648
1759924800,934.82,943.31,927.51,933.42,622.8179
1759939200,932.66,962.15,931.98,962.15,442.5753
1759953600,963.12,963.79,957.21,962.8,233.4992
1759968000,962.78,964.12,947.02,954.11,505.0372
1759982400,954.11,962.99,950.02,950.03,322.92
1759996800,950.23,950.23,929.3,944.46,849.6442
1760011200,944.11,953.15,927.01,927.01,1004.6072
1760025600,927.04,965.0,921.01,923.95,1464.9418
1760040000,924.37,937.89,922.32,934.04,493.1419
1760054400,933.49,938.55,928.0,933.68,587.8358
1760068800,934.58,937.38,923.01,924.0,325.6807
1760083200,924.0,934.15,922.28,934.15,639.8353
1760097600,934.15,946.07,887.07,896.33,1970.7118
1760112000,894.34,906.14,879.01,886.72,767.0726
1760126400,886.0,892.77,825.01,865.01,3772.9252
1760140800,875.44,875.97,805.0,820.6,4555.4755
1760155200,817.96,823.77,791.51,797.84,3432.1377
1760169600,802.9,822.81,795.01,809.01,1316.603
1760184000,806.0,811.23,800.0,808.15,1885.208
1760198400,807.51,811.66,789.02,789.02,1289.3667
1760212800,789.02,789.02,760.0,785.01,2012.1591
1760227200,785.0,787.01,757.11,781.03,1874.5466
1760241600,781.02,808.01,781.0,808.0,1013.8055
1760256000,808.01,808.02,788.9,789.78,845.0665
1760270400,789.48,832.09,778.02,830.87,2276.0512
1760284800,830.87,845.0,824.73,839.0,1514.4359
1760299200,841.47,850.3,837.01,847.41,1340.3286
1760313600,844.84,858.08,837.0,837.99,2812.0479
1760328000,838.0,848.99,827.02,840.66,1406.4122
1760342400,839.2,848.0,820.0,823.36,1658.8666
1760356800,823.71,842.98,821.0,842.13,1240.8829
1760371200,839.91,886.0,839.91,877.54,1441.8879
1760385600,881.74,886.51,880.5,885.0,1122.9722
1760400000,885.0,896.0,875.14,877.0,1729.2924
1760414400,876.54,876.54,820.0,825.05,3514.2488
1760428800,825.81,837.99,816.02,832.3,1879.5109
1760443200,830.51,859.99,820.0,859.98,2057.5538
1760457600,859.99,875.99,844.2,844.2,769.4426
1760472000,848.31,863.95,845.43,862.0,277.5339
1760486400,862.01,872.98,855.57,856.16,546.5887
1760500800,856.16,868.99,855.0,867.49,930.5123
1760515200,867.51,883.44,860.04,861.34,1385.1219
1760529600,862.78,870.73,838.03,840.0,1043.1457
1760544000,839.75,846.31,830.0,830.0,386.9703
1760558400,831.01,834.89,821.01,828.88,360.2431
1760572800,828.01,832.99,825.01,825.13,610.2023
1760587200,825.13,829.99,817.52,820.85,1478.89
1760601600,821.38,837.0,801.03,837.0,1407.4911
1760616000,837.98,841.99,803.04,803.04,629.3223
1760630400,803.03,820.99,794.01,796.15,1354.4005
1760644800,796.11,802.7,788.01,789.99,1302.7137
1760659200,789.99,799.97,789.02,794.81,1316.5468
1760673600,794.81,795.99,760.0,760.0,3151.3993
1760688000,760.0,779.52,750.0,777.65,2952.3393
1760702400,777.5,780.99,752.28,779.0,2212.739
1760716800,779.0,788.99,777.03,777.04,493.1188
1760731200,777.03,792.99,777.02,781.02,658.0741
1760745600,781.02,793.74,781.02,790.01,447.6964
1760760000,790.0,804.97,785.54,800.0,636.4322
1760774400,800.01,802.37,793.0,797.94,377.853
1760788800,798.0,800.0,791.95,792.82,552.7654
1760803200,792.82,796.87,788.02,796.71,133.7037
1760817600,796.87,802.98,793.77,802.61,206.9055
1760832000,802.6,802.61,791.22,800.0,172.8632
1760846400,800.0,802.59,794.38,795.89,204.0709
1760860800,796.26,809.98,787.01,807.46,1271.5334
1760875200,807.43,821.01,805.0,818.98,719.5671
1760889600,818.99,822.14,810.0,810.01,1025.5285
1760904000,810.01,819.98,805.02,805.07,140.1204
1760918400,805.99,819.86,793.02,816.95,1204.0662
1760932800,819.83,825.99,815.61,822.17,783.9184
1760947200,824.52,825.97,816.03,820.0,211.179
1760961600,819.99,823.37,815.01,815.02,207.5811
1760976000,815.0,815.0,798.02,806.25,976.6175
1760990400,806.25,813.99,806.21,810.02,98.1166
1761004800,810.0,810.01,790.21,790.21,1078.0443
1761019200,790.18,790.18,780.0,787.71,1292.5563
1761033600,787.51,793.99,783.07,793.84,287.8912
1761048000,793.11,834.99,784.87,833.0,1767.2528
1761062400,833.0,837.0,817.03,822.3,783.6218
1761076800,820.0,820.0,787.6,788.34,1766.5442
1761091200,789.26,795.92,785.0,788.87,697.5076
1761105600,788.5,791.21,781.91,786.35,2596.59
1761120000,785.6,791.16,780.0,787.69,838.2452
1761134400,788.22,793.99,773.93,782.89,713.1832
1761148800,780.86,783.93,760.0,769.11,753.2264
1761163200,765.44,768.0,756.99,766.95,349.3766
1761177600,766.58,778.94,765.06,778.02,460.0235
1761192000,778.01,796.99,778.01,796.18,622.4047
1761206400,796.18,803.0,796.18,797.59,947.6467
1761220800,797.59,813.2,794.01,805.0,1786.8248
1761235200,810.76,817.99,805.99,811.75,1434.1695
1761249600,807.5,811.76,798.85,810.89,209.3481
1761264000,810.88,819.99,810.88,811.85,553.7229
1761278400,811.11,822.98,811.03,811.71,433.7106
1761292800,811.71,817.31,809.03,812.38,361.4181
1761307200,815.0,829.98,801.51,801.52,1035.659
1761321600,801.51,816.99,801.51,816.99,225.36
1761336000,816.99,819.99,816.99,818.98,48.7017
1761350400,818.96,820.0,814.99,819.02,195.3013
1761364800,819.02,822.98,819.02,821.23,145.0321
1761379200,821.13,824.94,810.99,816.35,342.8687
1761393600,815.57,821.15,813.16,813.16,632.2927
1761408000,813.16,821.99,811.83,821.99,88.9184
1761422400,821.99,822.98,819.99,820.01,487.7525
1761436800,818.48,821.46,813.65,816.98,168.3438
1761451200,817.78,822.66,816.51,821.55,365.5841
1761465600,821.54,835.0,820.99,835.0,572.5488
1761480000,835.0,842.98,834.98,842.88,596.5784
1761494400,842.88,842.88,838.49,839.93,313.1739
1761508800,838.76,849.0,833.81,844.5,913.0318
1761523200,844.5,862.34,844.5,861.0,2381.9751
1761537600,860.99,862.96,854.03,854.68,1687.8015
1761552000,854.05,854.06,839.28,845.31,1333.0695
1761566400,845.3,845.62,839.37,844.06,250.392
1761580800,844.08,855.99,844.08,845.51,159.2857
1761595200,845.5,845.5,835.02,839.39,325.7661
1761609600,839.23,849.99,839.21,847.27,276.284
1761624000,847.2,852.99,839.03,852.7,428.4274
1761638400,851.4,856.98,840.0,840.71,452.5284
1761652800,840.71,848.99,827.45,835.01,915.0727
1761667200,836.01,842.73,821.15,821.15,529.1295
1761681600,821.02,821.02,806.03,818.31,409.6535
1761696000,818.49,820.15,814.01,816.79,407.7575
1761710400,816.45,822.99,816.45,822.97,108.2645
1761724800,822.01,837.13,817.7,836.12,922.4738
1761739200,835.58,847.58,825.09,829.34,1640.7213
1761753600,829.22,836.02,802.0,814.0,1009.4648
1761768000,810.96,829.3,810.96,817.82,293.8995
1761782400,817.81,832.79,812.03,829.6,618.9897
1761796800,829.42,829.68,806.03,825.1,870.0225
1761811200,824.6,825.1,808.62,810.66,385.5472
1761825600,810.2,810.2,785.0,785.0,2050.7268
1761840000,785.01,792.98,764.0,764.0,1510.9755
1761854400,764.0,783.98,764.0,783.98,738.2411
1761868800,783.98,790.0,778.02,780.92,1635.2012
1761883200,782.48,789.99,781.77,782.0,636.3502
1761897600,781.75,795.96,780.01,795.96,370.8048
1761912000,795.98,796.99,785.09,791.89,683.8951
1761926400,790.55,795.47,779.0,795.47,481.1237
1761940800,791.79,794.15,788.01,789.36,180.4537
1761955200,789.01,790.0,784.1,789.28,96.2206
1761969600,789.99,789.99,782.41,784.94,109.2199
1761984000,784.91,787.46,783.89,785.75,151.8437
1761998400,786.51,787.93,778.03,785.5,214.8341
1762012800,787.4,789.11,781.52,784.85,83.661
1762027200,788.65,788.65,781.51,786.13,28.7536
1762041600,785.01,785.01,781.01,782.02,116.0423
1762056000,781.72,793.02,781.29,790.4,230.5105
1762070400,791.06,791.06,780.0,784.57,744.908
1762084800,784.56,785.57,775.0,777.31,356.1939
1762099200,776.63,778.39,770.0,774.91,171.2717
1762113600,776.08,791.46,775.85,791.46,45.6009
1762128000,791.62,794.0,750.1,750.11,1637.9497
1762142400,750.11,757.07,738.04,745.01,2577.3074
1762156800,745.0,745.01,736.05,740.51,765.5692
1762171200,740.51,745.99,703.07,708.02,2033.7601
1762185600,708.02,728.22,705.92,710.02,1123.5938
1762200000,710.02,710.83,696.12,703.69,2234.6095
1762214400,703.7,712.21,697.02,710.13,1304.2816
1762228800,710.12,710.86,659.01,662.15,4765.1882
1762243200,662.85,681.99,660.0,681.4,1491.6168
1762257600,681.4,694.99,674.01,680.7,1718.5965
1762272000,682.21,683.88,644.22,653.29,1838.6031
1762286400,652.01,661.99,619.01,661.95,1351.7242
1762300800,660.17,662.98,625.02,662.98,2214.1825
1762315200,660.88,666.99,657.92,659.83,618.7924
1762329600,659.0,662.19,650.0,662.19,683.0779
1762344000,662.18,675.98,660.51,675.98,590.0686
1762358400,675.97,690.95,670.0,686.39,652.1813
1762372800,686.39,688.01,680.51,686.0,576.6231
1762387200,685.99,685.99,673.48,682.44,535.497
1762401600,682.32,682.55,667.03,668.64,641.0493
1762416000,668.64,671.99,665.04,668.06,249.8404
1762430400,668.05,677.98,655.03,655.97,960.6396
1762444800,655.97,667.12,648.0,659.84,1269.3396
1762459200,659.84,663.0,646.92,653.08,493.1853
1762473600,653.08,663.69,648.79,659.01,864.4528
1762488000,659.01,662.95,652.0,660.95,492.8845
1762502400,660.96,662.34,638.51,646.19,907.2581
1762516800,646.44,654.99,632.14,654.0,987.3997
1762531200,654.0,688.99,649.16,688.69,1232.6067
1762545600,688.98,688.99,677.8,677.8,329.4493
1762560000,677.8,690.0,675.03,683.59,578.0934
1762574400,683.6,685.98,672.02,674.87,270.4862
1762588800,674.87,679.92,669.02,669.03,216.9951
1762603200,669.03,669.8,657.02,657.57,343.1537
1762617600,657.94,664.21,656.04,660.96,319.0361
1762632000,661.16,665.23,661.16,664.01,32.7834
1762646400,664.0,664.86,654.02,655.09,418.9084
1762660800,655.56,669.99,655.56,669.99,250.7304
1762675200,669.5,671.52,662.09,667.75,324.562
1762689600,668.06,687.88,667.32,682.57,1142.3372
1762704000,682.89,695.99,678.64,695.99,269.2399
1762718400,695.98,696.99,688.21,689.87,322.4693
1762732800,689.99,704.96,686.29,703.43,1274.8064
1762747200,703.42,705.98,698.0,700.01,645.5693
1762761600,700.0,707.49,696.01,702.77,365.3247
1762776000,702.77,710.0,691.05,691.98,684.333
1762790400,691.48,700.78,691.07,696.77,191.3552
1762804800,698.78,699.88,688.05,697.99,270.7652
1762819200,697.99,712.88,691.5,706.5,1065.1771
1762833600,706.52,706.52,682.1,682.98,661.8277
1762848000,682.11,684.28,678.02,680.0,608.2933
1762862400,680.67,683.05,667.37,669.71,903.7001
1762876800,669.37,669.82,656.0,656.0,612.7706
1762891200,656.0,656.25,640.53,643.16,716.1374
1762905600,642.95,645.64,638.04,642.14,905.346
1762920000,642.14,648.91,642.13,643.02,514.0657
1762934400,643.02,666.7,643.02,663.35,772.9513
1762948800,662.96,667.5,645.12,645.12,769.2046
1762963200,645.45,647.89,630.0,635.82,788.602
1762977600,636.27,641.75,635.16,637.05,199.6133
1762992000,637.19,645.0,627.04,641.3,913.5725
1763006400,640.28,651.07,637.03,643.02,564.7073
1763020800,643.22,647.76,639.5,647.0,384.7482
1763035200,647.03,649.15,632.03,632.46,512.587
1763049600,634.0,634.9,590.16,590.16,3420.6591
1763064000,592.51,606.49,586.68,599.84,1854.2206
1763078400,599.99,603.84,588.83,598.6,1147.531
1763092800,599.27,599.79,580.0,591.83,1716.2968
1763107200,591.87,592.04,581.0,583.1,892.2615
1763121600,583.1,595.01,563.17,590.92,2576.3185
1763136000,590.92,598.44,586.64,595.62,542.5597
1763150400,598.4,598.4,571.88,579.04,1123.9019
1763164800,579.96,597.51,579.96,594.6,736.0364
1763179200,595.01,605.08,589.0,595.16,2003.2658
1763193600,595.16,595.16,582.37,582.91,394.7413
1763208000,582.61,590.82,582.45,590.01,320.424
1763222400,590.01,598.87,587.1,590.0,64.588
1763236800,587.5,587.5,577.0,580.24,370.4364
1763251200,580.23,587.26,573.0,587.14,1013.4295
1763265600,587.84,590.0,585.66,590.0,345.4421
1763280000,590.98,594.97,580.92,581.55,274.5732
1763294400,581.56,584.62,571.3,571.3,508.2968
1763308800,572.4,575.25,561.0,570.63,1083.749
1763323200,569.35,574.18,563.7,571.3,587.928
1763337600,570.4,582.98,566.35,582.0,731.7412
1763352000,582.01,589.46,581.15,588.27,411.5997
1763366400,588.69,591.0,584.07,589.67,935.9295
1763380800,588.63,592.97,570.0,570.0,1029.6687
1763395200,570.01,570.01,541.5,542.33,2664.2735
1763409600,541.29,549.52,539.51,545.97,601.7595
1763424000,545.95,565.99,540.0,563.96,1239.3701
1763438400,563.99,575.97,551.53,573.41,1007.5038
1763452800,574.92,580.0,571.0,576.3,405.7245
1763467200,574.0,590.65,570.85,582.04,1361.4574
1763481600,582.0,590.98,580.0,588.21,150.7204
1763496000,588.53,590.89,582.51,587.19,201.2791
1763510400,586.2,593.95,581.38,581.96,782.5876
1763524800,583.89,586.98,572.92,585.42,734.9315
1763539200,585.07,585.07,576.71,577.17,181.5343
1763553600,576.41,579.85,561.12,561.12,879.768
1763568000,561.4,563.42,546.0,549.5,1312.3218
1763582400,549.11,569.95,547.83,569.95,442.416
1763596800,568.98,600.98,568.51,597.37,891.4845
1763611200,598.04,603.0,593.61,597.98,544.3355
1763625600,598.0,598.0,587.03,591.1,303.527
1763640000,590.9,595.0,578.03,578.03,564.1801
1763654400,578.3,578.3,551.0,561.23,2349.3469
1763668800,560.81,569.91,556.0,558.02,523.2416
1763683200,558.02,562.38,547.02,551.21,1147.6361
1763697600,551.96,551.96,518.88,531.01,1956.791
1763712000,530.06,538.47,516.03,516.79,1595.3645
1763726400,516.81,539.99,508.04,523.19,2176.4286
1763740800,523.2,542.92,517.02,533.69,647.1041
1763755200,533.45,538.71,523.0,536.88,231.4848
1763769600,536.51,541.51,530.0,530.76,720.9428
1763784000,531.37,535.0,523.25,532.78,441.1896
1763798400,532.74,532.74,520.11,529.39,1503.2772
1763812800,529.25,531.52,523.45,528.78,253.2816
1763827200,533.0,535.62,530.0,530.01,103.5498
1763841600,530.9,535.95,526.01,531.91,116.6834
1763856000,532.45,544.99,532.45,541.99,1433.2411
1763870400,542.0,548.95,535.44,538.0,443.8318
1763884800,538.57,545.77,538.19,542.09,489.5332
1763899200,542.1,555.0,542.1,555.0,574.976
1763913600,555.64,556.88,547.51,554.05,329.9338
1763928000,552.98,556.94,545.29,545.75,273.9589
1763942400,545.75,558.52,540.06,554.39,1068.4566
1763956800,553.38,556.0,543.01,543.25,880.5546
1763971200,543.25,543.25,535.43,540.0,515.7339
1763985600,539.98,549.99,536.31,548.0,162.7148
1764000000,550.0,570.25,550.0,568.59,965.2373
1764014400,569.0,578.0,569.0,575.01,408.7422
1764028800,575.01,575.41,568.19,569.17,700.5371
1764043200,569.93,574.61,565.07,565.07,326.8337
1764057600,565.5,567.88,559.64,566.02,784.2888
1764072000,566.48,566.49,554.0,559.0,930.047
1764086400,559.5,572.56,558.38,566.51,245.1699
1764100800,572.03,580.95,566.77,576.49,271.8784
1764115200,576.46,580.88,572.0,572.28,525.166
1764129600,572.27,579.1,572.03,579.1,641.6672
1764144000,579.1,579.11,566.01,568.12,803.6375
1764158400,568.24,569.65,564.02,566.68,571.8103
1764172800,568.24,597.95,567.01,596.55,967.1963
1764187200,595.01,596.3,589.48,591.99,369.7886
1764201600,592.0,595.0,588.81,590.0,1237.7235
1764216000,589.93,596.09,588.52,595.04,498.0076
1764230400,595.0,595.0,587.01,589.19,333.2778
1764244800,589.08,590.96,584.61,589.66,670.5752
1764259200,588.77,592.0,587.41,591.35,175.752
1764273600,592.0,592.0,584.04,584.81,177.3556
1764288000,584.23,585.45,575.29,578.65,697.6597
1764302400,578.57,582.13,576.92,576.92,195.107
1764316800,576.88,589.6,576.88,583.56,746.2631
1764331200,584.58,593.0,582.46,586.01,389.2575
1764345600,586.01,586.01,565.32,571.03,1004.6191
1764360000,570.71,573.26,568.01,570.64,202.2531
1764374400,570.64,572.24,569.0,569.01,846.9218
1764388800,569.25,570.99,567.0,569.01,469.7455
1764403200,569.01,570.04,566.44,569.63,161.7698
1764417600,570.12,570.85,567.01,570.85,181.9827
1764432000,571.0,572.15,561.0,563.13,646.3225
1764446400,562.95,565.94,562.95,564.77,14.853
1764460800,564.47,567.99,563.0,566.5,187.6753
1764475200,566.6,568.22,563.33,566.51,60.3855
1764489600,566.76,568.21,566.0,566.7,243.1698
1764504000,566.56,580.0,566.56,573.5,407.7567
1764518400,573.5,580.0,571.12,571.2,505.4391
1764532800,571.23,571.75,554.27,554.27,358.3502
1764547200,554.99,554.99,524.64,526.02,2531.4935
1764561600,525.9,528.03,522.5,528.03,616.7412
1764576000,527.85,529.65,526.09,527.21,685.0559
1764590400,527.21,528.55,511.12,519.0,1271.924
1764604800,519.01,519.01,511.6,514.13,878.7833
1764619200,516.74,528.44,515.11,526.02,146.6911
1764633600,526.02,531.47,522.84,528.24,470.1229
1764648000,529.79,529.95,525.01,527.54,140.1656
1764662400,527.44,533.0,524.0,532.32,413.4376
1764676800,532.11,576.01,532.11,571.11,1590.6424
1764691200,571.92,581.79,570.0,579.98,930.3756
1764705600,579.97,579.97,573.06,573.95,189.5154
1764720000,573.32,579.83,569.03,579.09,672.8944
1764734400,579.08,593.87,579.08,586.01,519.7476
1764748800,586.04,587.02,581.33,583.54,271.0996
1764763200,583.54,590.58,574.27,581.11,621.2421
1764777600,580.0,584.5,576.67,581.83,86.5197
1764792000,582.07,599.64,581.69,595.88,423.7971
1764806400,595.91,601.92,591.69,594.42,1534.5399
1764820800,593.98,594.82,586.03,588.45,309.017
1764835200,588.28,590.85,585.9,587.48,244.6615
1764849600,587.47,591.99,582.25,589.01,476.3243
1764864000,589.0,590.0,568.03,575.98,287.6878
1764878400,574.17,577.09,571.0,572.27,163.9743
1764892800,573.17,577.48,571.02,571.02,327.884
1764907200,572.23,576.9,568.23,574.27,262.9106
1764921600,574.3,574.3,561.02,565.0,330.8447
1764936000,565.0,565.0,555.12,557.46,467.2374
1764950400,557.46,557.46,541.12,547.68,785.938
1764964800,547.68,550.73,545.52,550.73,106.2342
1764979200,550.89,554.42,549.6,552.86,365.9856
1764993600,552.8,552.8,549.19,549.19,193.9581
1765008000,548.62,550.6,546.31,550.6,202.3636
1765022400,549.55,554.04,547.59,549.22,260.9119
1765036800,551.26,551.75,545.66,545.82,353.0795
1765051200,547.24,547.93,543.58,547.14,230.6662
1765065600,546.61,551.93,546.01,551.87,132.1744
1765080000,551.35,551.87,546.0,546.0,244.2183
1765094400,545.95,547.51,544.51,547.39,148.3335
1765108800,547.44,549.86,529.0,543.18,597.1077
1765123200,544.67,560.95,540.02,559.7,926.0171
1765137600,560.07,561.9,538.0,542.14,169.0866
1765152000,545.64,554.9,543.16,552.8,321.9774
1765166400,553.98,560.0,553.06,558.5,380.7594
1765180800,559.99,572.79,559.67,570.0,467.9258
1765195200,569.98,572.79,558.0,558.51,411.5299
1765209600,557.81,560.85,549.02,550.91,122.4712
1765224000,552.65,554.51,546.02,548.48,130.9349
1765238400,548.27,553.17,546.29,553.17,159.857
1765252800,553.51,553.51,545.17,549.71,245.3151
1765267200,549.7,549.99,545.02,547.18,174.2237
1765281600,547.07,568.75,543.18,568.58,726.32
1765296000,568.79,592.59,568.79,581.71,1956.4168
1765310400,581.29,581.29,560.01,564.2,757.7798
1765324800,565.68,568.77,562.8,568.77,243.8665
1765339200,568.01,574.96,567.51,571.79,133.0281
1765353600,571.81,573.1,562.03,563.7,162.8819
1765368000,564.43,568.02,560.04,560.33,846.5715
1765382400,560.04,573.52,560.0,569.87,487.8263
1765396800,569.41,584.07,558.65,560.8,366.2231
1765411200,560.69,560.7,532.06,532.77,874.2156
1765425600,532.77,541.63,532.76,540.1,261.3442
1765440000,540.01,541.23,537.84,540.1,151.0076
1765454400,540.02,543.85,536.0,539.56,647.8099
1765468800,539.65,557.0,537.49,551.9,565.0972
1765483200,555.67,566.14,552.77,561.49,315.5065
1765497600,560.75,566.0,557.29,563.16,356.3015
1765512000,563.02,572.95,562.8,569.54,504.8681
1765526400,569.3,569.3,563.51,568.55,177.1342
1765540800,568.77,571.99,548.0,548.01,1299.2279
1765555200,548.01,549.83,537.76,538.5,1394.2919
1765569600,539.75,547.35,539.75,545.02,89.6125
1765584000,546.35,547.63,545.2,547.35,179.5423
1765598400,547.31,547.88,545.55,547.48,387.9952
1765612800,548.45,552.51,548.45,549.62,374.0981
1765627200,550.54,550.91,545.77,549.01,446.3824
1765641600,549.95,549.97,544.22,546.64,124.4401
1765656000,546.93,548.34,543.85,548.34,48.5681
1765670400,548.0,549.44,546.81,547.42,97.2138
1765684800,547.03,548.68,544.99,548.68,188.1385
1765699200,548.99,548.99,536.42,540.99,790.2188
1765713600,540.9,542.6,537.01,538.16,396.5977
1765728000,538.15,540.32,534.0,536.58,300.0929
1765742400,536.92,537.67,529.44,533.0,600.2998
1765756800,534.14,546.52,532.54,538.54,204.3676
1765771200,538.7,542.88,538.01,542.51,239.0419
1765785600,542.68,544.99,542.51,543.0,223.32
1765800000,543.0,555.29,522.0,522.01,974.6416
1765814400,522.54,523.09,510.28,515.03,882.0335
1765828800,513.02,526.35,513.0,526.23,264.4266
1765843200,526.11,526.84,515.0,518.0,679.1448
1765857600,518.0,523.12,513.52,516.5,685.9415
1765872000,516.08,528.78,516.08,528.13,479.0712
1765886400,527.76,532.13,518.25,532.13,1112.6753
1765900800,531.64,531.64,521.1,521.46,214.8903
1765915200,523.81,531.27,523.81,531.26,71.6795
1765929600,528.02,530.36,526.23,526.24,171.3128
1765944000,525.51,525.87,521.06,525.65,525.1496
1765958400,525.01,525.01,517.01,523.0,345.4034
1765972800,523.16,548.0,518.99,518.99,1918.2
1765987200,520.99,524.62,499.22,501.75,2086.2964
1766001600,502.87,507.49,502.0,505.43,524.8764
1766016000,506.24,509.23,505.43,508.27,358.0537
1766030400,508.06,508.96,503.0,503.78,506.3308
1766044800,503.01,509.06,503.01,508.47,705.8324
1766059200,509.46,528.79,508.8,522.46,1535.6457
1766073600,522.14,522.51,483.0,483.48,1367.5236
1766088000,487.21,492.35,481.0,490.91,746.3295
1766102400,490.91,501.1,483.0,496.36,1480.2743
1766116800,497.29,511.85,496.87,508.05,403.1342
1766131200,508.45,512.7,507.91,512.02,311.8474
1766145600,512.07,519.96,509.53,510.85,630.0624
1766160000,512.26,515.21,504.26,514.8,446.2777
1766174400,514.51,520.0,513.91,514.3,233.609
1766188800,514.3,514.97,511.33,514.04,196.5871
1766203200,514.0,516.56,513.01,514.96,216.1255
1766217600,514.73,517.28,513.73,516.25,235.5511
1766232000,516.1,516.1,511.47,516.0,213.1736
1766246400,516.0,516.0,513.37,514.38,529.5768
1766260800,514.01,515.42,513.0,513.14,33.7355
1766275200,513.14,514.35,509.03,511.2,103.9334
1766289600,510.92,511.98,510.78,511.04,65.2628
1766304000,511.03,515.49,511.0,512.01,276.3245
1766318400,512.09,514.41,502.0,509.69,655.2094
1766332800,510.4,514.0,507.15,511.94,208.0299
1766347200,512.13,514.73,509.41,513.63,27.6228
1766361600,513.65,522.09,508.47,514.35,336.5381
1766376000,513.68,516.65,513.5,514.53,252.7532
1766390400,514.52,519.25,512.01,518.63,289.5653
1766404800,518.63,523.0,515.5,521.8,547.7872
1766419200,522.44,522.44,510.02,510.02,328.0769
1766433600,510.02,514.06,509.41,513.41,298.3055
1766448000,514.59,517.15,510.62,512.7,255.8614
1766462400,512.19,513.66,506.13,507.11,287.2643
1766476800,507.1,510.27,506.2,509.48,166.8211
1766491200,509.28,509.28,500.0,503.0,545.4416
1766505600,502.8,508.27,502.01,505.55,140.3052
1766520000,504.11,511.22,504.03,505.11,212.1752
1766534400,505.2,506.12,496.61,499.32,936.9117
1766548800,499.19,499.94,491.91,493.58,517.715
1766563200,493.4,496.13,492.62,495.97,111.3978
1766577600,495.52,498.76,491.77,497.38,290.9929
1766592000,497.54,500.63,494.38,497.53,264.4859
1766606400,498.41,499.97,497.44,497.44,63.6312
1766620800,497.01,498.73,496.0,497.69,86.4892
1766635200,497.69,497.86,496.0,496.37,59.5855
1766649600,496.18,497.48,493.77,494.23,336.5691
1766664000,494.14,502.64,494.02,501.38,350.5017
1766678400,502.14,504.21,498.15,500.92,46.8265
1766692800,500.75,500.75,487.5,487.74,581.7799
1766707200,487.74,502.06,485.0,495.86,1248.0792
1766721600,495.85,500.01,493.03,496.2,251.4519
1766736000,497.18,500.09,494.0,500.0,281.9018
1766750400,500.0,504.65,489.03,491.21,929.7202
1766764800,493.45,495.78,493.43,494.76,185.3012
1766779200,494.76,496.64,494.76,496.26,22.7456
1766793600,496.26,501.15,495.61,501.15,337.2724
1766808000,500.75,501.14,498.86,500.44,53.326
1766822400,500.43,500.63,498.02,499.42,147.2923
1766836800,499.72,501.15,499.25,501.01,227.965
1766851200,501.01,501.12,499.28,500.99,137.6425
1766865600,500.99,505.49,500.99,505.49,445.7924
1766880000,505.28,505.28,503.01,503.27,95.6291
1766894400,503.27,503.76,501.86,503.42,294.1412
1766908800,503.9,505.0,503.75,504.89,96.3773
1766923200,504.58,506.07,504.01,505.0,143.562
1766937600,505.01,505.01,500.63,500.63,121.8892
1766952000,500.22,507.99,500.22,507.53,108.0473
1766966400,507.01,524.09,507.01,520.04,1049.0109
1766980800,521.1,522.78,515.41,517.67,312.5094
1766995200,517.48,518.71,507.55,507.57,152.8732
1767009600,507.53,507.73,499.15,502.0,940.7303
1767024000,501.45,502.99,499.01,500.28,55.0282
1767038400,501.73,502.3,500.21,502.09,25.4817
1767052800,502.09,502.09,499.0,501.43,468.3842
1767067200,501.43,502.99,499.54,501.87,493.5197
1767081600,503.0,504.99,501.96,501.96,97.4477
1767096000,501.99,505.0,499.59,505.0,154.0996
1767110400,505.0,510.34,501.0,501.99,69.5343
1767124800,502.45,504.09,499.53,504.09,36.2635
1767139200,504.08,508.0,503.0,507.7,109.5954
1767153600,507.96,508.77,506.48,508.71,134.7728
1767168000,508.71,512.15,506.9,512.15,323.2042
1767182400,512.14,514.68,508.0,509.95,404.8316
1767196800,509.0,509.13,505.24,506.0,129.254
1767211200,505.06,507.99,502.47,507.02,329.7338
1767225600,507.01,510.87,507.01,510.21,210.9604
1767240000,510.21,510.21,507.0,507.0,221.25
1767254400,507.0,510.16,506.34,509.53,150.1073
1767268800,510.0,510.18,507.1,509.27,96.1894
1767283200,509.02,511.0,507.51,511.0,99.9844
1767297600,511.0,517.14,510.22,516.15,120.9107
1767312000,516.14,518.15,511.99,517.17,296.2188
1767326400,517.87,517.88,514.55,514.99,187.0016
1767340800,514.98,524.0,514.98,518.92,400.7449
1767355200,518.53,523.82,514.73,522.01,334.9319
1767369600,522.0,533.19,522.0,532.03,805.526
1767384000,532.03,537.15,530.43,534.15,205.4648
1767398400,534.15,538.15,534.15,537.86,477.5235
1767412800,537.65,537.65,525.26,526.96,556.2693
1767427200,526.95,532.0,526.95,528.92,212.966
1767441600,528.76,533.58,528.01,532.33,188.718
1767456000,532.4,533.79,532.4,533.0,41.0738
1767470400,533.0,539.88,532.98,539.0,1427.3702
1767484800,539.88,543.99,539.88,543.92,233.6966
1767499200,543.74,545.0,541.32,542.09,382.6178
1767513600,542.09,545.1,540.43,544.5,245.9673
1767528000,544.51,547.14,542.23,544.82,317.2157
1767542400,544.83,547.15,540.0,540.0,179.8681
1767556800,540.07,544.0,540.07,541.57,149.1895
1767571200,541.57,560.52,541.0,556.25,2063.0651
1767585600,556.03,556.34,550.0,550.71,625.5779
1767600000,550.71,552.91,549.05,551.88,577.8303
1767614400,551.58,554.19,543.07,553.4,898.0478
1767628800,554.02,560.99,548.0,560.99,591.3359
1767643200,560.99,563.5,558.63,560.0,767.1189
1767657600,559.13,565.0,554.48,559.17,1071.6383
1767672000,559.16,565.0,556.05,556.06,1332.4125
1767686400,556.32,563.97,556.32,563.97,230.3744
1767700800,563.5,578.95,561.54,572.33,1080.8417
1767715200,573.4,573.5,553.07,557.08,809.3693
1767729600,557.26,573.2,557.26,570.15,254.2416
1767744000,570.15,571.15,561.84,563.97,933.7657
1767758400,564.0,564.89,561.0,564.19,219.5041
1767772800,565.63,565.94,554.19,559.6,275.2582
1767787200,559.64,560.8,550.0,551.41,548.8503
1767801600,551.9,553.0,546.54,552.1,320.6636
1767816000,552.06,555.47,549.01,554.13,99.4069
1767830400,554.13,560.75,552.1,555.68,500.3103
1767844800,555.54,560.99,546.0,552.13,849.1419
1767859200,552.15,552.82,546.01,548.45,709.8565
1767873600,547.74,555.0,541.06,555.0,1295.6236
1767888000,555.15,564.12,555.15,561.1,685.8124
1767902400,555.94,568.0,555.93,561.61,257.9735
1767916800,561.74,572.0,560.09,571.67,616.4764
1767931200,571.52,572.0,566.39,568.09,723.3798
1767945600,566.33,566.34,558.82,562.76,804.3433
1767960000,563.82,571.99,555.77,562.61,929.7916
1767974400,564.59,568.97,553.05,553.11,357.1651
1767988800,552.5,554.85,551.05,553.7,51.6598
1768003200,553.45,556.0,552.71,554.95,231.9504
1768017600,554.66,555.1,554.0,554.49,98.0119
1768032000,554.63,558.13,554.13,557.01,198.1596
1768046400,557.77,558.02,556.01,556.92,56.3328
1768060800,557.18,557.9,555.69,555.81,54.8981
1768075200,555.48,555.69,554.0,555.69,92.3071
1768089600,555.01,557.39,555.01,556.46,24.8363
1768104000,556.46,556.7,555.58,555.85,93.0444
1768118400,555.85,558.15,555.85,558.14,173.9874
1768132800,558.14,568.15,558.14,564.92,266.4129
1768147200,565.02,576.99,565.02,570.03,524.6436
1768161600,566.62,569.99,562.48,569.99,285.9357
1768176000,569.98,585.0,568.08,580.02,1664.5635
1768190400,580.07,581.5,575.05,575.05,242.5182
1768204800,575.01,577.07,566.22,569.9,598.1314
1768219200,569.81,580.69,566.06,579.67,680.906
1768233600,580.7,585.15,573.05,573.6,440.9368
1768248000,573.05,573.05,564.0,565.36,413.7291
1768262400,565.21,566.84,561.05,563.0,437.2285
1768276800,562.99,570.15,562.57,568.61,360.0392
1768291200,568.53,579.15,568.41,576.56,170.7624
1768305600,576.04,582.13,574.13,581.59,901.708
1768320000,581.63,583.33,577.24,582.75,354.1024
1768334400,582.74,596.99,578.95,586.85,1157.9109
1768348800,586.53,590.58,583.34,588.99,613.9313
1768363200,589.0,589.13,581.05,583.0,499.2519
1768377600,583.0,586.81,581.06,581.06,268.3455
1768392000,581.05,595.85,580.25,593.73,625.1556
1768406400,594.71,598.0,588.0,591.69,429.5333
1768420800,592.13,594.96,589.01,592.0,127.4703
1768435200,590.64,590.64,579.24,579.34,1145.0834
1768449600,579.35,587.0,579.35,586.15,376.7919
1768464000,587.0,589.99,584.0,586.26,433.2045
1768478400,585.79,589.21,574.13,579.87,1718.9654
1768492800,580.14,582.15,571.22,571.22,768.8951
1768507200,573.58,577.15,570.0,577.14,351.5034
1768521600,577.14,578.39,575.26,576.88,185.6465
1768536000,576.87,581.42,574.22,579.07,1162.8653
1768550400,580.15,580.99,579.35,579.99,84.66
1768564800,580.0,583.09,571.0,571.55,232.836
1768579200,574.02,584.69,574.02,584.69,214.094
1768593600,583.41,588.98,582.92,587.7,122.0055
1768608000,586.51,587.06,585.38,585.93,72.9559
1768622400,586.07,586.08,584.15,584.16,78.7552
1768636800,583.44,586.34,582.77,584.71,278.0328
1768651200,583.95,584.95,582.94,584.95,213.5296
1768665600,584.87,585.1,583.79,584.75,114.8726
1768680000,585.13,585.63,583.19,583.2,17.8962
1768694400,583.2,583.2,577.09,578.63,160.543
1768708800,578.99,579.27,577.05,577.05,43.0573
1768723200,577.05,578.6,576.02,577.18,137.4619
1768737600,577.29,578.72,575.33,576.39,115.251
1768752000,576.22,580.32,576.22,577.57,161.1108
1768766400,577.47,579.95,561.0,561.01,2195.9778
1768780800,561.01,561.01,544.06,545.0,2916.8979
1768795200,544.9,544.9,541.0,542.92,451.6873
1768809600,542.92,544.91,542.46,544.19,262.9538
1768824000,544.11,544.34,541.03,542.1,148.8383
1768838400,542.11,545.48,541.82,545.02,53.9124
1768852800,546.71,546.71,539.37,540.6,285.8574
1768867200,540.57,544.53,540.0,544.52,222.2464
1768881600,543.21,543.21,530.34,530.34,613.8306
1768896000,530.05,530.05,521.05,522.03,704.3984
1768910400,522.06,524.44,517.23,518.78,550.8827
1768924800,519.29,520.87,514.08,516.91,409.4883
1768939200,516.92,519.77,508.0,511.79,499.8021
1768953600,512.72,519.88,511.99,519.51,439.8923
1768968000,519.5,523.02,519.45,520.07,348.0136
1768982400,520.07,520.07,516.41,516.41,214.8789
1768996800,516.27,530.0,513.66,528.34,404.0964
1769011200,528.09,532.48,509.02,531.96,431.2981
1769025600,532.91,533.15,524.99,524.99,229.5321
1769040000,525.3,528.33,525.09,525.53,218.412
1769054400,525.9,527.7,525.85,526.23,166.155
1769068800,526.41,526.6,524.07,526.6,108.6124
1769083200,526.13,528.0,514.05,515.01,390.8997
1769097600,516.46,522.51,514.04,522.51,111.1753
1769112000,524.11,524.11,519.26,520.2,132.8429
1769126400,520.21,520.21,512.91,518.46,799.6223
1769140800,518.45,519.62,511.28,512.96,256.7768
1769155200,512.96,513.15,510.07,512.51,691.5764
1769169600,511.93,514.04,505.0,514.03,818.4789
1769184000,514.03,522.15,512.88,514.23,1012.0346
1769198400,513.31,513.31,510.0,511.28,37.261
1769212800,511.36,514.48,511.15,513.65,37.9456
1769227200,513.63,514.45,512.01,512.01,200.2959
1769241600,512.01,512.46,511.51,512.01,428.36
1769256000,512.07,512.4,509.05,509.05,172.1255
1769270400,509.05,510.91,508.6,510.91,12.1943
1769284800,509.82,511.13,509.77,509.78,24.4529
1769299200,509.95,510.49,507.08,507.61,386.7313
1769313600,508.95,510.0,507.15,508.52,267.061
1769328000,508.55,511.0,507.14,509.5,470.2342
1769342400,509.47,511.09,505.63,505.63,176.5199
1769356800,505.63,505.63,474.9,474.91,3165.681
1769371200,475.42,480.41,474.0,478.79,1017.8579
1769385600,478.2,490.29,475.36,483.07,825.7729
1769400000,484.84,491.91,484.43,488.64,455.6546
1769414400,488.47,490.49,484.75,487.01,903.4058
1769428800,488.96,496.27,486.32,490.51,1414.9122
1769443200,491.05,497.48,490.0,494.05,79.5526
1769457600,493.01,495.04,490.49,494.1,320.3886
1769472000,493.97,496.47,492.06,494.16,313.7737
1769486400,494.02,495.61,492.63,493.63,183.2798
1769500800,493.82,494.59,491.06,493.19,390.4571
1769515200,493.43,494.0,489.66,494.0,1007.6846
1769529600,494.39,501.1,489.99,499.11,141.2939
1769544000,499.47,505.07,499.47,503.58,465.8327
1769558400,503.06,503.06,498.06,498.07,356.3943
1769572800,498.07,500.04,497.05,497.97,169.0289
1769587200,498.0,502.98,495.07,502.97,395.5753
1769601600,502.01,502.77,493.78,495.03,599.805
1769616000,494.02,497.17,493.05,494.0,101.7969
1769630400,494.76,494.76,491.45,491.71,124.2984
1769644800,491.73,491.73,482.17,484.4,476.8067
1769659200,483.96,486.0,482.53,486.0,239.5814
1769673600,485.99,485.99,482.67,482.88,216.5639
1769688000,483.25,484.0,460.0,464.46,1245.2536
1769702400,464.45,473.86,458.0,463.42,517.1767
1769716800,463.08,467.48,461.61,467.48,267.3409
1769731200,468.17,468.53,447.22,452.8,2586.5402
1769745600,452.61,458.99,448.01,457.21,1399.781
1769760000,456.65,462.8,453.42,461.63,773.0123
1769774400,462.18,463.22,453.63,461.35,530.7858
1769788800,461.35,471.44,455.0,469.69,1146.9344
1769803200,467.6,467.63,462.71,467.62,329.3829
1769817600,467.62,472.47,467.62,472.47,556.3623
1769832000,472.48,473.99,468.42,468.45,593.7887
1769846400,469.55,469.55,458.0,463.78,350.092
1769860800,463.77,463.9,430.0,433.91,2066.7817
1769875200,435.39,437.63,391.0,408.0,3127.0823
1769889600,408.03,426.94,402.07,423.8,934.6954
1769904000,424.42,427.24,417.9,421.11,1578.1325
1769918400,421.67,424.81,417.09,422.65,693.7123
1769932800,421.53,424.18,416.01,420.5,460.7217
1769947200,420.51,425.0,401.01,407.66,692.2812
1769961600,406.63,417.36,405.0,408.32,627.098
1769976000,407.07,410.9,395.99,404.82,3501.4834
1769990400,404.07,411.85,384.46,399.0,2057.0141
1770004800,400.17,408.8,390.0,406.19,2271.2109
1770019200,406.3,413.99,405.96,412.11,553.1352
1770033600,412.05,423.52,411.0,418.33,1259.0045
1770048000,418.77,422.14,415.06,415.08,684.3224
1770062400,416.31,421.05,414.08,419.0,191.9422
1770076800,419.0,419.01,407.05,414.0,745.461
1770091200,413.28,416.91,408.66,413.03,372.1862
1770105600,413.01,413.75,405.51,407.31,367.0319
1770120000,407.3,409.11,398.0,405.33,2028.4405
1770134400,404.3,404.3,383.38,392.73,1186.9842
1770148800,392.68,402.62,384.78,385.89,697.7962
1770163200,386.14,392.34,384.07,390.04,791.3735
1770177600,390.01,390.43,381.01,385.44,506.112
1770192000,385.23,385.23,373.71,379.1,1107.269
1770206400,379.67,380.52,361.8,365.32,2760.7741
1770220800,366.39,375.13,357.0,374.17,1135.045
1770235200,373.44,373.44,355.16,365.22,656.2352
1770249600,365.22,366.35,357.22,360.01,1419.4077
1770264000,360.03,362.88,355.29,358.84,865.06
1770278400,358.86,368.58,352.0,355.0,2586.2469
1770292800,357.62,360.01,331.33,335.33,5288.7218
1770307200,335.0,341.0,323.23,324.0,2899.8214
1770321600,324.0,325.98,310.73,315.01,3010.4708
1770336000,314.0,321.0,271.96,305.87,4609.2908
1770350400,305.31,325.81,304.0,317.28,1815.6843
1770364800,316.68,325.52,312.21,322.71,657.901
1770379200,322.7,339.99,321.55,339.2,2013.0079
1770393600,339.2,354.45,336.0,346.33,1294.7773
1770408000,346.54,356.3,345.22,347.87,966.8972
1770422400,347.81,351.68,342.42,350.75,695.9369
1770436800,350.7,354.93,337.59,341.92,3286.8469
1770451200,340.03,341.78,336.17,337.48,567.9838
1770465600,338.75,344.44,338.65,342.84,668.8894
1770480000,344.15,353.67,343.37,350.54,526.7746
1770494400,350.03,353.86,345.78,348.14,256.4578
1770508800,347.89,350.21,345.0,345.0,547.1151
1770523200,345.01,347.33,344.18,345.72,195.5838
1770537600,346.88,352.7,344.0,349.84,392.6371
1770552000,349.86,351.85,347.63,348.47,1268.367
1770566400,347.78,351.17,341.0,351.17,143.5227
1770580800,349.75,352.0,341.82,344.68,414.4144
1770595200,345.15,346.68,339.07,345.33,711.9724
1770609600,344.88,345.15,337.01,337.69,356.9589
1770624000,337.16,337.8,327.46,329.13,873.448
1770638400,330.57,338.07,329.56,336.36,1189.0089
1770652800,336.33,348.02,335.34,345.78,373.9092
1770667200,345.0,345.48,341.61,342.05,756.315
1770681600,341.87,344.04,336.55,338.15,398.507
1770696000,338.29,341.33,333.33,333.52,458.8775
1770710400,334.13,335.16,330.71,330.71,383.035
1770724800,331.05,334.51,328.88,332.16,591.3157
1770739200,331.68,334.33,325.11,327.65,147.2493
1770753600,327.35,327.35,323.06,326.82,149.1723
1770768000,326.5,331.83,325.51,328.46,553.5529
1770782400,328.48,328.48,317.8,320.07,684.7307
1770796800,320.01,320.03,315.99,319.5,1721.6982
1770811200,319.34,326.14,309.55,313.68,803.4939
1770825600,313.75,317.27,308.71,314.09,317.222
1770840000,314.1,318.39,311.57,312.22,564.7868
1770854400,312.2,316.74,312.2,315.55,1119.9252
1770868800,315.71,317.12,312.23,316.6,325.3333
1770883200,316.61,322.01,315.8,321.25,1427.4741
1770897600,321.26,321.54,314.51,314.51,1046.3097
1770912000,314.51,314.51,302.2,304.05,1834.9316
1770926400,303.81,307.54,301.0,307.54,370.683
1770940800,307.18,311.01,304.15,310.0,493.4021
1770955200,310.01,310.13,305.45,308.27,626.9747
1770969600,310.13,314.5,310.13,312.46,73.262
1770984000,313.8,328.7,312.24,324.51,707.1466
1770998400,325.29,334.01,325.25,330.69,506.3854
1771012800,330.93,332.13,329.15,329.67,93.4209
1771027200,329.47,333.0,329.47,332.56,294.7133
1771041600,332.74,333.0,330.24,332.82,124.8186
1771056000,333.0,341.19,333.0,340.01,1461.1446
1771070400,341.43,342.49,337.42,341.9,237.8873
1771084800,341.79,345.62,341.28,345.09,229.1692
1771099200,345.66,347.02,342.37,345.01,219.3909
1771113600,345.0,347.0,343.0,347.0,396.9293
1771128000,347.47,355.0,346.75,354.84,482.3454
1771142400,354.99,356.1,348.53,348.79,617.4472
1771156800,348.28,349.27,339.05,340.73,3105.4174
1771171200,341.58,343.13,334.31,334.4,502.0367
1771185600,334.05,338.71,333.13,336.58,551.8175
1771200000,336.88,338.2,332.22,332.62,209.4423
1771214400,332.84,335.24,331.1,332.65,1104.6483
1771228800,333.15,336.76,332.35,335.23,287.2803
1771243200,335.0,339.94,324.0,325.76,2455.7952
1771257600,326.17,333.26,326.17,332.44,333.6645
1771272000,331.87,338.63,331.87,338.63,392.6148
1771286400,338.38,343.0,336.01,339.03,421.7049
1771300800,339.0,339.45,335.99,339.1,761.5559
1771315200,339.04,339.23,332.95,333.6,690.4429
1771329600,334.42,334.67,325.61,327.51,512.8499
1771344000,328.49,335.01,326.29,332.13,238.1858
1771358400,332.95,334.3,332.62,333.22,183.4073
1771372800,334.25,334.44,329.5,334.44,127.8454
1771387200,334.7,335.09,332.7,334.65,322.7771
1771401600,334.59,336.1,325.58,325.58,2167.5485
1771416000,325.59,329.99,322.22,326.4,848.8088
1771430400,326.35,326.35,318.06,318.79,778.8935
1771444800,318.68,321.68,318.3,321.65,207.8395
1771459200,321.43,322.89,320.8,321.74,775.5896
1771473600,321.86,324.41,320.88,323.14,718.7175
1771488000,323.49,323.49,319.0,319.02,540.3227
1771502400,319.17,319.76,315.0,317.17,942.0201
1771516800,316.91,322.0,315.05,321.93,124.2887
1771531200,322.84,323.8,321.52,323.5,105.9552
1771545600,323.71,327.47,323.32,326.03,443.482
1771560000,325.8,328.3,324.0,327.79,1008.9926
1771574400,327.21,332.0,326.96,327.51,1168.9589
1771588800,328.0,332.01,320.18,331.28,697.0444
1771603200,331.37,334.9,326.0,332.61,545.2017
1771617600,332.92,332.92,330.73,331.21,71.4966
1771632000,332.34,333.0,330.42,330.59,190.9233
1771646400,330.86,332.0,329.09,329.7,1212.8212
1771660800,330.13,335.01,330.13,334.73,304.0518
1771675200,334.46,339.44,333.37,339.44,668.1278
1771689600,338.85,339.01,336.48,337.7,135.957
1771704000,336.92,336.99,333.59,333.6,131.4062
1771718400,333.67,335.04,332.54,333.67,324.0878
1771732800,333.67,335.59,333.08,335.13,462.4579
1771747200,334.28,334.83,333.25,334.82,327.8733
1771761600,334.39,334.39,326.05,327.76,822.5693
1771776000,327.35,327.47,325.06,326.39,115.5101
1771790400,326.22,327.76,323.83,323.83,308.8648
1771804800,323.7,324.42,304.07,305.11,5210.0351
1771819200,305.1,311.46,303.09,310.54,1142.3147
1771833600,310.0,314.5,307.41,312.55,669.0364
1771848000,312.31,316.29,310.0,310.3,571.8805
1771862400,310.0,311.36,302.23,305.34,569.8689
1771876800,306.04,308.65,304.0,304.02,279.8254
1771891200,305.14,307.09,297.22,301.27,3690.0776
1771905600,301.28,303.34,299.0,300.72,994.8639
1771920000,300.12,302.0,298.0,299.66,673.3433
1771934400,299.91,302.54,296.9,302.22,844.0146
1771948800,302.22,306.85,302.22,305.93,500.9433
1771963200,306.92,310.88,305.94,309.16,531.9093
1771977600,308.92,323.01,308.15,318.68,1077.1132
1771992000,318.68,321.37,315.84,319.9,953.4758
1772006400,320.54,325.01,319.53,325.01,508.3445
1772020800,325.55,337.01,324.43,335.66,1653.5134
1772035200,335.22,348.0,335.22,347.92,1150.0057
1772049600,347.64,356.31,338.33,341.83,2046.2768
1772064000,341.82,346.31,340.66,341.59,1079.1419
1772078400,341.89,345.07,340.0,340.26,896.4098
1772092800,340.79,345.2,338.56,338.9,904.4682
1772107200,338.64,343.13,334.0,337.7,375.7584
1772121600,337.7,338.04,330.0,336.97,433.6804
1772136000,336.94,336.94,335.02,335.47,266.4114
1772150400,335.16,342.0,332.59,342.0,2889.1251
1772164800,341.82,343.85,339.3,341.01,758.6649
1772179200,341.7,342.66,327.02,327.28,681.3703
1772193600,327.24,327.6,321.29,324.1,795.3576
1772208000,323.58,323.58,318.58,319.2,776.6358
1772222400,319.19,321.47,315.46,320.98,618.4969
1772236800,320.84,322.63,320.11,321.22,439.4957
1772251200,321.37,321.75,304.08,310.02,1921.5233
1772265600,310.01,312.0,304.72,308.98,2630.1978
1772280000,309.31,319.0,309.01,317.32,1186.2005
1772294400,317.32,324.0,316.14,321.6,668.101
1772308800,321.35,334.01,321.35,330.19,1011.7297
1772323200,330.29,346.36,330.29,344.05,1534.49
1772337600,343.5,344.49,336.47,337.74,752.4765
1772352000,337.64,338.11,330.79,331.3,592.9715
1772366400,331.93,337.85,329.87,335.0,858.3886
1772380800,335.55,335.55,325.0,325.0,507.051
1772395200,324.45,326.81,319.06,325.96,513.0095
1772409600,325.85,336.25,325.85,331.62,791.953
1772424000,331.63,331.74,324.05,326.02,992.9197
1772438400,326.0,331.22,324.09,330.01,325.3637
1772452800,330.06,348.0,326.78,347.0,2344.2075
1772467200,348.0,352.64,340.0,343.37,2055.4332
1772481600,344.03,345.41,338.8,339.97,511.9619
1772496000,339.98,341.52,335.06,340.04,766.648
1772510400,338.44,340.0,336.12,337.0,560.3422
1772524800,336.7,337.0,331.56,333.07,800.3252
1772539200,333.86,337.48,327.22,335.57,2748.1895
1772553600,336.66,344.49,333.59,337.72,571.9038
1772568000,336.12,344.9,333.18,344.54,1282.4879
1772582400,343.05,346.99,338.0,338.31,893.4396
1772596800,338.82,344.91,335.82,344.9,498.6062
1772611200,344.91,360.0,344.08,353.98,3596.5337
1772625600,353.98,365.98,350.46,365.98,1599.0309
1772640000,365.98,368.99,357.0,367.0,778.6975
1772654400,366.89,368.58,355.39,358.0,416.6778
1772668800,357.66,359.03,352.77,353.75,1079.4855
1772683200,354.06,359.39,353.96,354.0,637.9462
1772697600,355.09,365.99,354.51,362.29,436.2426
1772712000,362.27,363.58,350.98,351.73,2029.1339
1772726400,353.4,356.49,347.55,350.19,1154.8012
1772740800,349.55,353.39,349.17,349.17,258.9142
1772755200,350.11,354.1,348.0,349.8,1028.0892
1772769600,349.82,351.2,347.23,351.1,457.3532
1772784000,351.06,351.06,345.04,345.04,546.0779
1772798400,345.01,345.01,333.13,334.5,1845.7919
1772812800,335.11,339.57,332.23,337.77,487.4576
1772827200,338.14,338.14,335.41,336.03,111.2356
1772841600,336.0,336.92,334.8,335.0,1041.6707
1772856000,334.6,335.08,333.01,334.57,980.4041
1772870400,334.51,336.71,334.5,336.22,657.3927
1772884800,336.12,336.24,332.0,332.71,890.391
1772899200,332.62,333.86,327.32,327.68,465.1676
1772913600,328.12,330.78,328.12,330.6,1219.3241
1772928000,331.7,331.7,327.49,328.27,669.5208
1772942400,328.01,331.31,326.78,330.9,650.4255
1772956800,331.13,336.26,330.06,331.69,819.6306
1772971200,331.69,332.21,325.06,327.45,459.4942
1772985600,327.36,328.48,324.21,328.09,485.3585
1773000000,328.16,329.0,319.45,324.42,1026.6271
1773014400,324.89,337.41,324.37,332.71,1932.1995
1773028800,332.67,336.77,328.51,330.98,635.9324
1773043200,331.44,336.49,330.41,332.61,1059.6491
1773057600,332.88,339.99,332.58,338.62,846.9702
1773072000,337.7,345.0,335.07,341.73,749.4916
1773086400,341.68,341.96,336.97,337.1,420.6621
1773100800,337.15,342.75,336.94,338.25,1126.1208
1773115200,338.37,342.5,337.78,341.24,365.5836
1773129600,342.88,344.8,341.53,341.92,936.1819
1773144000,341.55,348.36,335.5,347.96,2158.3993
1773158400,347.94,348.57,337.98,338.68,443.8064
1773172800,338.59,340.18,335.78,337.87,810.6475
1773187200,338.44,340.97,338.01,338.02,293.2458
1773201600,338.01,342.43,336.39,337.45,321.0505
1773216000,337.17,339.34,333.55,333.56,880.9844
1773230400,333.85,343.77,333.13,336.14,558.2181
1773244800,336.33,345.98,336.33,342.99,360.1446
1773259200,342.19,344.84,340.01,340.08,93.6197
1773273600,340.31,341.22,334.88,335.06,854.8036
1773288000,335.14,338.64,335.14,338.49,913.0594
1773302400,339.02,343.54,337.7,342.38,605.3974
1773316800,342.21,345.88,337.01,341.4,974.2965
1773331200,341.43,343.0,338.97,342.48,219.9682
1773345600,342.13,343.3,339.7,342.47,460.1274
1773360000,342.78,357.68,342.78,352.81,2321.3263
1773374400,352.57,352.57,347.23,349.43,1021.533
1773388800,349.4,355.83,348.76,355.83,753.5798
1773403200,355.8,365.0,351.71,351.71,1747.786
1773417600,351.67,353.91,348.4,348.99,253.6976
1773432000,349.66,350.92,346.9,347.73,361.2312
1773446400,347.59,350.14,347.4,349.31,130.5426
1773460800,349.31,350.2,344.05,345.2,354.743
1773475200,345.2,345.67,343.0,343.89,408.3871
1773489600,344.03,345.12,342.34,343.23,485.5501
1773504000,343.07,344.22,340.88,343.83,735.8024
1773518400,344.19,348.5,343.32,347.96,447.3125
1773532800,347.78,350.0,346.91,347.61,242.588
1773547200,347.61,350.0,347.61,349.02,254.5021
1773561600,349.0,351.35,348.8,350.27,430.8127
1773576000,350.35,350.35,346.65,348.15,489.0258
1773590400,347.31,350.43,346.23,348.05,34.6061
1773604800,348.4,366.29,348.4,363.08,933.3257
1773619200,363.37,368.97,359.56,366.91,1845.3619
1773633600,366.97,369.9,366.01,367.69,938.4162
1773648000,367.7,369.68,364.44,368.65,662.4709
1773662400,369.5,373.89,363.55,367.0,1647.9978
1773676800,366.62,373.97,366.49,373.49,678.9883
1773691200,373.97,382.48,373.96,377.87,1135.5352
1773705600,377.7,380.0,369.05,369.99,951.3887
1773720000,369.98,372.28,367.07,371.72,1163.0868
1773734400,371.71,373.42,367.16,368.91,862.3702
1773748800,369.74,374.1,367.34,369.34,562.1585
1773763200,370.25,375.91,370.25,374.05,298.0706
1773777600,372.38,375.4,371.58,372.25,254.7253
1773792000,371.77,374.67,370.05,373.02,654.8533
1773806400,372.64,372.64,369.2,369.82,567.1771
1773820800,370.0,371.79,363.01,363.01,1108.9525
1773835200,363.0,363.0,350.44,352.22,1856.8672
1773849600,351.82,357.81,350.26,353.73,276.475
1773864000,353.91,357.01,351.36,355.49,296.325
1773878400,355.55,360.97,355.49,359.57,580.578
1773892800,358.78,360.21,352.05,354.65,741.5454
1773907200,354.75,357.95,353.23,354.82,369.9787
1773921600,354.83,354.83,347.01,348.19,1081.8283
1773936000,347.44,352.99,346.08,352.21,426.245
1773950400,351.64,353.46,351.04,351.25,232.5169
1773964800,351.97,354.8,351.94,354.46,385.35
1773979200,354.36,354.82,351.01,354.16,321.0472
1773993600,354.13,357.53,351.43,352.47,365.2809
1774008000,353.51,355.66,351.53,352.58,269.944
1774022400,353.26,353.77,350.52,352.21,1145.0748
1774036800,352.79,357.44,352.37,356.13,106.5719
1774051200,356.25,358.96,356.17,358.96,485.7048
1774065600,358.97,359.98,357.56,358.62,151.8138
1774080000,358.62,359.24,356.78,357.91,276.3533
1774094400,357.97,359.05,355.69,357.23,396.6756
1774108800,357.24,357.79,355.95,356.49,186.7919
1774123200,356.59,358.27,347.82,347.82,437.3942
1774137600,347.53,353.37,345.23,352.89,805.9774
1774152000,353.69,354.54,351.0,351.01,214.3953
1774166400,351.0,351.0,347.37,347.37,217.5459
1774180800,347.56,349.74,347.12,348.41,144.2604
1774195200,348.41,349.85,346.13,346.95,576.6124
1774209600,347.9,347.98,341.38,344.13,781.1875
1774224000,344.13,346.58,341.73,344.46,905.6814
1774238400,344.71,347.32,341.55,343.99,962.2581
1774252800,344.14,364.32,340.28,353.05,1516.1631
1774267200,352.76,364.99,352.05,357.03,801.696
1774281600,357.21,363.39,355.07,363.26,625.6039
1774296000,361.7,364.0,360.43,361.29,331.7368
1774310400,361.2,361.2,355.87,356.98,774.2846
1774324800,357.36,363.3,356.04,363.3,577.394
1774339200,363.3,364.99,361.45,362.93,586.1485
1774353600,363.46,363.46,352.7,355.92,438.2721
1774368000,355.76,356.13,351.66,351.66,336.2049
1774382400,352.74,360.97,352.74,360.54,260.074
1774396800,360.18,364.31,360.01,364.25,273.1434
1774411200,363.45,367.76,363.13,363.88,477.3882
1774425600,364.02,370.98,363.76,369.0,1457.4174
1774440000,369.75,370.98,362.88,364.86,412.6088
1774454400,364.8,367.76,364.18,364.79,686.2627
1774468800,364.0,364.8,362.07,364.55,185.0357
1774483200,364.51,365.81,362.3,363.85,272.8096
1774497600,363.26,363.26,356.05,356.98,1339.6037
1774512000,356.62,356.62,351.26,351.26,435.9624
1774526400,351.26,353.53,348.8,351.48,1671.9937
1774540800,351.48,351.68,344.0,344.0,1091.6612
1774555200,343.26,349.35,343.26,347.24,456.5541
1774569600,347.29,349.47,346.29,347.52,682.7522
1774584000,347.01,348.67,345.79,346.03,750.1775
1774598400,346.48,346.48,335.0,337.44,2569.7956
1774612800,337.25,341.0,335.66,338.58,1025.2622
1774627200,339.16,339.16,334.14,335.94,355.5377
1774641600,336.28,337.03,334.51,337.03,188.5182
1774656000,336.83,336.86,334.51,335.08,396.4983
1774670400,335.14,338.82,334.35,338.82,451.2915
1774684800,338.83,339.05,335.01,335.53,904.8563
1774699200,336.2,339.99,335.0,338.56,480.9377
1774713600,338.95,339.14,335.56,335.89,101.9041
1774728000,335.89,337.43,330.9,331.4,449.4716
1774742400,331.59,335.89,331.0,335.27,305.6918
1774756800,335.0,335.01,332.82,333.06,142.3838
1774771200,333.01,334.65,332.0,333.91,277.2323
1774785600,333.82,333.82,330.36,330.94,607.4482
1774800000,330.85,331.73,329.0,330.54,632.6611
1774814400,330.53,331.96,321.05,329.82,956.1481
1774828800,329.04,337.94,328.02,336.41,657.5669
1774843200,336.5,341.92,336.5,338.94,388.5673
1774857600,339.54,341.88,338.32,340.05,733.8473
1774872000,340.66,342.92,338.78,341.35,216.0245
1774886400,341.34,341.34,332.5,332.5,505.7319
1774900800,334.85,337.32,333.06,333.21,170.6867
1774915200,333.59,340.59,332.76,336.76,334.9459
1774929600,336.91,337.51,334.49,335.49,259.7834
1774944000,335.07,335.46,325.06,327.99,777.0949
1774958400,328.46,334.16,326.42,327.86,1027.1894
1774972800,328.0,336.87,327.8,334.66,153.9543
1774987200,335.38,336.1,334.1,336.1,166.5496
1775001600,336.03,336.46,333.44,336.32,447.3516
1775016000,336.89,341.0,336.38,338.59,521.9664
1775030400,338.58,338.58,335.04,335.91,431.0272
1775044800,335.73,336.67,333.0,336.67,565.0024
1775059200,337.1,347.48,336.19,339.05,635.0589
1775073600,337.19,337.19,325.73,327.18,1310.1162
1775088000,327.15,328.91,317.0,319.2,2031.0722
1775102400,319.51,322.74,318.41,322.74,428.2401
1775116800,322.73,322.96,317.95,317.96,580.0723
1775131200,318.01,322.85,311.78,320.06,1653.1833
1775145600,321.02,323.2,319.07,320.42,141.8695
1775160000,321.02,321.89,320.0,320.27,82.4774
1775174400,320.34,322.97,320.14,320.71,345.2196
1775188800,320.22,323.17,320.22,323.11,231.271
1775203200,323.11,325.0,322.93,323.91,335.1043
1775217600,324.27,326.0,321.01,325.31,307.7942
1775232000,325.0,325.23,323.01,323.59,76.6255
1775246400,323.99,325.0,323.08,324.03,49.5529
1775260800,323.93,324.49,323.79,324.14,110.3541
1775275200,324.22,325.24,324.22,324.68,97.427
1775289600,324.68,324.75,323.63,324.58,170.3096
1775304000,324.53,329.1,323.0,328.17,291.49
1775318400,328.41,329.2,326.78,327.52,38.8254
1775332800,327.03,327.72,326.89,327.23,26.4245
1775347200,326.89,326.89,325.74,326.12,101.6626
1775361600,325.89,326.07,322.24,322.73,296.2891
1775376000,322.73,324.43,322.72,323.68,161.5123
1775390400,323.72,324.41,319.38,323.0,493.401
1775404800,322.48,324.19,321.77,324.19,17.6988
1775419200,323.36,330.54,320.95,330.48,240.9177
1775433600,330.69,333.54,328.98,330.21,558.147
1775448000,330.66,330.68,326.7,329.34,233.4904
1775462400,329.09,333.32,329.03,331.42,427.8937
1775476800,331.37,331.99,329.03,330.96,348.6531
1775491200,330.94,330.94,326.74,328.37,131.4349
1775505600,329.21,329.67,320.6,322.93,246.4615
1775520000,322.77,322.9,320.81,322.1,360.4406
1775534400,322.11,323.47,321.43,322.52,212.5232
1775548800,322.59,324.76,319.51,320.01,430.7296
1775563200,320.23,320.23,317.24,318.87,583.4552
1775577600,318.78,330.0,318.77,329.99,128.1355
1775592000,330.0,348.95,330.0,344.54,1543.2501
1775606400,344.29,344.4,336.85,337.01,1636.7214
1775620800,337.24,338.6,334.31,335.51,403.9236
1775635200,336.04,337.46,335.0,335.76,318.2511
1775649600,335.68,336.77,328.01,331.66,898.9036
1775664000,331.83,334.83,330.32,330.83,140.9024
1775678400,331.9,332.58,328.5,329.47,160.7869
1775692800,329.42,329.99,327.22,327.56,287.0341
1775707200,327.22,328.65,326.6,328.55,218.5481
1775721600,329.09,330.26,328.51,328.58,160.5575
1775736000,328.8,334.79,325.95,334.73,245.3174
1775750400,334.91,337.0,331.57,335.3,305.8985
1775764800,336.66,341.64,332.02,332.39,332.9457
1775779200,332.21,332.61,330.0,330.29,134.9991
1775793600,330.11,331.94,330.01,330.01,413.1551
1775808000,330.65,333.09,329.35,332.72,808.6374
1775822400,332.27,339.0,332.01,335.41,1318.7454
1775836800,335.15,338.99,335.15,338.82,251.0566
1775851200,338.8,339.15,336.22,336.62,61.248
1775865600,336.5,336.99,335.26,335.5,66.3849
1775880000,335.67,335.67,333.86,335.23,361.7081
1775894400,335.3,337.43,334.01,335.26,364.5796
1775908800,335.48,337.54,334.12,336.89,309.4784
1775923200,337.28,342.3,336.96,342.3,142.8178
1775937600,342.03,342.03,337.0,337.75,288.368
1775952000,337.75,337.75,327.0,328.5,666.5082
1775966400,328.5,328.58,327.48,328.29,576.4858
1775980800,328.13,328.13,327.28,327.84,347.6923
1775995200,327.34,328.38,324.06,324.86,275.0198
1776009600,324.86,327.5,324.86,327.14,178.2844
1776024000,326.99,329.85,324.52,325.16,228.1452
1776038400,325.16,328.72,325.15,326.17,518.5936
1776052800,327.02,329.33,326.01,327.82,255.5276
1776067200,327.77,328.46,326.73,326.73,232.065
1776081600,326.76,334.98,326.76,330.52,513.6764
1776096000,330.11,335.0,330.11,335.0,329.4693
1776110400,334.99,342.94,334.42,342.24,1054.6708
1776124800,342.24,342.54,338.74,340.41,1212.891
1776139200,340.66,341.27,339.0,339.83,243.1676
1776153600,339.69,341.23,339.02,339.39,166.7483
1776168000,339.66,345.95,338.0,340.58,1172.8863
1776182400,340.52,340.52,332.12,332.12,489.3222
1776196800,332.55,332.92,331.1,332.54,184.9876
1776211200,332.54,332.98,330.06,331.0,668.908
1776225600,331.69,332.21,328.61,329.01,264.0653
1776240000,328.81,331.6,328.81,331.6,225.53
1776254400,331.56,335.0,330.88,333.1,380.0691
1776268800,333.78,338.99,333.78,338.65,248.4319
1776283200,337.0,337.74,333.81,336.42,158.458
1776297600,335.96,337.96,334.57,337.19,418.4122
1776312000,337.5,338.29,336.5,336.94,280.5583
1776326400,336.94,337.85,335.2,337.14,329.7217
1776340800,337.89,344.83,332.01,342.76,1189.3986
1776355200,343.65,354.92,339.72,354.92,937.9281
1776369600,354.93,355.55,350.61,351.0,775.4267
1776384000,351.57,351.57,346.44,347.04,622.9007
1776398400,346.67,349.55,345.89,348.5,501.9657
1776412800,348.65,352.84,345.5,348.76,588.5777
1776427200,348.56,356.48,348.0,355.31,1268.1306
1776441600,355.18,356.68,352.14,353.02,727.4556
1776456000,352.21,352.94,350.02,350.96,259.3809
1776470400,351.38,352.16,349.88,349.88,260.4559
1776484800,349.7,350.55,349.17,349.78,327.4275
1776499200,349.77,349.77,342.11,342.5,1067.0407
1776513600,342.6,343.79,342.6,343.59,143.9635
1776528000,343.42,344.08,339.5,341.46,1012.1804
1776542400,341.19,342.1,341.17,341.56,49.6184
1776556800,342.22,342.22,339.05,339.66,1447.285
1776571200,339.66,340.58,335.06,336.7,591.0209
1776585600,336.22,339.76,333.78,339.39,576.239
1776600000,339.47,345.27,339.47,342.24,1309.411
1776614400,342.24,342.54,337.32,338.53,1254.0362
1776628800,337.65,338.13,329.53,331.9,907.1067
1776643200,331.9,336.37,331.9,335.99,618.0673
1776657600,335.98,340.41,333.75,336.35,297.1949
1776672000,336.94,339.57,336.81,339.51,571.848
1776686400,339.5,341.94,337.22,341.59,1512.0543
1776700800,341.88,343.0,339.71,341.71,1344.443
1776715200,341.7,342.55,339.11,339.11,374.4618
1776729600,339.03,339.94,338.0,338.0,1111.7375
1776744000,338.08,341.02,338.0,340.27,371.7709
1776758400,340.16,341.5,329.5,340.41,317.0269
1776772800,340.8,343.78,338.29,340.18,441.6108
1776787200,341.49,341.5,335.28,335.69,154.9416
1776801600,335.84,341.44,335.84,341.42,141.6914
1776816000,341.78,347.13,341.53,345.73,354.3875
1776830400,345.57,348.88,344.49,347.85,562.7272
1776844800,347.98,350.13,346.12,348.92,385.4166
1776859200,348.92,352.25,347.15,349.07,1021.0889
1776873600,348.71,348.75,341.06,344.79,518.4099
1776888000,344.8,345.66,343.28,343.74,299.8809
1776902400,343.68,344.59,340.02,340.27,498.9104
1776916800,340.59,342.89,340.5,341.96,122.1153
1776931200,341.76,341.97,339.84,341.65,515.1099
1776945600,341.65,343.0,341.0,342.78,243.9221
1776960000,343.03,343.03,336.41,339.36,275.9769
1776974400,340.42,342.46,340.19,342.13,159.0647
1776988800,342.35,343.18,340.13,340.8,331.7257
1777003200,340.76,341.45,339.37,340.14,243.2962
1777017600,340.02,343.28,338.66,342.87,646.7405
1777032000,343.0,344.99,341.14,343.71,317.8139
1777046400,344.06,344.28,343.0,343.51,1035.3899
1777060800,343.5,345.0,342.66,342.66,159.3598
1777075200,342.71,343.8,341.94,343.78,167.9867
1777089600,343.85,343.91,343.05,343.44,130.7496
1777104000,343.77,344.92,343.33,343.33,161.2907
1777118400,343.78,344.82,343.38,343.38,144.2569
1777132800,343.49,343.49,341.35,341.35,234.4643
1777147200,341.35,342.7,341.35,342.7,18.1597
1777161600,342.7,343.75,342.65,342.66,290.3161
1777176000,342.66,344.89,342.66,344.0,231.7186
1777190400,344.0,344.0,343.62,343.67,94.115
1777204800,343.68,343.71,341.92,343.62,113.3724
1777219200,343.62,344.9,343.29,344.76,90.3728
1777233600,344.59,345.45,342.59,344.73,410.8256
1777248000,344.62,347.6,343.56,346.79,502.7222
1777262400,346.92,347.15,339.55,339.55,674.4494
1777276800,339.55,339.99,338.17,338.88,379.4768
1777291200,338.87,340.85,334.0,335.12,925.6656
1777305600,335.12,337.39,334.98,335.38,174.3524
1777320000,335.57,337.4,335.03,337.4,221.5924
1777334400,337.16,337.4,334.0,334.01,485.556
1777348800,334.01,334.42,332.49,333.51,363.4068
1777363200,333.22,333.76,331.16,331.18,471.6681
1777377600,331.12,332.6,330.02,331.16,510.4861
1777392000,331.46,332.95,331.21,332.95,46.8474
1777406400,332.56,333.55,332.07,333.55,120.4647
1777420800,333.49,335.0,332.41,334.65,895.0558
1777435200,334.52,336.45,334.52,335.19,479.6087
1777449600,335.12,338.2,334.5,336.22,454.6198
1777464000,335.61,335.61,330.6,330.82,568.8858
1777478400,330.85,331.7,326.0,327.39,544.2643
1777492800,327.65,331.42,327.61,330.53,215.4099
1777507200,331.11,334.24,330.13,331.11,484.3458
1777521600,331.02,331.89,328.3,331.89,218.8879
1777536000,331.85,332.41,330.67,330.81,370.2563
1777550400,330.81,333.29,330.53,332.65,360.5222
1777564800,332.16,332.38,331.27,331.61,79.7809
1777579200,331.69,331.69,330.79,331.41,14.0347
1777593600,331.75,335.71,331.75,334.73,169.9655
1777608000,334.86,335.46,334.1,334.45,71.2456
1777622400,334.29,335.51,333.96,334.11,255.3791
1777636800,334.14,336.81,334.0,334.79,592.9374
1777651200,334.48,334.57,333.66,333.66,61.6582
1777665600,333.66,333.66,331.67,332.81,56.0925
1777680000,333.07,334.51,332.01,333.07,95.1884
1777694400,333.0,333.33,333.0,333.02,133.059
1777708800,333.09,333.92,333.02,333.02,53.1987
1777723200,333.35,333.96,333.31,333.79,82.558
1777737600,333.82,334.0,333.78,334.0,96.3327
1777752000,333.99,336.67,333.79,335.25,440.0762
1777766400,334.01,334.63,332.35,332.62,160.9157
1777780800,332.66,333.59,332.5,333.24,81.086
1777795200,333.24,333.88,333.02,333.82,236.5624
1777809600,333.53,335.0,333.53,334.46,360.1084
1777824000,334.46,334.99,333.77,334.99,95.9343
1777838400,335.0,336.18,332.67,332.69,280.4207
1777852800,332.7,337.75,330.21,336.82,1017.3116
1777867200,336.99,338.47,333.73,335.08,600.9813
1777881600,335.0,335.9,330.14,332.36,691.1741
1777896000,332.31,337.09,332.0,334.55,218.5127
1777910400,334.43,336.11,333.14,334.58,109.5544
1777924800,334.0,334.0,333.0,333.01,60.9868
1777939200,333.3,335.0,333.04,335.0,307.3719
1777953600,335.53,336.24,334.71,335.59,766.4561
1777968000,335.43,335.91,334.27,335.68,197.1849
1777982400,335.98,339.2,335.98,338.34,1274.0193
1777996800,338.34,341.63,336.95,341.61,599.5264
1778011200,341.99,342.94,340.82,341.16,476.8147
1778025600,341.16,344.93,340.55,344.74,628.4404
1778040000,344.93,346.3,342.76,346.06,307.2681
1778054400,346.11,352.0,346.11,351.98,1479.2453
1778068800,351.97,351.98,343.01,349.65,1034.4137
1778083200,349.64,351.55,348.32,350.1,214.585
1778097600,350.49,351.96,349.4,350.57,141.5643
1778112000,350.5,350.5,344.5,344.57,708.1941
1778126400,344.55,353.5,344.55,353.03,853.0514
1778140800,353.01,353.02,348.87,350.71,255.8036
1778155200,350.99,352.67,345.28,347.37,422.0998
1778169600,346.72,348.47,345.89,348.03,213.2696
1778184000,347.16,347.75,344.81,347.24,140.6478
1778198400,347.36,348.54,345.14,347.02,217.2397
1778212800,347.3,347.68,345.56,346.43,272.2683
1778227200,346.43,348.5,346.43,348.23,372.4014
1778241600,348.2,352.42,347.06,352.42,351.6072
1778256000,352.12,363.93,352.01,363.49,2520.2441
1778270400,363.72,363.72,360.16,360.27,564.3111
1778284800,360.27,367.77,360.26,367.17,698.8146
1778299200,367.32,368.9,365.0,367.81,423.1395
1778313600,368.01,368.49,365.34,367.62,445.6499
1778328000,367.41,367.52,364.57,365.47,73.1612
1778342400,365.87,367.87,365.01,367.1,144.5946
1778356800,366.88,367.28,366.01,366.01,164.7325
1778371200,366.01,367.07,364.9,367.05,364.1201
1778385600,366.47,367.5,366.47,367.5,737.1711
1778400000,367.12,371.58,365.51,367.18,728.5284
1778414400,367.09,371.09,366.55,370.87,334.5037
1778428800,370.58,378.81,369.99,377.71,1045.4306
1778443200,377.59,378.53,367.13,378.05,722.8716
1778457600,377.54,377.84,369.65,369.65,1126.6236
1778472000,371.19,377.49,370.12,375.19,459.6647
1778486400,374.48,375.0,372.0,374.28,121.1055
1778500800,374.3,379.45,371.31,379.45,692.6974
1778515200,379.94,385.39,379.94,385.06,784.3547
1778529600,385.39,385.5,381.69,381.99,120.1909
1778544000,382.15,383.25,376.01,378.14,769.8983
1778558400,378.78,381.16,378.02,378.96,349.1147
1778572800,378.02,378.02,373.65,373.98,996.0612
1778587200,374.31,375.85,370.29,371.44,777.5816
1778601600,371.22,374.12,370.06,373.94,1178.9355
1778616000,374.43,374.85,373.0,373.0,284.9313
1778630400,373.0,376.68,372.01,376.68,529.3682
1778644800,376.89,377.87,374.6,374.6,148.3955
1778659200,375.4,377.53,371.81,371.81,492.6727
1778673600,372.52,372.52,357.05,357.8,1359.4434
1778688000,357.9,360.94,357.9,359.61,648.8738
1778702400,360.05,361.35,359.36,360.62,217.8458
1778716800,360.98,361.0,355.11,355.15,1011.8552
1778731200,355.15,361.21,355.15,359.26,254.372
1778745600,358.18,360.25,358.05,358.51,1031.3018
1778760000,359.1,367.94,358.21,367.94,706.8108
1778774400,367.94,368.95,364.59,366.16,401.4046
1778788800,366.0,366.0,362.33,362.33,171.5755
1778803200,362.46,364.31,360.89,362.84,327.6544
1778817600,362.84,362.84,356.73,361.7,302.2101
1778832000,361.41,361.69,359.64,360.9,1069.9327
1778846400,360.01,360.01,352.23,353.01,757.7508
1778860800,353.34,356.8,352.82,355.19,265.5518
1778875200,355.5,355.5,353.85,354.11,17.9465
1778889600,354.03,354.48,353.26,354.02,137.5385
1778904000,354.02,354.02,346.22,348.54,984.2714
1778918400,348.53,349.1,341.84,343.58,376.7571
1778932800,343.23,345.13,343.0,344.64,331.4729
1778947200,345.7,346.41,344.49,345.5,103.1678
1778961600,345.82,345.83,344.97,345.01,171.8805
1778976000,345.02,345.13,341.45,343.87,279.2525
1778990400,343.74,345.9,343.71,345.66,228.7671
1779004800,345.38,346.46,344.04,345.65,270.2471
1779019200,345.61,345.7,342.9,343.82,268.8665
1779033600,343.99,344.19,342.52,344.13,227.7902
1779048000,345.18,345.18,333.3,338.84,1118.8628
1779062400,338.85,339.88,336.59,338.38,590.4948
1779076800,337.96,339.33,336.23,337.06,599.6216
1779091200,336.8,339.0,335.6,338.41,414.7753
1779105600,338.63,341.09,333.72,335.52,1389.3282
1779120000,335.51,338.75,333.06,338.75,188.4168
1779134400,338.73,340.74,337.85,339.64,491.3046
1779148800,339.55,341.15,336.72,338.69,166.5493
1779163200,338.84,340.24,336.27,340.24,330.3247
1779177600,340.24,340.24,336.71,336.71,894.1301
1779192000,337.29,338.92,334.48,336.31,405.0314
1779206400,336.39,338.7,336.02,337.11,295.9023
1779220800,337.49,337.49,336.11,337.0,35.9234
1779235200,337.0,337.13,335.14,335.96,362.6492
1779249600,336.19,339.36,335.48,338.0,231.4018
1779264000,338.0,339.33,337.99,338.01,180.4871
1779278400,338.05,343.74,336.58,343.17,364.4354
1779292800,343.2,346.37,342.0,343.83,368.7803
1779307200,342.47,343.13,341.34,342.42,102.9769
1779321600,343.19,344.9,342.73,344.8,333.4567
1779336000,344.96,345.96,343.0,344.4,152.093
1779350400,344.97,345.39,340.14,340.14,808.3681
1779364800,340.11,344.98,339.62,343.73,192.7625
1779379200,344.04,349.4,342.44,348.99,311.4347
1779393600,348.99,348.99,346.07,346.62,87.6142
1779408000,346.35,346.66,344.53,345.86,185.9595
1779422400,346.12,346.94,344.37,346.41,438.8723
1779436800,346.51,348.1,345.5,346.73,162.1033
1779451200,346.9,348.95,344.36,345.46,1086.8837
1779465600,345.43,346.48,336.0,337.6,1184.1412
1779480000,338.0,339.84,335.61,336.68,236.0541
1779494400,336.73,337.86,336.05,337.83,432.0464
1779508800,337.86,337.86,327.22,328.49,1215.8286
1779523200,328.49,330.24,327.07,330.0,2066.9005
1779537600,329.85,337.63,329.45,335.4,696.4539
1779552000,335.69,339.66,335.49,339.07,278.6291
1779566400,338.87,348.0,338.87,341.9,392.7884
1779580800,341.81,343.53,341.21,341.71,174.3301
1779595200,342.24,344.8,341.3,342.91,226.2389
1779609600,343.12,346.31,343.12,345.64,76.101
1779624000,345.09,345.09,337.1,340.0,218.9165
1779638400,340.0,342.04,339.89,340.04,189.7713
1779652800,339.38,340.26,334.66,339.91,197.7959
1779667200,339.76,340.01,336.53,336.58,450.4536
1779681600,336.58,340.8,336.4,340.1,386.8988
1779696000,339.76,340.58,339.28,339.41,64.0957
1779710400,339.28,341.84,339.28,341.26,143.3865
1779724800,341.18,341.74,339.07,339.08,80.8835
1779739200,339.41,339.41,335.86,336.59,91.7655
1779753600,336.52,336.52,333.0,334.48,415.6626
1779768000,334.27,337.02,334.02,334.77,214.5146
1779782400,335.15,340.47,335.15,339.13,389.4647
1779796800,338.84,341.66,334.1,334.95,406.0637
1779811200,335.25,335.25,330.67,333.45,301.1034
1779825600,333.4,333.56,333.01,333.49,28.9682
1779840000,333.36,335.06,333.36,333.53,544.3758
1779854400,333.41,335.23,331.27,335.23,143.958
1779868800,335.65,336.0,333.78,335.26,133.0512
1779883200,334.09,337.0,331.45,336.3,173.0708
1779897600,337.24,337.24,332.57,333.28,151.7513
1779912000,334.2,334.2,330.0,330.16,90.9557
1779926400,330.17,331.16,324.06,325.0,1504.452
1779940800,324.77,324.77,320.7,324.31,3418.69
1779955200,324.05,324.55,322.01,322.92,227.5589
1779969600,323.05,325.97,320.22,323.93,474.1022
1779984000,323.77,330.75,323.77,328.8,330.7319
1779998400,328.0,329.01,326.41,327.11,44.5287
1780012800,327.1,327.38,324.14,324.51,362.8578
1780027200,324.51,327.15,324.02,325.95,426.3739
1780041600,326.54,327.99,325.14,325.38,282.5565
1780056000,325.36,330.68,321.0,328.67,913.4959
1780070400,328.7,331.25,326.0,327.01,126.0012
1780084800,327.1,327.79,325.28,326.74,70.9201
1780099200,327.02,330.21,326.89,329.01,345.7242
1780113600,329.33,329.33,326.49,328.09,115.5447
1780128000,328.09,328.41,327.57,327.79,74.9903
1780142400,327.81,329.75,327.7,329.28,109.0776
1780156800,329.86,330.8,329.62,329.8,126.6407
1780171200,330.8,330.8,328.97,329.39,146.0147
1780185600,329.41,332.03,329.41,331.68,178.5086
1780200000,331.68,331.68,329.32,329.5,178.4213
1780214400,329.5,330.75,329.01,329.72,92.7723
1780228800,329.72,330.8,326.27,326.54,205.5748
1780243200,326.98,327.02,324.8,325.35,412.7882
1780257600,326.16,330.1,325.77,328.2,73.0066
1780272000,329.54,330.65,325.51,329.16,387.9738
1780286400,329.61,329.61,320.0,321.72,993.3388
1780300800,321.61,323.8,321.61,322.28,265.0204
1780315200,321.99,323.0,317.0,317.94,543.5005
1780329600,318.06,323.93,316.16,323.42,200.0971
1780344000,323.48,324.99,320.88,323.8,76.3298
1780358400,323.86,323.86,317.07,322.75,292.4015
1780372800,322.86,322.93,316.81,318.62,549.6976
1780387200,318.22,318.52,315.0,315.32,523.6936
1780401600,315.31,316.22,304.51,306.02,921.078
1780416000,305.53,311.99,300.51,302.85,627.7655
1780430400,303.58,304.17,292.97,298.07,1366.1979
1780444800,297.78,301.01,290.0,292.08,3043.2648
1780459200,292.09,302.39,292.09,301.95,711.5425
1780473600,302.03,303.62,300.34,301.45,610.3729
1780488000,301.61,302.0,294.17,294.17,561.6645
1780502400,294.4,296.36,288.02,288.99,776.4246
1780516800,288.74,292.47,285.02,288.0,537.0074
1780531200,288.14,289.94,270.01,288.44,3486.9036
1780545600,288.44,289.3,279.77,279.77,1515.0001
1780560000,279.27,280.41,272.9,276.64,1036.1586
1780574400,277.23,284.32,276.46,280.26,1534.413
1780588800,280.75,281.22,276.4,278.84,806.5035
1780603200,277.23,278.2,273.0,277.63,333.4329
1780617600,277.65,278.03,271.07,271.58,851.6038
1780632000,271.48,275.0,260.46,267.92,3858.8659
1780646400,267.25,270.5,264.23,268.45,1123.3166
1780660800,268.13,271.11,261.02,262.35,1724.1731
1780675200,261.01,270.31,253.05,260.44,1046.9575
1780689600,262.51,270.0,257.0,259.95,357.2622
1780704000,260.25,265.62,257.06,257.62,901.2622
1780718400,257.66,258.5,247.31,256.47,1658.1295
1780732800,256.68,259.47,250.11,254.99,813.1429
1780747200,255.43,257.67,251.5,254.24,374.4165
1780761600,253.91,254.87,251.71,251.96,1148.4967
1780776000,251.94,254.36,250.86,253.85,241.7051
1780790400,254.36,261.53,253.0,260.47,668.0052
1780804800,260.47,265.81,258.64,265.13,906.7167
1780819200,265.17,269.41,263.18,265.15,502.576
1780833600,265.04,266.69,260.03,265.21,419.9429
1780848000,265.47,267.87,260.0,261.06,222.7499
1780862400,261.97,274.99,261.97,269.83,745.6829
1780876800,269.34,272.5,267.03,271.14,1705.2805
1780891200,271.06,271.1,265.77,270.07,2019.864
1780905600,269.86,273.84,268.0,272.89,353.9532
1780920000,271.99,277.1,270.35,275.0,577.0588
1780934400,274.55,276.97,272.82,275.06,258.2366
1780948800,273.76,277.41,272.5,272.6,203.7703
1780963200,272.6,272.6,266.51,268.85,531.9187
1780977600,268.45,274.07,268.45,272.56,367.8182
1780992000,271.59,271.67,268.62,268.93,432.2452
1781006400,270.31,270.31,262.29,262.29,2490.078
1781020800,262.3,267.47,259.89,267.47,1149.2253
1781035200,267.06,267.45,264.55,264.94,106.088
1781049600,265.07,265.62,261.88,262.72,3253.7766
1781064000,262.21,263.27,260.23,262.99,109.4309
1781078400,262.74,262.74,257.06,259.26,456.443
1781092800,259.26,267.29,258.39,266.66,648.4203
1781107200,266.1,266.75,259.0,259.37,324.4331
1781121600,259.26,259.36,254.69,257.91,317.8329
1781136000,258.45,266.82,258.45,266.17,362.4094
1781150400,265.73,266.51,264.3,265.07,192.8092
1781164800,265.16,268.77,265.02,268.77,818.5091
1781179200,267.8,268.1,264.75,266.69,243.6497
1781193600,267.36,273.61,265.59,272.77,558.3654
1781208000,272.78,273.13,271.35,272.75,54.3578
1781222400,272.07,273.48,270.81,272.45,496.1357
1781236800,272.23,272.8,268.64,269.12,175.7316
1781251200,269.7,273.64,269.7,272.04,382.1336
1781265600,271.7,279.71,270.85,273.51,1083.8562
1781280000,274.11,277.0,272.02,272.02,112.5405
1781294400,271.69,272.33,270.94,272.12,56.7828
1781308800,272.72,274.9,272.56,272.56,178.1994
1781323200,272.54,274.02,271.68,273.77,661.1166
1781337600,274.2,276.57,274.13,276.23,558.6797
1781352000,276.45,279.63,276.27,279.46,187.2476
1781366400,278.5,278.5,276.7,278.06,65.6331
1781380800,277.62,282.78,277.62,280.53,335.6607
1781395200,280.42,281.45,280.03,280.9,148.1469
1781409600,281.01,281.13,277.52,277.79,818.293
1781424000,277.83,278.98,277.02,277.66,93.9639
1781438400,277.31,277.31,273.05,274.51,276.7313
1781452800,275.04,275.51,274.29,275.1,98.7057
1781467200,274.9,289.13,274.9,289.0,528.1969
1781481600,289.77,291.34,287.23,289.5,488.0805
1781496000,289.42,290.05,288.0,289.85,450.2774
1781510400,289.4,295.09,288.5,294.79,356.0575
1781524800,294.78,305.53,293.67,305.51,772.4149
1781539200,305.5,308.87,303.24,305.11,312.4039
1781553600,305.0,305.0,299.84,300.96,213.971
1781568000,300.91,302.15,297.03,300.0,511.5275
1781582400,300.0,303.82,298.22,303.82,610.0928
1781596800,304.0,308.2,303.68,303.87,662.0043
1781611200,304.8,307.5,296.05,299.3,553.0103
1781625600,299.02,302.95,297.96,301.82,58.4698
1781640000,300.55,302.23,299.45,299.45,27.3893
1781654400,299.78,303.16,299.0,301.06,322.2215
1781668800,300.59,301.53,297.75,298.03,190.5173
1781683200,298.01,298.01,293.22,294.53,575.7947
1781697600,294.18,301.22,292.57,300.36,460.8447
1781712000,301.0,303.94,292.35,292.65,783.6164
1781726400,292.33,294.55,289.46,293.78,558.6633
1781740800,295.23,297.31,293.84,294.76,512.6194
1781755200,293.5,294.69,290.28,294.69,546.7832
1781769600,294.53,297.14,292.34,292.34,513.8778
1781784000,292.73,295.61,283.04,283.04,647.512
1781798400,283.03,286.53,282.87,285.95,731.7232
1781812800,287.23,288.18,286.05,287.41,280.8885
1781827200,287.42,288.81,283.51,285.33,663.2839
1781841600,285.04,285.5,282.1,283.46,908.4556
1781856000,283.43,284.7,282.36,283.29,612.1528
1781870400,283.1,288.13,282.0,287.22,213.4406
1781884800,287.04,287.86,285.5,286.37,149.6046
1781899200,285.5,288.55,285.5,288.55,55.3912
1781913600,289.2,290.23,288.19,290.16,477.4048
1781928000,290.0,299.94,290.0,296.98,1091.6578
1781942400,297.0,298.33,296.0,298.33,327.9637
1781956800,298.04,300.42,292.8,298.88,478.3153
1781971200,298.11,298.29,295.88,298.29,193.5067
1781985600,298.44,307.48,298.44,304.09,159.2461
1782000000,303.82,306.4,302.67,305.47,343.849
1782014400,305.67,306.07,303.51,304.21,83.1302
1782028800,304.04,308.78,302.43,304.0,444.9152
1782043200,303.67,307.97,303.12,307.37,261.6692
1782057600,307.37,309.79,306.79,308.45,369.5217
1782072000,308.83,308.83,300.5,300.62,230.3328
1782086400,300.85,310.0,300.85,304.69,852.1197
1782100800,304.7,308.43,304.62,307.64,345.8506
1782115200,307.88,308.66,305.84,308.15,459.1184
1782129600,308.04,310.94,303.85,303.85,360.8449
1782144000,303.58,305.58,302.02,302.48,419.9044
1782158400,302.87,303.24,298.36,299.56,308.1898
1782172800,299.54,299.54,296.42,298.76,696.9169
1782187200,298.76,298.76,290.19,292.0,279.4798
1782201600,291.01,291.42,284.34,288.29,1545.0384
1782216000,288.28,289.35,285.02,286.44,409.2571
1782230400,286.75,288.28,286.0,286.49,289.7957
1782244800,286.08,289.32,286.08,289.32,22.7629
1782259200,289.46,291.32,287.52,288.83,336.6126
1782273600,288.35,290.98,286.91,287.81,344.3358
1782288000,288.25,291.9,286.36,290.59,157.3009
1782302400,290.0,290.26,280.51,280.51,873.9956
1782316800,280.51,282.69,270.02,275.65,2902.3329
1782331200,275.64,285.27,275.64,283.66,84.1892
1782345600,284.22,284.75,279.49,279.9,580.762
1782360000,279.9,287.49,279.66,287.11,425.5026
1782374400,286.86,286.91,281.81,281.81,339.6168
1782388800,282.18,284.51,266.85,274.74,2603.0349
1782403200,274.73,278.99,272.69,273.57,1799.1651
1782417600,275.46,283.5,274.94,280.01,1496.7078
1782432000,280.1,281.44,272.7,281.44,2587.0977
1782446400,281.03,291.54,280.58,290.69,929.8147
1782460800,291.1,291.1,281.64,281.64,237.8781
1782475200,282.53,296.95,281.26,296.48,952.1108
1782489600,296.95,303.19,296.95,301.5,682.9581
1782504000,301.95,302.38,294.8,295.88,224.7957
1782518400,295.84,297.71,293.85,297.33,254.7823
1782532800,297.2,297.81,293.98,296.98,336.5657
1782547200,296.85,296.96,294.19,295.11,127.6477
1782561600,295.04,300.0,294.77,299.28,37.5748
1782576000,299.05,299.13,292.05,292.05,247.3534
1782590400,293.76,294.02,289.19,290.0,101.4425
1782604800,289.91,291.5,289.38,291.12,106.4496
1782619200,290.83,291.93,288.47,291.93,149.9795
1782633600,292.09,295.76,292.08,295.54,492.889
1782648000,294.92,296.36,293.18,294.8,111.0644
1782662400,294.94,295.08,289.05,289.05,322.8951
1782676800,290.56,293.95,287.05,293.95,443.5216
1782691200,293.08,298.3,288.54,295.9,1065.2878
1782705600,295.54,296.7,290.0,296.39,128.1439
1782720000,295.9,299.93,294.73,294.73,1071.4752
1782734400,294.57,303.05,294.24,301.63,1351.8363
1782748800,301.21,310.49,298.39,308.75,1024.3455
1782763200,307.86,307.86,305.13,305.5,233.6561
1782777600,305.43,305.43,301.12,302.46,984.4604
1782792000,302.47,302.85,300.72,302.48,316.8645
1782806400,302.49,302.71,299.05,301.46,434.0337
1782820800,300.46,303.0,295.51,300.97,1254.7185
1782835200,300.63,302.77,298.35,301.94,51.5814
1782849600,302.91,302.91,300.81,301.96,256.6048
1782864000,302.12,309.88,296.17,309.71,620.2298
1782878400,309.22,310.5,303.83,307.0,731.5611
1782892800,306.92,309.87,306.44,307.14,519.678
1782907200,306.89,318.26,305.39,317.0,1238.3265
1782921600,316.95,319.51,316.17,316.5,432.1391
1782936000,315.0,322.47,314.82,317.26,549.3955
1782950400,316.85,322.0,315.33,321.55,545.4008
1782964800,321.15,321.28,317.49,318.16,352.8719
1782979200,317.99,336.95,317.99,335.0,1038.768
1782993600,335.4,335.95,327.35,329.41,801.3968
1783008000,329.68,330.77,327.33,330.0,187.7375
1783022400,328.72,329.71,328.0,328.09,114.8744
1783036800,328.46,332.25,327.36,328.8,486.1825
1783051200,328.36,330.96,327.79,330.95,600.814
1783065600,330.41,333.09,329.0,332.39,405.6824
1783080000,332.41,333.62,330.34,331.06,121.5734
1783094400,331.06,337.48,330.49,335.43,285.841
1783108800,335.22,336.86,334.11,334.72,49.377
1783123200,335.66,336.9,333.4,336.59,313.1717
1783137600,336.85,340.66,335.43,335.57,466.5455
1783152000,336.56,336.56,332.03,333.0,333.7767
1783166400,333.0,334.79,331.51,334.55,320.8254
1783180800,334.29,336.53,333.0,333.02,249.9517
1783195200,333.39,333.98,332.5,332.68,323.412
1783209600,332.51,332.51,326.86,327.82,596.8529
1783224000,327.51,328.9,327.11,328.67,79.8713
1783238400,328.7,329.03,325.3,328.5,391.2525
1783252800,328.46,332.2,328.05,331.57,369.1601
1783267200,331.84,331.84,329.76,330.0,56.619
1783281600,330.23,335.4,329.76,332.88,227.5771
1783296000,332.06,335.01,328.14,328.85,362.8992
1783310400,329.09,329.81,327.12,329.52,471.213
1783324800,329.8,330.51,327.07,329.31,186.2379
1783339200,328.42,332.98,324.05,332.96,1422.3853
1783353600,332.56,335.81,332.56,334.6,198.8856
1783368000,333.97,340.0,333.76,334.54,464.9666
1783382400,334.54,336.28,331.25,331.44,1138.9239
1783396800,331.06,333.93,329.46,333.35,321.3269
1783411200,332.25,333.09,330.14,331.96,170.9162
1783425600,332.5,335.74,329.55,335.6,950.0318
1783440000,335.45,337.22,330.3,332.21,104.6346
1783454400,331.58,331.85,329.05,329.92,181.0673
1783468800,329.6,329.93,321.0,321.79,857.7919
1783483200,321.81,322.61,318.27,319.56,655.6752
1783497600,319.63,319.77,315.05,316.92,516.9719
1783512000,316.76,317.04,312.38,313.35,558.906
1783526400,314.02,317.21,314.02,315.89,274.3122
1783540800,316.6,317.77,314.92,317.77,107.4012
1783555200,318.16,321.0,314.03,316.17,538.6755
1783569600,316.18,320.74,315.97,319.47,890.7917
1783584000,319.31,319.94,316.14,316.64,72.6339
1783598400,316.73,320.32,316.16,317.7,657.8979
1783612800,317.64,320.5,317.09,319.65,186.3881
1783627200,319.37,320.04,318.66,319.53,76.0706
1783641600,319.16,323.45,318.63,321.5,665.8395
1783656000,321.75,322.3,320.65,320.89,616.4741
1783670400,320.88,323.44,320.88,322.95,379.5109
1783684800,322.87,322.95,315.05,318.4,542.4461
1783699200,318.01,318.39,315.63,317.21,167.4322
1783713600,317.58,318.17,316.67,317.95,44.0919
1783728000,317.69,317.69,315.38,316.98,332.035
1783742400,316.94,318.23,316.52,317.91,248.7516
1783756800,317.91,318.7,317.36,318.39,65.3313
1783771200,318.31,321.04,318.19,319.36,347.453
1783785600,318.8,318.8,317.34,317.76,71.7886
1783800000,318.34,318.78,313.6,313.61,307.0089
1783814400,313.6,313.6,309.06,313.42,303.6113
1783828800,313.44,313.48,309.65,311.74,146.5879
1783843200,312.04,314.25,311.83,314.22,124.8102
1783857600,313.03,316.38,313.03,315.61,55.6277
1783872000,315.93,316.46,315.19,316.27,38.0454
1783886400,316.15,316.15,312.12,313.0,42.2994
1783900800,313.42,317.98,308.52,309.73,314.2506
1783915200,309.68,312.99,309.68,312.47,193.7567
1783929600,312.46,313.66,311.01,312.55,361.6288
1783944000,312.56,312.56,307.91,310.01,436.3513
1783958400,310.01,310.44,305.66,307.08,280.254
1783972800,306.21,306.21,303.64,306.13,136.0872
1783987200,306.29,308.29,305.53,306.88,369.2113
1784001600,306.88,308.29,306.7,306.7,165.5282
1784016000,306.73,308.8,306.68,308.21,205.5484
1784030400,308.01,317.4,307.51,316.11,532.5981
1784044800,315.85,316.34,314.04,314.99,128.0811
1784059200,314.33,317.26,313.89,317.01,42.7367
1784073600,316.71,316.71,314.01,316.4,274.489
1784088000,316.14,319.0,315.18,315.18,222.6977
1784102400,316.11,316.8,315.0,315.78,218.8255
1784116800,315.81,321.26,315.18,317.72,461.0466
1784131200,317.56,317.56,314.43,314.43,255.6489
1784145600,314.64,316.17,314.64,314.89,115.644
1784160000,314.72,315.19,312.92,313.41,472.4416
1784174400,313.8,315.92,310.23,311.2,538.8373
1784188800,311.22,311.5,309.05,311.14,340.015
1784203200,311.27,313.32,309.51,312.9,522.9693
1784217600,312.47,312.47,308.55,310.03,241.3362
1784232000,309.58,310.41,307.21,308.01,124.6597
1784246400,308.03,309.0,306.46,307.77,324.03
1784260800,307.71,307.99,305.0,305.95,264.4352
1784275200,305.5,307.41,304.69,307.21,292.497
1784289600,306.89,307.03,302.21,306.16,542.2944
1784304000,307.36,309.65,306.87,308.07,404.4512
1784318400,307.73,308.11,306.88,307.71,215.5472
1784332800,308.1,309.21,307.53,308.02,420.8968
1784347200,308.86,308.95,308.01,308.71,1227.2745
1784361600,308.7,308.7,307.56,308.26,105.2033
1784376000,308.26,308.96,307.19,308.69,115.1908
1784390400,308.58,310.66,308.58,310.52,137.6521
1784404800,310.81,311.15,310.36,310.79,40.8546
1784419200,310.86,314.45,310.85,312.4,104.3867
1784433600,312.44,313.57,312.3,313.12,107.6753
1784448000,313.3,314.08,312.5,313.26,143.6783
1784462400,313.25,314.45,312.18,313.04,497.981
1784476800,312.66,312.86,310.0,310.89,67.6198
1784491200,310.9,313.69,310.36,313.34,297.2324
1784505600,314.0,316.8,313.99,315.0,801.7222
1784520000,314.35,315.14,310.73,312.0,177.4544
1784534400,312.53,316.07,311.66,316.02,157.2729
1784548800,316.17,318.45,311.58,318.45,274.1657
1784563200,318.44,320.41,317.03,317.21,325.1224
1784577600,317.8,319.25,317.28,318.61,69.231
1784592000,318.43,320.7,318.19,319.52,243.2451
1784606400,320.15,321.49,319.09,321.49,756.5335
1784620800,321.36,321.5,319.42,320.02,220.312
1784635200,319.78,320.88,317.76,318.48,486.0456
1784649600,318.75,319.23,317.27,317.5,388.799
1784664000,318.07,318.64,317.95,318.56,27.2222
1784678400,318.99,320.22,318.3,318.3,234.6907
1784692800,318.95,319.3,315.43,315.6,353.0903
1784707200,315.55,317.53,315.55,316.95,83.1336
1784721600,316.52,321.9,315.51,320.68,147.8223
1784736000,320.92,321.49,317.15,317.18,199.2603
1784750400,318.46,319.05,317.73,318.52,69.8041
1784764800,318.94,320.07,316.76,317.25,703.3386
1784779200,317.13,317.61,315.53,315.95,299.643
1784793600,315.7,318.43,315.7,317.92,93.2169
1784808000,317.92,317.92,311.57,312.55,347.5856
1784822400,312.46,312.46,309.43,309.43,244.4243
1784836800,310.86,312.25,310.86,311.18,79.6925
1784851200,310.91,311.71,309.86,311.17,409.7982
1784865600,311.1,313.03,310.38,311.95,334.3695
1784880000,312.05,312.05,308.12,308.25,195.6913
1784894400,308.59,309.08,302.87,304.41,387.3991
1784908800,303.94,304.73,303.04,303.57,288.0911
1784923200,304.11,304.14,302.5,304.02,189.2289
1784937600,304.12,305.27,304.11,304.99,587.271
1784952000,304.99,305.5,303.86,303.86,293.8502
1784966400,303.86,304.22,303.0,304.01,187.7082
1784980800,304.0,305.34,303.79,305.16,267.1328
1784995200,305.16,307.0,305.16,306.8,30.484
1785009600,306.22,306.55,305.8,306.55,112.7648
1785024000,306.73,308.0,306.73,308.0,317.3164
1785038400,308.0,308.91,307.8,308.01,350.1444
1785052800,308.01,309.2,308.01,308.07,294.0091
1785067200,308.04,309.88,307.41,309.87,69.8549
1785081600,309.87,311.32,309.56,309.56,71.3255
1785096000,309.78,314.98,309.77,314.13,362.2615
1785110400,313.85,313.85,311.16,311.92,412.9916
1785124800,311.72,313.69,311.29,312.6,210.6119
1785139200,312.01,313.0,311.09,312.92,283.3119
1785153600,312.61,315.98,308.01,308.73,907.6445
1785168000,308.57,311.77,308.57,310.7,175.6274
1785182400,310.74,310.74,300.93,304.45,1201.0983
1785196800,304.11,304.11,299.12,300.81,1027.6858
1785211200,300.81,301.43,300.09,300.55,286.0749
1785225600,300.73,301.52,300.01,300.45,293.653
1785240000,300.52,305.49,298.0,304.26,1078.4742
1785254400,304.36,304.88,301.81,303.08,98.6197
1785268800,304.0,304.0,300.12,301.98,64.6331
1785283200,302.0,302.84,299.01,299.01,462.0991
1785297600,299.0,302.83,298.0,302.64,511.4564
1785312000,302.78,303.41,302.22,302.79,51.4065
1785326400,302.74,302.76,300.0,300.0,453.2947
1785340800,299.5,304.37,298.35,298.35,231.8448
1785355200,298.3,301.8,296.89,301.7,83.0552
1785369600,301.68,303.25,300.09,301.75,179.3978
1785384000,301.71,301.71,300.65,300.99,66.2199
1785398400,300.08,303.0,300.0,303.0,325.5183
1785412800,303.0,305.59,302.76,304.83,168.8606
1785427200,305.07,305.6,304.09,305.39,40.6495
1785441600,305.55,305.99,304.53,304.82,234.105
1785456000,304.65,307.0,302.65,303.49,335.7519
1785470400,303.23,305.77,301.36,302.03,362.0983
1785484800,301.93,302.0,301.18,301.46,253.7645
1785499200,301.53,302.0,299.02,299.97,551.0445
1785513600,300.0,300.87,299.77,299.95,154.2384
1785528000,300.13,300.13,298.39,299.11,292.9623
1785542400,299.27,300.05,299.27,299.61,129.1881
1785556800,299.61,300.13,299.22,299.4,413.627
1785571200,299.52,299.82,298.65,299.08,336.7064
1785585600,299.11,299.36,298.5,298.71,143.573
1785600000,298.64,299.0,290.38,292.5,261.3915
1785614400,292.75,295.2,292.75,295.05,26.3086
1785628800,295.76,300.32,295.45,300.03,123.7323
1785643200,300.05,301.58,300.05,301.1,123.8023
1785657600,301.11,301.11,298.5,298.5,471.4108
1785672000,298.92,299.31,297.56,298.56,117.4274
1785686400,298.5,300.87,298.15,300.87,40.2447
1785700800,300.74,302.82,300.39,300.7,51.9867
1785715200,300.45,300.45,297.9,298.31,209.0767
1785729600,298.1,298.68,296.77,296.81,192.6049
1785744000,296.77,297.83,295.24,297.05,151.097
1785758400,297.17,301.99,297.09,301.29,398.5148
1785772800,301.78,303.29,300.21,302.77,271.6509
1785787200,302.5,302.5,300.36,300.87,65.9005
1785801600,300.86,302.72,299.21,301.43,183.0703
1785816000,301.31,302.48,300.03,301.22,421.1083
1785830400,300.75,302.06,299.22,302.0,73.2719
1785844800,301.99,303.41,300.63,303.29,101.4239
1785859200,303.08,304.5,302.4,304.35,98.5322
1785873600,304.31,304.85,302.64,302.64,45.0529
1785888000,302.39,304.33,301.56,302.01,124.9537
1785902400,302.01,303.29,301.35,302.11,342.7601
1785916800,302.69,303.3,302.0,302.0,188.6347
1785931200,302.01,303.99,300.65,302.91,275.1501
1785945600,303.0,305.15,303.0,304.7,230.1564
1785960000,304.19,304.19,302.5,302.6,71.1717
1785974400,302.6,303.19,300.41,300.82,521.0302
1785988800,300.82,303.8,300.82,302.15,69.5683
1786003200,302.0,302.48,299.57,300.57,153.411
1786017600,300.24,301.0,298.88,300.15,286.8965
1786032000,300.01,300.16,297.01,297.01,110.7756
1786046400,297.77,298.04,296.06,296.9,116.7553
1786060800,297.42,297.87,296.51,297.28,356.3486
1786075200,297.25,298.49,297.0,298.05,368.6793
1786089600,298.13,301.15,298.13,300.91,117.1302
1786104000,300.92,303.67,300.92,302.13,278.5164
1786118400,302.29,302.46,300.0,302.0,47.3977
1786132800,302.66,302.66,300.96,301.24,26.5627
1786147200,301.03,305.26,301.01,305.26,344.2057
1786161600,305.88,306.18,304.83,305.61,174.0021
1786176000,305.61,309.15,305.6,309.15,289.4748
1786190400,309.53,313.51,308.44,312.3,391.6804
1786204800,312.58,312.85,311.65,312.2,312.0114
1786219200,312.19,312.49,310.89,311.63,189.1486
1786233600,311.62,311.63,311.0,311.3,268.7085
1786248000,311.3,312.9,311.15,312.47,492.0029
1786262400,312.9,313.48,312.1,313.34,363.5102
1786276800,313.34,316.59,312.75,316.59,198.6556
1786291200,316.66,316.99,315.82,316.27,73.6941
1786305600,316.03,317.76,312.5,312.5,210.7634
1786320000,312.71,314.88,312.69,313.59,442.0855
1786334400,313.59,314.33,312.59,314.15,220.1431
1786348800,314.15,314.54,313.19,314.49,144.82
1786363200,314.49,314.98,311.02,311.06,491.501
1786377600,311.38,311.98,310.11,311.98,359.3928
1786392000,311.98,312.88,311.98,312.06,67.3627
1786406400,312.06,312.06,310.5,311.71,170.3052
1786420800,311.84,312.0,309.6,310.05,331.0624
1786435200,310.14,311.88,310.0,311.67,31.1282
1786449600,311.34,311.62,306.7,306.83,298.3148
1786464000,306.76,310.01,306.76,310.01,55.5607
1786478400,310.32,314.06,310.32,312.77,100.7132
1786492800,312.86,313.62,312.81,313.0,194.4747
1786507200,313.33,313.33,311.34,311.34,346.8122
1786521600,312.32,314.12,312.07,313.92,68.3912
1786536000,314.15,315.0,309.04,309.94,765.0372
1786550400,309.65,310.88,309.37,310.39,25.3999
1786564800,310.56,311.11,309.0,309.43,110.7855
1786579200,309.59,312.28,309.44,312.28,59.8105
1786593600,312.25,313.1,311.51,313.1,156.2655
1786608000,313.09,313.09,310.0,310.0,66.1799
1786622400,310.01,313.07,310.01,310.12,76.6388
1786636800,310.02,311.79,309.0,311.79,413.6271
1786651200,312.0,312.75,311.92,312.19,7.8404
1786665600,311.9,311.9,310.25,310.25,128.922
1786680000,310.7,311.09,309.43,309.57,130.5269
1786694400,309.66,310.5,309.32,309.5,66.0503
1786708800,309.5,310.53,308.71,310.53,923.4477
1786723200,310.45,310.45,306.99,307.93,119.1614
1786737600,308.15,308.96,308.01,308.96,53.0086
1786752000,308.85,310.24,308.82,310.0,212.3198
1786766400,309.43,309.65,309.0,309.0,100.5494
1786780800,309.01,309.02,308.4,309.01,98.0874
1786795200,309.01,309.65,309.0,309.65,135.0929
1786809600,309.65,310.0,309.4,310.0,137.8912
1786824000,309.69,310.56,309.51,309.51,6.4636
1786838400,309.5,310.34,309.25,310.19,49.3807
1786852800,310.11,310.11,309.26,309.59,53.0715
1786867200,309.45,309.62,308.59,308.84,105.8248
1786881600,308.87,309.88,308.64,309.52,236.6424
1786896000,309.5,309.63,308.0,308.17,330.4467
1786910400,308.04,308.04,304.27,305.02,321.7062
1786924800,305.02,308.47,304.91,308.17,250.1165
1786939200,308.54,309.1,307.59,308.6,256.758
1786953600,308.67,308.67,306.37,308.01,80.2125
1786968000,308.01,309.0,306.49,309.0,258.8644
1786982400,309.0,309.0,308.0,308.83,16.9395
1786996800,307.6,308.89,307.6,308.79,29.8238
1787011200,308.52,308.83,306.34,307.01,262.2517
1787025600,306.87,309.32,306.87,308.83,146.549
1787040000,308.63,310.57,308.49,310.19,153.6421
1787054400,310.67,313.5,309.6,313.5,253.0903
1787068800,313.55,314.0,312.78,313.74,55.0933
1787083200,313.73,313.73,312.56,313.23,114.5824
1787097600,312.97,313.06,312.01,313.06,219.8504
1787112000,312.86,313.43,312.02,313.08,200.125
1787126400,313.08,315.0,313.07,315.0,109.1792
1787140800,315.0,334.49,314.83,331.85,3059.971
1787155200,331.86,333.62,328.81,333.62,570.2725
1787169600,333.53,351.95,333.53,344.6,2825.6818
1787184000,344.6,344.99,335.01,340.37,1137.1375
1787198400,340.38,346.56,340.38,346.51,473.1922
1787212800,346.76,353.45,346.76,351.22,1175.5605
1787227200,350.76,351.1,346.71,349.99,1016.5537
1787241600,349.99,350.23,346.66,347.55,196.2606
1787256000,348.0,351.67,347.01,351.66,253.341
1787270400,351.67,360.44,351.66,357.98,1695.226
1787284800,357.98,363.78,356.66,362.02,1404.8787
1787299200,362.01,369.95,360.01,362.19,2022.3805
1787313600,361.24,368.9,360.47,366.42,1555.4344
1787328000,366.43,368.57,363.93,364.34,292.0292
1787342400,363.72,376.94,363.72,373.21,902.2464
1787356800,373.47,386.0,371.0,386.0,985.2702
1787371200,386.0,406.0,353.42,379.51,4678.1562
1787385600,379.51,381.08,365.0,372.0,1264.9586
1787400000,372.14,376.53,370.0,370.0,266.0514
1787414400,370.03,378.55,370.03,375.9,571.9457
1787428800,376.15,376.15,370.0,372.65,229.3827
1787443200,373.36,385.15,372.05,373.05,882.0749
1787457600,373.05,373.86,365.05,369.32,1402.5378
1787472000,369.29,376.99,362.05,376.99,600.4067
1787486400,376.98,384.13,375.65,382.88,913.4528
1787500800,382.87,383.46,380.86,380.95,168.5334
1787515200,380.8,384.0,380.0,381.84,290.4075
1787529600,381.33,382.26,376.82,377.57,606.4904
1787544000,376.86,383.8,376.86,378.67,630.5636
1787558400,378.44,387.49,376.49,385.78,494.5899
1787572800,385.49,392.0,381.01,388.0,911.3263
1787587200,390.47,392.48,382.16,387.99,434.7189
1787601600,388.0,397.15,385.98,397.15,403.7057
1787616000,397.48,412.2,397.48,408.13,2427.8066
1787630400,408.51,413.15,401.94,404.3,676.847
1787644800,404.4,407.19,398.07,398.42,742.0186
