timestamp,open,high,low,close,volume
1772118000,339.86,339.86,334.0,337.7,183.627
1772121600,337.7,338.04,330.0,330.0,187.1054
1772125200,330.53,332.86,330.53,331.75,50.001
1772128800,330.06,333.28,330.01,333.17,30.1476
1772132400,334.61,336.97,334.61,336.97,166.4264
1772136000,336.94,336.94,336.94,336.94,0.0125
1772139600,335.7,335.94,335.41,335.6,11.4393
1772143200,335.76,335.77,335.23,335.77,23.0024
1772146800,335.77,335.77,335.02,335.47,231.9572
1772150400,335.16,335.5,333.63,334.98,310.7025
1772154000,335.16,335.89,332.59,335.82,1325.8747
1772157600,336.0,338.7,336.0,338.18,683.4824
1772161200,338.0,342.0,337.34,342.0,569.0655
1772164800,341.82,343.85,341.82,342.71,419.5276
1772168400,342.23,342.7,341.35,341.53,63.5034
1772172000,341.01,341.12,339.36,340.99,55.2627
1772175600,341.04,341.22,339.3,341.01,220.3712
1772179200,341.7,342.66,340.92,341.93,50.0067
1772182800,342.07,342.3,337.41,337.41,62.967
1772186400,337.07,337.07,331.15,331.15,355.8516
1772190000,331.58,331.99,327.02,327.28,212.545
1772193600,327.24,327.6,324.09,325.23,297.41
1772197200,326.0,326.8,321.29,325.71,337.8277
1772200800,326.49,326.95,322.61,322.61,111.1254
1772204400,323.2,324.7,323.15,324.1,48.9945
1772208000,323.58,323.58,319.05,319.05,455.4374
1772211600,319.51,320.25,318.65,319.67,246.4428
1772215200,320.99,320.99,319.24,319.49,4.5949
1772218800,319.3,319.51,318.58,319.2,70.1607
1772222400,319.19,320.35,318.8,318.8,106.9281
1772226000,319.19,319.99,317.3,317.3,94.324
1772229600,318.47,319.54,315.46,318.79,193.1243
1772233200,318.84,321.47,318.84,320.98,224.1205
1772236800,320.84,322.15,320.11,322.15,77.8829
1772240400,322.03,322.47,321.65,321.65,113.15
1772244000,321.65,322.63,321.65,322.58,148.3269
1772247600,322.41,322.41,321.0,321.22,100.1359
1772251200,321.37,321.75,320.02,320.97,117.1048
1772254800,321.02,321.45,320.08,320.51,70.6031
1772258400,320.51,320.55,304.08,304.92,1122.9949
1772262000,305.67,312.62,304.14,310.02,610.8205
1772265600,310.01,310.01,304.72,306.89,1652.8364
1772269200,307.48,309.25,306.24,308.26,478.4557
1772272800,308.01,310.66,306.49,310.27,247.1305
1772276400,310.33,312.0,308.98,308.98,251.7752
1772280000,309.31,310.73,309.05,309.57,562.3648
1772283600,309.57,316.97,309.01,316.94,211.9969
1772287200,317.01,319.0,314.97,315.13,281.3831
1772290800,315.03,317.59,313.0,317.32,130.4557
1772294400,317.32,318.9,316.34,318.1,92.1386
1772298000,317.91,318.98,316.73,318.98,132.384
1772301600,318.99,323.71,316.14,323.71,243.435
1772305200,322.58,324.0,319.46,321.6,200.1434
1772308800,321.35,332.33,321.35,332.33,424.3319
1772312400,332.34,332.94,327.73,331.0,155.1331
1772316000,331.71,334.01,330.43,330.43,249.0972
1772319600,330.46,331.71,329.01,330.19,183.1675
1772323200,330.29,332.07,330.29,332.07,417.543
1772326800,332.07,341.87,330.29,339.07,320.2359
1772330400,340.05,346.36,340.0,343.84,615.4515
1772334000,343.83,344.77,343.11,344.05,181.2596
1772337600,343.5,344.49,338.89,341.94,355.3183
1772341200,341.98,342.8,340.94,340.94,94.4878
1772344800,340.2,340.2,336.47,338.02,266.5608
1772348400,338.01,338.49,337.01,337.74,36.1096
1772352000,337.64,338.11,332.06,332.06,336.2333
1772355600,332.05,334.47,331.06,331.09,57.2382
1772359200,331.27,333.02,330.79,331.65,192.6617
1772362800,331.77,332.93,331.3,331.3,6.8383
1772366400,331.93,332.14,330.13,331.25,81.2959
1772370000,330.83,337.68,329.87,336.55,482.7779
1772373600,336.11,337.85,333.68,333.88,135.1861
1772377200,335.0,337.16,335.0,335.0,159.1287
1772380800,335.55,335.55,327.31,328.0,186.415
1772384400,327.45,328.47,325.45,328.13,203.551
1772388000,326.99,330.64,326.9,328.21,101.8928
1772391600,326.81,326.81,325.0,325.0,15.1922
1772395200,324.45,324.45,319.06,319.91,124.2022
1772398800,320.0,323.73,320.0,323.73,299.5335
1772402400,323.35,326.81,321.85,322.84,78.9267
1772406000,325.43,326.61,325.35,325.96,10.3471
1772409600,325.85,332.99,325.85,332.99,432.6667
1772413200,332.99,336.25,330.99,331.18,250.6305
1772416800,331.52,331.52,328.0,329.97,23.5026
1772420400,329.37,332.58,329.0,331.62,85.1532
1772424000,331.63,331.74,330.0,330.0,47.2888
1772427600,329.1,331.26,328.5,330.83,189.7954
1772431200,329.94,329.97,325.31,326.7,335.2528
1772434800,326.74,327.09,324.05,326.02,420.5827
1772438400,326.0,327.77,324.09,327.77,81.7223
1772442000,329.7,330.12,329.45,329.45,40.2475
1772445600,329.0,329.75,328.13,329.64,64.9364
1772449200,329.8,331.22,328.62,330.01,138.4575
1772452800,330.06,330.96,329.43,329.43,17.3137
1772456400,329.45,329.66,326.9,327.01,36.1092
1772460000,327.2,337.9,326.78,336.33,792.2414
1772463600,337.5,348.0,337.5,347.0,1498.5432
1772467200,348.0,352.64,347.28,349.18,1355.3036
1772470800,348.56,348.73,340.0,343.24,462.8234
1772474400,342.28,343.47,342.0,343.25,37.0782
1772478000,342.5,343.37,340.73,343.37,200.228
1772481600,344.03,344.81,342.66,344.81,58.8641
1772485200,343.56,343.56,342.5,343.21,13.4891
1772488800,343.47,345.41,342.58,344.63,44.3361
1772492400,344.89,344.89,338.8,339.97,395.2726
1772496000,339.98,341.17,338.06,340.58,345.084
1772499600,341.52,341.52,338.65,338.68,24.7276
1772503200,338.45,338.45,335.06,338.41,96.0443
1772506800,338.44,340.04,337.8,340.04,300.7921
1772510400,338.44,338.55,336.62,336.77,12.572
1772514000,337.32,340.0,336.12,336.12,132.7111
1772517600,337.46,337.9,336.12,337.56,130.9828
1772521200,337.81,339.05,336.97,337.0,284.0763
1772524800,336.7,337.0,331.74,331.74,214.3923
1772528400,332.91,335.19,332.64,333.74,197.17
1772532000,332.7,333.64,331.56,331.7,229.9363
1772535600,332.68,333.38,332.08,333.07,158.8266
1772539200,333.86,337.48,333.52,333.52,381.964
1772542800,333.59,333.59,330.0,331.03,210.3625
1772546400,331.53,332.95,327.22,330.01,1663.9349
1772550000,330.0,336.66,328.52,335.57,491.9281
1772553600,336.66,344.49,334.11,337.0,489.7797
1772557200,338.33,338.33,333.59,337.77,46.7295
1772560800,337.47,339.88,335.34,339.1,30.3473
1772564400,337.1,338.45,336.22,337.72,5.0473
1772568000,336.12,336.14,334.94,334.94,60.45
1772571600,334.95,336.68,333.18,336.68,687.5591
1772575200,336.54,342.03,336.54,340.88,290.8485
1772578800,341.06,344.9,341.04,344.54,243.6303
1772582400,343.05,344.66,341.72,343.0,284.2723
1772586000,343.2,346.99,340.71,345.05,336.1278
1772589600,345.05,345.05,341.94,344.09,224.6754
1772593200,344.08,344.08,338.0,338.31,48.3641
1772596800,338.82,338.82,335.83,338.05,89.4769
1772600400,337.0,339.6,335.82,339.53,62.477
1772604000,338.51,339.85,336.38,338.35,145.8105
1772607600,338.37,344.91,338.37,344.9,200.8418
1772611200,344.91,354.41,344.08,354.4,1243.7957
1772614800,354.41,360.0,353.58,356.98,1384.0477
1772618400,357.0,357.88,355.1,355.45,291.033
1772622000,356.25,356.79,352.78,353.98,677.6573
1772625600,353.98,353.99,350.46,352.82,156.4751
1772629200,352.62,355.84,352.62,354.45,161.2225
1772632800,354.57,360.99,354.0,355.85,631.9718
1772636400,357.53,365.98,356.61,365.98,649.3615
1772640000,365.98,365.98,359.08,360.71,106.3409
1772643600,360.53,362.13,357.0,360.1,301.7597
1772647200,359.01,362.97,359.01,362.87,55.1871
1772650800,363.42,368.99,363.42,367.0,315.4098
1772654400,366.89,368.58,365.25,365.87,127.1831
1772658000,365.0,365.0,363.01,363.01,20.3155
1772661600,364.11,364.78,359.05,359.05,187.4805
1772665200,359.05,359.12,355.39,358.0,81.6987
1772668800,357.66,359.03,356.09,356.89,393.8913
1772672400,356.82,358.1,353.0,353.0,242.1124
1772676000,353.21,355.18,353.21,355.0,257.5876
1772679600,354.5,355.47,352.77,353.75,185.8942
1772683200,354.06,356.19,354.06,355.54,87.5329
1772686800,355.92,356.43,354.31,354.91,87.9884
1772690400,354.25,358.32,353.96,357.66,102.1842
1772694000,357.88,359.39,354.0,354.0,360.2407
1772697600,355.09,357.46,354.51,357.46,132.1298
1772701200,357.99,360.21,357.99,360.01,50.668
1772704800,360.0,365.99,360.0,365.18,163.6138
1772708400,365.2,365.2,361.67,362.29,89.831
1772712000,362.27,363.58,360.71,363.58,58.2347
1772715600,363.58,363.58,358.05,358.1,250.6455
1772719200,358.38,360.19,355.34,359.2,201.1219
1772722800,359.12,359.12,350.98,351.73,1519.1318
1772726400,353.4,356.49,348.0,356.48,222.2061
1772730000,356.48,356.48,348.0,348.0,83.8137
1772733600,347.55,350.43,347.55,350.43,842.9072
1772737200,350.9,351.85,349.88,350.19,5.8742
1772740800,349.55,351.72,349.55,351.7,32.4383
1772744400,353.39,353.39,350.7,350.7,10.8222
1772748000,351.02,351.73,350.29,351.48,18.9981
1772751600,350.48,350.76,349.17,349.17,196.6556
1772755200,350.11,350.75,349.65,350.0,29.6812
1772758800,350.0,354.1,348.0,352.12,513.0972
1772762400,351.3,351.3,348.6,349.0,134.6298
1772766000,348.8,350.02,348.47,349.8,350.681
1772769600,349.82,350.41,347.7,348.31,220.0006
1772773200,348.56,348.56,347.23,348.14,26.5151
1772776800,347.4,349.25,347.4,348.82,119.9686
1772780400,349.0,351.2,349.0,351.1,90.8689
1772784000,351.06,351.06,349.71,349.72,198.3245
1772787600,350.03,350.03,345.39,346.1,174.3791
1772791200,346.49,347.37,346.34,346.8,127.3799
1772794800,346.79,347.34,345.04,345.04,45.9944
1772798400,345.01,345.01,340.17,342.18,283.6274
1772802000,342.54,343.51,339.06,339.06,896.7144
1772805600,339.05,339.05,333.13,333.13,413.8751
1772809200,334.75,337.32,333.7,334.5,251.575
1772812800,335.11,336.77,333.66,334.07,184.6581
1772816400,334.02,334.63,332.23,333.37,160.9283
1772820000,333.87,338.58,333.87,338.58,116.5312
1772823600,338.15,339.57,337.59,337.77,25.34
1772827200,338.14,338.14,335.6,336.63,37.7888
1772830800,335.68,335.68,335.68,335.68,0.0346
1772834400,335.65,336.78,335.41,336.78,65.8196
1772838000,336.79,336.97,336.03,336.03,7.5926
1772841600,336.0,336.81,335.23,336.41,59.5549
1772845200,336.36,336.37,335.88,336.2,327.4408
1772848800,336.0,336.0,335.0,335.08,489.1934
1772852400,335.99,336.92,334.8,335.0,165.4816
1772856000,334.6,334.66,333.64,334.24,740.6271
1772859600,334.33,335.08,333.71,335.01,130.1524
1772863200,334.5,334.5,333.43,333.6,53.1294
1772866800,333.01,334.57,333.01,334.57,56.4952
1772870400,334.51,335.29,334.5,334.72,120.5645
1772874000,334.72,335.79,334.7,335.79,181.6666
1772877600,335.72,336.18,335.47,335.47,304.3672
1772881200,335.01,336.71,335.0,336.22,50.7944
1772884800,336.12,336.24,334.87,334.87,79.8002
1772888400,334.93,335.71,334.71,334.83,514.975
1772892000,334.7,334.7,332.0,334.33,156.3996
1772895600,334.19,334.43,332.0,332.71,139.2162
1772899200,332.62,332.69,332.01,332.01,84.9752
1772902800,332.74,333.86,332.51,332.51,33.4923
1772906400,332.51,332.51,330.8,331.48,77.1068
1772910000,330.78,330.78,327.32,327.68,269.5933
1772913600,328.12,329.99,328.12,329.99,432.2495
1772917200,329.72,330.4,329.71,330.17,298.1386
1772920800,330.34,330.34,329.71,329.71,453.2499
1772924400,329.77,330.78,329.77,330.6,35.6861
1772928000,331.7,331.7,329.96,330.06,38.1727
1772931600,330.25,330.79,330.08,330.69,230.5742
1772935200,330.55,330.55,327.49,328.14,294.6214
1772938800,328.09,329.24,327.92,328.27,106.1525
1772942400,328.01,328.58,326.78,326.78,89.7357
1772946000,326.97,330.72,326.97,328.86,369.6854
1772949600,328.86,329.17,328.23,328.65,102.5004
1772953200,328.9,331.31,328.9,330.9,88.504
1772956800,331.13,331.94,330.06,331.94,22.9233
1772960400,331.61,334.34,331.01,332.61,243.8342
1772964000,332.17,336.26,332.17,334.38,97.6253
1772967600,334.73,334.73,330.65,331.69,455.2478
1772971200,331.69,332.21,327.48,328.89,73.0626
1772974800,328.11,329.0,325.06,327.34,149.1614
1772978400,328.0,329.1,327.02,328.25,44.3307
1772982000,328.17,328.56,325.94,327.45,192.9395
1772985600,327.36,327.83,325.01,325.01,328.7859
1772989200,325.02,326.84,325.0,325.39,45.503
1772992800,325.52,325.66,324.21,325.3,60.5108
1772996400,325.22,328.48,324.25,328.09,50.5588
1773000000,328.16,329.0,327.32,327.32,499.0462
1773003600,327.33,327.33,325.56,325.93,34.5124
1773007200,325.75,327.19,319.45,325.54,457.9182
1773010800,326.32,327.58,324.06,324.42,35.1503
1773014400,324.89,330.47,324.37,328.17,446.3277
1773018000,328.1,330.14,326.72,328.0,143.8876
1773021600,327.2,329.95,326.01,329.46,135.568
1773025200,329.84,337.41,329.82,332.71,1206.4162
1773028800,332.67,334.86,331.4,331.82,144.5903
1773032400,331.75,336.77,331.75,335.57,51.6977
1773036000,335.6,335.6,331.0,331.12,168.7687
1773039600,330.88,331.38,328.51,330.98,270.8757
1773043200,331.44,333.93,330.5,333.68,374.5554
1773046800,332.58,336.49,331.97,333.88,584.5051
1773050400,333.7,333.82,332.46,332.77,32.1175
1773054000,332.95,332.99,330.41,332.61,68.4711
1773057600,332.88,334.0,332.58,333.88,89.2002
1773061200,333.99,339.98,333.99,339.0,540.3926
1773064800,338.88,339.99,336.02,339.65,193.3584
1773068400,339.01,339.07,337.23,338.62,24.019
1773072000,337.7,339.14,337.69,338.54,178.1162
1773075600,338.33,338.79,335.07,338.79,158.8966
1773079200,337.87,339.28,336.59,338.51,6.8112
1773082800,338.79,345.0,338.79,341.73,405.6676
1773086400,341.68,341.74,338.99,340.14,70.8029
1773090000,341.51,341.73,340.83,341.12,76.6546
1773093600,341.62,341.96,340.0,340.01,47.7525
1773097200,340.02,341.0,336.97,337.1,225.4521
1773100800,337.15,340.04,336.94,339.02,392.9146
1773104400,339.01,339.15,337.17,339.12,77.3031
1773108000,339.26,342.75,338.34,341.54,394.4515
1773111600,341.67,342.07,338.25,338.25,261.4516
1773115200,338.37,341.01,337.78,341.01,198.6989
1773118800,341.65,342.5,340.76,340.9,79.7897
1773122400,340.48,340.87,339.49,340.27,39.9473
1773126000,340.02,342.06,340.02,341.24,47.1477
1773129600,342.88,343.9,341.64,341.64,326.0476
1773133200,341.53,344.18,341.53,343.65,116.0619
1773136800,343.71,344.8,342.25,343.13,322.9889
1773140400,342.93,343.09,341.88,341.92,171.0835
1773144000,341.55,341.55,340.55,341.48,320.3531
1773147600,341.89,343.2,338.27,339.22,200.6991
1773151200,339.21,346.55,335.5,346.55,380.1639
1773154800,346.55,348.36,344.15,347.96,1257.1832
1773158400,347.94,348.19,345.8,347.39,132.0951
1773162000,348.5,348.57,345.04,346.0,107.3039
1773165600,345.47,345.47,339.21,339.26,125.2819
1773169200,339.47,340.0,337.98,338.68,79.1255
1773172800,338.59,339.5,338.59,339.36,64.1955
1773176400,340.0,340.0,336.2,337.66,234.5469
1773180000,337.7,337.95,335.78,337.16,132.0514
1773183600,337.52,340.18,336.89,337.87,379.8537
1773187200,338.44,339.63,338.15,339.32,101.0508
1773190800,340.97,340.97,338.57,339.75,46.3502
1773194400,339.85,339.88,338.01,338.47,92.4435
1773198000,339.49,339.49,338.01,338.02,53.4013
1773201600,338.01,342.0,338.01,342.0,29.8747
1773205200,342.43,342.43,338.31,338.31,127.7387
1773208800,338.65,339.69,338.49,339.41,29.7534
1773212400,339.4,339.4,336.39,337.45,133.6837
1773216000,337.17,339.34,336.12,336.51,318.9904
1773219600,336.95,336.95,334.43,334.43,239.4364
1773223200,334.73,336.88,334.62,336.14,35.5595
1773226800,335.43,335.82,333.55,333.56,286.9981
1773230400,333.85,336.89,333.13,335.94,135.7966
1773234000,335.63,343.77,335.63,338.43,103.9894
1773237600,338.9,342.5,338.51,341.0,157.9881
1773241200,341.17,341.17,334.0,336.14,160.444
1773244800,336.33,340.55,336.33,340.55,109.5782
1773248400,340.71,344.41,340.71,343.01,189.5396
1773252000,343.43,345.98,342.89,344.8,53.0021
1773255600,344.8,344.8,342.66,342.99,8.0247
1773259200,342.19,343.26,342.19,343.26,1.7836
1773262800,343.11,343.11,342.36,343.0,16.6076
1773266400,343.51,344.84,341.47,341.47,45.2364
1773270000,341.77,342.99,340.01,340.08,29.9921
1773273600,340.31,341.22,340.11,341.07,99.0209
1773277200,340.74,340.74,338.33,338.49,266.8594
1773280800,338.5,338.5,336.04,336.04,227.0385
1773284400,336.04,336.35,334.88,335.06,261.8848
1773288000,335.14,336.79,335.14,335.8,212.4544
1773291600,336.03,336.42,335.52,336.16,59.2622
1773295200,335.6,336.91,335.6,336.91,352.3739
1773298800,336.9,338.64,335.81,338.49,288.9689
1773302400,339.02,339.45,337.7,338.93,166.3515
1773306000,338.57,341.18,337.89,339.47,66.9962
1773309600,340.02,343.28,339.61,342.16,357.8784
1773313200,342.78,343.54,342.34,342.38,14.1713
1773316800,342.21,345.0,342.2,344.62,60.8473
1773320400,344.69,345.88,341.34,342.66,220.8883
1773324000,342.76,345.59,337.35,337.99,372.489
1773327600,337.93,342.92,337.01,341.4,320.0719
1773331200,341.43,343.0,339.22,342.95,83.0208
1773334800,342.61,342.61,341.31,341.67,121.0992
1773338400,341.0,341.0,339.0,339.0,6.4298
1773342000,339.01,342.48,338.97,342.48,9.4184
1773345600,342.13,342.13,341.05,341.05,12.2351
1773349200,341.11,341.58,339.7,341.58,191.2544
1773352800,341.06,341.45,339.82,340.03,12.1069
1773356400,342.01,343.3,342.01,342.47,244.531
1773360000,342.78,357.68,342.78,353.67,925.541
1773363600,353.66,355.85,353.38,355.68,517.9872
1773367200,354.74,354.99,350.12,350.12,237.3916
1773370800,350.58,353.51,349.58,352.81,640.4065
1773374400,352.57,352.57,351.02,351.63,195.5251
1773378000,351.63,351.63,349.97,349.98,193.6901
1773381600,350.42,350.71,347.51,348.11,328.4383
1773385200,348.1,349.75,347.23,349.43,303.8795
1773388800,349.4,352.44,348.76,351.28,181.5914
1773392400,351.34,352.84,349.97,352.62,125.4184
1773396000,352.62,355.55,352.62,354.99,366.6591
1773399600,355.25,355.83,354.75,355.83,79.9109
1773403200,355.8,359.0,355.4,358.41,264.953
1773406800,358.63,362.87,358.02,361.84,284.6268
1773410400,362.0,365.0,356.15,356.36,570.286
1773414000,356.36,358.5,351.71,351.71,627.9202
1773417600,351.67,353.01,350.5,352.93,126.9592
1773421200,352.93,353.91,349.56,349.75,74.9831
1773424800,349.95,350.92,349.0,349.81,51.6406
1773428400,349.78,349.78,348.4,348.99,0.1147
1773432000,349.66,350.89,349.66,350.67,21.707
1773435600,350.36,350.92,349.08,349.57,92.2523
1773439200,348.89,348.89,346.9,347.12,130.8982
1773442800,346.91,347.95,346.91,347.73,116.3737
1773446400,347.59,348.31,347.4,347.44,29.0915
1773450000,347.47,348.35,347.41,348.35,33.8497
1773453600,348.15,348.45,347.56,347.84,34.2953
1773457200,348.55,350.14,348.44,349.31,33.3061
1773460800,349.31,350.2,349.3,349.3,18.5572
1773464400,349.3,349.3,348.01,348.2,44.2896
1773468000,348.0,348.0,344.05,345.25,152.8724
1773471600,345.39,345.6,345.02,345.2,139.0238
1773475200,345.2,345.67,344.76,344.76,139.3444
1773478800,344.77,345.09,343.5,343.74,42.5661
1773482400,343.63,343.75,343.0,343.0,48.8506
1773486000,343.0,343.89,343.0,343.89,177.626
1773489600,344.03,344.44,343.87,344.43,86.6642
1773493200,344.51,345.12,344.31,344.31,49.5552
1773496800,344.54,344.58,342.34,343.32,309.9561
1773500400,343.32,343.43,343.05,343.23,39.3746
1773504000,343.07,343.98,340.88,343.78,646.4996
1773507600,343.88,343.88,343.27,343.49,45.4026
1773511200,343.12,344.06,343.12,344.06,27.533
1773514800,343.69,344.22,343.69,343.83,16.3672
1773518400,344.19,344.19,344.19,344.19,1.4526
1773522000,343.97,344.8,343.32,344.8,5.793
1773525600,344.64,345.93,344.64,345.13,407.557
1773529200,346.94,348.5,346.94,347.96,32.5099
1773532800,347.78,348.63,347.53,348.02,14.6589
1773536400,347.37,347.57,346.91,346.91,3.3113
1773540000,347.28,350.0,347.28,349.47,195.5831
1773543600,349.68,349.68,347.61,347.61,29.0347
1773547200,347.61,348.79,347.61,348.79,9.7659
1773550800,348.79,350.0,348.79,349.81,145.8594
1773554400,349.84,350.0,349.01,349.57,33.8599
1773558000,349.51,349.99,349.01,349.02,65.0169
1773561600,349.0,349.88,348.8,349.7,52.6148
1773565200,350.0,351.35,350.0,350.02,281.8451
1773568800,350.23,350.37,350.0,350.0,47.9685
1773572400,350.0,350.64,349.48,350.27,48.3843
1773576000,350.35,350.35,349.55,349.55,13.4826
1773579600,349.54,349.63,346.65,347.03,374.6456
1773583200,347.61,347.61,347.01,347.01,75.6501
1773586800,348.02,348.15,347.31,348.15,25.2475
1773590400,347.31,347.98,346.23,346.23,18.7557
1773594000,346.99,350.14,346.99,350.14,5.7895
1773597600,349.77,350.43,347.46,347.46,9.1958
1773601200,348.04,348.87,348.04,348.05,0.8651
1773604800,348.4,351.0,348.4,350.81,13.6134
1773608400,350.84,355.11,350.64,354.99,194.9601
1773612000,355.0,364.99,355.0,364.79,402.8207
1773615600,364.98,366.29,361.37,363.08,321.9315
1773619200,363.37,365.91,362.08,362.82,532.0489
1773622800,362.82,362.82,360.7,362.76,76.1328
1773626400,362.77,363.0,359.56,360.58,686.5061
1773630000,360.23,368.97,360.23,366.91,550.6741
1773633600,366.97,369.04,366.01,368.41,287.4908
1773637200,368.41,369.9,367.16,369.7,133.4326
1773640800,369.69,369.69,366.49,367.72,170.4822
1773644400,367.68,368.65,367.39,367.69,347.0106
1773648000,367.7,369.24,364.44,364.86,249.8638
1773651600,365.14,367.88,364.73,366.87,261.1957
1773655200,367.06,369.68,366.95,369.49,94.2907
1773658800,369.48,369.48,368.35,368.65,57.1207
1773662400,369.5,369.99,368.5,369.01,42.5368
1773666000,369.01,373.88,368.06,368.12,684.4431
1773669600,368.06,373.89,363.55,367.45,424.3333
1773673200,367.84,370.12,367.0,367.0,496.6846
1773676800,366.62,369.09,366.49,369.09,123.7911
1773680400,369.46,371.0,369.01,369.9,107.3703
1773684000,370.59,373.0,370.59,371.19,68.9938
1773687600,371.18,373.97,370.46,373.49,378.8331
1773691200,373.97,377.19,373.96,377.09,118.8546
1773694800,376.56,379.49,376.45,378.21,88.191
1773698400,378.2,382.48,378.13,378.13,450.7664
1773702000,378.13,378.62,375.14,377.87,477.7232
1773705600,377.7,380.0,373.6,374.24,206.0915
1773709200,374.92,376.82,373.52,376.82,362.4065
1773712800,375.9,376.08,373.01,374.86,128.4954
1773716400,374.6,374.6,369.05,369.99,254.3953
1773720000,369.98,370.21,367.07,368.71,248.7077
1773723600,368.54,370.0,367.8,368.85,584.4538
1773727200,368.9,370.75,368.4,369.83,83.6996
1773730800,369.89,372.28,369.89,371.72,246.2257
1773734400,371.71,373.42,371.12,371.34,453.3885
1773738000,371.23,372.3,369.5,369.5,143.7159
1773741600,369.83,369.83,367.16,367.16,71.1678
1773745200,368.54,369.27,368.23,368.91,194.098
1773748800,369.74,369.74,367.38,367.38,17.4927
1773752400,367.41,371.72,367.34,368.81,155.3292
1773756000,368.98,372.0,368.21,371.98,68.2818
1773759600,372.0,374.1,367.55,369.34,321.0548
1773763200,370.25,372.88,370.25,371.87,195.7223
1773766800,372.0,372.49,371.4,372.26,83.9976
1773770400,372.47,375.91,372.47,374.7,17.9955
1773774000,375.4,375.4,374.05,374.05,0.3552
1773777600,372.38,372.38,371.78,372.33,0.5861
1773781200,373.36,374.82,373.36,374.81,41.5992
1773784800,375.0,375.4,372.39,374.47,140.2202
1773788400,374.74,375.16,371.58,372.25,72.3198
1773792000,371.77,372.83,370.05,371.54,205.1909
1773795600,371.55,372.43,370.69,370.69,54.9148
1773799200,370.69,373.1,370.69,372.65,90.4641
1773802800,372.91,374.67,372.64,373.02,304.2835
1773806400,372.64,372.64,369.51,369.51,68.8818
1773810000,369.78,369.99,369.2,369.2,115.7419
1773813600,369.21,371.28,369.21,370.66,309.9306
1773817200,370.0,370.32,369.81,369.82,72.6228
1773820800,370.0,370.63,369.87,370.03,105.9822
1773824400,370.02,371.2,370.02,370.91,62.5515
1773828000,370.98,371.79,369.0,369.01,188.5303
1773831600,369.45,369.98,363.01,363.01,751.8885
1773835200,363.0,363.0,357.05,357.06,543.3848
1773838800,357.05,357.1,355.1,356.02,402.2661
1773842400,356.29,356.34,351.13,351.49,304.6296
1773846000,351.43,352.44,350.44,352.22,606.5867
1773849600,351.82,351.82,350.26,351.02,153.4194
1773853200,350.97,355.54,350.79,354.95,46.8413
1773856800,355.99,357.81,353.06,353.1,32.8135
1773860400,353.78,354.78,353.73,353.73,43.4008
1773864000,353.91,355.46,351.36,355.46,118.9483
1773867600,355.17,357.0,355.17,357.0,31.5851
1773871200,357.01,357.01,356.01,356.01,52.1011
1773874800,356.01,356.01,355.01,355.49,93.6905
1773878400,355.55,356.5,355.49,356.46,28.2091
1773882000,356.17,357.08,356.07,357.05,196.5807
1773885600,356.03,357.24,356.03,356.09,39.3084
1773889200,356.1,360.97,356.1,359.57,316.4798
1773892800,358.78,358.78,355.55,355.8,101.0899
1773896400,355.8,360.21,355.32,355.32,333.3596
1773900000,355.24,356.26,355.23,355.96,92.2604
1773903600,356.11,356.66,352.05,354.65,214.8355
1773907200,354.75,354.75,353.65,353.9,171.3956
1773910800,353.9,357.29,353.23,356.95,132.0265
1773914400,356.63,357.95,355.8,355.8,46.342
1773918000,355.8,356.16,354.75,354.82,20.2146
1773921600,354.83,354.83,350.05,350.05,153.6558
1773925200,350.06,351.54,348.01,351.21,532.7875
1773928800,351.55,351.55,348.01,349.99,195.6774
1773932400,349.99,351.15,347.01,348.19,199.7076
1773936000,347.44,348.22,346.08,347.87,241.2136
1773939600,347.41,350.32,346.44,349.95,113.3697
1773943200,349.87,350.21,348.21,349.39,39.8331
1773946800,350.19,352.99,350.19,352.21,31.8286
1773950400,351.64,352.78,351.64,352.55,43.9487
1773954000,352.55,353.46,352.04,352.99,103.8504
1773957600,353.07,353.07,351.04,351.26,77.1114
1773961200,351.69,352.76,351.25,351.25,7.6064
1773964800,351.97,353.55,351.97,353.15,129.7015
1773968400,354.03,354.8,353.82,353.82,20.7405
1773972000,353.88,354.21,351.94,353.44,119.3428
1773975600,353.27,354.55,353.27,354.46,115.5652
1773979200,354.36,354.82,352.0,353.19,186.674
1773982800,353.13,353.95,352.54,353.95,8.3399
1773986400,353.15,353.15,352.41,352.87,50.0526
1773990000,352.4,354.16,351.01,354.16,75.9807
1773993600,354.13,357.53,354.13,355.69,251.91
1773997200,355.38,355.38,351.43,352.53,76.5188
1774000800,352.18,354.44,351.88,354.43,7.5303
1774004400,354.09,354.57,352.47,352.47,29.3218
1774008000,353.51,354.14,353.11,353.2,61.2762
1774011600,353.49,354.64,351.94,352.19,49.1129
1774015200,352.19,355.66,351.53,354.01,106.9667
1774018800,354.01,354.01,351.78,352.58,52.5882
1774022400,353.26,353.77,352.5,352.79,37.0978
1774026000,352.95,353.08,350.52,352.98,1082.6288
1774029600,352.84,352.96,350.63,351.2,13.5338
1774033200,351.87,352.21,350.86,352.21,11.8144
1774036800,352.79,353.45,352.37,353.2,7.5542
1774040400,353.22,356.2,353.21,355.47,20.3177
1774044000,355.73,357.44,355.73,357.39,48.1329
1774047600,357.24,357.24,356.13,356.13,30.5671
1774051200,356.25,357.14,356.25,356.85,39.3448
1774054800,357.0,357.29,356.31,356.31,106.6675
1774058400,356.17,358.0,356.17,358.0,51.6357
1774062000,358.0,358.96,358.0,358.96,288.0568
1774065600,358.97,359.98,358.04,358.04,42.1593
1774069200,358.84,359.55,357.56,357.61,25.4877
1774072800,358.31,358.62,358.04,358.61,43.8677
1774076400,358.62,358.66,358.61,358.62,40.2991
1774080000,358.62,358.65,357.41,357.74,86.9701
1774083600,357.74,359.24,357.74,359.14,92.272
1774087200,359.05,359.06,356.78,358.07,42.4118
1774090800,358.06,358.06,357.83,357.91,54.6994
1774094400,357.97,358.78,357.92,358.78,24.364
1774098000,358.8,358.82,358.21,358.21,259.5667
1774101600,358.05,359.05,356.89,356.89,40.3556
1774105200,356.52,357.56,355.69,357.23,72.3893
1774108800,357.24,357.79,356.32,356.35,43.2287
1774112400,356.6,356.6,355.95,356.12,63.4356
1774116000,356.16,357.35,356.08,356.94,69.3659
1774119600,356.98,357.03,356.49,356.49,10.7617
1774123200,356.59,358.27,356.59,357.84,47.8042
1774126800,357.8,357.89,357.17,357.17,15.9029
1774130400,356.88,357.36,356.88,356.99,45.0847
1774134000,356.28,356.55,347.82,347.82,328.6024
1774137600,347.53,348.51,345.23,347.4,376.8104
1774141200,347.48,348.54,346.82,347.64,174.7016
1774144800,348.28,351.04,348.14,350.85,141.8
1774148400,350.69,353.37,349.54,352.89,112.6654
1774152000,353.69,354.54,353.12,354.27,53.0957
1774155600,353.42,353.5,352.59,352.59,71.5973
1774159200,352.43,352.43,351.61,351.92,65.6431
1774162800,351.91,352.25,351.0,351.01,24.0592
1774166400,351.0,351.0,347.79,348.65,119.3936
1774170000,349.04,349.71,348.59,348.7,20.9875
1774173600,348.62,349.51,348.62,349.19,24.2576
1774177200,349.18,349.28,347.37,347.37,52.9072
1774180800,347.56,348.46,347.12,348.14,67.5652
1774184400,349.74,349.74,347.81,348.13,15.1966
1774188000,347.87,349.17,347.67,348.08,42.5349
1774191600,347.92,348.41,347.68,348.41,18.9637
1774195200,348.41,349.85,348.41,349.09,342.3725
1774198800,348.81,349.09,348.15,348.37,18.9271
1774202400,348.36,348.36,346.65,346.65,59.3633
1774206000,347.44,347.54,346.13,346.95,155.9495
1774209600,347.9,347.98,346.1,346.1,22.9407
1774213200,346.0,346.0,341.38,342.54,326.7808
1774216800,342.1,346.49,342.08,346.35,31.3164
1774220400,346.35,347.06,342.52,344.13,400.1496
1774224000,344.13,345.49,341.73,342.68,481.2213
1774227600,342.34,344.66,342.34,343.49,135.9596
1774231200,343.1,346.22,342.7,345.03,103.6056
1774234800,346.58,346.58,344.35,344.46,184.8949
1774238400,344.71,345.88,344.27,345.81,406.3694
1774242000,345.95,347.32,345.95,347.32,26.2379
1774245600,346.84,346.84,343.03,343.03,116.3744
1774249200,343.03,344.23,341.55,343.99,413.2764
1774252800,344.14,345.32,344.14,344.59,33.7038
1774256400,344.13,344.13,340.28,341.71,464.6688
1774260000,341.94,343.0,341.52,342.98,113.5463
1774263600,342.99,364.32,342.68,353.05,904.2442
1774267200,352.76,358.84,352.05,358.84,75.4978
1774270800,358.59,362.0,357.64,361.99,236.3385
1774274400,362.0,362.99,361.55,362.91,78.1563
1774278000,362.92,364.99,356.72,357.03,411.7034
1774281600,357.21,358.49,355.07,358.22,260.8353
1774285200,358.57,361.73,356.0,361.73,89.2368
1774288800,361.75,362.98,360.75,362.98,28.3671
1774292400,362.52,363.39,362.52,363.26,247.1647
1774296000,361.7,364.0,361.7,364.0,39.5443
1774299600,363.7,363.88,362.6,363.88,10.5165
1774303200,363.13,363.13,360.43,362.11,245.6141
1774306800,362.01,362.01,360.46,361.29,36.0619
1774310400,361.2,361.2,358.35,359.58,202.1627
1774314000,359.21,359.48,356.99,357.77,429.6564
1774317600,357.77,357.77,357.1,357.1,38.989
1774321200,356.48,356.98,355.87,356.98,103.4765
1774324800,357.36,358.65,356.43,357.44,239.4231
1774328400,357.31,357.31,356.04,356.58,213.3371
1774332000,356.65,357.9,356.65,357.85,25.7021
1774335600,358.7,363.3,358.7,363.3,98.9317
1774339200,363.3,363.31,361.68,363.31,221.304
1774342800,362.69,364.49,361.45,364.49,133.0195
1774346400,364.49,364.98,363.94,364.02,13.1024
1774350000,363.6,364.99,362.83,362.93,218.7226
1774353600,363.46,363.46,363.02,363.02,1.7029
1774357200,363.08,363.28,356.05,356.05,63.6344
1774360800,356.62,356.62,352.7,353.52,235.1744
1774364400,355.84,357.44,355.53,355.92,137.7604
1774368000,355.76,356.13,353.87,354.32,59.5305
1774371600,354.0,354.0,352.71,353.21,142.7584
1774375200,353.58,354.31,353.11,353.44,97.6562
1774378800,352.73,353.31,351.66,351.66,36.2598
1774382400,352.74,357.07,352.74,357.07,116.2125
1774386000,357.4,358.0,356.99,358.0,1.5802
1774389600,358.48,358.8,357.92,358.34,45.4954
1774393200,358.34,360.97,357.96,360.54,96.7859
1774396800,360.18,362.23,360.01,362.0,75.779
1774400400,361.52,361.53,360.43,360.71,47.7995
1774404000,360.36,361.94,360.36,361.94,35.415
1774407600,361.16,364.31,360.13,364.25,114.1499
1774411200,363.45,364.12,363.13,364.12,75.7521
1774414800,364.59,367.53,364.59,366.08,231.3544
1774418400,366.1,367.76,366.06,367.0,89.9154
1774422000,366.39,366.39,363.88,363.88,80.3663
1774425600,364.02,366.99,363.76,365.92,225.7721
1774429200,365.9,367.38,365.72,365.72,131.8369
1774432800,366.76,367.23,366.44,367.23,25.317
1774436400,367.38,370.98,366.86,369.0,1074.4914
1774440000,369.75,370.98,366.57,370.98,106.6807
1774443600,370.37,370.37,369.27,369.27,30.7866
1774447200,368.24,368.48,365.89,366.03,147.5555
1774450800,365.84,365.85,362.88,364.86,127.586
1774454400,364.8,367.76,364.37,366.92,439.466
1774458000,366.63,366.66,365.53,365.67,10.9097
1774461600,365.02,365.99,364.18,364.19,230.5923
1774465200,365.11,365.11,364.38,364.79,5.2947
1774468800,364.0,364.0,362.89,363.98,10.3265
1774472400,363.61,363.61,362.82,363.18,38.4007
1774476000,362.61,364.8,362.07,364.63,43.2782
1774479600,364.59,364.7,364.13,364.55,93.0303
1774483200,364.51,365.49,364.07,365.49,26.0796
1774486800,365.13,365.81,364.69,365.81,92.6314
1774490400,364.79,364.82,362.3,362.97,99.4983
1774494000,362.88,363.88,362.33,363.85,54.6003
1774497600,363.26,363.26,362.71,362.93,16.6987
1774501200,362.87,362.87,358.05,358.06,189.0288
1774504800,358.06,358.06,356.05,356.59,70.72
1774508400,356.51,357.14,356.5,356.98,1063.1562
1774512000,356.62,356.62,355.09,355.79,66.1027
1774515600,355.73,356.2,352.62,353.41,154.8636
1774519200,353.17,353.81,352.62,352.62,72.6267
1774522800,352.62,352.78,351.26,351.26,142.3694
1774526400,351.26,352.19,351.25,351.25,264.6605
1774530000,351.44,353.53,351.0,352.09,264.4289
1774533600,352.67,353.27,350.79,350.79,332.8044
1774537200,350.67,351.54,348.8,351.48,810.0999
1774540800,351.48,351.68,350.01,350.01,112.3846
1774544400,350.01,350.93,347.5,347.88,152.2277
1774548000,348.21,348.22,345.06,345.54,654.8448
1774551600,345.27,345.51,344.0,344.0,172.2041
1774555200,343.26,348.53,343.26,346.56,279.0623
1774558800,346.46,349.35,346.46,349.0,27.3414
1774562400,349.0,349.0,346.22,348.28,20.0117
1774566000,348.82,348.91,346.3,347.24,130.1387
1774569600,347.29,348.29,346.29,347.46,115.2853
1774573200,348.52,349.47,347.27,349.47,293.7963
1774576800,349.22,349.42,348.18,348.82,124.0182
1774580400,348.59,348.59,347.14,347.52,149.6524
1774584000,347.01,347.01,345.79,346.73,332.7015
1774587600,346.59,348.67,346.21,346.51,257.1757
1774591200,346.48,347.28,346.48,346.87,74.2251
1774594800,346.83,347.49,346.01,346.03,86.0752
1774598400,346.48,346.48,341.1,343.07,910.4283
1774602000,342.92,343.43,341.1,342.99,529.3518
1774605600,342.11,343.0,336.18,336.18,675.8935
1774609200,336.18,337.66,335.0,337.44,454.122
1774612800,337.25,337.5,336.46,336.65,346.4328
1774616400,336.89,338.4,335.66,336.64,316.4261
1774620000,337.17,338.37,336.01,337.84,166.721
1774623600,338.01,341.0,337.38,338.58,195.6823
1774627200,339.16,339.16,336.01,338.13,133.6687
1774630800,338.13,338.33,335.0,335.01,150.557
1774634400,335.0,335.65,334.41,335.02,41.9695
1774638000,334.17,335.94,334.14,335.94,29.3425
1774641600,336.28,336.29,334.51,335.94,53.1939
1774645200,335.87,336.74,335.23,335.53,71.8599
1774648800,335.02,335.77,334.67,335.42,27.303
1774652400,335.43,337.03,335.0,337.03,36.1614
1774656000,336.83,336.86,335.03,335.75,145.8688
1774659600,335.73,335.96,334.51,335.43,88.2426
1774663200,335.46,336.31,334.53,335.1,137.7672
1774666800,335.12,335.66,334.9,335.08,24.6197
1774670400,335.14,335.8,334.51,334.85,136.433
1774674000,335.04,335.68,334.35,335.12,113.6855
1774677600,335.19,337.34,334.96,337.18,79.572
1774681200,337.16,338.82,336.98,338.82,121.601
1774684800,338.83,339.05,338.02,338.21,374.4288
1774688400,338.21,338.21,336.62,336.74,123.7999
1774692000,336.74,337.92,335.01,336.52,111.5747
1774695600,336.52,336.67,335.03,335.53,295.0529
1774699200,336.2,337.11,335.0,335.0,156.488
1774702800,335.01,339.8,335.01,338.0,167.6428
1774706400,337.45,337.99,335.52,336.82,15.1068
1774710000,337.0,339.99,336.35,338.56,141.7001
1774713600,338.95,339.14,337.78,337.78,7.5258
1774717200,337.95,337.95,336.27,336.62,32.0496
1774720800,337.04,337.23,337.03,337.04,12.4306
1774724400,337.03,337.03,335.56,335.89,49.8981
1774728000,335.89,337.43,335.89,337.43,23.0727
1774731600,336.59,336.59,333.6,333.6,165.7069
1774735200,333.77,334.9,333.77,334.78,1.1671
1774738800,333.95,333.95,330.9,331.4,259.5249
1774742400,331.59,332.19,331.0,331.89,119.4269
1774746000,332.08,333.32,331.9,333.32,50.6313
1774749600,334.2,334.2,334.18,334.18,4.4816
1774753200,334.33,335.89,334.3,335.27,131.152
1774756800,335.0,335.01,334.49,334.74,41.6846
1774760400,334.04,334.04,333.01,334.02,2.2618
1774764000,334.19,334.4,332.83,332.83,59.4836
1774767600,333.06,333.06,332.82,333.06,38.9538
1774771200,333.01,333.06,332.87,333.06,28.1532
1774774800,333.0,333.04,332.11,332.84,39.333
1774778400,332.65,332.65,332.0,332.09,92.8607
1774782000,332.09,334.65,332.09,333.91,116.8854
1774785600,333.82,333.82,332.45,333.09,56.4646
1774789200,333.12,333.12,331.02,331.14,452.5446
1774792800,331.04,331.73,331.0,331.15,62.5648
1774796400,331.27,331.66,330.36,330.94,35.8742
1774800000,330.85,331.73,330.53,330.53,41.7149
1774803600,330.54,330.94,329.0,329.77,540.4863
1774807200,330.0,331.11,329.77,330.87,47.7253
1774810800,331.06,331.06,330.54,330.54,2.7346
1774814400,330.53,331.96,330.49,331.96,8.9346
1774818000,331.96,331.96,331.96,331.96,0.0
1774821600,330.49,330.79,321.05,327.08,764.8097
1774825200,327.6,329.93,327.6,329.82,182.4038
1774828800,329.04,333.99,328.02,331.67,271.2668
1774832400,331.99,334.39,331.99,334.32,15.3692
1774836000,334.18,337.94,333.17,337.94,118.9359
1774839600,335.93,336.58,335.69,336.41,251.995
1774843200,336.5,341.92,336.5,338.37,269.3412
1774846800,338.94,339.7,337.1,337.1,49.9209
1774850400,337.88,337.88,337.01,337.01,11.675
1774854000,337.48,339.59,337.12,338.94,57.6302
1774857600,339.54,341.88,339.54,340.93,39.0254
1774861200,340.8,340.95,340.02,340.02,32.9456
1774864800,340.01,340.01,338.32,338.96,240.9327
1774868400,338.99,341.12,338.98,340.05,420.9436
1774872000,340.66,341.44,340.21,341.44,18.875
1774875600,341.25,342.92,340.0,340.0,42.6695
1774879200,340.0,342.85,338.78,340.45,89.8384
1774882800,340.52,342.03,339.78,341.35,64.6416
1774886400,341.34,341.34,339.53,339.94,44.9499
1774890000,339.98,340.0,336.42,336.43,339.5905
1774893600,336.44,336.44,334.12,334.12,72.9894
1774897200,334.06,334.06,332.5,332.5,48.2021
1774900800,334.85,334.85,333.87,334.56,16.3343
1774904400,335.02,337.32,335.02,335.93,29.7183
1774908000,335.48,335.48,334.65,334.65,19.5946
1774911600,333.79,333.79,333.06,333.21,105.0395
1774915200,333.59,334.61,332.76,334.05,28.7661
1774918800,334.48,340.59,334.46,338.25,71.2809
1774922400,338.59,339.27,337.84,338.3,88.2326
1774926000,337.8,337.91,336.37,336.76,146.6663
1774929600,336.91,337.51,336.36,336.36,97.1856
1774933200,336.34,337.0,335.0,337.0,37.3687
1774936800,337.16,337.16,335.18,336.63,51.9578
1774940400,336.41,336.49,334.49,335.49,73.2713
1774944000,335.07,335.46,333.01,333.08,46.5569
1774947600,333.0,333.01,325.06,325.87,473.3811
1774951200,325.87,327.45,325.87,327.27,145.9745
1774954800,327.27,327.99,326.22,327.99,111.1824
1774958400,328.46,328.88,326.42,328.09,77.0698
1774962000,328.11,331.94,328.11,331.91,180.6884
1774965600,332.3,334.16,326.5,326.5,738.6262
1774969200,327.17,330.26,327.17,327.86,30.805
1774972800,328.0,333.54,327.8,333.08,14.0146
1774976400,333.07,336.87,333.0,333.0,128.8575
1774980000,335.37,335.37,334.77,334.77,9.6283
1774983600,334.38,334.66,334.38,334.66,1.4539
1774987200,335.38,335.7,335.1,335.7,3.1886
1774990800,335.69,335.69,334.37,335.18,53.0683
1774994400,334.81,334.81,334.1,334.51,6.3262
1774998000,334.3,336.1,334.3,336.1,103.9665
1775001600,336.03,336.32,335.01,336.32,65.5246
1775005200,336.39,336.44,334.69,334.69,179.1508
1775008800,334.45,334.45,333.44,333.61,40.3548
1775012400,333.9,336.46,333.9,336.32,162.3214
1775016000,336.89,338.0,336.38,337.99,96.2822
1775019600,337.42,339.95,337.42,339.68,154.4282
1775023200,339.95,341.0,339.5,340.73,218.8204
1775026800,340.71,340.91,338.58,338.59,52.4356
1775030400,338.58,338.58,336.96,336.96,86.7948
1775034000,336.95,336.98,335.14,336.0,282.3466
1775037600,335.76,336.02,335.04,336.02,14.8552
1775041200,335.82,336.4,335.19,335.91,47.0306
1775044800,335.73,336.47,334.01,334.8,81.8497
1775048400,334.69,336.13,333.0,333.52,428.5957
1775052000,333.31,336.0,333.08,336.0,44.5811
1775055600,336.21,336.67,335.13,336.67,9.9759
1775059200,337.1,343.06,336.19,341.94,264.2778
1775062800,343.86,347.48,340.39,341.48,342.5261
1775066400,339.11,339.11,337.77,337.77,1.4161
1775070000,338.2,339.05,338.2,339.05,26.8389
1775073600,337.19,337.19,332.31,332.94,729.6744
1775077200,332.82,333.95,328.03,329.26,260.2756
1775080800,329.32,329.56,325.73,326.44,167.7871
1775084400,326.75,328.18,326.55,327.18,152.3791
1775088000,327.15,328.91,326.57,328.49,414.5734
1775091600,328.12,328.12,319.01,320.03,1065.7568
1775095200,319.75,319.76,317.0,318.26,344.8082
1775098800,318.14,320.58,318.04,319.2,205.9338
1775102400,319.51,320.16,319.22,319.71,168.3736
1775106000,319.72,320.84,318.41,320.84,137.738
1775109600,320.77,321.54,320.15,320.37,81.6036
1775113200,320.38,322.74,320.35,322.74,40.5249
1775116800,322.73,322.96,320.77,320.89,134.2073
1775120400,320.94,321.56,320.76,321.55,14.4161
1775124000,321.41,321.47,320.0,320.05,134.219
1775127600,320.06,320.46,317.95,317.96,297.2299
1775131200,318.01,318.49,316.65,316.65,363.7033
1775134800,316.94,317.29,311.78,315.58,1099.9204
1775138400,315.07,322.85,315.01,321.77,115.2901
1775142000,320.86,320.93,318.3,320.06,74.2695
1775145600,321.02,323.02,320.0,322.88,118.1067
1775149200,322.88,323.2,319.99,319.99,14.887
1775152800,319.46,320.33,319.07,319.07,4.4044
1775156400,320.94,320.94,320.42,320.42,4.4714
1775160000,321.02,321.89,321.02,321.11,18.5575
1775163600,321.0,321.0,320.0,320.0,39.7537
1775167200,320.15,320.93,320.15,320.65,20.2008
1775170800,320.39,320.39,320.15,320.27,3.9654
1775174400,320.34,321.43,320.14,320.97,137.2182
1775178000,321.3,322.97,320.32,320.77,143.0973
1775181600,320.73,322.37,320.15,321.7,52.1029
1775185200,321.85,321.85,320.71,320.71,12.8012
1775188800,320.22,322.02,320.22,321.1,101.902
1775192400,321.33,321.98,320.69,321.17,32.8963
1775196000,320.64,322.43,320.64,322.24,57.9071
1775199600,321.82,323.17,321.62,323.11,38.5656
1775203200,323.11,323.88,322.93,322.93,97.8272
1775206800,322.94,323.95,322.94,323.54,102.6768
1775210400,323.5,324.41,323.04,323.52,39.8624
1775214000,324.46,325.0,323.91,323.91,94.7379
1775217600,324.27,326.0,321.17,321.17,156.0829
1775221200,321.05,321.75,321.01,321.38,68.1049
1775224800,323.03,324.0,322.88,324.0,37.539
1775228400,324.27,325.7,324.27,325.31,46.0674
1775232000,325.0,325.23,324.23,325.23,7.1073
1775235600,325.01,325.01,323.01,323.5,48.1961
1775239200,323.99,324.56,323.75,323.76,2.5539
1775242800,323.51,323.59,323.51,323.59,18.7682
1775246400,323.99,323.99,323.99,323.99,15.3309
1775250000,324.0,325.0,324.0,324.86,1.4206
1775253600,324.14,324.14,323.08,323.68,32.2417
1775257200,324.03,324.03,324.03,324.03,0.5597
1775260800,323.93,324.24,323.93,324.01,1.737
1775264400,324.0,324.0,323.79,323.79,31.8499
1775268000,323.81,324.43,323.81,324.01,37.9521
1775271600,324.49,324.49,324.13,324.14,38.8151
1775275200,324.22,324.64,324.22,324.58,9.2014
1775278800,324.26,324.56,324.26,324.38,46.8985
1775282400,324.34,325.0,324.26,325.0,20.8558
1775286000,325.23,325.24,324.62,324.68,20.4713
1775289600,324.68,324.7,323.78,323.78,17.9255
1775293200,323.65,324.11,323.63,324.11,2.5617
1775296800,324.31,324.75,324.19,324.74,12.4276
1775300400,324.57,324.71,324.53,324.58,137.3948
1775304000,324.53,324.53,324.17,324.17,31.986
1775307600,324.23,324.39,324.16,324.24,92.6234
1775311200,324.16,324.53,323.0,324.53,46.9563
1775314800,324.9,329.1,324.89,328.17,119.9243
1775318400,328.41,329.2,327.44,327.44,21.2222
1775322000,326.78,327.63,326.78,327.63,12.0906
1775325600,327.97,327.97,327.97,327.97,0.4731
1775329200,327.29,328.45,327.29,327.52,5.0395
1775332800,327.03,327.03,327.02,327.02,3.3673
1775336400,327.36,327.43,327.36,327.43,0.2076
1775340000,327.46,327.72,327.45,327.72,20.4585
1775343600,327.08,327.23,326.89,327.23,2.3911
1775347200,326.89,326.89,326.77,326.77,1.2597
1775350800,326.58,326.78,326.58,326.65,3.9757
1775354400,326.0,326.23,325.74,326.23,69.6007
1775358000,326.34,326.34,325.9,326.12,26.8265
1775361600,325.89,326.07,325.84,326.07,80.5189
1775365200,325.59,325.66,325.08,325.19,48.2932
1775368800,325.76,325.76,322.24,323.2,128.5156
1775372400,323.3,323.51,322.71,322.73,38.9614
1775376000,322.73,323.09,322.72,322.72,33.3473
1775379600,322.87,323.67,322.87,323.52,26.2259
1775383200,323.55,324.43,323.51,323.51,100.6525
1775386800,323.64,323.68,323.64,323.68,1.2866
1775390400,323.72,323.72,320.0,320.0,101.811
1775394000,320.63,320.63,319.38,320.45,112.4971
1775397600,321.0,322.0,321.0,321.42,218.0952
1775401200,321.39,324.41,320.6,323.0,60.9977
1775404800,322.48,322.84,322.47,322.47,3.7405
1775408400,321.98,323.19,321.77,323.19,11.3551
1775412000,322.99,323.19,322.99,323.19,0.5434
1775415600,324.19,324.19,324.19,324.19,2.0598
1775419200,323.36,323.36,323.0,323.0,6.3893
1775422800,322.81,322.81,322.38,322.38,0.3547
1775426400,321.47,325.0,320.95,325.0,12.333
1775430000,325.0,330.54,325.0,330.48,221.8407
1775433600,330.69,333.54,330.69,332.26,233.9158
1775437200,331.9,331.9,328.98,329.68,258.2474
1775440800,329.98,332.34,329.98,332.34,42.0552
1775444400,332.05,332.05,329.85,330.21,23.9286
1775448000,330.66,330.68,329.66,330.01,29.8861
1775451600,330.0,330.01,329.67,329.74,33.4536
1775455200,329.75,329.75,326.7,328.19,144.7979
1775458800,328.18,329.68,327.43,329.34,25.3528
1775462400,329.09,330.45,329.03,329.8,81.3027
1775466000,330.12,333.32,330.12,331.6,241.4034
1775469600,331.62,332.97,331.62,332.16,44.8251
1775473200,332.16,332.16,331.42,331.42,60.3625
1775476800,331.37,331.59,330.66,330.99,191.3645
1775480400,330.99,331.97,330.65,331.12,33.3739
1775484000,331.99,331.99,329.03,330.24,87.9005
1775487600,330.11,331.01,330.0,330.96,36.0142
1775491200,330.94,330.94,328.5,328.5,7.9871
1775494800,327.35,328.04,326.74,328.0,121.08
1775498400,327.88,329.91,327.88,329.06,0.8713
1775502000,329.05,329.05,328.23,328.37,1.4965
1775505600,329.21,329.67,329.21,329.67,1.304
1775509200,329.65,329.65,327.71,327.71,8.5249
1775512800,327.21,327.21,323.18,323.18,36.1267
1775516400,323.0,323.0,320.6,322.93,200.5059
1775520000,322.77,322.89,321.16,322.16,94.0501
1775523600,322.16,322.9,320.81,320.81,154.3713
1775527200,321.06,322.18,321.06,322.0,52.5584
1775530800,322.09,322.41,321.82,322.1,59.4608
1775534400,322.11,323.47,322.11,322.75,9.0495
1775538000,322.75,322.75,321.85,321.86,157.8866
1775541600,321.87,321.87,321.43,321.44,27.3544
1775545200,321.92,322.59,321.92,322.52,18.2327
1775548800,322.59,323.6,322.59,323.44,105.3438
1775552400,323.44,324.76,323.44,324.52,43.6121
1775556000,324.1,324.1,320.61,320.7,85.6807
1775559600,320.7,320.97,319.51,320.01,196.093
1775563200,320.23,320.23,318.55,319.86,199.115
1775566800,319.76,320.03,319.09,320.03,27.0511
1775570400,319.34,319.34,317.24,318.5,123.8804
1775574000,318.01,318.95,317.5,318.87,233.4087
1775577600,318.78,319.51,318.77,319.12,25.4466
1775581200,319.15,326.34,319.01,323.91,51.7641
1775584800,323.74,323.74,323.74,323.74,7.0451
1775588400,322.56,330.0,322.56,329.99,43.8797
1775592000,330.0,331.82,330.0,330.82,77.9791
1775595600,331.0,334.92,331.0,333.87,100.513
1775599200,334.6,341.94,334.6,341.94,539.2104
1775602800,341.62,348.95,341.62,344.54,825.5476
1775606400,344.29,344.4,337.02,338.27,1153.1146
1775610000,338.1,338.92,337.16,338.13,224.6739
1775613600,338.15,338.75,336.85,337.71,208.0668
1775617200,337.7,337.7,336.89,337.01,50.8661
1775620800,337.24,338.6,337.17,337.17,70.0856
1775624400,337.16,337.39,335.65,335.65,90.1287
1775628000,335.6,336.44,334.31,336.44,134.4149
1775631600,336.43,336.43,335.22,335.51,109.2944
1775635200,336.04,337.14,335.6,337.14,106.7673
1775638800,337.45,337.46,335.97,336.41,58.9724
1775642400,336.51,336.51,336.5,336.51,8.2046
1775646000,336.5,337.21,335.0,335.76,144.3068
1775649600,335.68,336.1,334.69,336.1,139.2829
1775653200,336.1,336.77,334.29,334.29,231.8021
1775656800,334.06,334.06,328.01,328.64,394.3964
1775660400,329.91,331.77,329.89,331.66,133.4222
1775664000,331.83,332.12,331.5,332.12,40.4322
1775667600,332.35,334.83,330.91,334.54,69.8019
1775671200,334.44,334.66,331.27,331.27,6.2876
1775674800,330.5,331.19,330.32,330.83,24.3807
1775678400,331.9,331.9,331.9,331.9,3.012
1775682000,331.78,332.58,331.78,332.58,3.3146
1775685600,331.78,331.78,329.59,329.59,120.6995
1775689200,329.5,330.42,328.5,329.47,33.7608
1775692800,329.42,329.99,327.94,328.5,19.8943
1775696400,327.44,328.63,327.22,328.63,96.1111
1775700000,328.6,329.0,328.19,328.19,41.4672
1775703600,328.02,328.1,327.23,327.56,129.5615
1775707200,327.22,327.6,327.04,327.57,111.5762
1775710800,327.2,328.61,326.6,327.72,55.4727
1775714400,327.72,328.43,327.27,328.15,22.5518
1775718000,328.51,328.65,328.51,328.55,28.9474
1775721600,329.09,329.95,328.51,329.58,13.9535
1775725200,329.55,329.99,328.67,329.99,48.7831
1775728800,329.99,330.26,329.21,330.03,59.4831
1775732400,329.0,329.0,328.55,328.58,38.3378
1775736000,328.8,328.88,328.35,328.75,19.1271
1775739600,328.47,328.9,327.01,327.01,54.5026
1775743200,326.7,328.55,325.95,328.54,72.8918
1775746800,328.67,334.79,328.67,334.73,98.7959
1775750400,334.91,335.5,331.57,332.09,160.2514
1775754000,335.6,337.0,334.92,337.0,38.3597
1775757600,336.62,336.62,333.74,333.74,60.484
1775761200,334.28,335.74,333.59,335.3,46.8034
1775764800,336.66,336.66,335.78,335.78,45.8401
1775768400,336.01,336.8,336.01,336.8,2.938
1775772000,336.13,341.64,334.9,334.9,255.8593
1775775600,334.87,334.88,332.02,332.39,28.3083
1775779200,332.21,332.21,331.01,331.01,75.9468
1775782800,331.02,332.61,330.72,331.89,31.967
1775786400,331.89,331.96,331.5,331.5,7.9472
1775790000,330.79,331.18,330.0,330.29,19.1381
1775793600,330.11,331.94,330.11,331.39,50.4249
1775797200,331.22,331.94,330.59,331.3,142.5238
1775800800,331.41,331.85,330.71,330.77,65.3677
1775804400,330.96,331.15,330.01,330.01,154.8387
1775808000,330.65,330.75,329.35,329.97,405.3775
1775811600,331.04,332.51,331.04,332.4,217.5693
1775815200,332.2,332.32,330.92,331.54,120.5034
1775818800,331.6,333.09,331.6,332.72,65.1872
1775822400,332.27,335.53,332.01,335.08,69.3434
1775826000,334.88,335.41,332.6,335.41,70.9041
1775829600,335.42,338.98,335.42,338.2,894.247
1775833200,338.64,339.0,335.41,335.41,284.2509
1775836800,335.15,336.74,335.15,336.7,112.4319
1775840400,337.07,337.15,336.54,336.54,18.5671
1775844000,336.54,337.16,336.39,337.16,97.1178
1775847600,338.38,338.99,338.13,338.82,22.9398
1775851200,338.8,339.15,338.6,339.15,17.7321
1775854800,338.0,338.0,337.7,337.7,3.9823
1775858400,337.39,337.39,336.22,336.6,6.428
1775862000,336.6,336.91,336.58,336.62,33.1056
1775865600,336.5,336.5,335.83,336.24,32.474
1775869200,336.44,336.55,335.26,336.55,1.4878
1775872800,336.71,336.72,336.55,336.55,11.4979
1775876400,336.75,336.99,335.5,335.5,20.9252
1775880000,335.67,335.67,334.98,335.35,88.0834
1775883600,335.07,335.13,334.97,334.97,34.2761
1775887200,334.95,334.96,333.86,334.55,41.2841
1775890800,334.56,335.37,334.56,335.23,198.0645
1775894400,335.3,335.88,335.13,335.31,133.5268
1775898000,335.01,337.43,335.01,337.37,141.8414
1775901600,336.43,336.43,334.54,334.64,57.8761
1775905200,334.74,335.26,334.01,335.26,31.3353
1775908800,335.48,336.4,335.38,335.45,92.9573
1775912400,335.0,335.16,334.12,335.11,28.9201
1775916000,334.97,336.03,334.97,335.79,173.8797
1775919600,336.09,337.54,336.09,336.89,13.7213
1775923200,337.28,339.0,336.96,338.56,49.2563
1775926800,338.3,338.3,337.14,337.54,23.0648
1775930400,337.48,340.53,337.48,339.71,34.8612
1775934000,339.77,342.3,339.77,342.3,35.6355
1775937600,342.03,342.03,338.48,338.48,33.5808
1775941200,339.08,339.08,339.08,339.08,2.665
1775944800,339.97,340.63,338.12,338.5,121.6336
1775948400,339.09,339.09,337.0,337.75,130.4886
1775952000,337.75,337.75,337.5,337.5,12.4395
1775955600,337.51,337.51,327.54,327.54,368.8502
1775959200,327.54,329.8,327.0,329.12,225.2097
1775962800,329.33,329.33,328.5,328.5,60.0088
1775966400,328.5,328.58,327.67,327.67,41.8884
1775970000,327.88,328.45,327.48,328.45,278.884
1775973600,328.41,328.41,328.04,328.05,23.5954
1775977200,328.16,328.55,328.03,328.29,232.118
1775980800,328.13,328.13,327.76,327.78,54.4611
1775984400,327.8,327.99,327.71,327.71,129.3478
1775988000,327.71,328.01,327.28,327.28,75.7656
1775991600,327.28,327.92,327.28,327.84,88.1178
1775995200,327.34,328.38,327.01,327.01,9.823
1775998800,327.01,327.44,326.18,326.27,40.1322
1776002400,326.27,326.95,324.06,325.06,206.3051
1776006000,324.99,325.85,324.86,324.86,18.7595
1776009600,324.86,325.83,324.86,325.83,103.3021
1776013200,325.83,327.23,325.48,327.04,15.1371
1776016800,327.1,327.1,326.64,326.64,57.2853
1776020400,327.26,327.5,326.97,327.14,2.5599
1776024000,326.99,329.85,326.99,329.85,5.0929
1776027600,329.29,329.47,329.13,329.47,15.0606
1776031200,328.88,328.88,325.0,326.12,85.9251
1776034800,326.01,326.01,324.52,325.16,122.0666
1776038400,325.16,327.78,325.15,327.44,146.3397
1776042000,327.67,327.88,327.01,327.88,54.3602
1776045600,327.98,328.72,327.01,327.01,55.9325
1776049200,327.01,327.01,326.17,326.17,261.9612
1776052800,327.02,327.63,326.55,327.24,11.3002
1776056400,327.01,327.01,326.01,326.28,54.0712
1776060000,326.28,329.33,326.28,328.85,119.553
1776063600,327.98,327.98,327.01,327.82,70.6032
1776067200,327.77,328.46,327.0,327.0,51.0778
1776070800,327.01,327.65,327.01,327.11,99.6394
1776074400,327.24,327.24,326.77,326.81,63.9035
1776078000,327.0,327.14,326.73,326.73,17.4443
1776081600,326.76,330.26,326.76,330.26,93.5732
1776085200,330.1,333.5,329.54,333.5,183.7277
1776088800,334.13,334.98,331.86,334.98,99.8957
1776092400,334.58,334.58,329.59,330.52,136.4798
1776096000,330.11,333.61,330.11,333.61,263.2296
1776099600,332.61,334.54,331.78,331.78,26.0455
1776103200,330.48,331.99,330.15,331.99,25.3778
1776106800,332.11,335.0,332.09,335.0,14.8164
1776110400,334.99,335.0,334.52,334.64,50.2746
1776114000,334.71,334.98,334.42,334.82,93.2747
1776117600,334.99,341.5,334.99,341.5,426.9456
1776121200,341.5,342.94,340.79,342.24,484.1759
1776124800,342.24,342.54,338.94,338.94,545.4112
1776128400,339.2,340.11,338.74,339.77,127.0269
1776132000,339.83,341.41,339.82,341.41,142.117
1776135600,341.4,341.4,340.41,340.41,398.3359
1776139200,340.66,340.66,339.02,339.5,52.3666
1776142800,339.49,339.87,339.0,339.0,107.5896
1776146400,339.06,340.18,339.06,340.18,39.694
1776150000,340.46,341.27,339.61,339.83,43.5174
1776153600,339.69,341.02,339.22,340.49,34.0703
1776157200,340.57,340.99,340.3,340.41,31.4748
1776160800,340.4,341.23,340.4,340.56,84.1874
1776164400,340.55,340.55,339.02,339.39,17.0158
1776168000,339.66,339.88,339.42,339.88,22.2756
1776171600,339.88,344.98,339.88,344.98,376.226
1776175200,344.98,345.95,341.0,341.0,611.732
1776178800,340.78,340.85,338.0,340.58,162.6527
1776182400,340.52,340.52,335.72,335.72,61.0131
1776186000,336.19,337.94,336.19,337.61,242.1637
1776189600,337.84,337.84,333.01,333.06,173.4615
1776193200,333.0,333.93,332.12,332.12,12.6839
1776196800,332.55,332.55,331.11,331.11,11.4419
1776200400,331.68,332.15,331.68,332.15,47.9522
1776204000,332.16,332.31,331.1,331.43,64.9868
1776207600,331.29,332.92,331.29,332.54,60.6067
1776211200,332.54,332.91,331.89,332.08,103.6764
1776214800,331.89,332.98,331.89,332.34,175.7005
1776218400,332.33,332.33,330.06,330.56,155.2055
1776222000,330.51,331.0,330.38,331.0,234.3256
1776225600,331.69,331.69,330.81,330.95,40.7665
1776229200,331.4,332.21,329.43,329.43,97.5936
1776232800,329.57,329.57,329.5,329.51,72.5648
1776236400,329.51,330.2,328.61,329.01,53.1404
1776240000,328.81,330.23,328.81,329.96,39.3813
1776243600,329.98,329.99,329.51,329.99,26.1838
1776247200,330.34,331.41,329.21,330.27,146.5435
1776250800,330.08,331.6,330.08,331.6,13.4214
1776254400,331.56,332.27,331.07,332.25,179.1691
1776258000,332.24,332.24,330.88,330.9,61.3897
1776261600,331.6,335.0,331.23,334.41,86.8813
1776265200,334.21,334.21,332.0,333.1,52.629
1776268800,333.78,335.25,333.78,335.25,20.4181
1776272400,335.25,337.38,334.95,335.74,142.1928
1776276000,335.75,337.06,335.75,337.06,1.1359
1776279600,337.08,338.99,337.07,338.65,84.6851
1776283200,337.0,337.0,335.75,336.17,24.2517
1776286800,335.48,335.81,333.81,335.81,25.2884
1776290400,336.13,337.74,336.12,336.89,90.8659
1776294000,336.14,336.48,336.0,336.42,18.052
1776297600,335.96,336.82,334.57,336.04,67.0999
1776301200,336.15,336.15,334.66,335.61,213.5239
1776304800,335.62,337.4,335.61,336.71,96.1868
1776308400,336.76,337.96,336.76,337.19,41.6016
1776312000,337.5,337.5,336.5,336.72,8.6077
1776315600,336.65,337.66,336.65,337.6,40.6286
1776319200,337.77,337.79,337.23,337.76,110.7166
1776322800,337.98,338.29,336.94,336.94,120.6054
1776326400,336.94,337.19,336.64,336.66,156.2757
1776330000,336.6,337.85,336.6,337.46,15.9845
1776333600,337.15,337.53,335.2,336.9,60.5109
1776337200,336.9,337.14,336.43,337.14,96.9506
1776340800,337.89,338.2,337.44,337.65,48.863
1776344400,337.89,340.71,332.01,334.34,515.0967
1776348000,334.7,339.26,333.13,337.94,339.7657
1776351600,338.86,344.83,338.86,342.76,285.6732
1776355200,343.65,343.99,340.01,340.01,89.898
1776358800,340.33,341.92,339.72,341.92,13.4337
1776362400,343.37,350.93,343.37,350.93,583.6891
1776366000,350.95,354.92,350.53,354.92,250.9073
1776369600,354.93,355.55,352.76,353.64,384.5278
1776373200,353.2,353.22,350.61,351.34,139.6279
1776376800,351.35,352.47,351.02,351.55,143.2076
1776380400,351.28,351.62,350.83,351.0,108.0634
1776384000,351.57,351.57,349.96,350.0,262.7134
1776387600,350.0,350.98,348.39,348.39,151.0978
1776391200,348.92,348.92,346.56,346.99,146.9679
1776394800,346.99,347.3,346.44,347.04,62.1216
1776398400,346.67,348.5,346.67,347.99,38.7326
1776402000,347.98,347.98,345.89,346.21,11.3234
1776405600,346.28,347.68,346.28,347.65,214.8201
1776409200,348.2,349.55,348.2,348.5,237.0896
1776412800,348.65,351.56,348.65,351.56,69.7605
1776416400,351.5,352.84,349.43,349.67,324.7505
1776420000,350.08,350.08,345.5,345.71,161.9248
1776423600,345.71,348.76,345.71,348.76,32.1419
1776427200,348.56,351.03,348.0,350.53,35.6441
1776430800,351.01,355.95,350.65,355.34,629.3405
1776434400,355.94,356.48,353.16,355.39,336.1983
1776438000,355.39,355.39,353.02,355.31,266.9477
1776441600,355.18,356.68,355.02,356.31,436.2116
1776445200,356.31,356.31,352.14,354.37,242.5705
1776448800,354.29,354.29,353.0,353.0,29.9692
1776452400,353.02,353.02,353.02,353.02,18.7043
1776456000,352.21,352.67,350.64,351.33,92.0706
1776459600,352.14,352.14,351.84,352.14,23.7167
1776463200,352.14,352.94,351.65,352.87,36.3684
1776466800,352.87,352.87,350.02,350.96,107.2252
1776470400,351.38,351.39,350.8,351.19,27.9116
1776474000,351.44,352.16,350.87,350.96,70.9401
1776477600,350.85,352.0,350.85,351.4,10.2294
1776481200,351.04,351.32,349.88,349.88,151.3748
1776484800,349.7,350.18,349.52,349.77,52.2478
1776488400,349.77,350.0,349.17,349.7,11.5398
1776492000,350.06,350.55,349.54,350.48,230.4834
1776495600,350.2,350.27,349.78,349.78,33.1565
1776499200,349.77,349.77,345.0,345.72,470.201
1776502800,346.26,346.71,345.05,346.19,90.4455
1776506400,346.44,346.44,344.0,344.02,82.249
1776510000,344.0,344.0,342.11,342.5,424.1452
1776513600,342.6,343.73,342.6,343.73,101.5141
1776517200,343.77,343.79,343.0,343.41,9.6339
1776520800,342.9,343.64,342.82,343.48,13.6417
1776524400,343.43,343.68,343.24,343.59,19.1738
1776528000,343.42,344.08,339.5,342.95,913.4333
1776531600,343.02,343.65,342.93,343.61,17.1842
1776535200,343.12,343.12,340.49,340.52,36.6075
1776538800,340.74,341.54,340.74,341.46,44.9554
1776542400,341.19,341.7,341.17,341.7,3.0912
1776546000,341.47,341.63,341.47,341.63,7.6201
1776549600,341.35,342.01,341.35,342.01,20.181
1776553200,342.1,342.1,341.56,341.56,18.7261
1776556800,342.22,342.22,341.11,341.11,47.968
1776560400,341.15,341.6,340.02,340.3,249.5548
1776564000,340.3,340.3,339.05,339.46,463.3191
1776567600,339.13,340.0,339.1,339.66,686.4431
1776571200,339.66,340.58,338.22,338.9,97.1066
1776574800,338.9,339.76,338.9,339.22,14.5818
1776578400,339.22,339.22,337.7,338.77,170.6207
1776582000,338.49,338.49,335.06,336.7,308.7118
1776585600,336.22,337.18,333.78,336.18,402.2924
1776589200,336.42,336.73,335.8,336.14,30.7651
1776592800,336.13,336.34,335.74,336.27,45.7566
1776596400,337.3,339.76,337.3,339.39,97.4249
1776600000,339.47,340.18,339.47,340.18,69.0396
1776603600,340.32,344.17,340.32,342.71,180.4684
1776607200,342.7,345.27,341.7,344.0,361.2965
1776610800,344.0,344.0,341.23,342.24,698.6065
1776614400,342.24,342.54,341.21,341.21,103.5193
1776618000,340.72,341.24,337.79,338.08,605.1521
1776621600,338.15,338.35,337.32,337.87,540.5694
1776625200,338.6,338.78,338.53,338.53,4.7954
1776628800,337.65,338.05,337.0,337.12,101.6161
1776632400,337.38,338.13,337.0,337.0,103.1464
1776636000,336.2,336.2,329.53,332.81,577.1171
1776639600,332.51,332.51,331.06,331.9,125.2271
1776643200,331.9,334.23,331.9,334.03,270.2471
1776646800,333.84,335.99,333.84,335.7,195.9555
1776650400,335.69,335.69,333.68,334.96,89.7641
1776654000,334.78,336.37,334.72,335.99,62.1006
1776657600,335.98,336.67,335.76,336.67,76.0474
1776661200,336.53,336.53,333.75,333.82,27.3704
1776664800,333.82,336.99,333.82,335.6,44.409
1776668400,335.92,340.41,335.92,336.35,149.3681
1776672000,336.94,338.31,336.81,337.0,22.9662
1776675600,337.62,338.6,337.62,338.17,96.7224
1776679200,339.18,339.57,338.26,338.26,9.1102
1776682800,338.01,339.51,337.61,339.51,443.0492
1776686400,339.5,340.69,338.37,339.88,919.9353
1776690000,340.21,340.94,339.39,339.93,390.2431
1776693600,339.39,341.94,337.69,337.69,113.6339
1776697200,337.69,341.68,337.22,341.59,88.242
1776700800,341.88,341.88,339.91,339.96,88.7994
1776704400,339.71,343.0,339.71,341.86,1034.2597
1776708000,341.22,342.83,341.22,341.71,204.739
1776711600,342.25,342.25,341.71,341.71,16.6449
1776715200,341.7,341.88,340.97,341.54,225.1604
1776718800,341.26,342.55,341.26,341.84,38.0306
1776722400,341.66,342.19,340.73,340.73,65.6695
1776726000,340.32,340.32,339.11,339.11,45.6013
1776729600,339.03,339.8,338.89,338.89,437.4172
1776733200,339.69,339.94,338.84,338.84,412.6543
1776736800,338.83,338.83,338.01,338.32,76.3771
1776740400,338.32,339.34,338.0,338.0,185.2889
1776744000,338.08,338.6,338.0,338.37,210.4401
1776747600,338.38,341.02,338.38,339.92,66.9342
1776751200,339.63,340.0,338.7,339.8,78.9537
1776754800,339.73,340.76,339.16,340.27,15.4429
1776758400,340.16,340.95,339.91,340.83,124.707
1776762000,341.09,341.5,329.5,340.9,129.1899
1776765600,340.54,341.5,340.54,341.49,34.9691
1776769200,341.0,341.47,340.41,340.41,28.1609
1776772800,340.8,340.8,338.29,338.81,70.5881
1776776400,339.14,340.09,338.6,340.06,114.2091
1776780000,340.06,343.78,339.58,340.59,207.963
1776783600,340.51,341.94,339.3,340.18,48.8506
1776787200,341.49,341.5,341.05,341.16,5.4351
1776790800,340.07,340.07,337.19,339.62,132.5717
1776794400,337.77,337.77,337.01,337.28,8.845
1776798000,338.87,339.07,335.28,335.69,8.0898
1776801600,335.84,340.11,335.84,339.23,73.3084
1776805200,339.23,339.23,339.23,339.23,0.0
1776808800,338.15,338.61,337.81,338.38,24.2921
1776812400,338.63,341.44,338.63,341.42,44.0909
1776816000,341.78,342.68,341.53,342.68,25.8975
1776819600,342.9,342.9,342.01,342.3,9.1743
1776823200,342.74,346.94,342.74,346.67,237.7481
1776826800,346.61,347.13,345.29,345.73,81.5676
1776830400,345.57,345.57,344.55,344.82,48.5844
1776834000,344.49,348.88,344.49,347.99,275.3407
1776837600,347.88,347.98,347.01,347.01,68.5357
1776841200,347.22,348.0,347.0,347.85,170.2664
1776844800,347.98,348.0,346.12,346.5,197.327
1776848400,348.0,350.13,348.0,349.08,139.0295
1776852000,349.13,349.24,348.66,348.9,13.5623
1776855600,348.9,349.09,348.71,348.92,35.4978
1776859200,348.92,349.99,348.92,349.97,61.0245
1776862800,349.99,351.94,349.99,351.75,174.3195
1776866400,351.95,352.25,350.05,350.56,351.5697
1776870000,350.09,350.09,347.15,349.07,434.1752
1776873600,348.71,348.71,346.02,346.02,57.2486
1776877200,347.0,347.33,346.93,347.22,3.9275
1776880800,347.21,348.75,346.81,348.21,19.66
1776884400,347.13,347.13,341.06,344.79,437.5738
1776888000,344.8,344.8,344.21,344.21,40.488
1776891600,344.34,344.71,344.34,344.71,30.4302
1776895200,345.56,345.56,344.8,345.4,163.3411
1776898800,345.66,345.66,343.28,343.74,65.6216
1776902400,343.68,344.59,341.0,343.87,178.0994
1776906000,343.87,343.87,341.42,342.32,152.5841
1776909600,342.05,342.05,340.47,341.34,97.7704
1776913200,341.02,341.02,340.02,340.27,70.4565
1776916800,340.59,341.64,340.5,341.62,14.9874
1776920400,342.21,342.22,341.02,341.02,22.0016
1776924000,341.02,342.78,341.02,342.65,71.6366
1776927600,342.64,342.89,341.96,341.96,13.4897
1776931200,341.76,341.97,341.0,341.23,94.6413
1776934800,341.06,341.06,340.09,340.48,154.2421
1776938400,340.48,340.48,339.84,339.86,177.8004
1776942000,340.04,341.65,340.04,341.65,88.4261
1776945600,341.65,342.16,341.61,341.61,34.0872
1776949200,341.78,341.78,341.0,341.29,38.4342
1776952800,341.3,342.21,341.0,342.21,44.036
1776956400,342.2,343.0,341.5,342.78,127.3647
1776960000,343.03,343.03,341.84,341.84,9.2597
1776963600,341.49,341.49,336.41,338.68,212.6069
1776967200,340.01,340.36,340.01,340.36,2.9019
1776970800,340.0,340.0,339.25,339.36,51.2084
1776974400,340.42,340.82,340.42,340.82,1.0325
1776978000,340.41,341.88,340.19,341.75,30.7675
1776981600,341.73,342.46,341.73,342.02,22.4229
1776985200,342.0,342.39,340.46,342.13,104.8418
1776988800,342.35,342.74,342.15,342.73,31.4996
1776992400,342.73,343.09,341.41,343.09,125.3657
1776996000,343.06,343.18,341.5,341.5,148.1392
1776999600,341.67,341.78,340.13,340.8,26.7212
1777003200,340.76,341.04,339.38,340.09,186.983
1777006800,339.86,340.83,339.37,340.83,6.6624
1777010400,341.45,341.45,340.0,340.57,27.9665
1777014000,340.57,340.58,340.14,340.14,21.6843
1777017600,340.02,340.71,340.01,340.01,36.0018
1777021200,340.01,340.01,338.66,339.2,307.1218
1777024800,339.55,340.67,339.55,340.66,68.1458
1777028400,341.0,343.28,341.0,342.87,235.4711
1777032000,343.0,344.99,342.64,342.83,162.9278
1777035600,343.36,343.85,341.77,341.81,70.5735
1777039200,341.81,342.86,341.31,342.05,40.533
1777042800,341.33,344.02,341.14,343.71,43.7796
1777046400,344.06,344.06,343.34,343.84,45.3132
1777050000,344.28,344.28,343.0,343.43,988.7322
1777053600,343.54,343.54,343.1,343.51,0.5389
1777057200,343.84,344.04,343.5,343.51,0.8056
1777060800,343.5,344.5,342.82,344.5,48.8783
1777064400,345.0,345.0,343.79,343.79,2.0186
1777068000,343.28,343.28,343.0,343.0,100.058
1777071600,342.71,343.01,342.66,342.66,8.4049
1777075200,342.71,342.97,342.61,342.97,25.7222
1777078800,343.01,343.15,342.96,342.98,36.8339
1777082400,342.95,343.13,342.63,343.0,7.2855
1777086000,343.04,343.8,341.94,343.78,98.1451
1777089600,343.85,343.85,343.05,343.3,20.9203
1777093200,343.17,343.17,343.17,343.17,78.0969
1777096800,343.45,343.91,343.45,343.91,20.9966
1777100400,343.41,343.82,343.33,343.44,10.7358
1777104000,343.77,344.92,343.72,344.17,9.9047
1777107600,344.22,344.4,344.01,344.4,14.3028
1777111200,344.12,344.39,344.01,344.07,131.6408
1777114800,344.06,344.06,343.33,343.33,5.4424
1777118400,343.78,343.78,343.5,343.5,0.3228
1777122000,343.83,344.67,343.82,344.6,49.2885
1777125600,344.68,344.82,344.26,344.26,53.5355
1777129200,344.09,344.7,343.38,343.38,41.1101
1777132800,343.49,343.49,341.44,341.97,107.7493
1777136400,341.57,341.58,341.57,341.58,6.8977
1777140000,341.58,341.64,341.55,341.62,119.5849
1777143600,341.35,341.35,341.35,341.35,0.2324
1777147200,341.35,341.9,341.35,341.9,14.6901
1777150800,342.42,342.6,342.42,342.6,2.0461
1777154400,342.04,342.53,342.04,342.53,1.0337
1777158000,342.7,342.7,342.7,342.7,0.3898
1777161600,342.7,342.83,342.66,342.83,17.6178
1777165200,342.66,342.94,342.66,342.74,38.5833
1777168800,342.98,343.75,342.98,343.75,15.382
1777172400,343.38,343.71,342.65,342.66,218.733
1777176000,342.66,344.81,342.66,344.43,75.744
1777179600,344.0,344.89,343.85,344.21,62.2702
1777183200,344.0,344.0,343.7,343.86,16.1576
1777186800,343.94,344.0,343.89,344.0,77.5468
1777190400,344.0,344.0,343.99,344.0,20.4507
1777194000,344.0,344.0,343.76,343.91,3.4128
1777197600,343.94,343.99,343.62,343.7,31.0403
1777201200,343.91,343.91,343.64,343.67,39.2112
1777204800,343.68,343.68,342.0,342.13,49.1796
1777208400,342.14,342.86,341.92,342.5,6.2794
1777212000,342.2,343.21,342.2,343.21,20.6074
1777215600,343.47,343.71,343.24,343.62,37.306
1777219200,343.62,343.63,343.47,343.51,14.7028
1777222800,343.45,343.54,343.29,343.39,2.5883
1777226400,343.39,344.5,343.39,344.5,68.1201
1777230000,344.39,344.9,344.39,344.76,4.9616
1777233600,344.59,344.59,344.33,344.33,0.5002
1777237200,344.78,344.78,342.59,344.16,39.7001
1777240800,344.31,345.45,342.85,342.85,357.705
1777244400,343.96,344.73,343.96,344.73,12.9203
1777248000,344.62,345.42,343.56,345.42,40.3592
1777251600,345.49,347.56,345.33,347.0,309.728
1777255200,347.42,347.6,346.07,347.6,99.9931
1777258800,347.58,347.59,346.79,346.79,52.6419
1777262400,346.92,347.15,346.48,346.48,117.6724
1777266000,346.48,346.48,340.88,340.94,169.6212
1777269600,340.9,341.04,339.55,339.95,233.2064
1777273200,340.42,340.42,339.55,339.55,153.9494
1777276800,339.55,339.55,338.52,338.81,108.131
1777280400,339.99,339.99,339.05,339.36,51.612
1777284000,339.44,339.94,338.67,338.68,137.7372
1777287600,338.67,338.94,338.17,338.88,81.9966
1777291200,338.87,338.87,337.79,338.29,218.4927
1777294800,338.28,338.59,337.4,338.59,207.861
1777298400,338.27,340.85,338.01,339.16,113.42
1777302000,339.15,339.15,334.0,335.12,385.8919
1777305600,335.12,335.9,335.11,335.6,97.6706
1777309200,335.83,337.3,335.76,336.57,20.2065
1777312800,337.05,337.39,336.76,337.09,14.9994
1777316400,337.31,337.31,334.98,335.38,41.4759
1777320000,335.57,336.12,335.03,335.62,30.0647
1777323600,335.26,336.58,335.26,335.84,23.1638
1777327200,335.78,337.0,335.53,336.73,102.3699
1777330800,336.66,337.4,336.65,337.4,65.994
1777334400,337.16,337.4,337.0,337.4,41.771
1777338000,337.4,337.4,336.0,336.0,102.8017
1777341600,336.01,336.01,334.21,334.21,286.2268
1777345200,334.22,334.22,334.0,334.01,54.7565
1777348800,334.01,334.25,333.08,333.65,90.9717
1777352400,333.51,334.42,333.51,334.42,109.9473
1777356000,334.12,334.12,332.49,333.15,145.3128
1777359600,333.16,333.51,332.77,333.51,17.175
1777363200,333.22,333.76,333.01,333.01,128.295
1777366800,333.01,333.03,331.52,331.52,89.7422
1777370400,332.08,332.66,332.08,332.6,122.5657
1777374000,332.59,332.59,331.16,331.18,131.0652
1777377600,331.12,332.31,331.1,332.22,130.9452
1777381200,332.01,332.6,330.67,331.49,127.4618
1777384800,331.42,331.42,330.02,330.82,134.322
1777388400,330.82,331.34,330.82,331.16,117.7571
1777392000,331.46,331.7,331.21,331.49,30.6755
1777395600,331.64,332.38,331.43,332.01,11.0395
1777399200,332.2,332.2,332.06,332.06,2.0615
1777402800,332.53,332.95,332.53,332.95,3.0709
1777406400,332.56,332.56,332.5,332.5,0.491
1777410000,332.51,332.51,332.49,332.5,2.7656
1777413600,332.5,332.5,332.07,332.15,63.8787
1777417200,332.48,333.55,332.39,333.55,53.3294
1777420800,333.49,333.5,332.52,333.42,154.2464
1777424400,333.37,333.37,332.41,332.73,628.7237
1777428000,333.21,333.43,332.45,332.99,83.5048
1777431600,333.01,335.0,333.01,334.65,28.5809
1777435200,334.52,336.45,334.52,336.45,171.3997
1777438800,336.36,336.36,335.6,335.74,186.0993
1777442400,335.9,336.14,335.08,335.08,35.872
1777446000,335.25,335.5,335.08,335.19,86.2377
1777449600,335.12,335.14,334.5,334.51,155.4946
1777453200,334.62,338.05,334.53,336.85,193.3224
1777456800,337.48,338.2,337.27,337.58,89.301
1777460400,336.51,336.92,336.22,336.22,16.5018
1777464000,335.61,335.61,333.01,333.74,45.9421
1777467600,333.46,333.7,332.27,332.82,371.2784
1777471200,332.32,332.95,332.32,332.5,41.1919
1777474800,332.49,332.49,330.6,330.82,110.4734
1777478400,330.85,331.7,330.6,330.6,78.0487
1777482000,330.7,330.7,330.02,330.55,23.877
1777485600,330.83,330.83,326.0,327.01,441.2742
1777489200,327.06,327.44,327.06,327.39,1.0644
1777492800,327.65,328.96,327.61,328.96,13.8726
1777496400,329.4,330.51,329.4,330.47,44.1509
1777500000,329.72,330.74,329.72,330.74,16.3494
1777503600,330.29,331.42,330.01,330.53,141.037
1777507200,331.11,334.24,330.75,333.85,71.6267
1777510800,333.38,334.2,333.27,333.8,78.783
1777514400,334.04,334.04,330.13,330.78,119.4094
1777518000,330.9,331.42,330.54,331.11,214.5267
1777521600,331.02,331.02,328.88,328.88,63.2206
1777525200,328.67,329.94,328.3,329.69,33.9944
1777528800,329.69,330.84,329.69,330.67,39.9345
1777532400,330.57,331.89,330.57,331.89,81.7384
1777536000,331.85,331.85,331.13,331.13,94.75
1777539600,331.25,332.41,331.07,331.8,101.149
1777543200,331.76,331.76,330.68,330.74,141.9607
1777546800,330.86,331.97,330.67,330.81,32.3966
1777550400,330.81,332.28,330.81,331.61,28.3053
1777554000,331.63,332.56,331.02,332.28,111.7838
1777557600,331.4,332.08,330.53,331.64,135.1809
1777561200,331.95,333.29,331.92,332.65,85.2522
1777564800,332.16,332.38,331.65,331.65,7.656
1777568400,331.59,331.77,331.27,331.47,54.8685
1777572000,332.01,332.11,332.0,332.01,15.2171
1777575600,332.0,332.0,331.48,331.61,2.0393
1777579200,331.69,331.69,331.13,331.67,0.9675
1777582800,331.21,331.21,331.02,331.02,0.4529
1777586400,330.81,330.81,330.79,330.8,9.1034
1777590000,330.8,331.42,330.8,331.41,3.5109
1777593600,331.75,332.12,331.75,332.11,25.3782
1777597200,331.82,333.53,331.82,333.53,84.6968
1777600800,333.48,333.48,332.97,333.34,20.8615
1777604400,334.65,335.71,334.65,334.73,39.029
1777608000,334.86,334.86,334.48,334.48,11.2042
1777611600,334.12,335.46,334.12,335.46,30.9018
1777615200,335.09,335.15,334.11,334.49,21.2605
1777618800,334.23,334.6,334.1,334.45,7.8791
1777622400,334.29,335.51,334.29,335.0,135.5689
1777626000,335.0,335.0,334.22,334.22,48.0109
1777629600,334.21,334.68,333.96,334.54,37.3275
1777633200,334.16,334.31,334.03,334.11,34.4718
1777636800,334.14,335.5,334.14,335.5,386.1044
1777640400,335.32,336.81,334.88,336.81,117.5594
1777644000,335.63,335.77,334.0,334.29,27.8865
1777647600,334.02,335.62,334.02,334.79,61.3871
1777651200,334.48,334.57,334.42,334.52,16.1512
1777654800,334.0,334.25,333.67,334.25,40.6302
1777658400,333.7,333.7,333.7,333.7,0.8947
1777662000,333.79,333.79,333.66,333.66,3.9821
1777665600,333.66,333.66,331.67,331.67,14.9947
1777669200,331.99,332.0,331.99,332.0,14.8001
1777672800,332.69,332.86,332.3,332.63,13.996
1777676400,333.34,333.34,332.5,332.81,12.3017
1777680000,333.07,333.07,332.01,332.9,25.0817
1777683600,332.91,333.92,332.91,333.85,5.6683
1777687200,334.51,334.51,333.61,334.12,40.4937
1777690800,333.83,333.83,333.01,333.07,23.9447
1777694400,333.0,333.01,333.0,333.01,2.681
1777698000,333.01,333.01,333.0,333.01,95.993
1777701600,333.16,333.16,333.01,333.02,25.4144
1777705200,333.16,333.33,333.02,333.02,8.9706
1777708800,333.09,333.56,333.09,333.45,6.8969
1777712400,333.49,333.92,333.49,333.92,17.5722
1777716000,333.89,333.89,333.78,333.81,5.5149
1777719600,333.81,333.81,333.02,333.02,23.2147
1777723200,333.35,333.96,333.31,333.35,39.375
1777726800,333.86,333.86,333.78,333.79,16.5805
1777730400,333.79,333.8,333.78,333.8,18.5215
1777734000,333.8,333.8,333.78,333.79,8.081
1777737600,333.82,334.0,333.79,334.0,31.9311
1777741200,333.83,333.83,333.78,333.78,4.9714
1777744800,333.79,334.0,333.79,334.0,5.7275
1777748400,333.99,334.0,333.99,334.0,53.7027
1777752000,333.99,333.99,333.79,333.79,5.2033
1777755600,333.91,336.67,333.9,336.1,246.3507
1777759200,336.09,336.09,334.43,335.09,5.9337
1777762800,334.72,335.27,334.58,335.25,182.5885
1777766400,334.01,334.63,333.51,333.57,10.8305
1777770000,333.6,333.6,333.0,333.01,3.5199
1777773600,333.0,333.0,332.35,332.53,72.9741
1777777200,332.56,332.62,332.42,332.62,73.5912
1777780800,332.66,332.73,332.65,332.67,5.893
1777784400,332.91,333.17,332.81,332.81,5.5802
1777788000,332.8,333.25,332.5,333.24,35.7105
1777791600,333.34,333.59,333.24,333.24,33.9023
1777795200,333.24,333.74,333.05,333.39,12.852
1777798800,333.4,333.88,333.4,333.88,6.9911
1777802400,333.75,333.75,333.3,333.3,164.2346
1777806000,333.29,333.82,333.02,333.82,52.4847
1777809600,333.53,333.93,333.53,333.78,6.7392
1777813200,333.77,334.68,333.77,334.24,325.4047
1777816800,334.61,335.0,334.59,335.0,26.6743
1777820400,335.0,335.0,334.46,334.46,1.2902
1777824000,334.46,334.46,333.85,334.23,89.85
1777827600,333.87,334.33,333.77,334.29,4.3854
1777831200,334.29,334.29,334.29,334.29,0.5049
1777834800,334.99,334.99,334.99,334.99,1.194
1777838400,335.0,335.83,334.51,334.51,18.2624
1777842000,334.71,335.12,333.33,333.33,13.1881
1777845600,334.46,336.18,334.46,336.18,92.72
1777849200,335.99,335.99,332.67,332.69,156.2502
1777852800,332.7,332.7,330.21,330.21,295.9715
1777856400,331.72,335.54,330.51,335.54,106.5926
1777860000,335.15,337.75,335.15,337.53,494.5161
1777863600,337.0,337.5,336.79,336.82,120.2314
1777867200,336.99,338.47,336.79,338.22,211.1502
1777870800,338.21,338.22,336.87,337.1,55.5796
1777874400,337.07,337.07,333.73,334.86,150.6851
1777878000,334.85,335.55,334.2,335.08,183.5664
1777881600,335.0,335.37,334.26,335.0,204.8995
1777885200,334.85,335.9,334.51,335.89,77.0585
1777888800,335.26,335.26,330.14,332.6,391.1402
1777892400,332.6,332.6,332.31,332.36,18.0759
1777896000,332.31,332.76,332.31,332.43,21.0619
1777899600,332.3,333.37,332.0,332.99,48.7093
1777903200,332.99,337.09,332.98,336.36,96.1056
1777906800,336.94,336.95,333.57,334.55,52.6359
1777910400,334.43,335.34,333.14,334.55,27.695
1777914000,334.54,336.0,334.54,336.0,77.3874
1777917600,336.11,336.11,336.11,336.11,0.5652
1777921200,335.06,335.06,334.58,334.58,3.9068
1777924800,334.0,334.0,333.8,333.8,3.204
1777928400,333.33,333.39,333.25,333.39,23.4253
1777932000,333.88,333.88,333.09,333.18,11.4808
1777935600,333.04,333.04,333.0,333.01,22.8767
1777939200,333.3,334.04,333.04,333.77,29.1567
1777942800,333.9,334.12,333.52,334.04,123.8239
1777946400,334.03,334.98,334.03,334.06,53.2309
1777950000,334.18,335.0,334.18,335.0,101.1604
1777953600,335.53,335.62,334.98,335.38,470.618
1777957200,335.7,336.24,335.7,336.12,113.727
1777960800,335.99,335.99,334.71,335.87,109.5703
1777964400,335.87,336.11,335.51,335.59,72.5408
1777968000,335.43,335.43,334.94,335.21,115.873
1777971600,334.97,334.98,334.37,334.61,18.0541
1777975200,334.27,335.73,334.27,335.32,44.2961
1777978800,335.65,335.91,335.46,335.68,18.9617
1777982400,335.98,337.67,335.98,337.67,535.8059
1777986000,337.77,339.2,337.61,337.91,471.0092
1777989600,338.38,338.43,336.92,337.63,103.9783
1777993200,337.74,339.07,337.74,338.34,163.2259
1777996800,338.34,338.37,336.95,337.44,147.2393
1778000400,337.45,338.0,337.45,338.0,70.2332
1778004000,338.0,338.99,338.0,338.99,157.3888
1778007600,339.0,341.63,339.0,341.61,224.6651
1778011200,341.99,342.94,341.99,342.32,59.0093
1778014800,342.84,342.84,340.86,342.56,275.1064
1778018400,342.94,342.94,340.82,342.15,60.122
1778022000,342.14,342.14,341.03,341.16,82.577
1778025600,341.16,341.28,340.55,341.28,86.5093
1778029200,341.49,342.69,341.49,342.69,169.1205
1778032800,342.69,342.7,341.47,342.7,93.7235
1778036400,342.7,344.93,342.7,344.74,279.0871
1778040000,344.93,344.93,342.76,342.76,166.3447
1778043600,342.99,344.92,342.9,344.92,19.6695
1778047200,344.94,345.0,344.34,345.0,30.8902
1778050800,345.0,346.3,344.99,346.06,90.3637
1778054400,346.11,350.62,346.11,350.1,767.1677
1778058000,350.04,350.95,348.56,350.95,149.535
1778061600,350.95,351.5,349.98,350.6,307.7471
1778065200,351.0,352.0,351.0,351.98,254.7955
1778068800,351.97,351.98,350.59,351.95,197.032
1778072400,351.02,351.02,345.98,346.78,380.7131
1778076000,346.62,348.84,343.01,347.26,348.3198
1778079600,347.55,349.65,347.36,349.65,108.3488
1778083200,349.64,351.55,348.91,351.55,116.3644
1778086800,351.25,351.26,348.73,349.05,6.5231
1778090400,349.05,350.21,348.32,350.12,58.9347
1778094000,350.43,350.5,350.09,350.1,32.7628
1778097600,350.49,351.66,349.95,349.95,6.2667
1778101200,351.27,351.96,351.27,351.96,96.9233
1778104800,351.16,351.24,350.42,350.42,7.541
1778108400,350.24,350.57,349.4,350.57,30.8333
1778112000,350.5,350.5,347.55,347.67,314.0064
1778115600,347.36,347.36,345.04,345.04,239.2846
1778119200,346.14,346.14,344.74,345.18,42.5414
1778122800,345.27,345.52,344.5,344.57,112.3617
1778126400,344.55,345.95,344.55,345.95,29.7556
1778130000,347.39,347.42,347.1,347.29,29.0937
1778133600,347.31,349.45,346.59,349.45,113.2906
1778137200,350.0,353.5,349.99,353.03,680.9115
1778140800,353.01,353.02,350.93,350.93,54.9325
1778144400,350.9,350.99,350.13,350.71,19.1554
1778148000,350.13,350.13,348.87,349.71,131.1999
1778151600,350.0,351.0,350.0,350.71,50.5158
1778155200,350.99,352.67,350.99,351.73,99.782
1778158800,351.38,351.38,347.5,347.5,77.9184
1778162400,347.72,348.75,345.39,346.53,192.0796
1778166000,346.22,347.62,345.28,347.37,52.3198
1778169600,346.72,348.3,346.3,347.9,68.5153
1778173200,347.28,348.0,345.89,348.0,21.0069
1778176800,348.47,348.47,346.72,346.73,7.1011
1778180400,347.01,348.36,346.64,348.03,116.6463
1778184000,347.16,347.75,347.16,347.35,1.8141
1778187600,346.55,346.55,345.0,345.83,50.2932
1778191200,345.28,345.9,344.81,345.9,44.6032
1778194800,345.89,347.32,345.89,347.24,43.9373
1778198400,347.36,348.54,346.86,347.07,23.3694
1778202000,347.42,347.42,346.53,346.81,31.3888
1778205600,346.76,346.77,345.45,346.29,143.6662
1778209200,346.14,347.26,345.14,347.02,18.8153
1778212800,347.3,347.38,346.53,346.99,16.4756
1778216400,346.92,347.68,346.62,347.0,94.5658
1778220000,346.5,347.01,345.56,345.99,61.3053
1778223600,345.88,346.43,345.6,346.43,99.9216
1778227200,346.43,348.24,346.43,347.72,77.8479
1778230800,347.92,348.34,347.11,347.11,244.2377
1778234400,347.93,348.5,347.22,348.47,21.1463
1778238000,348.36,348.36,347.68,348.23,29.1695
1778241600,348.2,348.49,348.0,348.0,43.4851
1778245200,347.59,347.79,347.06,347.63,73.7036
1778248800,348.48,351.0,348.48,350.85,127.5099
1778252400,350.8,352.42,348.63,352.42,106.9086
1778256000,352.12,352.84,352.01,352.75,27.032
1778259600,352.84,360.88,352.84,360.13,1854.2484
1778263200,360.22,362.62,360.22,362.62,341.6125
1778266800,361.9,363.93,361.59,363.49,297.3512
1778270400,363.72,363.72,361.69,361.7,108.2765
1778274000,361.53,361.98,360.49,361.98,334.5275
1778277600,361.99,362.64,361.99,362.15,46.2787
1778281200,361.91,361.97,360.16,360.27,75.2284
1778284800,360.27,362.53,360.26,362.53,113.2276
1778288400,362.53,367.44,362.53,367.28,355.0692
1778292000,366.76,367.77,366.01,366.31,179.2596
1778295600,366.32,367.55,366.32,367.17,51.2582
1778299200,367.32,368.9,366.0,366.0,206.5932
1778302800,366.0,367.0,365.0,367.0,151.3177
1778306400,367.0,368.4,365.73,366.81,19.4891
1778310000,367.11,368.27,366.8,367.81,45.7395
1778313600,368.01,368.49,367.71,368.14,51.6868
1778317200,368.11,368.11,365.34,366.04,169.8578
1778320800,365.77,367.0,365.77,366.62,108.8932
1778324400,366.57,367.67,366.57,367.62,115.2121
1778328000,367.41,367.52,366.52,366.92,11.5503
1778331600,366.92,366.97,365.72,366.97,14.8353
1778335200,366.5,366.5,365.34,365.34,21.7723
1778338800,365.34,365.47,364.57,365.47,25.0033
1778342400,365.87,366.29,365.01,365.02,58.8157
1778346000,365.33,366.9,365.33,366.18,11.2789
1778349600,366.41,367.87,366.39,366.72,5.144
1778353200,366.78,367.1,366.73,367.1,69.356
1778356800,366.88,366.88,366.35,366.56,155.236
1778360400,367.28,367.28,367.28,367.28,3.9103
1778364000,367.0,367.0,366.64,366.8,0.8793
1778367600,366.78,366.78,366.01,366.01,4.7069
1778371200,366.01,366.5,366.0,366.0,13.906
1778374800,366.0,366.0,364.9,365.3,171.9289
1778378400,365.29,365.91,365.03,365.91,146.963
1778382000,365.98,367.07,365.83,367.05,31.3222
1778385600,366.47,366.95,366.47,366.88,17.4409
1778389200,366.85,367.22,366.85,367.01,74.3404
1778392800,367.02,367.11,366.59,367.11,20.8555
1778396400,367.25,367.5,366.65,367.5,624.5343
1778400000,367.12,368.88,367.12,368.86,186.1018
1778403600,368.87,371.58,368.87,370.15,356.3722
1778407200,370.22,370.22,368.02,368.23,113.4755
1778410800,368.37,368.66,365.51,367.18,72.5789
1778414400,367.09,367.51,366.55,366.71,87.7815
1778418000,366.72,368.59,366.71,368.36,31.8056
1778421600,368.58,369.13,368.57,368.92,91.9733
1778425200,368.92,371.09,368.92,370.87,122.9433
1778428800,370.58,371.5,369.99,371.5,74.2249
1778432400,371.75,376.99,371.75,376.99,642.7429
1778436000,376.98,378.81,376.98,378.06,66.6908
1778439600,378.05,378.71,374.92,377.71,261.772
1778443200,377.59,377.59,367.13,369.44,144.6904
1778446800,369.83,374.08,369.83,373.01,356.1554
1778450400,373.0,376.85,373.0,376.32,120.9096
1778454000,376.93,378.53,376.01,378.05,101.1162
1778457600,377.54,377.84,373.37,373.91,259.3146
1778461200,374.48,376.93,373.98,375.88,361.2007
1778464800,375.82,375.82,373.24,373.25,175.4812
1778468400,373.02,373.02,369.65,369.65,330.6271
1778472000,371.19,373.25,370.12,373.0,100.8776
1778475600,373.37,375.86,373.37,375.86,38.0417
1778479200,375.68,377.49,375.24,375.28,212.6595
1778482800,375.21,375.21,374.23,375.19,108.0859
1778486400,374.48,374.48,372.0,373.0,86.5091
1778490000,373.01,374.58,373.01,374.35,10.355
1778493600,374.99,375.0,374.17,374.18,12.3189
1778497200,374.17,375.0,374.17,374.28,11.9225
1778500800,374.3,374.39,373.02,373.28,59.5793
1778504400,374.46,375.0,372.33,374.55,284.2589
1778508000,374.56,376.65,371.31,373.42,266.2853
1778511600,373.81,379.45,373.81,379.45,82.5739
1778515200,379.94,384.69,379.94,383.45,461.4933
1778518800,383.44,384.0,381.67,383.99,207.2103
1778522400,383.99,384.69,382.34,382.34,29.3803
1778526000,382.78,385.39,382.78,385.06,86.2708
1778529600,385.39,385.5,383.74,383.74,12.2497
1778533200,382.92,383.0,382.79,382.79,6.126
1778536800,382.5,383.58,382.44,383.22,36.5468
1778540400,383.22,383.22,381.69,381.99,65.2684
1778544000,382.15,382.75,381.97,382.64,27.2042
1778547600,383.25,383.25,376.01,378.46,427.8696
1778551200,378.74,379.92,378.51,379.58,152.1633
1778554800,379.57,379.67,377.82,378.14,162.6612
1778558400,378.78,379.65,378.78,379.13,168.7057
1778562000,379.27,380.52,379.27,380.51,92.6789
1778565600,380.5,381.16,379.05,379.05,27.4705
1778569200,379.03,379.03,378.02,378.96,60.2596
1778572800,378.02,378.02,376.52,376.83,177.9712
1778576400,376.8,377.58,376.19,377.3,454.5179
1778580000,377.26,377.52,373.99,374.17,299.0856
1778583600,373.83,373.98,373.65,373.98,64.4865
1778587200,374.31,375.85,373.52,375.17,375.8371
1778590800,375.75,375.75,373.17,373.99,54.7136
1778594400,373.42,375.2,373.05,373.05,68.6627
1778598000,372.67,373.53,370.29,371.44,278.3682
1778601600,371.22,371.5,370.06,370.3,114.0401
1778605200,370.3,373.07,370.3,373.03,960.1244
1778608800,373.17,373.32,372.74,373.32,39.7334
1778612400,373.76,374.12,373.46,373.94,65.0376
1778616000,374.43,374.66,373.69,373.78,17.8451
1778619600,374.09,374.09,373.84,373.84,28.3332
1778623200,373.85,374.85,373.71,373.94,101.0857
1778626800,373.04,373.04,373.0,373.0,137.6673
1778630400,373.0,373.46,372.01,372.73,159.621
1778634000,372.73,376.0,372.73,375.35,73.1242
1778637600,375.63,376.5,375.09,375.62,266.9791
1778641200,375.61,376.68,375.54,376.68,29.6439
1778644800,376.89,377.87,376.53,376.88,37.9437
1778648400,376.24,376.28,375.02,375.64,62.9081
1778652000,375.49,376.52,375.31,375.32,28.8969
1778655600,375.32,375.44,374.6,374.6,18.6468
1778659200,375.4,376.69,374.68,376.33,132.0265
1778662800,376.77,377.53,376.61,376.87,238.4571
1778666400,375.4,375.64,373.36,373.37,29.8082
1778670000,373.0,373.0,371.81,371.81,92.3809
1778673600,372.52,372.52,364.06,367.44,347.2442
1778677200,367.25,368.27,363.59,363.59,95.8222
1778680800,363.79,364.26,361.65,362.74,171.7914
1778684400,362.73,362.77,357.05,357.8,744.5856
1778688000,357.9,360.39,357.9,360.02,534.0022
1778691600,359.68,359.88,358.85,359.75,105.9311
1778695200,360.16,360.94,359.69,360.35,6.714
1778698800,359.26,359.61,358.86,359.61,2.2265
1778702400,360.05,361.35,360.05,361.18,67.7608
1778706000,360.97,361.21,359.59,360.48,48.303
1778709600,360.16,360.98,359.36,360.98,69.6647
1778713200,360.97,360.99,360.56,360.62,32.1173
1778716800,360.98,361.0,360.5,360.51,53.2985
1778720400,360.51,360.51,359.3,359.82,815.0817
1778724000,359.62,359.68,357.96,357.96,53.262
1778727600,357.62,357.62,355.11,355.15,90.213
1778731200,355.15,357.26,355.15,357.1,24.545
1778734800,356.98,360.3,356.98,360.01,31.6108
1778738400,360.2,360.59,360.0,360.46,50.2164
1778742000,361.0,361.21,358.05,359.26,147.9998
1778745600,358.18,360.25,358.18,359.65,827.8888
1778749200,359.56,359.56,358.05,358.3,155.2351
1778752800,358.59,359.71,358.34,359.71,33.905
1778756400,359.3,359.48,358.41,358.51,14.2729
1778760000,359.1,360.36,359.08,360.28,255.7699
1778763600,360.33,360.59,359.41,359.74,203.0536
1778767200,358.48,364.29,358.21,364.21,101.3715
1778770800,364.44,367.94,362.75,367.94,146.6158
1778774400,367.94,368.95,364.85,366.33,84.5151
1778778000,367.69,368.65,364.59,367.31,52.6589
1778781600,367.16,368.37,366.94,367.6,231.2381
1778785200,368.04,368.04,366.01,366.16,32.9925
1778788800,366.0,366.0,363.44,363.95,34.9272
1778792400,364.39,364.39,364.39,364.39,24.33
1778796000,364.23,364.99,364.23,364.31,30.9442
1778799600,364.01,364.01,362.33,362.33,81.3741
1778803200,362.46,364.31,362.46,363.38,13.7898
1778806800,363.84,363.84,361.47,361.47,90.94
1778810400,361.43,362.12,360.89,362.03,126.072
1778814000,364.06,364.16,362.2,362.84,96.8526
1778817600,362.84,362.84,360.3,360.3,173.8942
1778821200,360.03,360.92,356.73,357.87,60.3105
1778824800,357.75,359.52,357.28,359.31,41.6184
1778828400,359.32,362.21,359.32,361.7,26.387
1778832000,361.41,361.69,359.91,360.57,77.1937
1778835600,360.56,360.91,359.64,360.21,599.6781
1778839200,360.26,361.11,359.9,361.11,11.9009
1778842800,361.22,361.49,360.63,360.9,381.16
1778846400,360.01,360.01,358.88,358.89,67.0702
1778850000,358.88,358.88,352.23,352.48,519.8044
1778853600,352.23,354.61,352.23,352.93,78.3614
1778857200,353.79,353.87,352.8,353.01,92.5148
1778860800,353.34,355.73,352.82,354.94,159.197
1778864400,354.95,356.56,354.95,356.02,24.5663
1778868000,356.71,356.8,355.5,356.8,76.1412
1778871600,355.68,355.68,355.19,355.19,5.6473
1778875200,355.5,355.5,354.3,354.3,13.4654
1778878800,354.56,354.56,353.85,353.85,2.0053
1778882400,354.01,354.25,354.01,354.25,1.3061
1778886000,354.4,354.41,354.11,354.11,1.1697
1778889600,354.03,354.48,354.03,354.17,12.2171
1778893200,354.17,354.31,353.26,354.31,15.8755
1778896800,354.31,354.31,353.43,353.78,32.4109
1778900400,354.18,354.18,354.02,354.02,77.035
1778904000,354.02,354.02,351.0,352.66,152.4695
1778907600,352.16,352.17,351.24,351.25,106.6115
1778911200,352.14,352.14,350.0,350.01,300.9708
1778914800,350.0,350.0,346.22,348.54,424.2196
1778918400,348.53,349.1,348.03,348.76,20.6605
1778922000,348.51,348.59,342.21,343.1,218.1938
1778925600,343.0,343.0,341.84,342.71,127.6549
1778929200,343.46,343.89,343.16,343.58,10.2479
1778932800,343.23,344.35,343.0,344.35,44.9696
1778936400,344.0,344.25,343.59,344.0,20.4938
1778940000,343.99,345.02,343.35,344.5,73.3939
1778943600,344.68,345.13,344.48,344.64,192.6156
1778947200,345.7,345.91,344.49,345.91,64.9053
1778950800,345.78,346.41,345.61,345.89,32.3837
1778954400,346.17,346.17,346.17,346.17,2.8888
1778958000,345.97,346.15,345.5,345.5,2.99
1778961600,345.82,345.83,345.82,345.82,5.843
1778965200,345.82,345.82,345.42,345.42,29.9015
1778968800,345.0,345.23,344.97,345.04,119.313
1778972400,345.01,345.02,345.01,345.01,16.823
1778976000,345.02,345.13,343.0,343.0,59.6453
1778979600,343.0,343.37,341.45,341.45,17.2685
1778983200,341.76,343.14,341.72,342.05,143.2485
1778986800,342.57,343.99,342.57,343.87,59.0902
1778990400,343.74,345.05,343.71,345.05,78.5083
1778994000,345.9,345.9,345.29,345.66,102.9221
1778997600,345.66,345.66,344.86,344.87,42.4302
1779001200,344.77,345.66,344.77,345.66,4.9065
1779004800,345.38,345.38,344.04,344.75,112.4481
1779008400,344.71,344.94,344.65,344.9,18.7752
1779012000,345.07,346.46,345.07,345.51,69.6085
1779015600,345.56,345.83,345.51,345.65,69.4153
1779019200,345.61,345.7,345.05,345.17,40.0374
1779022800,345.15,345.19,344.0,344.0,55.2027
1779026400,344.01,344.01,342.9,343.5,118.0262
1779030000,343.37,343.89,343.37,343.82,55.6002
1779033600,343.99,344.0,343.76,343.76,158.1482
1779037200,343.38,343.55,342.98,343.34,23.1264
1779040800,343.2,343.38,342.52,342.93,8.9907
1779044400,344.0,344.19,344.0,344.13,37.5249
1779048000,345.18,345.18,345.18,345.18,0.3216
1779051600,344.52,344.66,344.52,344.58,4.0589
1779055200,344.5,344.5,342.58,342.7,87.6415
1779058800,342.3,342.37,333.3,338.84,1026.8408
1779062400,338.85,339.23,336.59,339.14,221.5009
1779066000,339.47,339.8,337.41,337.73,72.2066
1779069600,338.5,339.88,337.79,337.79,269.4221
1779073200,338.33,338.78,337.86,338.38,27.3652
1779076800,337.96,338.91,337.28,338.79,306.5382
1779080400,338.98,339.33,337.24,337.84,217.2499
1779084000,337.84,338.23,336.23,337.37,27.3977
1779087600,337.87,337.97,336.51,337.06,48.4358
1779091200,336.8,338.01,336.8,337.64,30.8715
1779094800,337.59,337.59,336.34,336.65,159.3224
1779098400,336.65,336.65,335.62,335.85,142.0256
1779102000,335.84,339.0,335.6,338.41,82.5558
1779105600,338.63,341.09,338.63,340.51,575.2865
1779109200,340.1,340.1,336.02,338.14,53.6814
1779112800,336.47,336.72,334.03,334.14,676.5232
1779116400,334.37,335.52,333.72,335.52,83.8371
1779120000,335.51,336.14,334.91,336.02,76.8771
1779123600,335.75,336.19,335.75,335.88,5.5677
1779127200,335.48,335.48,333.06,333.09,99.0894
1779130800,333.62,338.75,333.62,338.75,6.8826
1779134400,338.73,339.0,337.85,337.85,184.5234
1779138000,338.36,340.53,338.36,340.3,239.4893
1779141600,340.67,340.74,339.59,339.59,29.5334
1779145200,340.27,340.27,339.64,339.64,37.7585
1779148800,339.55,341.15,339.55,340.3,23.7643
1779152400,340.01,340.47,338.5,338.5,78.1808
1779156000,338.5,338.5,336.72,338.2,54.5332
1779159600,337.9,338.69,337.9,338.69,10.071
1779163200,338.84,338.94,337.95,338.93,7.6276
1779166800,338.93,338.93,336.27,338.79,183.8421
1779170400,338.7,339.37,338.7,339.36,99.4152
1779174000,338.96,340.24,338.27,340.24,39.4398
1779177600,340.24,340.24,338.39,339.53,367.299
1779181200,339.36,339.36,336.73,337.22,31.1676
1779184800,337.49,337.74,337.01,337.67,468.1851
1779188400,337.53,337.83,336.71,336.71,27.4784
1779192000,337.29,337.76,337.25,337.64,17.6615
1779195600,337.33,338.92,337.08,338.67,93.4703
1779199200,337.57,337.57,334.48,335.8,283.7786
1779202800,336.24,336.78,335.68,336.31,10.121
1779206400,336.39,338.57,336.02,338.57,175.8943
1779210000,338.57,338.7,338.0,338.0,79.7406
1779213600,338.0,338.0,337.06,337.2,1.1716
1779217200,337.08,338.02,336.83,337.11,39.0958
1779220800,337.11,337.11,337.11,337.11,0.0
1779224400,337.49,337.49,337.49,337.49,5.9262
1779228000,337.06,337.06,336.11,336.11,25.61
1779231600,337.28,337.28,337.0,337.0,4.3872
1779235200,337.0,337.03,335.43,336.56,126.1608
1779238800,336.39,337.13,335.25,336.99,50.1966
1779242400,337.07,337.08,335.54,335.55,22.5837
1779246000,335.5,336.4,335.14,335.96,163.7081
1779249600,336.19,336.19,335.48,335.94,84.1071
1779253200,336.34,338.81,336.34,338.18,52.935
1779256800,338.63,338.87,338.46,338.86,49.5192
1779260400,338.62,339.36,338.0,338.0,44.8405
1779264000,338.0,339.1,337.99,339.0,15.1176
1779267600,338.64,338.86,338.55,338.56,47.0236
1779271200,338.61,339.33,338.59,338.59,17.9227
1779274800,338.56,338.56,338.01,338.01,100.4232
1779278400,338.05,339.5,337.74,339.5,27.5399
1779282000,339.35,339.35,336.58,337.71,16.7405
1779285600,338.01,343.07,336.7,343.07,149.9984
1779289200,341.23,343.74,340.91,343.17,170.1566
1779292800,343.2,346.12,342.0,344.88,96.0919
1779296400,344.79,346.37,344.63,345.17,16.9725
1779300000,344.95,344.95,342.04,342.04,77.2386
1779303600,343.23,343.83,343.23,343.83,178.4773
1779307200,342.47,342.47,342.21,342.27,39.3125
1779310800,342.27,342.27,342.27,342.27,0.0
1779314400,342.72,343.13,341.34,342.5,47.4122
1779318000,342.43,342.43,342.41,342.42,16.2522
1779321600,343.19,344.58,342.73,344.25,119.5849
1779325200,344.13,344.27,343.3,343.99,157.637
1779328800,343.84,344.66,343.52,344.14,23.5174
1779332400,344.01,344.9,344.01,344.8,32.7174
1779336000,344.96,345.96,344.96,345.02,41.1396
1779339600,345.95,345.95,343.52,343.8,24.9654
1779343200,343.65,343.65,343.01,343.29,45.5482
1779346800,343.16,344.4,343.0,344.4,40.4398
1779350400,344.97,345.39,344.72,344.72,9.7775
1779354000,345.26,345.26,343.34,343.47,147.2
1779357600,343.4,343.63,340.73,340.76,628.7155
1779361200,340.45,340.71,340.14,340.14,22.6751
1779364800,340.11,340.62,339.63,340.59,26.5395
1779368400,341.1,341.7,339.62,340.73,67.6848
1779372000,342.3,343.34,341.04,342.04,30.3646
1779375600,342.06,344.98,342.06,343.73,68.1736
1779379200,344.04,344.04,342.44,342.5,29.5604
1779382800,343.46,349.4,343.05,349.39,213.7853
1779386400,348.09,348.75,345.08,345.08,55.5719
1779390000,346.64,348.99,346.64,348.99,12.5171
1779393600,348.99,348.99,348.99,348.99,0.2845
1779397200,348.22,348.22,347.24,347.24,3.9346
1779400800,347.23,347.23,346.77,346.77,18.5595
1779404400,346.07,347.06,346.07,346.62,64.8356
1779408000,346.35,346.36,345.48,345.68,20.1873
1779411600,345.05,345.91,344.53,345.91,46.8127
1779415200,346.38,346.48,345.92,346.48,108.8379
1779418800,346.66,346.66,345.75,345.86,10.1216
1779422400,346.12,346.94,345.9,345.98,27.813
1779426000,345.88,346.47,345.5,345.5,190.3811
1779429600,345.5,345.5,344.37,345.0,59.0565
1779433200,345.0,346.73,344.75,346.41,161.6217
1779436800,346.51,348.1,346.16,346.91,59.8029
1779440400,346.89,347.14,346.89,347.14,4.767
1779444000,347.05,347.05,346.01,346.57,14.9875
1779447600,346.05,346.73,345.5,346.73,82.5459
1779451200,346.9,348.93,346.9,348.45,669.9051
1779454800,348.95,348.95,346.93,347.31,23.9639
1779458400,346.72,346.72,344.36,345.01,353.3583
1779462000,345.69,346.06,344.8,345.46,39.6564
1779465600,345.43,346.19,345.43,346.19,0.6097
1779469200,346.07,346.48,345.37,346.48,3.4159
1779472800,345.05,345.05,338.02,340.44,1067.3825
1779476400,340.84,340.84,336.0,337.6,112.7331
1779480000,338.0,338.89,337.6,337.6,1.3306
1779483600,338.62,339.84,338.47,339.73,36.2166
1779487200,339.34,339.4,338.43,338.66,13.0181
1779490800,339.25,339.25,335.61,336.68,185.4888
1779494400,336.73,336.83,336.05,336.74,76.3741
1779498000,337.16,337.71,336.89,337.32,104.2255
1779501600,337.31,337.38,336.58,337.38,125.3514
1779505200,337.49,337.86,337.37,337.83,126.0954
1779508800,337.86,337.86,337.01,337.02,103.383
1779512400,337.01,337.01,336.39,337.01,20.5302
1779516000,336.96,337.05,336.23,336.23,68.5377
1779519600,336.29,336.38,327.22,328.49,1023.3777
1779523200,328.49,329.01,327.07,328.51,899.1508
1779526800,328.59,328.66,328.32,328.61,265.9521
1779530400,328.63,329.93,328.63,329.6,320.6838
1779534000,329.59,330.24,329.59,330.0,581.1138
1779537600,329.85,330.24,329.45,330.16,401.0149
1779541200,330.16,333.34,330.16,332.88,185.9294
1779544800,332.77,337.17,332.69,336.8,79.1921
1779548400,336.15,337.63,335.01,335.4,30.3175
1779552000,335.69,336.39,335.49,336.22,10.7262
1779555600,336.3,336.3,336.05,336.05,3.2709
1779559200,337.01,339.05,337.01,338.27,169.0478
1779562800,337.79,339.66,337.79,339.07,95.5842
1779566400,338.87,346.5,338.87,346.5,159.7795
1779570000,346.6,348.0,343.22,343.22,20.6942
1779573600,344.33,344.33,342.18,342.31,123.4048
1779577200,342.2,342.61,341.74,341.9,88.9099
1779580800,341.81,342.39,341.74,341.82,3.0336
1779584400,342.29,343.53,342.29,342.88,60.2544
1779588000,342.57,342.57,341.66,342.29,9.1077
1779591600,342.3,342.3,341.21,341.71,101.9344
1779595200,342.24,342.6,342.13,342.48,28.0212
1779598800,342.48,342.91,341.3,342.91,78.397
1779602400,342.91,344.29,342.7,344.24,60.485
1779606000,344.8,344.8,342.91,342.91,59.3357
1779609600,343.12,344.58,343.12,344.58,20.0475
1779613200,344.6,345.7,344.6,345.0,22.1726
1779616800,344.46,344.62,344.02,344.04,28.5944
1779620400,344.2,346.31,344.2,345.64,5.2865
1779624000,345.09,345.09,344.0,344.1,46.8753
1779627600,344.31,344.35,342.01,342.01,46.1086
1779631200,342.01,342.03,337.1,340.1,65.842
1779634800,339.97,340.0,339.96,340.0,60.0906
1779638400,340.0,342.04,340.0,340.59,113.0536
1779642000,341.21,341.61,340.71,341.2,12.6845
1779645600,341.16,341.16,340.02,340.14,10.0365
1779649200,340.43,340.43,339.89,340.04,53.9967
1779652800,339.38,339.38,337.31,337.31,27.0867
1779656400,338.08,338.38,334.66,334.98,87.4731
1779660000,335.41,339.53,335.41,338.65,65.6878
1779663600,338.91,340.26,338.65,339.91,17.5483
1779667200,339.76,340.01,338.76,339.02,301.7696
1779670800,339.05,339.07,337.0,337.0,71.8936
1779674400,337.01,339.51,337.01,337.05,63.6039
1779678000,337.07,337.07,336.53,336.58,13.1865
1779681600,336.58,339.66,336.4,339.66,159.5275
1779685200,339.76,340.71,339.76,340.12,179.4635
1779688800,340.23,340.38,339.13,339.99,34.1198
1779692400,340.43,340.8,339.07,340.1,13.788
1779696000,339.76,340.19,339.28,340.19,14.6218
1779699600,340.37,340.37,339.78,339.78,6.224
1779703200,339.72,340.58,339.72,340.41,20.4157
1779706800,340.41,340.41,339.41,339.41,22.8342
1779710400,339.28,340.24,339.28,339.81,32.707
1779714000,339.72,340.0,339.72,340.0,6.2411
1779717600,339.99,341.79,339.99,341.49,72.2164
1779721200,341.58,341.84,341.09,341.26,32.222
1779724800,341.18,341.74,340.62,341.3,38.0263
1779728400,341.44,341.63,340.89,341.06,8.0077
1779732000,341.21,341.21,340.03,340.03,22.2745
1779735600,340.0,340.0,339.07,339.08,12.575
1779739200,339.41,339.41,338.34,338.34,2.5305
1779742800,338.58,338.58,338.01,338.03,20.5229
1779746400,338.01,338.46,335.86,336.23,46.0323
1779750000,336.78,336.93,336.59,336.59,22.6798
1779753600,336.52,336.52,333.0,333.0,142.4172
1779757200,334.56,334.96,333.08,333.93,56.4665
1779760800,333.74,334.06,333.61,333.77,79.0627
1779764400,333.77,334.48,333.35,334.48,137.7162
1779768000,334.27,335.44,334.02,335.04,117.0569
1779771600,335.03,337.02,335.03,335.93,33.0629
1779775200,335.49,336.17,335.49,336.17,16.7603
1779778800,335.79,335.79,334.1,334.77,47.6345
1779782400,335.15,335.48,335.15,335.46,9.5582
1779786000,335.45,335.93,335.41,335.45,156.6567
1779789600,335.45,340.47,335.45,339.63,204.3368
1779793200,339.85,339.85,338.84,339.13,18.913
1779796800,338.84,338.84,337.35,338.51,46.1891
1779800400,338.96,340.0,336.73,339.75,15.4968
1779804000,339.47,341.66,337.5,337.5,227.8682
1779807600,338.24,338.7,334.1,334.95,116.5096
1779811200,335.25,335.25,334.0,334.44,46.1547
1779814800,334.43,334.43,330.67,332.89,217.7748
1779818400,332.01,333.41,331.99,332.81,26.3947
1779822000,332.44,333.57,332.43,333.45,10.7792
1779825600,333.4,333.4,333.32,333.32,0.4587
1779829200,333.13,333.56,333.13,333.56,1.4736
1779832800,333.29,333.29,333.01,333.03,21.0287
1779836400,333.33,333.56,333.33,333.49,6.0072
1779840000,333.36,334.64,333.36,334.29,156.3333
1779843600,334.85,335.04,334.06,334.74,38.7695
1779847200,334.31,334.36,333.6,334.0,169.6116
1779850800,334.64,335.06,333.38,333.53,179.6614
1779854400,333.41,333.64,331.27,333.39,52.7892
1779858000,333.66,334.39,333.59,334.39,25.6183
1779861600,334.69,335.03,333.67,334.9,46.0109
1779865200,334.99,335.23,334.46,335.23,19.5396
1779868800,335.65,336.0,334.63,334.63,26.7421
1779872400,333.91,334.22,333.91,334.21,11.4183
1779876000,333.9,334.65,333.78,334.65,73.5173
1779879600,335.0,335.45,334.99,335.26,21.3735
1779883200,334.09,336.9,333.91,334.72,42.8084
1779886800,333.79,333.94,331.45,332.51,38.0318
1779890400,333.46,334.88,332.61,334.88,71.1555
1779894000,335.39,337.0,335.35,336.3,21.0751
1779897600,337.24,337.24,335.01,335.97,59.7747
1779901200,335.8,335.8,332.57,332.57,90.9766
1779904800,333.28,333.28,333.28,333.28,1.0
1779908400,333.28,333.28,333.28,333.28,0.0
1779912000,333.28,333.28,333.28,333.28,0.0
1779915600,333.28,333.28,333.28,333.28,0.0
1779919200,333.28,333.28,333.28,333.28,0.0
1779922800,331.0,334.2,330.0,330.16,64.3356
1779926400,330.17,331.16,330.0,330.36,393.2112
1779930000,330.36,330.76,328.34,328.49,196.8821
1779933600,329.79,330.0,328.37,328.64,450.4252
1779937200,328.48,328.48,324.06,325.0,463.9335
1779940800,324.77,324.77,321.71,323.08,1184.4165
1779944400,323.08,323.75,322.72,323.01,350.1641
1779948000,323.01,323.54,320.7,323.53,1615.0358
1779951600,323.53,324.51,323.34,324.31,269.0736
1779955200,324.05,324.05,323.34,323.63,38.5913
1779958800,323.62,324.54,323.34,324.3,129.8207
1779962400,324.53,324.55,323.0,323.0,49.2846
1779966000,322.46,322.92,322.01,322.92,9.8623
1779969600,323.05,324.5,322.19,324.13,82.5467
1779973200,324.56,324.56,322.1,322.67,168.7242
1779976800,322.04,325.97,320.22,323.41,120.8293
1779980400,324.28,324.48,322.41,323.93,102.002
1779984000,323.77,327.62,323.77,327.62,176.4667
1779987600,327.61,329.01,327.53,329.01,114.4959
1779991200,328.66,330.75,328.66,330.75,17.6782
1779994800,328.87,329.85,328.8,328.8,22.0911
1779998400,328.0,328.49,327.0,328.04,5.6955
1780002000,328.05,329.01,328.05,328.36,19.3019
1780005600,328.05,328.05,326.41,326.86,5.4159
1780009200,326.97,327.43,326.97,327.11,14.1154
1780012800,327.1,327.17,326.83,327.17,44.9183
1780016400,327.38,327.38,325.85,326.7,146.3691
1780020000,326.48,326.62,324.14,324.14,47.0775
1780023600,324.34,325.0,324.28,324.51,124.4929
1780027200,324.51,324.82,324.02,324.82,68.1179
1780030800,325.0,325.95,325.0,325.66,160.0563
1780034400,325.96,326.75,325.81,326.56,65.4787
1780038000,326.66,327.15,325.28,325.95,132.721
1780041600,326.54,327.44,326.54,326.97,146.0226
1780045200,326.97,327.99,326.68,327.31,55.8094
1780048800,327.27,327.27,327.0,327.01,25.166
1780052400,327.0,327.01,325.14,325.38,55.5585
1780056000,325.36,325.5,324.38,324.97,77.9307
1780059600,324.39,325.05,324.0,324.53,52.712
1780063200,324.51,324.79,321.0,324.79,482.0419
1780066800,324.31,330.68,324.31,328.67,300.8113
1780070400,328.7,330.57,327.81,330.11,95.4143
1780074000,330.25,331.25,329.65,329.65,16.5514
1780077600,330.33,330.41,326.04,326.82,7.7692
1780081200,326.15,327.97,326.0,327.01,6.2663
1780084800,327.1,327.71,326.64,327.01,18.5438
1780088400,327.29,327.79,325.75,325.75,7.673
1780092000,325.77,326.3,325.28,326.06,7.5439
1780095600,326.49,326.74,326.01,326.74,37.1594
1780099200,327.02,327.63,326.89,327.55,30.9939
1780102800,327.65,329.76,327.65,329.46,193.5357
1780106400,329.53,330.21,329.43,329.99,33.0019
1780110000,329.98,330.0,329.01,329.01,88.1927
1780113600,329.33,329.33,326.49,327.41,64.1549
1780117200,328.08,328.83,328.08,328.83,3.7706
1780120800,328.83,328.85,328.48,328.48,40.3547
1780124400,328.47,328.47,328.08,328.09,7.2645
1780128000,328.09,328.09,327.58,327.58,19.1462
1780131600,327.57,327.85,327.57,327.85,17.1456
1780135200,327.98,328.31,327.95,328.05,22.4604
1780138800,328.04,328.41,327.62,327.79,16.2381
1780142400,327.81,327.85,327.71,327.8,24.1479
1780146000,328.14,328.56,327.7,328.4,22.6776
1780149600,328.48,329.28,328.47,328.98,38.6571
1780153200,329.09,329.75,328.94,329.28,23.595
1780156800,329.86,330.0,329.64,329.96,26.3601
1780160400,330.0,330.67,329.62,330.67,69.6184
1780164000,330.8,330.8,330.51,330.56,13.92
1780167600,330.68,330.68,329.8,329.8,16.7422
1780171200,330.8,330.8,330.3,330.3,6.054
1780174800,330.64,330.64,330.64,330.64,0.0907
1780178400,330.01,330.01,328.97,329.02,122.8473
1780182000,329.22,329.64,329.06,329.39,17.0227
1780185600,329.41,330.32,329.41,330.32,56.375
1780189200,330.81,331.3,330.81,330.95,21.0283
1780192800,331.5,332.03,330.63,331.03,87.3596
1780196400,331.08,331.69,331.08,331.68,13.7457
1780200000,331.68,331.68,331.5,331.62,31.096
1780203600,331.51,331.52,330.97,330.97,58.1598
1780207200,330.75,330.75,330.69,330.69,0.8769
1780210800,330.63,330.63,329.32,329.5,88.2886
1780214400,329.5,330.04,329.5,330.04,11.1375
1780218000,329.66,330.75,329.66,330.0,21.4789
1780221600,329.55,329.68,329.01,329.38,48.9836
1780225200,329.95,330.16,329.72,329.72,11.1723
1780228800,329.72,329.96,329.39,329.92,23.0589
1780232400,330.04,330.8,329.82,329.82,18.5317
1780236000,329.82,329.82,326.27,326.93,141.5504
1780239600,326.64,327.77,326.54,326.54,22.4338
1780243200,326.98,327.02,324.82,325.01,262.9289
1780246800,325.01,326.2,325.0,326.12,106.2036
1780250400,326.06,326.06,325.43,326.03,23.2169
1780254000,325.97,325.97,324.8,325.35,20.4388
1780257600,326.16,326.82,325.77,326.82,5.4472
1780261200,326.79,326.96,326.51,326.96,1.5152
1780264800,327.82,328.83,327.39,328.83,23.0413
1780268400,329.59,330.1,327.56,328.2,43.0029
1780272000,329.54,330.65,328.89,329.95,13.4648
1780275600,329.34,329.34,326.59,326.59,51.9564
1780279200,326.12,329.99,325.51,329.58,85.9645
1780282800,329.68,330.34,329.16,329.16,236.5881
1780286400,329.61,329.61,326.01,326.4,72.8263
1780290000,326.84,326.95,325.53,326.72,232.543
1780293600,326.16,326.16,324.0,324.0,121.8652
1780297200,324.63,324.7,320.0,321.72,566.1043
1780300800,321.61,322.44,321.61,321.92,23.8496
1780304400,323.02,323.8,323.02,323.1,47.8801
1780308000,323.1,323.38,321.64,323.38,95.7413
1780311600,323.49,323.56,322.28,322.28,97.5494
1780315200,321.99,323.0,320.51,322.45,18.8137
1780318800,321.6,321.6,317.05,318.51,288.0467
1780322400,318.07,319.23,317.42,317.58,115.9111
1780326000,317.62,319.0,317.0,317.94,120.729
1780329600,318.06,320.31,316.16,320.31,155.3505
1780333200,321.0,323.23,321.0,322.98,9.998
1780336800,322.98,323.24,321.86,322.54,30.4972
1780340400,322.12,323.93,322.12,323.42,4.2514
1780344000,323.48,323.56,323.48,323.56,5.0092
1780347600,322.15,322.27,321.17,321.17,16.0732
1780351200,320.88,324.0,320.88,324.0,31.76
1780354800,323.86,324.99,323.8,323.8,23.4874
1780358400,323.86,323.86,322.8,322.8,19.2231
1780362000,322.56,322.56,319.92,319.92,91.681
1780365600,318.84,321.06,317.07,321.06,134.9977
1780369200,321.6,322.77,321.6,322.75,46.4997
1780372800,322.86,322.93,320.91,320.91,84.9569
1780376400,320.15,320.52,317.64,317.64,110.66
1780380000,317.6,317.9,317.25,317.83,130.2535
1780383600,317.78,319.78,316.81,318.62,223.8272
1780387200,318.22,318.52,317.93,317.93,31.0314
1780390800,317.94,317.94,315.0,315.82,249.345
1780394400,315.84,316.99,315.84,316.99,146.3691
1780398000,316.79,316.79,315.01,315.32,96.9481
1780401600,315.31,315.87,315.0,315.59,110.9334
1780405200,315.51,316.22,315.01,315.01,55.7848
1780408800,315.02,315.19,309.05,310.51,415.2914
1780412400,310.51,310.51,304.51,306.02,339.0684
1780416000,305.53,311.99,305.53,307.44,213.2603
1780419600,307.43,308.94,306.99,308.01,73.4368
1780423200,308.33,308.33,305.0,305.01,84.115
1780426800,305.01,305.02,300.51,302.85,256.9534
1780430400,303.58,303.58,300.3,302.37,72.4344
1780434000,303.54,304.17,302.48,302.91,93.4513
1780437600,303.05,303.05,295.01,296.7,855.2678
1780441200,295.85,298.07,292.97,298.07,345.0444
1780444800,297.78,300.0,297.52,300.0,408.4876
1780448400,299.99,301.01,298.01,299.12,1010.3624
1780452000,299.01,299.01,298.06,298.27,285.362
1780455600,298.27,298.96,290.0,292.08,1339.0528
1780459200,292.09,297.01,292.09,297.01,340.1548
1780462800,297.35,299.75,297.02,299.39,104.6753
1780466400,299.5,301.85,299.5,300.47,118.2344
1780470000,300.34,302.39,300.34,301.95,148.478
1780473600,302.03,302.03,300.65,301.17,159.5258
1780477200,301.17,302.35,300.34,301.9,113.0593
1780480800,301.41,303.17,301.41,302.71,62.7362
1780484400,302.7,303.62,301.0,301.45,275.0516
1780488000,301.61,301.8,300.34,301.78,90.2855
1780491600,301.76,302.0,299.03,299.18,158.8176
1780495200,299.0,299.0,297.02,298.68,199.4972
1780498800,298.37,298.54,294.17,294.17,113.0642
1780502400,294.4,294.46,290.0,292.79,467.1693
1780506000,293.08,296.36,291.01,293.6,56.7623
1780509600,294.16,294.16,291.36,292.99,29.161
1780513200,293.18,293.4,288.02,288.99,223.332
1780516800,288.74,289.86,285.02,285.32,171.7605
1780520400,285.55,292.1,285.55,292.08,128.3607
1780524000,292.24,292.47,289.05,289.73,104.9133
1780527600,288.9,288.97,288.0,288.0,131.9729
1780531200,288.14,289.36,282.52,282.87,831.8945
1780534800,283.6,284.47,275.22,275.86,1047.1718
1780538400,275.94,284.2,270.01,282.76,1050.9013
1780542000,282.79,289.94,282.79,288.44,556.94
1780545600,288.44,289.3,286.28,286.28,307.0943
1780549200,286.28,286.28,282.88,286.27,502.4732
1780552800,283.86,286.3,283.86,283.89,273.4524
1780556400,283.88,283.88,279.77,279.77,431.9802
1780560000,279.27,280.41,276.01,279.46,236.1893
1780563600,279.46,279.46,273.89,277.07,405.1852
1780567200,276.97,277.0,273.4,273.98,170.1417
1780570800,273.95,276.64,272.9,276.64,224.6424
1780574400,277.23,283.41,276.46,283.02,275.1663
1780578000,282.34,284.21,279.37,283.28,202.4515
1780581600,283.86,284.32,280.64,281.29,286.5424
1780585200,280.73,283.89,280.07,280.26,770.2528
1780588800,280.75,280.75,278.62,279.67,128.5272
1780592400,279.97,280.5,276.4,279.56,175.9917
1780596000,277.92,281.22,277.13,281.22,195.2516
1780599600,279.47,280.46,278.64,278.84,306.733
1780603200,277.23,278.2,276.22,276.55,99.9453
1780606800,277.24,277.24,273.28,273.49,79.4288
1780610400,274.33,274.94,273.0,274.94,35.0105
1780614000,276.05,277.63,274.29,277.63,119.0483
1780617600,277.65,278.03,275.35,275.35,98.3304
1780621200,275.4,277.08,273.15,276.97,219.2752
1780624800,276.91,276.91,271.94,271.94,290.1873
1780628400,271.95,273.39,271.07,271.58,243.8109
1780632000,271.48,275.0,268.0,274.91,1780.7249
1780635600,275.0,275.0,268.17,268.17,148.1214
1780639200,268.4,269.38,260.46,264.54,1299.5682
1780642800,264.13,268.76,261.0,267.92,630.4514
1780646400,267.25,267.42,264.23,264.58,209.9892
1780650000,265.77,269.75,265.77,269.74,391.8315
1780653600,269.97,270.5,268.26,268.93,243.1349
1780657200,268.56,270.29,267.48,268.45,278.361
1780660800,268.13,268.78,265.82,267.2,153.2396
1780664400,267.45,271.11,262.0,262.01,349.0931
1780668000,262.32,267.14,261.61,265.78,407.0134
1780671600,265.52,265.54,261.02,262.35,814.827
1780675200,261.01,270.24,260.0,270.24,557.0353
1780678800,269.96,270.31,265.16,266.0,77.512
1780682400,266.74,269.99,258.0,263.99,265.2094
1780686000,258.75,270.0,253.05,260.44,147.2008
1780689600,262.51,270.0,257.0,270.0,12.9657
1780693200,262.13,266.07,262.13,266.07,294.8843
1780696800,264.92,264.92,260.62,263.16,15.5272
1780700400,264.83,265.43,257.0,259.95,33.885
1780704000,260.25,265.45,260.25,265.0,82.1479
1780707600,265.41,265.62,261.84,262.46,338.1703
1780711200,261.66,261.94,260.14,260.52,120.5502
1780714800,260.27,260.27,257.06,257.62,360.3938
1780718400,257.66,257.66,248.0,249.47,1286.9716
1780722000,249.4,256.87,247.31,255.86,249.8313
1780725600,256.24,258.5,253.76,253.82,44.4615
1780729200,254.01,257.83,253.39,256.47,76.8651
1780732800,256.68,259.47,255.94,258.5,104.5843
1780736400,258.0,259.19,255.65,256.15,91.4194
1780740000,256.15,256.15,250.11,252.37,406.5924
1780743600,252.17,255.79,252.17,254.99,210.5468
1780747200,255.43,257.67,253.56,257.64,47.2521
1780750800,256.93,257.49,254.3,255.38,40.7493
1780754400,255.04,257.23,255.04,255.81,225.3598
1780758000,255.0,255.0,251.5,254.24,61.0553
1780761600,253.91,254.59,252.19,254.3,23.0825
1780765200,254.49,254.87,251.77,251.77,152.553
1780768800,252.66,254.48,252.06,252.97,30.3281
1780772400,252.86,254.52,251.71,251.96,942.5331
1780776000,251.94,253.16,251.23,252.77,23.1063
1780779600,252.77,254.36,252.35,253.45,6.3744
1780783200,252.55,253.23,250.86,252.49,24.7781
1780786800,252.84,254.03,252.78,253.85,187.4463
1780790400,254.36,255.47,253.0,253.65,86.5969
1780794000,253.76,260.34,253.76,260.0,152.2216
1780797600,259.66,260.11,257.82,259.32,147.8084
1780801200,259.32,261.53,259.11,260.47,281.3783
1780804800,260.47,261.91,258.64,261.48,130.7678
1780808400,261.44,262.95,261.01,262.67,299.887
1780812000,262.53,265.61,262.01,264.82,211.303
1780815600,264.69,265.81,264.06,265.13,264.7589
1780819200,265.17,268.34,263.29,268.34,201.347
1780822800,268.74,269.41,265.1,265.25,199.7249
1780826400,265.49,265.49,263.18,263.31,88.2977
1780830000,263.58,265.55,263.58,265.15,13.2064
1780833600,265.04,265.04,260.03,262.61,182.0365
1780837200,262.58,262.85,261.9,262.63,86.554
1780840800,262.64,266.69,262.64,265.11,64.5659
1780844400,265.15,266.23,263.62,265.21,86.7865
1780848000,265.47,266.57,265.2,265.2,51.2846
1780851600,266.03,267.44,266.03,266.4,52.5899
1780855200,266.61,267.87,265.0,265.0,14.4566
1780858800,264.66,264.66,260.0,261.06,104.4188
1780862400,261.97,263.75,261.97,263.75,2.5967
1780866000,263.99,264.15,263.99,264.15,0.094
1780869600,263.26,274.99,263.26,268.41,615.2539
1780873200,269.15,270.97,268.22,269.83,127.7383
1780876800,269.34,272.5,269.22,272.0,58.6576
1780880400,272.19,272.19,267.03,269.47,1414.268
1780884000,270.0,271.39,269.78,270.95,31.2332
1780887600,271.21,272.24,270.38,271.14,201.1217
1780891200,271.06,271.1,267.51,267.51,75.4945
1780894800,267.5,267.5,265.77,266.7,374.5501
1780898400,267.39,268.98,267.3,268.24,123.918
1780902000,268.2,270.67,267.09,270.07,1445.9014
1780905600,269.86,269.86,268.0,268.15,114.737
1780909200,268.36,271.07,268.36,271.06,113.9574
1780912800,271.47,271.47,269.1,270.63,28.3681
1780916400,270.66,273.84,270.66,272.89,96.8907
1780920000,271.99,274.28,270.35,274.21,108.5783
1780923600,274.95,275.19,272.33,273.58,121.906
1780927200,272.73,275.36,272.73,275.34,182.4965
1780930800,275.38,277.1,275.0,275.0,164.078
1780934400,274.55,276.97,274.5,274.5,22.2796
1780938000,273.67,275.25,272.82,275.1,113.717
1780941600,276.0,276.54,274.94,276.0,116.8592
1780945200,275.58,275.95,274.91,275.06,5.3808
1780948800,273.76,274.35,273.75,274.35,5.9936
1780952400,277.0,277.41,275.93,277.41,3.8395
1780956000,275.0,275.0,273.03,273.03,18.1074
1780959600,274.61,274.61,272.5,272.6,175.8298
1780963200,272.6,272.6,266.51,266.94,162.7738
1780966800,266.99,269.16,266.99,268.96,225.191
1780970400,268.84,269.16,267.28,268.44,92.5611
1780974000,268.36,268.85,267.99,268.85,51.3928
1780977600,268.45,273.71,268.45,273.28,83.0474
1780981200,272.98,274.07,271.89,273.58,55.1795
1780984800,273.51,274.0,273.5,273.5,115.0698
1780988400,273.53,274.06,271.39,272.56,114.5215
1780992000,271.59,271.63,270.68,271.32,83.5597
1780995600,271.2,271.67,269.3,269.34,75.6528
1780999200,269.31,269.71,269.01,269.71,69.3142
1781002800,270.26,270.26,268.62,268.93,203.7185
1781006400,270.31,270.31,269.11,269.11,21.3217
1781010000,269.48,269.48,267.79,268.91,147.12
1781013600,268.0,268.0,263.01,264.6,574.1566
1781017200,264.72,265.99,262.29,262.29,1747.4797
1781020800,262.3,262.79,259.89,261.39,1083.8029
1781024400,261.57,265.41,261.57,264.0,41.9062
1781028000,264.5,266.25,264.5,265.29,14.7509
1781031600,266.07,267.47,265.72,267.47,8.7653
1781035200,267.06,267.17,267.06,267.17,25.3966
1781038800,267.45,267.45,264.67,264.67,12.4754
1781042400,264.55,265.82,264.55,265.78,63.4902
1781046000,265.2,265.2,264.77,264.94,4.7258
1781049600,265.07,265.23,262.11,264.41,2383.0865
1781053200,265.62,265.62,263.37,265.44,787.4183
1781056800,265.44,265.44,261.88,261.88,15.082
1781060400,262.38,263.3,262.38,262.72,68.1898
1781064000,262.21,262.51,261.17,261.52,27.0072
1781067600,261.36,261.63,260.36,261.13,12.4219
1781071200,260.66,261.77,260.23,261.77,57.2674
1781074800,261.24,263.27,261.24,262.99,12.7344
1781078400,262.74,262.74,259.05,259.16,132.3104
1781082000,259.47,259.63,257.8,258.8,105.7369
1781085600,258.8,259.29,258.47,259.11,84.2763
1781089200,258.99,259.26,257.06,259.26,134.1194
1781092800,259.26,262.65,258.39,262.0,67.5803
1781096400,261.2,266.55,261.2,265.63,161.4726
1781100000,264.9,265.55,263.4,264.56,306.4432
1781103600,265.7,267.29,263.43,266.66,112.9242
1781107200,266.1,266.75,262.03,263.32,261.4554
1781110800,263.63,264.18,259.99,261.27,52.0617
1781114400,260.39,260.67,259.0,259.49,7.4821
1781118000,259.98,260.55,259.11,259.37,3.4339
1781121600,259.26,259.36,257.82,257.82,15.5921
1781125200,257.8,257.8,254.96,255.23,219.8241
1781128800,255.01,256.77,254.69,256.52,75.8226
1781132400,256.17,257.91,255.32,257.91,6.5941
1781136000,258.45,260.01,258.45,260.0,14.9187
1781139600,260.43,265.36,260.43,264.96,126.1291
1781143200,264.78,264.88,263.26,263.4,29.0297
1781146800,263.62,266.82,262.98,266.17,192.3319
1781150400,265.73,266.51,265.01,265.89,67.7267
1781154000,265.83,265.83,265.22,265.23,13.0569
1781157600,265.0,266.2,264.7,265.5,12.997
1781161200,265.11,265.53,264.3,265.07,99.0286
1781164800,265.16,266.32,265.16,266.03,87.1545
1781168400,265.77,266.61,265.02,266.61,171.0129
1781172000,266.47,267.13,266.05,267.13,531.509
1781175600,266.97,268.77,266.66,268.77,28.8327
1781179200,267.8,267.97,264.75,265.63,93.6115
1781182800,265.42,267.51,265.42,267.51,122.7454
1781186400,266.9,267.58,265.73,267.58,6.3943
1781190000,266.03,268.1,265.5,266.69,20.8985
1781193600,267.36,267.94,266.62,266.89,29.4742
1781197200,266.38,273.0,265.59,272.72,418.9057
1781200800,272.96,273.61,272.0,272.29,95.829
1781204400,272.46,272.97,271.65,272.77,14.1565
1781208000,272.78,272.78,271.35,271.35,1.4461
1781211600,271.54,273.13,271.54,272.99,4.9909
1781215200,273.04,273.08,272.6,272.6,15.4571
1781218800,272.1,272.75,271.91,272.75,32.4637
1781222400,272.07,272.73,272.01,272.73,88.963
1781226000,272.38,272.38,270.81,270.83,73.0463
1781229600,271.02,273.48,271.02,273.04,205.2399
1781233200,272.7,272.7,271.93,272.45,128.8865
1781236800,272.23,272.8,272.22,272.49,47.7728
1781240400,272.24,272.24,271.03,271.6,80.935
1781244000,270.96,271.37,268.64,268.72,39.3777
1781247600,269.39,269.59,269.12,269.12,7.6461
1781251200,269.7,272.18,269.7,271.62,52.8488
1781254800,272.1,273.64,272.1,273.15,108.2148
1781258400,272.91,272.95,271.59,271.76,148.9936
1781262000,272.0,272.3,271.73,272.04,72.0764
1781265600,271.7,272.53,271.48,271.63,195.9601
1781269200,271.69,272.36,270.85,270.85,36.0677
1781272800,272.58,276.05,272.14,276.05,126.31
1781276400,276.43,279.71,273.51,273.51,725.5184
1781280000,274.11,276.61,273.83,276.54,62.8399
1781283600,276.57,277.0,273.82,273.82,44.9739
1781287200,274.27,274.27,273.16,273.86,1.0761
1781290800,273.49,273.69,272.02,272.02,3.6506
1781294400,271.69,271.79,270.94,271.68,28.4367
1781298000,272.09,272.33,272.09,272.33,2.1537
1781301600,271.0,271.52,270.96,271.35,20.7125
1781305200,271.42,272.12,271.37,272.12,5.4799
1781308800,272.72,273.11,272.56,273.11,39.6104
1781312400,273.42,274.9,273.41,274.54,21.2254
1781316000,274.38,274.46,272.58,272.75,41.6482
1781319600,273.11,273.11,272.56,272.56,75.7154
1781323200,272.54,272.61,272.01,272.01,44.0092
1781326800,272.0,272.18,271.68,271.68,88.283
1781330400,272.03,273.52,272.03,273.52,167.1737
1781334000,273.67,274.02,273.05,273.77,361.6507
1781337600,274.2,274.54,274.13,274.38,381.6414
1781341200,274.54,274.54,274.37,274.46,27.9082
1781344800,274.53,275.01,274.47,274.73,38.923
1781348400,274.78,276.57,274.74,276.23,110.2071
1781352000,276.45,276.72,276.27,276.72,24.5671
1781355600,276.75,277.84,276.48,277.1,55.0832
1781359200,277.04,278.17,277.04,277.99,37.0449
1781362800,278.5,279.63,278.5,279.46,70.5524
1781366400,278.5,278.5,276.81,277.08,22.8109
1781370000,276.96,278.06,276.7,277.91,16.7788
1781373600,277.69,278.32,277.69,278.3,1.7527
1781377200,277.56,278.06,277.19,278.06,24.2907
1781380800,277.62,277.99,277.62,277.73,1.4316
1781384400,278.44,282.78,278.44,282.78,146.3803
1781388000,281.66,281.67,280.77,281.0,5.3916
1781391600,280.62,281.77,280.53,280.53,182.4572
1781395200,280.42,280.6,280.03,280.16,32.2972
1781398800,281.05,281.28,280.63,280.63,53.8418
1781402400,280.55,281.45,280.55,280.91,39.1232
1781406000,280.9,281.1,280.59,280.9,22.8847
1781409600,281.01,281.13,279.29,279.29,82.2759
1781413200,279.43,279.43,277.74,278.37,688.7623
1781416800,278.27,278.91,277.76,277.77,23.5075
1781420400,277.78,277.83,277.52,277.79,23.7473
1781424000,277.83,278.24,277.62,277.84,23.4153
1781427600,277.83,278.67,277.02,278.67,55.0979
1781431200,278.75,278.98,278.27,278.27,11.2716
1781434800,278.0,278.0,277.04,277.66,4.1791
1781438400,277.31,277.31,275.88,275.95,58.833
1781442000,276.01,276.01,275.5,275.6,73.3619
1781445600,275.71,276.16,273.05,273.1,135.8366
1781449200,274.21,274.51,274.21,274.51,8.6998
1781452800,275.04,275.51,274.93,274.93,1.6888
1781456400,274.6,275.4,274.47,274.47,93.3096
1781460000,274.38,274.41,274.29,274.29,1.7174
1781463600,274.52,275.1,274.52,275.1,1.9899
1781467200,274.9,276.43,274.9,276.43,2.4785
1781470800,276.74,285.95,276.74,285.94,103.6102
1781474400,285.0,286.52,283.84,286.51,117.1776
1781478000,285.81,289.13,285.68,289.0,304.9306
1781481600,289.77,291.34,288.03,288.05,272.8803
1781485200,288.01,289.14,287.23,288.95,108.9896
1781488800,288.14,290.45,288.12,288.13,20.0905
1781492400,288.17,289.5,288.17,289.5,86.1201
1781496000,289.42,289.42,288.13,288.13,161.7774
1781499600,288.12,289.91,288.0,289.25,226.392
1781503200,288.99,290.05,288.99,290.05,37.7325
1781506800,289.25,289.99,289.25,289.85,24.3755
1781510400,289.4,290.44,289.4,289.51,80.0745
1781514000,289.59,289.92,288.5,289.31,49.9411
1781517600,289.52,292.07,289.52,291.56,50.653
1781521200,291.02,295.09,291.02,294.79,175.3889
1781524800,294.78,296.02,293.67,295.11,61.0393
1781528400,295.6,300.93,295.01,299.01,454.7349
1781532000,299.06,300.41,297.82,300.07,110.075
1781535600,300.07,305.53,300.07,305.51,146.5657
1781539200,305.5,308.87,305.5,307.52,147.9422
1781542800,306.31,306.31,304.17,305.88,149.8732
1781546400,305.88,307.25,305.88,306.8,1.7824
1781550000,306.0,307.32,303.24,305.11,12.8061
1781553600,305.0,305.0,304.45,304.45,11.3226
1781557200,304.43,304.62,302.55,303.06,12.9626
1781560800,302.68,302.68,300.0,300.11,138.6394
1781564400,300.16,300.96,299.84,300.96,51.0464
1781568000,300.91,301.94,300.42,301.36,79.3631
1781571600,300.81,302.15,300.81,301.59,39.3887
1781575200,301.0,301.0,297.04,297.25,293.836
1781578800,297.14,300.0,297.03,300.0,98.9397
1781582400,300.0,300.38,298.22,298.53,56.6398
1781586000,298.86,301.01,298.86,300.34,182.3754
1781589600,300.28,302.83,300.28,302.53,227.1429
1781593200,302.5,303.82,302.38,303.82,143.9347
1781596800,304.0,308.2,304.0,307.23,399.2188
1781600400,307.01,307.01,305.28,305.28,111.1023
1781604000,305.19,305.91,305.19,305.72,20.2843
1781607600,304.59,305.71,303.68,303.87,131.3989
1781611200,304.8,307.5,304.8,305.31,99.7342
1781614800,305.0,305.0,301.87,302.48,69.4482
1781618400,302.07,302.8,296.05,297.66,305.4251
1781622000,298.9,299.93,298.07,299.3,78.4028
1781625600,299.02,299.02,297.96,298.03,31.5981
1781629200,298.34,300.01,298.34,300.01,3.9205
1781632800,300.61,302.95,300.61,302.22,19.1194
1781636400,300.15,301.82,300.15,301.82,3.8318
1781640000,300.55,302.23,300.55,302.23,1.262
1781643600,300.92,301.24,300.92,301.24,4.0246
1781647200,300.92,301.95,300.56,300.56,12.1175
1781650800,300.91,300.91,299.45,299.45,9.9852
1781654400,299.78,300.12,299.07,299.07,5.6517
1781658000,299.87,300.23,299.0,300.23,101.7964
1781661600,301.32,303.16,300.21,301.8,96.6159
1781665200,301.81,302.33,300.12,301.06,118.1575
1781668800,300.59,301.3,300.55,301.2,43.6735
1781672400,301.53,301.53,300.38,300.38,13.6828
1781676000,301.02,301.02,299.06,299.68,101.8755
1781679600,299.5,300.06,297.75,298.03,31.2855
1781683200,298.01,298.01,295.09,295.09,132.9421
1781686800,295.59,296.07,295.11,295.79,28.7769
1781690400,295.85,295.99,294.51,294.51,240.7687
1781694000,294.22,294.76,293.22,294.53,173.307
1781697600,294.18,295.07,292.57,295.07,295.5124
1781701200,294.13,296.21,294.13,295.71,41.0032
1781704800,295.16,295.99,294.0,295.99,23.5878
1781708400,295.34,301.22,295.34,300.36,100.7413
1781712000,301.0,303.94,300.9,300.9,298.2292
1781715600,300.69,301.88,300.14,301.88,202.2562
1781719200,301.94,302.32,294.78,302.32,163.275
1781722800,299.61,299.61,292.35,292.65,119.856
1781726400,292.33,294.55,292.33,293.63,52.0444
1781730000,293.55,293.64,291.73,291.77,52.183
1781733600,291.77,292.9,289.46,292.9,423.728
1781737200,293.01,294.11,293.01,293.78,30.7079
1781740800,295.23,295.23,295.23,295.23,0.2348
1781744400,296.08,297.16,295.82,295.82,112.0691
1781748000,295.97,297.31,295.91,297.15,160.3661
1781751600,296.49,296.49,293.84,294.76,239.9494
1781755200,293.5,293.5,291.49,291.49,63.7481
1781758800,290.75,291.58,290.28,291.32,136.1581
1781762400,292.0,293.04,292.0,292.99,219.2864
1781766000,292.08,294.69,292.08,294.69,127.5906
1781769600,294.53,295.88,293.58,295.68,196.743
1781773200,295.33,297.14,295.22,295.63,125.701
1781776800,295.69,295.69,292.77,294.64,174.7179
1781780400,295.08,295.08,292.34,292.34,16.7159
1781784000,292.73,294.93,292.47,294.85,93.4371
1781787600,295.18,295.61,293.0,294.21,84.6028
1781791200,293.01,294.91,292.55,292.83,97.9954
1781794800,292.53,292.53,283.04,283.04,371.4767
1781798400,283.03,285.46,283.0,285.3,378.4212
1781802000,285.01,285.42,283.58,283.58,219.4045
1781805600,283.57,284.0,282.87,283.54,114.5693
1781809200,283.6,286.53,283.56,285.95,19.3282
1781812800,287.23,288.18,287.23,288.18,9.8225
1781816400,287.0,287.55,286.85,286.86,4.6315
1781820000,286.86,287.05,286.06,287.01,66.0918
1781823600,287.14,287.43,286.05,287.41,200.3427
1781827200,287.42,288.0,287.35,287.71,132.0053
1781830800,287.78,288.23,286.71,288.23,25.2709
1781834400,288.81,288.81,286.59,287.15,10.8756
1781838000,287.3,287.3,283.51,285.33,495.1321
1781841600,285.04,285.5,282.36,282.85,154.8346
1781845200,283.57,284.33,283.14,284.33,34.7043
1781848800,284.2,284.86,283.87,283.91,173.7971
1781852400,284.74,284.91,282.1,283.46,545.1196
1781856000,283.43,284.67,283.43,284.51,101.5172
1781859600,284.7,284.7,282.87,283.3,36.9882
1781863200,283.31,283.58,282.36,282.69,286.9709
1781866800,283.12,283.33,282.55,283.29,186.6765
1781870400,283.1,283.67,282.0,283.67,34.2223
1781874000,284.26,287.9,283.91,287.11,21.2359
1781877600,286.76,287.73,285.51,286.5,86.064
1781881200,285.87,288.13,285.87,287.22,71.9184
1781884800,287.04,287.85,285.5,285.5,5.0437
1781888400,285.74,287.86,285.74,287.86,133.3677
1781892000,287.47,287.47,286.24,286.24,3.1933
1781895600,285.89,286.37,285.51,286.37,7.9999
1781899200,285.5,285.81,285.5,285.81,2.248
1781902800,287.2,287.2,286.23,286.23,2.2571
1781906400,286.66,287.37,286.66,287.22,2.9492
1781910000,287.41,288.55,287.41,288.55,47.9369
1781913600,289.2,289.88,288.58,288.95,127.2689
1781917200,288.67,289.78,288.19,289.25,81.4141
1781920800,288.65,288.68,288.24,288.68,78.7049
1781924400,288.99,290.23,288.99,290.16,190.0169
1781928000,290.0,294.32,290.0,293.38,226.6525
1781931600,293.99,299.94,293.99,297.79,575.309
1781935200,298.21,299.71,297.74,298.93,156.4238
1781938800,298.97,298.97,296.93,296.98,133.2725
1781942400,297.0,297.12,296.25,296.29,43.8199
1781946000,296.32,296.32,296.0,296.15,1.0956
1781949600,297.18,297.44,296.42,297.44,271.2224
1781953200,297.6,298.33,296.77,298.33,11.8258
1781956800,298.04,298.45,296.67,296.92,60.6555
1781960400,296.88,296.89,294.41,295.66,9.8898
1781964000,295.65,299.1,292.8,298.65,147.2324
1781967600,298.46,300.42,298.01,298.88,260.5376
1781971200,298.11,298.11,296.85,297.5,131.8245
1781974800,296.93,297.22,295.88,295.88,56.3246
1781978400,297.38,298.29,297.38,298.11,2.1906
1781982000,298.13,298.29,297.62,298.29,3.167
1781985600,298.44,298.44,298.44,298.44,1.7036
1781989200,300.1,300.1,299.98,300.1,14.7512
1781992800,300.6,307.48,300.6,305.25,123.2986
1781996400,305.18,305.18,304.09,304.09,19.4927
1782000000,303.82,304.1,303.16,303.59,16.3945
1782003600,303.6,304.01,302.67,304.01,8.8545
1782007200,303.69,304.31,303.63,304.31,59.3364
1782010800,304.09,306.4,304.09,305.47,259.2636
1782014400,305.67,306.07,305.1,305.1,18.8945
1782018000,305.0,305.0,303.51,303.59,26.9811
1782021600,303.56,304.73,303.56,304.17,30.3596
1782025200,304.15,304.57,304.15,304.21,6.895
1782028800,304.04,304.04,302.43,303.42,201.1473
1782032400,304.13,307.0,303.72,307.0,130.1218
1782036000,307.4,308.78,307.1,307.93,95.4109
1782039600,306.9,307.22,304.0,304.0,18.2352
1782043200,303.67,305.84,303.12,305.76,82.5963
1782046800,306.17,306.17,305.14,306.09,37.6197
1782050400,306.87,307.36,306.18,307.32,39.5974
1782054000,307.37,307.97,307.16,307.37,101.8558
1782057600,307.37,309.79,306.79,309.45,341.5299
1782061200,309.03,309.35,308.65,308.76,11.1784
1782064800,306.96,308.71,306.96,308.71,3.2782
1782068400,308.0,308.45,308.0,308.45,13.5352
1782072000,308.83,308.83,305.0,305.04,6.8503
1782075600,303.89,303.89,300.92,303.84,45.0685
1782079200,303.44,303.44,302.07,303.26,29.4357
1782082800,302.67,302.67,300.5,300.62,148.9783
1782086400,300.85,304.9,300.85,303.28,203.3365
1782090000,304.46,309.87,304.13,308.35,72.4488
1782093600,308.24,310.0,305.34,306.07,390.9712
1782097200,305.12,306.71,304.31,304.69,185.3632
1782100800,304.7,305.47,304.62,304.74,29.3594
1782104400,307.0,307.0,306.59,306.59,48.7333
1782108000,306.42,307.09,305.68,305.96,173.6128
1782111600,306.11,308.43,306.11,307.64,94.1451
1782115200,307.88,308.17,306.03,307.0,54.3977
1782118800,307.0,307.28,306.05,306.58,65.0286
1782122400,306.35,306.35,305.84,305.84,33.5638
1782126000,307.02,308.66,306.45,308.15,306.1283
1782129600,308.04,308.72,308.02,308.72,8.4771
1782133200,308.55,310.94,308.55,310.94,192.1912
1782136800,310.5,310.5,304.46,305.23,77.2655
1782140400,305.84,306.35,303.85,303.85,82.9111
1782144000,303.58,303.58,302.02,303.3,319.446
1782147600,303.31,304.8,302.55,304.64,35.0219
1782151200,305.29,305.58,302.26,302.26,25.1985
1782154800,302.25,302.48,302.25,302.48,40.238
1782158400,302.87,303.24,302.41,302.53,20.808
1782162000,302.84,302.84,301.5,302.18,41.8184
1782165600,302.73,302.73,298.36,299.47,233.4695
1782169200,299.88,299.93,299.36,299.56,12.0939
1782172800,299.54,299.54,297.56,298.96,353.4851
1782176400,298.81,299.42,296.42,297.47,299.0218
1782180000,297.39,298.87,297.39,298.77,21.3526
1782183600,298.34,298.76,298.02,298.76,23.0574
1782187200,298.76,298.76,297.3,297.3,76.4147
1782190800,297.28,297.28,295.06,295.11,29.9292
1782194400,295.08,295.08,290.19,292.62,157.3477
1782198000,293.31,293.31,292.0,292.0,15.7882
1782201600,291.01,291.42,284.34,286.19,643.8904
1782205200,286.15,287.11,286.12,286.63,35.4216
1782208800,287.77,287.77,286.0,286.27,200.5622
1782212400,286.54,288.29,286.54,288.29,665.1642
1782216000,288.28,288.28,286.89,286.89,130.8883
1782219600,286.92,288.33,286.5,287.41,111.4043
1782223200,288.07,289.35,287.84,287.84,59.3501
1782226800,287.71,287.71,285.02,286.44,107.6144
1782230400,286.75,288.28,286.75,287.33,57.5767
1782234000,286.03,286.88,286.0,286.0,209.7129
1782237600,286.37,286.37,286.01,286.21,21.4853
1782241200,286.48,286.49,286.48,286.49,1.0208
1782244800,286.08,286.95,286.08,286.4,2.2932
1782248400,286.95,287.58,286.95,287.58,1.1921
1782252000,287.87,289.16,287.87,288.4,12.0748
1782255600,288.01,289.32,288.01,289.32,7.2028
1782259200,289.46,291.08,289.46,290.69,81.0191
1782262800,290.21,291.32,289.34,290.91,23.8335
1782266400,290.53,290.53,288.53,288.54,167.1021
1782270000,288.43,289.56,287.52,288.83,64.6579
1782273600,288.35,289.04,286.91,288.68,202.2934
1782277200,288.71,290.98,288.7,290.23,42.473
1782280800,289.8,290.36,289.47,289.47,62.3108
1782284400,289.52,289.52,287.81,287.81,37.2586
1782288000,288.25,288.49,287.89,288.32,49.2466
1782291600,287.95,288.21,287.55,287.81,29.7358
1782295200,287.55,287.55,287.0,287.09,7.9747
1782298800,287.03,291.9,286.36,290.59,70.3438
1782302400,290.0,290.26,288.78,288.78,9.0668
1782306000,288.66,288.66,285.0,286.66,327.4631
1782309600,286.59,288.34,285.94,286.29,147.1474
1782313200,286.12,286.12,280.51,280.51,390.3183
1782316800,280.51,282.69,276.53,277.41,960.2097
1782320400,277.41,278.19,270.02,270.07,1426.6147
1782324000,270.07,276.34,270.07,275.21,294.2681
1782327600,275.15,275.65,273.41,275.65,221.2404
1782331200,275.64,282.77,275.64,282.77,58.061
1782334800,282.25,283.26,282.25,283.26,6.0162
1782338400,284.2,285.27,283.03,283.36,16.5259
1782342000,283.58,284.17,283.19,283.66,3.5861
1782345600,284.22,284.75,282.53,282.53,19.0512
1782349200,282.02,283.04,280.06,280.06,259.8049
1782352800,281.21,282.13,280.0,280.33,238.6198
1782356400,280.34,280.34,279.49,279.9,63.2861
1782360000,279.9,283.63,279.66,283.63,206.9656
1782363600,282.79,287.33,282.79,285.49,93.7288
1782367200,285.41,287.49,285.41,286.96,84.2351
1782370800,287.0,287.11,286.46,287.11,40.5731
1782374400,286.86,286.91,285.63,285.69,160.411
1782378000,285.67,286.28,285.3,285.43,27.5983
1782381600,285.01,285.01,282.47,283.03,107.3117
1782385200,282.82,282.82,281.81,281.81,44.2958
1782388800,282.18,284.51,280.8,282.46,73.2229
1782392400,282.54,282.77,266.85,266.85,1314.5989
1782396000,266.86,278.52,266.86,275.73,917.3615
1782399600,275.93,275.93,271.41,274.74,297.8516
1782403200,274.73,278.12,273.0,273.37,422.233
1782406800,273.98,278.99,273.57,277.75,322.3102
1782410400,278.31,278.31,273.16,274.3,159.3504
1782414000,274.15,274.22,272.69,273.57,895.2715
1782417600,275.46,275.84,275.0,275.0,633.5465
1782421200,274.94,277.88,274.94,277.87,92.5524
1782424800,277.12,277.89,277.12,277.66,4.0173
1782428400,277.89,283.5,277.45,280.01,766.5916
1782432000,280.1,281.3,279.87,280.0,45.328
1782435600,279.93,280.24,276.77,277.35,1232.9838
1782439200,277.5,277.5,272.7,273.09,990.9564
1782442800,273.58,281.44,273.58,281.44,317.8295
1782446400,281.03,281.09,280.58,280.89,257.659
1782450000,280.73,282.15,280.6,282.15,192.258
1782453600,281.67,287.56,280.82,287.33,391.8353
1782457200,287.69,291.54,287.69,290.69,88.0624
1782460800,291.1,291.1,286.86,287.18,49.9069
1782464400,287.12,287.12,284.43,284.56,44.2492
1782468000,284.05,284.25,282.19,282.81,123.0103
1782471600,283.04,283.07,281.64,281.64,20.7117
1782475200,282.53,286.11,281.67,283.69,91.8325
1782478800,283.65,291.76,281.26,290.7,116.9189
1782482400,290.8,295.44,289.56,290.38,528.3317
1782486000,289.95,296.95,289.95,296.48,215.0277
1782489600,296.95,301.75,296.95,298.61,464.9159
1782493200,298.13,299.14,297.21,297.8,79.38
1782496800,298.75,300.0,298.0,298.23,74.4823
1782500400,298.69,303.19,298.69,301.5,64.1799
1782504000,301.95,302.38,297.8,297.8,78.1865
1782507600,296.31,296.59,295.5,296.2,33.4257
1782511200,295.0,295.5,294.8,295.5,1.3755
1782514800,295.15,296.14,294.85,295.88,111.808
1782518400,295.84,297.71,294.82,295.48,90.7756
1782522000,294.99,294.99,294.0,294.0,4.8486
1782525600,293.85,297.16,293.85,296.74,87.3257
1782529200,296.17,297.69,295.66,297.33,71.8324
1782532800,297.2,297.81,295.86,295.86,23.3531
1782536400,295.73,295.97,293.98,295.23,255.3896
1782540000,295.12,296.96,295.12,296.96,49.4532
1782543600,296.3,297.0,296.04,296.98,8.3698
1782547200,296.85,296.96,296.0,296.08,10.4968
1782550800,296.0,296.0,294.99,294.99,25.7101
1782554400,295.46,296.0,295.33,295.89,17.6777
1782558000,295.45,295.45,294.19,295.11,73.7631
1782561600,295.04,296.32,294.77,296.32,4.4199
1782565200,296.44,297.73,296.44,297.51,23.1468
1782568800,297.95,299.0,297.95,298.82,4.9632
1782572400,298.81,300.0,298.81,299.28,5.0449
1782576000,299.05,299.13,298.64,298.86,115.2097
1782579600,298.02,298.02,296.26,296.6,75.7658
1782583200,296.5,296.56,295.07,295.76,4.0849
1782586800,295.0,295.0,292.05,292.05,52.293
1782590400,292.05,292.05,292.05,292.05,0.0
1782594000,293.76,294.02,291.5,291.5,25.7901
1782597600,291.5,291.5,289.19,291.15,54.1841
1782601200,291.85,291.92,290.0,290.0,21.4683
1782604800,289.91,290.8,289.38,290.8,44.9309
1782608400,290.48,291.41,289.87,291.15,21.8141
1782612000,291.5,291.5,290.0,290.67,22.3186
1782615600,291.34,291.34,290.82,291.12,17.386
1782619200,290.83,291.31,290.13,290.53,51.5467
1782622800,290.55,290.55,288.47,289.62,35.6997
1782626400,289.83,289.83,288.78,288.78,33.1918
1782630000,290.32,291.93,290.32,291.93,29.5413
1782633600,292.09,295.76,292.08,295.2,96.1947
1782637200,295.5,295.5,293.98,294.0,37.2201
1782640800,293.86,293.86,292.89,292.9,152.4709
1782644400,292.9,295.54,292.9,295.54,207.0033
1782648000,294.92,296.36,294.5,294.86,54.3784
1782651600,293.29,294.64,293.18,294.64,11.5175
1782655200,295.5,295.5,294.67,294.7,9.8018
1782658800,294.0,295.0,293.69,294.8,35.3667
1782662400,294.94,295.08,292.66,292.66,5.3435
1782666000,293.8,294.7,292.55,293.99,34.0857
1782669600,292.92,292.92,291.82,291.88,247.6517
1782673200,291.81,291.81,289.05,289.05,35.8142
1782676800,290.56,291.93,290.56,291.72,275.3819
1782680400,291.34,291.34,290.52,290.52,0.3386
1782684000,290.97,293.06,287.05,287.37,99.5717
1782687600,288.42,293.95,288.42,293.95,68.2294
1782691200,293.08,293.08,289.76,293.02,572.0373
1782694800,292.48,292.64,290.83,292.25,54.7484
1782698400,292.28,293.96,288.54,293.96,334.6032
1782702000,294.0,298.3,294.0,295.9,103.8989
1782705600,295.54,295.54,292.34,292.34,30.1959
1782709200,291.99,294.1,290.0,294.1,46.8837
1782712800,295.17,296.63,295.1,295.1,17.3504
1782716400,294.29,296.7,294.08,296.39,33.7139
1782720000,295.9,296.99,295.55,296.68,856.8399
1782723600,297.02,297.05,297.0,297.05,3.351
1782727200,297.61,299.93,297.61,298.34,122.695
1782730800,298.0,298.0,294.73,294.73,88.5893
1782734400,294.57,302.0,294.24,299.87,297.7129
1782738000,300.1,302.15,298.0,300.18,843.8579
1782741600,300.4,301.2,295.94,301.2,102.7043
1782745200,300.48,303.05,297.71,301.63,107.5612
1782748800,301.21,302.17,298.39,302.17,83.2202
1782752400,302.08,310.49,302.08,307.12,724.9784
1782756000,306.54,308.16,306.5,307.6,36.3238
1782759600,307.43,309.58,307.43,308.75,179.8231
1782763200,307.86,307.86,307.15,307.15,10.7766
1782766800,306.72,307.66,306.72,307.57,5.3794
1782770400,307.45,307.62,305.62,306.17,88.4978
1782774000,306.37,306.71,305.13,305.5,129.0023
1782777600,305.43,305.43,302.11,303.0,337.8101
1782781200,302.53,303.2,301.12,302.45,530.8746
1782784800,301.84,304.14,301.55,303.9,12.2883
1782788400,303.86,304.57,302.46,302.46,103.4874
1782792000,302.47,302.47,300.72,302.0,107.9758
1782795600,302.12,302.76,301.57,302.76,72.9583
1782799200,302.77,302.77,302.26,302.55,40.3285
1782802800,302.85,302.85,301.62,302.48,95.6019
1782806400,302.49,302.71,299.05,300.77,260.8258
1782810000,301.3,301.69,300.87,301.69,48.0227
1782813600,301.75,301.88,300.16,301.78,104.1582
1782817200,301.42,301.5,300.47,301.46,21.027
1782820800,300.46,300.46,296.06,296.12,156.2503
1782824400,296.11,298.55,295.51,298.55,558.827
1782828000,298.75,302.32,298.75,299.0,327.9608
1782831600,299.0,303.0,298.04,300.97,211.6804
1782835200,300.63,301.1,298.35,301.1,17.2005
1782838800,300.91,301.16,300.07,300.07,6.8118
1782842400,300.12,301.75,299.93,301.61,12.5494
1782846000,301.95,302.77,301.01,301.94,15.0197
1782849600,302.91,302.91,301.93,301.93,2.191
1782853200,300.86,300.95,300.81,300.95,70.6313
1782856800,301.0,302.05,301.0,301.15,80.7282
1782860400,301.0,302.13,301.0,301.96,103.0543
1782864000,302.12,302.12,301.02,301.65,290.8879
1782867600,301.02,303.41,296.17,303.29,163.8752
1782871200,303.65,306.95,302.5,306.8,73.8857
1782874800,306.7,309.88,305.01,309.71,91.581
1782878400,309.22,310.5,308.99,310.06,379.0591
1782882000,309.87,310.36,308.47,308.62,47.8223
1782885600,308.32,308.32,303.83,304.61,134.7593
1782889200,304.78,307.0,304.78,307.0,169.9204
1782892800,306.92,309.68,306.44,309.68,250.1921
1782896400,308.89,309.8,308.3,309.8,114.3897
1782900000,308.88,309.87,308.0,308.0,77.0787
1782903600,308.0,308.46,306.69,307.14,78.0175
1782907200,306.89,306.89,305.39,305.5,112.6527
1782910800,306.88,312.01,306.88,311.43,191.4307
1782914400,311.43,316.0,311.29,315.65,658.9261
1782918000,315.7,318.26,315.7,317.0,275.317
1782921600,316.95,319.51,316.17,316.17,55.4903
1782925200,316.77,319.27,316.77,318.81,142.5368
1782928800,318.81,319.01,316.96,317.11,124.8583
1782932400,316.51,316.51,316.5,316.5,109.2537
1782936000,315.0,317.18,314.82,317.18,90.323
1782939600,318.11,321.68,318.11,321.39,282.6944
1782943200,320.75,322.47,318.55,318.6,164.0005
1782946800,318.18,318.3,316.96,317.26,12.3776
1782950400,316.85,316.95,315.33,316.45,175.5325
1782954000,316.78,321.0,316.78,319.64,106.7702
1782957600,319.22,321.2,319.22,320.86,47.3724
1782961200,320.86,322.0,319.0,321.55,215.7257
1782964800,321.15,321.28,318.96,319.92,19.7628
1782968400,319.9,319.9,318.4,319.23,64.9707
1782972000,319.58,320.0,318.09,318.33,126.8411
1782975600,318.33,318.4,317.49,318.16,141.2973
1782979200,317.99,319.65,317.99,319.64,173.9588
1782982800,319.55,324.61,319.43,324.39,241.6877
1782986400,324.32,334.2,324.32,334.2,302.5325
1782990000,333.44,336.95,332.68,335.0,320.589
1782993600,335.4,335.95,331.07,331.7,429.332
1782997200,331.48,334.22,330.01,332.11,185.8027
1783000800,331.96,331.96,327.35,327.4,165.505
1783004400,327.38,329.41,327.38,329.41,20.7571
1783008000,329.68,330.17,327.33,328.44,104.0528
1783011600,328.63,330.77,328.63,329.36,31.6324
1783015200,329.35,330.05,329.35,330.05,29.0051
1783018800,330.0,330.0,330.0,330.0,23.0472
1783022400,328.72,328.72,328.67,328.67,6.136
1783026000,329.71,329.71,328.0,328.0,70.8548
1783029600,328.23,328.84,328.0,328.59,13.6067
1783033200,328.0,328.7,328.0,328.09,24.2769
1783036800,328.46,328.8,328.01,328.8,11.2304
1783040400,328.8,332.25,328.8,331.9,106.7938
1783044000,331.39,331.64,328.87,328.93,97.2234
1783047600,328.85,329.23,327.36,328.8,270.9349
1783051200,328.36,329.34,327.79,327.79,221.8189
1783054800,328.14,330.0,328.14,329.98,55.1502
1783058400,329.92,330.0,328.67,328.95,137.063
1783062000,329.17,330.96,328.9,330.95,186.7819
1783065600,330.41,330.41,329.15,329.15,11.9691
1783069200,329.27,330.24,329.0,330.24,243.8156
1783072800,330.42,333.09,329.77,333.09,119.4198
1783076400,332.4,332.6,331.44,332.39,30.4779
1783080000,332.41,332.96,331.17,332.05,38.5793
1783083600,332.05,332.96,331.8,332.4,9.754
1783087200,331.59,332.88,330.34,332.88,42.5166
1783090800,332.84,333.62,331.06,331.06,30.7235
1783094400,331.06,331.36,330.49,331.36,24.6985
1783098000,331.98,332.82,331.98,332.17,4.8599
1783101600,333.0,334.0,332.65,333.93,24.3756
1783105200,333.74,337.48,333.74,335.43,231.907
1783108800,335.22,336.86,334.97,336.86,5.8066
1783112400,336.43,336.43,334.51,336.0,20.2398
1783116000,335.02,335.74,334.72,334.82,20.2851
1783119600,334.36,334.72,334.11,334.72,3.0455
1783123200,335.66,335.88,335.2,335.2,163.0945
1783126800,335.2,335.2,333.4,333.4,86.7344
1783130400,333.79,335.53,333.58,334.89,54.1002
1783134000,334.74,336.9,334.7,336.59,9.2426
1783137600,336.85,340.66,336.85,340.0,294.0585
1783141200,338.88,339.96,337.86,339.41,92.7948
1783144800,339.21,339.48,336.17,336.17,49.0386
1783148400,336.03,336.14,335.43,335.57,30.6536
1783152000,336.56,336.56,335.12,335.12,76.4128
1783155600,335.1,335.1,332.45,332.94,191.5122
1783159200,332.76,333.03,332.03,332.58,38.9464
1783162800,332.16,333.0,332.13,333.0,26.9053
1783166400,333.0,333.1,331.51,331.95,143.0179
1783170000,332.17,332.58,331.72,331.84,63.542
1783173600,332.55,332.75,332.32,332.75,59.0716
1783177200,332.74,334.79,332.74,334.55,55.1939
1783180800,334.29,334.7,334.0,334.34,106.9161
1783184400,334.44,336.53,334.0,335.94,96.334
1783188000,335.94,335.94,334.27,334.67,25.6431
1783191600,333.94,333.94,333.0,333.02,21.0585
1783195200,333.39,333.98,332.83,333.68,51.4911
1783198800,333.69,333.7,333.69,333.7,36.2851
1783202400,333.5,333.56,332.68,333.56,186.6298
1783206000,333.37,333.37,332.5,332.68,49.006
1783209600,332.51,332.51,331.05,331.05,19.8958
1783213200,331.6,331.6,328.36,329.0,322.2859
1783216800,328.95,328.95,326.86,326.86,146.8409
1783220400,327.63,328.21,327.49,327.82,107.8303
1783224000,327.51,328.9,327.51,328.28,26.8447
1783227600,328.15,328.15,327.11,327.81,17.4174
1783231200,327.63,327.9,327.56,327.9,10.7737
1783234800,327.89,328.67,327.88,328.67,24.8355
1783238400,328.7,329.03,328.21,328.35,42.0303
1783242000,328.34,328.34,325.3,325.57,201.5021
1783245600,325.86,327.74,325.86,327.71,121.5154
1783249200,327.59,328.61,327.59,328.5,26.2047
1783252800,328.46,330.78,328.05,329.58,195.87
1783256400,329.9,330.79,328.96,330.75,115.6628
1783260000,330.8,331.5,330.53,331.5,25.6975
1783263600,331.59,332.2,330.87,331.57,31.9298
1783267200,331.84,331.84,330.15,330.18,44.862
1783270800,330.65,330.65,330.65,330.65,1.4749
1783274400,330.8,331.08,330.54,331.07,6.0658
1783278000,330.1,330.1,329.76,330.0,4.2163
1783281600,330.23,330.38,330.17,330.38,19.3293
1783285200,329.76,333.76,329.76,333.73,74.805
1783288800,333.36,335.4,332.68,333.1,114.9456
1783292400,333.11,333.87,332.88,332.88,18.4972
1783296000,332.06,333.88,331.08,333.88,73.1307
1783299600,334.48,335.01,332.61,332.61,79.1601
1783303200,332.09,332.24,329.62,330.1,98.736
1783306800,329.88,329.88,328.14,328.85,111.8724
1783310400,329.09,329.81,328.97,329.81,99.0657
1783314000,329.12,329.12,327.12,328.15,306.0537
1783317600,328.15,328.15,327.36,327.67,48.6502
1783321200,327.59,329.57,327.26,329.52,17.4434
1783324800,329.8,330.32,327.58,328.02,44.3059
1783328400,327.95,328.06,327.34,327.34,12.4822
1783332000,327.07,329.12,327.07,329.12,95.2496
1783335600,329.32,330.51,329.31,329.31,34.2002
1783339200,328.42,328.95,324.55,325.0,528.7214
1783342800,324.78,330.0,324.05,330.0,152.9539
1783346400,328.14,329.23,327.58,328.31,186.3181
1783350000,328.41,332.98,328.41,332.96,554.3919
1783353600,332.56,335.81,332.56,335.08,134.2595
1783357200,335.08,335.37,333.1,333.15,45.6957
1783360800,333.38,335.13,333.03,335.13,17.4362
1783364400,334.41,334.6,334.35,334.6,1.4942
1783368000,333.97,335.14,333.76,335.14,72.532
1783371600,335.55,340.0,335.21,336.85,280.4776
1783375200,337.12,337.35,336.3,336.3,87.8074
1783378800,336.31,336.31,334.52,334.54,24.1496
1783382400,334.54,336.28,334.52,336.16,221.8732
1783386000,335.96,335.96,332.43,334.97,375.9233
1783389600,334.36,334.36,332.69,332.7,383.4102
1783393200,332.7,332.79,331.25,331.44,157.7172
1783396800,331.06,331.11,330.28,330.3,59.475
1783400400,330.32,331.49,329.46,331.49,108.2068
1783404000,331.59,333.3,330.87,333.3,123.7791
1783407600,333.44,333.93,332.5,333.35,29.866
1783411200,332.25,333.09,332.25,332.32,23.0843
1783414800,332.0,332.34,331.63,332.0,36.7339
1783418400,332.0,332.28,330.64,330.98,55.5377
1783422000,330.68,331.99,330.14,331.96,55.5603
1783425600,332.5,334.25,332.5,332.58,14.2657
1783429200,332.32,332.32,330.0,331.84,19.562
1783432800,330.15,333.97,329.55,333.97,287.2481
1783436400,333.76,335.74,332.92,335.6,628.956
1783440000,335.45,336.88,334.22,335.99,63.1963
1783443600,336.63,337.22,336.63,337.22,1.2656
1783447200,336.54,336.54,332.29,332.29,15.3207
1783450800,332.01,332.21,330.3,332.21,24.852
1783454400,331.58,331.58,331.01,331.01,0.6806
1783458000,331.85,331.85,330.0,330.0,1.388
1783461600,329.94,331.05,329.05,330.52,175.1676
1783465200,330.82,331.18,329.92,329.92,3.8311
1783468800,329.6,329.93,329.37,329.4,58.5271
1783472400,329.4,329.4,323.31,323.89,136.9032
1783476000,323.05,323.64,321.0,323.33,304.8517
1783479600,323.91,324.28,321.78,321.79,357.5099
1783483200,321.81,322.61,321.06,321.56,110.8309
1783486800,321.62,321.75,320.54,320.73,125.3642
1783490400,320.5,320.5,319.06,319.48,188.1559
1783494000,319.14,319.56,318.27,319.56,231.3242
1783497600,319.63,319.77,315.05,316.59,286.9113
1783501200,315.93,315.99,315.11,315.84,97.6813
1783504800,315.65,316.23,315.07,316.22,9.7008
1783508400,316.22,317.0,315.13,316.92,122.6785
1783512000,316.76,317.04,315.4,315.4,59.0538
1783515600,315.4,316.35,314.09,315.97,86.9116
1783519200,316.39,316.39,314.37,315.22,331.7998
1783522800,314.92,315.22,312.38,313.35,81.1408
1783526400,314.02,315.99,314.02,315.93,57.4437
1783530000,315.78,317.21,315.32,315.35,207.6571
1783533600,316.04,316.16,314.53,315.59,7.2346
1783537200,314.94,315.89,314.94,315.89,1.9768
1783540800,316.6,316.69,315.25,315.32,33.6939
1783544400,315.37,316.32,314.92,316.32,15.7957
1783548000,316.1,316.8,316.1,316.8,8.5005
1783551600,316.85,317.77,316.79,317.77,49.4111
1783555200,318.16,318.16,317.26,317.53,84.406
1783558800,317.74,321.0,316.53,316.53,109.6449
1783562400,316.13,317.9,315.13,315.28,153.0793
1783566000,315.01,316.22,314.03,316.17,191.5453
1783569600,316.18,318.51,315.97,318.51,107.1985
1783573200,318.28,319.64,318.28,319.48,642.6396
1783576800,319.57,320.43,319.57,320.35,6.9736
1783580400,320.51,320.74,319.39,319.47,133.98
1783584000,319.31,319.94,318.7,319.01,14.8937
1783587600,319.0,319.23,318.44,319.23,25.2722
1783591200,319.24,319.24,316.85,316.85,21.6905
1783594800,317.5,317.5,316.14,316.64,10.7775
1783598400,316.73,318.82,316.73,317.23,8.015
1783602000,317.2,320.32,316.16,319.87,584.9252
1783605600,319.87,320.09,317.93,318.49,32.4603
1783609200,318.85,319.05,317.55,317.7,32.4974
1783612800,317.64,318.07,317.09,318.07,97.913
1783616400,318.54,319.05,318.42,319.05,1.4454
1783620000,320.5,320.5,319.67,319.67,38.8042
1783623600,319.65,320.14,319.34,319.65,48.2255
1783627200,319.37,320.04,319.37,320.04,3.3093
1783630800,319.98,319.98,319.24,319.24,27.9574
1783634400,319.2,320.0,319.02,319.91,11.0777
1783638000,319.65,319.69,318.66,319.53,33.7262
1783641600,319.16,319.45,318.63,318.78,69.7604
1783645200,318.79,323.45,318.79,322.24,358.0959
1783648800,321.42,322.11,320.89,322.11,186.741
1783652400,321.84,321.84,320.76,321.5,51.2422
1783656000,321.75,321.88,321.45,321.81,379.3463
1783659600,321.82,322.3,321.71,322.23,49.7183
1783663200,322.08,322.12,321.5,321.5,158.8973
1783666800,321.22,321.51,320.65,320.89,28.5122
1783670400,320.88,322.92,320.88,322.87,60.6858
1783674000,322.13,322.64,321.16,322.26,135.7712
1783677600,322.8,323.44,322.8,323.44,36.0242
1783681200,323.24,323.24,322.75,322.95,147.0297
1783684800,322.87,322.95,321.57,321.57,117.0027
1783688400,321.57,322.7,320.96,321.75,149.4761
1783692000,321.02,321.02,315.05,317.83,261.3498
1783695600,317.61,319.25,317.61,318.4,14.6175
1783699200,318.01,318.28,317.65,318.28,96.2819
1783702800,318.39,318.39,316.12,316.12,65.6752
1783706400,316.66,317.0,315.63,315.65,3.1929
1783710000,316.37,317.21,316.37,317.21,2.2822
1783713600,317.58,317.58,317.0,317.14,5.1204
1783717200,316.67,317.48,316.67,317.33,7.7031
1783720800,317.85,318.17,317.28,317.97,13.9384
1783724400,317.34,317.96,317.34,317.95,17.33
1783728000,317.69,317.69,317.18,317.32,38.4573
1783731600,317.15,317.69,316.31,316.31,16.8599
1783735200,316.01,316.43,315.38,316.43,214.4212
1783738800,316.8,316.98,316.74,316.98,62.2966
1783742400,316.94,317.02,316.52,317.02,115.6296
1783746000,316.97,317.61,316.72,317.29,84.3031
1783749600,317.26,318.23,317.26,318.0,13.037
1783753200,317.91,318.12,317.91,317.91,35.7819
1783756800,317.91,318.21,317.91,318.21,15.2943
1783760400,318.69,318.7,317.9,317.91,29.4204
1783764000,317.9,318.38,317.36,318.38,4.5168
1783767600,318.39,318.62,318.14,318.39,16.0998
1783771200,318.31,318.43,318.19,318.39,134.8582
1783774800,318.23,319.17,318.23,318.77,13.0333
1783778400,318.77,320.2,318.77,320.09,39.2361
1783782000,320.0,321.04,318.76,319.36,160.3254
1783785600,318.8,318.8,317.34,317.68,26.007
1783789200,317.61,318.21,317.36,318.02,26.3524
1783792800,318.44,318.5,318.23,318.23,10.5125
1783796400,318.22,318.22,317.37,317.76,8.9167
1783800000,318.34,318.63,318.31,318.37,7.6724
1783803600,318.64,318.78,318.64,318.67,15.1218
1783807200,318.5,318.5,317.66,317.67,25.3064
1783810800,317.24,317.47,313.6,313.61,258.9083
1783814400,313.6,313.6,309.06,310.29,202.3315
1783818000,310.43,312.44,310.43,312.27,62.6956
1783821600,312.96,313.0,312.28,313.0,20.2367
1783825200,313.01,313.42,313.01,313.42,18.3475
1783828800,313.44,313.48,312.03,312.03,32.5241
1783832400,312.63,312.63,311.47,311.47,48.6326
1783836000,311.44,311.44,309.65,311.05,49.6919
1783839600,311.34,312.33,311.34,311.74,15.7393
1783843200,312.04,312.62,311.83,312.48,57.897
1783846800,312.41,312.75,311.83,312.75,9.3622
1783850400,312.46,312.92,312.46,312.7,15.8597
1783854000,312.77,314.25,312.24,314.22,41.6913
1783857600,313.03,314.53,313.03,314.37,5.8381
1783861200,315.0,315.03,314.86,314.99,15.148
1783864800,314.99,316.38,314.01,316.38,19.7137
1783868400,316.0,316.0,315.44,315.61,14.9279
1783872000,315.93,316.46,315.91,316.1,9.6341
1783875600,315.82,315.82,315.29,315.29,14.4311
1783879200,315.45,316.24,315.19,316.11,3.148
1783882800,316.16,316.27,315.86,316.27,10.8322
1783886400,316.15,316.15,315.8,315.8,15.3289
1783890000,316.12,316.12,315.0,315.0,5.7225
1783893600,314.0,314.0,312.12,312.12,8.5066
1783897200,312.61,313.07,312.61,313.0,12.7414
1783900800,313.42,317.98,313.42,316.57,47.8594
1783904400,315.69,315.69,311.89,311.89,34.6938
1783908000,311.58,312.54,311.2,312.26,64.3737
1783911600,312.01,312.01,308.52,309.73,167.3237
1783915200,309.68,310.98,309.68,310.4,25.6385
1783918800,310.11,312.17,310.11,312.08,94.6519
1783922400,312.14,312.76,311.92,312.37,15.7668
1783926000,311.86,312.99,311.86,312.47,57.6995
1783929600,312.46,313.66,312.24,313.66,121.83
1783933200,313.13,313.13,312.89,313.13,9.5707
1783936800,313.05,313.05,311.01,311.82,148.6116
1783940400,312.48,312.7,312.24,312.55,81.6165
1783944000,312.56,312.56,310.11,310.13,45.5149
1783947600,310.18,310.29,307.91,308.34,184.8511
1783951200,308.96,311.18,308.62,311.18,184.6314
1783954800,310.83,311.6,310.01,310.01,21.3539
1783958400,310.01,310.44,307.75,307.75,19.4685
1783962000,308.04,308.21,305.66,305.66,208.8558
1783965600,305.8,306.36,305.8,306.16,25.9236
1783969200,306.14,307.08,306.06,307.08,26.0061
1783972800,306.21,306.21,305.19,305.19,1.7973
1783976400,305.61,305.61,303.64,304.32,104.5057
1783980000,304.6,305.13,304.6,305.12,9.659
1783983600,304.51,306.13,304.51,306.13,20.1252
1783987200,306.29,308.03,306.04,308.03,188.5912
1783990800,307.84,308.29,307.49,307.78,70.4059
1783994400,307.41,307.66,306.65,307.06,60.8948
1783998000,307.01,307.01,305.53,306.88,49.3194
1784001600,306.88,307.54,306.7,306.96,63.8845
1784005200,306.95,308.29,306.95,308.12,25.0009
1784008800,308.12,308.12,307.24,307.25,47.6549
1784012400,307.24,307.48,306.7,306.7,28.9879
1784016000,306.73,308.1,306.73,307.23,142.1727
1784019600,307.55,307.63,306.68,306.99,53.8026
1784023200,307.35,308.5,306.97,308.45,4.0013
1784026800,308.13,308.8,308.13,308.21,5.5718
1784030400,308.01,313.45,307.51,313.45,207.8456
1784034000,313.61,316.59,312.65,314.53,55.5761
1784037600,314.48,315.97,313.53,315.97,59.7149
1784041200,315.58,317.4,315.27,316.11,209.4615
1784044800,315.85,316.34,315.5,315.91,18.0507
1784048400,315.13,315.19,314.04,314.11,22.9553
1784052000,314.74,315.05,314.26,314.98,32.5284
1784055600,315.26,315.41,314.7,314.99,54.5467
1784059200,314.33,314.43,313.89,314.43,7.417
1784062800,314.76,315.43,314.76,315.42,1.5618
1784066400,315.06,317.26,315.0,317.13,28.2824
1784070000,316.61,317.01,316.61,317.01,5.4755
1784073600,316.71,316.71,316.01,316.16,30.255
1784077200,316.16,316.18,315.06,316.15,91.5029
1784080800,315.02,315.1,314.01,314.02,69.0772
1784084400,314.51,316.47,314.47,316.4,83.6539
1784088000,316.14,317.15,315.86,317.15,43.8787
1784091600,317.12,318.0,316.32,317.5,30.1287
1784095200,317.99,319.0,317.65,317.65,75.9554
1784098800,317.29,317.29,315.18,315.18,72.7349
1784102400,316.11,316.38,315.0,315.81,89.8469
1784106000,316.59,316.8,316.0,316.0,6.1736
1784109600,315.55,316.29,315.05,315.24,82.6148
1784113200,315.43,315.94,315.32,315.78,40.1902
1784116800,315.81,318.72,315.18,318.39,65.4096
1784120400,319.0,321.26,317.03,317.65,217.6927
1784124000,318.55,319.14,317.04,318.52,83.7341
1784127600,318.54,318.54,317.5,317.72,94.2102
1784131200,317.56,317.56,314.56,316.03,161.3934
1784134800,316.71,316.91,316.12,316.91,21.856
1784138400,317.05,317.46,316.97,316.97,16.9797
1784142000,316.07,316.07,314.43,314.43,55.4198
1784145600,314.64,315.39,314.64,315.39,2.7604
1784149200,315.44,315.45,315.01,315.06,21.5985
1784152800,315.76,316.17,315.55,315.55,67.7281
1784156400,315.89,315.89,314.89,314.89,23.557
1784160000,314.72,315.19,312.92,313.24,55.6411
1784163600,313.83,313.99,312.93,313.98,184.3006
1784167200,313.99,314.23,313.98,314.0,158.9594
1784170800,314.11,314.91,313.4,313.41,73.5405
1784174400,313.8,313.82,313.0,313.1,87.7733
1784178000,313.21,315.44,312.92,315.29,39.2206
1784181600,315.3,315.92,314.49,315.09,167.0484
1784185200,315.07,315.07,310.23,311.2,244.795
1784188800,311.22,311.5,309.05,310.46,270.4425
1784192400,310.66,310.78,310.33,310.33,4.5054
1784196000,310.49,311.33,310.49,310.84,42.0267
1784199600,310.85,311.3,310.7,311.14,23.0404
1784203200,311.27,311.28,309.51,310.24,145.9373
1784206800,310.13,312.8,310.13,311.66,44.4525
1784210400,312.08,313.23,311.77,311.77,190.4066
1784214000,311.36,313.32,310.84,312.9,142.1729
1784217600,312.47,312.47,311.43,311.43,28.8106
1784221200,311.36,311.36,308.6,308.74,165.0627
1784224800,308.78,309.99,308.55,309.15,43.9374
1784228400,309.1,310.03,309.1,310.03,3.5255
1784232000,309.58,309.96,309.53,309.96,6.9909
1784235600,310.03,310.41,310.03,310.2,30.7425
1784239200,310.0,310.0,307.91,307.91,36.7731
1784242800,307.72,308.01,307.21,308.01,50.1532
1784246400,308.03,308.7,307.05,308.7,30.7402
1784250000,309.0,309.0,307.08,307.19,130.3138
1784253600,307.63,307.63,306.46,306.46,133.0744
1784257200,307.7,308.48,307.7,307.77,29.9016
1784260800,307.71,307.99,306.7,307.87,52.516
1784264400,307.23,307.4,305.0,305.01,110.5405
1784268000,305.01,305.77,305.01,305.35,45.5466
1784271600,305.22,305.95,305.02,305.95,55.8321
1784275200,305.5,305.5,304.69,305.27,230.4057
1784278800,305.26,306.28,305.22,306.28,17.5982
1784282400,306.45,306.79,306.45,306.79,10.0847
1784286000,306.74,307.41,306.29,307.21,34.4084
1784289600,306.89,306.9,305.8,305.8,44.4852
1784293200,305.74,305.74,302.21,305.2,328.8496
1784296800,305.47,307.03,305.26,305.61,83.5485
1784300400,305.48,306.21,303.77,306.16,85.4111
1784304000,307.36,308.13,306.87,308.0,19.067
1784307600,309.07,309.65,308.87,308.97,368.6782
1784311200,308.85,308.85,307.95,308.78,15.4276
1784314800,308.19,308.19,308.07,308.07,1.2784
1784318400,307.73,307.73,307.73,307.73,1.449
1784322000,308.11,308.11,307.27,307.39,89.27
1784325600,306.88,307.34,306.88,307.34,9.9031
1784329200,306.98,307.71,306.98,307.71,114.9251
1784332800,308.1,308.1,307.56,307.56,35.1052
1784336400,307.53,308.09,307.53,308.09,62.7471
1784340000,308.1,309.21,308.01,308.01,312.4163
1784343600,308.01,308.11,308.01,308.02,10.6282
1784347200,308.86,308.95,308.01,308.38,1076.1287
1784350800,308.51,308.73,308.19,308.19,11.7723
1784354400,308.37,308.8,308.37,308.7,111.4816
1784358000,308.71,308.72,308.71,308.71,27.8919
1784361600,308.7,308.7,308.01,308.55,26.9767
1784365200,308.49,308.49,307.56,307.93,33.4326
1784368800,308.1,308.1,307.98,308.06,6.5401
1784372400,308.25,308.26,308.25,308.26,38.2539
1784376000,308.26,308.79,308.0,308.5,34.8477
1784379600,308.7,308.7,307.19,307.53,40.936
1784383200,307.6,308.68,307.46,308.68,28.4252
1784386800,308.64,308.96,308.28,308.69,10.9819
1784390400,308.58,309.69,308.58,309.69,7.6108
1784394000,309.34,309.98,309.16,309.98,77.2983
1784397600,310.0,310.66,309.98,310.12,16.4393
1784401200,309.98,310.52,309.97,310.52,36.3037
1784404800,310.81,311.15,310.36,310.36,25.7613
1784408400,310.92,310.95,310.4,310.95,9.8167
1784412000,310.66,310.93,310.64,310.84,2.0397
1784415600,311.05,311.05,310.79,310.79,3.2369
1784419200,310.86,311.0,310.85,311.0,31.8871
1784422800,311.02,311.52,311.01,311.51,22.1029
1784426400,311.99,314.45,311.99,313.62,23.0097
1784430000,313.06,313.06,312.27,312.4,27.387
1784433600,312.44,312.76,312.3,312.65,60.8928
1784437200,312.73,312.94,312.49,312.92,2.5282
1784440800,312.62,313.07,312.62,312.96,23.0712
1784444400,313.17,313.57,312.82,313.12,21.1831
1784448000,313.3,314.0,313.3,314.0,37.2108
1784451600,314.0,314.0,312.5,312.7,65.2498
1784455200,312.72,314.08,312.72,313.89,17.8614
1784458800,314.0,314.0,313.26,313.26,23.3563
1784462400,313.25,313.25,312.18,312.99,48.7703
1784466000,312.4,312.89,312.4,312.88,22.5231
1784469600,312.88,314.45,312.5,314.21,371.0801
1784473200,313.47,313.47,313.0,313.04,55.6075
1784476800,312.66,312.86,312.01,312.01,31.3914
1784480400,312.0,312.81,311.28,312.81,21.3652
1784484000,310.23,310.89,310.0,310.48,13.3652
1784487600,310.76,310.89,310.76,310.89,1.498
1784491200,310.9,311.0,310.9,311.0,2.037
1784494800,311.35,311.4,310.36,310.36,125.6619
1784498400,311.7,312.78,311.7,312.28,35.2228
1784502000,312.0,313.69,311.72,313.34,134.3107
1784505600,314.0,315.97,314.0,314.01,293.9829
1784509200,314.2,316.8,313.99,313.99,435.4058
1784512800,315.41,316.2,314.14,315.78,65.7849
1784516400,315.86,315.86,314.55,315.0,6.5486
1784520000,314.35,315.14,313.9,314.21,37.7307
1784523600,313.48,313.48,311.67,312.07,65.4388
1784527200,311.88,311.99,310.84,311.0,37.9702
1784530800,310.84,312.0,310.73,312.0,36.3147
1784534400,312.53,312.87,311.66,311.82,9.0553
1784538000,313.0,314.15,313.0,313.98,11.0164
1784541600,313.3,313.89,313.2,313.2,63.6708
1784545200,313.79,316.07,313.44,316.02,73.5304
1784548800,316.17,316.17,314.9,314.9,47.4513
1784552400,314.74,316.15,314.21,314.42,35.2057
1784556000,312.92,313.05,311.58,312.76,48.2024
1784559600,312.38,318.45,312.38,318.45,143.3063
1784563200,318.44,318.44,317.7,318.07,105.6637
1784566800,317.68,318.39,317.3,318.39,12.8812
1784570400,318.45,320.41,318.42,318.42,167.8198
1784574000,317.03,317.43,317.03,317.21,38.7577
1784577600,317.8,318.74,317.8,318.74,25.2378
1784581200,319.06,319.25,318.64,318.64,14.3086
1784584800,318.0,318.0,317.28,317.28,11.0431
1784588400,317.29,318.61,317.29,318.61,18.6415
1784592000,318.43,319.9,318.43,319.59,30.3915
1784595600,319.34,319.59,319.0,319.0,55.6258
1784599200,319.01,319.96,318.19,319.17,67.5966
1784602800,319.61,320.7,319.52,319.52,89.6312
1784606400,320.15,320.15,319.09,319.19,23.723
1784610000,319.35,320.67,319.35,320.25,297.2805
1784613600,320.55,321.47,320.01,321.43,415.3051
1784617200,321.47,321.49,321.11,321.49,20.2249
1784620800,321.36,321.5,320.55,320.56,49.8164
1784624400,320.5,320.5,320.04,320.34,19.6764
1784628000,320.91,320.91,319.42,319.42,80.324
1784631600,319.68,320.05,319.43,320.02,70.4952
1784635200,319.78,320.37,319.74,320.21,9.0071
1784638800,320.6,320.88,319.55,320.7,78.2358
1784642400,320.53,320.53,318.28,318.53,236.4867
1784646000,318.16,318.59,317.76,318.48,162.316
1784649600,318.75,319.23,318.4,319.22,199.392
1784653200,319.23,319.23,317.27,317.34,185.3104
1784656800,318.3,318.3,318.3,318.3,0.1535
1784660400,317.99,318.04,317.5,317.5,3.9431
1784664000,318.07,318.13,317.95,317.95,1.312
1784667600,318.64,318.64,318.43,318.43,4.3151
1784671200,318.45,318.45,318.2,318.2,3.5609
1784674800,318.15,318.56,318.0,318.56,18.0342
1784678400,318.99,320.17,318.99,320.17,23.3405
1784682000,320.02,320.22,319.46,319.84,116.496
1784685600,319.41,320.04,319.01,319.01,59.3074
1784689200,319.01,319.01,318.3,318.3,35.5468
1784692800,318.95,319.3,318.89,318.96,24.957
1784696400,318.87,318.87,316.24,316.24,231.4519
1784700000,316.7,316.73,315.58,315.81,20.2989
1784703600,316.07,316.09,315.43,315.6,76.3825
1784707200,315.55,316.76,315.55,316.76,14.2263
1784710800,316.66,316.81,316.25,316.71,18.7323
1784714400,316.93,317.35,316.88,317.21,35.608
1784718000,317.35,317.53,316.95,316.95,14.567
1784721600,316.52,316.52,315.59,315.96,8.4391
1784725200,315.51,318.39,315.51,318.39,50.0857
1784728800,318.91,319.97,317.73,318.31,17.0435
1784732400,319.0,321.9,319.0,320.68,72.254
1784736000,320.92,321.49,320.02,321.04,39.036
1784739600,321.01,321.01,320.03,320.03,7.7257
1784743200,320.0,320.0,317.15,318.03,121.6304
1784746800,318.0,318.0,317.18,317.18,30.8682
1784750400,318.46,318.46,318.24,318.24,1.471
1784754000,318.17,318.76,317.82,318.76,22.984
1784757600,318.47,319.05,318.01,318.01,44.0049
1784761200,318.0,318.52,317.73,318.52,1.3442
1784764800,318.94,320.07,318.94,319.66,535.5749
1784768400,319.72,319.95,318.5,318.5,43.4185
1784772000,318.51,318.51,316.91,317.48,79.1794
1784775600,317.49,317.49,316.76,317.25,45.1658
1784779200,317.13,317.61,317.13,317.61,32.0978
1784782800,317.0,317.24,316.8,317.0,189.2805
1784786400,317.24,317.24,316.65,316.97,44.2083
1784790000,316.65,316.65,315.53,315.95,34.0564
1784793600,315.7,316.9,315.7,316.86,5.1016
1784797200,317.0,317.57,317.0,317.18,44.1528
1784800800,317.34,318.12,317.34,318.07,7.3599
1784804400,318.05,318.43,317.92,317.92,36.6026
1784808000,317.92,317.92,313.52,315.12,185.6498
1784811600,315.19,315.22,313.89,314.69,65.1642
1784815200,314.13,314.59,313.06,313.12,40.1482
1784818800,313.05,313.05,311.57,312.55,56.6234
1784822400,312.46,312.46,311.17,311.44,116.8129
1784826000,311.48,311.54,310.08,310.08,72.1864
1784829600,310.08,310.45,310.08,310.45,18.2415
1784833200,310.05,310.05,309.43,309.43,37.1835
1784836800,310.86,311.85,310.86,311.85,20.5777
1784840400,311.4,311.4,311.33,311.33,1.0529
1784844000,311.29,312.11,311.29,312.11,16.1529
1784847600,312.05,312.25,311.18,311.18,41.909
1784851200,310.91,311.48,310.73,311.13,89.2695
1784854800,311.65,311.71,311.14,311.14,65.4823
1784858400,311.24,311.53,309.86,310.15,97.049
1784862000,310.35,311.56,310.35,311.17,157.9974
1784865600,311.1,311.1,310.38,310.38,68.1087
1784869200,310.44,311.47,310.44,311.2,51.1293
1784872800,311.19,311.6,311.19,311.4,54.9987
1784876400,311.41,313.03,311.26,311.95,160.1328
1784880000,312.05,312.05,311.06,311.12,33.4067
1784883600,311.17,311.17,309.68,310.43,72.963
1784887200,310.42,310.42,309.87,309.93,21.8336
1784890800,309.61,309.88,308.12,308.25,67.488
1784894400,308.59,309.08,307.52,307.53,40.9101
1784898000,307.58,307.58,304.5,304.72,165.1555
1784901600,304.51,304.92,302.87,302.87,106.0944
1784905200,303.8,305.07,303.04,304.41,75.2391
1784908800,303.94,304.61,303.04,303.04,71.1075
1784912400,303.81,304.73,303.75,304.3,34.6282
1784916000,304.11,304.26,304.01,304.01,10.5221
1784919600,304.01,304.01,303.56,303.57,171.8333
1784923200,304.11,304.14,303.56,303.56,3.3798
1784926800,303.56,303.56,302.5,302.96,132.3607
1784930400,303.09,304.11,303.09,303.97,44.5493
1784934000,304.06,304.14,304.02,304.02,8.9391
1784937600,304.12,304.64,304.11,304.56,8.6824
1784941200,304.68,305.14,304.68,304.89,177.2057
1784944800,304.78,305.02,304.78,304.96,282.7523
1784948400,304.95,305.27,304.95,304.99,118.6306
1784952000,304.99,305.5,304.99,305.42,4.6263
1784955600,305.22,305.22,304.67,304.68,65.7084
1784959200,304.67,304.67,303.95,303.95,51.8043
1784962800,304.41,304.43,303.86,303.86,171.7112
1784966400,303.86,303.86,303.0,303.41,108.842
1784970000,303.45,304.22,303.32,304.17,67.3552
1784973600,304.16,304.16,304.01,304.01,1.919
1784977200,304.08,304.08,304.0,304.01,9.592
1784980800,304.0,304.06,304.0,304.06,2.5079
1784984400,304.1,305.06,304.05,304.49,143.6186
1784988000,304.49,304.49,303.79,304.45,111.964
1784991600,305.17,305.34,305.16,305.16,9.0423
1784995200,305.16,305.82,305.16,305.82,7.2119
1784998800,305.73,306.68,305.68,306.68,7.5628
1785002400,306.41,307.0,306.26,306.85,2.7691
1785006000,306.97,306.97,306.61,306.8,12.9402
1785009600,306.22,306.22,306.22,306.22,0.0305
1785013200,306.01,306.41,305.94,306.41,4.5968
1785016800,305.8,305.81,305.8,305.81,98.9143
1785020400,306.3,306.55,306.3,306.55,9.2232
1785024000,306.73,308.0,306.73,307.2,80.4059
1785027600,307.3,307.31,307.3,307.3,45.6854
1785031200,307.31,307.64,307.3,307.57,97.4127
1785034800,308.0,308.0,307.99,308.0,93.8124
1785038400,308.0,308.8,308.0,308.53,173.2383
1785042000,308.49,308.91,308.49,308.66,70.4792
1785045600,308.65,308.66,307.8,308.66,59.4768
1785049200,308.67,308.67,308.01,308.01,46.9501
1785052800,308.01,308.22,308.01,308.19,4.7719
1785056400,308.46,309.2,308.41,308.56,181.2487
1785060000,308.56,308.83,308.56,308.73,81.8759
1785063600,308.91,308.91,308.05,308.07,26.1126
1785067200,308.04,308.41,308.01,308.01,19.7372
1785070800,308.0,308.11,307.41,308.04,28.7559
1785074400,308.17,308.65,308.05,308.61,12.9386
1785078000,308.46,309.88,308.23,309.87,8.4232
1785081600,309.87,311.32,309.87,310.65,39.3869
1785085200,310.17,310.17,309.78,309.79,12.0787
1785088800,309.79,310.0,309.79,309.94,18.0818
1785092400,309.8,309.8,309.56,309.56,1.7781
1785096000,309.78,309.78,309.78,309.78,0.3228
1785099600,309.77,310.55,309.77,310.55,49.3143
1785103200,311.1,313.98,311.1,313.98,241.1258
1785106800,313.99,314.98,313.72,314.13,71.4986
1785110400,313.85,313.85,312.01,312.45,67.3801
1785114000,312.09,312.09,311.16,311.6,64.2237
1785117600,311.81,312.72,311.81,312.0,230.2066
1785121200,312.13,312.15,311.7,311.92,51.1812
1785124800,311.72,312.14,311.51,311.57,97.7762
1785128400,311.29,312.12,311.29,312.12,11.5945
1785132000,312.15,313.69,312.15,312.87,44.6227
1785135600,312.94,312.94,312.08,312.6,56.6185
1785139200,312.01,312.01,311.58,311.75,30.0517
1785142800,311.09,312.26,311.09,312.2,47.9443
1785146400,312.18,312.7,312.06,312.68,58.3656
1785150000,312.68,313.0,312.54,312.92,146.9503
1785153600,312.61,314.62,311.76,313.95,347.3863
1785157200,314.06,315.98,312.71,315.6,53.6249
1785160800,314.2,314.4,308.01,308.77,356.9531
1785164400,309.09,309.33,308.56,308.73,149.6802
1785168000,308.57,310.73,308.57,310.6,157.9028
1785171600,311.27,311.77,311.07,311.07,10.9208
1785175200,310.07,310.07,309.26,309.26,5.0006
1785178800,310.52,310.7,310.52,310.7,1.8032
1785182400,310.7,310.7,310.7,310.7,0.0
1785186000,310.74,310.74,309.9,309.9,64.4569
1785189600,309.75,309.75,304.07,304.3,477.6164
1785193200,304.07,305.21,300.93,304.45,659.025
1785196800,304.11,304.11,302.82,302.82,58.7264
1785200400,302.81,302.81,299.12,300.58,862.0877
1785204000,300.57,301.0,300.11,301.0,41.2913
1785207600,301.0,301.0,300.55,300.81,65.5804
1785211200,300.81,300.81,300.09,300.24,43.1848
1785214800,300.75,301.43,300.75,300.94,120.3836
1785218400,300.93,301.33,300.61,301.26,71.2033
1785222000,301.27,301.27,300.55,300.55,51.3032
1785225600,300.73,301.18,300.56,300.99,17.5974
1785229200,301.03,301.52,300.69,300.69,50.0798
1785232800,300.69,300.94,300.51,300.51,90.9746
1785236400,300.5,300.76,300.01,300.45,135.0012
1785240000,300.52,301.19,300.5,301.19,237.0334
1785243600,301.35,301.35,298.0,298.65,395.0804
1785247200,299.29,301.68,298.29,301.52,199.5482
1785250800,301.67,305.49,301.28,304.26,246.8122
1785254400,304.36,304.88,303.97,304.88,1.4973
1785258000,304.55,304.55,301.81,301.81,44.6153
1785261600,302.68,302.68,302.38,302.46,50.3672
1785265200,302.55,303.08,302.55,303.08,2.1399
1785268800,304.0,304.0,302.9,302.9,0.4512
1785272400,302.9,302.9,302.9,302.9,0.0
1785276000,303.45,303.45,301.04,301.04,23.5105
1785279600,301.03,301.98,300.12,301.98,40.6714
1785283200,302.0,302.84,301.89,302.46,61.3596
1785286800,302.01,302.01,300.5,300.5,23.7343
1785290400,300.02,301.97,299.49,301.39,85.3261
1785294000,300.85,301.04,299.01,299.01,291.6791
1785297600,299.0,300.22,298.0,300.02,312.5449
1785301200,300.18,301.56,300.18,301.56,17.5536
1785304800,300.69,302.54,300.69,302.54,8.9572
1785308400,302.74,302.83,302.51,302.64,172.4007
1785312000,302.78,303.15,302.22,303.15,20.1381
1785315600,302.66,303.41,302.66,303.41,14.9729
1785319200,303.31,303.31,302.34,302.43,10.3622
1785322800,302.86,303.0,302.66,302.79,5.9333
1785326400,302.74,302.74,301.35,301.56,190.4936
1785330000,301.6,301.97,301.13,301.96,20.0691
1785333600,302.48,302.76,300.23,300.61,148.8593
1785337200,300.98,300.98,300.0,300.0,93.8727
1785340800,299.5,300.25,299.18,299.79,55.4132
1785344400,300.4,302.2,300.01,302.2,45.4313
1785348000,302.4,304.37,302.4,304.37,37.3538
1785351600,301.82,301.82,298.35,298.35,93.6465
1785355200,298.3,299.02,297.07,297.41,39.9344
1785358800,297.05,298.95,296.89,298.9,12.7508
1785362400,299.56,301.8,299.56,301.29,9.7629
1785366000,301.36,301.75,300.86,301.7,20.6071
1785369600,301.68,301.84,300.16,300.16,4.9038
1785373200,300.09,303.23,300.09,303.23,48.6416
1785376800,303.25,303.25,302.71,302.72,54.245
1785380400,302.14,302.56,301.75,301.75,71.6074
1785384000,301.71,301.71,301.1,301.33,17.9077
1785387600,300.66,301.7,300.65,301.42,8.3482
1785391200,301.37,301.4,301.03,301.03,23.5203
1785394800,301.36,301.37,300.91,300.99,16.4437
1785398400,300.08,301.36,300.0,301.36,60.751
1785402000,301.36,302.64,301.36,302.64,76.2738
1785405600,302.51,302.92,301.77,301.77,182.211
1785409200,302.1,303.0,302.1,303.0,6.2825
1785412800,303.0,303.74,302.76,303.74,33.6074
1785416400,303.8,305.47,303.52,305.47,60.9776
1785420000,304.5,305.0,304.17,304.55,9.8582
1785423600,304.5,305.59,304.5,304.83,64.4174
1785427200,305.07,305.58,304.43,304.43,12.0063
1785430800,304.63,305.36,304.09,305.19,25.8096
1785434400,305.6,305.6,304.84,304.84,1.3679
1785438000,305.33,305.39,305.33,305.39,1.4657
1785441600,305.55,305.55,305.14,305.14,0.4387
1785445200,304.53,304.53,304.53,304.53,0.4002
1785448800,305.34,305.87,305.34,305.79,29.2464
1785452400,305.38,305.99,304.82,304.82,204.0197
1785456000,304.65,304.65,304.38,304.38,33.2971
1785459600,304.29,307.0,304.26,304.26,100.5907
1785463200,304.01,304.5,303.1,303.15,56.5439
1785466800,303.0,303.5,302.65,303.49,145.3202
1785470400,303.23,303.23,302.0,302.01,41.7575
1785474000,302.01,303.82,302.01,303.51,100.8719
1785477600,303.52,305.77,303.52,303.73,189.4617
1785481200,302.99,302.99,301.36,302.03,30.0072
1785484800,301.93,302.0,301.79,301.79,12.6977
1785488400,301.79,301.87,301.21,301.3,24.2238
1785492000,301.3,301.79,301.18,301.7,31.4212
1785495600,301.98,302.0,301.21,301.46,185.4218
1785499200,301.53,301.81,301.45,301.5,10.6674
1785502800,301.5,302.0,300.51,300.51,66.7796
1785506400,300.51,301.75,299.02,299.32,392.2083
1785510000,299.35,300.03,299.06,299.97,81.3892
1785513600,300.0,300.72,299.91,300.72,94.3099
1785517200,300.48,300.86,300.48,300.86,28.5946
1785520800,300.87,300.87,299.9,300.0,28.2135
1785524400,299.9,299.95,299.77,299.95,3.1204
1785528000,300.13,300.13,300.13,300.13,0.1499
1785531600,299.98,299.98,299.0,299.0,272.4351
1785535200,298.39,299.2,298.39,299.04,3.128
1785538800,299.02,299.25,299.02,299.11,17.2493
1785542400,299.27,299.74,299.27,299.55,29.3521
1785546000,299.52,299.98,299.52,299.84,26.8909
1785549600,299.78,300.05,299.78,299.95,8.3606
1785553200,299.92,299.97,299.34,299.61,64.5845
1785556800,299.61,300.13,299.61,300.13,8.6928
1785560400,300.12,300.12,299.69,299.76,28.8428
1785564000,299.22,299.66,299.22,299.54,4.573
1785567600,299.55,299.84,299.4,299.4,371.5184
1785571200,299.52,299.69,299.42,299.59,16.483
1785574800,299.82,299.82,299.3,299.3,49.0446
1785578400,299.3,299.3,298.65,299.04,257.9624
1785582000,298.9,299.08,298.9,299.08,13.2164
1785585600,299.11,299.22,299.11,299.13,13.4527
1785589200,299.22,299.32,299.22,299.26,36.3336
1785592800,299.34,299.36,299.17,299.23,61.1804
1785596400,299.33,299.34,298.5,298.71,32.6063
1785600000,298.64,299.0,298.0,298.0,33.8905
1785603600,297.43,297.43,294.26,295.05,126.8099
1785607200,294.79,295.19,290.38,290.7,83.3987
1785610800,292.51,292.57,292.41,292.5,17.2924
1785614400,292.75,293.25,292.75,293.25,2.9108
1785618000,293.95,294.47,293.95,294.47,3.8162
1785621600,294.98,295.0,294.98,294.99,4.4149
1785625200,295.2,295.2,294.99,295.05,15.1667
1785628800,295.76,295.76,295.45,295.7,3.5901
1785632400,296.17,298.25,296.17,297.93,35.4683
1785636000,298.46,300.32,298.46,299.84,69.9651
1785639600,299.89,300.04,299.72,300.03,14.7088
1785643200,300.05,300.84,300.05,300.46,50.919
1785646800,301.0,301.58,301.0,301.58,68.5359
1785650400,301.28,301.48,301.1,301.1,3.3598
1785654000,301.11,301.11,301.1,301.1,0.9876
1785657600,301.11,301.11,300.35,300.35,70.1808
1785661200,300.13,300.72,299.73,300.72,78.3442
1785664800,300.61,300.61,299.71,299.74,113.7302
1785668400,299.75,299.75,298.5,298.5,209.1556
1785672000,298.92,299.31,298.46,298.46,69.97
1785675600,298.31,298.46,297.56,298.38,12.6366
1785679200,298.38,299.2,298.38,299.02,19.2343
1785682800,299.0,299.17,298.54,298.56,15.5865
1785686400,298.5,298.9,298.15,298.9,1.4632
1785690000,298.88,299.5,298.88,299.5,7.3747
1785693600,299.5,299.75,299.42,299.75,29.7837
1785697200,300.87,300.87,300.87,300.87,1.6231
1785700800,300.74,300.99,300.74,300.99,11.6001
1785704400,301.0,302.15,301.0,302.03,11.8605
1785708000,302.67,302.82,302.0,302.0,2.681
1785711600,301.12,301.12,300.39,300.7,25.8451
1785715200,300.45,300.45,299.13,299.13,14.4845
1785718800,299.13,299.13,298.02,298.07,162.0697
1785722400,298.13,298.68,298.13,298.68,4.2238
1785726000,298.68,298.73,297.9,298.31,28.2987
1785729600,298.1,298.68,298.1,298.5,38.5694
1785733200,298.38,298.57,298.18,298.18,22.6989
1785736800,298.18,298.25,297.03,297.26,122.9985
1785740400,297.12,297.3,296.77,296.81,8.3381
1785744000,296.77,296.87,295.24,296.2,82.1688
1785747600,296.34,297.57,296.34,297.57,29.3918
1785751200,297.66,297.83,297.44,297.67,14.1283
1785754800,297.47,297.75,297.05,297.05,25.4081
1785758400,297.17,297.46,297.16,297.31,35.0251
1785762000,297.12,300.22,297.09,300.22,183.7561
1785765600,300.22,301.87,299.73,301.87,130.4031
1785769200,301.98,301.99,301.29,301.29,49.3305
1785772800,301.78,301.78,300.31,300.61,5.6451
1785776400,300.21,301.5,300.21,301.28,48.9477
1785780000,301.52,303.29,301.52,302.79,211.9606
1785783600,302.68,303.0,302.68,302.77,5.0975
1785787200,302.5,302.5,302.46,302.46,2.7478
1785790800,302.46,302.46,302.46,302.46,0.0
1785794400,301.02,301.02,300.53,300.82,11.9399
1785798000,300.71,300.87,300.36,300.87,51.2128
1785801600,300.86,300.99,299.21,299.21,16.533
1785805200,299.21,301.67,299.21,301.67,90.756
1785808800,301.9,302.72,301.68,302.28,61.7531
1785812400,302.0,302.0,300.89,301.43,14.0282
1785816000,301.31,302.48,301.07,301.86,54.8236
1785819600,301.7,301.7,300.1,301.62,312.5843
1785823200,301.62,301.77,300.41,300.41,39.4521
1785826800,300.41,301.22,300.03,301.22,14.2483
1785830400,300.75,300.79,300.0,300.08,5.9441
1785834000,300.0,300.0,299.52,299.66,46.3924
1785837600,299.54,300.93,299.22,300.93,6.2173
1785841200,301.09,302.06,301.03,302.0,14.7181
1785844800,301.99,302.5,301.89,302.21,36.9651
1785848400,302.13,302.83,301.88,301.88,13.3487
1785852000,301.57,302.0,300.63,301.84,17.1873
1785855600,302.69,303.41,301.35,303.29,33.9228
1785859200,303.08,303.2,302.4,302.4,24.5862
1785862800,303.61,303.71,303.2,303.2,2.5662
1785866400,303.35,304.5,303.35,303.86,7.3317
1785870000,304.44,304.44,304.3,304.35,64.0481
1785873600,304.31,304.85,303.33,304.69,4.7088
1785877200,304.29,304.29,303.7,303.7,3.5381
1785880800,304.06,304.06,303.74,303.74,10.9688
1785884400,303.91,304.11,302.64,302.64,25.8372
1785888000,302.39,302.4,301.59,301.59,22.2823
1785891600,301.58,303.47,301.56,303.39,14.6546
1785895200,303.4,304.33,303.4,304.0,56.3131
1785898800,304.08,304.08,302.01,302.01,31.7037
1785902400,302.01,302.01,301.35,301.74,65.4006
1785906000,301.6,303.29,301.59,303.29,258.9199
1785909600,303.07,303.24,302.58,302.58,12.2597
1785913200,302.23,302.23,301.5,302.11,6.1799
1785916800,302.69,302.93,302.69,302.91,33.2735
1785920400,302.87,303.3,302.83,302.83,43.2091
1785924000,302.82,302.82,302.1,302.15,51.4513
1785927600,302.07,302.57,302.0,302.0,60.7008
1785931200,302.01,303.99,302.01,302.96,62.5797
1785934800,303.19,303.19,300.65,302.6,96.3223
1785938400,303.29,303.29,301.89,302.46,44.02
1785942000,302.94,303.66,302.65,302.91,72.2281
1785945600,303.0,304.0,303.0,303.86,7.6503
1785949200,303.73,304.85,303.22,304.76,19.4594
1785952800,304.73,305.15,304.68,304.68,184.3246
1785956400,304.93,304.93,304.54,304.7,18.7221
1785960000,304.19,304.19,304.19,304.19,0.3288
1785963600,304.0,304.0,303.11,303.11,1.5821
1785967200,303.16,303.17,302.59,302.63,11.328
1785970800,302.59,302.6,302.5,302.6,57.9328
1785974400,302.6,303.19,302.59,302.78,94.306
1785978000,302.71,302.71,301.88,301.88,218.7832
1785981600,301.88,301.88,300.41,300.77,169.3279
1785985200,300.82,300.89,300.82,300.82,38.6131
1785988800,300.82,302.0,300.82,302.0,6.5436
1785992400,302.0,303.8,302.0,303.35,21.7983
1785996000,303.49,303.49,302.7,302.7,21.0061
1785999600,302.65,302.86,302.15,302.15,20.2203
1786003200,302.0,302.48,301.56,302.48,36.8036
1786006800,302.13,302.13,299.57,299.73,54.0964
1786010400,299.75,300.04,299.57,300.01,42.4545
1786014000,299.72,300.57,299.63,300.57,20.0565
1786017600,300.24,300.24,299.99,299.99,33.9068
1786021200,299.63,299.99,298.88,299.99,123.1503
1786024800,299.95,300.85,299.42,300.77,28.9689
1786028400,300.78,301.0,300.15,300.15,100.8705
1786032000,300.01,300.16,299.62,300.11,31.5588
1786035600,299.83,299.83,299.09,299.09,5.8041
1786039200,299.08,299.08,297.93,297.93,35.8737
1786042800,297.92,297.92,297.01,297.01,37.539
1786046400,297.77,297.77,297.77,297.77,0.3359
1786050000,297.85,298.04,297.85,297.88,49.5118
1786053600,297.84,297.84,297.03,297.06,5.3842
1786057200,297.05,297.06,296.06,296.9,61.5234
1786060800,297.42,297.42,296.78,296.89,106.739
1786064400,297.1,297.31,296.87,297.02,42.9018
1786068000,297.18,297.87,296.51,297.42,163.7817
1786071600,297.37,297.46,297.28,297.28,42.9261
1786075200,297.25,297.53,297.05,297.32,125.8344
1786078800,297.4,297.7,297.0,297.7,8.2304
1786082400,297.9,298.49,297.8,297.81,210.2169
1786086000,297.95,298.3,297.95,298.05,24.3976
1786089600,298.13,298.51,298.13,298.51,1.9242
1786093200,300.72,301.0,300.72,300.81,23.8099
1786096800,300.99,301.0,300.56,300.56,30.4074
1786100400,301.01,301.15,300.74,300.91,60.9887
1786104000,300.92,302.99,300.92,301.94,117.7594
1786107600,301.82,303.67,301.81,303.67,30.9783
1786111200,303.01,303.02,301.4,302.73,87.7899
1786114800,301.59,302.38,301.59,302.13,41.9888
1786118400,302.29,302.46,301.5,301.5,15.0785
1786122000,301.35,301.35,300.0,300.01,22.6749
1786125600,300.01,300.01,300.01,300.01,2.1382
1786129200,300.52,302.0,300.52,302.0,7.5061
1786132800,302.66,302.66,301.87,301.87,12.2027
1786136400,300.97,300.97,300.97,300.97,0.0166
1786140000,301.19,301.28,300.96,300.96,3.2782
1786143600,301.38,301.38,301.03,301.24,11.0652
1786147200,301.03,301.32,301.01,301.32,19.9169
1786150800,301.33,302.0,301.33,302.0,18.3048
1786154400,302.06,302.35,302.06,302.06,24.2903
1786158000,302.06,305.26,302.06,305.26,281.6937
1786161600,305.88,306.18,304.83,305.08,38.9499
1786165200,305.01,305.26,304.96,305.0,52.5266
1786168800,305.08,305.73,305.01,305.54,53.0588
1786172400,305.54,305.85,305.54,305.61,29.4668
1786176000,305.61,305.99,305.6,305.91,35.3374
1786179600,306.0,306.58,305.99,306.28,22.3555
1786183200,306.36,307.0,306.36,307.0,18.2022
1786186800,307.15,309.15,307.15,309.15,213.5797
1786190400,309.53,309.53,308.44,309.0,12.2571
1786194000,308.99,308.99,308.75,308.99,54.6254
1786197600,308.99,312.9,308.99,312.9,170.8787
1786201200,312.99,313.51,312.05,312.3,153.9192
1786204800,312.58,312.68,312.2,312.68,99.8991
1786208400,312.6,312.85,312.25,312.84,197.2623
1786212000,312.38,312.38,311.89,311.89,7.9643
1786215600,311.86,312.2,311.65,312.2,6.8857
1786219200,312.19,312.27,312.1,312.16,3.8119
1786222800,312.35,312.49,312.35,312.49,0.8002
1786226400,312.22,312.35,311.17,311.17,39.1504
1786230000,311.17,311.87,310.89,311.63,145.3861
1786233600,311.62,311.63,311.25,311.55,58.7713
1786237200,311.56,311.58,311.01,311.15,159.212
1786240800,311.05,311.52,311.04,311.1,8.5464
1786244400,311.01,311.3,311.0,311.3,42.1788
1786248000,311.3,311.74,311.29,311.3,319.2114
1786251600,311.37,311.54,311.15,311.51,59.7452
1786255200,311.5,312.9,311.49,312.9,72.2034
1786258800,312.9,312.9,312.47,312.47,40.8429
1786262400,312.9,313.0,312.1,312.39,168.3238
1786266000,312.4,313.0,312.4,312.99,139.3021
1786269600,313.0,313.48,312.98,312.99,19.3845
1786273200,312.99,313.34,312.98,313.34,36.4998
1786276800,313.34,313.51,312.75,312.85,20.7568
1786280400,313.08,314.15,313.08,313.66,104.5722
1786284000,313.93,314.87,313.83,314.87,6.2911
1786287600,314.97,316.59,314.71,316.59,67.0355
1786291200,316.66,316.99,315.82,316.25,10.7364
1786294800,316.2,316.41,316.01,316.01,48.4943
1786298400,316.02,316.13,316.01,316.03,13.6759
1786302000,316.14,316.27,316.14,316.27,0.7875
1786305600,316.03,316.23,316.01,316.23,6.0179
1786309200,316.49,316.99,316.49,316.71,17.0127
1786312800,316.99,317.76,314.22,314.58,82.4529
1786316400,314.51,314.51,312.5,312.5,105.2799
1786320000,312.71,314.7,312.71,313.56,156.1252
1786323600,313.74,314.88,312.97,314.42,43.0587
1786327200,313.84,314.18,313.11,313.77,83.2861
1786330800,313.52,313.88,312.69,313.59,159.6155
1786334400,313.59,313.59,312.59,312.91,68.3123
1786338000,312.92,313.98,312.9,313.85,55.2832
1786341600,313.82,314.21,313.59,314.17,57.1852
1786345200,314.14,314.33,314.13,314.15,39.3624
1786348800,314.15,314.54,313.72,314.24,96.4567
1786352400,314.41,314.53,313.19,313.19,33.0241
1786356000,313.38,314.14,313.26,314.14,8.2534
1786359600,313.74,314.49,313.73,314.49,7.0858
1786363200,314.49,314.98,313.22,313.22,127.5156
1786366800,313.53,313.85,312.01,312.48,247.5106
1786370400,313.67,313.67,312.64,312.64,6.7135
1786374000,312.63,312.8,311.02,311.06,109.7613
1786377600,311.38,311.76,310.11,310.11,119.4968
1786381200,311.0,311.67,311.0,311.67,45.6067
1786384800,311.67,311.67,310.66,310.89,174.385
1786388400,310.89,311.98,310.89,311.98,19.9043
1786392000,311.98,312.88,311.98,312.88,7.1117
1786395600,312.86,312.86,312.86,312.86,0.6241
1786399200,312.74,312.74,312.07,312.27,45.543
1786402800,312.07,312.07,312.06,312.06,14.0839
1786406400,312.06,312.06,311.14,311.14,40.5263
1786410000,311.14,311.61,310.5,311.61,106.1183
1786413600,311.61,311.61,311.51,311.51,2.5135
1786417200,311.86,311.96,311.71,311.71,21.1471
1786420800,311.84,312.0,311.84,311.86,24.0546
1786424400,311.81,311.81,311.17,311.19,51.4621
1786428000,311.01,311.53,311.0,311.01,202.9506
1786431600,310.86,310.86,309.6,310.05,52.5951
1786435200,310.14,310.81,310.14,310.81,3.5216
1786438800,310.69,310.72,310.0,310.0,7.5784
1786442400,310.56,310.69,310.13,310.69,10.8494
1786446000,310.6,311.88,310.6,311.67,9.1788
1786449600,311.34,311.41,310.13,310.44,62.6921
1786453200,310.35,311.0,310.35,310.81,20.0453
1786456800,311.23,311.62,308.2,308.2,136.3521
1786460400,308.25,308.42,306.7,306.83,79.2253
1786464000,306.76,307.49,306.76,307.21,22.4151
1786467600,307.46,307.97,307.46,307.97,2.8633
1786471200,308.5,308.93,308.5,308.81,5.023
1786474800,308.97,310.01,308.4,310.01,25.2593
1786478400,310.32,312.04,310.32,312.01,20.0154
1786482000,311.93,311.93,311.93,311.93,0.5863
1786485600,313.0,314.06,312.99,313.21,61.4052
1786489200,313.0,313.0,312.75,312.77,18.7063
1786492800,312.86,312.86,312.81,312.82,83.7125
1786496400,313.01,313.51,313.01,313.05,6.6002
1786500000,313.39,313.62,313.28,313.37,28.1921
1786503600,313.18,313.18,313.0,313.0,75.9699
1786507200,313.33,313.33,313.0,313.0,173.2247
1786510800,312.9,312.9,312.57,312.57,63.7671
1786514400,312.6,312.6,311.8,311.81,84.477
1786518000,311.81,311.87,311.34,311.34,25.3434
1786521600,312.32,312.92,312.07,312.07,23.1748
1786525200,312.3,314.12,312.3,314.12,18.9657
1786528800,313.58,313.95,313.58,313.75,20.3724
1786532400,313.63,313.99,313.62,313.92,5.8783
1786536000,314.15,315.0,312.01,313.15,557.7921
1786539600,312.92,312.92,311.82,311.82,97.9232
1786543200,311.8,311.8,309.04,309.04,76.441
1786546800,309.51,310.13,309.51,309.94,32.8809
1786550400,309.65,310.04,309.37,309.37,17.5793
1786554000,309.98,310.88,309.89,310.88,6.1749
1786557600,310.74,310.74,310.7,310.7,0.6792
1786561200,310.39,310.39,310.39,310.39,0.9665
1786564800,310.56,311.11,310.56,311.11,1.0594
1786568400,310.81,310.81,309.05,309.46,21.7109
1786572000,309.0,309.51,309.0,309.05,11.5903
1786575600,309.07,309.43,309.04,309.43,76.4249
1786579200,309.59,310.36,309.58,309.74,23.6689
1786582800,309.88,310.18,309.44,310.02,11.3898
1786586400,309.78,310.63,309.55,310.63,20.8226
1786590000,311.58,312.28,311.58,312.28,3.9292
1786593600,312.25,312.25,311.51,311.63,71.1655
1786597200,311.54,313.0,311.54,313.0,9.8453
1786600800,313.0,313.0,312.99,312.99,58.7076
1786604400,312.99,313.1,312.91,313.1,16.5471
1786608000,313.09,313.09,312.15,312.16,21.1773
1786611600,312.16,312.17,311.22,311.64,13.7757
1786615200,311.63,311.63,310.23,310.23,9.2805
1786618800,310.12,310.12,310.0,310.0,21.9464
1786622400,310.01,311.48,310.01,311.45,20.7642
1786626000,311.48,311.96,311.33,311.85,8.9835
1786629600,311.63,313.07,311.63,312.88,37.9918
1786633200,312.89,313.03,310.12,310.12,8.8993
1786636800,310.02,310.44,309.0,309.34,407.5021
1786640400,310.25,310.56,310.25,310.47,0.5306
1786644000,310.71,310.71,310.58,310.58,1.8525
1786647600,311.71,311.79,311.71,311.79,3.7419
1786651200,311.79,311.79,311.79,311.79,0.0
1786654800,312.0,312.0,311.92,311.98,2.6226
1786658400,312.27,312.75,312.27,312.6,4.072
1786662000,312.22,312.22,312.19,312.19,1.1458
1786665600,311.9,311.9,311.22,311.22,2.27
1786669200,311.44,311.57,311.02,311.57,24.7545
1786672800,311.52,311.63,311.35,311.46,25.4895
1786676400,311.07,311.2,310.25,310.25,76.408
1786680000,310.7,311.09,310.67,310.67,70.9275
1786683600,310.82,310.98,310.63,310.67,15.9876
1786687200,310.5,310.5,309.55,309.55,10.9857
1786690800,309.6,309.98,309.43,309.57,32.6261
1786694400,309.66,310.49,309.66,310.49,15.7544
1786698000,310.49,310.5,309.43,309.43,7.0378
1786701600,309.94,309.94,309.33,309.41,20.3193
1786705200,309.42,309.5,309.32,309.5,22.9388
1786708800,309.5,309.75,309.23,309.66,76.7358
1786712400,309.5,309.5,309.06,309.23,10.5062
1786716000,309.23,309.23,308.71,309.2,51.8737
1786719600,308.86,310.53,308.86,310.53,784.332
1786723200,310.45,310.45,309.79,309.79,53.554
1786726800,309.59,310.21,308.85,308.85,11.1603
1786730400,308.2,308.2,307.89,307.89,14.8991
1786734000,307.88,307.93,306.99,307.93,39.548
1786737600,308.15,308.15,308.15,308.15,1.4583
1786741200,308.29,308.45,308.23,308.23,5.1644
1786744800,308.01,308.32,308.01,308.32,19.1939
1786748400,308.37,308.96,308.37,308.96,27.192
1786752000,308.85,309.0,308.82,308.99,44.1851
1786755600,308.89,309.2,308.89,309.1,43.0249
1786759200,309.1,310.0,309.1,309.83,77.2922
1786762800,310.13,310.24,310.0,310.0,47.8176
1786766400,309.43,309.65,309.43,309.65,4.8278
1786770000,309.49,309.65,309.17,309.18,69.6925
1786773600,309.12,309.58,309.0,309.58,18.8972
1786777200,309.31,309.31,309.0,309.0,7.1319
1786780800,309.01,309.01,308.5,308.5,17.4688
1786784400,308.5,308.72,308.4,308.71,69.8094
1786788000,308.81,309.02,308.67,309.01,5.878
1786791600,309.01,309.01,309.0,309.01,4.9312
1786795200,309.01,309.01,309.0,309.01,11.4588
1786798800,309.23,309.65,309.23,309.65,12.85
1786802400,309.65,309.65,309.64,309.65,5.8561
1786806000,309.63,309.65,309.54,309.65,104.928
1786809600,309.65,309.65,309.4,309.64,37.6209
1786813200,309.65,309.65,309.65,309.65,90.8299
1786816800,309.99,310.0,309.85,310.0,3.5134
1786820400,310.0,310.0,310.0,310.0,5.927
1786824000,309.69,309.69,309.69,309.69,0.0081
1786827600,309.85,310.56,309.85,310.49,3.1234
1786831200,310.11,310.11,309.9,309.9,2.5415
1786834800,309.51,309.53,309.51,309.51,0.7906
1786838400,309.5,309.54,309.25,309.54,15.7781
1786842000,309.68,309.68,309.26,309.51,17.8716
1786845600,309.26,310.0,309.26,310.0,5.4888
1786849200,310.12,310.34,310.12,310.19,10.2422
1786852800,310.11,310.11,309.73,309.73,3.2688
1786856400,309.74,309.74,309.27,309.27,27.4426
1786860000,309.27,309.48,309.26,309.48,19.6528
1786863600,309.26,309.59,309.26,309.59,2.7073
1786867200,309.45,309.62,309.45,309.62,63.1968
1786870800,309.49,309.49,309.07,309.07,4.0375
1786874400,309.02,309.02,308.59,308.85,26.754
1786878000,308.85,308.85,308.82,308.84,11.8365
1786881600,308.87,308.87,308.64,308.64,3.4282
1786885200,308.65,308.8,308.65,308.8,12.486
1786888800,308.8,309.0,308.7,309.0,102.2655
1786892400,309.0,309.88,308.99,309.52,118.4627
1786896000,309.5,309.63,309.13,309.13,23.0526
1786899600,309.11,309.11,308.9,308.9,47.0781
1786903200,308.58,308.58,308.0,308.0,257.8831
1786906800,308.11,308.58,308.11,308.17,2.4329
1786910400,308.04,308.04,307.65,307.65,197.3179
1786914000,307.47,307.47,304.28,304.75,97.9412
1786917600,304.27,305.02,304.27,304.69,3.532
1786921200,305.02,305.02,305.0,305.02,22.9151
1786924800,305.02,305.28,304.91,305.28,4.58
1786928400,306.35,307.75,306.35,307.62,89.512
1786932000,306.99,308.39,306.99,308.39,64.3343
1786935600,308.42,308.47,308.17,308.17,91.6902
1786939200,308.54,308.54,308.06,308.1,107.007
1786942800,308.2,308.2,307.73,307.73,43.58
1786946400,307.81,309.1,307.59,309.1,64.5594
1786950000,308.95,308.95,308.6,308.6,41.6116
1786953600,308.67,308.67,306.37,306.37,20.1745
1786957200,307.02,307.03,306.57,306.79,25.7297
1786960800,306.81,308.0,306.81,308.0,15.2582
1786964400,308.05,308.2,307.9,308.01,19.0501
1786968000,308.01,308.01,306.76,306.85,35.367
1786971600,306.83,307.88,306.49,307.33,185.4206
1786975200,307.54,308.67,307.38,308.67,26.4163
1786978800,308.78,309.0,308.33,309.0,11.6605
1786982400,309.0,309.0,308.69,309.0,9.2123
1786986000,309.0,309.0,308.0,308.0,7.2576
1786989600,308.21,308.83,308.21,308.83,0.4696
1786993200,308.83,308.83,308.83,308.83,0.0
1786996800,307.6,308.34,307.6,308.34,5.3973
1787000400,308.81,308.81,308.81,308.81,15.5002
1787004000,308.29,308.29,308.01,308.01,3.287
1787007600,308.01,308.89,308.01,308.79,5.6393
1787011200,308.52,308.83,308.29,308.53,16.9787
1787014800,308.46,308.46,307.38,307.43,55.7869
1787018400,307.28,307.28,306.35,306.48,50.3243
1787022000,306.41,307.04,306.34,307.01,139.1618
1787025600,306.87,308.04,306.87,308.04,12.354
1787029200,308.08,308.39,307.58,307.76,44.7585
1787032800,307.64,308.73,307.63,308.41,34.9949
1787036400,309.0,309.32,308.83,308.83,54.4416
1787040000,308.63,309.29,308.49,309.29,60.0636
1787043600,309.28,309.29,308.53,308.65,17.7946
1787047200,308.59,308.64,308.57,308.57,11.1428
1787050800,308.75,310.57,308.58,310.19,64.6411
1787054400,310.67,310.68,310.15,310.4,45.7826
1787058000,310.4,310.4,309.6,309.62,31.7753
1787061600,310.43,313.48,310.43,312.82,124.9861
1787065200,312.52,313.5,312.52,313.5,50.5463
1787068800,313.55,314.0,313.01,313.29,39.3086
1787072400,313.02,313.02,312.78,312.78,12.073
1787076000,312.83,313.74,312.83,313.74,3.71
1787079600,313.74,313.74,313.74,313.74,0.0017
1787083200,313.73,313.73,312.56,312.56,1.1062
1787086800,313.03,313.03,312.88,312.88,0.5432
1787090400,313.17,313.39,312.94,312.94,83.0373
1787094000,313.01,313.47,313.01,313.23,29.8957
1787097600,312.97,312.99,312.31,312.99,29.0808
1787101200,312.89,312.89,312.06,312.13,114.248
1787104800,312.18,312.37,312.01,312.04,51.0508
1787108400,312.09,313.06,312.01,313.06,25.4708
1787112000,312.86,313.0,312.48,312.48,26.2702
1787115600,312.59,313.12,312.2,312.2,45.3201
1787119200,312.23,313.3,312.02,313.3,81.9243
1787122800,313.43,313.43,313.08,313.08,46.6104
1787126400,313.08,314.88,313.07,314.88,61.176
1787130000,314.62,314.71,314.07,314.25,24.9136
1787133600,314.18,314.51,314.06,314.51,18.1991
1787137200,314.63,315.0,314.63,315.0,4.8905
1787140800,315.0,319.21,314.83,318.59,254.8696
1787144400,317.92,319.5,317.92,318.79,101.1259
1787148000,318.86,328.0,318.78,328.0,1164.7984
1787151600,328.0,334.49,327.99,331.85,1539.1771
1787155200,331.86,333.0,331.14,331.22,198.8948
1787158800,330.63,330.64,328.81,330.45,198.9377
1787162400,329.8,333.0,329.8,332.96,35.1882
1787166000,333.0,333.62,332.91,333.62,137.2518
1787169600,333.53,339.83,333.53,338.48,758.712
1787173200,339.8,351.95,339.8,350.25,1493.3698
1787176800,350.3,350.3,343.78,344.98,408.3783
1787180400,344.51,345.89,343.28,344.6,165.2217
1787184000,344.6,344.99,343.0,343.0,320.8477
1787187600,342.69,343.26,335.01,343.0,481.5411
1787191200,343.02,343.37,341.08,341.08,194.5611
1787194800,341.05,341.05,338.62,340.37,140.1876
1787198400,340.38,341.42,340.38,341.42,67.9086
1787202000,341.45,341.7,341.45,341.66,39.1434
1787205600,341.58,345.15,341.43,345.0,160.4822
1787209200,345.0,346.56,345.0,346.51,205.658
1787212800,346.76,352.97,346.76,352.61,351.5408
1787216400,352.42,353.45,351.04,351.04,166.67
1787220000,351.02,352.99,350.29,351.25,180.4143
1787223600,351.39,353.0,350.56,351.22,476.9354
1787227200,350.76,351.1,348.08,349.25,271.4913
1787230800,349.26,350.9,347.0,347.9,219.2623
1787234400,348.0,349.04,346.71,347.69,101.0842
1787238000,347.69,349.99,347.69,349.99,424.7159
1787241600,349.99,350.23,348.75,349.06,32.117
1787245200,349.9,349.99,348.5,349.2,92.8255
1787248800,349.19,349.72,346.66,347.78,44.3454
1787252400,346.87,348.0,346.87,347.55,26.9727
1787256000,348.0,348.68,348.0,348.68,3.8945
1787259600,348.69,349.52,347.04,347.04,20.3302
1787263200,349.13,349.13,347.01,347.02,37.6395
1787266800,347.08,351.67,347.01,351.66,191.4768
1787270400,351.67,354.98,351.66,354.54,130.9545
1787274000,354.0,357.2,353.37,356.31,926.636
1787277600,356.37,360.44,355.9,358.2,513.784
1787281200,358.39,358.39,356.57,357.98,123.8515
1787284800,357.98,357.99,356.66,357.97,72.661
1787288400,357.88,361.94,357.88,360.97,381.3389
1787292000,360.97,363.78,360.0,361.2,197.2391
1787295600,361.99,363.78,360.01,362.02,753.6397
1787299200,362.01,369.95,362.01,369.9,397.4064
1787302800,369.95,369.95,360.01,366.51,954.9423
1787306400,366.44,366.44,363.6,365.7,267.3314
1787310000,365.05,365.69,361.11,362.19,402.7004
1787313600,361.24,364.84,361.24,363.95,195.6774
1787317200,364.13,365.64,360.47,364.56,415.8067
1787320800,364.68,368.45,361.06,368.45,755.1946
1787324400,368.9,368.9,366.39,366.42,188.7557
1787328000,366.43,368.49,365.0,367.75,63.9199
1787331600,367.5,368.5,366.19,367.99,91.1784
1787335200,368.0,368.57,366.57,366.8,30.6351
1787338800,366.92,366.92,363.93,364.34,106.2958
1787342400,363.72,368.04,363.72,367.55,35.7207
1787346000,367.26,372.47,367.06,372.47,292.9535
1787349600,372.47,375.0,372.39,375.0,382.3771
1787353200,374.98,376.94,372.79,373.21,191.1951
1787356800,373.47,375.21,371.0,372.9,98.7896
1787360400,373.0,375.66,372.96,373.89,281.0311
1787364000,374.24,379.56,374.24,379.0,136.3628
1787367600,379.56,386.0,379.56,386.0,469.0867
1787371200,386.0,406.0,383.75,395.3,1646.8746
1787374800,394.9,397.6,353.42,377.0,1842.0167
1787378400,376.85,380.34,374.39,377.97,403.6517
1787382000,378.75,382.45,377.92,379.51,794.4692
1787385600,379.51,381.08,374.7,376.74,473.7771
1787389200,377.2,379.26,365.0,376.86,471.0049
1787392800,377.11,377.11,365.0,372.17,288.1089
1787396400,372.16,372.65,370.37,372.0,32.0677
1787400000,372.14,376.53,371.23,375.45,33.9382
1787403600,375.51,375.83,374.88,374.98,57.5223
1787407200,375.0,375.0,371.84,371.84,49.854
1787410800,372.6,373.19,370.0,370.0,124.7369
1787414400,370.03,378.55,370.03,375.3,516.9897
1787418000,375.26,375.31,373.47,374.21,29.2464
1787421600,374.61,374.94,374.53,374.53,25.178
1787425200,375.38,375.9,374.68,375.9,0.5316
1787428800,376.15,376.15,375.08,375.09,10.1264
1787432400,375.0,375.0,370.0,370.0,78.668
1787436000,370.0,373.3,370.0,373.06,132.2025
1787439600,372.95,373.18,371.98,372.65,8.3858
1787443200,373.36,385.15,372.37,384.27,196.5218
1787446800,383.08,383.08,381.18,381.7,160.5398
1787450400,382.41,382.79,375.14,379.52,382.5737
1787454000,378.37,378.37,372.05,373.05,142.4396
1787457600,373.05,373.86,368.05,369.19,608.7972
1787461200,368.51,370.45,365.13,368.17,563.0368
1787464800,368.18,368.71,365.05,367.5,151.708
1787468400,368.0,369.77,368.0,369.32,78.9958
1787472000,369.29,372.2,369.28,372.12,71.5356
1787475600,372.54,373.59,362.05,372.59,283.101
1787479200,372.6,374.49,372.6,374.06,77.7989
1787482800,374.16,376.99,373.72,376.99,167.9712
1787486400,376.98,378.0,376.06,377.65,65.7867
1787490000,377.52,381.37,377.52,381.36,160.7292
1787493600,381.48,381.97,375.65,380.97,322.6861
1787497200,381.0,384.13,380.16,382.88,364.2508
1787500800,382.87,383.46,382.36,382.36,35.8777
1787504400,382.55,382.61,380.96,381.1,106.7192
1787508000,381.52,381.52,381.23,381.23,9.1875
1787511600,381.12,381.37,380.86,380.95,16.749
1787515200,380.8,380.8,380.36,380.65,5.1157
1787518800,381.28,384.0,381.28,382.34,141.3186
1787522400,381.0,382.22,380.0,381.73,90.4149
1787526000,382.31,382.99,380.02,381.84,53.5583
1787529600,381.33,382.0,377.7,382.0,200.7998
1787533200,382.26,382.26,377.5,377.5,177.4983
1787536800,377.4,380.8,376.87,379.11,133.6336
1787540400,379.78,379.78,376.82,377.57,94.5587
1787544000,376.86,378.99,376.86,377.97,230.5907
1787547600,378.98,380.14,377.5,378.69,202.2888
1787551200,378.3,380.26,378.04,379.67,105.8724
1787554800,380.81,383.8,378.47,378.67,91.8117
1787558400,378.44,379.48,376.49,378.34,65.1062
1787562000,379.42,381.91,379.42,381.54,49.4162
1787565600,381.83,382.97,381.49,381.67,113.2508
1787569200,380.05,387.49,380.05,385.78,266.8167
1787572800,385.49,388.51,381.01,387.9,241.1397
1787576400,387.61,388.44,381.14,383.01,161.2002
1787580000,383.49,388.65,382.87,386.91,218.251
1787583600,386.91,392.0,386.91,388.0,290.7354
1787587200,390.47,392.48,387.0,387.0,315.5043
1787590800,386.17,386.17,382.16,383.61,101.7236
1787594400,385.73,387.31,385.73,387.27,12.0704
1787598000,384.85,387.99,384.81,387.99,5.4206
1787601600,388.0,388.5,385.98,388.39,29.3177
1787605200,389.0,391.29,389.0,391.29,18.3372
1787608800,392.0,396.85,391.8,392.27,161.2971
1787612400,392.24,397.15,392.24,397.15,194.7537
1787616000,397.48,412.2,397.48,409.13,1668.5975
1787619600,409.5,411.5,403.09,404.02,264.3248
1787623200,404.17,409.8,403.58,405.68,272.021
1787626800,405.92,409.99,405.75,408.13,222.8633
1787630400,408.51,408.7,406.17,407.0,203.8024
1787634000,407.95,413.15,407.95,409.96,193.9237
1787637600,408.75,409.99,405.53,405.53,109.5306
1787641200,405.36,409.8,401.94,404.3,169.5903
1787644800,404.4,407.19,402.93,404.42,93.0306
1787648400,404.21,404.76,401.11,401.8,117.4414
1787652000,401.64,402.87,400.43,402.0,224.1495
1787655600,401.67,401.67,398.07,398.42,307.3971
1787659200,398.06,398.06,395.0,397.54,318.7866
1787662800,398.0,398.0,389.06,389.94,392.3202
