timestamp,open,high,low,close,volume
1756641600,865.98,866.3,862.38,865.99,78.576
1756645200,866.26,866.26,861.02,861.14,40.5992
1756648800,861.55,867.93,860.01,867.01,93.4521
1756652400,867.01,869.33,866.44,869.0,91.1531
1756656000,869.0,871.28,868.99,871.28,101.4782
1756659600,871.28,872.0,871.28,872.0,20.8914
1756663200,873.48,873.5,872.81,872.83,10.6447
1756666800,872.83,874.5,872.03,872.03,30.4108
1756670400,872.86,872.87,872.0,872.0,16.4385
1756674000,872.36,873.05,871.02,873.05,23.3501
1756677600,872.21,874.73,868.65,868.65,67.3422
1756681200,868.65,868.66,856.01,857.19,173.3552
1756684800,857.18,857.3,848.31,857.01,513.3223
1756688400,857.0,862.37,856.09,858.4,231.1078
1756692000,858.02,858.4,842.0,843.96,389.0736
1756695600,843.92,848.0,842.78,848.0,163.5099
1756699200,847.99,847.99,843.0,843.19,214.0291
1756702800,843.19,849.26,841.02,847.0,196.9273
1756706400,846.85,850.24,845.78,850.22,73.0404
1756710000,850.22,863.27,847.02,863.27,207.0644
1756713600,863.28,869.98,863.28,865.01,188.1088
1756717200,865.69,867.54,858.45,858.45,199.4336
1756720800,858.48,858.71,848.08,850.01,99.4556
1756724400,850.42,851.09,850.01,850.38,68.8929
1756728000,850.38,854.82,850.38,853.02,75.953
1756731600,853.01,857.29,852.01,852.01,32.6264
1756735200,854.65,856.75,851.33,854.98,79.7384
1756738800,854.27,857.95,848.0,848.0,98.9095
1756742400,848.02,850.37,847.0,848.97,71.1479
1756746000,849.12,851.03,847.4,849.11,49.4925
1756749600,851.39,852.0,850.58,852.0,12.4087
1756753200,852.0,853.99,852.0,853.73,6.2256
1756756800,853.43,853.43,843.2,844.99,138.0647
1756760400,844.99,845.0,836.01,836.09,394.9311
1756764000,836.52,840.02,836.46,840.02,218.4892
1756767600,840.02,844.34,840.02,843.95,61.364
1756771200,844.99,845.81,842.67,842.99,100.8234
1756774800,842.98,850.0,842.01,848.72,202.6809
1756778400,848.3,858.5,847.25,858.5,155.5238
1756782000,858.69,861.0,854.89,857.7,168.9691
1756785600,857.62,860.0,857.61,860.0,82.1329
1756789200,860.98,861.99,859.19,861.98,80.4636
1756792800,861.99,865.7,861.98,865.17,124.7061
1756796400,865.28,865.28,858.1,858.1,112.2498
1756800000,858.14,864.97,858.14,863.45,137.2637
1756803600,862.44,865.68,862.43,865.45,29.23
1756807200,865.46,865.46,863.64,863.98,18.6699
1756810800,863.99,863.99,859.48,859.48,52.0583
1756814400,859.49,859.49,843.01,843.78,444.88
1756818000,844.11,864.99,844.11,864.99,233.5302
1756821600,864.99,867.45,860.64,864.99,224.0584
1756825200,865.28,865.99,849.02,849.02,441.5142
1756828800,849.78,856.14,849.02,854.96,56.5484
1756832400,854.89,868.89,854.89,868.63,102.4204
1756836000,868.64,872.99,863.44,872.97,149.3449
1756839600,872.97,874.75,869.49,870.0,68.9016
1756843200,870.54,878.78,869.91,876.42,260.1964
1756846800,877.04,877.99,876.19,877.56,24.5229
1756850400,877.54,880.15,876.02,880.15,221.6041
1756854000,881.0,884.78,880.4,884.77,323.7714
1756857600,884.18,887.15,882.5,882.5,398.6257
1756861200,882.51,895.0,879.99,895.0,446.7029
1756864800,895.0,896.0,891.86,894.27,162.9153
1756868400,894.02,895.0,887.83,890.78,68.0821
1756872000,890.0,890.25,885.74,888.88,112.3343
1756875600,888.88,889.0,885.72,885.81,64.4342
1756879200,885.92,885.92,882.77,882.95,17.4826
1756882800,883.08,886.5,882.2,886.5,130.3088
1756886400,886.85,891.0,885.37,885.37,302.2304
1756890000,887.76,887.76,882.51,885.71,71.5989
1756893600,885.72,889.91,885.72,888.95,30.2623
1756897200,888.93,892.99,888.93,891.53,94.3334
1756900800,891.52,893.65,885.73,885.74,128.1501
1756904400,885.74,899.15,885.74,895.01,289.674
1756908000,896.6,899.14,892.4,896.76,250.9757
1756911600,896.3,896.76,893.01,893.01,120.867
1756915200,894.26,895.95,887.0,887.28,158.3901
1756918800,888.0,893.98,888.0,891.44,91.1391
1756922400,891.77,891.96,886.17,886.17,18.3566
1756926000,887.73,887.73,887.72,887.73,17.4417
1756929600,887.73,887.73,886.06,886.06,2.1872
1756933200,886.27,886.27,883.61,884.0,64.0764
1756936800,883.6,887.61,883.6,887.39,109.0833
1756940400,887.69,890.16,887.69,890.16,61.3369
1756944000,890.16,894.74,890.16,892.69,44.553
1756947600,892.69,892.69,887.08,888.57,40.0663
1756951200,888.57,888.57,880.09,880.38,182.6224
1756954800,880.47,882.0,880.01,880.99,236.9851
1756958400,880.98,880.99,879.02,879.02,110.0111
1756962000,879.02,879.02,873.21,875.3,148.3213
1756965600,875.94,878.63,875.94,878.0,36.1688
1756969200,876.05,879.93,876.05,877.88,66.9681
1756972800,877.82,881.4,877.47,877.89,72.6941
1756976400,877.9,880.99,877.9,880.41,118.8042
1756980000,880.41,884.33,880.41,880.52,51.9038
1756983600,880.51,880.93,878.01,878.59,148.724
1756987200,878.59,882.0,878.59,882.0,35.4808
1756990800,882.75,882.75,877.86,877.86,51.6355
1756994400,877.86,879.13,871.06,873.29,424.0748
1756998000,872.94,872.94,867.01,867.89,125.7699
1757001600,867.88,871.07,867.88,871.07,106.6882
1757005200,871.07,872.13,869.48,869.71,30.352
1757008800,869.71,870.2,864.39,866.43,147.2504
1757012400,866.43,867.45,863.0,863.0,74.8055
1757016000,863.0,868.1,862.67,866.06,49.8161
1757019600,863.04,867.51,863.04,867.51,42.9256
1757023200,867.41,868.37,864.7,868.37,32.8054
1757026800,869.51,869.52,864.0,864.0,55.6594
1757030400,862.67,863.62,859.02,859.03,133.9546
1757034000,859.03,867.1,858.51,866.46,168.5207
1757037600,866.12,866.53,864.94,866.37,103.252
1757041200,867.18,867.21,864.93,865.99,111.6818
1757044800,865.99,868.02,865.98,868.01,46.7362
1757048400,868.02,870.12,866.45,868.54,40.7153
1757052000,868.54,869.78,867.26,869.78,56.9419
1757055600,869.78,881.0,869.78,881.0,155.9393
1757059200,881.0,881.0,875.46,875.53,127.1665
1757062800,876.08,876.08,870.0,872.11,49.0329
1757066400,872.43,876.12,872.43,874.03,37.1946
1757070000,874.04,877.93,874.04,876.28,28.6223
1757073600,876.27,883.99,870.02,883.99,676.3214
1757077200,883.99,885.0,882.26,885.0,129.217
1757080800,884.38,884.38,858.01,860.01,548.9519
1757084400,860.0,867.27,858.07,865.0,163.4583
1757088000,865.01,865.61,862.02,865.38,61.8748
1757091600,865.57,865.57,862.07,862.51,26.0679
1757095200,861.68,868.45,860.0,868.45,67.7266
1757098800,868.49,870.0,868.49,869.88,13.6603
1757102400,870.98,871.4,869.33,871.4,54.7551
1757106000,871.73,871.98,863.24,863.24,7.108
1757109600,863.24,867.13,861.26,867.13,29.2356
1757113200,867.84,868.66,865.48,865.49,17.5949
1757116800,866.39,869.1,866.39,866.96,81.5499
1757120400,866.86,869.5,866.86,869.5,31.1189
1757124000,868.32,868.33,865.02,867.16,175.7881
1757127600,868.25,868.73,867.79,867.8,15.7102
1757131200,867.8,867.8,865.0,865.1,97.3882
1757134800,865.05,865.05,859.51,859.71,116.7358
1757138400,859.8,860.76,859.8,860.75,52.8117
1757142000,860.75,863.33,860.74,862.53,63.3722
1757145600,862.59,864.56,861.83,864.56,94.1909
1757149200,864.45,864.45,861.86,861.86,20.212
1757152800,862.05,863.52,862.05,863.36,29.2238
1757156400,863.36,863.36,861.01,861.01,51.0151
1757160000,861.02,862.49,861.02,861.93,245.7388
1757163600,861.92,861.93,858.91,860.65,206.3291
1757167200,860.27,860.69,859.04,859.13,79.8221
1757170800,859.12,859.86,858.0,858.0,67.9869
1757174400,858.0,859.09,857.01,858.0,203.6671
1757178000,857.99,858.04,852.01,852.02,299.7059
1757181600,852.02,853.88,850.13,851.38,55.9437
1757185200,851.14,851.47,850.0,850.55,232.244
1757188800,850.76,853.4,850.76,853.4,44.0386
1757192400,853.66,855.53,853.31,854.24,4.623
1757196000,854.36,854.36,853.01,853.02,16.314
1757199600,853.01,854.32,852.37,852.37,37.6096
1757203200,852.36,855.5,852.36,855.5,31.2259
1757206800,855.35,862.01,855.35,862.01,78.7913
1757210400,862.01,862.59,858.67,862.4,24.3453
1757214000,861.79,862.98,861.79,862.01,7.6506
1757217600,861.85,862.97,860.39,862.97,19.8679
1757221200,862.97,862.98,861.93,862.43,19.9953
1757224800,862.43,862.43,861.92,861.92,34.7483
1757228400,861.69,862.97,861.69,862.33,70.7616
1757232000,862.27,863.0,862.27,863.0,70.9614
1757235600,863.0,863.86,861.19,861.42,103.5392
1757239200,862.28,862.99,861.55,862.52,44.9811
1757242800,862.8,862.8,861.92,862.33,12.461
1757246400,863.99,863.99,862.99,863.0,3.5938
1757250000,863.0,863.86,862.99,863.24,44.5453
1757253600,863.24,863.99,862.99,863.1,165.2638
1757257200,863.1,867.98,862.99,867.97,138.3618
1757260800,867.99,867.99,861.55,863.0,248.6192
1757264400,863.01,863.01,857.0,857.01,63.5779
1757268000,857.0,858.78,857.0,858.15,122.187
1757271600,858.25,860.49,857.48,860.49,3.5078
1757275200,860.22,867.96,859.6,867.96,7.8836
1757278800,867.98,868.02,866.88,867.65,16.8327
1757282400,866.94,876.0,866.94,876.0,102.3619
1757286000,876.01,878.83,874.09,874.66,95.203
1757289600,874.66,875.26,870.95,870.95,65.6235
1757293200,872.41,876.38,871.95,875.96,49.3904
1757296800,875.96,878.83,873.81,878.14,301.9962
1757300400,878.13,879.99,875.38,878.0,183.032
1757304000,876.16,879.49,875.05,878.04,90.2457
1757307600,877.81,877.92,875.0,875.88,64.2454
1757311200,875.89,876.67,875.0,876.02,53.5889
1757314800,876.02,879.99,876.02,878.73,243.4862
1757318400,878.72,881.98,876.59,881.03,242.7303
1757322000,881.83,888.0,880.77,887.99,330.5053
1757325600,888.0,908.0,888.0,907.58,1940.5816
1757329200,907.58,907.59,900.01,904.62,400.9135
1757332800,904.24,904.98,900.94,904.59,303.3521
1757336400,904.59,910.0,900.22,901.51,367.229
1757340000,901.51,910.0,900.0,907.39,322.4687
1757343600,907.27,910.0,905.42,905.42,487.8723
1757347200,905.45,906.07,901.24,906.01,111.1707
1757350800,904.08,911.97,903.0,907.93,249.0738
1757354400,907.99,911.72,880.0,911.72,1198.2324
1757358000,911.72,912.0,904.51,910.48,211.028
1757361600,910.22,910.22,904.98,906.67,55.4262
1757365200,906.69,910.0,906.44,909.0,45.7348
1757368800,909.0,909.0,907.44,907.98,185.371
1757372400,907.97,907.98,902.31,905.02,192.0026
1757376000,905.03,905.51,895.91,899.88,156.439
1757379600,899.88,901.76,894.87,898.0,73.7895
1757383200,898.0,899.2,890.07,891.8,92.225
1757386800,893.46,901.77,892.59,901.77,61.1705
1757390400,901.99,905.98,901.42,904.52,228.3435
1757394000,904.5,904.99,903.01,904.99,32.756
1757397600,904.96,922.0,904.96,920.18,1294.0851
1757401200,920.0,922.0,919.32,920.94,266.0059
1757404800,920.94,920.94,918.62,920.17,334.3499
1757408400,920.17,920.19,920.01,920.19,59.9288
1757412000,920.18,920.6,916.4,917.16,184.5212
1757415600,917.15,917.56,915.3,915.97,140.9647
1757419200,915.96,917.98,913.6,916.3,101.4882
1757422800,916.62,919.22,912.0,917.3,72.9003
1757426400,918.66,919.14,900.0,907.3,369.6262
1757430000,906.97,906.97,895.06,899.83,372.3715
1757433600,900.5,907.21,900.43,905.31,44.6506
1757437200,905.53,909.98,905.53,907.52,44.5017
1757440800,907.53,912.99,907.42,912.15,74.6487
1757444400,913.33,913.97,913.33,913.97,7.1384
1757448000,912.72,912.72,909.68,910.85,71.9539
1757451600,910.74,911.36,909.79,910.24,4.8313
1757455200,907.99,915.0,906.99,915.0,151.5392
1757458800,915.95,916.99,915.01,916.12,76.3145
1757462400,916.12,916.12,911.6,911.61,155.3631
1757466000,911.61,914.81,911.6,913.34,85.4471
1757469600,913.39,924.5,913.39,924.47,362.384
1757473200,924.46,924.5,921.45,923.86,128.8214
1757476800,923.86,923.87,919.41,921.57,103.3123
1757480400,921.56,922.6,920.12,920.99,51.1273
1757484000,920.94,922.6,920.94,922.59,123.8696
1757487600,922.59,937.74,922.59,937.2,1556.8327
1757491200,937.21,937.21,930.0,930.49,206.6629
1757494800,930.48,932.04,929.21,930.87,137.1191
1757498400,930.86,930.87,925.73,928.38,68.8998
1757502000,928.36,929.73,924.71,928.09,175.6383
1757505600,928.09,944.05,927.6,939.84,883.3814
1757509200,942.21,947.99,939.0,942.38,417.6368
1757512800,942.42,945.0,937.02,938.01,255.8002
1757516400,938.0,941.85,938.0,939.71,304.0454
1757520000,939.7,940.99,938.5,940.99,270.6878
1757523600,940.98,940.99,934.34,936.16,93.1677
1757527200,936.28,937.12,931.58,935.03,86.717
1757530800,935.51,935.51,930.03,932.75,131.7968
1757534400,932.51,936.0,932.51,936.0,8.4499
1757538000,937.3,940.99,937.3,940.99,178.6498
1757541600,940.98,942.36,940.98,942.0,1120.8992
1757545200,942.0,942.0,941.99,942.0,91.9888
1757548800,941.99,946.99,941.99,946.99,395.1166
1757552400,946.99,948.0,945.71,947.43,121.4961
1757556000,947.43,947.43,941.99,941.99,207.5631
1757559600,941.99,948.0,940.07,945.01,680.6154
1757563200,945.01,945.02,940.0,941.88,344.2978
1757566800,941.89,942.81,935.0,937.0,230.9408
1757570400,936.99,940.99,936.93,940.79,248.1774
1757574000,940.08,940.49,936.53,940.49,190.6948
1757577600,940.5,940.79,939.0,940.0,73.8186
1757581200,941.0,948.0,941.0,947.01,60.5308
1757584800,947.02,949.99,947.02,949.99,141.3438
1757588400,949.99,950.0,948.36,949.09,232.0541
1757592000,949.1,960.94,942.01,956.21,1500.3569
1757595600,956.11,964.49,947.28,962.0,432.3246
1757599200,961.01,961.01,954.62,958.01,55.7843
1757602800,958.01,959.1,954.0,957.7,99.0978
1757606400,957.99,962.0,952.01,952.13,293.6529
1757610000,953.05,959.99,952.48,958.09,36.8977
1757613600,958.81,959.48,955.0,955.01,20.9409
1757617200,955.01,957.56,953.82,955.65,29.4919
1757620800,955.66,955.66,950.99,952.37,32.4012
1757624400,952.34,954.22,952.34,954.21,49.1367
1757628000,954.22,960.0,954.22,959.99,193.0129
1757631600,959.09,960.0,959.09,959.99,112.194
1757635200,960.0,982.2,958.43,976.95,1411.7869
1757638800,977.0,979.76,971.8,977.0,308.681
1757642400,975.02,980.62,975.02,980.61,351.4789
1757646000,980.6,990.0,980.0,989.99,477.8961
1757649600,989.99,998.15,986.62,998.14,663.7401
1757653200,998.15,1004.0,997.0,1002.56,1669.1781
1757656800,1002.55,1002.55,996.51,1000.0,452.0749
1757660400,999.99,1001.78,998.49,998.5,397.1711
1757664000,998.49,1000.0,995.75,998.29,186.3509
1757667600,998.29,1000.99,998.28,1000.99,510.8778
1757671200,1000.99,1003.0,999.65,1003.0,140.7272
1757674800,1003.0,1004.0,1003.0,1003.99,154.7605
1757678400,1003.99,1007.99,1000.0,1006.74,707.8357
1757682000,1006.55,1006.8,1000.56,1005.0,163.7616
1757685600,1006.12,1015.01,1006.12,1009.59,1085.4523
1757689200,1009.26,1009.26,1001.99,1005.0,533.8069
1757692800,1004.59,1004.59,1000.59,1002.08,117.7524
1757696400,1002.08,1008.88,1002.06,1005.93,94.6581
1757700000,1006.1,1009.26,1006.1,1007.54,70.7223
1757703600,1007.54,1007.54,1004.7,1006.07,31.3561
1757707200,1006.08,1007.62,1002.06,1002.59,280.0961
1757710800,1002.59,1003.84,1000.0,1002.43,118.0979
1757714400,1002.59,1015.0,1002.59,1006.32,201.4037
1757718000,1005.94,1013.23,1000.0,1009.0,248.9203
1757721600,1009.0,1014.99,1009.0,1014.99,163.7232
1757725200,1013.04,1016.81,1010.01,1010.01,504.9208
1757728800,1010.01,1011.89,1006.39,1010.94,159.05
1757732400,1010.94,1016.0,1010.94,1015.99,154.3582
1757736000,1015.06,1017.16,1014.3,1017.13,127.0504
1757739600,1017.13,1017.13,1009.53,1011.44,340.4847
1757743200,1011.69,1015.01,1011.69,1015.01,85.8135
1757746800,1015.34,1016.0,1015.01,1015.65,74.3388
1757750400,1015.64,1016.0,1014.6,1016.0,138.1064
1757754000,1016.0,1017.99,1015.01,1017.81,190.9793
1757757600,1017.17,1017.17,1015.61,1015.61,154.7996
1757761200,1015.61,1015.62,1013.28,1013.29,301.1825
1757764800,1013.3,1014.97,1011.31,1014.14,96.8551
1757768400,1014.13,1015.0,1001.59,1006.51,186.6066
1757772000,1006.0,1007.46,1001.3,1005.5,438.1381
1757775600,1005.49,1007.11,1001.0,1001.79,117.3246
1757779200,1001.78,1001.79,992.01,992.01,654.606
1757782800,992.09,994.16,987.1,994.16,303.1746
1757786400,994.15,997.27,993.53,997.01,56.4231
1757790000,997.0,998.37,997.0,998.37,2.2337
1757793600,998.38,1001.69,998.38,1001.69,39.4777
1757797200,1001.69,1005.4,1001.69,1002.19,14.4275
1757800800,1002.99,1009.98,1002.99,1009.97,79.398
1757804400,1009.98,1013.42,1009.98,1012.45,78.889
1757808000,1012.45,1017.98,1012.45,1017.97,222.4928
1757811600,1017.98,1026.98,1016.2,1025.13,2208.9855
1757815200,1026.95,1038.81,1026.95,1037.59,797.8712
1757818800,1037.62,1040.0,1031.32,1031.32,324.52
1757822400,1032.0,1036.0,1023.87,1030.08,336.1504
1757826000,1031.0,1036.5,1030.08,1036.45,300.6325
1757829600,1036.48,1037.0,1034.0,1034.01,354.2582
1757833200,1034.02,1034.02,1032.14,1032.14,115.6843
1757836800,1032.35,1033.82,1031.99,1032.59,103.1221
1757840400,1032.59,1036.0,1032.59,1036.0,265.781
1757844000,1036.0,1037.38,1035.56,1037.38,304.1324
1757847600,1037.02,1038.91,1029.24,1030.12,923.2962
1757851200,1031.0,1032.99,1026.01,1028.58,209.2658
1757854800,1028.33,1029.53,1022.0,1022.0,467.2464
1757858400,1022.59,1025.97,1010.0,1019.59,450.3464
1757862000,1019.6,1025.28,1015.74,1022.03,122.032
1757865600,1022.9,1030.49,1022.4,1028.92,612.3559
1757869200,1029.23,1041.0,1028.92,1040.99,180.8788
1757872800,1040.95,1040.95,1030.03,1030.03,244.8318
1757876400,1030.01,1030.52,1022.51,1022.51,36.8736
1757880000,1022.01,1022.01,1015.0,1018.34,54.8553
1757883600,1018.69,1027.73,1014.93,1022.49,55.8872
1757887200,1023.28,1023.28,1013.02,1021.78,77.3338
1757890800,1021.0,1021.0,1009.02,1010.91,509.9673
1757894400,1010.91,1017.33,1010.91,1014.01,145.7227
1757898000,1014.01,1014.99,996.81,1013.89,495.4054
1757901600,1014.93,1017.98,1013.35,1017.98,256.5951
1757905200,1017.96,1022.98,1017.96,1020.43,180.6025
1757908800,1020.13,1022.29,1018.05,1022.15,21.2376
1757912400,1022.16,1024.0,1022.15,1024.0,62.8757
1757916000,1024.99,1025.91,1011.25,1012.23,296.0182
1757919600,1012.25,1014.55,998.36,1002.81,580.9432
1757923200,1002.75,1002.75,980.3,980.5,880.0867
1757926800,980.51,993.0,976.01,993.0,817.9302
1757930400,994.12,999.53,989.99,999.15,355.2549
1757934000,999.15,999.68,995.61,997.93,87.3082
1757937600,995.61,1004.15,990.17,994.34,181.1237
1757941200,994.35,1001.0,991.35,995.16,208.8671
1757944800,995.16,995.28,980.0,987.92,290.05
1757948400,988.1,989.79,980.17,985.13,320.1871
1757952000,985.12,986.18,978.75,978.75,169.3731
1757955600,978.75,985.35,975.0,985.35,88.1659
1757959200,982.95,986.09,982.06,986.09,127.5306
1757962800,985.91,991.14,983.35,983.97,63.5644
1757966400,985.65,990.92,985.56,990.92,7.8939
1757970000,989.88,993.19,988.87,993.19,11.4153
1757973600,992.82,992.82,988.09,989.3,42.0439
1757977200,989.29,989.3,988.0,989.2,43.581
1757980800,989.3,991.77,989.1,989.16,41.4077
1757984400,989.52,996.15,989.52,990.44,147.018
1757988000,990.24,994.37,990.24,993.46,103.3922
1757991600,993.0,997.15,992.51,997.01,72.946
1757995200,997.01,997.01,988.06,992.19,133.2807
1757998800,992.2,998.15,992.2,998.15,46.2526
1758002400,998.99,999.99,992.98,996.9,68.4191
1758006000,996.91,997.98,996.12,997.2,35.5449
1758009600,997.21,999.98,996.89,997.64,157.7841
1758013200,997.65,998.0,995.0,995.0,80.3224
1758016800,995.16,997.0,994.0,997.0,64.861
1758020400,996.09,996.99,995.42,996.64,23.2018
1758024000,996.63,996.65,994.0,994.0,14.1148
1758027600,994.51,996.04,982.03,985.58,220.4618
1758031200,985.11,990.0,980.09,990.0,134.2954
1758034800,989.91,1003.15,987.12,1003.15,317.695
1758038400,1003.14,1007.15,997.56,1002.5,248.4484
1758042000,1002.5,1011.98,1002.5,1004.01,622.4378
1758045600,1005.15,1005.84,1000.0,1001.87,66.1757
1758049200,1001.87,1003.01,1001.28,1003.01,8.8645
1758052800,1001.53,1003.64,1001.53,1003.64,3.8592
1758056400,1003.65,1004.0,1002.81,1003.37,13.1794
1758060000,1003.36,1004.71,1001.09,1001.93,95.7588
1758063600,1001.93,1001.93,999.05,999.05,76.3464
1758067200,999.05,999.06,995.0,995.0,49.9463
1758070800,994.79,994.79,992.26,992.99,41.2112
1758074400,992.99,998.02,992.36,995.0,225.2925
1758078000,995.0,995.0,987.01,987.01,148.2671
1758081600,987.01,987.02,986.02,986.03,43.8697
1758085200,986.02,990.33,985.05,988.91,284.0737
1758088800,988.91,993.57,987.71,991.71,119.5759
1758092400,991.71,998.99,991.71,997.67,65.9258
1758096000,997.22,997.22,990.01,991.65,139.7738
1758099600,991.64,992.0,990.99,991.0,22.5742
1758103200,991.62,993.86,986.29,986.29,173.3905
1758106800,986.3,987.66,986.3,987.33,288.4933
1758110400,987.33,990.55,987.33,989.08,75.8826
1758114000,990.0,994.65,990.0,994.31,133.8747
1758117600,994.31,994.31,987.43,989.4,69.6604
1758121200,989.4,991.0,988.56,988.56,68.7584
1758124800,988.56,990.38,984.01,990.0,253.9109
1758128400,990.0,997.0,983.11,988.9,65.0085
1758132000,984.0,1001.0,980.0,983.98,414.1875
1758135600,984.0,1003.99,984.0,1003.62,73.8778
1758139200,1003.63,1011.99,1001.96,1001.96,126.9996
1758142800,1001.33,1012.74,996.02,1009.94,112.9989
1758146400,1009.94,1028.95,1009.94,1028.95,823.2866
1758150000,1028.32,1029.99,1023.06,1025.67,363.2331
1758153600,1025.65,1029.88,1024.01,1028.02,405.4756
1758157200,1028.03,1037.15,1025.74,1034.01,580.4194
1758160800,1034.01,1034.98,1029.69,1034.98,595.4981
1758164400,1034.99,1039.14,1034.98,1035.22,306.4141
1758168000,1035.2,1035.2,1030.53,1030.94,105.6784
1758171600,1030.95,1031.09,1025.09,1025.74,121.0444
1758175200,1025.74,1025.74,1020.99,1023.01,165.1792
1758178800,1025.33,1027.49,1015.02,1026.0,312.1857
1758182400,1026.0,1033.0,1025.66,1033.0,371.0491
1758186000,1033.0,1033.31,1031.19,1033.0,54.311
1758189600,1032.99,1033.53,1029.37,1030.15,185.8862
1758193200,1030.16,1033.0,1029.7,1029.7,53.3155
1758196800,1029.7,1031.99,1029.7,1030.0,37.2353
1758200400,1030.0,1036.0,1025.41,1028.38,294.0526
1758204000,1030.69,1037.94,1030.69,1036.98,251.7026
1758207600,1036.9,1041.01,1036.08,1041.01,274.6767
1758211200,1041.0,1045.11,1040.29,1045.11,260.2127
1758214800,1045.11,1057.76,1045.1,1052.14,1349.4772
1758218400,1051.39,1051.39,1045.91,1046.76,70.9623
1758222000,1045.92,1045.92,1035.08,1039.91,129.5271
1758225600,1038.6,1039.76,1036.86,1038.24,40.0294
1758229200,1038.32,1038.33,1035.09,1035.09,69.2956
1758232800,1035.08,1035.08,1033.06,1034.26,66.8146
1758236400,1034.0,1034.25,1030.01,1034.24,164.5099
1758240000,1034.25,1035.98,1034.0,1035.98,73.3756
1758243600,1035.98,1037.58,1034.02,1035.28,246.464
1758247200,1035.28,1035.99,1034.01,1034.52,83.62
1758250800,1034.53,1037.89,1028.0,1028.0,154.2559
1758254400,1028.0,1028.09,1023.95,1028.09,469.2846
1758258000,1028.0,1030.0,1026.99,1030.0,149.5493
1758261600,1029.99,1030.0,1026.15,1026.15,60.4595
1758265200,1026.14,1027.01,1026.01,1026.68,82.3859
1758268800,1026.5,1026.5,1026.05,1026.06,73.4092
1758272400,1026.07,1026.07,1021.12,1021.23,231.8534
1758276000,1021.23,1021.23,1020.0,1020.16,133.0525
1758279600,1020.0,1020.0,1012.03,1012.5,459.28
1758283200,1012.5,1018.1,1012.5,1014.95,121.4584
1758286800,1014.95,1020.84,1014.95,1020.42,138.5541
1758290400,1020.99,1023.55,1014.96,1014.96,159.6549
1758294000,1014.95,1014.95,1001.0,1006.05,457.0006
1758297600,1005.1,1010.15,1004.97,1010.14,83.2195
1758301200,1010.05,1010.05,1002.56,1003.02,82.7934
1758304800,1003.02,1003.3,1001.0,1002.96,83.6469
1758308400,1003.0,1006.6,1001.81,1001.81,34.9191
1758312000,1002.02,1006.35,1001.99,1005.15,19.9535
1758315600,1005.15,1009.9,1005.15,1009.9,22.2535
1758319200,1009.9,1011.07,1009.9,1010.63,32.9714
1758322800,1010.61,1010.61,1005.86,1009.71,28.2192
1758326400,1009.72,1014.14,1009.72,1014.14,79.681
1758330000,1014.15,1015.15,1013.0,1013.0,119.3196
1758333600,1011.19,1011.19,1008.68,1009.89,82.5602
1758337200,1009.88,1009.9,1009.88,1009.89,18.8553
1758340800,1009.89,1012.0,1009.88,1011.86,38.7877
1758344400,1011.86,1014.15,1011.86,1014.15,35.7248
1758348000,1013.01,1013.66,1013.01,1013.54,11.8015
1758351600,1013.56,1014.99,1013.56,1014.97,58.2693
1758355200,1014.98,1014.99,1008.68,1008.68,414.7421
1758358800,1008.95,1009.55,1007.02,1007.02,67.8149
1758362400,1007.4,1008.18,1006.28,1006.28,86.3424
1758366000,1007.34,1009.99,1007.34,1009.99,25.8028
1758369600,1009.99,1009.99,1007.18,1008.51,17.4218
1758373200,1008.32,1009.7,1008.19,1008.19,49.0936
1758376800,1008.01,1010.98,1006.71,1010.98,93.2231
1758380400,1010.98,1019.15,1010.98,1017.02,122.746
1758384000,1017.27,1019.15,1016.76,1017.85,66.5687
1758387600,1016.77,1017.55,1013.1,1014.31,23.7608
1758391200,1013.91,1013.91,1010.88,1012.06,30.4891
1758394800,1011.66,1013.7,1010.13,1011.76,43.3129
1758398400,1013.14,1015.95,1012.64,1015.95,12.735
1758402000,1016.0,1017.36,1016.0,1017.36,2.7219
1758405600,1016.38,1016.48,1012.0,1014.0,497.2695
1758409200,1014.0,1014.98,1013.01,1013.01,203.5078
1758412800,1013.15,1017.38,1012.71,1017.37,88.1003
1758416400,1017.37,1017.38,1016.17,1016.75,23.734
1758420000,1016.76,1019.88,1016.76,1019.88,112.0116
1758423600,1019.07,1021.0,1019.01,1021.0,182.1228
1758427200,1021.51,1021.98,1018.22,1018.51,58.4304
1758430800,1018.64,1018.72,1017.75,1017.76,50.3862
1758434400,1017.75,1017.77,1017.08,1017.7,8.5022
1758438000,1017.7,1017.7,1015.01,1015.05,54.7362
1758441600,1015.11,1015.11,1011.81,1011.81,97.9142
1758445200,1011.81,1012.17,1007.0,1009.66,122.7523
1758448800,1009.67,1011.85,1009.66,1010.36,77.6609
1758452400,1009.7,1010.67,1009.7,1010.48,22.1829
1758456000,1010.47,1014.72,1009.99,1012.41,71.1012
1758459600,1012.4,1013.98,1012.4,1012.47,71.21
1758463200,1012.82,1012.82,1009.73,1009.84,127.7237
1758466800,1009.83,1009.83,1005.01,1007.57,163.9263
1758470400,1006.78,1008.01,1002.01,1003.0,166.4423
1758474000,1003.6,1005.79,1002.02,1005.79,35.3853
1758477600,1004.56,1006.68,1003.62,1006.68,11.9653
1758481200,1006.09,1006.09,1003.07,1005.16,38.2648
1758484800,1003.09,1005.61,1003.09,1004.78,1.3296
1758488400,1004.79,1004.79,1002.8,1003.97,9.7302
1758492000,1002.82,1006.5,999.0,1006.5,399.5835
1758495600,1006.37,1006.37,1000.98,1000.98,83.5498
1758499200,1000.99,1001.8,983.3,984.5,891.5193
1758502800,984.05,993.15,984.05,988.53,203.2249
1758506400,989.54,990.48,981.0,981.9,302.3891
1758510000,981.9,987.99,981.9,986.95,253.2414
1758513600,986.99,986.99,983.33,984.1,180.0098
1758517200,983.23,983.23,970.08,970.08,803.2613
1758520800,970.08,985.5,935.15,955.53,1929.9327
1758524400,955.23,957.15,943.87,944.01,394.4252
1758528000,944.01,945.0,940.53,942.07,360.3592
1758531600,941.97,942.87,935.55,938.65,318.1299
1758535200,937.61,945.96,936.01,945.65,313.4847
1758538800,945.54,945.65,941.79,943.01,132.4977
1758542400,943.01,947.68,941.01,947.68,204.2335
1758546000,947.68,952.14,945.0,949.69,742.2397
1758549600,950.2,952.15,943.42,943.8,254.9151
1758553200,943.88,947.28,940.0,940.82,310.3848
1758556800,942.8,947.07,937.0,938.58,129.0442
1758560400,937.01,947.12,931.48,943.41,167.8748
1758564000,942.93,942.93,937.69,937.69,57.143
1758567600,936.05,936.05,925.0,927.59,204.0915
1758571200,925.08,935.68,925.0,935.68,59.7208
1758574800,935.94,940.0,935.94,939.88,14.448
1758578400,940.79,940.79,937.01,937.01,27.209
1758582000,937.01,939.98,936.38,939.84,63.9526
1758585600,939.99,942.58,932.38,934.89,262.0201
1758589200,934.9,935.63,920.51,920.51,450.3718
1758592800,921.56,924.25,910.0,910.0,618.5045
1758596400,910.01,918.06,901.31,917.01,692.5501
1758600000,917.01,918.0,906.03,916.51,249.5482
1758603600,912.02,918.88,907.89,917.0,120.8684
1758607200,917.03,928.12,917.01,924.24,173.6823
1758610800,923.89,928.14,923.88,925.31,137.7539
1758614400,925.27,930.14,924.7,930.02,143.1893
1758618000,930.02,931.7,925.98,925.99,144.5428
1758621600,925.98,925.99,925.48,925.51,60.4188
1758625200,925.49,925.99,923.01,925.99,115.0568
1758628800,926.98,932.14,924.07,928.96,204.2176
1758632400,929.49,929.99,926.01,926.01,70.9271
1758636000,926.01,930.0,922.0,922.01,188.5919
1758639600,922.0,929.43,920.16,926.01,187.6196
1758643200,927.42,932.0,922.01,930.8,535.6758
1758646800,930.0,930.0,916.02,917.41,99.2375
1758650400,916.15,917.96,914.01,914.01,61.262
1758654000,916.23,917.37,910.02,910.02,111.1276
1758657600,910.03,910.76,907.01,910.76,147.7579
1758661200,911.72,916.0,909.74,915.84,27.0438
1758664800,915.5,916.0,910.29,912.61,67.0332
1758668400,912.61,915.0,908.0,908.0,121.1511
1758672000,908.0,909.83,905.0,905.0,261.4944
1758675600,905.0,913.15,904.01,913.05,153.4637
1758679200,913.15,913.62,905.0,906.8,481.6089
1758682800,905.24,907.65,883.02,884.45,2133.585
1758686400,884.45,884.45,872.55,880.48,874.4952
1758690000,880.44,887.58,880.33,887.58,135.0451
1758693600,887.57,892.14,882.0,891.15,178.0468
1758697200,891.14,891.14,885.12,888.71,62.2298
1758700800,889.7,891.08,889.52,889.52,43.0606
1758704400,889.88,890.67,885.31,890.67,210.9201
1758708000,890.54,892.14,888.04,890.1,75.1319
1758711600,891.29,896.74,890.8,896.32,130.4174
1758715200,897.14,899.14,896.01,896.02,136.8039
1758718800,896.02,899.15,895.04,895.04,175.0684
1758722400,895.03,912.22,895.03,911.07,215.7673
1758726000,911.07,911.07,902.02,902.03,142.914
1758729600,902.04,904.8,901.13,902.54,62.0667
1758733200,902.97,907.81,902.85,907.81,13.8553
1758736800,907.82,907.82,902.47,904.43,37.3572
1758740400,902.84,903.08,899.65,901.77,49.157
1758744000,899.64,899.65,894.5,895.84,48.2464
1758747600,896.0,896.77,892.5,892.5,19.1615
1758751200,891.59,895.39,891.59,893.2,91.6643
1758754800,894.97,894.97,892.71,892.72,46.4779
1758758400,893.12,895.69,889.03,889.03,82.827
1758762000,889.01,890.84,880.33,880.35,333.7374
1758765600,880.36,893.15,877.02,888.16,507.0148
1758769200,887.37,887.37,867.75,872.81,903.9974
1758772800,875.0,875.0,860.0,863.04,1109.2049
1758776400,863.05,869.61,860.91,868.85,283.1496
1758780000,868.85,868.85,861.21,863.06,240.0983
1758783600,861.01,868.51,861.01,864.0,97.3656
1758787200,864.01,868.62,863.01,863.95,64.4272
1758790800,863.02,869.0,856.01,856.02,360.47
1758794400,856.02,865.12,856.02,857.94,549.9012
1758798000,857.95,857.95,852.5,853.0,576.0024
1758801600,853.01,857.4,840.02,840.96,1174.7264
1758805200,840.84,852.01,836.99,849.23,1367.4713
1758808800,850.36,861.15,849.45,859.79,906.1772
1758812400,859.05,859.99,850.57,850.88,512.091
1758816000,852.49,855.0,844.05,844.05,160.0643
1758819600,844.05,844.05,829.05,829.05,727.3357
1758823200,829.05,849.34,829.03,849.34,445.3763
1758826800,849.42,854.53,840.84,841.23,189.3247
1758830400,843.25,845.03,833.68,834.61,72.982
1758834000,835.68,840.79,833.56,838.55,133.2462
1758837600,838.48,842.48,829.99,830.49,162.5202
1758841200,830.49,837.18,818.07,819.1,727.9358
1758844800,820.08,833.0,820.08,832.98,212.8516
1758848400,833.01,838.72,832.01,834.22,299.1667
1758852000,834.47,839.69,833.47,835.97,543.3303
1758855600,835.96,837.81,832.51,837.0,120.223
1758859200,835.46,839.06,832.34,833.01,125.3114
1758862800,833.5,838.76,830.09,830.09,164.1836
1758866400,830.1,835.6,825.74,830.01,388.1834
1758870000,830.12,835.0,828.0,831.03,19.8246
1758873600,834.85,836.12,828.46,833.12,37.3963
1758877200,833.0,834.98,825.0,827.3,68.1768
1758880800,827.3,827.3,812.3,817.27,1330.8839
1758884400,817.26,824.42,813.02,823.59,304.1007
1758888000,822.5,842.02,819.0,834.78,193.3283
1758891600,834.78,838.13,829.53,837.69,101.2384
1758895200,837.69,837.69,824.49,828.82,444.4108
1758898800,825.92,837.67,825.92,833.95,98.6999
1758902400,834.0,848.55,834.0,848.53,261.5381
1758906000,848.55,858.14,848.55,857.32,273.6962
1758909600,858.15,862.14,856.51,861.29,176.0307
1758913200,859.92,859.92,849.38,855.76,145.5757
1758916800,851.82,853.54,850.47,851.96,17.025
1758920400,851.87,861.87,851.71,861.87,61.0229
1758924000,861.43,867.15,860.55,867.01,125.4184
1758927600,867.01,874.15,864.08,874.01,234.1117
1758931200,874.0,875.0,871.14,874.46,214.6581
1758934800,874.98,875.0,870.0,872.2,321.8745
1758938400,872.2,873.0,871.19,871.19,181.7856
1758942000,871.96,874.9,870.12,870.76,119.4829
1758945600,870.76,870.76,868.2,870.08,159.8295
1758949200,870.0,870.0,865.01,865.03,137.6956
1758952800,865.35,865.35,862.01,865.19,63.7373
1758956400,865.24,867.23,862.0,862.64,189.8249
1758960000,862.41,862.55,858.4,858.4,178.9634
1758963600,858.41,859.13,854.04,858.08,391.0708
1758967200,857.95,865.0,855.41,859.17,119.951
1758970800,859.02,860.0,859.0,859.02,26.8433
1758974400,859.0,864.51,857.8,863.49,58.8559
1758978000,862.11,866.78,861.59,866.78,383.9591
1758981600,865.39,868.01,864.02,864.87,175.5348
1758985200,864.12,868.01,861.0,868.01,58.791
1758988800,868.0,868.8,866.18,866.18,44.8365
1758992400,865.92,865.92,859.01,860.85,215.196
1758996000,863.38,863.38,858.46,860.39,37.0483
1758999600,860.76,863.04,859.2,862.7,45.9903
1759003200,862.71,865.16,861.8,862.7,17.2997
1759006800,862.71,868.99,862.21,868.75,21.8097
1759010400,868.92,870.98,867.47,867.93,35.5064
1759014000,868.02,868.15,865.91,866.01,35.0495
1759017600,866.58,868.99,862.87,864.5,17.5009
1759021200,865.4,870.98,857.03,858.21,198.3311
1759024800,858.22,861.71,858.21,859.16,29.4734
1759028400,859.85,860.73,857.92,859.28,41.2637
1759032000,858.85,861.35,858.17,858.8,50.7374
1759035600,861.12,863.55,858.64,858.76,104.0249
1759039200,858.67,860.75,856.04,860.57,28.7973
1759042800,860.59,864.61,858.18,864.61,28.0626
1759046400,863.6,864.83,860.0,862.55,25.7785
1759050000,861.15,861.48,856.3,859.0,36.4013
1759053600,858.0,858.27,855.25,857.28,47.1156
1759057200,857.39,859.52,852.01,853.07,127.2601
1759060800,854.08,854.08,847.02,847.05,285.8544
1759064400,847.05,860.0,847.04,857.9,76.9794
1759068000,857.91,859.72,855.37,859.13,91.1242
1759071600,859.13,864.99,859.13,864.99,112.3709
1759075200,864.99,870.0,864.99,868.71,347.7917
1759078800,869.47,874.68,868.68,873.39,151.0459
1759082400,873.03,875.99,871.65,875.99,57.4668
1759086000,876.0,877.0,875.98,876.77,16.6713
1759089600,877.0,882.15,876.82,880.16,70.0747
1759093200,880.3,880.97,878.51,879.74,394.3343
1759096800,880.0,890.65,880.0,890.65,164.8989
1759100400,890.65,894.79,890.65,894.79,416.3748
1759104000,894.79,894.79,889.0,889.01,261.5629
1759107600,889.01,889.01,885.88,887.71,136.4394
1759111200,887.47,892.41,887.47,888.26,122.9667
1759114800,887.62,887.62,885.81,887.0,109.8544
1759118400,887.0,890.5,887.0,888.88,356.4836
1759122000,888.89,888.89,884.05,884.99,319.7828
1759125600,884.95,884.95,880.02,881.73,84.422
1759129200,881.11,885.0,880.0,883.65,67.7505
1759132800,884.43,885.59,881.77,885.42,66.1661
1759136400,885.41,885.42,880.64,880.64,125.6044
1759140000,880.64,881.42,875.5,875.5,261.385
1759143600,875.03,877.28,875.0,877.01,144.9425
1759147200,877.01,879.03,873.01,873.01,656.8274
1759150800,872.5,884.98,870.01,884.91,188.6746
1759154400,884.52,897.15,884.32,897.15,566.4858
1759158000,897.01,898.15,886.99,887.79,687.8891
1759161600,888.9,890.93,884.0,884.0,12.7723
1759165200,881.03,883.09,880.0,882.33,51.333
1759168800,886.06,889.75,885.67,889.75,215.3837
1759172400,889.77,899.0,889.77,899.0,28.3657
1759176000,898.96,903.14,898.96,903.14,637.1156
1759179600,903.15,903.15,902.48,903.0,47.2831
1759183200,903.0,903.0,899.49,900.76,292.0319
1759186800,900.76,900.99,897.88,898.6,63.3138
1759190400,897.97,900.62,894.0,894.01,18.7743
1759194000,894.0,899.06,888.02,888.03,44.2856
1759197600,888.23,891.88,888.03,890.21,91.8325
1759201200,890.21,892.92,888.56,889.5,116.341
1759204800,889.6,894.95,888.03,888.03,437.872
1759208400,888.03,888.85,886.01,887.21,532.1285
1759212000,886.03,889.92,886.01,887.3,27.4425
1759215600,887.09,888.87,882.33,882.34,107.8216
1759219200,882.33,882.34,880.0,880.01,115.3202
1759222800,880.0,880.0,872.01,872.02,433.0082
1759226400,872.01,874.99,870.39,873.47,83.4698
1759230000,873.49,875.86,872.69,875.07,80.9534
1759233600,875.77,877.05,874.0,874.0,153.6889
1759237200,872.76,884.81,871.63,879.98,87.9321
1759240800,877.69,882.81,872.17,882.81,210.9569
1759244400,879.78,879.78,869.02,872.41,175.5561
1759248000,870.58,872.94,867.0,868.01,200.5646
1759251600,868.82,874.92,868.37,871.12,13.3004
1759255200,871.22,877.41,871.22,877.41,240.3887
1759258800,878.43,880.99,878.43,880.98,58.8563
1759262400,880.99,883.46,880.09,883.46,20.8667
1759266000,883.98,887.56,883.64,885.65,96.3255
1759269600,884.15,887.56,880.0,880.0,39.6682
1759273200,878.68,880.84,875.86,880.58,32.768
1759276800,880.57,881.02,873.01,875.36,91.2362
1759280400,875.36,886.86,875.0,885.42,78.8699
1759284000,885.97,887.13,883.01,883.01,188.9771
1759287600,883.0,883.0,872.53,872.53,97.6279
1759291200,872.5,881.66,872.01,879.32,46.8134
1759294800,879.52,883.59,879.52,881.11,79.7164
1759298400,881.1,881.13,876.46,876.46,92.0137
1759302000,876.46,884.69,876.46,884.65,121.9004
1759305600,884.56,910.98,884.56,909.34,652.9904
1759309200,909.35,914.7,908.04,914.69,244.8476
1759312800,914.57,914.57,909.36,909.79,133.6299
1759316400,909.79,913.88,909.79,913.88,135.286
1759320000,913.87,918.93,913.13,918.38,138.6882
1759323600,918.39,923.52,918.38,920.12,389.7214
1759327200,920.12,925.01,920.12,923.01,622.0949
1759330800,923.0,925.03,920.01,925.03,353.0739
1759334400,924.99,926.45,920.06,920.06,84.1278
1759338000,920.08,921.59,914.02,914.02,204.3689
1759341600,914.27,919.09,914.27,919.09,18.7925
1759345200,919.56,923.53,919.56,922.63,45.0454
1759348800,921.75,922.05,918.78,918.78,198.9381
1759352400,919.13,919.13,917.51,917.51,9.7401
1759356000,918.14,922.8,918.14,920.25,226.5763
1759359600,920.26,929.15,920.26,929.15,183.5623
1759363200,929.15,929.98,921.01,921.02,261.8619
1759366800,921.01,930.16,920.49,930.16,271.344
1759370400,930.17,934.15,927.5,933.48,264.92
1759374000,932.58,939.13,932.57,937.21,249.5023
1759377600,937.21,940.0,935.37,936.99,173.6382
1759381200,936.99,947.15,936.99,941.47,317.385
1759384800,941.48,946.83,941.38,943.5,252.7609
1759388400,943.51,943.65,935.05,935.66,139.8861
1759392000,935.76,943.97,935.76,943.82,214.0067
1759395600,943.82,946.14,942.45,944.98,156.9009
1759399200,944.99,945.75,944.99,945.39,67.4852
1759402800,945.39,949.0,945.09,945.99,67.1502
1759406400,945.98,950.16,945.98,950.15,210.9824
1759410000,950.16,952.15,944.12,949.35,492.1052
1759413600,948.63,948.98,937.01,937.01,331.8201
1759417200,937.01,948.97,934.98,948.97,219.6789
1759420800,948.96,955.15,947.51,951.36,407.2924
1759424400,951.36,957.28,951.31,957.28,392.4078
1759428000,957.28,967.15,957.28,965.64,386.9766
1759431600,964.97,968.99,963.27,965.29,44.7228
1759435200,965.3,966.4,959.22,965.95,152.4592
1759438800,966.14,972.14,966.13,970.5,195.1531
1759442400,970.6,972.0,970.6,972.0,327.5022
1759446000,972.01,979.21,972.01,979.21,475.8453
1759449600,979.01,979.01,971.78,971.78,224.5726
1759453200,971.78,972.63,965.01,966.79,549.0115
1759456800,966.4,976.58,966.1,976.58,325.3323
1759460400,976.58,980.0,973.8,973.8,270.944
1759464000,975.24,977.26,972.96,973.0,103.7803
1759467600,973.0,973.0,968.03,970.59,397.5339
1759471200,970.59,971.0,960.01,962.19,197.4452
1759474800,963.01,963.94,960.16,962.01,177.6622
1759478400,962.0,967.09,960.0,966.86,569.8319
1759482000,966.86,970.65,966.86,967.34,110.1593
1759485600,967.35,969.99,967.34,969.98,76.9261
1759489200,969.75,969.75,965.01,968.59,53.9662
1759492800,968.6,968.6,965.05,967.6,19.0137
1759496400,967.6,967.61,962.5,964.98,57.852
1759500000,964.97,964.99,957.0,964.98,251.1054
1759503600,964.98,976.94,962.07,976.93,301.4854
1759507200,976.94,980.0,970.5,970.5,563.7717
1759510800,969.71,969.71,955.01,957.79,345.6981
1759514400,957.78,969.3,955.77,969.3,88.3657
1759518000,969.28,976.72,963.9,963.9,31.4311
1759521600,964.22,971.28,963.9,968.93,58.8855
1759525200,970.98,971.01,969.8,970.36,31.6456
1759528800,970.42,973.75,970.42,972.09,43.0724
1759532400,972.02,972.03,970.85,971.41,37.8575
1759536000,971.42,973.99,958.01,967.04,112.1893
1759539600,967.83,967.83,958.17,961.97,66.0545
1759543200,963.25,965.23,956.03,960.95,159.7629
1759546800,960.94,960.94,957.0,957.63,67.0585
1759550400,957.64,960.0,957.0,958.99,51.7655
1759554000,959.0,960.69,959.0,959.46,51.245
1759557600,959.46,962.76,959.43,960.25,83.6092
1759561200,960.25,960.25,959.0,959.0,42.7122
1759564800,959.0,959.01,956.66,957.28,87.4191
1759568400,957.2,958.38,955.76,955.76,60.751
1759572000,955.5,960.0,955.07,958.37,194.4964
1759575600,957.5,959.98,957.5,959.21,84.7558
1759579200,959.2,959.21,957.01,957.01,18.6851
1759582800,958.99,960.84,958.32,959.58,61.5957
1759586400,959.58,959.6,952.51,952.51,94.7238
1759590000,952.51,952.51,940.01,940.01,640.6565
1759593600,940.04,941.98,928.0,940.72,504.5793
1759597200,942.71,946.72,942.42,944.57,30.5073
1759600800,944.6,946.78,943.89,943.97,670.5891
1759604400,943.97,946.19,943.96,945.26,13.46
1759608000,945.34,949.82,945.34,949.82,14.7875
1759611600,948.25,949.15,948.25,949.11,29.6629
1759615200,949.02,949.04,949.0,949.03,31.191
1759618800,949.03,949.97,949.02,949.23,35.1931
1759622400,949.16,950.0,947.29,947.29,90.9069
1759626000,947.29,949.2,945.96,949.2,36.5801
1759629600,949.09,959.99,948.89,959.99,352.4574
1759633200,959.98,963.97,959.02,961.01,128.0254
1759636800,960.01,970.79,960.0,969.21,333.9442
1759640400,969.57,973.92,968.02,970.19,602.1482
1759644000,970.27,973.99,970.26,973.94,81.9195
1759647600,973.95,979.01,973.79,978.89,314.4933
1759651200,978.89,978.89,975.0,975.0,136.7537
1759654800,974.95,975.34,968.17,969.99,185.7571
1759658400,969.99,969.99,961.02,964.97,163.5873
1759662000,965.11,971.35,961.75,969.83,120.1446
1759665600,968.87,968.87,964.5,967.05,62.3452
1759669200,967.2,969.96,964.56,968.0,64.3786
1759672800,968.0,969.12,959.02,960.38,110.2349
1759676400,962.56,965.2,962.5,963.45,153.5122
1759680000,963.46,967.77,960.37,967.77,23.7231
1759683600,968.08,968.08,962.6,962.6,18.8599
1759687200,962.59,962.59,956.29,959.07,38.2016
1759690800,958.58,958.58,954.01,954.01,29.7161
1759694400,954.01,959.09,954.01,957.67,54.1731
1759698000,956.53,957.13,954.66,957.11,9.4723
1759701600,957.13,959.26,954.0,956.42,81.0912
1759705200,956.69,959.0,956.53,958.02,98.1221
1759708800,958.01,960.0,954.99,957.31,104.7935
1759712400,954.98,966.99,954.98,966.5,72.9573
1759716000,966.99,973.0,965.0,972.87,271.3466
1759719600,972.87,974.98,970.84,972.92,70.9495
1759723200,972.24,972.24,966.02,966.59,135.4618
1759726800,966.41,973.87,966.0,973.87,216.8499
1759730400,973.88,980.0,973.87,979.54,306.9877
1759734000,979.66,980.0,967.54,967.54,174.6027
1759737600,969.83,979.99,969.83,979.97,396.7427
1759741200,979.98,980.98,978.01,978.79,248.7272
1759744800,978.79,978.79,976.01,976.91,54.6211
1759748400,976.89,978.78,974.66,977.69,55.032
1759752000,977.69,980.0,977.69,979.79,83.6972
1759755600,979.79,980.0,977.0,979.0,256.8891
1759759200,979.99,980.52,975.0,975.0,434.861
1759762800,975.01,982.98,975.0,980.0,336.7953
1759766400,979.01,980.87,975.5,980.34,135.82
1759770000,979.1,984.0,979.06,983.73,80.4288
1759773600,982.45,983.44,977.22,982.31,67.6789
1759777200,981.46,981.46,980.0,980.0,43.5915
1759780800,979.97,979.97,972.0,972.06,156.5427
1759784400,972.44,973.59,970.0,971.85,158.6486
1759788000,973.81,975.64,973.56,974.28,115.3315
1759791600,974.29,974.29,970.0,970.0,376.0943
1759795200,970.0,970.14,966.01,968.39,246.6199
1759798800,969.32,973.81,968.41,973.81,164.9134
1759802400,973.81,980.0,973.8,979.99,245.2454
1759806000,980.0,980.06,978.02,980.06,126.846
1759809600,980.07,983.0,978.04,983.0,142.1289
1759813200,982.99,982.99,977.51,977.51,131.073
1759816800,977.51,978.04,965.01,967.22,150.7183
1759820400,968.84,969.99,967.15,969.98,99.4723
1759824000,969.99,969.99,961.01,968.1,282.6234
1759827600,968.09,969.13,968.09,969.13,285.275
1759831200,968.78,972.14,968.51,970.78,48.6681
1759834800,970.72,970.91,968.63,968.73,68.4228
1759838400,968.63,970.99,965.18,970.99,390.6914
1759842000,970.99,970.99,953.01,957.16,332.0193
1759845600,956.36,956.4,946.8,949.54,561.7979
1759849200,949.57,949.57,935.01,940.57,568.2123
1759852800,940.62,948.01,935.9,946.0,331.3964
1759856400,944.37,944.37,940.54,940.55,90.2998
1759860000,940.54,940.54,937.0,937.0,486.1808
1759863600,936.01,938.29,934.02,936.45,127.908
1759867200,936.73,944.53,936.73,944.48,29.4507
1759870800,944.0,944.0,941.05,941.35,122.2028
1759874400,941.14,942.69,938.41,938.71,37.3718
1759878000,939.05,939.05,930.02,930.02,444.8444
1759881600,930.05,936.13,926.01,936.11,243.0075
1759885200,935.01,939.15,934.99,939.15,124.3602
1759888800,939.15,941.43,938.03,938.15,72.5958
1759892400,938.16,938.16,924.03,924.75,137.5974
1759896000,925.32,932.9,923.01,932.9,129.648
1759899600,932.47,932.47,923.37,927.98,185.9702
1759903200,927.98,930.68,925.62,930.68,25.5143
1759906800,930.67,930.67,928.55,930.01,64.1284
1759910400,930.01,939.14,930.01,937.16,175.743
1759914000,937.16,937.61,936.01,936.02,55.7705
1759917600,936.02,938.79,936.02,938.36,27.5277
1759921200,938.36,939.11,933.29,933.49,73.2236
1759924800,934.82,938.89,934.7,937.21,34.0429
1759928400,937.21,938.07,927.51,933.71,181.9629
1759932000,936.35,943.31,927.53,927.53,280.0393
1759935600,928.0,937.21,928.0,933.42,126.7728
1759939200,932.66,941.09,931.98,941.09,60.8442
1759942800,941.1,952.15,941.1,952.15,91.163
1759946400,952.14,961.98,952.14,961.98,143.3085
1759950000,961.95,962.15,957.57,962.15,147.2596
1759953600,963.12,963.15,958.33,958.33,24.1543
1759957200,957.21,962.18,957.21,959.46,23.224
1759960800,960.41,963.79,960.41,962.81,72.1059
1759964400,962.76,963.36,960.01,962.8,114.015
1759968000,962.78,964.12,960.01,960.01,69.8648
1759971600,960.87,960.87,953.01,958.0,74.9928
1759975200,961.03,961.03,947.02,948.4,192.5069
1759978800,949.58,954.9,949.52,954.11,167.6727
1759982400,954.11,958.99,953.29,958.99,31.7383
1759986000,958.96,962.99,958.06,960.28,101.5597
1759989600,960.27,962.99,958.0,958.0,128.7446
1759993200,958.0,958.0,950.02,950.03,60.8774
1759996800,950.23,950.23,929.3,931.1,622.0763
1760000400,932.63,938.83,932.63,938.78,83.2366
1760004000,938.81,941.14,936.02,940.1,65.4376
1760007600,940.11,945.11,940.11,944.46,78.8937
1760011200,944.11,953.15,944.11,953.15,272.2465
1760014800,952.75,953.14,940.0,940.0,162.6902
1760018400,939.37,939.96,930.11,933.32,297.4976
1760022000,933.33,936.97,927.01,927.01,272.1729
1760025600,927.04,928.77,922.0,922.0,179.9681
1760029200,921.01,965.0,921.01,926.83,1029.3985
1760032800,928.93,928.93,921.01,921.04,117.6022
1760036400,922.03,925.88,922.03,923.95,137.973
1760040000,924.37,926.89,922.32,925.65,127.0714
1760043600,925.66,932.45,925.66,932.34,37.6729
1760047200,931.95,937.89,930.83,935.57,220.6576
1760050800,934.57,934.57,931.02,934.04,107.74
1760054400,933.49,937.76,933.49,934.8,79.1356
1760058000,934.8,937.5,931.14,932.35,158.7
1760061600,932.35,935.62,929.01,930.23,119.4882
1760065200,930.96,938.55,928.0,933.68,230.512
1760068800,934.58,937.38,931.31,932.93,43.9994
1760072400,932.93,934.85,929.98,934.83,72.214
1760076000,935.27,936.26,927.11,927.11,75.9222
1760079600,927.1,927.1,923.01,924.0,133.5451
1760083200,924.0,928.79,922.28,928.79,431.6515
1760086800,928.83,931.55,925.97,926.46,116.6496
1760090400,926.45,931.21,925.92,931.18,27.6333
1760094000,931.17,934.15,931.17,934.15,63.9009
1760097600,934.15,936.15,933.85,936.15,22.5014
1760101200,936.14,945.14,936.14,940.3,131.9069
1760104800,943.39,946.07,933.99,933.99,141.1576
1760108400,933.0,933.0,887.07,896.33,1675.1459
1760112000,894.34,906.14,893.33,900.73,252.826
1760115600,900.69,900.81,895.0,895.84,113.1539
1760119200,898.1,898.25,888.1,888.56,140.6727
1760122800,888.71,890.5,879.01,886.72,260.42
1760126400,886.0,892.77,858.0,858.0,614.7166
1760130000,858.01,871.29,825.01,871.29,1201.0683
1760133600,871.29,884.96,845.0,857.92,861.1972
1760137200,874.98,879.99,850.0,865.01,1096.6477
1760140800,875.44,875.97,820.0,834.65,1768.6334
1760144400,830.02,836.99,805.0,813.56,1296.3803
1760148000,813.44,836.15,805.58,829.04,917.9881
1760151600,829.04,834.48,810.37,820.6,572.4737
1760155200,817.96,823.77,810.0,816.97,672.5234
1760158800,816.97,816.97,791.51,802.1,1459.5269
1760162400,800.01,814.14,800.01,803.04,830.231
1760166000,803.04,805.95,795.01,797.84,480.0123
1760169600,802.9,815.14,795.01,815.1,486.4494
1760173200,815.14,822.81,807.01,808.67,428.7252
1760176800,807.03,816.38,806.0,807.0,195.7497
1760180400,806.19,813.61,804.0,809.01,205.6787
1760184000,806.0,808.02,800.0,803.48,482.9879
1760187600,802.02,811.23,801.0,809.95,606.469
1760191200,810.74,810.74,800.0,802.89,524.3321
1760194800,802.89,810.5,802.89,808.15,271.419
1760198400,807.51,811.52,805.01,805.01,296.5531
1760202000,805.02,811.66,805.01,805.01,113.1378
1760205600,805.01,805.02,804.26,804.26,76.0499
1760209200,804.7,805.81,789.02,789.02,803.6259
1760212800,789.02,789.02,782.0,782.01,339.2989
1760216400,782.86,786.7,780.0,783.01,293.7647
1760220000,783.01,784.2,760.0,782.99,1285.0166
1760223600,782.99,787.15,782.4,785.01,94.0789
1760227200,785.0,785.0,760.0,760.1,676.9033
1760230800,760.19,773.15,757.11,767.68,502.2129
1760234400,767.01,776.99,765.84,770.87,298.3476
1760238000,771.77,787.01,770.06,781.03,397.0828
1760241600,781.02,795.0,781.0,794.19,225.3935
1760245200,795.0,799.99,793.42,799.99,286.5571
1760248800,799.98,805.0,799.81,805.0,328.1869
1760252400,805.0,808.01,805.0,808.0,173.668
1760256000,808.01,808.02,803.01,804.0,232.4586
1760259600,804.0,804.0,792.99,797.39,301.1379
1760263200,795.01,799.44,792.03,792.23,165.1798
1760266800,792.14,800.54,788.9,789.78,146.2902
1760270400,789.48,796.93,789.33,790.46,199.7306
1760274000,790.46,790.92,778.02,779.19,458.2123
1760277600,779.19,820.01,779.19,810.99,605.6082
1760281200,810.79,832.09,805.56,830.87,1012.5001
1760284800,830.87,841.98,828.56,838.37,696.1139
1760288400,840.66,845.0,831.01,831.18,515.3053
1760292000,832.39,836.46,824.73,828.53,211.7308
1760295600,830.35,841.33,830.35,839.0,91.2859
1760299200,841.47,850.0,840.0,842.97,176.1463
1760302800,842.4,850.3,837.01,840.33,84.0757
1760306400,840.79,847.77,840.58,844.4,649.8656
1760310000,844.0,847.41,840.02,847.41,430.241
1760313600,844.84,858.08,843.51,848.85,735.1514
1760317200,847.92,852.66,844.01,852.66,744.0638
1760320800,852.96,854.0,840.07,843.01,847.7111
1760324400,843.01,843.26,837.0,837.99,485.1216
1760328000,838.0,840.33,836.01,839.99,368.7327
1760331600,839.99,839.99,828.02,830.26,268.93
1760335200,830.76,840.98,827.02,840.69,348.4345
1760338800,840.98,848.99,835.93,840.66,420.315
1760342400,839.2,848.0,838.69,847.76,104.5636
1760346000,847.3,847.3,838.36,838.37,304.3915
1760349600,838.36,838.36,834.01,834.01,525.2972
1760353200,834.02,834.02,820.0,823.36,724.6143
1760356800,823.71,828.62,821.0,821.15,368.8343
1760360400,821.16,837.99,821.0,837.99,464.2055
1760364000,837.99,838.0,825.04,826.17,330.9656
1760367600,830.31,842.98,830.31,842.13,76.8775
1760371200,839.91,852.26,839.91,852.26,186.68
1760374800,852.26,871.03,852.26,871.03,894.9738
1760378400,871.27,879.96,870.5,876.76,234.1344
1760382000,876.23,886.0,875.91,877.54,126.0997
1760385600,881.74,885.0,880.5,885.0,318.0152
1760389200,885.0,886.0,883.0,883.0,33.939
1760392800,883.02,886.51,882.48,884.38,387.9688
1760396400,884.4,886.39,883.7,885.0,383.0492
1760400000,885.0,896.0,884.99,891.0,565.7726
1760403600,891.0,894.11,887.68,888.81,291.4861
1760407200,887.6,887.6,877.99,877.99,624.1993
1760410800,877.99,878.5,875.14,877.0,247.8344
1760414400,876.54,876.54,862.02,862.91,1522.509
1760418000,862.9,866.18,849.02,849.02,525.0313
1760421600,849.52,852.87,820.0,831.06,1237.1275
1760425200,830.52,837.27,824.53,825.05,229.581
1760428800,825.81,835.78,823.02,834.15,245.9115
1760432400,834.15,837.99,829.27,829.49,258.4201
1760436000,829.26,829.26,816.02,826.67,1102.291
1760439600,827.18,835.98,827.18,832.3,272.8883
1760443200,830.51,830.51,823.03,825.87,309.3692
1760446800,825.14,833.82,820.0,830.81,433.0248
1760450400,830.55,846.51,830.55,837.09,448.9151
1760454000,837.89,859.99,832.02,859.98,866.2447
1760457600,859.99,875.99,855.0,864.31,572.4024
1760461200,859.11,871.36,852.0,860.38,166.6593
1760464800,860.36,867.48,860.36,862.09,21.419
1760468400,860.35,866.34,844.2,844.2,8.9619
1760472000,848.31,852.6,848.31,852.6,5.4424
1760475600,854.78,858.01,845.43,858.01,44.5257
1760479200,858.8,859.72,856.02,859.46,40.3093
1760482800,859.72,863.95,859.72,862.0,187.2565
1760486400,862.01,865.0,857.68,865.0,178.2131
1760490000,863.94,865.0,856.01,864.99,103.5259
1760493600,864.99,872.98,864.48,865.45,160.4816
1760497200,865.44,865.44,855.57,856.16,104.3681
1760500800,856.16,862.0,855.0,861.99,252.7648
1760504400,862.0,867.95,860.5,865.14,183.4247
1760508000,865.83,868.99,859.03,866.65,407.8627
1760511600,866.65,868.32,863.0,867.49,86.4601
1760515200,867.51,883.44,867.5,873.03,677.419
1760518800,874.43,877.99,871.76,874.38,270.6166
1760522400,874.77,875.43,867.02,867.02,119.7258
1760526000,867.03,867.7,860.04,861.34,317.3605
1760529600,862.78,865.36,859.22,864.03,221.7081
1760533200,863.77,867.0,846.02,855.14,385.8644
1760536800,857.05,870.73,847.02,848.5,132.4427
1760540400,848.48,852.79,838.03,840.0,303.1305
1760544000,839.75,846.31,839.75,841.21,189.475
1760547600,841.1,844.09,834.03,844.09,87.0851
1760551200,844.39,844.39,837.99,837.99,21.9977
1760554800,834.11,839.36,830.0,830.0,88.4125
1760558400,831.01,834.89,821.11,830.0,106.6751
1760562000,828.45,828.65,821.01,821.48,61.2651
1760565600,821.95,828.82,821.95,825.23,68.1491
1760569200,824.48,829.99,823.74,828.88,124.1538
1760572800,828.01,828.01,825.01,825.53,148.3217
1760576400,825.38,830.35,825.38,830.01,257.6439
1760580000,830.0,832.98,827.01,830.83,152.653
1760583600,830.56,832.99,825.13,825.13,51.5837
1760587200,825.13,826.45,821.53,821.53,244.2802
1760590800,821.52,825.05,817.52,818.67,361.3009
1760594400,818.68,829.99,818.68,829.39,127.7716
1760598000,829.39,829.39,820.03,820.85,745.5373
1760601600,821.38,821.8,819.03,819.04,120.5124
1760605200,819.03,825.97,801.03,825.84,1056.5079
1760608800,825.96,834.99,825.46,832.06,171.8255
1760612400,834.36,837.0,830.0,837.0,58.6453
1760616000,837.98,840.98,835.86,840.93,76.8828
1760619600,840.0,841.99,834.99,835.0,39.7557
1760623200,834.97,836.79,820.29,830.0,149.78
1760626800,829.72,829.72,803.04,803.04,362.9038
1760630400,803.03,819.99,800.0,819.99,643.6889
1760634000,820.99,820.99,810.42,810.42,147.776
1760637600,811.0,811.38,804.01,811.21,94.9509
1760641200,811.21,811.85,794.01,796.15,467.9847
1760644800,796.11,800.15,788.01,788.39,250.5869
1760648400,788.04,801.07,788.04,801.07,97.2726
1760652000,802.11,802.7,790.0,790.67,201.7323
1760655600,790.0,798.05,788.02,789.99,753.1219
1760659200,789.99,796.49,789.02,794.59,247.4293
1760662800,795.76,799.97,790.02,790.02,200.8989
1760666400,792.38,795.01,789.9,794.15,514.3707
1760670000,794.98,795.66,792.81,794.81,353.8479
1760673600,794.81,795.99,793.22,795.99,27.0256
1760677200,795.11,795.92,790.77,791.4,81.2477
1760680800,791.16,792.38,771.12,771.12,1539.9566
1760684400,771.11,771.11,760.0,760.0,1558.9182
1760688000,760.0,765.98,754.33,754.33,960.0665
1760691600,754.09,767.99,754.09,760.0,417.9866
1760695200,757.37,761.02,750.0,758.26,721.233
1760698800,756.33,779.52,756.33,777.65,865.1563
1760702400,777.5,780.99,771.3,771.87,451.2397
1760706000,771.01,779.08,766.03,775.17,207.8891
1760709600,775.15,775.53,752.28,760.55,1000.8621
1760713200,764.0,779.0,762.59,779.0,552.7481
1760716800,779.0,787.08,779.0,779.01,200.6443
1760720400,779.1,786.96,779.1,786.95,74.295
1760724000,786.96,788.99,781.64,781.64,190.4649
1760727600,785.88,788.02,777.03,777.04,27.7146
1760731200,777.03,786.28,777.02,784.94,25.9558
1760734800,785.69,791.99,785.69,791.98,17.4298
1760738400,791.99,792.99,784.04,787.91,504.717
1760742000,787.56,787.56,781.02,781.02,109.9715
1760745600,781.02,786.89,781.02,784.12,57.6877
1760749200,784.13,791.76,784.13,791.76,103.5291
1760752800,791.21,793.01,786.11,786.11,221.7493
1760756400,788.62,793.74,785.61,790.01,64.7303
1760760000,790.0,790.52,785.54,785.54,247.9816
1760763600,785.55,790.46,785.55,789.73,23.46
1760767200,790.0,796.99,790.0,796.99,96.6958
1760770800,796.98,804.97,796.98,800.0,268.2948
1760774400,800.01,802.37,798.36,798.36,124.2932
1760778000,798.35,799.63,796.54,797.05,98.1549
1760781600,797.01,797.47,793.02,793.39,97.0747
1760785200,793.03,797.94,793.0,797.94,58.3302
1760788800,798.0,800.0,797.08,798.09,129.6232
1760792400,797.29,797.29,793.01,793.38,191.0932
1760796000,793.66,797.0,791.95,792.9,87.804
1760799600,796.95,797.3,792.81,792.82,144.245
1760803200,792.82,792.82,788.02,789.5,69.9962
1760806800,789.39,796.79,788.7,796.78,25.709
1760810400,796.85,796.86,794.52,796.01,14.158
1760814000,796.06,796.87,795.95,796.71,23.8405
1760817600,796.87,801.99,796.87,800.0,80.7836
1760821200,800.0,801.04,793.77,800.86,13.8839
1760824800,801.02,802.98,800.0,801.15,70.9691
1760828400,800.91,802.61,800.21,802.61,41.2689
1760832000,802.6,802.61,795.01,795.03,17.4116
1760835600,795.0,795.0,791.22,794.0,44.0066
1760839200,793.99,797.04,792.06,795.68,38.0646
1760842800,794.84,800.0,794.38,800.0,73.3804
1760846400,800.0,800.91,798.43,799.21,29.8227
1760850000,800.0,802.59,799.01,799.14,117.0783
1760853600,799.27,800.82,795.47,795.47,39.1217
1760857200,795.46,796.11,794.38,795.89,18.0482
1760860800,796.26,801.63,789.35,789.66,176.5552
1760864400,789.34,803.15,787.01,799.8,207.4355
1760868000,802.94,808.83,796.06,806.97,589.9649
1760871600,806.99,809.98,806.99,807.46,297.5778
1760875200,807.43,809.88,805.0,808.98,51.1473
1760878800,809.0,815.0,808.1,815.0,126.7859
1760882400,815.0,821.01,809.65,821.01,324.533
1760886000,821.01,821.01,818.0,818.98,217.1009
1760889600,818.99,819.9,810.37,819.86,781.3476
1760893200,819.8,822.14,812.11,814.11,159.9002
1760896800,816.91,816.91,810.02,812.9,19.2126
1760900400,810.04,813.51,810.0,810.01,65.0681
1760904000,810.01,815.24,810.01,814.5,16.7035
1760907600,812.59,819.91,810.0,819.91,17.0742
1760911200,819.92,819.98,812.15,819.87,8.076
1760914800,812.03,812.04,805.02,805.07,98.2667
1760918400,805.99,805.99,793.02,800.0,728.41
1760922000,800.0,801.0,796.21,797.0,94.3838
1760925600,798.47,802.33,796.21,800.48,149.4889
1760929200,800.9,819.86,796.88,816.95,231.7835
1760932800,819.83,821.99,815.61,820.0,78.0382
1760936400,819.99,821.96,819.98,821.96,284.3646
1760940000,821.94,825.5,821.94,825.49,306.3041
1760943600,824.91,825.99,822.08,822.17,115.2115
1760947200,824.52,825.97,819.29,822.33,69.1702
1760950800,823.3,825.94,821.66,822.32,28.5829
1760954400,823.49,824.66,817.05,817.05,52.6368
1760958000,817.24,820.96,816.03,820.0,60.7891
1760961600,819.99,821.2,819.02,821.2,61.6105
1760965200,821.2,823.37,819.44,822.91,58.4256
1760968800,820.59,822.26,815.21,818.73,40.1436
1760972400,817.99,820.17,815.01,815.02,47.4014
1760976000,815.0,815.0,801.34,802.02,722.8056
1760979600,803.81,805.2,798.02,802.88,147.4429
1760983200,803.2,805.21,800.49,805.03,36.9331
1760986800,804.47,808.84,802.16,806.25,69.4359
1760990400,806.25,810.0,806.21,810.0,12.8705
1760994000,812.99,813.99,806.67,806.67,23.8146
1760997600,806.67,812.62,806.67,812.62,37.7896
1761001200,812.62,813.68,810.02,810.02,23.6419
1761004800,810.0,810.01,806.97,808.39,55.2816
1761008400,806.99,806.99,796.02,796.03,330.0862
1761012000,796.3,796.3,791.6,792.0,584.1321
1761015600,792.0,792.72,790.21,790.21,108.5444
1761019200,790.18,790.18,781.04,781.44,790.7939
1761022800,781.45,782.79,780.0,782.79,300.5431
1761026400,782.78,785.53,781.16,784.52,81.2492
1761030000,784.54,787.99,783.02,787.71,119.9701
1761033600,787.51,788.15,783.07,785.95,138.3511
1761037200,786.45,786.86,784.01,785.03,32.5258
1761040800,787.96,793.99,787.55,792.74,54.6797
1761044400,790.01,793.98,790.0,793.84,62.3346
1761048000,793.11,796.99,792.45,794.13,226.582
1761051600,795.66,795.66,784.87,788.45,158.7206
1761055200,788.7,818.97,788.13,818.97,493.5073
1761058800,818.99,834.99,817.98,833.0,888.4429
1761062400,833.0,837.0,819.02,819.02,572.3857
1761066000,818.77,828.59,817.03,826.66,80.1401
1761069600,827.92,827.92,820.53,823.22,93.7123
1761073200,823.21,823.22,820.66,822.3,37.3837
1761076800,820.0,820.0,811.45,812.0,103.9077
1761080400,811.99,811.99,800.15,809.94,1312.1263
1761084000,809.94,809.94,799.02,800.66,100.6121
1761087600,800.66,801.41,787.6,788.34,249.8981
1761091200,789.26,791.13,785.0,788.67,167.1793
1761094800,791.63,795.66,790.52,795.65,43.3029
1761098400,795.54,795.92,791.35,791.62,164.1284
1761102000,790.81,790.81,787.01,788.87,322.897
1761105600,788.5,791.21,788.5,790.77,125.253
1761109200,790.16,790.16,785.11,787.02,1471.0759
1761112800,785.6,788.23,785.2,786.43,760.7709
1761116400,785.2,786.35,781.91,786.35,239.4902
1761120000,785.6,786.47,783.88,785.39,59.7147
1761123600,784.81,784.81,781.78,782.74,321.2779
1761127200,782.88,784.61,781.19,782.15,40.8068
1761130800,781.57,791.16,780.0,787.69,416.4458
1761134400,788.22,793.99,785.79,790.22,166.9264
1761138000,790.01,793.69,786.0,793.69,229.8459
1761141600,793.69,793.69,773.93,787.71,241.5678
1761145200,787.59,789.98,777.01,782.89,74.8431
1761148800,780.86,783.93,778.02,783.0,21.6824
1761152400,782.01,782.01,773.88,773.88,58.2135
1761156000,773.77,774.71,768.6,768.94,119.7467
1761159600,774.93,774.93,760.0,769.11,553.5838
1761163200,765.44,768.0,763.42,766.0,13.3937
1761166800,763.0,764.35,756.99,759.41,163.1655
1761170400,761.92,763.84,757.92,761.83,97.1233
1761174000,761.84,766.99,761.84,766.95,75.6941
1761177600,766.58,768.99,765.06,768.99,93.9132
1761181200,768.99,773.96,768.99,773.26,119.4014
1761184800,773.04,774.99,773.01,774.98,82.8948
1761188400,774.99,778.94,774.99,778.02,163.8141
1761192000,778.01,781.99,778.01,781.98,71.9317
1761195600,781.05,784.83,781.05,784.82,52.7896
1761199200,784.83,795.0,784.65,795.0,220.1332
1761202800,795.0,796.99,792.44,796.18,277.5502
1761206400,797.0,799.5,796.84,797.84,192.7355
1761210000,798.59,799.99,796.55,799.73,500.6025
1761213600,799.79,801.71,799.74,801.41,172.3031
1761217200,801.41,803.0,796.77,797.59,82.0056
1761220800,797.59,801.8,794.01,801.8,129.2005
1761224400,801.8,813.2,801.63,807.0,1477.7428
1761228000,807.0,809.99,798.74,805.0,179.8815
1761231600,804.05,812.0,804.05,811.35,61.087
1761235200,810.76,815.86,808.26,812.9,343.9325
1761238800,811.3,817.99,805.99,817.04,385.1316
1761242400,816.08,816.08,808.99,809.0,368.6204
1761246000,809.16,812.08,808.09,811.75,336.485
1761249600,807.5,807.5,798.85,799.75,112.7818
1761253200,802.7,802.7,799.46,799.46,7.0395
1761256800,802.02,807.15,800.59,807.15,19.1583
1761260400,807.85,811.76,807.64,810.89,70.3685
1761264000,810.88,819.99,810.88,816.23,126.4284
1761267600,815.37,819.6,815.37,819.03,188.1055
1761271200,819.04,819.04,813.02,815.43,175.6732
1761274800,814.88,814.88,811.04,811.85,63.5158
1761278400,811.11,822.98,811.11,821.98,155.1014
1761282000,820.1,820.1,818.01,818.01,22.1135
1761285600,818.11,818.14,815.36,817.62,22.3398
1761289200,817.62,817.62,811.03,811.71,234.1559
1761292800,811.71,816.75,811.62,816.74,116.359
1761296400,815.56,817.31,811.9,811.98,62.0687
1761300000,812.02,813.03,811.02,811.41,27.2138
1761303600,811.03,812.38,809.03,812.38,155.7766
1761307200,815.0,829.98,813.05,819.05,630.7609
1761310800,819.05,821.44,810.03,812.15,162.7472
1761314400,813.09,813.09,804.83,805.1,158.9403
1761318000,804.66,806.01,801.51,801.52,83.2106
1761321600,801.51,805.05,801.51,803.29,142.3547
1761325200,807.8,809.96,807.39,808.96,25.993
1761328800,808.98,810.89,808.97,810.89,16.6932
1761332400,810.99,816.99,810.99,816.99,40.3191
1761336000,816.99,818.41,816.99,818.0,5.3292
1761339600,818.96,818.97,818.96,818.97,18.2064
1761343200,818.97,819.99,818.96,819.97,17.0486
1761346800,819.0,819.0,818.96,818.98,8.1175
1761350400,818.96,818.96,814.99,816.6,55.367
1761354000,817.35,820.0,816.68,819.99,79.0391
1761357600,819.99,819.99,818.42,819.96,21.72
1761361200,819.19,819.97,819.01,819.02,39.1752
1761364800,819.02,820.99,819.02,820.99,66.4601
1761368400,820.99,821.99,820.04,821.99,6.7665
1761372000,821.99,822.98,821.98,822.02,47.1136
1761375600,821.98,822.67,821.2,821.23,24.6919
1761379200,821.13,824.94,821.13,824.94,57.006
1761382800,823.56,824.0,816.02,816.02,78.9697
1761386400,816.02,816.03,810.99,813.26,173.1278
1761390000,812.81,816.35,812.8,816.35,33.7652
1761393600,815.57,821.15,815.57,820.25,60.4037
1761397200,820.02,820.02,815.45,817.31,441.8613
1761400800,816.81,816.81,814.93,815.87,30.8687
1761404400,815.33,815.33,813.16,813.16,99.159
1761408000,813.16,813.16,811.83,812.3,6.277
1761411600,812.53,813.83,812.53,813.82,14.9858
1761415200,813.83,820.0,813.82,820.0,60.0939
1761418800,820.83,821.99,820.83,821.99,7.5617
1761422400,821.99,822.08,820.01,822.08,25.0723
1761426000,821.83,822.98,819.99,820.0,278.3145
1761429600,820.0,820.0,819.99,820.0,178.4721
1761433200,822.38,822.96,820.01,820.01,5.8936
1761436800,818.48,821.46,818.48,819.21,4.4558
1761440400,818.55,819.78,816.47,816.47,30.3431
1761444000,815.06,817.06,813.65,814.29,100.2919
1761447600,813.89,817.13,813.89,816.98,33.253
1761451200,817.78,818.89,817.78,818.23,15.768
1761454800,818.14,818.99,816.51,818.99,44.9666
1761458400,818.94,820.99,818.94,820.99,248.8263
1761462000,820.99,822.66,820.99,821.55,56.0232
1761465600,821.54,821.96,820.99,821.96,31.0062
1761469200,821.88,828.99,821.86,827.83,325.0462
1761472800,828.0,828.51,824.37,825.54,58.2473
1761476400,825.54,835.0,824.5,835.0,158.2491
1761480000,835.0,837.0,834.98,837.0,174.3827
1761483600,837.45,842.98,836.67,840.85,209.9484
1761487200,840.83,842.0,840.57,841.56,82.884
1761490800,841.56,842.97,837.04,842.88,129.3633
1761494400,842.88,842.88,838.49,839.55,180.6209
1761498000,839.16,841.14,839.16,840.62,94.8065
1761501600,840.59,841.99,840.59,841.01,10.4718
1761505200,841.0,841.0,839.51,839.93,27.2747
1761508800,838.76,838.76,836.67,836.67,5.8494
1761512400,835.25,837.98,833.81,837.98,34.5809
1761516000,837.98,849.0,837.98,845.73,542.8865
1761519600,844.28,845.07,843.02,844.5,329.715
1761523200,844.5,856.99,844.5,855.37,831.1567
1761526800,856.89,861.99,855.82,861.12,877.5533
1761530400,861.11,862.34,857.87,858.61,559.4404
1761534000,859.47,861.0,857.05,861.0,113.8247
1761537600,860.99,861.0,857.39,859.81,106.5477
1761541200,859.61,862.96,859.61,861.83,141.0681
1761544800,861.82,862.0,859.38,861.6,128.369
1761548400,861.29,862.96,854.03,854.68,1311.8167
1761552000,854.05,854.06,844.52,844.52,608.7154
1761555600,844.52,844.53,839.28,843.53,196.9164
1761559200,844.24,845.73,843.49,845.0,384.2584
1761562800,845.01,847.12,840.97,845.31,143.1793
1761566400,845.3,845.3,841.01,842.55,60.308
1761570000,842.52,845.62,839.88,844.78,107.2302
1761573600,844.69,844.69,839.37,841.57,49.4343
1761577200,841.56,844.97,841.01,844.06,33.4195
1761580800,844.08,853.99,844.08,853.98,71.0052
1761584400,853.56,855.99,851.46,853.15,69.3613
1761588000,853.15,855.64,850.0,851.22,12.6878
1761591600,851.2,851.2,845.5,845.51,6.2314
1761595200,845.5,845.5,840.51,840.97,11.2543
1761598800,840.51,841.82,838.0,839.63,78.734
1761602400,839.47,841.43,838.12,838.12,59.4385
1761606000,838.11,839.66,835.02,839.39,176.3393
1761609600,839.23,844.79,839.21,842.51,123.3529
1761613200,842.69,849.99,842.69,849.57,78.6295
1761616800,848.5,849.43,844.0,844.54,55.1418
1761620400,845.62,849.97,845.62,847.27,19.1598
1761624000,847.2,850.96,845.88,847.76,79.5218
1761627600,847.75,848.05,839.03,839.03,98.103
1761631200,839.06,845.0,839.06,845.0,128.8199
1761634800,845.0,852.99,845.0,852.7,121.9827
1761638400,851.4,856.98,851.4,856.98,69.7666
1761642000,856.97,856.98,850.0,850.4,89.1874
1761645600,850.32,850.32,840.0,841.0,245.0026
1761649200,842.34,842.9,840.32,840.71,48.5718
1761652800,840.71,841.86,835.8,841.86,180.3599
1761656400,841.89,848.99,841.89,848.69,248.0025
1761660000,848.97,848.97,827.45,836.94,405.1125
1761663600,836.94,839.99,833.62,835.01,81.5978
1761667200,836.01,840.99,832.49,835.8,199.9063
1761670800,835.8,841.23,835.8,841.23,33.3857
1761674400,841.03,842.73,835.6,837.68,24.0813
1761678000,838.72,838.72,821.15,821.15,271.7562
1761681600,821.02,821.02,811.03,811.79,185.2017
1761685200,811.05,818.13,806.03,818.13,105.4945
1761688800,817.52,819.97,815.58,819.63,101.0891
1761692400,819.6,819.6,815.9,818.31,17.8682
1761696000,818.49,820.15,816.38,816.38,94.4936
1761699600,816.39,819.9,814.01,818.33,198.3502
1761703200,818.55,819.9,817.44,819.9,42.9243
1761706800,819.25,819.25,815.02,816.79,71.9894
1761710400,816.45,819.07,816.45,819.07,38.7148
1761714000,819.55,820.99,819.5,820.2,36.9503
1761717600,820.99,821.96,820.17,821.93,15.8071
1761721200,821.95,822.99,821.76,822.97,16.7923
1761724800,822.01,822.01,820.0,820.0,215.4022
1761728400,820.01,820.01,817.71,817.71,34.4952
1761732000,817.71,827.99,817.7,826.02,274.7537
1761735600,826.01,837.13,826.01,836.12,397.8227
1761739200,835.58,838.99,834.8,838.99,273.9542
1761742800,838.98,847.58,838.98,843.4,745.6149
1761746400,843.42,844.03,838.06,842.4,120.9853
1761750000,842.81,842.81,825.09,829.34,500.1669
1761753600,829.22,829.22,822.02,823.17,80.9923
1761757200,823.17,836.02,822.24,833.65,124.645
1761760800,833.44,833.46,802.0,819.79,680.7022
1761764400,818.02,821.75,807.56,814.0,123.1253
1761768000,810.96,826.67,810.96,824.57,69.9946
1761771600,823.45,829.3,823.01,828.1,13.8988
1761775200,826.51,827.26,825.0,825.01,65.7825
1761778800,825.02,825.02,815.0,817.82,144.2236
1761782400,817.81,818.72,812.03,818.72,161.6967
1761786000,818.76,823.99,815.61,823.99,101.0195
1761789600,824.02,832.76,823.87,832.76,74.9325
1761793200,832.75,832.79,829.6,829.6,281.341
1761796800,829.42,829.68,806.03,810.58,607.9412
1761800400,809.01,822.99,808.72,822.99,135.0428
1761804000,822.99,823.35,817.19,820.13,54.132
1761807600,820.01,825.68,819.38,825.1,72.9065
1761811200,824.6,825.1,821.51,822.87,136.21
1761814800,823.13,823.13,812.03,812.06,107.6665
1761818400,812.04,812.04,809.02,809.92,74.3428
1761822000,810.67,812.51,808.62,810.66,67.3279
1761825600,810.2,810.2,790.02,793.08,1135.1563
1761829200,792.23,797.25,787.03,787.03,574.1448
1761832800,787.03,795.78,787.03,794.52,202.4168
1761836400,794.52,797.29,785.0,785.0,139.0089
1761840000,785.01,792.98,783.02,784.51,241.6375
1761843600,785.29,785.29,773.02,779.81,514.589
1761847200,781.24,782.77,771.04,772.53,200.9895
1761850800,771.04,774.39,764.0,764.0,553.7595
1761854400,764.0,776.62,764.0,775.31,130.4326
1761858000,775.31,777.92,770.03,775.4,101.4152
1761861600,774.72,780.98,773.48,780.94,172.0697
1761865200,780.94,783.98,777.94,783.98,339.3236
1761868800,783.98,787.99,781.0,786.8,1098.507
1761872400,785.03,790.0,785.03,788.0,236.2745
1761876000,788.0,788.0,778.02,780.26,191.1193
1761879600,780.0,784.15,778.75,780.92,109.3004
1761883200,782.48,789.99,782.48,787.18,132.5289
1761886800,786.42,786.42,783.01,783.02,69.2095
1761890400,783.04,783.04,781.77,781.77,50.9575
1761894000,782.0,784.42,782.0,782.0,383.6543
1761897600,781.75,784.88,780.01,784.88,85.7174
1761901200,784.89,787.84,784.39,785.92,36.0295
1761904800,786.29,787.47,785.01,785.2,111.4885
1761908400,785.1,795.96,785.1,795.96,137.5694
1761912000,795.98,795.98,786.82,786.82,109.9386
1761915600,786.82,792.56,785.09,792.0,59.2282
1761919200,791.2,795.98,789.01,795.65,112.5317
1761922800,793.06,796.99,791.88,791.89,402.1966
1761926400,790.55,793.63,780.0,780.01,280.9044
1761930000,780.0,780.78,779.0,780.51,91.4367
1761933600,781.38,786.04,780.08,781.93,12.8966
1761937200,780.1,795.47,780.09,795.47,95.886
1761940800,791.79,794.15,790.41,790.41,97.2417
1761944400,788.01,789.55,788.01,789.55,3.075
1761948000,789.64,791.39,789.23,789.42,12.4073
1761951600,789.2,791.41,789.2,789.36,67.7297
1761955200,789.01,789.01,785.78,788.11,19.3611
1761958800,788.11,790.0,788.0,788.0,15.6336
1761962400,787.0,787.18,784.1,787.18,24.3003
1761966000,787.18,789.99,787.18,789.28,36.9256
1761969600,789.99,789.99,787.18,788.94,5.8963
1761973200,788.85,788.92,787.18,788.0,12.0044
1761976800,787.18,787.18,782.41,784.21,29.8775
1761980400,784.86,787.37,783.56,784.94,61.4417
1761984000,784.91,786.83,784.86,786.83,18.3777
1761987600,786.41,787.31,786.4,786.4,90.5479
1761991200,785.62,786.32,783.89,785.74,30.6639
1761994800,786.77,787.46,785.75,785.75,12.2542
1761998400,786.51,787.93,786.51,787.93,8.4098
1762002000,787.07,787.07,781.02,783.0,100.3118
1762005600,783.11,783.12,778.03,780.96,58.7573
1762009200,781.36,787.21,781.36,785.5,47.3552
1762012800,787.4,789.11,786.06,787.7,34.2981
1762016400,787.69,789.0,781.52,782.0,9.0314
1762020000,782.02,784.01,782.0,784.01,27.4351
1762023600,784.01,784.85,784.01,784.85,12.8964
1762027200,788.65,788.65,784.74,787.72,4.7771
1762030800,787.77,788.3,784.41,784.41,4.8685
1762034400,784.4,784.4,781.51,784.19,0.7589
1762038000,785.11,786.31,784.79,786.13,18.3491
1762041600,785.01,785.01,782.01,782.01,19.007
1762045200,782.0,782.52,781.01,781.01,18.9014
1762048800,781.01,784.62,781.01,783.01,65.8436
1762052400,783.01,783.01,781.27,782.02,12.2903
1762056000,781.72,790.5,781.29,790.5,60.1422
1762059600,790.5,790.5,786.14,787.0,33.9473
1762063200,787.98,790.49,786.76,790.28,62.5246
1762066800,790.27,793.02,786.01,790.4,73.8964
1762070400,791.06,791.06,787.75,787.75,33.5533
1762074000,788.27,789.44,785.01,785.01,104.1596
1762077600,785.0,785.0,780.0,780.81,489.4636
1762081200,780.37,784.91,780.37,784.57,117.7315
1762084800,784.56,785.57,782.13,782.13,43.5
1762088400,782.13,782.13,778.0,780.18,164.3874
1762092000,779.44,780.97,775.0,778.71,90.104
1762095600,778.7,780.21,775.17,777.31,58.2025
1762099200,776.63,776.63,770.0,776.0,148.7107
1762102800,776.7,778.16,776.45,776.98,1.7732
1762106400,777.65,778.39,777.01,777.3,15.9462
1762110000,776.98,776.98,773.01,774.91,4.8416
1762113600,776.08,777.45,775.85,777.45,2.7373
1762117200,777.44,784.23,777.44,783.18,19.8408
1762120800,781.29,781.96,778.39,778.57,5.9245
1762124400,778.57,791.46,778.57,791.46,17.0983
1762128000,791.62,794.0,786.99,787.01,117.1866
1762131600,787.01,787.48,783.0,783.0,38.2519
1762135200,783.0,783.0,775.0,775.01,164.5789
1762138800,775.0,775.0,750.1,750.11,1317.9323
1762142400,750.11,753.44,746.02,752.1,1268.8019
1762146000,752.27,757.07,747.03,747.04,365.363
1762149600,747.04,747.78,738.04,743.01,521.8924
1762153200,743.01,747.06,742.01,745.01,421.2501
1762156800,745.0,745.01,736.49,741.0,196.3225
1762160400,741.64,744.85,736.58,738.03,228.124
1762164000,738.01,741.77,736.05,736.05,101.4715
1762167600,737.64,741.36,737.64,740.51,239.6512
1762171200,740.51,745.07,740.51,741.0,92.5188
1762174800,740.99,743.99,740.01,742.63,368.4429
1762178400,743.99,745.99,740.49,744.41,262.3549
1762182000,743.72,743.78,703.07,708.02,1310.4435
1762185600,708.02,718.03,705.92,715.86,563.7008
1762189200,715.03,728.22,715.01,722.81,271.6242
1762192800,722.55,723.14,714.84,715.02,156.6974
1762196400,714.33,715.41,710.02,710.02,131.5714
1762200000,710.02,710.83,696.12,698.95,1032.7645
1762203600,697.66,706.78,697.02,705.78,169.5789
1762207200,705.71,706.75,699.0,704.88,123.763
1762210800,704.88,704.88,700.0,703.69,908.5031
1762214400,703.7,710.26,697.02,705.3,316.3013
1762218000,705.67,711.98,703.01,711.86,530.8931
1762221600,711.58,712.21,707.29,707.31,58.3131
1762225200,707.32,712.2,706.01,710.13,398.7741
1762228800,710.12,710.86,699.03,699.04,363.5181
1762232400,699.02,699.72,668.0,668.01,1809.1055
1762236000,668.01,683.97,668.01,669.46,1363.3714
1762239600,669.45,669.46,659.01,662.15,1229.1932
1762243200,662.85,674.26,660.0,669.97,775.5526
1762246800,669.77,674.74,669.77,674.74,410.0358
1762250400,674.75,678.62,674.75,676.08,187.7191
1762254000,675.96,681.99,675.87,681.4,118.3093
1762257600,681.4,683.99,679.15,680.99,354.7042
1762261200,681.59,683.77,677.51,680.04,221.2839
1762264800,680.04,693.19,674.01,691.63,453.8613
1762268400,692.5,694.99,680.51,680.7,688.7471
1762272000,682.21,683.88,667.13,667.49,506.7202
1762275600,667.06,667.06,650.0,659.77,856.255
1762279200,657.5,659.63,644.22,659.63,313.5767
1762282800,659.77,661.43,653.29,653.29,162.0512
1762286400,652.01,653.84,630.51,644.92,509.7938
1762290000,644.19,649.26,619.01,636.17,248.6041
1762293600,636.48,658.97,636.48,656.89,391.313
1762297200,657.85,661.99,655.01,661.95,202.0133
1762300800,660.17,661.98,648.0,649.99,1018.0065
1762304400,649.99,650.73,625.02,645.75,601.9196
1762308000,646.1,657.98,646.1,657.98,366.7224
1762311600,657.99,662.98,655.01,662.98,227.534
1762315200,660.88,664.88,657.92,661.67,198.3695
1762318800,661.14,666.99,661.14,663.74,134.1249
1762322400,663.65,665.52,661.01,665.4,151.0281
1762326000,665.43,665.43,658.38,659.83,135.2699
1762329600,659.0,659.0,650.0,656.35,258.8271
1762333200,657.39,661.65,657.39,660.67,228.193
1762336800,660.63,660.63,651.73,652.28,47.6085
1762340400,652.03,662.19,652.03,662.19,148.4493
1762344000,662.18,665.98,660.51,665.67,79.4066
1762347600,665.91,672.22,665.0,671.8,223.7411
1762351200,670.47,671.66,662.32,669.57,157.241
1762354800,669.16,675.98,667.83,675.98,129.6799
1762358400,675.97,682.65,670.0,682.1,262.6148
1762362000,680.9,683.99,679.11,683.36,38.6865
1762365600,683.21,690.95,682.08,688.58,317.5033
1762369200,688.16,688.16,685.0,686.39,33.3767
1762372800,686.39,688.01,685.64,686.54,35.0243
1762376400,685.5,685.5,680.51,684.26,87.0378
1762380000,682.99,685.0,680.89,684.99,57.7341
1762383600,684.41,686.52,680.76,686.0,396.8269
1762387200,685.99,685.99,675.24,679.89,252.1571
1762390800,679.6,679.63,673.48,676.14,105.0491
1762394400,676.17,681.67,676.0,681.01,108.1725
1762398000,681.51,684.0,681.01,682.44,70.1183
1762401600,682.32,682.55,681.11,681.2,102.6291
1762405200,681.19,681.19,670.0,670.01,255.8197
1762408800,670.0,671.49,670.0,670.0,78.681
1762412400,669.91,672.0,667.03,668.64,203.9195
1762416000,668.64,669.98,668.07,669.72,32.6269
1762419600,669.95,671.99,668.14,668.14,31.1953
1762423200,668.15,670.75,665.04,669.52,83.8994
1762426800,669.5,670.0,668.0,668.06,102.1188
1762430400,668.05,669.89,663.01,663.36,53.5455
1762434000,663.78,676.98,663.78,674.22,114.6232
1762437600,675.93,677.98,663.33,664.53,197.7865
1762441200,664.01,668.19,655.03,655.97,594.6844
1762444800,655.97,657.66,648.0,654.14,1038.081
1762448400,654.12,661.78,653.91,661.77,140.6374
1762452000,661.73,667.12,655.55,664.49,72.4767
1762455600,662.51,662.51,659.01,659.84,18.1445
1762459200,659.84,663.0,652.0,653.38,12.0517
1762462800,654.48,659.54,652.01,659.53,57.492
1762466400,659.54,659.54,650.02,655.14,38.9232
1762470000,654.73,654.74,646.92,653.08,384.7184
1762473600,653.08,659.51,651.64,658.81,99.5196
1762477200,658.61,658.61,648.79,658.19,292.3207
1762480800,658.19,660.72,655.4,660.72,424.2347
1762484400,660.98,663.69,659.01,659.01,48.3778
1762488000,659.01,659.01,652.0,653.68,271.3469
1762491600,653.85,661.36,653.85,661.36,86.1489
1762495200,661.93,662.95,658.45,658.45,33.792
1762498800,658.46,660.95,657.51,660.95,101.5967
1762502400,660.96,662.34,658.78,659.25,38.3992
1762506000,659.86,659.86,649.02,649.29,132.0745
1762509600,650.0,653.43,647.02,648.14,295.3501
1762513200,648.13,648.13,638.51,646.19,441.4343
1762516800,646.44,646.44,636.03,638.14,136.7546
1762520400,637.85,643.35,636.09,641.37,209.6865
1762524000,640.32,650.78,632.14,650.78,414.2685
1762527600,650.48,654.99,645.16,654.0,226.6901
1762531200,654.0,662.99,649.16,658.58,323.3234
1762534800,659.53,677.01,659.25,676.22,309.6134
1762538400,677.44,683.0,676.51,681.0,402.92
1762542000,681.0,688.99,679.73,688.69,196.7499
1762545600,688.98,688.99,682.95,686.04,32.3595
1762549200,686.05,686.71,683.57,686.67,15.2742
1762552800,686.69,687.02,684.21,685.09,79.4905
1762556400,685.09,685.09,677.8,677.8,202.3251
1762560000,677.8,679.99,675.03,676.79,131.608
1762563600,675.86,680.0,675.17,679.04,135.3128
1762567200,679.15,688.2,679.15,687.0,157.1541
1762570800,687.0,690.0,683.58,683.59,154.0185
1762574400,683.6,685.98,683.04,683.28,44.1926
1762578000,683.51,684.82,677.27,677.66,72.5349
1762581600,678.0,679.68,674.02,677.26,57.6722
1762585200,676.91,676.91,672.02,674.87,96.0865
1762588800,674.87,679.42,674.22,679.09,147.562
1762592400,679.0,679.92,676.99,676.99,20.0663
1762596000,676.98,676.98,675.0,675.92,5.4211
1762599600,675.92,675.92,669.02,669.03,43.9457
1762603200,669.03,669.8,668.02,668.04,81.099
1762606800,668.92,668.92,665.51,665.51,103.2502
1762610400,665.5,665.5,659.19,662.05,109.35
1762614000,662.0,662.0,657.02,657.57,49.4545
1762617600,657.94,660.0,656.04,657.42,22.4903
1762621200,658.78,660.52,657.37,660.52,7.9809
1762624800,660.52,663.86,660.52,663.86,256.9042
1762628400,664.2,664.21,657.35,660.96,31.6607
1762632000,661.16,661.8,661.16,661.34,2.0047
1762635600,662.32,662.69,662.32,662.69,0.3157
1762639200,663.74,663.75,663.74,663.75,5.481
1762642800,663.75,665.23,663.75,664.01,24.982
1762646400,664.0,664.0,660.0,660.0,86.8632
1762650000,660.01,664.86,659.03,664.86,209.6161
1762653600,663.75,664.26,655.19,655.19,79.2941
1762657200,655.94,657.15,654.02,655.09,43.135
1762660800,655.56,661.66,655.56,660.97,78.2885
1762664400,660.87,664.99,660.82,664.99,31.1604
1762668000,664.02,668.51,664.02,665.07,80.0934
1762671600,665.53,669.99,662.72,669.99,61.1881
1762675200,669.5,669.99,667.99,669.26,44.9797
1762678800,669.26,671.52,665.53,665.53,87.3326
1762682400,665.24,665.24,662.09,664.61,133.2219
1762686000,664.61,669.41,664.61,667.75,59.0278
1762689600,668.06,670.0,667.32,668.65,164.7875
1762693200,668.65,674.55,668.65,672.55,465.0053
1762696800,672.13,683.81,670.0,672.5,373.0522
1762700400,672.5,687.88,672.5,682.57,139.4922
1762704000,682.89,684.76,680.01,684.75,38.6415
1762707600,684.38,684.38,678.64,678.89,20.3338
1762711200,679.94,686.42,678.91,686.42,12.265
1762714800,686.98,695.99,686.8,695.99,197.9996
1762718400,695.98,695.99,694.15,694.94,23.5878
1762722000,694.71,694.87,691.1,691.1,21.618
1762725600,692.0,694.77,690.0,694.27,66.0803
1762729200,694.29,696.99,688.21,689.87,211.1832
1762732800,689.99,703.98,686.29,702.08,796.8368
1762736400,702.01,702.2,698.0,699.41,260.4283
1762740000,699.4,702.44,698.0,699.88,121.6061
1762743600,701.23,704.96,701.23,703.43,95.9352
1762747200,703.42,705.98,699.47,703.97,410.0417
1762750800,703.2,704.27,700.01,700.78,58.5635
1762754400,700.65,701.13,698.0,699.45,129.3006
1762758000,699.45,702.12,699.45,700.01,47.6635
1762761600,700.0,700.0,696.13,696.13,148.1358
1762765200,696.32,707.49,696.01,707.13,116.0814
1762768800,707.22,707.22,701.62,702.28,71.9884
1762772400,702.4,703.97,702.02,702.77,29.1191
1762776000,702.77,702.77,698.04,702.02,189.9398
1762779600,702.17,710.0,702.02,709.06,171.2803
1762783200,708.19,708.19,692.01,692.39,248.3561
1762786800,692.5,696.29,691.05,691.98,74.7568
1762790400,691.48,695.21,691.07,692.55,102.6874
1762794000,692.9,700.78,692.9,700.0,17.7829
1762797600,699.81,699.81,692.86,692.86,10.2325
1762801200,693.0,696.77,692.5,696.77,60.6524
1762804800,698.78,699.88,696.8,699.82,4.169
1762808400,697.98,697.98,688.05,689.03,103.2333
1762812000,689.03,697.74,689.03,697.74,121.5932
1762815600,697.75,699.0,697.75,697.99,41.7697
1762819200,697.99,698.0,691.5,694.78,226.9669
1762822800,694.78,708.98,694.78,696.03,369.477
1762826400,696.03,708.98,693.02,707.13,180.2663
1762830000,707.13,712.88,706.18,706.5,288.4669
1762833600,706.52,706.52,695.01,695.01,130.2166
1762837200,695.0,695.0,688.02,688.02,229.8217
1762840800,688.03,688.03,682.1,684.62,175.4569
1762844400,685.04,686.58,682.98,682.98,126.3325
1762848000,682.11,683.89,682.1,682.11,120.9887
1762851600,682.11,684.28,680.0,682.01,210.5505
1762855200,682.01,682.01,678.02,679.76,212.7764
1762858800,680.1,683.65,680.0,680.0,63.9777
1762862400,680.67,683.05,678.0,679.8,376.8395
1762866000,680.09,680.65,677.5,677.5,59.3492
1762869600,678.18,678.18,671.27,677.44,266.619
1762873200,675.96,676.32,667.37,669.71,200.8924
1762876800,669.37,669.82,665.5,669.66,96.8228
1762880400,669.66,669.66,660.47,663.89,281.5765
1762884000,663.89,663.89,659.04,661.34,132.1494
1762887600,661.33,661.33,656.0,656.0,102.2219
1762891200,656.0,656.25,651.02,651.02,107.2596
1762894800,652.48,654.57,648.56,648.91,239.2346
1762898400,648.83,654.09,648.0,652.59,107.2885
1762902000,652.59,652.59,640.53,643.16,262.3547
1762905600,642.95,645.64,638.06,638.51,564.7819
1762909200,638.04,644.16,638.04,643.87,125.8076
1762912800,643.87,644.14,639.0,640.13,136.6152
1762916400,639.04,643.12,639.04,642.14,78.1413
1762920000,642.14,642.71,642.13,642.41,132.0807
1762923600,642.91,647.27,642.91,645.72,156.4925
1762927200,645.53,648.84,645.53,647.91,48.1193
1762930800,647.9,648.91,643.01,643.02,177.3732
1762934400,643.02,655.33,643.02,655.33,240.394
1762938000,654.57,657.98,654.57,656.13,38.2352
1762941600,656.57,663.0,656.57,663.0,340.3259
1762945200,663.69,666.7,661.21,663.35,153.9962
1762948800,662.96,666.0,660.8,663.08,80.0692
1762952400,662.6,666.99,660.8,666.98,67.2275
1762956000,666.98,667.5,653.44,656.0,218.0221
1762959600,657.37,661.72,645.12,645.12,403.8858
1762963200,645.45,647.89,633.33,636.93,406.9493
1762966800,635.51,641.72,635.0,636.99,116.228
1762970400,638.0,639.62,636.2,636.2,13.5864
1762974000,635.01,635.91,630.0,635.82,251.8383
1762977600,636.27,641.75,635.16,638.7,49.1979
1762981200,637.82,640.39,637.73,639.6,12.2776
1762984800,639.28,639.37,635.75,638.96,92.0868
1762988400,638.6,638.6,635.79,637.05,46.051
1762992000,637.19,640.0,633.8,635.68,215.0585
1762995600,635.68,640.0,633.18,634.12,145.6512
1762999200,634.18,636.19,633.51,634.52,107.9938
1763002800,634.74,645.0,627.04,641.3,444.869
1763006400,640.28,641.51,637.03,641.01,49.8172
1763010000,641.0,649.48,639.09,649.31,178.7677
1763013600,647.94,650.98,646.34,650.08,104.3184
1763017200,650.2,651.07,642.51,643.02,231.804
1763020800,643.22,647.76,642.44,646.01,73.5416
1763024400,646.0,646.0,639.5,641.22,91.6435
1763028000,641.13,645.21,641.13,642.74,74.8497
1763031600,644.83,647.0,644.83,647.0,144.7134
1763035200,647.03,649.15,645.19,648.59,27.0917
1763038800,648.6,648.6,636.09,636.09,85.0525
1763042400,637.66,646.85,632.04,645.7,179.8068
1763046000,640.88,644.48,632.03,632.46,220.636
1763049600,634.0,634.9,625.86,625.86,234.9449
1763053200,625.86,626.92,610.0,610.0,735.6771
1763056800,610.0,611.33,600.25,602.94,1017.8432
1763060400,603.46,606.38,590.16,590.16,1451.3655
1763064000,592.51,594.94,586.68,591.79,291.3456
1763067600,593.25,597.61,587.0,589.68,286.985
1763071200,589.67,601.98,588.81,599.59,427.3533
1763074800,599.6,606.49,597.54,599.84,848.5367
1763078400,599.99,601.81,593.5,593.5,524.9194
1763082000,593.51,598.02,588.83,596.67,369.8322
1763085600,596.67,603.84,596.67,601.25,139.8027
1763089200,602.14,603.52,597.63,598.6,112.9767
1763092800,599.27,599.27,580.0,588.74,740.9714
1763096400,590.01,595.87,588.06,594.11,265.5393
1763100000,594.27,596.65,582.01,596.65,457.8657
1763103600,595.81,599.79,590.9,591.83,251.9204
1763107200,591.87,592.04,587.02,590.96,198.0713
1763110800,590.96,592.02,582.67,584.56,319.237
1763114400,584.8,592.03,584.8,590.0,127.4043
1763118000,588.71,589.56,581.0,583.1,247.5489
1763121600,583.1,583.1,563.17,575.48,1025.6959
1763125200,576.31,579.54,565.2,576.0,638.1355
1763128800,576.0,592.43,571.31,590.0,762.0398
1763132400,589.96,595.01,583.01,590.92,150.4473
1763136000,590.92,598.44,590.0,596.71,411.1877
1763139600,596.51,597.96,586.64,589.04,55.6082
1763143200,587.52,593.89,586.83,588.21,31.7646
1763146800,588.41,596.96,587.47,595.62,43.9992
1763150400,598.4,598.4,580.51,581.0,79.7949
1763154000,580.5,587.61,580.28,585.88,240.9633
1763157600,585.47,589.13,582.08,583.83,557.362
1763161200,583.68,583.68,571.88,579.04,245.7817
1763164800,579.96,587.9,579.96,587.09,138.6517
1763168400,587.5,592.38,584.62,591.42,342.0445
1763172000,591.32,595.98,590.4,595.93,74.0371
1763175600,595.98,597.51,593.35,594.6,181.3031
1763179200,595.01,597.71,592.37,594.96,84.054
1763182800,594.8,598.51,593.89,597.0,72.6842
1763186400,597.0,599.99,595.07,595.55,347.171
1763190000,595.55,605.08,589.0,595.16,1499.3566
1763193600,595.16,595.16,586.66,586.71,117.7743
1763197200,586.73,589.42,586.0,586.55,115.7891
1763200800,586.46,588.32,586.0,587.93,49.1911
1763204400,587.94,588.49,582.37,582.91,111.9868
1763208000,582.61,585.82,582.45,585.82,118.9196
1763211600,585.99,590.19,585.65,589.02,113.0171
1763215200,589.01,589.01,586.0,588.3,54.1808
1763218800,587.82,590.82,587.82,590.01,34.3065
1763222400,590.01,592.93,587.1,592.93,23.479
1763226000,592.94,598.87,592.76,595.17,39.2785
1763229600,594.53,594.53,591.65,591.65,1.2226
1763233200,592.9,592.9,590.0,590.0,0.6079
1763236800,587.5,587.5,582.99,582.99,50.5488
1763240400,583.15,584.17,577.0,577.01,242.3114
1763244000,577.86,581.69,577.86,581.25,33.1506
1763247600,581.25,582.54,580.24,580.24,44.4256
1763251200,580.23,580.51,577.0,579.56,351.0852
1763254800,579.56,580.05,573.0,577.54,162.6879
1763258400,577.12,584.64,576.27,584.64,100.3528
1763262000,584.83,587.26,583.59,587.14,399.3036
1763265600,587.84,587.98,585.66,587.16,45.9791
1763269200,587.51,589.97,587.51,588.84,8.2297
1763272800,588.41,589.98,588.41,589.98,80.6105
1763276400,589.97,590.0,588.0,590.0,210.6228
1763280000,590.98,591.66,589.13,591.53,33.324
1763283600,589.56,594.0,588.29,594.0,54.5281
1763287200,594.97,594.97,593.42,594.07,68.5602
1763290800,594.1,594.11,580.92,581.55,118.1609
1763294400,581.56,584.0,580.0,582.66,62.3289
1763298000,582.12,583.67,579.03,579.03,80.1143
1763301600,580.04,584.62,580.04,584.09,80.179
1763305200,583.47,583.47,571.3,571.3,285.6746
1763308800,572.4,574.27,564.19,564.19,455.611
1763312400,565.23,567.01,561.0,566.5,243.4749
1763316000,565.65,575.25,563.82,565.47,360.3585
1763319600,566.08,573.0,565.52,570.63,24.3046
1763323200,569.35,573.49,569.0,569.0,16.2932
1763326800,568.02,568.02,563.7,567.52,31.7613
1763330400,567.92,573.5,564.17,571.9,258.9318
1763334000,570.0,574.18,565.0,571.3,280.9417
1763337600,570.4,579.86,566.35,578.52,209.5189
1763341200,579.69,579.69,575.5,575.5,246.9404
1763344800,575.0,577.4,574.46,576.84,72.0787
1763348400,577.02,582.98,577.02,582.0,203.2032
1763352000,582.01,583.98,581.15,583.89,146.9495
1763355600,583.96,584.27,582.61,584.27,71.1955
1763359200,584.43,588.97,584.43,588.64,147.8397
1763362800,588.77,589.46,587.99,588.27,45.615
1763366400,588.69,589.98,584.07,584.07,693.0003
1763370000,587.23,590.27,586.82,589.53,161.4395
1763373600,589.81,590.18,588.84,590.18,33.0345
1763377200,590.26,591.0,588.72,589.67,48.4552
1763380800,588.63,590.3,587.51,588.87,88.6169
1763384400,588.37,588.37,571.03,572.18,318.078
1763388000,572.18,592.97,570.0,584.12,321.319
1763391600,583.12,584.01,570.0,570.0,301.6548
1763395200,570.01,570.01,556.01,564.58,1097.8918
1763398800,564.59,564.59,550.01,550.62,522.8401
1763402400,550.47,553.08,545.0,545.0,712.5798
1763406000,544.21,547.02,541.5,542.33,330.9618
1763409600,541.29,544.92,539.51,543.83,381.1911
1763413200,543.82,545.37,542.0,545.34,52.5683
1763416800,544.16,549.52,544.16,548.0,101.4629
1763420400,548.0,548.0,544.01,545.97,66.5372
1763424000,545.95,548.31,540.0,548.31,288.8663
1763427600,548.28,552.99,548.01,551.04,173.3057
1763431200,551.04,562.34,544.48,553.29,317.403
1763434800,552.02,565.99,550.39,563.96,459.7951
1763438400,563.99,569.98,551.53,569.98,288.9767
1763442000,569.79,571.98,568.21,568.21,115.4432
1763445600,568.89,573.97,567.61,569.45,248.166
1763449200,569.0,575.97,566.87,573.41,354.9179
1763452800,574.92,576.98,572.57,575.57,173.4441
1763456400,575.78,575.99,571.0,575.99,71.8113
1763460000,575.82,580.0,575.5,575.97,93.9271
1763463600,575.98,576.44,573.87,576.3,66.542
1763467200,574.0,578.6,570.85,576.36,457.5594
1763470800,577.07,577.07,570.88,576.37,289.705
1763474400,575.92,581.6,573.9,573.9,282.0012
1763478000,573.89,590.65,572.01,582.04,332.1918
1763481600,582.0,590.98,580.0,587.86,56.7709
1763485200,588.73,588.73,581.15,583.53,44.6611
1763488800,586.04,589.74,585.51,588.56,39.8666
1763492400,588.63,590.65,588.21,588.21,9.4218
1763496000,588.53,590.89,588.53,590.5,22.2305
1763499600,588.03,588.27,582.51,582.52,21.4501
1763503200,583.07,589.99,582.53,588.97,126.8256
1763506800,589.0,589.0,585.6,587.19,30.7729
1763510400,586.2,589.53,581.38,588.92,266.7737
1763514000,587.78,588.0,583.45,584.41,67.3509
1763517600,584.83,593.95,584.03,592.52,329.5073
1763521200,591.54,592.58,581.84,581.96,118.9557
1763524800,583.89,584.79,577.2,577.2,124.378
1763528400,578.98,579.74,572.92,574.44,407.3326
1763532000,574.44,579.97,574.01,579.83,89.9415
1763535600,579.35,586.98,579.35,585.42,113.2794
1763539200,585.07,585.07,583.98,583.99,20.7079
1763542800,583.98,583.98,580.51,581.62,14.2831
1763546400,581.62,584.34,580.51,581.31,104.5672
1763550000,581.11,581.46,576.71,577.17,41.9761
1763553600,576.41,579.85,576.41,578.58,277.8013
1763557200,578.61,578.61,571.02,571.02,147.4417
1763560800,571.02,574.14,567.73,571.63,214.0561
1763564400,572.26,578.94,561.12,561.12,240.4689
1763568000,561.4,563.42,555.02,555.74,459.4675
1763571600,556.33,557.79,550.02,551.0,410.0884
1763575200,550.52,552.43,546.0,547.49,301.2034
1763578800,547.74,550.45,546.28,549.5,141.5625
1763582400,549.11,554.99,547.83,554.99,100.1575
1763586000,554.78,565.55,554.78,564.44,81.2464
1763589600,564.43,564.88,560.01,564.87,99.3524
1763593200,564.92,569.95,564.92,569.95,161.6597
1763596800,568.98,573.95,568.51,573.0,139.2229
1763600400,573.62,581.95,573.62,581.95,98.6779
1763604000,581.95,599.5,581.95,598.99,464.4827
1763607600,599.0,600.98,597.37,597.37,189.101
1763611200,598.04,603.0,595.05,603.0,274.2044
1763614800,603.0,603.0,600.0,601.21,68.9385
1763618400,600.25,601.0,593.61,594.56,118.4746
1763622000,594.35,597.98,594.35,597.98,82.718
1763625600,598.0,598.0,595.51,596.18,43.8928
1763629200,596.16,596.16,589.03,590.73,97.5235
1763632800,589.5,591.43,587.03,591.43,95.1382
1763636400,591.42,591.58,590.01,591.1,66.9725
1763640000,590.9,591.12,590.0,590.26,82.0753
1763643600,590.08,595.0,586.98,586.98,154.1913
1763647200,586.02,587.74,580.02,587.35,144.894
1763650800,586.24,586.24,578.03,578.03,183.0195
1763654400,578.3,578.3,552.02,554.15,805.4128
1763658000,554.93,559.84,551.0,558.12,774.2625
1763661600,557.2,564.88,555.0,557.11,512.9513
1763665200,556.36,561.23,553.95,561.23,256.7203
1763668800,560.81,562.84,556.0,562.84,172.4991
1763672400,559.77,564.39,559.17,560.42,116.1961
1763676000,560.01,569.91,560.01,568.39,114.7867
1763679600,569.9,569.9,558.01,558.02,119.7597
1763683200,558.02,562.38,558.02,560.5,170.3188
1763686800,560.0,561.09,556.01,556.01,484.3092
1763690400,558.46,558.46,547.02,547.03,376.6294
1763694000,547.05,555.49,547.04,551.21,116.3787
1763697600,551.96,551.96,544.02,550.31,272.0791
1763701200,550.76,551.0,547.45,547.49,98.1913
1763704800,547.5,548.45,543.04,543.04,91.4204
1763708400,544.82,544.82,518.88,531.01,1495.1002
1763712000,530.06,538.47,529.1,532.81,371.8793
1763715600,532.86,535.0,522.03,522.57,685.9417
1763719200,522.26,526.42,520.0,520.29,223.5882
1763722800,520.11,525.35,516.03,516.79,313.9553
1763726400,516.81,528.91,508.04,526.12,727.1092
1763730000,526.03,533.01,524.0,532.37,278.6764
1763733600,532.36,539.99,527.3,538.0,653.4272
1763737200,536.77,536.87,522.26,523.19,517.2158
1763740800,523.2,535.0,517.02,535.0,347.9739
1763744400,535.47,542.92,535.47,539.18,248.4793
1763748000,536.43,541.67,528.82,541.67,29.9378
1763751600,541.27,541.99,533.69,533.69,20.7131
1763755200,533.45,534.15,527.74,529.52,62.7653
1763758800,530.28,538.71,530.28,537.9,51.858
1763762400,538.1,538.36,525.0,525.0,38.3412
1763766000,525.0,537.85,523.0,536.88,78.5203
1763769600,536.51,539.22,535.29,536.52,34.5275
1763773200,536.53,541.51,536.53,540.06,67.5474
1763776800,540.01,541.41,530.62,533.15,557.8648
1763780400,536.32,536.32,530.0,530.76,61.0031
1763784000,531.37,531.37,525.01,526.72,173.5519
1763787600,530.01,530.15,523.25,525.0,91.9653
1763791200,526.34,534.37,523.6,533.93,147.0664
1763794800,534.06,535.0,531.82,532.78,28.606
1763798400,532.74,532.74,520.11,526.07,765.8791
1763802000,528.22,530.23,524.95,527.6,573.706
1763805600,528.31,530.35,524.94,526.0,70.3118
1763809200,526.0,530.43,524.95,529.39,93.3803
1763812800,529.25,529.25,524.67,525.32,30.6327
1763816400,525.01,527.02,523.45,524.25,78.7932
1763820000,527.0,530.2,526.24,529.62,54.3854
1763823600,530.0,531.52,526.5,528.78,89.4703
1763827200,533.0,535.62,531.67,534.81,7.1577
1763830800,534.61,534.61,532.04,532.04,86.0941
1763834400,532.45,533.34,532.15,533.01,4.7848
1763838000,532.19,533.01,530.0,530.01,5.5132
1763841600,530.9,530.9,526.58,526.58,46.3968
1763845200,526.62,527.75,526.01,527.4,21.4212
1763848800,526.08,535.95,526.08,535.7,22.0204
1763852400,534.43,534.43,531.27,531.91,26.845
1763856000,532.45,535.29,532.45,533.01,415.3311
1763859600,533.56,540.99,533.56,540.25,244.7463
1763863200,539.76,544.99,538.88,542.2,595.06
1763866800,542.96,544.07,540.99,541.99,178.1037
1763870400,542.0,548.95,542.0,546.37,114.0527
1763874000,545.01,545.84,544.0,545.12,135.1132
1763877600,545.11,546.0,540.02,540.36,77.6812
1763881200,540.11,540.11,535.44,538.0,116.9847
1763884800,538.57,541.53,538.19,541.53,82.2964
1763888400,541.7,545.77,541.0,543.19,182.9642
1763892000,543.5,543.5,541.01,542.52,42.1702
1763895600,542.72,542.72,539.4,542.09,182.1024
1763899200,542.1,549.16,542.1,546.97,172.4652
1763902800,546.93,549.61,545.01,549.14,80.226
1763906400,549.94,552.95,546.35,546.35,252.98
1763910000,546.57,555.0,546.31,555.0,69.3048
1763913600,555.64,556.88,551.66,554.98,89.9222
1763917200,550.85,551.58,547.51,549.57,121.1696
1763920800,549.57,555.0,549.53,552.84,53.7837
1763924400,552.03,555.0,552.03,554.05,65.0583
1763928000,552.98,554.98,552.98,554.98,8.2968
1763931600,554.53,556.94,550.0,556.94,128.2788
1763935200,555.92,555.98,553.14,553.75,65.743
1763938800,553.89,553.89,545.29,545.75,71.6403
1763942400,545.75,549.85,540.06,546.44,317.2047
1763946000,546.0,547.32,541.59,547.32,107.001
1763949600,547.62,558.52,547.45,553.7,380.8244
1763953200,554.51,558.42,553.01,554.39,263.4265
1763956800,553.38,554.77,544.24,545.9,233.2653
1763960400,552.75,556.0,552.13,552.36,51.2086
1763964000,552.3,552.3,545.0,545.03,562.5983
1763967600,544.01,545.0,543.01,543.25,33.4824
1763971200,543.25,543.25,541.0,543.12,186.1098
1763974800,543.0,543.19,535.43,537.16,290.5665
1763978400,538.32,538.71,536.86,537.75,18.2962
1763982000,538.47,540.0,536.93,540.0,20.7614
1763985600,539.98,540.7,537.62,539.0,31.1635
1763989200,539.23,542.89,539.23,539.81,29.3187
1763992800,539.33,543.26,536.31,542.7,59.9385
1763996400,544.43,549.99,542.0,548.0,42.2941
1764000000,550.0,556.8,550.0,555.25,504.0879
1764003600,557.0,567.93,557.0,567.93,157.0097
1764007200,567.95,570.0,567.81,569.67,237.1975
1764010800,569.41,570.25,568.35,568.59,66.9422
1764014400,569.0,575.99,569.0,575.99,139.7847
1764018000,575.99,576.0,572.88,576.0,74.8132
1764021600,576.29,578.0,575.0,575.2,97.2155
1764025200,575.2,576.18,575.0,575.01,96.9288
1764028800,575.01,575.41,570.12,574.43,349.3131
1764032400,574.0,574.87,571.03,571.05,163.6579
1764036000,571.05,571.92,568.19,571.06,149.6242
1764039600,571.68,572.31,568.25,569.17,37.9419
1764043200,569.93,574.61,569.84,573.36,116.8366
1764046800,572.92,574.35,571.51,573.06,14.033
1764050400,573.86,574.18,570.5,572.9,50.8347
1764054000,571.88,571.88,565.07,565.07,145.1294
1764057600,565.5,566.86,562.01,562.01,79.9871
1764061200,562.93,565.81,561.0,565.75,183.0963
1764064800,566.04,567.88,564.52,567.0,68.1798
1764068400,566.5,566.94,559.64,566.02,453.0256
1764072000,566.48,566.49,562.72,565.43,63.6207
1764075600,565.02,566.0,562.01,562.01,243.5164
1764079200,562.63,563.83,554.0,558.0,203.9092
1764082800,556.53,562.2,554.02,559.0,419.0007
1764086400,559.5,568.85,559.0,564.84,19.9364
1764090000,563.0,572.56,560.02,569.5,127.0959
1764093600,569.0,569.96,567.18,568.56,15.9298
1764097200,567.0,567.0,558.38,566.51,82.2078
1764100800,566.51,566.51,566.51,566.51,0.0
1764104400,572.03,572.03,569.91,569.91,5.12
1764108000,566.77,577.0,566.77,577.0,146.2379
1764111600,574.95,580.95,574.95,576.49,120.5205
1764115200,576.46,579.28,576.46,577.01,146.7329
1764118800,577.0,580.88,575.0,579.31,153.6791
1764122400,579.6,579.6,576.0,576.36,77.6729
1764126000,576.2,577.62,572.0,572.28,147.0811
1764129600,572.27,573.15,572.16,572.2,8.6625
1764133200,572.03,575.95,572.03,575.95,17.3934
1764136800,575.13,578.19,575.0,578.19,26.9331
1764140400,577.72,579.1,576.42,579.1,588.6782
1764144000,579.1,579.11,572.03,572.03,588.5255
1764147600,572.02,572.02,566.01,567.2,107.9102
1764151200,567.2,569.74,567.2,569.28,43.5211
1764154800,569.11,569.74,567.16,568.12,63.6807
1764158400,568.24,568.24,564.03,564.03,362.7326
1764162000,564.02,567.01,564.02,567.01,33.9172
1764165600,567.01,569.65,564.58,564.58,127.0874
1764169200,566.43,569.4,565.01,566.68,48.0731
1764172800,568.24,572.37,567.01,569.15,40.8059
1764176400,570.24,583.7,568.34,583.7,140.7701
1764180000,583.88,597.95,583.88,597.95,662.146
1764183600,597.94,597.95,596.21,596.55,123.4743
1764187200,595.01,595.32,589.48,592.13,98.8958
1764190800,592.86,596.3,592.7,594.82,46.6307
1764194400,594.0,595.95,591.25,592.82,112.339
1764198000,592.73,593.97,590.99,591.99,111.9231
1764201600,592.0,593.95,589.76,593.11,113.4704
1764205200,591.01,593.79,588.81,592.02,47.0267
1764208800,592.68,595.0,590.67,592.26,170.6978
1764212400,592.17,594.27,589.51,590.0,906.5286
1764216000,589.93,591.03,588.52,591.03,40.8592
1764219600,591.35,591.63,590.08,590.5,160.9727
1764223200,591.51,595.0,591.5,595.0,186.1403
1764226800,595.0,596.09,594.98,595.04,110.0354
1764230400,595.0,595.0,590.0,590.01,119.794
1764234000,590.03,591.52,589.01,589.01,62.3249
1764237600,589.01,589.67,587.01,589.67,40.9854
1764241200,589.68,589.7,588.68,589.19,110.1735
1764244800,589.08,589.47,587.0,587.01,493.6651
1764248400,587.01,587.43,584.61,586.92,120.4367
1764252000,586.5,588.31,586.0,587.17,24.084
1764255600,586.18,590.96,586.05,589.66,32.3894
1764259200,588.77,590.0,588.11,588.45,54.9263
1764262800,589.84,589.89,587.41,587.41,46.7395
1764266400,587.78,592.0,587.72,592.0,31.5965
1764270000,591.99,591.99,591.0,591.35,42.4897
1764273600,592.0,592.0,591.05,591.05,42.25
1764277200,590.99,590.99,588.8,589.02,9.9506
1764280800,589.02,589.02,584.05,584.05,92.3763
1764284400,585.47,586.2,584.04,584.81,32.7787
1764288000,584.23,585.45,583.21,583.81,135.4491
1764291600,584.45,584.45,577.01,577.01,437.8125
1764295200,577.01,578.46,575.29,577.99,91.0632
1764298800,577.97,578.65,577.25,578.65,33.3349
1764302400,578.57,580.5,578.11,579.53,62.933
1764306000,580.23,582.13,579.39,581.5,29.1065
1764309600,581.5,581.51,578.01,578.78,52.3679
1764313200,578.41,579.92,576.92,576.92,50.6996
1764316800,576.88,585.05,576.88,584.57,120.1117
1764320400,585.0,589.6,584.2,586.41,509.1249
1764324000,586.4,588.73,586.22,588.73,67.3641
1764327600,588.03,588.03,580.86,583.56,49.6624
1764331200,584.58,584.59,583.46,584.01,58.023
1764334800,584.01,592.18,582.46,589.88,139.0178
1764338400,588.83,593.0,588.46,590.52,58.9699
1764342000,590.52,593.0,586.01,586.01,133.2468
1764345600,586.01,586.01,576.08,576.08,173.3333
1764349200,576.08,576.08,569.0,569.0,641.5193
1764352800,568.21,570.17,565.32,568.5,132.4675
1764356400,568.84,571.95,568.84,571.03,57.299
1764360000,570.71,573.26,569.02,572.47,74.3664
1764363600,571.13,571.13,570.83,570.86,28.539
1764367200,570.85,572.1,568.01,571.96,96.8762
1764370800,571.87,572.22,570.62,570.64,2.4715
1764374400,570.64,572.22,570.58,570.96,222.787
1764378000,572.24,572.24,571.01,571.08,543.1842
1764381600,571.01,571.56,569.0,569.51,77.1717
1764385200,569.52,570.3,569.01,569.01,3.7789
1764388800,569.25,570.89,569.01,570.89,43.2362
1764392400,570.69,570.77,569.57,569.64,6.5285
1764396000,569.64,570.99,567.0,568.13,378.9014
1764399600,568.82,570.45,568.41,569.01,41.0794
1764403200,569.01,570.04,568.02,568.02,94.4128
1764406800,568.31,568.67,568.0,568.0,13.9084
1764410400,568.0,568.29,566.44,568.21,24.9971
1764414000,568.21,569.68,568.01,569.63,28.4515
1764417600,570.12,570.44,568.27,568.27,29.0875
1764421200,568.13,568.44,567.53,568.18,39.4696
1764424800,568.23,568.23,567.01,567.01,7.1842
1764428400,567.18,570.85,567.18,570.85,106.2414
1764432000,571.0,571.72,570.01,571.72,15.5247
1764435600,571.98,572.15,565.69,565.7,71.1366
1764439200,565.85,565.85,561.0,563.31,550.9749
1764442800,564.34,565.3,563.13,563.13,8.6863
1764446400,562.95,565.94,562.95,565.46,0.6885
1764450000,564.61,564.61,564.61,564.61,0.0088
1764453600,565.7,565.7,564.01,564.26,6.0314
1764457200,564.32,565.21,564.0,564.77,8.1243
1764460800,564.47,566.34,563.23,564.8,44.804
1764464400,565.37,566.69,565.37,566.27,40.5837
1764468000,566.26,567.99,564.4,564.56,66.2852
1764471600,564.57,566.59,563.0,566.5,36.0024
1764475200,566.6,568.22,566.5,566.5,13.5639
1764478800,566.3,566.3,563.33,563.81,20.6877
1764482400,563.92,566.12,563.92,566.12,16.4166
1764486000,566.21,566.51,566.03,566.51,9.7173
1764489600,566.76,567.46,566.0,567.46,13.118
1764493200,567.31,568.0,566.77,567.56,89.5754
1764496800,567.26,568.21,567.26,567.55,16.4348
1764500400,567.52,568.11,566.46,566.7,124.0416
1764504000,566.56,571.5,566.56,571.01,69.391
1764507600,571.28,580.0,571.27,578.68,109.0001
1764511200,578.5,579.01,574.4,575.17,61.6414
1764514800,574.52,574.52,571.02,573.5,167.7242
1764518400,573.5,580.0,573.5,580.0,431.7042
1764522000,577.41,577.41,576.1,576.37,15.5691
1764525600,575.5,575.5,573.34,573.88,50.8902
1764529200,574.97,574.97,571.12,571.2,7.2756
1764532800,571.23,571.23,570.0,570.0,6.2579
1764536400,569.7,569.7,568.08,569.13,21.645
1764540000,569.37,571.75,569.37,570.85,6.0261
1764543600,570.0,570.0,554.27,554.27,324.4212
1764547200,554.99,554.99,530.24,530.43,1484.9539
1764550800,530.03,536.06,530.02,531.02,517.3169
1764554400,531.03,533.64,528.73,529.2,219.8907
1764558000,528.03,528.03,524.64,526.02,309.332
1764561600,525.9,525.97,524.21,524.21,137.7023
1764565200,524.21,524.24,522.5,523.01,178.2602
1764568800,523.0,525.23,523.0,525.23,153.7915
1764572400,525.12,528.03,524.04,528.03,146.9872
1764576000,527.85,529.47,527.01,529.16,402.4913
1764579600,529.16,529.65,526.09,526.1,120.6392
1764583200,526.1,528.28,526.1,527.02,126.4398
1764586800,527.5,527.5,527.0,527.21,35.4856
1764590400,527.21,527.21,522.02,524.35,346.3584
1764594000,525.85,528.55,523.59,524.8,100.412
1764597600,525.0,526.0,522.0,522.79,152.3643
1764601200,522.59,522.68,511.12,519.0,672.7893
1764604800,519.01,519.01,511.6,511.6,493.1211
1764608400,513.94,518.14,513.25,516.49,229.8942
1764612000,516.73,518.6,514.93,514.93,137.9766
1764615600,514.83,514.83,513.0,514.13,17.7914
1764619200,516.74,516.74,515.11,515.11,1.3077
1764622800,516.02,523.17,515.7,522.24,86.1657
1764626400,523.98,527.14,522.62,526.75,11.3098
1764630000,527.15,528.44,525.05,526.02,47.9079
1764633600,526.02,528.82,522.84,528.36,217.8384
1764637200,528.23,531.47,526.0,526.0,128.9703
1764640800,526.26,530.9,526.07,527.01,35.2581
1764644400,527.01,528.36,524.01,528.24,88.0561
1764648000,529.79,529.79,527.0,527.0,24.1995
1764651600,527.0,527.01,525.41,525.59,40.5031
1764655200,525.01,529.95,525.01,529.87,21.7575
1764658800,527.82,529.47,527.16,527.54,53.7055
1764662400,527.44,527.44,524.0,524.01,175.038
1764666000,524.01,527.26,524.01,526.07,97.4673
1764669600,526.57,533.0,526.15,533.0,38.8594
1764673200,532.12,532.47,530.34,532.32,102.0729
1764676800,532.11,535.0,532.11,535.0,35.6838
1764680400,534.93,542.92,534.01,542.23,225.5323
1764684000,542.14,551.95,541.56,551.65,502.8024
1764687600,551.94,576.01,551.94,571.11,826.6239
1764691200,571.92,577.57,570.0,577.31,290.3036
1764694800,577.3,581.79,577.06,577.27,240.8411
1764698400,577.25,579.99,577.25,577.87,343.1712
1764702000,578.64,580.0,578.63,579.98,56.0597
1764705600,579.97,579.97,573.1,573.63,79.0414
1764709200,573.69,575.61,573.06,575.61,28.8439
1764712800,576.0,578.0,576.0,578.0,54.9375
1764716400,577.01,577.01,573.95,573.95,26.6926
1764720000,573.32,573.32,569.03,571.0,206.1327
1764723600,570.79,573.98,569.74,573.44,177.0013
1764727200,574.0,578.01,574.0,577.8,199.4709
1764730800,577.81,579.83,577.81,579.09,90.2895
1764734400,579.08,586.0,579.08,586.0,169.0554
1764738000,586.0,589.24,586.0,589.24,66.888
1764741600,589.24,593.87,588.2,588.21,173.0072
1764745200,588.21,588.21,585.07,586.01,110.797
1764748800,586.04,587.02,583.52,587.01,51.8569
1764752400,586.58,586.84,584.63,586.26,27.0536
1764756000,585.74,586.3,582.88,583.14,143.1433
1764759600,583.24,583.76,581.33,583.54,49.0458
1764763200,583.54,585.0,583.16,585.0,61.4441
1764766800,584.72,586.64,584.72,585.29,168.0337
1764770400,585.25,590.58,574.27,584.29,290.3932
1764774000,585.0,585.0,578.33,581.11,101.3711
1764777600,580.0,583.14,576.67,582.06,22.6808
1764781200,579.63,584.38,579.63,583.0,22.7956
1764784800,584.49,584.5,582.37,583.5,28.2965
1764788400,582.37,582.37,580.7,581.83,12.7468
1764792000,582.07,583.5,581.69,583.03,20.3095
1764795600,583.54,599.0,583.54,599.0,176.2919
1764799200,599.64,599.64,589.88,593.5,62.4697
1764802800,596.98,598.0,595.88,595.88,164.726
1764806400,595.91,596.99,591.69,596.37,30.287
1764810000,596.99,601.92,593.69,593.83,903.2009
1764813600,593.08,599.82,592.64,598.54,494.9002
1764817200,597.05,598.16,594.0,594.42,106.1518
1764820800,593.98,594.82,590.84,590.85,38.3793
1764824400,590.85,590.85,587.98,587.98,218.146
1764828000,588.0,590.84,587.99,590.82,19.4727
1764831600,590.19,590.19,586.03,588.45,33.019
1764835200,588.28,588.28,586.04,586.05,15.5693
1764838800,587.78,590.85,587.45,590.85,42.2634
1764842400,590.39,590.39,585.9,588.45,170.0389
1764846000,587.02,588.56,586.56,587.48,16.7899
1764849600,587.47,588.01,585.17,586.66,14.3413
1764853200,585.99,585.99,583.03,584.45,43.1212
1764856800,584.24,587.0,582.25,582.25,254.9009
1764860400,582.92,591.99,582.92,589.01,163.9609
1764864000,589.0,590.0,585.88,586.6,45.7323
1764867600,586.14,586.14,582.02,583.59,45.5844
1764871200,582.69,583.49,579.02,579.02,48.2306
1764874800,579.02,579.02,568.03,575.98,148.1405
1764878400,574.17,576.13,573.93,576.13,7.5408
1764882000,577.09,577.09,571.0,571.12,9.595
1764885600,571.69,574.76,571.69,574.56,80.0407
1764889200,573.19,573.19,572.01,572.27,66.7978
1764892800,573.17,575.17,572.38,573.89,123.4447
1764896400,574.32,577.09,574.32,576.44,39.2807
1764900000,576.14,577.48,573.53,576.22,129.2904
1764903600,576.14,577.41,571.02,571.02,35.8682
1764907200,572.23,572.49,571.0,571.0,41.6268
1764910800,570.75,571.0,568.23,568.6,140.9858
1764914400,569.0,571.19,569.0,571.17,14.5756
1764918000,571.17,576.9,571.17,574.27,65.7224
1764921600,574.3,574.3,568.04,568.04,43.2328
1764925200,568.04,568.04,561.04,561.4,151.5066
1764928800,561.12,567.62,561.02,567.1,75.7603
1764932400,567.08,567.5,565.0,565.0,60.345
1764936000,565.0,565.0,561.55,562.69,26.8592
1764939600,562.94,563.81,561.0,561.01,66.7358
1764943200,561.0,561.0,555.12,555.57,215.6951
1764946800,555.62,563.32,555.62,557.46,157.9473
1764950400,557.46,557.46,543.79,545.26,473.021
1764954000,546.04,547.32,542.0,545.53,61.1264
1764957600,545.0,548.25,542.61,543.1,242.2245
1764961200,542.18,547.68,541.12,547.68,9.5661
1764964800,547.68,547.82,545.52,546.79,4.7726
1764968400,546.79,548.78,545.86,546.74,41.691
1764972000,546.55,548.53,546.42,548.52,53.261
1764975600,547.75,550.73,547.72,550.73,6.5096
1764979200,550.89,552.01,549.6,552.0,82.8445
1764982800,552.88,552.88,550.6,552.34,72.9148
1764986400,551.64,551.8,550.03,551.6,39.3526
1764990000,551.7,554.42,551.51,552.86,170.8737
1764993600,552.8,552.8,550.03,550.03,43.2608
1764997200,551.13,551.22,550.0,550.51,111.055
1765000800,550.0,550.46,549.22,549.66,8.5456
1765004400,550.33,550.41,549.19,549.19,31.0967
1765008000,548.62,548.68,546.34,546.5,12.8841
1765011600,546.31,548.19,546.31,547.71,102.496
1765015200,547.78,548.8,547.41,548.38,46.2671
1765018800,548.73,550.6,548.73,550.6,40.7164
1765022400,549.55,549.55,548.63,548.63,33.7666
1765026000,548.81,549.92,548.68,549.59,21.6183
1765029600,550.0,554.04,549.51,553.04,46.2616
1765033200,552.37,552.37,547.59,549.22,159.2654
1765036800,551.26,551.75,549.6,549.6,252.6186
1765040400,549.95,550.55,549.17,549.17,34.3499
1765044000,550.69,550.69,548.81,549.1,12.9925
1765047600,549.76,549.91,545.66,545.82,53.1185
1765051200,547.24,547.57,547.24,547.57,2.8184
1765054800,547.59,547.78,547.01,547.78,68.6554
1765058400,547.78,547.93,545.55,547.22,7.1761
1765062000,547.0,547.14,543.58,547.14,152.0163
1765065600,546.61,548.47,546.01,547.48,7.345
1765069200,547.4,549.02,546.97,546.97,70.624
1765072800,547.25,550.0,547.25,550.0,32.2608
1765076400,550.71,551.93,550.06,551.87,21.9446
1765080000,551.35,551.87,549.93,549.94,164.097
1765083600,550.77,550.77,548.56,549.55,19.7654
1765087200,550.0,550.88,549.65,550.07,23.251
1765090800,550.29,550.29,546.0,546.0,37.1049
1765094400,545.95,546.93,545.0,546.93,41.7129
1765098000,546.01,546.01,544.51,544.79,51.9704
1765101600,545.35,547.07,545.0,547.07,44.0065
1765105200,546.62,547.51,546.62,547.39,10.6437
1765108800,547.44,549.86,547.44,549.26,22.2544
1765112400,549.02,549.26,544.22,544.94,14.5514
1765116000,544.83,544.87,529.0,530.09,463.0413
1765119600,530.09,543.18,529.96,543.18,97.2606
1765123200,544.67,544.67,540.02,541.05,229.7875
1765126800,544.57,557.97,543.47,556.84,607.4316
1765130400,557.0,560.95,557.0,560.95,48.5003
1765134000,560.0,560.0,558.5,559.7,40.2977
1765137600,560.07,561.9,560.07,560.61,37.1847
1765141200,561.14,561.14,548.12,548.12,24.3141
1765144800,547.0,547.0,538.0,541.0,76.0951
1765148400,543.01,544.34,540.5,542.14,31.4927
1765152000,545.64,547.47,543.34,543.81,76.3419
1765155600,543.24,553.78,543.16,550.04,225.3115
1765159200,550.74,550.87,550.46,550.75,11.7922
1765162800,552.22,554.9,552.22,552.8,8.5318
1765166400,553.98,556.42,553.06,556.42,33.0302
1765170000,555.38,557.1,555.37,556.82,18.2267
1765173600,556.81,560.0,555.0,558.16,117.2911
1765177200,559.29,559.99,555.04,558.5,212.2114
1765180800,559.99,562.78,559.67,562.44,50.1513
1765184400,562.79,569.78,562.79,567.99,70.8969
1765188000,568.0,572.79,568.0,572.54,182.787
1765191600,570.0,572.63,569.4,570.0,164.0906
1765195200,569.98,569.98,565.31,567.84,60.2549
1765198800,567.65,572.79,567.06,570.59,89.9229
1765202400,568.79,572.22,565.28,565.63,133.1889
1765206000,564.71,564.71,558.0,558.51,128.1632
1765209600,557.81,560.85,555.86,558.68,90.2283
1765213200,558.0,559.37,555.76,556.48,13.7103
1765216800,555.12,555.12,549.02,549.02,18.342
1765220400,550.66,550.91,550.66,550.91,0.1906
1765224000,552.65,554.51,552.12,552.12,48.0666
1765227600,550.0,552.45,550.0,552.45,16.7775
1765231200,553.57,553.57,550.0,550.01,6.7944
1765234800,550.67,550.87,546.02,548.48,59.2964
1765238400,548.27,550.05,547.01,548.29,49.054
1765242000,548.42,549.3,547.71,549.0,21.9356
1765245600,549.8,550.67,549.4,549.4,20.2104
1765249200,549.01,553.17,546.29,553.17,68.657
1765252800,553.51,553.51,547.01,547.33,111.4815
1765256400,547.44,548.72,545.17,545.17,17.8277
1765260000,546.54,546.89,545.55,546.89,53.0675
1765263600,546.89,549.72,546.8,549.71,62.9384
1765267200,549.7,549.99,548.01,548.96,58.8756
1765270800,548.35,548.35,546.01,546.53,54.5031
1765274400,546.01,546.55,545.02,546.11,50.6866
1765278000,546.48,547.18,545.81,547.18,10.1584
1765281600,547.07,549.52,547.06,548.34,188.8872
1765285200,548.35,548.55,545.05,545.05,74.6909
1765288800,545.71,546.88,543.18,545.15,145.0485
1765292400,553.11,568.75,548.33,568.58,317.6934
1765296000,568.79,591.08,568.79,590.16,885.6491
1765299600,590.15,592.59,584.27,584.28,730.067
1765303200,586.83,586.83,581.34,581.34,256.9141
1765306800,582.53,583.27,581.3,581.71,83.7866
1765310400,581.29,581.29,572.49,572.49,54.2233
1765314000,571.06,573.84,560.01,560.01,86.6296
1765317600,565.54,569.9,563.46,567.89,424.3297
1765321200,566.82,567.24,563.42,564.2,192.5972
1765324800,565.68,565.72,562.8,563.02,55.2091
1765328400,563.02,566.93,563.02,565.32,63.3994
1765332000,565.8,566.36,563.06,564.97,29.8956
1765335600,565.49,568.77,565.27,568.77,95.3624
1765339200,568.01,574.96,567.51,571.91,38.0651
1765342800,573.4,573.4,570.0,570.2,46.8275
1765346400,571.78,572.75,571.29,572.32,16.9477
1765350000,571.84,571.84,568.95,571.79,31.1878
1765353600,571.81,572.49,569.32,569.32,20.7444
1765357200,569.37,571.6,568.63,571.48,18.1937
1765360800,571.5,573.1,563.1,563.44,82.4643
1765364400,563.68,564.55,562.03,563.7,41.4795
1765368000,564.43,567.88,563.03,567.55,201.9954
1765371600,566.74,568.02,565.97,566.02,480.3759
1765375200,566.66,566.66,563.13,564.34,56.2589
1765378800,564.84,566.19,560.04,560.33,107.9413
1765382400,560.04,563.75,560.0,560.76,94.8347
1765386000,560.56,563.04,560.56,562.19,56.2248
1765389600,562.24,573.52,562.24,566.0,92.369
1765393200,567.59,570.75,561.86,569.87,244.3978
1765396800,569.41,584.07,567.31,567.33,216.4101
1765400400,566.52,567.85,563.8,567.12,59.227
1765404000,564.42,566.6,558.65,565.17,74.2342
1765407600,566.41,566.41,560.8,560.8,16.3518
1765411200,560.69,560.7,550.51,550.7,191.4149
1765414800,550.57,550.95,547.02,547.02,231.7446
1765418400,547.02,547.02,538.07,538.07,201.378
1765422000,538.07,538.07,532.06,532.77,249.6781
1765425600,532.77,541.63,532.76,540.01,113.173
1765429200,540.0,540.3,538.11,540.2,46.6156
1765432800,539.9,540.91,539.3,540.69,44.5272
1765436400,540.43,541.25,540.0,540.1,57.0284
1765440000,540.01,540.01,537.84,539.99,50.5646
1765443600,539.99,541.23,539.99,540.01,35.2267
1765447200,540.15,540.15,539.01,539.49,4.9524
1765450800,539.39,540.96,539.39,540.1,60.2639
1765454400,540.02,543.47,540.01,542.01,43.0591
1765458000,542.01,542.11,540.47,541.44,116.4284
1765461600,541.76,542.02,536.0,538.95,417.5432
1765465200,538.71,543.85,537.55,539.56,70.7792
1765468800,539.65,543.24,537.49,542.01,48.7459
1765472400,542.0,546.27,540.62,544.97,119.7903
1765476000,546.85,556.35,546.85,552.35,62.793
1765479600,552.0,557.0,551.1,551.9,333.768
1765483200,555.67,562.48,552.77,562.48,6.1118
1765486800,560.1,566.14,560.1,564.61,38.3283
1765490400,563.88,564.69,559.15,559.15,142.0534
1765494000,560.0,562.81,559.55,561.49,129.013
1765497600,560.75,564.0,557.29,557.29,125.9797
1765501200,559.0,563.93,558.62,561.63,113.127
1765504800,562.05,566.0,561.94,563.37,90.7083
1765508400,564.15,564.15,561.26,563.16,26.4865
1765512000,563.02,563.02,562.8,562.8,37.5091
1765515600,563.2,568.17,562.83,568.17,132.9274
1765519200,569.95,572.95,569.05,569.13,245.4461
1765522800,569.14,570.3,569.01,569.54,88.9855
1765526400,569.3,569.3,563.53,564.85,76.2072
1765530000,564.8,565.4,563.51,565.4,33.495
1765533600,566.98,567.09,565.67,567.09,24.0135
1765537200,566.86,568.56,565.66,568.55,43.4185
1765540800,568.77,568.77,567.71,567.75,18.9704
1765544400,567.98,571.77,567.98,569.02,421.5149
1765548000,569.6,571.99,567.99,567.99,180.2025
1765551600,563.53,565.0,548.0,548.01,678.5401
1765555200,548.01,549.83,542.02,543.74,627.5465
1765558800,543.27,549.16,542.02,543.2,175.4922
1765562400,545.66,547.6,542.03,546.14,465.4414
1765566000,544.61,545.58,537.76,538.5,125.8118
1765569600,539.75,542.47,539.75,541.74,42.6093
1765573200,541.13,543.51,541.13,542.98,11.237
1765576800,543.89,546.21,543.89,546.21,6.7345
1765580400,546.7,547.35,545.02,545.02,29.0317
1765584000,546.35,546.39,545.2,546.35,49.6804
1765587600,546.35,547.48,546.11,546.11,88.5978
1765591200,546.71,547.24,546.22,546.28,1.9441
1765594800,546.12,547.63,546.01,547.35,39.32
1765598400,547.31,547.5,546.54,547.5,171.2362
1765602000,547.52,547.88,545.55,546.25,161.6989
1765605600,546.77,547.56,545.83,547.4,5.8572
1765609200,547.59,547.7,547.48,547.48,49.2029
1765612800,548.45,552.19,548.45,552.19,216.3775
1765616400,552.51,552.51,550.56,550.56,53.1422
1765620000,550.32,552.49,550.32,551.13,78.4953
1765623600,551.52,552.2,549.52,549.62,26.0831
1765627200,550.54,550.91,545.77,547.48,311.8732
1765630800,548.41,548.87,546.85,548.09,2.9252
1765634400,548.45,549.55,546.41,548.82,95.9803
1765638000,548.43,549.75,548.43,549.01,35.6037
1765641600,549.95,549.97,548.46,548.46,5.7823
1765645200,548.46,548.46,544.23,544.23,84.6117
1765648800,544.22,546.11,544.22,545.2,26.9921
1765652400,545.22,546.64,545.22,546.64,7.054
1765656000,546.93,546.93,546.8,546.8,0.5828
1765659600,544.74,544.74,543.85,543.85,37.2936
1765663200,546.47,547.18,545.68,546.72,2.6343
1765666800,547.25,548.34,547.23,548.34,8.0574
1765670400,548.0,549.44,546.81,549.01,58.9798
1765674000,549.0,549.0,548.12,548.12,26.983
1765677600,548.79,548.96,548.79,548.96,4.4205
1765681200,548.95,548.99,547.39,547.42,6.8305
1765684800,547.03,548.04,545.85,545.86,44.5721
1765688400,545.83,545.83,544.99,545.0,109.6583
1765692000,545.0,547.6,545.0,546.89,29.2188
1765695600,547.42,548.68,547.33,548.68,4.6893
1765699200,548.99,548.99,547.0,547.0,6.0023
1765702800,546.01,546.04,545.13,545.64,48.4686
1765706400,545.65,545.65,540.02,542.18,545.3405
1765710000,542.12,542.81,536.42,540.99,190.4074
1765713600,540.9,542.6,540.48,542.04,205.5249
1765717200,540.96,540.96,539.51,540.28,123.053
1765720800,540.28,541.85,537.73,538.51,31.572
1765724400,538.28,538.77,537.01,538.16,36.4478
1765728000,538.15,540.32,538.05,539.1,34.1036
1765731600,539.8,539.8,534.0,535.51,156.7775
1765735200,535.5,538.06,535.5,537.14,76.3356
1765738800,537.0,537.24,535.64,536.58,32.8762
1765742400,536.92,537.67,535.55,535.56,101.2369
1765746000,535.55,536.52,533.78,535.0,19.6175
1765749600,535.18,536.0,534.31,535.16,12.026
1765753200,536.0,536.85,529.44,533.0,467.4194
1765756800,534.14,535.79,532.54,535.58,95.125
1765760400,535.39,539.32,534.57,538.55,25.8456
1765764000,541.37,546.52,539.01,539.95,49.2556
1765767600,539.31,539.37,537.83,538.54,34.1414
1765771200,538.7,540.87,538.01,540.82,40.7549
1765774800,540.49,541.26,540.44,540.57,65.4315
1765778400,541.33,542.88,540.72,542.78,53.2305
1765782000,542.52,542.52,542.5,542.51,79.625
1765785600,542.68,544.0,542.51,543.21,7.5809
1765789200,543.0,544.87,543.0,544.87,4.7631
1765792800,544.87,544.99,543.02,544.0,41.676
1765796400,544.01,544.63,543.0,543.0,169.3
1765800000,543.0,545.61,542.51,545.18,67.4513
1765803600,544.21,546.46,542.5,545.29,114.5553
1765807200,544.59,555.29,535.0,536.11,177.8465
1765810800,534.14,535.03,522.0,522.01,614.7885
1765814400,522.54,523.09,518.41,519.78,351.3024
1765818000,521.75,521.75,514.02,514.57,151.953
1765821600,514.41,515.88,510.28,514.35,193.799
1765825200,517.15,518.0,514.0,515.03,184.9791
1765828800,513.02,515.76,513.0,515.76,46.1938
1765832400,514.82,519.66,514.77,517.9,45.7708
1765836000,517.66,520.12,517.28,518.31,23.1432
1765839600,520.41,526.35,520.41,526.23,149.3188
1765843200,526.11,526.84,520.0,520.0,119.7771
1765846800,520.0,521.44,517.02,518.98,189.8801
1765850400,518.94,522.0,518.94,521.01,11.2138
1765854000,521.01,521.01,515.0,518.0,358.2738
1765857600,518.0,519.75,513.52,517.0,152.5008
1765861200,517.0,519.31,517.0,518.76,260.2832
1765864800,519.0,523.12,519.0,522.97,149.7384
1765868400,523.0,523.0,516.48,516.5,123.4191
1765872000,516.08,519.2,516.08,516.46,48.1978
1765875600,517.44,519.29,517.06,518.26,32.5459
1765879200,519.44,527.5,519.18,527.5,281.2229
1765882800,526.69,528.78,525.86,528.13,117.1046
1765886400,527.76,527.99,526.19,527.7,350.2209
1765890000,527.03,530.27,521.47,521.47,495.6049
1765893600,520.01,528.64,518.25,528.64,173.6826
1765897200,526.78,532.13,523.85,532.13,93.1669
1765900800,531.64,531.64,526.26,526.82,144.1467
1765904400,526.39,526.39,522.42,522.42,31.785
1765908000,524.38,526.88,522.0,526.88,22.3847
1765911600,523.75,523.75,521.1,521.46,16.5739
1765915200,523.81,527.79,523.81,527.79,1.7497
1765918800,528.53,528.53,528.53,528.53,0.0871
1765922400,528.78,528.78,527.82,527.89,4.4014
1765926000,527.24,531.27,527.24,531.26,65.4413
1765929600,528.02,529.08,526.7,529.08,9.4669
1765933200,528.77,530.36,528.02,528.02,117.1195
1765936800,528.95,529.98,527.23,529.98,20.4071
1765940400,530.0,530.0,526.23,526.24,24.3193
1765944000,525.51,525.87,522.3,522.98,73.8094
1765947600,522.98,523.25,521.06,522.8,262.5791
1765951200,523.51,524.34,522.66,523.42,57.6827
1765954800,523.41,525.77,523.41,525.65,131.0784
1765958400,525.01,525.01,520.31,520.31,58.57
1765962000,520.12,520.23,517.01,519.46,174.3949
1765965600,519.23,519.44,518.38,519.1,45.9285
1765969200,519.01,523.15,519.01,523.0,66.51
1765972800,523.16,524.97,522.18,524.04,107.1501
1765976400,524.17,529.16,523.4,529.16,58.6323
1765980000,529.98,542.1,523.36,542.1,801.5885
1765983600,542.1,548.0,518.99,518.99,950.8291
1765987200,520.99,524.62,509.99,512.21,668.9223
1765990800,512.4,513.21,503.09,504.89,444.5521
1765994400,505.92,507.4,501.03,501.04,170.1042
1765998000,501.03,502.33,499.22,501.75,802.7178
1766001600,502.87,507.23,502.61,503.75,119.9134
1766005200,505.44,505.44,502.0,503.23,51.171
1766008800,503.22,507.49,502.34,507.49,73.1975
1766012400,507.23,507.23,505.01,505.43,280.5945
1766016000,506.24,508.07,505.43,508.07,97.076
1766019600,507.88,508.39,506.01,507.22,110.9611
1766023200,507.02,509.23,507.0,508.38,89.2956
1766026800,508.56,508.83,507.0,508.27,60.721
1766030400,508.06,508.96,506.79,508.1,249.8446
1766034000,507.84,507.84,503.01,503.01,93.9395
1766037600,503.01,504.17,503.0,503.58,68.8413
1766041200,503.94,505.69,503.01,503.78,93.7054
1766044800,503.01,505.84,503.01,504.33,323.8999
1766048400,504.0,507.09,503.84,507.09,136.1044
1766052000,507.0,509.06,506.99,508.21,70.5151
1766055600,508.22,508.69,507.0,508.47,175.313
1766059200,509.46,510.5,508.8,509.26,223.8052
1766062800,510.5,520.0,510.5,518.88,325.7203
1766066400,520.0,524.75,512.4,516.46,637.831
1766070000,516.26,528.79,516.26,522.46,348.2892
1766073600,522.14,522.51,517.2,520.75,274.9893
1766077200,515.5,515.5,496.0,502.31,552.0924
1766080800,503.47,505.51,498.0,498.01,42.3731
1766084400,498.04,498.04,483.0,483.48,498.0688
1766088000,487.21,487.88,481.0,481.0,230.4795
1766091600,481.08,491.35,481.08,491.35,224.7606
1766095200,491.45,492.35,489.63,492.02,48.651
1766098800,492.01,492.01,490.02,490.91,242.4384
1766102400,490.91,491.53,484.51,485.23,465.2019
1766106000,485.43,485.84,483.0,485.58,232.2023
1766109600,485.02,487.63,483.49,487.33,139.8401
1766113200,490.0,501.1,489.92,496.36,643.03
1766116800,497.29,503.07,496.87,503.07,93.468
1766120400,502.32,503.91,499.43,501.0,58.8607
1766124000,501.63,505.0,500.15,504.37,70.6558
1766127600,505.0,511.85,505.0,508.05,180.1497
1766131200,508.45,512.09,507.91,510.59,117.5235
1766134800,510.15,510.51,508.84,509.12,45.2785
1766138400,509.53,510.28,509.13,509.68,102.5349
1766142000,509.7,512.7,509.56,512.02,46.5105
1766145600,512.07,514.63,510.51,513.97,111.7487
1766149200,514.26,515.98,512.99,514.74,135.9464
1766152800,514.99,516.09,509.53,512.03,254.4732
1766156400,513.96,519.96,509.53,510.85,127.8941
1766160000,512.26,515.21,511.0,511.0,115.3307
1766163600,510.25,512.76,504.26,506.12,94.0638
1766167200,504.66,509.21,504.33,508.75,193.5187
1766170800,509.18,514.8,509.18,514.8,43.3645
1766174400,514.51,520.0,514.51,518.5,91.2397
1766178000,517.42,517.42,515.89,516.62,42.0681
1766181600,517.41,517.58,517.05,517.23,47.2412
1766185200,515.34,515.46,513.91,514.3,53.06
1766188800,514.3,514.3,512.77,512.82,3.9566
1766192400,512.77,513.44,512.01,512.01,48.9658
1766196000,512.01,513.31,511.34,512.89,70.2044
1766199600,512.71,514.97,511.33,514.04,73.4603
1766203200,514.0,514.61,513.01,514.01,36.9477
1766206800,514.29,516.56,514.13,514.94,46.656
1766210400,514.9,515.9,513.87,514.86,100.9472
1766214000,515.09,515.12,513.92,514.96,31.5746
1766217600,514.73,517.28,514.73,516.21,61.9813
1766221200,516.2,516.9,516.2,516.2,87.1198
1766224800,516.01,516.01,513.73,514.89,5.2828
1766228400,514.21,516.25,514.21,516.25,81.1672
1766232000,516.1,516.1,515.09,515.09,26.1863
1766235600,515.83,515.96,513.01,514.94,108.6698
1766239200,514.51,515.83,511.47,515.63,63.5465
1766242800,515.63,516.0,515.01,516.0,14.771
1766246400,516.0,516.0,515.03,515.29,11.0028
1766250000,515.43,515.74,514.17,514.17,490.1715
1766253600,514.02,514.02,513.44,513.72,23.8165
1766257200,513.37,514.38,513.37,514.38,4.586
1766260800,514.01,515.04,514.01,515.04,1.7584
1766264400,514.64,515.42,514.64,515.42,0.6268
1766268000,515.25,515.25,513.03,513.53,4.8197
1766271600,513.65,513.65,513.0,513.14,26.5306
1766275200,513.14,514.35,513.13,513.44,10.5284
1766278800,513.71,513.86,511.33,511.33,23.7477
1766282400,511.32,511.32,509.03,509.52,57.4519
1766286000,510.64,512.59,510.63,511.2,12.2054
1766289600,510.92,511.5,510.92,511.01,7.2074
1766293200,511.0,511.41,510.78,511.33,16.609
1766296800,511.0,511.25,511.0,511.03,17.4655
1766300400,511.03,511.98,511.03,511.04,23.9809
1766304000,511.03,512.57,511.0,512.28,40.2132
1766307600,513.42,513.5,512.51,513.5,57.1628
1766311200,515.24,515.49,512.77,512.77,160.2155
1766314800,512.43,512.47,512.01,512.01,18.733
1766318400,512.09,514.41,511.73,511.73,54.7003
1766322000,511.81,511.81,502.0,504.82,529.238
1766325600,504.75,508.54,504.75,508.28,58.2442
1766329200,507.0,509.69,506.37,509.69,13.0269
1766332800,510.4,512.11,509.04,511.6,9.5919
1766336400,511.67,514.0,511.67,512.31,44.7945
1766340000,509.56,510.26,507.15,510.26,151.71
1766343600,510.41,511.94,510.41,511.94,1.9335
1766347200,512.13,512.13,511.08,511.08,0.3067
1766350800,510.71,510.71,509.85,509.85,21.4019
1766354400,509.41,512.25,509.41,512.25,4.6535
1766358000,513.09,514.73,512.26,513.63,1.2607
1766361600,513.65,522.09,513.65,516.0,80.0353
1766365200,515.0,518.62,515.0,516.0,92.7943
1766368800,515.0,515.0,508.47,511.8,117.0116
1766372400,511.76,514.6,511.76,514.35,46.6969
1766376000,513.68,515.32,513.68,514.98,19.0388
1766379600,516.65,516.65,515.01,515.78,12.1161
1766383200,515.0,515.77,513.5,513.5,119.3794
1766386800,513.51,515.77,513.51,514.53,102.2189
1766390400,514.52,518.69,512.16,512.16,125.9108
1766394000,512.01,514.81,512.01,514.81,85.9907
1766397600,513.74,517.01,513.74,517.01,28.8319
1766401200,517.0,519.25,516.51,518.63,48.8319
1766404800,518.63,519.5,516.64,517.38,71.319
1766408400,517.39,517.94,516.18,517.93,36.1799
1766412000,518.01,521.99,515.5,520.07,291.8191
1766415600,521.09,523.0,516.9,521.8,148.4692
1766419200,522.44,522.44,519.01,519.01,64.4732
1766422800,519.0,519.0,515.42,516.9,26.0547
1766426400,518.24,518.58,515.53,515.53,188.2686
1766430000,515.51,515.51,510.02,510.02,49.2804
1766433600,510.02,510.02,509.41,509.41,200.7037
1766437200,509.41,512.61,509.41,511.47,24.883
1766440800,512.0,512.85,512.0,512.13,65.2867
1766444400,513.76,514.06,513.05,513.41,7.4321
1766448000,514.59,516.58,514.59,516.58,23.9457
1766451600,517.15,517.15,514.51,515.32,41.4035
1766455200,514.2,516.28,513.0,513.0,86.414
1766458800,513.0,514.25,510.62,512.7,104.0982
1766462400,512.19,513.66,511.56,511.56,44.9959
1766466000,511.0,511.0,509.0,509.38,142.9148
1766469600,509.43,509.86,507.03,507.15,62.3206
1766473200,507.23,508.0,506.13,507.11,37.033
1766476800,507.1,508.05,507.0,507.0,70.8317
1766480400,506.93,506.98,506.2,506.8,11.9646
1766484000,506.44,509.03,506.44,509.03,29.3163
1766487600,509.04,510.27,509.04,509.48,54.7085
1766491200,509.28,509.28,506.53,507.26,68.3528
1766494800,507.25,507.25,502.65,503.32,247.4745
1766498400,503.61,504.06,500.0,500.01,179.9598
1766502000,500.74,503.73,500.35,503.0,49.6545
1766505600,502.8,507.77,502.8,507.77,40.1132
1766509200,507.77,508.27,502.73,502.73,38.0809
1766512800,502.01,505.7,502.01,504.88,20.5608
1766516400,505.64,507.47,504.88,505.55,41.5503
1766520000,504.11,511.22,504.11,509.75,20.0049
1766523600,507.36,507.74,507.02,507.02,3.9659
1766527200,507.01,507.28,505.0,505.01,177.3684
1766530800,505.0,505.64,504.03,505.11,10.836
1766534400,505.2,506.12,504.81,504.81,14.4339
1766538000,504.83,504.97,501.15,501.15,127.3503
1766541600,501.52,501.52,497.17,498.46,513.8589
1766545200,498.45,499.32,496.61,499.32,281.2686
1766548800,499.19,499.94,495.66,495.66,51.793
1766552400,495.66,496.07,493.46,494.36,237.4355
1766556000,494.43,494.43,491.91,493.24,169.9954
1766559600,494.14,494.44,493.58,493.58,58.4911
1766563200,493.4,493.48,492.62,493.12,32.5126
1766566800,494.03,494.03,493.01,493.67,30.6131
1766570400,493.2,495.49,493.2,495.01,9.1574
1766574000,495.01,496.13,495.01,495.97,39.1147
1766577600,495.52,497.02,495.52,497.01,19.3476
1766581200,496.56,496.56,495.27,495.53,59.3938
1766584800,495.97,495.98,491.77,494.0,148.3714
1766588400,494.33,498.76,493.51,497.38,63.8801
1766592000,497.54,500.63,497.04,497.44,212.9732
1766595600,497.72,497.94,495.54,495.54,11.9516
1766599200,495.01,497.05,494.38,496.66,8.9172
1766602800,495.35,497.53,495.35,497.53,30.6439
1766606400,498.41,498.41,498.41,498.41,0.0055
1766610000,497.61,497.61,497.61,497.61,2.0107
1766613600,499.0,499.97,498.49,499.97,60.5695
1766617200,498.48,498.48,497.44,497.44,1.0455
1766620800,497.01,497.14,496.01,496.01,12.6123
1766624400,496.0,497.71,496.0,497.71,24.5034
1766628000,497.71,498.0,497.69,498.0,1.5608
1766631600,498.48,498.73,497.69,497.69,47.8127
1766635200,497.69,497.86,497.68,497.69,18.4287
1766638800,497.69,497.69,496.06,496.48,14.2933
1766642400,496.09,496.88,496.05,496.88,1.6083
1766646000,496.75,496.75,496.0,496.37,25.2552
1766649600,496.18,497.48,494.5,495.78,227.0465
1766653200,495.76,495.92,494.51,495.68,10.4785
1766656800,495.68,495.68,494.01,494.01,81.3911
1766660400,494.0,494.55,493.77,494.23,17.653
1766664000,494.14,494.91,494.02,494.91,35.9785
1766667600,494.91,495.81,494.8,495.25,65.3019
1766671200,495.26,495.95,494.36,495.16,80.3058
1766674800,495.16,502.64,495.16,501.38,168.9155
1766678400,502.14,504.21,500.5,501.14,37.2024
1766682000,500.81,500.81,498.15,498.87,5.1978
1766685600,499.36,502.0,499.36,502.0,3.4179
1766689200,502.0,502.0,500.92,500.92,1.0084
1766692800,500.75,500.75,498.87,499.83,3.769
1766696400,500.6,500.6,499.46,499.46,127.6404
1766700000,499.46,499.46,494.01,494.01,91.5158
1766703600,494.98,495.4,487.5,487.74,358.8547
1766707200,487.74,488.02,485.0,488.0,264.0963
1766710800,487.99,490.29,487.78,488.9,674.1699
1766714400,489.07,502.06,489.07,498.76,241.646
1766718000,498.53,499.66,495.8,495.86,68.167
1766721600,495.85,496.83,493.03,496.8,50.3036
1766725200,496.18,498.5,496.18,498.46,35.3893
1766728800,499.0,500.01,498.65,498.69,136.6069
1766732400,499.11,500.0,496.2,496.2,29.1521
1766736000,497.18,497.18,494.0,495.55,72.7575
1766739600,495.79,500.01,495.32,499.84,159.5133
1766743200,499.83,500.09,499.02,499.68,4.6015
1766746800,499.13,500.0,499.01,500.0,45.0295
1766750400,500.0,500.99,500.0,500.62,12.7747
1766754000,500.62,504.65,500.62,504.16,471.3078
1766757600,504.0,504.01,495.0,495.01,115.9307
1766761200,495.0,495.0,489.03,491.21,329.707
1766764800,493.45,494.79,493.43,493.43,4.462
1766768400,493.5,495.53,493.5,495.53,149.2252
1766772000,494.77,495.03,494.71,495.03,4.6588
1766775600,494.55,495.78,494.55,494.76,26.9552
1766779200,494.76,495.51,494.76,495.21,1.6079
1766782800,496.01,496.01,496.0,496.0,0.5148
1766786400,495.0,496.09,494.87,496.09,1.9228
1766790000,496.64,496.64,495.77,496.26,18.7001
1766793600,496.26,496.26,496.0,496.01,3.6885
1766797200,496.01,496.11,495.61,496.11,62.0646
1766800800,496.26,497.29,496.26,497.19,155.8679
1766804400,497.08,501.15,497.08,501.15,115.6514
1766808000,500.75,501.14,498.86,499.26,33.4215
1766811600,499.59,500.0,499.39,500.0,3.8181
1766815200,499.99,499.99,498.95,499.74,14.5731
1766818800,500.0,500.55,500.0,500.44,1.5133
1766822400,500.43,500.63,499.05,499.05,19.2771
1766826000,499.37,500.13,499.37,500.13,79.4133
1766829600,500.12,500.13,498.02,499.29,27.9036
1766833200,499.51,499.86,499.3,499.42,20.6983
1766836800,499.72,500.0,499.25,499.25,84.7085
1766840400,499.64,500.15,499.57,499.64,81.608
1766844000,499.6,500.27,499.27,500.04,25.5057
1766847600,500.04,501.15,500.03,501.01,36.1428
1766851200,501.01,501.12,499.29,499.29,83.0901
1766854800,499.6,500.11,499.28,500.11,3.2711
1766858400,500.64,500.8,499.76,500.71,42.8989
1766862000,500.12,500.99,500.05,500.99,8.3824
1766865600,500.99,502.01,500.99,502.0,16.7136
1766869200,502.15,503.99,502.15,503.99,131.8062
1766872800,504.0,504.65,502.54,502.54,120.8118
1766876400,503.04,505.49,503.04,505.49,176.4608
1766880000,505.28,505.28,504.49,504.49,20.8071
1766883600,504.49,504.49,503.01,503.01,59.2718
1766887200,503.15,504.27,503.15,503.73,9.7593
1766890800,503.7,503.7,503.04,503.27,5.7909
1766894400,503.27,503.76,503.27,503.69,4.8378
1766898000,503.5,503.5,501.86,501.86,94.2321
1766901600,501.91,502.6,501.91,502.6,45.3365
1766905200,502.59,503.42,502.59,503.42,149.7348
1766908800,503.9,505.0,503.9,503.91,46.9147
1766912400,503.91,504.25,503.89,503.89,19.6743
1766916000,503.75,504.93,503.75,504.7,24.6763
1766919600,504.95,505.0,504.19,504.89,5.112
1766923200,504.58,504.9,504.25,504.47,45.2239
1766926800,504.57,505.1,504.01,505.02,31.6904
1766930400,505.03,505.94,505.03,505.5,46.2719
1766934000,505.51,506.07,505.0,505.0,20.3758
1766937600,505.01,505.01,504.01,504.01,18.9209
1766941200,504.73,504.73,504.15,504.15,30.0429
1766944800,504.14,504.15,500.86,500.86,70.6657
1766948400,500.63,500.63,500.63,500.63,2.2597
1766952000,500.22,501.15,500.22,501.15,2.8831
1766955600,501.22,502.24,501.22,502.16,5.5761
1766959200,501.41,503.73,501.41,503.73,6.8051
1766962800,503.19,507.99,502.57,507.53,92.783
1766966400,507.01,517.98,507.01,514.9,454.6151
1766970000,514.87,524.09,511.74,521.0,253.7889
1766973600,521.38,522.5,518.84,521.31,156.7955
1766977200,521.33,522.73,520.04,520.04,183.8114
1766980800,521.1,522.78,519.56,519.56,152.6865
1766984400,520.14,520.14,516.16,516.53,43.4081
1766988000,516.46,517.8,516.32,516.54,39.001
1766991600,517.52,517.67,515.41,517.67,77.4138
1766995200,517.48,518.71,517.0,517.4,13.7545
1766998800,517.49,517.77,508.82,510.58,61.6303
1767002400,510.37,511.29,509.53,509.53,21.7148
1767006000,509.28,509.28,507.55,507.57,55.7736
1767009600,507.53,507.73,500.5,502.04,330.0917
1767013200,501.53,503.2,501.51,501.52,83.7214
1767016800,501.51,505.01,499.15,501.42,311.869
1767020400,501.5,503.01,500.89,502.0,215.0482
1767024000,501.45,502.25,499.01,500.74,35.9019
1767027600,501.96,502.87,499.8,502.87,3.6935
1767031200,502.86,502.99,500.35,500.35,6.1891
1767034800,500.35,500.59,499.51,500.28,9.2437
1767038400,501.73,501.73,500.21,500.97,1.0898
1767042000,501.83,502.3,501.82,502.3,6.0091
1767045600,502.06,502.3,502.06,502.3,3.1211
1767049200,502.1,502.29,502.09,502.09,15.2617
1767052800,502.09,502.09,500.07,500.66,197.4779
1767056400,500.65,501.34,500.0,501.01,28.7729
1767060000,501.0,501.0,499.0,499.85,131.3407
1767063600,499.86,501.43,499.07,501.43,110.7927
1767067200,501.43,502.02,501.43,502.02,155.4252
1767070800,502.01,502.02,499.54,500.4,88.7336
1767074400,500.21,502.02,500.21,501.56,52.4823
1767078000,501.56,502.99,501.55,501.87,196.8786
1767081600,503.0,504.99,503.0,503.98,16.2493
1767085200,504.4,504.4,502.39,503.7,45.2979
1767088800,504.0,504.0,502.57,503.53,14.3303
1767092400,502.56,503.13,501.96,501.96,21.5702
1767096000,501.99,502.61,501.56,501.56,23.3787
1767099600,501.55,502.02,501.01,501.83,12.4261
1767103200,501.83,505.0,499.59,504.68,58.8147
1767106800,504.31,505.0,501.16,505.0,59.4801
1767110400,505.0,510.34,504.46,506.91,53.6538
1767114000,507.09,508.58,505.0,505.0,12.1601
1767117600,504.01,504.01,502.01,502.64,0.5175
1767121200,502.0,502.29,501.0,501.99,3.2029
1767124800,502.45,503.2,502.45,503.2,3.3649
1767128400,501.01,501.01,499.53,499.53,16.0898
1767132000,499.95,501.98,499.95,500.81,3.331
1767135600,501.45,504.09,501.45,504.09,13.4778
1767139200,504.08,504.08,503.0,503.72,27.1792
1767142800,503.58,507.68,503.57,506.14,30.5505
1767146400,506.0,507.99,505.81,507.99,38.3372
1767150000,508.0,508.0,505.72,507.7,13.5285
1767153600,507.96,507.96,506.85,507.29,22.6916
1767157200,506.48,507.47,506.48,507.38,27.555
1767160800,507.48,508.7,507.47,508.02,40.9881
1767164400,508.01,508.77,508.0,508.71,43.5381
1767168000,508.71,509.57,506.9,507.58,196.4022
1767171600,508.0,510.99,508.0,510.99,68.1003
1767175200,511.0,511.14,510.12,511.0,11.1239
1767178800,511.0,512.15,510.99,512.15,47.5778
1767182400,512.14,512.15,511.01,511.01,29.9618
1767186000,511.01,511.25,510.14,511.25,32.8837
1767189600,511.74,514.68,509.0,509.55,290.0819
1767193200,509.82,509.97,508.0,509.95,51.9042
1767196800,509.0,509.0,505.24,506.1,69.8772
1767200400,506.1,507.49,506.01,506.84,32.8739
1767204000,507.08,509.13,507.08,507.08,23.7534
1767207600,506.72,508.1,506.0,506.0,2.7495
1767211200,505.06,507.99,502.47,502.48,278.4915
1767214800,504.62,504.81,504.62,504.81,2.491
1767218400,504.79,507.44,504.79,506.79,40.3824
1767222000,507.04,507.64,507.02,507.02,8.3689
1767225600,507.01,509.02,507.01,508.8,26.2814
1767229200,508.8,510.87,508.8,509.04,28.0388
1767232800,509.01,509.02,508.08,509.02,8.2779
1767236400,509.02,510.28,509.02,510.21,148.3623
1767240000,510.21,510.21,509.01,509.49,104.4354
1767243600,509.5,510.2,509.5,510.2,32.1106
1767247200,510.21,510.21,509.25,509.26,11.2664
1767250800,509.05,509.5,507.0,507.0,73.4376
1767254400,507.0,507.75,506.34,507.75,8.7248
1767258000,508.21,509.35,507.63,509.35,53.2135
1767261600,510.16,510.16,509.39,509.39,20.9829
1767265200,509.4,509.96,508.71,509.53,67.1861
1767268800,510.0,510.18,509.51,509.51,32.4422
1767272400,509.24,509.85,508.77,508.77,24.7158
1767276000,508.35,508.59,507.1,508.18,23.0682
1767279600,508.19,509.6,508.08,509.27,15.9632
1767283200,509.02,509.12,507.51,507.51,28.0941
1767286800,507.96,510.88,507.96,510.47,45.6292
1767290400,509.93,510.37,509.53,509.64,6.9501
1767294000,510.51,511.0,509.9,511.0,19.311
1767297600,511.0,511.85,510.22,510.22,21.3756
1767301200,510.44,511.24,510.28,510.28,3.8589
1767304800,510.83,512.18,510.28,512.18,21.9918
1767308400,512.18,517.14,512.08,516.15,73.6844
1767312000,516.14,516.85,514.6,515.31,82.4763
1767315600,515.39,515.53,512.69,513.47,80.6059
1767319200,513.0,513.77,511.99,513.77,45.1421
1767322800,513.46,518.15,513.46,517.17,87.9945
1767326400,517.87,517.88,515.02,515.3,35.5459
1767330000,515.02,516.0,515.0,516.0,60.8467
1767333600,516.0,516.96,516.0,516.01,67.8345
1767337200,516.07,516.85,514.55,514.99,22.7745
1767340800,514.98,517.92,514.98,517.92,69.0609
1767344400,518.0,523.9,517.51,523.9,237.9215
1767348000,523.9,524.0,521.76,522.0,30.4622
1767351600,521.01,521.01,518.55,518.92,63.3003
1767355200,518.53,520.59,518.5,520.28,25.2071
1767358800,520.27,520.43,519.64,520.21,37.5388
1767362400,519.68,523.31,514.73,521.26,170.6164
1767366000,521.88,523.82,516.34,522.01,101.5696
1767369600,522.0,531.88,522.0,529.17,522.2017
1767373200,530.55,533.19,529.01,531.0,212.8543
1767376800,531.0,533.0,529.01,529.01,63.9563
1767380400,529.02,532.4,529.02,532.03,6.5137
1767384000,532.03,532.65,530.68,530.68,6.387
1767387600,530.78,533.14,530.43,533.14,17.0886
1767391200,533.14,537.15,533.14,536.65,101.9832
1767394800,536.29,536.29,533.33,534.15,80.006
1767398400,534.15,536.94,534.15,536.0,99.2719
1767402000,536.01,537.14,535.25,535.9,76.0815
1767405600,536.13,537.91,534.85,537.63,135.5901
1767409200,537.63,538.15,535.36,537.86,166.58
1767412800,537.65,537.65,535.7,536.03,121.4441
1767416400,536.61,536.62,533.77,534.35,104.5393
1767420000,534.68,535.88,532.05,532.05,53.5067
1767423600,532.13,532.13,525.26,526.96,276.7792
1767427200,526.95,530.32,526.95,529.98,76.9904
1767430800,529.58,532.0,529.01,531.54,48.7859
1767434400,531.08,531.08,530.01,530.01,53.3995
1767438000,530.0,530.0,528.1,528.92,33.7902
1767441600,528.76,529.22,528.01,529.22,23.64
1767445200,529.92,530.35,529.52,530.35,34.0669
1767448800,530.35,533.58,530.34,533.01,111.6198
1767452400,533.01,533.18,532.0,532.33,19.3913
1767456000,532.4,533.01,532.4,533.01,15.4748
1767459600,533.01,533.2,533.01,533.19,2.4036
1767463200,533.18,533.79,533.02,533.54,17.3962
1767466800,533.0,533.01,533.0,533.0,5.7992
1767470400,533.0,533.34,532.98,533.34,7.1698
1767474000,533.52,536.0,533.52,536.0,231.2051
1767477600,535.91,539.88,535.64,538.0,1139.5508
1767481200,538.07,539.87,538.02,539.0,49.4445
1767484800,539.88,543.99,539.88,543.87,117.2518
1767488400,543.01,543.93,540.15,541.01,35.491
1767492000,541.6,541.6,540.34,540.81,31.8756
1767495600,541.22,543.92,540.85,543.92,49.0782
1767499200,543.74,544.15,543.51,544.09,186.5444
1767502800,543.76,544.15,543.51,544.12,127.0623
1767506400,544.02,545.0,541.63,541.63,51.8333
1767510000,541.6,542.41,541.32,542.09,17.1778
1767513600,542.09,542.9,540.43,542.9,106.4993
1767517200,542.89,544.0,542.02,543.14,21.2298
1767520800,543.29,545.1,543.29,545.1,63.2801
1767524400,544.8,545.09,544.43,544.5,54.9581
1767528000,544.51,545.88,544.46,544.46,81.5333
1767531600,544.45,544.45,542.23,544.23,43.285
1767535200,544.24,545.68,544.11,545.5,133.2231
1767538800,545.5,547.14,544.01,544.82,59.1743
1767542400,544.83,547.15,544.83,545.83,55.0103
1767546000,545.83,546.48,545.16,545.17,64.5137
1767549600,545.01,545.01,541.73,542.73,32.1378
1767553200,541.72,541.72,540.0,540.0,28.2063
1767556800,540.07,542.47,540.07,542.11,83.9855
1767560400,542.89,543.0,540.96,540.96,26.4078
1767564000,542.77,543.06,541.14,541.69,13.9428
1767567600,544.0,544.0,540.48,541.57,24.8534
1767571200,541.57,548.98,541.0,548.98,408.4939
1767574800,548.98,560.52,547.85,554.54,726.8598
1767578400,554.81,555.82,552.51,555.82,659.8443
1767582000,555.45,558.0,555.41,556.25,267.8671
1767585600,556.03,556.34,551.02,551.32,255.463
1767589200,552.41,553.72,551.0,551.0,71.843
1767592800,551.26,551.74,550.0,551.74,204.1193
1767596400,551.42,551.44,550.0,550.71,94.1526
1767600000,550.71,551.47,550.01,551.03,71.2025
1767603600,550.0,551.47,549.05,551.41,117.2028
1767607200,551.47,552.91,550.96,552.91,340.4986
1767610800,551.56,552.0,551.06,551.88,48.9264
1767614400,551.58,552.19,550.0,550.01,245.1686
1767618000,550.0,550.86,544.19,545.13,317.9267
1767621600,545.32,550.86,543.07,550.86,200.5288
1767625200,548.91,554.19,546.57,553.4,134.4237
1767628800,554.02,554.02,550.54,551.11,89.299
1767632400,550.55,555.0,548.0,555.0,120.9582
1767636000,554.96,555.55,551.7,555.55,168.6769
1767639600,555.54,560.99,555.54,560.99,212.4018
1767643200,560.99,563.5,558.63,559.07,533.3302
1767646800,559.98,562.0,559.59,561.84,25.4134
1767650400,561.84,563.45,561.73,562.72,126.2974
1767654000,562.73,562.73,560.0,560.0,82.0779
1767657600,559.13,559.13,554.48,556.04,183.2378
1767661200,556.05,565.0,556.05,556.36,705.5596
1767664800,556.36,558.0,556.12,556.31,41.9895
1767668400,556.31,560.24,556.3,559.17,140.8514
1767672000,559.16,561.0,559.0,559.26,242.2824
1767675600,559.01,565.0,558.49,563.86,235.816
1767679200,563.86,564.12,561.38,561.89,210.7744
1767682800,561.87,561.87,556.05,556.06,643.5397
1767686400,556.32,557.91,556.32,557.01,36.1719
1767690000,557.0,559.2,557.0,558.1,111.6623
1767693600,558.0,558.41,556.8,558.4,17.1631
1767697200,558.4,563.97,557.9,563.97,65.3771
1767700800,563.5,563.97,562.04,562.05,35.4079
1767704400,562.05,563.41,561.54,563.35,105.7603
1767708000,563.47,578.95,563.47,574.71,692.7762
1767711600,574.2,578.94,572.3,572.33,246.8973
1767715200,573.4,573.5,561.05,562.91,228.0229
1767718800,561.62,563.16,554.05,554.06,310.2843
1767722400,554.05,558.45,553.07,557.47,231.8813
1767726000,556.88,558.85,556.78,557.08,39.1808
1767729600,557.26,562.78,557.26,562.78,17.506
1767733200,562.73,573.2,561.91,568.71,86.6668
1767736800,568.22,568.22,565.63,567.04,43.1783
1767740400,567.15,570.15,567.15,570.15,106.8905
1767744000,570.15,571.15,567.12,567.15,90.324
1767747600,567.4,568.88,562.09,562.14,317.9295
1767751200,562.24,565.92,561.84,565.92,267.6559
1767754800,566.0,567.75,563.97,563.97,257.8563
1767758400,564.0,564.89,562.0,562.0,21.7227
1767762000,561.55,563.13,561.0,561.0,61.1255
1767765600,561.01,562.41,561.01,562.38,16.1004
1767769200,562.57,564.19,562.57,564.19,120.5555
1767772800,565.63,565.94,564.82,565.23,27.6733
1767776400,564.98,564.98,554.19,555.55,194.7193
1767780000,555.24,558.23,555.24,558.23,19.9687
1767783600,559.3,559.64,559.16,559.6,32.8969
1767787200,559.64,560.01,558.52,559.16,40.7817
1767790800,559.18,560.8,558.34,559.47,53.0014
1767794400,559.5,559.9,555.04,559.9,197.8995
1767798000,559.77,559.77,550.0,551.41,257.1677
1767801600,551.9,553.0,550.01,550.66,59.3578
1767805200,550.03,552.79,550.03,550.94,46.6659
1767808800,550.0,550.44,548.4,548.4,148.4379
1767812400,548.52,552.14,546.54,552.1,66.202
1767816000,552.06,552.06,549.01,551.7,30.4389
1767819600,551.99,553.52,551.99,553.51,1.8129
1767823200,552.36,554.59,551.94,553.61,30.023
1767826800,553.95,555.47,551.99,554.13,37.1321
1767830400,554.13,554.59,552.1,554.59,99.2718
1767834000,555.29,556.95,555.29,555.84,51.5165
1767837600,555.67,559.72,555.22,559.01,285.6777
1767841200,559.07,560.75,555.68,555.68,63.8443
1767844800,555.54,560.99,554.07,560.07,79.7951
1767848400,559.53,560.17,556.06,556.07,71.6204
1767852000,556.05,556.05,549.0,549.0,541.5678
1767855600,548.73,552.14,546.0,552.13,156.1586
1767859200,552.15,552.82,550.01,550.01,418.7997
1767862800,550.09,551.27,547.2,547.2,100.2353
1767866400,547.37,550.0,546.01,550.0,73.0894
1767870000,549.83,550.16,546.84,548.45,117.7321
1767873600,547.74,547.74,545.07,545.64,49.8444
1767877200,545.67,547.21,545.03,547.21,111.7128
1767880800,546.69,546.69,541.06,545.42,255.5707
1767884400,543.23,555.0,543.23,555.0,878.4957
1767888000,555.15,560.15,555.15,560.15,562.0843
1767891600,560.55,563.15,558.73,563.15,99.9027
1767895200,563.15,564.12,562.0,562.0,12.6245
1767898800,560.84,561.18,558.49,561.1,11.2009
1767902400,555.94,557.24,555.93,557.24,44.5332
1767906000,559.79,566.15,559.79,566.15,30.7606
1767909600,566.7,568.0,561.63,563.86,128.704
1767913200,563.7,563.87,561.4,561.61,53.9757
1767916800,561.74,565.45,561.74,565.19,201.3448
1767920400,565.19,565.54,560.09,562.03,180.6614
1767924000,561.85,566.43,561.85,564.4,60.6564
1767927600,564.48,572.0,564.48,571.67,173.8138
1767931200,571.52,572.0,567.5,567.5,44.0485
1767934800,568.24,568.55,566.39,567.0,20.3561
1767938400,567.0,571.97,567.0,570.98,451.5677
1767942000,571.09,571.1,568.09,568.09,207.4075
1767945600,566.33,566.34,558.82,558.83,336.4273
1767949200,565.23,565.23,563.31,563.83,170.871
1767952800,563.03,564.94,562.57,564.15,273.3436
1767956400,564.15,564.15,562.39,562.76,23.7014
1767960000,563.82,563.82,560.16,560.74,27.7325
1767963600,560.62,565.34,560.62,564.21,524.7193
1767967200,563.87,563.87,556.14,556.14,71.814
1767970800,556.87,571.99,555.77,562.61,305.5258
1767974400,564.59,568.97,564.59,568.97,106.4341
1767978000,568.55,568.72,559.7,563.65,172.1728
1767981600,563.24,563.24,554.03,556.04,71.7483
1767985200,553.05,553.4,553.05,553.11,6.8099
1767988800,552.5,552.5,551.05,552.23,21.5836
1767992400,551.91,553.48,551.91,553.03,3.7351
1767996000,553.52,554.26,552.18,554.08,7.4499
1767999600,554.85,554.85,553.7,553.7,18.8912
1768003200,553.45,553.71,552.71,553.24,55.1446
1768006800,553.7,555.23,553.32,555.23,128.2626
1768010400,555.23,556.0,555.0,555.0,28.3588
1768014000,555.1,555.1,554.31,554.95,20.1844
1768017600,554.66,554.66,554.0,554.01,28.558
1768021200,554.01,554.89,554.01,554.8,6.061
1768024800,554.41,554.53,554.4,554.53,2.0443
1768028400,554.51,555.1,554.4,554.49,61.3486
1768032000,554.63,554.82,554.13,554.68,131.411
1768035600,555.11,556.39,555.01,556.39,26.9904
1768039200,556.47,558.13,556.29,557.87,27.8056
1768042800,557.41,557.8,557.01,557.01,11.9526
1768046400,557.77,558.02,557.03,557.37,10.2904
1768050000,557.04,557.05,556.03,556.51,14.724
1768053600,556.13,556.47,556.01,556.02,12.7612
1768057200,556.02,557.07,556.01,556.92,18.5572
1768060800,557.18,557.51,556.07,557.5,23.3955
1768064400,556.92,557.9,556.88,556.88,7.8824
1768068000,556.88,556.88,556.28,556.29,14.6909
1768071600,556.11,556.11,555.69,555.81,8.9293
1768075200,555.48,555.48,555.48,555.48,1.98
1768078800,555.25,555.25,555.03,555.03,21.899
1768082400,555.02,555.2,554.0,555.2,47.5207
1768086000,554.66,555.69,554.66,555.69,20.9074
1768089600,555.01,557.27,555.01,557.27,4.9887
1768093200,557.39,557.39,556.13,556.4,4.7652
1768096800,556.61,556.63,555.33,555.33,9.4997
1768100400,555.37,556.46,555.01,556.46,5.5827
1768104000,556.46,556.7,555.58,555.76,25.261
1768107600,555.76,555.76,555.75,555.76,2.0951
1768111200,555.76,555.76,555.7,555.75,18.9411
1768114800,555.75,555.85,555.7,555.85,46.7472
1768118400,555.85,558.14,555.85,558.14,60.6874
1768122000,558.15,558.15,557.16,557.27,66.4655
1768125600,557.68,558.06,557.03,558.06,16.868
1768129200,558.06,558.15,558.06,558.14,29.9665
1768132800,558.14,559.15,558.14,558.99,35.6145
1768136400,559.0,560.13,559.0,560.0,77.5085
1768140000,560.01,568.0,560.01,567.92,78.6493
1768143600,568.0,568.15,563.59,564.92,74.6406
1768147200,565.02,576.99,565.02,571.08,437.6443
1768150800,570.22,570.73,568.31,569.44,50.8456
1768154400,568.44,569.0,567.84,569.0,3.4847
1768158000,571.0,571.0,569.45,570.03,32.669
1768161600,566.62,566.62,563.79,563.79,80.1333
1768165200,563.58,564.88,563.58,564.88,3.0409
1768168800,565.0,565.34,562.48,564.78,29.4751
1768172400,564.35,569.99,563.6,569.99,173.2864
1768176000,569.98,575.6,568.08,575.6,430.0967
1768179600,576.0,578.0,574.59,574.59,175.1556
1768183200,574.6,579.97,574.6,579.97,299.281
1768186800,579.98,585.0,579.98,580.02,760.0302
1768190400,580.07,580.53,580.07,580.51,36.409
1768194000,580.51,581.5,580.04,580.04,48.9168
1768197600,580.03,581.0,577.0,577.0,34.482
1768201200,576.51,577.53,575.05,575.05,122.7104
1768204800,575.01,577.07,566.45,568.78,260.6504
1768208400,568.79,569.52,566.91,567.91,184.8053
1768212000,567.15,569.36,566.22,566.22,88.5619
1768215600,566.78,569.9,566.78,569.9,64.1138
1768219200,569.81,570.2,569.0,569.0,93.2495
1768222800,569.0,569.43,568.03,568.71,101.597
1768226400,568.75,571.22,566.06,571.13,381.725
1768230000,572.05,580.69,571.15,579.67,104.3345
1768233600,580.7,585.15,579.54,581.69,234.5579
1768237200,582.14,583.4,575.05,577.4,139.1143
1768240800,576.23,579.99,573.05,574.04,64.2144
1768244400,573.06,573.84,573.06,573.6,3.0502
1768248000,573.05,573.05,571.05,571.05,18.7831
1768251600,570.08,570.08,564.0,564.46,97.9179
1768255200,566.22,568.09,566.09,566.18,275.4374
1768258800,566.17,566.67,564.42,565.36,21.5907
1768262400,565.21,565.33,565.0,565.33,146.5355
1768266000,566.53,566.84,563.55,564.13,191.865
1768269600,565.57,565.57,561.81,562.0,46.1709
1768273200,562.21,563.0,561.05,563.0,52.6571
1768276800,562.99,564.6,562.57,564.6,62.7388
1768280400,565.26,570.13,564.52,568.0,20.717
1768284000,569.47,570.14,568.8,570.13,148.9152
1768287600,570.14,570.15,568.61,568.61,127.6682
1768291200,568.53,574.41,568.41,574.41,57.8969
1768294800,574.56,579.15,574.56,575.81,73.7747
1768298400,576.25,577.84,576.15,576.74,33.0925
1768302000,576.07,576.56,575.68,576.56,5.9983
1768305600,576.04,577.43,575.51,577.43,29.9937
1768309200,576.11,580.77,576.0,578.66,337.5186
1768312800,576.89,582.13,575.5,576.67,184.2691
1768316400,576.0,582.01,574.13,581.59,349.9266
1768320000,581.63,583.33,580.14,581.79,279.6791
1768323600,579.84,582.32,577.24,578.4,16.5624
1768327200,577.7,581.37,577.7,580.05,33.5068
1768330800,580.31,582.75,579.51,582.75,24.3541
1768334400,582.74,582.74,578.95,578.95,42.1999
1768338000,582.75,582.76,580.26,580.26,19.2466
1768341600,580.5,596.99,580.5,592.86,893.8899
1768345200,594.3,594.4,584.67,586.85,202.5745
1768348800,586.53,589.87,583.34,585.6,238.4417
1768352400,585.58,589.15,585.58,587.83,125.8328
1768356000,588.72,590.58,586.51,586.51,109.4338
1768359600,586.5,588.99,586.02,588.99,140.223
1768363200,589.0,589.13,585.0,585.0,183.1948
1768366800,585.01,585.25,583.05,583.05,102.0319
1768370400,583.05,583.05,581.05,582.99,70.4335
1768374000,583.0,584.58,581.35,583.0,143.5917
1768377600,583.0,584.99,583.0,583.69,90.2779
1768381200,584.08,586.81,584.08,586.18,35.8498
1768384800,586.22,586.71,583.59,585.67,120.5324
1768388400,583.67,583.67,581.06,581.06,21.6854
1768392000,581.05,584.19,580.25,584.19,110.4247
1768395600,583.47,584.57,583.47,583.48,5.575
1768399200,583.48,595.85,583.47,592.91,291.0241
1768402800,592.9,595.52,590.07,593.73,218.1318
1768406400,594.71,598.0,594.0,594.0,224.5383
1768410000,594.0,595.87,589.06,589.06,126.1321
1768413600,591.44,593.36,588.0,591.26,66.9295
1768417200,591.98,592.48,591.69,591.69,11.9334
1768420800,592.13,594.96,592.13,594.2,5.7294
1768424400,593.55,594.23,593.55,594.23,0.3529
1768428000,592.34,592.85,589.01,590.56,37.1471
1768431600,591.0,593.04,590.0,592.0,84.2409
1768435200,590.64,590.64,587.18,588.8,216.2559
1768438800,589.81,590.13,585.06,585.77,217.1915
1768442400,586.27,587.81,583.41,583.42,289.2998
1768446000,583.44,583.44,579.24,579.34,422.3362
1768449600,579.35,583.22,579.35,583.22,46.4465
1768453200,583.92,584.91,583.47,583.99,122.8414
1768456800,584.71,584.99,582.67,583.25,138.7332
1768460400,582.8,587.0,582.8,586.15,68.7708
1768464000,587.0,587.0,584.0,585.98,245.0994
1768467600,585.55,589.99,585.42,589.99,76.0555
1768471200,589.17,589.17,588.05,588.65,29.6732
1768474800,588.96,588.96,586.19,586.26,82.3764
1768478400,585.79,587.04,585.0,585.93,62.7398
1768482000,585.26,587.66,585.15,587.61,56.097
1768485600,587.5,589.21,582.0,582.94,85.2058
1768489200,582.86,582.86,574.13,579.87,1514.9228
1768492800,580.14,581.15,578.04,581.14,62.826
1768496400,580.13,582.15,577.3,577.3,30.0395
1768500000,577.3,577.3,574.0,574.01,106.8451
1768503600,573.05,573.82,571.22,571.22,569.1845
1768507200,573.58,573.58,570.0,572.36,63.1956
1768510800,573.15,574.25,573.15,574.25,239.188
1768514400,576.21,576.98,575.85,576.39,39.0213
1768518000,576.39,577.15,575.91,577.14,10.0985
1768521600,577.14,578.23,577.13,578.18,23.1679
1768525200,578.15,578.39,576.23,578.03,32.5213
1768528800,577.74,577.74,575.26,576.63,10.4294
1768532400,576.63,578.3,576.6,576.88,119.5279
1768536000,576.87,578.92,575.0,575.0,146.7289
1768539600,574.62,581.12,574.22,581.12,286.3133
1768543200,579.7,581.42,579.42,581.25,236.3067
1768546800,580.66,581.26,578.28,579.07,493.5164
1768550400,580.15,580.99,579.87,579.87,11.4782
1768554000,580.5,580.51,579.35,579.82,5.5729
1768557600,580.19,580.19,579.35,579.35,9.9941
1768561200,580.45,580.56,579.57,579.99,57.6148
1768564800,580.0,583.09,580.0,582.54,47.4536
1768568400,582.02,582.02,580.01,580.02,21.2691
1768572000,580.67,582.55,580.2,580.84,50.569
1768575600,580.0,582.17,571.0,571.55,113.5443
1768579200,574.02,575.4,574.02,575.35,20.3789
1768582800,575.7,580.15,574.56,580.15,41.2854
1768586400,580.8,583.48,580.64,583.48,127.7098
1768590000,582.16,584.69,582.12,584.69,24.7199
1768593600,583.41,586.15,582.92,586.15,15.3221
1768597200,587.0,588.98,587.0,588.98,54.2371
1768600800,588.4,588.4,586.53,586.93,43.9975
1768604400,587.94,588.74,587.53,587.7,8.4488
1768608000,586.51,587.06,585.61,585.69,14.6232
1768611600,585.38,587.05,585.38,587.05,13.0143
1768615200,587.05,587.05,585.66,586.75,44.2362
1768618800,586.4,586.4,585.93,585.93,1.0822
1768622400,586.07,586.08,585.45,585.49,8.8165
1768626000,585.51,585.51,584.22,584.22,32.9936
1768629600,584.38,584.54,584.15,584.16,35.2816
1768633200,584.16,584.16,584.16,584.16,1.6635
1768636800,583.44,585.23,583.44,584.96,50.9554
1768640400,585.02,586.27,584.85,586.27,61.0438
1768644000,586.34,586.34,583.37,583.87,19.3635
1768647600,584.08,584.73,582.77,584.71,146.6701
1768651200,583.95,584.23,583.13,583.17,6.8662
1768654800,583.13,584.03,582.94,584.03,5.3918
1768658400,584.01,584.54,583.6,583.73,117.5749
1768662000,583.84,584.95,582.96,584.95,83.6967
1768665600,584.87,585.1,583.79,583.91,60.453
1768669200,584.63,584.89,584.23,584.89,35.2499
1768672800,584.14,584.78,584.14,584.75,19.1697
1768676400,584.75,584.75,584.75,584.75,0.0
1768680000,585.13,585.13,584.86,584.86,0.1623
1768683600,585.35,585.63,585.26,585.63,0.0934
1768687200,585.4,585.4,583.19,583.19,9.8493
1768690800,583.59,583.59,583.2,583.2,7.7912
1768694400,583.2,583.2,582.05,582.05,28.0971
1768698000,582.05,582.05,578.05,578.7,86.8744
1768701600,579.66,579.91,577.09,577.55,36.1294
1768705200,578.51,578.99,577.86,578.63,9.4421
1768708800,578.99,579.27,578.76,579.27,4.1442
1768712400,578.78,579.17,578.76,579.17,12.8555
1768716000,578.76,578.76,578.07,578.07,14.384
1768719600,578.04,578.04,577.05,577.05,11.6736
1768723200,577.05,577.05,576.02,576.02,21.5045
1768726800,577.31,578.6,577.02,578.6,48.9943
1768730400,577.14,577.14,577.01,577.11,61.5072
1768734000,577.05,577.56,577.05,577.18,5.4559
1768737600,577.29,577.57,577.13,577.14,15.0134
1768741200,577.13,577.59,577.11,577.59,34.0531
1768744800,577.51,578.72,575.99,576.0,43.0416
1768748400,576.0,576.92,575.33,576.39,23.1429
1768752000,576.22,577.09,576.22,576.84,58.2802
1768755600,576.86,577.29,576.85,577.26,69.8158
1768759200,577.9,578.37,577.61,578.37,12.7697
1768762800,580.0,580.32,577.34,577.57,20.2451
1768766400,577.47,578.33,577.47,578.18,0.6359
1768770000,578.62,579.36,578.62,579.31,4.4972
1768773600,579.2,579.95,578.89,579.87,40.5715
1768777200,579.15,579.15,561.0,561.01,2150.2732
1768780800,561.01,561.01,545.0,546.01,2217.6078
1768784400,546.01,547.46,544.06,544.31,406.5479
1768788000,545.65,545.65,544.44,544.72,135.55
1768791600,544.77,545.81,544.71,545.0,157.1922
1768795200,544.9,544.9,544.0,544.41,45.7753
1768798800,544.17,544.3,543.2,543.2,152.7275
1768802400,543.2,543.2,541.0,542.13,174.3106
1768806000,542.52,543.01,542.1,542.92,78.8739
1768809600,542.92,544.44,542.46,543.95,73.1154
1768813200,543.91,543.95,543.03,543.03,21.6
1768816800,543.05,543.22,543.02,543.02,45.738
1768820400,543.0,544.91,543.0,544.19,122.5004
1768824000,544.11,544.34,543.02,544.13,25.002
1768827600,544.14,544.14,543.01,543.01,56.9822
1768831200,543.01,543.02,541.03,542.01,25.3228
1768834800,542.02,542.11,542.02,542.1,41.5313
1768838400,542.11,544.92,541.82,544.92,36.7587
1768842000,544.31,544.31,544.01,544.12,7.2437
1768845600,544.0,544.0,543.39,543.39,1.5393
1768849200,545.0,545.48,545.0,545.02,8.3707
1768852800,546.71,546.71,546.55,546.55,5.9478
1768856400,546.1,546.1,543.56,543.56,17.8352
1768860000,543.3,543.44,540.0,540.32,43.1326
1768863600,540.0,542.33,539.37,540.6,218.9418
1768867200,540.57,542.12,540.0,541.51,31.41
1768870800,541.86,543.7,540.28,542.35,94.4626
1768874400,542.08,542.94,540.63,542.32,60.9842
1768878000,542.32,544.53,541.11,544.52,35.3896
1768881600,543.21,543.21,540.0,540.06,145.0541
1768885200,540.02,540.02,537.5,538.82,74.2995
1768888800,538.32,538.32,531.74,531.75,163.1422
1768892400,531.75,533.4,530.34,530.34,231.3348
1768896000,530.05,530.05,521.05,522.78,522.0343
1768899600,521.9,522.7,521.35,522.19,63.0584
1768903200,521.76,523.36,521.76,522.52,51.6845
1768906800,523.3,523.3,522.0,522.03,67.6212
1768910400,522.06,524.44,522.06,523.88,121.1575
1768914000,523.87,523.87,521.0,521.07,24.8059
1768917600,521.72,524.36,520.06,523.19,202.9104
1768921200,523.05,523.05,517.23,518.78,202.0089
1768924800,519.29,520.87,514.08,516.54,84.1002
1768928400,516.75,519.16,514.22,516.38,148.3044
1768932000,516.59,518.34,516.59,516.83,128.1496
1768935600,517.57,517.88,515.32,516.91,48.9341
1768939200,516.92,519.77,516.92,519.77,16.6017
1768942800,519.14,519.42,516.29,516.29,43.5772
1768946400,516.69,517.14,508.0,512.89,308.223
1768950000,512.36,513.4,511.79,511.79,131.4002
1768953600,512.72,518.37,511.99,517.71,72.1995
1768957200,517.75,519.58,517.68,518.41,189.0417
1768960800,518.72,519.88,516.84,517.18,97.8058
1768964400,517.45,519.73,517.35,519.51,80.8453
1768968000,519.5,520.14,519.45,520.14,20.2514
1768971600,520.08,523.02,520.08,522.39,68.8937
1768975200,522.37,522.48,521.87,522.0,154.055
1768978800,522.0,522.1,520.07,520.07,104.8135
1768982400,520.07,520.07,517.17,517.29,151.7305
1768986000,517.47,518.84,517.47,518.3,15.1632
1768989600,518.25,519.8,518.25,519.16,8.6346
1768993200,519.15,519.15,516.41,516.41,39.3506
1768996800,516.27,517.07,513.66,517.07,156.2632
1769000400,516.97,517.29,515.27,516.12,20.7954
1769004000,516.11,524.16,516.08,524.16,63.8342
1769007600,525.01,530.0,525.01,528.34,163.2036
1769011200,528.09,528.09,510.05,510.05,191.055
1769014800,511.79,515.44,509.02,515.44,135.412
1769018400,515.49,518.2,514.49,518.2,0.869
1769022000,518.04,532.48,517.3,531.96,103.9621
1769025600,532.91,532.91,528.0,530.43,58.9616
1769029200,530.36,533.15,530.36,530.67,30.0208
1769032800,531.12,532.64,529.09,529.3,78.7183
1769036400,529.79,529.79,524.99,524.99,61.8314
1769040000,525.3,527.35,525.3,526.47,63.3382
1769043600,526.41,528.1,526.09,526.95,26.1626
1769047200,526.96,528.33,525.77,525.77,43.3123
1769050800,526.0,526.99,525.09,525.53,85.5989
1769054400,525.9,527.7,525.85,527.54,95.6595
1769058000,527.42,527.42,527.15,527.15,35.6324
1769061600,527.19,527.5,526.23,527.49,11.0636
1769065200,527.02,527.02,526.23,526.23,23.7995
1769068800,526.41,526.41,524.07,525.94,38.9473
1769072400,525.67,526.57,525.25,526.57,17.1247
1769076000,526.09,526.38,526.01,526.21,28.3697
1769079600,526.21,526.6,525.16,526.6,24.1707
1769083200,526.13,526.98,525.92,525.92,11.7522
1769086800,526.11,528.0,523.05,523.07,71.8642
1769090400,523.06,523.38,518.05,518.07,183.4931
1769094000,518.05,518.42,514.05,515.01,123.7902
1769097600,516.46,518.34,514.04,517.05,37.3523
1769101200,517.05,520.44,517.01,520.44,52.0034
1769104800,518.86,519.84,517.42,517.42,10.2509
1769108400,517.0,522.51,517.0,522.51,11.5687
1769112000,524.11,524.11,521.01,521.01,17.1181
1769115600,521.02,522.22,520.38,520.69,21.9945
1769119200,520.37,521.14,519.48,521.14,72.5756
1769122800,520.16,520.31,519.26,520.2,21.1547
1769126400,520.21,520.21,519.26,519.38,97.7385
1769130000,519.98,519.99,519.0,519.84,94.3674
1769133600,519.94,519.96,512.91,517.46,582.7441
1769137200,517.41,518.74,517.41,518.46,24.7723
1769140800,518.45,519.62,518.33,519.18,12.4903
1769144400,519.13,519.13,515.86,516.3,78.418
1769148000,516.95,517.61,512.0,512.0,48.18
1769151600,511.89,513.69,511.28,512.96,117.6885
1769155200,512.96,513.15,510.07,510.11,44.5906
1769158800,510.26,511.08,510.26,510.46,62.0322
1769162400,510.5,511.3,510.46,510.92,448.7965
1769166000,510.6,512.8,510.6,512.51,136.1571
1769169600,511.93,512.2,511.26,511.86,199.129
1769173200,511.07,511.72,510.45,510.45,35.0784
1769176800,510.4,511.04,505.0,506.95,261.3902
1769180400,506.99,514.04,506.29,514.03,322.8813
1769184000,514.03,518.01,512.88,516.35,392.522
1769187600,516.26,522.15,515.26,517.15,532.9161
1769191200,515.89,518.61,515.89,518.61,2.5418
1769194800,514.8,514.8,514.23,514.23,82.1164
1769198400,513.31,513.31,510.0,510.0,0.9739
1769202000,510.64,510.64,510.64,510.64,0.1958
1769205600,510.03,512.08,510.03,511.74,23.3804
1769209200,511.48,511.65,511.02,511.28,12.7109
1769212800,511.36,511.71,511.16,511.39,7.0231
1769216400,511.17,511.28,511.15,511.28,1.4221
1769220000,511.63,512.06,511.44,512.0,1.7403
1769223600,513.46,514.48,512.82,513.65,27.7601
1769227200,513.63,514.45,513.63,513.64,17.8334
1769230800,513.83,514.13,513.65,513.92,25.5119
1769234400,513.91,513.91,513.19,513.55,65.1087
1769238000,513.51,513.54,512.01,512.01,91.8419
1769241600,512.01,512.3,512.0,512.3,12.0077
1769245200,512.45,512.46,511.51,511.51,183.5672
1769248800,511.66,512.01,511.55,511.85,89.8828
1769252400,512.04,512.45,512.01,512.01,142.9023
1769256000,512.07,512.4,512.01,512.4,3.4308
1769259600,512.01,512.01,511.49,511.49,21.4117
1769263200,511.43,511.43,510.05,510.11,109.2582
1769266800,510.35,510.35,509.05,509.05,38.0248
1769270400,509.05,509.97,508.6,509.29,3.2819
1769274000,509.19,509.91,508.62,509.34,7.6746
1769277600,509.73,509.73,509.72,509.72,1.0421
1769281200,510.91,510.91,510.91,510.91,0.1957
1769284800,509.82,509.82,509.78,509.78,2.1895
1769288400,509.77,509.77,509.77,509.77,0.749
1769292000,510.75,510.75,510.01,510.69,3.4189
1769295600,510.69,511.13,509.78,509.78,18.0955
1769299200,509.95,510.0,509.0,509.94,105.0108
1769302800,510.0,510.49,509.11,509.52,148.9016
1769306400,510.0,510.0,509.24,509.24,21.9994
1769310000,509.42,509.93,507.08,507.61,110.8195
1769313600,508.95,509.94,507.15,508.9,26.8896
1769317200,509.58,510.0,508.16,509.37,8.4664
1769320800,509.24,509.24,508.22,508.74,221.657
1769324400,508.68,508.68,508.51,508.52,10.048
1769328000,508.55,508.7,507.39,507.39,56.2525
1769331600,507.14,509.0,507.14,509.0,18.6338
1769335200,509.0,511.0,509.0,510.15,387.8311
1769338800,509.78,510.04,509.03,509.5,7.5168
1769342400,509.47,510.6,509.47,510.4,19.1606
1769346000,511.09,511.09,509.51,510.21,25.2977
1769349600,510.21,510.21,506.53,506.99,92.7152
1769353200,506.98,507.53,505.63,505.63,39.3464
1769356800,505.63,505.63,493.05,493.82,1535.0817
1769360400,493.22,493.27,491.0,492.11,217.476
1769364000,492.01,492.15,488.0,489.87,252.1474
1769367600,490.0,490.0,474.9,474.91,1160.9759
1769371200,475.42,476.66,474.0,475.1,203.5111
1769374800,477.55,478.07,474.39,477.75,65.8604
1769378400,478.37,478.41,475.02,476.92,259.0201
1769382000,476.42,480.41,474.0,478.79,489.4663
1769385600,478.2,479.98,475.36,477.36,353.7287
1769389200,479.23,490.29,478.5,487.79,258.8641
1769392800,487.0,488.55,483.6,486.57,144.7764
1769396400,486.65,486.65,483.06,483.07,68.4037
1769400000,484.84,491.91,484.43,488.03,114.1638
1769403600,488.0,488.0,487.98,487.99,45.6605
1769407200,487.99,487.99,486.0,487.02,105.7538
1769410800,487.0,489.81,486.01,488.64,190.0765
1769414400,488.47,490.49,487.67,487.72,150.0084
1769418000,487.0,487.0,484.75,484.75,501.5171
1769421600,485.0,488.77,485.0,487.01,66.0683
1769425200,487.01,487.19,487.0,487.01,185.812
1769428800,488.96,489.1,486.32,486.32,117.9132
1769432400,487.0,488.94,487.0,488.94,342.3907
1769436000,489.0,492.99,488.01,490.01,583.6319
1769439600,490.47,496.27,490.0,490.51,370.9764
1769443200,491.05,494.44,490.5,492.65,40.0978
1769446800,493.99,494.97,490.0,493.33,18.3959
1769450400,493.76,497.48,492.72,494.05,21.0589
1769454000,494.05,494.05,494.05,494.05,0.0
1769457600,493.01,493.01,490.49,490.49,11.7896
1769461200,490.97,492.48,490.97,492.48,1.0835
1769464800,494.5,494.83,494.15,494.59,7.5066
1769468400,494.28,495.04,492.46,494.1,300.0089
1769472000,493.97,494.31,492.2,492.84,157.618
1769475600,492.06,494.08,492.06,493.72,16.0674
1769479200,494.04,496.47,494.04,496.47,64.0573
1769482800,496.47,496.47,494.15,494.16,76.031
1769486400,494.02,495.61,493.5,493.66,91.3421
1769490000,493.68,493.69,493.14,493.66,27.4817
1769493600,493.7,494.02,492.63,492.97,13.8838
1769497200,493.17,493.82,493.09,493.63,50.5722
1769500800,493.82,494.59,492.72,492.72,264.0453
1769504400,492.5,492.5,491.06,491.95,60.2245
1769508000,492.08,492.91,491.75,491.75,14.9971
1769511600,491.7,493.21,491.45,493.19,51.1902
1769515200,493.43,493.43,492.5,492.5,179.3045
1769518800,492.49,492.49,489.66,489.66,46.7128
1769522400,489.7,493.33,489.69,490.46,395.9331
1769526000,492.03,494.0,490.02,494.0,385.7342
1769529600,494.39,501.1,494.39,499.5,78.1847
1769533200,499.47,499.47,489.99,489.99,53.5638
1769536800,491.98,496.02,491.98,496.02,1.5312
1769540400,499.11,499.11,499.11,499.11,8.0142
1769544000,499.47,502.89,499.47,502.77,31.6314
1769547600,503.0,504.15,502.47,503.0,104.8759
1769551200,503.99,505.0,503.01,504.99,278.4637
1769554800,504.99,505.07,503.58,503.58,50.8617
1769558400,503.06,503.06,500.2,501.4,164.069
1769562000,501.45,502.18,499.09,500.01,63.1352
1769565600,499.97,500.07,499.66,499.66,34.038
1769569200,499.66,499.95,498.06,498.07,95.1521
1769572800,498.07,498.07,497.5,497.92,38.3488
1769576400,497.9,497.93,497.05,497.06,11.2007
1769580000,497.93,500.04,497.66,500.04,90.4106
1769583600,499.39,499.64,497.97,497.97,29.0688
1769587200,498.0,498.85,497.09,497.09,19.9868
1769590800,497.08,499.45,495.07,499.06,281.7432
1769594400,500.94,501.3,499.33,499.33,21.204
1769598000,499.1,502.98,499.1,502.97,72.6413
1769601600,502.01,502.77,499.02,499.02,36.5819
1769605200,499.24,500.65,498.02,499.67,37.9938
1769608800,499.01,499.43,496.73,497.87,454.0976
1769612400,498.4,498.4,493.78,495.03,71.1317
1769616000,494.02,496.7,493.24,494.87,40.4637
1769619600,494.97,497.17,493.05,497.17,12.8989
1769623200,495.01,495.37,494.01,494.58,46.4013
1769626800,494.0,494.0,494.0,494.0,2.033
1769630400,494.76,494.76,494.0,494.0,7.2208
1769634000,493.05,493.82,491.45,493.82,62.8912
1769637600,492.74,493.11,491.74,493.11,24.6628
1769641200,493.61,493.61,491.7,491.71,29.5236
1769644800,491.73,491.73,490.06,490.92,84.5859
1769648400,490.96,490.96,488.35,488.35,135.0403
1769652000,488.24,490.01,485.12,485.13,55.6912
1769655600,485.14,486.81,482.17,484.4,201.4893
1769659200,483.96,484.55,482.53,484.54,98.68
1769662800,484.55,485.99,484.55,484.55,27.0936
1769666400,484.55,485.3,483.6,484.34,81.9564
1769670000,485.86,486.0,485.06,486.0,31.8514
1769673600,485.99,485.99,484.01,484.26,112.274
1769677200,484.58,484.58,483.73,483.73,57.2364
1769680800,483.72,484.55,483.72,484.55,33.4042
1769684400,484.47,484.47,482.67,482.88,13.6493
1769688000,483.25,484.0,482.16,482.87,49.9535
1769691600,483.17,483.99,483.17,483.45,52.195
1769695200,483.45,483.98,475.58,475.58,128.43
1769698800,475.58,475.58,460.0,464.46,1014.6751
1769702400,464.45,468.9,461.87,468.9,175.7697
1769706000,469.99,473.86,467.66,467.66,77.9166
1769709600,466.02,467.57,458.0,459.04,220.5428
1769713200,459.49,464.03,458.0,463.42,42.9476
1769716800,463.08,465.34,461.61,464.55,33.8233
1769720400,464.55,467.01,463.96,466.06,78.0239
1769724000,466.41,467.4,465.53,466.98,68.1008
1769727600,467.08,467.48,465.59,467.48,87.3929
1769731200,468.17,468.53,466.09,466.11,871.917
1769734800,466.1,466.1,450.0,455.85,1076.901
1769738400,455.81,455.81,447.22,451.1,458.7851
1769742000,451.0,453.47,450.03,452.8,178.9371
1769745600,452.61,457.72,452.61,457.44,404.7515
1769749200,457.44,458.99,457.42,457.43,338.328
1769752800,457.43,457.43,448.01,450.74,309.7808
1769756400,450.79,457.83,450.79,457.21,346.9207
1769760000,456.65,457.44,455.01,455.76,39.2372
1769763600,455.43,457.67,453.42,454.05,180.5496
1769767200,456.0,457.63,454.58,457.63,13.6106
1769770800,457.65,462.8,457.65,461.63,539.6149
1769774400,462.18,462.23,459.02,459.02,98.1159
1769778000,459.55,459.55,457.01,457.72,93.1877
1769781600,458.12,463.22,458.12,459.32,135.456
1769785200,459.29,462.59,453.63,461.35,204.0262
1769788800,461.35,465.96,460.24,462.72,207.2204
1769792400,462.7,464.89,461.61,461.61,205.3046
1769796000,462.37,468.02,455.0,468.02,175.5433
1769799600,468.18,471.44,468.18,469.69,558.8661
1769803200,467.6,467.6,462.71,462.71,94.2367
1769806800,463.95,466.69,463.47,464.83,176.3538
1769810400,465.01,465.01,464.91,464.94,22.0704
1769814000,466.54,467.63,466.53,467.62,36.722
1769817600,467.62,469.49,467.62,469.34,29.9102
1769821200,469.34,470.52,469.34,470.52,195.0682
1769824800,470.53,472.38,470.01,472.38,308.0461
1769828400,472.37,472.47,472.28,472.47,23.3378
1769832000,472.48,473.99,472.48,473.15,88.4316
1769835600,473.11,473.55,472.4,473.55,92.1892
1769839200,473.56,473.65,472.0,473.04,194.6289
1769842800,473.05,473.79,468.42,468.45,218.539
1769846400,469.55,469.55,458.0,462.44,173.0003
1769850000,462.43,465.41,461.96,464.54,36.6055
1769853600,464.54,466.49,464.32,466.34,77.0592
1769857200,465.84,465.84,463.56,463.78,63.427
1769860800,463.77,463.9,460.01,460.43,75.2269
1769864400,460.08,460.08,455.02,455.75,94.1746
1769868000,455.29,457.06,430.0,436.15,1604.7062
1769871600,436.16,439.57,433.88,433.91,292.674
1769875200,435.39,437.63,423.06,424.94,598.7659
1769878800,426.24,426.62,405.0,412.28,1030.2375
1769882400,414.0,414.66,391.0,406.62,1375.3852
1769886000,409.99,413.51,406.64,408.0,122.754
1769889600,408.03,409.47,402.07,408.95,73.3
1769893200,410.28,415.0,406.82,414.44,222.2236
1769896800,414.93,418.0,414.93,417.3,202.6004
1769900400,416.85,426.94,416.49,423.8,436.5714
1769904000,424.42,427.24,423.56,425.61,589.8083
1769907600,425.6,425.6,417.9,421.05,731.8254
1769911200,421.87,425.65,420.71,424.5,165.1572
1769914800,424.23,424.72,421.11,421.11,91.3416
1769918400,421.67,423.66,421.03,423.28,96.7137
1769922000,423.07,424.39,420.0,420.0,241.4072
1769925600,419.69,423.44,419.69,421.68,149.5672
1769929200,422.36,424.81,417.09,422.65,206.0242
1769932800,421.53,424.18,420.8,422.54,51.7346
1769936400,422.45,422.88,421.03,422.16,161.1427
1769940000,423.4,423.4,416.01,416.01,175.6094
1769943600,416.01,420.72,416.01,420.5,72.235
1769947200,420.51,420.51,417.68,419.35,28.4998
1769950800,420.0,425.0,418.0,418.0,93.2699
1769954400,417.43,418.53,407.88,412.56,248.8417
1769958000,411.34,411.34,401.01,407.66,321.6698
1769961600,406.63,410.92,405.0,405.97,482.8945
1769965200,407.16,408.59,405.36,408.59,43.1028
1769968800,410.0,417.36,410.0,415.02,54.3925
1769972400,412.46,412.47,407.12,408.32,46.7082
1769976000,407.07,410.53,402.02,408.62,142.0622
1769979600,403.39,406.5,401.88,403.47,100.0589
1769983200,406.62,410.9,406.02,408.6,127.304
1769986800,408.0,408.0,395.99,404.82,3132.0583
1769990400,404.07,411.4,400.0,408.58,299.3103
1769994000,408.52,411.85,404.28,408.8,173.9042
1769997600,409.45,409.46,401.84,402.17,153.2663
1770001200,402.6,402.6,384.46,399.0,1430.5333
1770004800,400.17,406.02,395.04,402.03,337.0452
1770008400,400.89,401.68,391.46,393.21,330.1504
1770012000,393.47,404.29,390.0,402.49,371.5185
1770015600,402.68,408.8,402.11,406.19,1232.4968
1770019200,406.3,408.8,405.96,407.16,70.0161
1770022800,407.23,411.99,406.92,411.33,211.8295
1770026400,411.99,413.99,411.01,411.71,194.9452
1770030000,412.28,413.21,411.91,412.11,76.3444
1770033600,412.05,414.02,411.95,413.5,192.5837
1770037200,412.8,414.35,411.92,413.78,42.8997
1770040800,413.54,419.99,411.0,416.68,195.722
1770044400,416.82,423.52,415.91,418.33,827.7991
1770048000,418.77,421.89,418.32,420.61,242.7831
1770051600,420.95,422.14,419.05,419.49,214.4996
1770055200,419.67,419.75,417.07,419.53,129.4451
1770058800,419.05,419.05,415.06,415.08,97.5946
1770062400,416.31,417.48,414.08,415.97,51.0941
1770066000,416.52,419.68,416.52,419.65,25.0424
1770069600,419.66,421.05,419.0,420.13,32.7537
1770073200,420.03,420.04,418.18,419.0,83.052
1770076800,419.0,419.01,414.85,415.05,307.1754
1770080400,415.16,416.19,414.05,415.79,27.5298
1770084000,415.78,415.78,409.05,409.05,280.0889
1770087600,408.06,414.0,407.05,414.0,130.6669
1770091200,413.28,416.91,412.68,415.51,88.0707
1770094800,415.5,415.5,411.18,411.18,122.6892
1770098400,411.18,411.56,408.66,411.41,40.1685
1770102000,411.41,413.47,411.4,413.03,121.2578
1770105600,413.01,413.75,411.21,411.21,62.4668
1770109200,411.2,411.2,405.51,407.67,152.4091
1770112800,407.67,407.89,405.7,406.32,86.4142
1770116400,406.76,408.0,406.58,407.31,65.7418
1770120000,407.3,408.14,405.06,407.51,252.1387
1770123600,406.75,408.71,406.49,408.71,27.9557
1770127200,409.11,409.11,398.3,399.03,757.7411
1770130800,398.88,405.57,398.0,405.33,990.605
1770134400,404.3,404.3,395.71,398.41,188.9767
1770138000,398.17,398.28,392.06,392.06,151.9131
1770141600,392.06,392.77,383.38,383.7,576.7856
1770145200,383.92,396.36,383.81,392.73,269.3088
1770148800,392.68,402.61,390.12,400.07,268.3977
1770152400,400.45,402.62,396.38,396.5,67.661
1770156000,395.49,395.54,388.45,388.45,54.9648
1770159600,388.67,388.86,384.78,385.89,306.7727
1770163200,386.14,389.06,384.07,386.78,111.8307
1770166800,389.73,392.34,389.0,390.37,97.0931
1770170400,389.34,389.79,384.08,385.68,525.042
1770174000,385.7,391.6,385.7,390.04,57.4077
1770177600,390.01,390.43,386.51,386.51,122.581
1770181200,386.51,387.27,381.01,381.68,202.6493
1770184800,381.9,388.32,381.9,386.92,146.575
1770188400,386.91,386.91,384.0,385.44,34.3067
1770192000,385.23,385.23,381.36,384.54,101.5017
1770195600,384.5,384.5,381.52,382.52,94.2112
1770199200,382.52,382.52,381.7,382.3,196.9195
1770202800,381.94,382.1,373.71,379.1,714.6366
1770206400,379.67,380.52,378.01,380.01,108.7419
1770210000,379.39,379.6,372.12,372.51,614.0748
1770213600,372.5,374.09,367.42,367.6,1523.8235
1770217200,367.22,370.51,361.8,365.32,514.1339
1770220800,366.39,366.45,360.0,363.26,419.777
1770224400,363.09,365.0,357.0,361.27,376.8886
1770228000,360.86,368.14,359.0,366.61,269.2141
1770231600,368.13,375.13,368.13,374.17,69.1653
1770235200,373.44,373.44,369.78,369.78,7.6312
1770238800,369.99,369.99,360.04,362.48,98.2677
1770242400,360.36,368.7,355.16,360.0,180.0928
1770246000,360.15,368.35,359.03,365.22,370.2435
1770249600,365.22,366.35,361.27,361.78,535.1119
1770253200,362.64,366.03,358.12,363.1,567.1811
1770256800,363.33,365.53,358.21,359.02,140.077
1770260400,359.52,361.58,357.22,360.01,177.0377
1770264000,360.03,362.0,358.0,360.31,141.7097
1770267600,360.79,362.88,356.07,360.69,336.7807
1770271200,360.0,360.0,355.29,356.37,323.641
1770274800,355.81,361.99,355.81,358.84,62.9286
1770278400,358.86,363.64,358.86,362.8,941.9509
1770282000,362.1,368.58,362.1,366.0,81.6936
1770285600,365.08,365.08,355.51,357.02,750.4959
1770289200,357.02,358.67,352.0,355.0,812.1065
1770292800,357.62,358.35,351.85,353.5,605.1947
1770296400,353.97,357.35,349.18,349.37,1109.0577
1770300000,351.0,360.01,350.0,352.79,258.1455
1770303600,350.0,350.04,331.33,335.33,3316.3239
1770307200,335.0,341.0,333.0,338.77,864.2251
1770310800,337.81,337.81,328.0,328.0,533.1665
1770314400,328.13,329.35,323.23,329.01,1414.3914
1770318000,327.48,329.58,323.23,324.0,88.0384
1770321600,324.0,324.0,311.0,316.26,1343.106
1770325200,317.74,321.29,313.86,313.86,184.8671
1770328800,316.03,322.01,310.73,319.62,1244.8269
1770332400,316.87,325.98,314.0,315.01,237.6708
1770336000,314.0,317.7,271.96,305.98,2640.7124
1770339600,305.99,318.99,303.96,318.99,891.3848
1770343200,318.8,321.0,306.35,307.79,615.868
1770346800,307.46,309.89,303.06,305.87,481.3256
1770350400,305.31,310.96,304.0,310.35,463.953
1770354000,310.14,325.81,308.89,324.82,385.9579
1770357600,324.59,325.66,316.69,317.3,800.5397
1770361200,316.7,318.72,313.35,317.28,165.2337
1770364800,316.68,318.37,312.21,314.23,78.4071
1770368400,314.23,323.74,314.22,323.16,337.8008
1770372000,323.06,325.52,321.11,321.34,137.1395
1770375600,321.33,323.74,320.0,322.71,104.5536
1770379200,322.7,325.02,321.55,324.57,126.8923
1770382800,325.98,333.95,325.46,331.41,841.7803
1770386400,331.29,339.96,328.05,336.95,553.7613
1770390000,336.89,339.99,335.0,339.2,490.574
1770393600,339.2,349.87,336.0,346.46,759.4227
1770397200,346.25,354.45,346.01,346.2,235.1366
1770400800,346.35,347.69,340.64,344.48,198.5219
1770404400,342.9,348.21,341.01,346.33,101.6961
1770408000,346.54,350.87,345.22,345.22,69.2185
1770411600,346.08,352.19,346.08,350.36,387.1075
1770415200,350.11,356.3,350.01,355.01,99.8038
1770418800,355.0,355.48,347.87,347.87,410.7674
1770422400,347.81,347.81,343.08,344.43,286.7998
1770426000,344.15,348.03,342.42,347.02,197.5519
1770429600,346.37,348.31,345.72,347.6,92.9509
1770433200,349.07,351.68,347.66,350.75,118.6343
1770436800,350.7,354.93,350.0,350.01,346.7243
1770440400,353.92,354.84,350.06,350.65,139.0105
1770444000,351.73,352.99,343.66,343.66,459.5445
1770447600,347.55,347.55,337.59,341.92,2341.5676
1770451200,340.03,341.78,339.29,340.41,307.1548
1770454800,341.56,341.68,338.02,338.94,54.2758
1770458400,340.04,340.04,336.83,338.07,112.9266
1770462000,338.07,338.08,336.17,337.48,93.6266
1770465600,338.75,344.39,338.65,341.93,480.7859
1770469200,344.18,344.18,340.2,341.69,86.4203
1770472800,341.99,343.41,339.83,340.17,68.0031
1770476400,342.6,344.44,341.62,342.84,33.6801
1770480000,344.15,349.07,343.37,345.57,455.782
1770483600,345.81,347.65,344.0,347.65,19.3239
1770487200,348.15,353.67,348.15,352.96,30.4309
1770490800,352.0,352.4,350.09,350.54,21.2378
1770494400,350.03,353.86,350.03,353.86,2.0158
1770498000,353.01,353.01,350.44,350.44,2.7776
1770501600,352.37,352.61,350.73,350.73,9.4494
1770505200,349.21,349.21,345.78,348.14,242.215
1770508800,347.89,347.94,346.05,346.57,203.8314
1770512400,348.42,349.22,347.59,348.65,50.8128
1770516000,349.01,350.21,346.05,346.05,103.7427
1770519600,346.41,347.56,345.0,345.0,188.7282
1770523200,345.01,346.42,344.41,346.25,36.3408
1770526800,346.67,347.33,345.9,346.43,58.1403
1770530400,346.46,347.1,345.9,346.09,22.0361
1770534000,345.73,346.08,344.18,345.72,79.0666
1770537600,346.88,351.52,346.0,350.2,198.7348
1770541200,352.0,352.7,348.04,348.23,76.2242
1770544800,349.05,349.06,344.0,344.92,87.171
1770548400,346.38,350.51,346.38,349.84,30.5071
1770552000,349.86,350.42,348.4,349.67,82.2903
1770555600,349.67,351.66,349.0,351.47,52.5997
1770559200,351.56,351.83,349.92,350.78,287.3445
1770562800,351.85,351.85,347.63,348.47,846.1325
1770566400,347.78,347.78,341.0,341.0,122.1005
1770570000,343.78,344.52,343.66,344.52,3.5083
1770573600,346.0,350.23,346.0,350.23,9.008
1770577200,348.76,351.17,348.36,351.17,8.9059
1770580800,349.75,349.75,345.49,345.49,9.9952
1770584400,345.6,345.6,345.6,345.6,0.0586
1770588000,344.01,346.03,343.71,346.03,7.7532
1770591600,348.36,352.0,341.82,344.68,396.6074
1770595200,345.15,345.44,343.13,344.42,15.5783
1770598800,344.44,346.68,339.07,342.0,543.7531
1770602400,340.34,345.68,340.34,343.48,119.4348
1770606000,343.23,346.68,342.62,345.33,33.2062
1770609600,344.88,345.15,343.27,343.27,14.7248
1770613200,344.42,344.89,343.29,344.2,26.9754
1770616800,344.14,344.14,340.05,341.43,78.1354
1770620400,341.1,341.51,337.01,337.69,237.1233
1770624000,337.16,337.8,332.22,334.2,344.3086
1770627600,334.72,334.72,332.06,332.28,25.0333
1770631200,332.89,333.05,327.46,328.73,371.426
1770634800,328.92,330.39,328.92,329.13,132.6801
1770638400,330.57,333.19,330.48,332.14,148.0456
1770642000,331.99,333.96,331.99,332.0,30.8741
1770645600,331.3,336.1,329.56,335.52,238.5897
1770649200,336.61,338.07,333.35,336.36,771.4995
1770652800,336.33,341.02,335.34,340.0,133.346
1770656400,340.0,346.01,339.0,346.01,60.1525
1770660000,346.02,348.02,343.83,345.36,107.742
1770663600,347.34,347.34,345.78,345.78,72.6687
1770667200,345.0,345.48,344.3,345.48,186.7757
1770670800,345.47,345.47,341.61,344.01,351.5585
1770674400,344.47,344.47,344.31,344.31,161.883
1770678000,343.21,344.29,342.05,342.05,56.0978
1770681600,341.87,342.03,340.05,340.21,29.6169
1770685200,340.06,344.04,340.06,343.2,27.0137
1770688800,343.02,343.02,340.59,341.01,194.1108
1770692400,341.03,341.79,336.55,338.15,147.7656
1770696000,338.29,341.33,338.29,341.33,24.4351
1770699600,340.91,340.91,337.87,338.47,222.0898
1770703200,338.6,338.6,333.33,333.35,181.6041
1770706800,334.96,335.58,333.49,333.52,30.7485
1770710400,334.13,334.36,332.36,333.69,112.9737
1770714000,334.21,335.16,333.0,333.47,131.4358
1770717600,333.0,333.51,332.35,332.38,52.8003
1770721200,332.33,332.6,330.71,330.71,85.8252
1770724800,331.05,332.31,330.91,331.6,56.5976
1770728400,330.99,334.51,330.99,334.1,76.4355
1770732000,334.0,334.37,328.88,330.46,366.2154
1770735600,330.01,333.0,329.23,332.16,92.0672
1770739200,331.68,334.24,331.28,332.16,19.6502
1770742800,332.53,334.33,332.33,334.33,13.2432
1770746400,333.85,333.85,327.0,327.52,51.6217
1770750000,326.66,328.27,325.11,327.65,62.7342
1770753600,327.35,327.35,325.0,325.19,16.8003
1770757200,325.93,325.93,323.06,324.75,125.0146
1770760800,325.49,326.14,324.75,326.07,2.4348
1770764400,325.04,326.82,325.01,326.82,4.9226
1770768000,326.5,329.47,326.5,328.05,19.1915
1770771600,328.33,329.46,327.97,329.46,94.1331
1770775200,329.92,331.83,329.04,329.09,188.9721
1770778800,329.0,329.56,325.51,328.46,251.2562
1770782400,328.48,328.48,322.23,322.23,124.4859
1770786000,323.16,324.18,322.78,323.04,94.9543
1770789600,322.94,322.94,318.06,319.01,357.2889
1770793200,319.01,320.48,317.8,320.07,108.0016
1770796800,320.01,320.01,318.1,319.66,222.4728
1770800400,319.32,319.61,317.31,317.62,436.7127
1770804000,317.67,318.16,315.99,317.52,1005.7411
1770807600,317.86,320.03,317.86,319.5,56.7716
1770811200,319.34,320.07,318.68,319.47,73.4465
1770814800,319.66,321.91,318.0,321.91,222.6671
1770818400,321.36,326.14,314.44,314.55,230.1216
1770822000,314.05,315.69,309.55,313.68,277.2587
1770825600,313.75,317.27,310.06,310.91,102.7322
1770829200,310.03,314.5,308.71,311.71,119.7028
1770832800,311.76,314.67,309.8,314.67,92.9505
1770836400,314.53,315.51,314.09,314.09,1.8365
1770840000,314.1,314.1,312.49,313.67,4.1922
1770843600,314.19,318.39,314.19,315.48,473.8468
1770847200,314.77,315.57,313.5,313.5,57.9569
1770850800,313.46,313.53,311.57,312.22,28.7909
1770854400,312.2,314.88,312.2,314.57,429.173
1770858000,314.52,316.74,314.52,315.83,66.9233
1770861600,315.38,316.47,314.15,315.59,518.085
1770865200,315.31,315.78,314.31,315.55,105.7439
1770868800,315.71,317.12,315.02,315.02,12.611
1770872400,315.01,315.52,312.23,315.43,142.6356
1770876000,316.21,316.83,315.68,315.9,19.0476
1770879600,315.57,316.93,315.0,316.6,151.0391
1770883200,316.61,316.68,315.8,316.65,727.0235
1770886800,316.26,320.62,316.09,320.62,223.5637
1770890400,320.56,322.0,319.08,322.0,253.3606
1770894000,321.99,322.01,320.2,321.25,223.5263
1770897600,321.26,321.32,317.74,317.75,489.2691
1770901200,317.74,321.54,317.39,321.54,119.0739
1770904800,319.54,319.85,318.6,318.6,102.4353
1770908400,319.05,319.4,314.51,314.51,335.5314
1770912000,314.51,314.51,307.0,307.0,383.7639
1770915600,307.01,308.35,305.0,305.33,947.4362
1770919200,306.22,307.09,302.2,302.2,481.1439
1770922800,304.65,307.73,303.54,304.05,22.5876
1770926400,303.81,303.81,301.0,301.56,140.8491
1770930000,301.56,303.86,301.56,303.4,49.1937
1770933600,303.0,305.76,302.01,305.76,116.8851
1770937200,306.75,307.54,305.37,307.54,63.7551
1770940800,307.18,308.06,304.15,306.03,324.3641
1770944400,306.1,308.96,306.1,307.55,70.16
1770948000,308.96,310.71,307.95,310.7,34.8237
1770951600,310.33,311.01,309.6,310.0,64.0543
1770955200,310.01,310.01,308.01,308.01,177.3253
1770958800,308.0,308.0,307.01,307.99,143.3116
1770962400,307.3,308.0,305.45,308.0,173.0596
1770966000,308.0,310.13,308.0,308.27,133.2782
1770969600,310.13,312.48,310.13,312.45,22.175
1770973200,311.99,312.32,311.47,312.28,22.2905
1770976800,312.33,314.5,311.97,314.5,8.941
1770980400,313.9,313.9,312.46,312.46,19.8555
1770984000,313.8,313.8,312.39,313.14,39.9099
1770987600,312.49,315.31,312.24,314.17,165.5336
1770991200,312.79,319.99,312.25,317.47,257.5857
1770994800,319.0,328.7,317.08,324.51,244.1174
1770998400,325.29,331.66,325.25,329.5,213.7688
1771002000,329.5,330.83,326.74,330.14,199.0004
1771005600,331.69,334.01,330.27,334.01,88.4129
1771009200,333.21,333.21,330.69,330.69,5.2033
1771012800,330.93,331.97,329.58,331.97,1.3193
1771016400,331.52,332.13,330.93,330.93,14.2461
1771020000,331.9,331.9,330.0,330.69,34.0101
1771023600,330.57,330.57,329.15,329.67,43.8454
1771027200,329.47,332.1,329.47,332.1,18.7651
1771030800,331.69,332.21,331.48,332.21,88.8051
1771034400,331.89,332.21,331.01,332.04,62.8485
1771038000,332.12,333.0,331.78,332.56,124.2946
1771041600,332.74,332.74,331.82,331.98,29.2578
1771045200,331.78,332.54,331.78,331.78,27.7736
1771048800,331.77,331.99,330.24,331.99,14.0322
1771052400,331.93,333.0,331.91,332.82,53.755
1771056000,333.0,337.48,333.0,337.48,152.8899
1771059600,337.69,337.99,337.0,337.13,962.8801
1771063200,337.0,337.0,336.13,336.16,152.1532
1771066800,336.55,341.19,336.54,340.01,193.2214
1771070400,341.43,341.75,338.09,338.09,132.0383
1771074000,338.56,339.83,337.42,338.0,34.5882
1771077600,338.8,341.77,338.57,341.77,32.1236
1771081200,341.28,342.49,341.28,341.9,39.1372
1771084800,341.79,345.0,341.28,344.98,134.0635
1771088400,344.97,345.62,344.01,344.52,32.0802
1771092000,344.9,345.12,344.1,345.0,24.5484
1771095600,344.6,345.49,343.22,345.09,38.4771
1771099200,345.66,345.66,344.0,344.75,12.9
1771102800,345.0,345.67,342.37,343.51,100.2985
1771106400,344.93,346.98,344.77,346.31,70.0716
1771110000,345.91,347.02,345.01,345.01,36.1208
1771113600,345.0,345.21,344.21,344.95,86.4251
1771117200,346.5,346.63,344.0,345.0,58.8141
1771120800,345.01,345.68,343.48,345.41,49.642
1771124400,344.77,347.0,343.0,347.0,202.0481
1771128000,347.47,351.01,346.75,348.38,240.1684
1771131600,348.49,352.0,348.49,351.9,60.3789
1771135200,351.5,352.28,350.27,350.34,123.3359
1771138800,350.9,355.0,350.9,354.84,58.4622
1771142400,354.99,356.1,350.0,350.04,143.7923
1771146000,350.85,354.01,350.85,352.23,146.5978
1771149600,352.0,352.0,349.14,350.19,97.5402
1771153200,350.2,350.2,348.53,348.79,229.5169
1771156800,348.28,349.27,341.47,341.47,301.429
1771160400,341.99,344.0,339.63,340.42,2134.1759
1771164000,340.1,341.29,339.05,341.04,513.9265
1771167600,341.26,342.33,340.02,340.73,155.886
1771171200,341.58,342.56,340.0,342.51,65.9445
1771174800,342.41,343.13,336.76,338.7,234.0861
1771178400,336.57,339.08,336.57,337.33,66.3845
1771182000,337.44,337.44,334.31,334.4,135.6216
1771185600,334.05,335.54,333.13,335.54,20.2452
1771189200,336.7,337.34,335.54,337.23,498.8916
1771192800,338.35,338.71,337.06,337.06,29.6321
1771196400,335.81,336.58,334.11,336.58,3.0486
1771200000,336.88,337.12,335.7,336.93,46.7417
1771203600,338.07,338.2,334.03,334.65,28.5665
1771207200,336.81,336.81,333.57,333.57,25.1138
1771210800,333.56,334.13,332.22,332.62,109.0203
1771214400,332.84,335.24,332.84,335.24,385.8267
1771218000,335.0,335.0,331.1,331.54,588.4513
1771221600,332.12,333.18,331.68,332.75,95.1325
1771225200,332.16,334.07,332.16,332.65,35.2378
1771228800,333.15,334.36,333.15,334.15,49.73
1771232400,335.3,336.76,335.12,336.68,92.6723
1771236000,336.67,336.69,335.79,336.1,12.8569
1771239600,336.2,336.2,332.35,335.23,132.0211
1771243200,335.0,338.01,335.0,338.0,687.6966
1771246800,337.93,339.94,329.06,329.67,354.5849
1771250400,329.05,331.09,328.0,331.09,399.061
1771254000,330.82,330.82,324.0,325.76,1014.4527
1771257600,326.17,329.31,326.17,329.3,104.7724
1771261200,329.18,332.06,329.18,330.17,55.9475
1771264800,331.34,333.26,331.34,332.0,170.475
1771268400,332.55,332.74,332.02,332.44,2.4696
1771272000,331.87,334.49,331.87,334.49,2.9728
1771275600,333.65,336.0,333.65,336.0,84.391
1771279200,337.01,337.25,335.97,336.38,48.4138
1771282800,336.01,338.63,336.01,338.63,256.8372
1771286400,338.38,340.0,338.38,340.0,37.8926
1771290000,339.23,340.53,337.66,337.66,20.7129
1771293600,337.16,343.0,336.01,342.72,265.1355
1771297200,341.71,341.77,339.01,339.03,97.9639
1771300800,339.0,339.16,337.45,338.71,40.0481
1771304400,338.54,338.58,335.99,337.7,673.6622
1771308000,338.38,339.45,338.38,339.08,7.5644
1771311600,339.04,339.1,337.45,339.1,40.2812
1771315200,339.04,339.23,337.15,337.15,33.0731
1771318800,337.5,337.5,336.61,337.08,266.2853
1771322400,337.17,337.17,333.5,333.51,387.8075
1771326000,333.5,333.6,332.95,333.6,3.277
1771329600,334.42,334.67,333.05,333.07,88.5554
1771333200,332.05,334.17,331.35,334.0,160.6046
1771336800,333.7,333.95,326.06,327.0,122.7091
1771340400,326.47,328.0,325.61,327.51,140.9808
1771344000,328.49,334.76,328.49,331.4,86.0402
1771347600,330.01,330.01,326.29,327.51,106.1135
1771351200,328.65,333.98,328.65,333.98,40.8619
1771354800,333.38,335.01,332.13,332.13,5.1702
1771358400,332.95,332.95,332.95,332.95,0.733
1771362000,333.46,333.46,333.32,333.32,1.992
1771365600,334.3,334.3,333.71,333.71,9.1384
1771369200,333.01,334.17,332.62,333.22,171.5439
1771372800,334.25,334.4,332.26,332.26,83.7799
1771376400,333.11,333.11,329.5,329.68,10.4013
1771380000,331.13,332.86,331.13,332.06,3.6776
1771383600,332.05,334.44,332.01,334.44,29.9866
1771387200,334.7,335.09,333.59,333.59,85.0829
1771390800,333.34,333.91,332.7,333.26,158.6171
1771394400,333.07,333.97,333.07,333.97,14.5934
1771398000,333.48,334.78,332.9,334.65,64.4837
1771401600,334.59,336.1,334.47,335.28,154.0596
1771405200,335.27,335.88,334.75,334.76,15.1014
1771408800,334.75,334.75,330.35,330.35,693.6909
1771412400,330.14,334.18,325.58,325.58,1304.6966
1771416000,325.59,326.99,324.06,325.67,506.452
1771419600,326.25,326.78,324.05,324.6,52.7989
1771423200,325.07,325.71,322.22,324.34,104.3961
1771426800,324.71,329.99,324.68,326.4,185.1618
1771430400,326.35,326.35,323.0,323.92,327.214
1771434000,323.44,325.97,323.44,323.57,34.3766
1771437600,323.57,323.79,319.06,320.29,275.8365
1771441200,320.43,320.43,318.06,318.79,141.4664
1771444800,318.68,320.61,318.3,320.08,40.0538
1771448400,320.01,321.19,319.07,320.4,104.6414
1771452000,320.31,321.11,320.0,320.74,36.2015
1771455600,320.95,321.68,320.43,321.65,26.9428
1771459200,321.43,321.99,320.8,321.99,91.2468
1771462800,321.51,322.65,321.51,322.44,80.4432
1771466400,322.7,322.89,320.9,320.9,566.1267
1771470000,321.52,322.39,321.31,321.74,37.7729
1771473600,321.86,322.19,320.88,320.88,29.9495
1771477200,320.98,321.97,320.98,321.97,12.4679
1771480800,322.74,324.29,322.74,324.25,439.9934
1771484400,324.23,324.41,323.14,323.14,236.3067
1771488000,323.49,323.49,320.7,320.72,181.0461
1771491600,320.75,321.16,319.01,319.01,256.2566
1771495200,319.0,320.49,319.0,319.99,30.1911
1771498800,320.25,321.06,319.02,319.02,72.8289
1771502400,319.17,319.2,318.0,318.0,120.0741
1771506000,318.0,318.0,315.0,315.0,240.118
1771509600,315.32,319.76,315.0,319.0,469.186
1771513200,317.86,318.96,315.0,317.17,112.642
1771516800,316.91,318.19,315.05,316.63,51.0037
1771520400,317.63,321.26,316.0,316.0,49.1297
1771524000,316.24,321.56,316.24,321.56,3.3742
1771527600,321.76,322.0,319.61,321.93,20.7811
1771531200,322.84,322.84,321.67,321.67,13.2773
1771534800,322.46,322.46,321.52,321.72,1.6467
1771538400,322.36,323.56,321.77,323.01,14.6262
1771542000,322.98,323.8,322.98,323.5,76.405
1771545600,323.71,327.47,323.32,326.0,137.1896
1771549200,325.54,326.22,325.0,325.72,85.4334
1771552800,325.95,326.69,325.1,325.84,54.0493
1771556400,327.46,327.46,325.55,326.03,166.8097
1771560000,325.8,325.8,324.0,325.72,689.8066
1771563600,324.8,327.99,324.18,326.73,41.1544
1771567200,326.89,327.99,326.89,327.99,212.454
1771570800,327.78,328.3,327.7,327.79,65.5776
1771574400,327.21,328.09,326.96,327.95,187.1254
1771578000,328.33,331.19,328.33,330.12,577.2039
1771581600,330.14,332.0,329.22,330.06,261.6283
1771585200,330.0,330.22,327.51,327.51,143.0013
1771588800,328.0,328.88,327.72,328.35,88.4617
1771592400,328.36,328.36,320.18,321.92,223.9426
1771596000,322.88,326.17,322.36,325.11,54.66
1771599600,326.96,332.01,325.02,331.28,329.9801
1771603200,331.37,332.98,330.0,330.85,265.7113
1771606800,331.68,331.88,326.0,331.28,77.9751
1771610400,331.98,334.9,330.48,334.81,172.2133
1771614000,333.15,333.4,332.41,332.61,29.302
1771617600,332.92,332.92,332.04,332.04,2.2076
1771621200,331.64,331.64,331.41,331.41,24.7374
1771624800,331.35,332.66,330.73,331.83,20.8023
1771628400,332.12,332.12,331.21,331.21,23.7493
1771632000,332.34,332.34,331.09,331.09,5.2871
1771635600,331.7,332.58,331.57,332.58,65.6734
1771639200,332.57,333.0,332.22,332.83,107.2012
1771642800,331.14,331.79,330.42,330.59,12.7616
1771646400,330.86,331.03,330.22,330.99,21.4797
1771650000,331.16,331.26,331.02,331.03,67.0141
1771653600,331.03,332.0,329.33,329.52,670.3789
1771657200,329.15,330.02,329.09,329.7,453.9485
1771660800,330.13,331.66,330.13,331.66,15.9443
1771664400,331.89,333.81,331.89,333.09,175.4607
1771668000,333.08,334.0,333.0,333.84,62.5708
1771671600,334.0,335.01,334.0,334.73,50.076
1771675200,334.46,334.58,333.37,334.58,60.9256
1771678800,334.66,336.46,334.44,336.44,43.9752
1771682400,335.78,338.88,335.78,338.48,277.1032
1771686000,338.54,339.44,338.01,339.44,286.1238
1771689600,338.85,338.86,336.67,337.31,55.5446
1771693200,337.0,338.0,336.48,337.53,17.1047
1771696800,337.85,339.01,337.47,339.01,62.1244
1771700400,338.41,338.41,337.7,337.7,1.1833
1771704000,336.92,336.99,334.95,335.02,6.8442
1771707600,334.72,335.65,334.72,335.55,42.7381
1771711200,335.81,335.81,334.33,334.33,70.396
1771714800,334.84,334.84,333.59,333.6,11.4279
1771718400,333.67,333.67,332.64,332.87,38.3284
1771722000,333.77,334.52,333.77,334.25,9.8743
1771725600,335.03,335.04,333.29,333.36,61.8688
1771729200,333.47,333.88,332.54,333.67,214.0163
1771732800,333.67,334.63,333.43,334.0,163.2274
1771736400,333.68,333.68,333.08,333.28,67.4384
1771740000,333.62,334.56,333.44,334.49,155.6822
1771743600,334.56,335.59,334.14,335.13,76.1099
1771747200,334.28,334.28,333.25,333.52,42.3045
1771750800,333.57,334.17,333.57,333.61,7.5169
1771754400,333.61,334.36,333.61,333.99,221.9278
1771758000,333.99,334.83,333.99,334.82,56.1241
1771761600,334.39,334.39,331.08,331.49,76.8936
1771765200,331.49,331.49,328.62,329.42,603.9812
1771768800,329.46,329.67,327.48,327.93,83.5318
1771772400,327.95,328.08,326.05,327.76,58.1627
1771776000,327.35,327.35,326.13,327.3,38.3052
1771779600,327.47,327.47,325.06,325.15,20.9384
1771783200,325.89,326.54,325.56,326.42,54.4075
1771786800,326.27,326.39,325.87,326.39,1.859
1771790400,326.22,326.37,325.64,325.69,44.3858
1771794000,326.03,327.44,326.03,327.34,3.0408
1771797600,327.11,327.74,326.13,327.57,84.1402
1771801200,327.76,327.76,323.83,323.83,177.298
1771804800,323.7,324.42,319.07,319.07,219.7211
1771808400,319.05,319.05,304.86,306.87,2907.5607
1771812000,306.26,308.32,304.71,304.87,801.669
1771815600,305.34,307.28,304.07,305.11,1281.0843
1771819200,305.1,305.1,303.09,303.32,325.1448
1771822800,303.94,305.91,303.7,304.97,269.7141
1771826400,304.95,310.46,304.95,309.56,397.0082
1771830000,309.99,311.46,309.27,310.54,150.4476
1771833600,310.0,310.0,307.41,307.94,393.617
1771837200,308.3,314.5,308.18,313.4,165.5219
1771840800,314.46,314.46,313.5,313.77,36.1711
1771844400,313.67,314.22,312.55,312.55,73.7264
1771848000,312.31,315.57,312.29,315.1,258.0876
1771851600,315.04,316.29,314.3,314.95,85.4969
1771855200,314.72,315.48,311.0,312.69,164.8278
1771858800,313.42,313.42,310.0,310.3,63.4682
1771862400,310.0,311.36,307.41,308.51,294.707
1771866000,308.61,308.61,302.23,303.75,191.9723
1771869600,305.14,309.36,305.1,308.42,37.3464
1771873200,307.66,307.66,304.97,305.34,45.8432
1771876800,306.04,306.23,305.0,306.22,4.579
1771880400,305.75,306.53,305.75,306.19,12.1864
1771884000,307.28,308.65,306.42,306.42,38.4197
1771887600,306.27,306.89,304.0,304.02,224.6403
1771891200,305.14,306.75,305.14,306.67,207.6847
1771894800,306.01,306.54,297.22,304.28,2374.1824
1771898400,304.4,307.09,304.01,304.01,820.7049
1771902000,304.29,304.29,300.05,301.27,287.5056
1771905600,301.28,301.31,299.0,301.04,303.1458
1771909200,301.3,303.34,299.56,300.23,347.2069
1771912800,300.42,301.31,299.76,300.0,228.6057
1771916400,300.0,302.23,300.0,300.72,115.9055
1771920000,300.12,302.0,300.12,301.62,53.6625
1771923600,301.28,301.5,298.0,299.36,286.0244
1771927200,299.18,299.91,298.43,299.61,181.9293
1771930800,300.22,300.22,299.16,299.66,151.7271
1771934400,299.91,300.78,299.51,299.51,106.8128
1771938000,299.51,300.36,298.73,299.83,213.5461
1771941600,299.82,302.12,296.9,300.43,367.6168
1771945200,301.07,302.54,301.07,302.22,156.0389
1771948800,302.22,305.62,302.22,305.62,340.768
1771952400,305.32,306.85,304.52,304.75,70.5459
1771956000,304.95,305.85,303.94,305.84,83.9154
1771959600,306.04,306.51,305.85,305.93,5.714
1771963200,306.92,308.01,306.63,307.75,47.9888
1771966800,306.62,307.66,305.94,307.66,23.7309
1771970400,306.87,309.99,306.87,309.26,98.7515
1771974000,309.41,310.88,308.8,309.16,361.4381
1771977600,308.92,310.49,308.15,310.03,89.8311
1771981200,310.02,321.69,310.02,320.42,356.5745
1771984800,320.48,323.01,320.48,321.51,502.3362
1771988400,321.1,321.1,318.68,318.68,128.3714
1771992000,318.68,321.37,317.4,319.96,225.8582
1771995600,319.98,319.98,315.84,317.19,253.1354
1771999200,317.35,318.9,317.19,318.07,61.73
1772002800,318.06,321.09,318.06,319.9,412.7522
1772006400,320.54,321.71,319.53,321.28,74.4243
1772010000,321.46,322.48,321.46,322.48,152.4914
1772013600,322.91,323.95,322.28,322.56,41.821
1772017200,322.58,325.01,322.38,325.01,239.6078
1772020800,325.55,327.48,324.43,326.81,137.506
1772024400,327.22,329.01,325.99,327.39,306.956
1772028000,327.39,333.99,327.35,333.99,543.5054
1772031600,334.0,337.01,332.03,335.66,665.546
1772035200,335.22,340.68,335.22,340.67,290.6887
1772038800,340.67,345.0,340.67,344.56,314.975
1772042400,344.84,346.42,342.81,346.37,462.6677
1772046000,346.01,348.0,344.1,347.92,81.6743
1772049600,347.64,349.98,346.38,349.97,143.4179
1772053200,348.03,356.31,348.03,349.42,695.5061
1772056800,350.0,352.73,343.31,344.0,965.4629
1772060400,344.34,346.71,338.33,341.83,241.8899
1772064000,341.82,346.12,341.42,343.08,592.8257
1772067600,344.0,346.31,342.65,344.0,291.2484
1772071200,343.43,343.43,340.66,342.58,92.8745
1772074800,342.43,342.82,341.1,341.59,102.1933
1772078400,341.89,345.07,341.47,344.81,151.4693
1772082000,344.8,344.8,340.0,341.08,306.3964
1772085600,340.87,341.87,340.26,341.03,124.3188
1772089200,341.07,341.72,340.26,340.26,314.2253
1772092800,340.79,343.1,340.26,341.69,428.2605
1772096400,341.0,345.2,340.8,344.87,158.0067
1772100000,343.23,343.23,341.5,341.71,49.3294
1772103600,341.96,341.96,338.56,338.9,268.8716
1772107200,338.64,342.19,338.64,342.19,92.2312
1772110800,341.68,343.11,341.68,342.11,45.5556
1772114400,341.74,343.13,337.59,339.65,54.3446
1772118000,339.86,339.86,334.0,337.7,183.627
1772121600,337.7,338.04,330.0,330.0,187.1054
1772125200,330.53,332.86,330.53,331.75,50.001
1772128800,330.06,333.28,330.01,333.17,30.1476
1772132400,334.61,336.97,334.61,336.97,166.4264
1772136000,336.94,336.94,336.94,336.94,0.0125
1772139600,335.7,335.94,335.41,335.6,11.4393
1772143200,335.76,335.77,335.23,335.77,23.0024
1772146800,335.77,335.77,335.02,335.47,231.9572
1772150400,335.16,335.5,333.63,334.98,310.7025
1772154000,335.16,335.89,332.59,335.82,1325.8747
1772157600,336.0,338.7,336.0,338.18,683.4824
1772161200,338.0,342.0,337.34,342.0,569.0655
1772164800,341.82,343.85,341.82,342.71,419.5276
1772168400,342.23,342.7,341.35,341.53,63.5034
1772172000,341.01,341.12,339.36,340.99,55.2627
1772175600,341.04,341.22,339.3,341.01,220.3712
1772179200,341.7,342.66,340.92,341.93,50.0067
1772182800,342.07,342.3,337.41,337.41,62.967
1772186400,337.07,337.07,331.15,331.15,355.8516
1772190000,331.58,331.99,327.02,327.28,212.545
1772193600,327.24,327.6,324.09,325.23,297.41
1772197200,326.0,326.8,321.29,325.71,337.8277
1772200800,326.49,326.95,322.61,322.61,111.1254
1772204400,323.2,324.7,323.15,324.1,48.9945
1772208000,323.58,323.58,319.05,319.05,455.4374
1772211600,319.51,320.25,318.65,319.67,246.4428
1772215200,320.99,320.99,319.24,319.49,4.5949
1772218800,319.3,319.51,318.58,319.2,70.1607
1772222400,319.19,320.35,318.8,318.8,106.9281
1772226000,319.19,319.99,317.3,317.3,94.324
1772229600,318.47,319.54,315.46,318.79,193.1243
1772233200,318.84,321.47,318.84,320.98,224.1205
1772236800,320.84,322.15,320.11,322.15,77.8829
1772240400,322.03,322.47,321.65,321.65,113.15
1772244000,321.65,322.63,321.65,322.58,148.3269
1772247600,322.41,322.41,321.0,321.22,100.1359
1772251200,321.37,321.75,320.02,320.97,117.1048
1772254800,321.02,321.45,320.08,320.51,70.6031
1772258400,320.51,320.55,304.08,304.92,1122.9949
1772262000,305.67,312.62,304.14,310.02,610.8205
1772265600,310.01,310.01,304.72,306.89,1652.8364
1772269200,307.48,309.25,306.24,308.26,478.4557
1772272800,308.01,310.66,306.49,310.27,247.1305
1772276400,310.33,312.0,308.98,308.98,251.7752
1772280000,309.31,310.73,309.05,309.57,562.3648
1772283600,309.57,316.97,309.01,316.94,211.9969
1772287200,317.01,319.0,314.97,315.13,281.3831
1772290800,315.03,317.59,313.0,317.32,130.4557
1772294400,317.32,318.9,316.34,318.1,92.1386
1772298000,317.91,318.98,316.73,318.98,132.384
1772301600,318.99,323.71,316.14,323.71,243.435
1772305200,322.58,324.0,319.46,321.6,200.1434
1772308800,321.35,332.33,321.35,332.33,424.3319
1772312400,332.34,332.94,327.73,331.0,155.1331
1772316000,331.71,334.01,330.43,330.43,249.0972
1772319600,330.46,331.71,329.01,330.19,183.1675
1772323200,330.29,332.07,330.29,332.07,417.543
1772326800,332.07,341.87,330.29,339.07,320.2359
1772330400,340.05,346.36,340.0,343.84,615.4515
1772334000,343.83,344.77,343.11,344.05,181.2596
1772337600,343.5,344.49,338.89,341.94,355.3183
1772341200,341.98,342.8,340.94,340.94,94.4878
1772344800,340.2,340.2,336.47,338.02,266.5608
1772348400,338.01,338.49,337.01,337.74,36.1096
1772352000,337.64,338.11,332.06,332.06,336.2333
1772355600,332.05,334.47,331.06,331.09,57.2382
1772359200,331.27,333.02,330.79,331.65,192.6617
1772362800,331.77,332.93,331.3,331.3,6.8383
1772366400,331.93,332.14,330.13,331.25,81.2959
1772370000,330.83,337.68,329.87,336.55,482.7779
1772373600,336.11,337.85,333.68,333.88,135.1861
1772377200,335.0,337.16,335.0,335.0,159.1287
1772380800,335.55,335.55,327.31,328.0,186.415
1772384400,327.45,328.47,325.45,328.13,203.551
1772388000,326.99,330.64,326.9,328.21,101.8928
1772391600,326.81,326.81,325.0,325.0,15.1922
1772395200,324.45,324.45,319.06,319.91,124.2022
1772398800,320.0,323.73,320.0,323.73,299.5335
1772402400,323.35,326.81,321.85,322.84,78.9267
1772406000,325.43,326.61,325.35,325.96,10.3471
1772409600,325.85,332.99,325.85,332.99,432.6667
1772413200,332.99,336.25,330.99,331.18,250.6305
1772416800,331.52,331.52,328.0,329.97,23.5026
1772420400,329.37,332.58,329.0,331.62,85.1532
1772424000,331.63,331.74,330.0,330.0,47.2888
1772427600,329.1,331.26,328.5,330.83,189.7954
1772431200,329.94,329.97,325.31,326.7,335.2528
1772434800,326.74,327.09,324.05,326.02,420.5827
1772438400,326.0,327.77,324.09,327.77,81.7223
1772442000,329.7,330.12,329.45,329.45,40.2475
1772445600,329.0,329.75,328.13,329.64,64.9364
1772449200,329.8,331.22,328.62,330.01,138.4575
1772452800,330.06,330.96,329.43,329.43,17.3137
1772456400,329.45,329.66,326.9,327.01,36.1092
1772460000,327.2,337.9,326.78,336.33,792.2414
1772463600,337.5,348.0,337.5,347.0,1498.5432
1772467200,348.0,352.64,347.28,349.18,1355.3036
1772470800,348.56,348.73,340.0,343.24,462.8234
1772474400,342.28,343.47,342.0,343.25,37.0782
1772478000,342.5,343.37,340.73,343.37,200.228
1772481600,344.03,344.81,342.66,344.81,58.8641
1772485200,343.56,343.56,342.5,343.21,13.4891
1772488800,343.47,345.41,342.58,344.63,44.3361
1772492400,344.89,344.89,338.8,339.97,395.2726
1772496000,339.98,341.17,338.06,340.58,345.084
1772499600,341.52,341.52,338.65,338.68,24.7276
1772503200,338.45,338.45,335.06,338.41,96.0443
1772506800,338.44,340.04,337.8,340.04,300.7921
1772510400,338.44,338.55,336.62,336.77,12.572
1772514000,337.32,340.0,336.12,336.12,132.7111
1772517600,337.46,337.9,336.12,337.56,130.9828
1772521200,337.81,339.05,336.97,337.0,284.0763
1772524800,336.7,337.0,331.74,331.74,214.3923
1772528400,332.91,335.19,332.64,333.74,197.17
1772532000,332.7,333.64,331.56,331.7,229.9363
1772535600,332.68,333.38,332.08,333.07,158.8266
1772539200,333.86,337.48,333.52,333.52,381.964
1772542800,333.59,333.59,330.0,331.03,210.3625
1772546400,331.53,332.95,327.22,330.01,1663.9349
1772550000,330.0,336.66,328.52,335.57,491.9281
1772553600,336.66,344.49,334.11,337.0,489.7797
1772557200,338.33,338.33,333.59,337.77,46.7295
1772560800,337.47,339.88,335.34,339.1,30.3473
1772564400,337.1,338.45,336.22,337.72,5.0473
1772568000,336.12,336.14,334.94,334.94,60.45
1772571600,334.95,336.68,333.18,336.68,687.5591
1772575200,336.54,342.03,336.54,340.88,290.8485
1772578800,341.06,344.9,341.04,344.54,243.6303
1772582400,343.05,344.66,341.72,343.0,284.2723
1772586000,343.2,346.99,340.71,345.05,336.1278
1772589600,345.05,345.05,341.94,344.09,224.6754
1772593200,344.08,344.08,338.0,338.31,48.3641
1772596800,338.82,338.82,335.83,338.05,89.4769
1772600400,337.0,339.6,335.82,339.53,62.477
1772604000,338.51,339.85,336.38,338.35,145.8105
1772607600,338.37,344.91,338.37,344.9,200.8418
1772611200,344.91,354.41,344.08,354.4,1243.7957
1772614800,354.41,360.0,353.58,356.98,1384.0477
1772618400,357.0,357.88,355.1,355.45,291.033
1772622000,356.25,356.79,352.78,353.98,677.6573
1772625600,353.98,353.99,350.46,352.82,156.4751
1772629200,352.62,355.84,352.62,354.45,161.2225
1772632800,354.57,360.99,354.0,355.85,631.9718
1772636400,357.53,365.98,356.61,365.98,649.3615
1772640000,365.98,365.98,359.08,360.71,106.3409
1772643600,360.53,362.13,357.0,360.1,301.7597
1772647200,359.01,362.97,359.01,362.87,55.1871
1772650800,363.42,368.99,363.42,367.0,315.4098
1772654400,366.89,368.58,365.25,365.87,127.1831
1772658000,365.0,365.0,363.01,363.01,20.3155
1772661600,364.11,364.78,359.05,359.05,187.4805
1772665200,359.05,359.12,355.39,358.0,81.6987
1772668800,357.66,359.03,356.09,356.89,393.8913
1772672400,356.82,358.1,353.0,353.0,242.1124
1772676000,353.21,355.18,353.21,355.0,257.5876
1772679600,354.5,355.47,352.77,353.75,185.8942
1772683200,354.06,356.19,354.06,355.54,87.5329
1772686800,355.92,356.43,354.31,354.91,87.9884
1772690400,354.25,358.32,353.96,357.66,102.1842
1772694000,357.88,359.39,354.0,354.0,360.2407
1772697600,355.09,357.46,354.51,357.46,132.1298
1772701200,357.99,360.21,357.99,360.01,50.668
1772704800,360.0,365.99,360.0,365.18,163.6138
1772708400,365.2,365.2,361.67,362.29,89.831
1772712000,362.27,363.58,360.71,363.58,58.2347
1772715600,363.58,363.58,358.05,358.1,250.6455
1772719200,358.38,360.19,355.34,359.2,201.1219
1772722800,359.12,359.12,350.98,351.73,1519.1318
1772726400,353.4,356.49,348.0,356.48,222.2061
1772730000,356.48,356.48,348.0,348.0,83.8137
1772733600,347.55,350.43,347.55,350.43,842.9072
1772737200,350.9,351.85,349.88,350.19,5.8742
1772740800,349.55,351.72,349.55,351.7,32.4383
1772744400,353.39,353.39,350.7,350.7,10.8222
1772748000,351.02,351.73,350.29,351.48,18.9981
1772751600,350.48,350.76,349.17,349.17,196.6556
1772755200,350.11,350.75,349.65,350.0,29.6812
1772758800,350.0,354.1,348.0,352.12,513.0972
1772762400,351.3,351.3,348.6,349.0,134.6298
1772766000,348.8,350.02,348.47,349.8,350.681
1772769600,349.82,350.41,347.7,348.31,220.0006
1772773200,348.56,348.56,347.23,348.14,26.5151
1772776800,347.4,349.25,347.4,348.82,119.9686
1772780400,349.0,351.2,349.0,351.1,90.8689
1772784000,351.06,351.06,349.71,349.72,198.3245
1772787600,350.03,350.03,345.39,346.1,174.3791
1772791200,346.49,347.37,346.34,346.8,127.3799
1772794800,346.79,347.34,345.04,345.04,45.9944
1772798400,345.01,345.01,340.17,342.18,283.6274
1772802000,342.54,343.51,339.06,339.06,896.7144
1772805600,339.05,339.05,333.13,333.13,413.8751
1772809200,334.75,337.32,333.7,334.5,251.575
1772812800,335.11,336.77,333.66,334.07,184.6581
1772816400,334.02,334.63,332.23,333.37,160.9283
1772820000,333.87,338.58,333.87,338.58,116.5312
1772823600,338.15,339.57,337.59,337.77,25.34
1772827200,338.14,338.14,335.6,336.63,37.7888
1772830800,335.68,335.68,335.68,335.68,0.0346
1772834400,335.65,336.78,335.41,336.78,65.8196
1772838000,336.79,336.97,336.03,336.03,7.5926
1772841600,336.0,336.81,335.23,336.41,59.5549
1772845200,336.36,336.37,335.88,336.2,327.4408
1772848800,336.0,336.0,335.0,335.08,489.1934
1772852400,335.99,336.92,334.8,335.0,165.4816
1772856000,334.6,334.66,333.64,334.24,740.6271
1772859600,334.33,335.08,333.71,335.01,130.1524
1772863200,334.5,334.5,333.43,333.6,53.1294
1772866800,333.01,334.57,333.01,334.57,56.4952
1772870400,334.51,335.29,334.5,334.72,120.5645
1772874000,334.72,335.79,334.7,335.79,181.6666
1772877600,335.72,336.18,335.47,335.47,304.3672
1772881200,335.01,336.71,335.0,336.22,50.7944
1772884800,336.12,336.24,334.87,334.87,79.8002
1772888400,334.93,335.71,334.71,334.83,514.975
1772892000,334.7,334.7,332.0,334.33,156.3996
1772895600,334.19,334.43,332.0,332.71,139.2162
1772899200,332.62,332.69,332.01,332.01,84.9752
1772902800,332.74,333.86,332.51,332.51,33.4923
1772906400,332.51,332.51,330.8,331.48,77.1068
1772910000,330.78,330.78,327.32,327.68,269.5933
1772913600,328.12,329.99,328.12,329.99,432.2495
1772917200,329.72,330.4,329.71,330.17,298.1386
1772920800,330.34,330.34,329.71,329.71,453.2499
1772924400,329.77,330.78,329.77,330.6,35.6861
1772928000,331.7,331.7,329.96,330.06,38.1727
1772931600,330.25,330.79,330.08,330.69,230.5742
1772935200,330.55,330.55,327.49,328.14,294.6214
1772938800,328.09,329.24,327.92,328.27,106.1525
1772942400,328.01,328.58,326.78,326.78,89.7357
1772946000,326.97,330.72,326.97,328.86,369.6854
1772949600,328.86,329.17,328.23,328.65,102.5004
1772953200,328.9,331.31,328.9,330.9,88.504
1772956800,331.13,331.94,330.06,331.94,22.9233
1772960400,331.61,334.34,331.01,332.61,243.8342
1772964000,332.17,336.26,332.17,334.38,97.6253
1772967600,334.73,334.73,330.65,331.69,455.2478
1772971200,331.69,332.21,327.48,328.89,73.0626
1772974800,328.11,329.0,325.06,327.34,149.1614
1772978400,328.0,329.1,327.02,328.25,44.3307
1772982000,328.17,328.56,325.94,327.45,192.9395
1772985600,327.36,327.83,325.01,325.01,328.7859
1772989200,325.02,326.84,325.0,325.39,45.503
1772992800,325.52,325.66,324.21,325.3,60.5108
1772996400,325.22,328.48,324.25,328.09,50.5588
1773000000,328.16,329.0,327.32,327.32,499.0462
1773003600,327.33,327.33,325.56,325.93,34.5124
1773007200,325.75,327.19,319.45,325.54,457.9182
1773010800,326.32,327.58,324.06,324.42,35.1503
1773014400,324.89,330.47,324.37,328.17,446.3277
1773018000,328.1,330.14,326.72,328.0,143.8876
1773021600,327.2,329.95,326.01,329.46,135.568
1773025200,329.84,337.41,329.82,332.71,1206.4162
1773028800,332.67,334.86,331.4,331.82,144.5903
1773032400,331.75,336.77,331.75,335.57,51.6977
1773036000,335.6,335.6,331.0,331.12,168.7687
1773039600,330.88,331.38,328.51,330.98,270.8757
1773043200,331.44,333.93,330.5,333.68,374.5554
1773046800,332.58,336.49,331.97,333.88,584.5051
1773050400,333.7,333.82,332.46,332.77,32.1175
1773054000,332.95,332.99,330.41,332.61,68.4711
1773057600,332.88,334.0,332.58,333.88,89.2002
1773061200,333.99,339.98,333.99,339.0,540.3926
1773064800,338.88,339.99,336.02,339.65,193.3584
1773068400,339.01,339.07,337.23,338.62,24.019
1773072000,337.7,339.14,337.69,338.54,178.1162
1773075600,338.33,338.79,335.07,338.79,158.8966
1773079200,337.87,339.28,336.59,338.51,6.8112
1773082800,338.79,345.0,338.79,341.73,405.6676
1773086400,341.68,341.74,338.99,340.14,70.8029
1773090000,341.51,341.73,340.83,341.12,76.6546
1773093600,341.62,341.96,340.0,340.01,47.7525
1773097200,340.02,341.0,336.97,337.1,225.4521
1773100800,337.15,340.04,336.94,339.02,392.9146
1773104400,339.01,339.15,337.17,339.12,77.3031
1773108000,339.26,342.75,338.34,341.54,394.4515
1773111600,341.67,342.07,338.25,338.25,261.4516
1773115200,338.37,341.01,337.78,341.01,198.6989
1773118800,341.65,342.5,340.76,340.9,79.7897
1773122400,340.48,340.87,339.49,340.27,39.9473
1773126000,340.02,342.06,340.02,341.24,47.1477
1773129600,342.88,343.9,341.64,341.64,326.0476
1773133200,341.53,344.18,341.53,343.65,116.0619
1773136800,343.71,344.8,342.25,343.13,322.9889
1773140400,342.93,343.09,341.88,341.92,171.0835
1773144000,341.55,341.55,340.55,341.48,320.3531
1773147600,341.89,343.2,338.27,339.22,200.6991
1773151200,339.21,346.55,335.5,346.55,380.1639
1773154800,346.55,348.36,344.15,347.96,1257.1832
1773158400,347.94,348.19,345.8,347.39,132.0951
1773162000,348.5,348.57,345.04,346.0,107.3039
1773165600,345.47,345.47,339.21,339.26,125.2819
1773169200,339.47,340.0,337.98,338.68,79.1255
1773172800,338.59,339.5,338.59,339.36,64.1955
1773176400,340.0,340.0,336.2,337.66,234.5469
1773180000,337.7,337.95,335.78,337.16,132.0514
1773183600,337.52,340.18,336.89,337.87,379.8537
1773187200,338.44,339.63,338.15,339.32,101.0508
1773190800,340.97,340.97,338.57,339.75,46.3502
1773194400,339.85,339.88,338.01,338.47,92.4435
1773198000,339.49,339.49,338.01,338.02,53.4013
1773201600,338.01,342.0,338.01,342.0,29.8747
1773205200,342.43,342.43,338.31,338.31,127.7387
1773208800,338.65,339.69,338.49,339.41,29.7534
1773212400,339.4,339.4,336.39,337.45,133.6837
1773216000,337.17,339.34,336.12,336.51,318.9904
1773219600,336.95,336.95,334.43,334.43,239.4364
1773223200,334.73,336.88,334.62,336.14,35.5595
1773226800,335.43,335.82,333.55,333.56,286.9981
1773230400,333.85,336.89,333.13,335.94,135.7966
1773234000,335.63,343.77,335.63,338.43,103.9894
1773237600,338.9,342.5,338.51,341.0,157.9881
1773241200,341.17,341.17,334.0,336.14,160.444
1773244800,336.33,340.55,336.33,340.55,109.5782
1773248400,340.71,344.41,340.71,343.01,189.5396
1773252000,343.43,345.98,342.89,344.8,53.0021
1773255600,344.8,344.8,342.66,342.99,8.0247
1773259200,342.19,343.26,342.19,343.26,1.7836
1773262800,343.11,343.11,342.36,343.0,16.6076
1773266400,343.51,344.84,341.47,341.47,45.2364
1773270000,341.77,342.99,340.01,340.08,29.9921
1773273600,340.31,341.22,340.11,341.07,99.0209
1773277200,340.74,340.74,338.33,338.49,266.8594
1773280800,338.5,338.5,336.04,336.04,227.0385
1773284400,336.04,336.35,334.88,335.06,261.8848
1773288000,335.14,336.79,335.14,335.8,212.4544
1773291600,336.03,336.42,335.52,336.16,59.2622
1773295200,335.6,336.91,335.6,336.91,352.3739
1773298800,336.9,338.64,335.81,338.49,288.9689
1773302400,339.02,339.45,337.7,338.93,166.3515
1773306000,338.57,341.18,337.89,339.47,66.9962
1773309600,340.02,343.28,339.61,342.16,357.8784
1773313200,342.78,343.54,342.34,342.38,14.1713
1773316800,342.21,345.0,342.2,344.62,60.8473
1773320400,344.69,345.88,341.34,342.66,220.8883
1773324000,342.76,345.59,337.35,337.99,372.489
1773327600,337.93,342.92,337.01,341.4,320.0719
1773331200,341.43,343.0,339.22,342.95,83.0208
1773334800,342.61,342.61,341.31,341.67,121.0992
1773338400,341.0,341.0,339.0,339.0,6.4298
1773342000,339.01,342.48,338.97,342.48,9.4184
1773345600,342.13,342.13,341.05,341.05,12.2351
1773349200,341.11,341.58,339.7,341.58,191.2544
1773352800,341.06,341.45,339.82,340.03,12.1069
1773356400,342.01,343.3,342.01,342.47,244.531
1773360000,342.78,357.68,342.78,353.67,925.541
1773363600,353.66,355.85,353.38,355.68,517.9872
1773367200,354.74,354.99,350.12,350.12,237.3916
1773370800,350.58,353.51,349.58,352.81,640.4065
1773374400,352.57,352.57,351.02,351.63,195.5251
1773378000,351.63,351.63,349.97,349.98,193.6901
1773381600,350.42,350.71,347.51,348.11,328.4383
1773385200,348.1,349.75,347.23,349.43,303.8795
1773388800,349.4,352.44,348.76,351.28,181.5914
1773392400,351.34,352.84,349.97,352.62,125.4184
1773396000,352.62,355.55,352.62,354.99,366.6591
1773399600,355.25,355.83,354.75,355.83,79.9109
1773403200,355.8,359.0,355.4,358.41,264.953
1773406800,358.63,362.87,358.02,361.84,284.6268
1773410400,362.0,365.0,356.15,356.36,570.286
1773414000,356.36,358.5,351.71,351.71,627.9202
1773417600,351.67,353.01,350.5,352.93,126.9592
1773421200,352.93,353.91,349.56,349.75,74.9831
1773424800,349.95,350.92,349.0,349.81,51.6406
1773428400,349.78,349.78,348.4,348.99,0.1147
1773432000,349.66,350.89,349.66,350.67,21.707
1773435600,350.36,350.92,349.08,349.57,92.2523
1773439200,348.89,348.89,346.9,347.12,130.8982
1773442800,346.91,347.95,346.91,347.73,116.3737
1773446400,347.59,348.31,347.4,347.44,29.0915
1773450000,347.47,348.35,347.41,348.35,33.8497
1773453600,348.15,348.45,347.56,347.84,34.2953
1773457200,348.55,350.14,348.44,349.31,33.3061
1773460800,349.31,350.2,349.3,349.3,18.5572
1773464400,349.3,349.3,348.01,348.2,44.2896
1773468000,348.0,348.0,344.05,345.25,152.8724
1773471600,345.39,345.6,345.02,345.2,139.0238
1773475200,345.2,345.67,344.76,344.76,139.3444
1773478800,344.77,345.09,343.5,343.74,42.5661
1773482400,343.63,343.75,343.0,343.0,48.8506
1773486000,343.0,343.89,343.0,343.89,177.626
1773489600,344.03,344.44,343.87,344.43,86.6642
1773493200,344.51,345.12,344.31,344.31,49.5552
1773496800,344.54,344.58,342.34,343.32,309.9561
1773500400,343.32,343.43,343.05,343.23,39.3746
1773504000,343.07,343.98,340.88,343.78,646.4996
1773507600,343.88,343.88,343.27,343.49,45.4026
1773511200,343.12,344.06,343.12,344.06,27.533
1773514800,343.69,344.22,343.69,343.83,16.3672
1773518400,344.19,344.19,344.19,344.19,1.4526
1773522000,343.97,344.8,343.32,344.8,5.793
1773525600,344.64,345.93,344.64,345.13,407.557
1773529200,346.94,348.5,346.94,347.96,32.5099
1773532800,347.78,348.63,347.53,348.02,14.6589
1773536400,347.37,347.57,346.91,346.91,3.3113
1773540000,347.28,350.0,347.28,349.47,195.5831
1773543600,349.68,349.68,347.61,347.61,29.0347
1773547200,347.61,348.79,347.61,348.79,9.7659
1773550800,348.79,350.0,348.79,349.81,145.8594
1773554400,349.84,350.0,349.01,349.57,33.8599
1773558000,349.51,349.99,349.01,349.02,65.0169
1773561600,349.0,349.88,348.8,349.7,52.6148
1773565200,350.0,351.35,350.0,350.02,281.8451
1773568800,350.23,350.37,350.0,350.0,47.9685
1773572400,350.0,350.64,349.48,350.27,48.3843
1773576000,350.35,350.35,349.55,349.55,13.4826
1773579600,349.54,349.63,346.65,347.03,374.6456
1773583200,347.61,347.61,347.01,347.01,75.6501
1773586800,348.02,348.15,347.31,348.15,25.2475
1773590400,347.31,347.98,346.23,346.23,18.7557
1773594000,346.99,350.14,346.99,350.14,5.7895
1773597600,349.77,350.43,347.46,347.46,9.1958
1773601200,348.04,348.87,348.04,348.05,0.8651
1773604800,348.4,351.0,348.4,350.81,13.6134
1773608400,350.84,355.11,350.64,354.99,194.9601
1773612000,355.0,364.99,355.0,364.79,402.8207
1773615600,364.98,366.29,361.37,363.08,321.9315
1773619200,363.37,365.91,362.08,362.82,532.0489
1773622800,362.82,362.82,360.7,362.76,76.1328
1773626400,362.77,363.0,359.56,360.58,686.5061
1773630000,360.23,368.97,360.23,366.91,550.6741
1773633600,366.97,369.04,366.01,368.41,287.4908
1773637200,368.41,369.9,367.16,369.7,133.4326
1773640800,369.69,369.69,366.49,367.72,170.4822
1773644400,367.68,368.65,367.39,367.69,347.0106
1773648000,367.7,369.24,364.44,364.86,249.8638
1773651600,365.14,367.88,364.73,366.87,261.1957
1773655200,367.06,369.68,366.95,369.49,94.2907
1773658800,369.48,369.48,368.35,368.65,57.1207
1773662400,369.5,369.99,368.5,369.01,42.5368
1773666000,369.01,373.88,368.06,368.12,684.4431
1773669600,368.06,373.89,363.55,367.45,424.3333
1773673200,367.84,370.12,367.0,367.0,496.6846
1773676800,366.62,369.09,366.49,369.09,123.7911
1773680400,369.46,371.0,369.01,369.9,107.3703
1773684000,370.59,373.0,370.59,371.19,68.9938
1773687600,371.18,373.97,370.46,373.49,378.8331
1773691200,373.97,377.19,373.96,377.09,118.8546
1773694800,376.56,379.49,376.45,378.21,88.191
1773698400,378.2,382.48,378.13,378.13,450.7664
1773702000,378.13,378.62,375.14,377.87,477.7232
1773705600,377.7,380.0,373.6,374.24,206.0915
1773709200,374.92,376.82,373.52,376.82,362.4065
1773712800,375.9,376.08,373.01,374.86,128.4954
1773716400,374.6,374.6,369.05,369.99,254.3953
1773720000,369.98,370.21,367.07,368.71,248.7077
1773723600,368.54,370.0,367.8,368.85,584.4538
1773727200,368.9,370.75,368.4,369.83,83.6996
1773730800,369.89,372.28,369.89,371.72,246.2257
1773734400,371.71,373.42,371.12,371.34,453.3885
1773738000,371.23,372.3,369.5,369.5,143.7159
1773741600,369.83,369.83,367.16,367.16,71.1678
1773745200,368.54,369.27,368.23,368.91,194.098
1773748800,369.74,369.74,367.38,367.38,17.4927
1773752400,367.41,371.72,367.34,368.81,155.3292
1773756000,368.98,372.0,368.21,371.98,68.2818
1773759600,372.0,374.1,367.55,369.34,321.0548
1773763200,370.25,372.88,370.25,371.87,195.7223
1773766800,372.0,372.49,371.4,372.26,83.9976
1773770400,372.47,375.91,372.47,374.7,17.9955
1773774000,375.4,375.4,374.05,374.05,0.3552
1773777600,372.38,372.38,371.78,372.33,0.5861
1773781200,373.36,374.82,373.36,374.81,41.5992
1773784800,375.0,375.4,372.39,374.47,140.2202
1773788400,374.74,375.16,371.58,372.25,72.3198
1773792000,371.77,372.83,370.05,371.54,205.1909
1773795600,371.55,372.43,370.69,370.69,54.9148
1773799200,370.69,373.1,370.69,372.65,90.4641
1773802800,372.91,374.67,372.64,373.02,304.2835
1773806400,372.64,372.64,369.51,369.51,68.8818
1773810000,369.78,369.99,369.2,369.2,115.7419
1773813600,369.21,371.28,369.21,370.66,309.9306
1773817200,370.0,370.32,369.81,369.82,72.6228
1773820800,370.0,370.63,369.87,370.03,105.9822
1773824400,370.02,371.2,370.02,370.91,62.5515
1773828000,370.98,371.79,369.0,369.01,188.5303
1773831600,369.45,369.98,363.01,363.01,751.8885
1773835200,363.0,363.0,357.05,357.06,543.3848
1773838800,357.05,357.1,355.1,356.02,402.2661
1773842400,356.29,356.34,351.13,351.49,304.6296
1773846000,351.43,352.44,350.44,352.22,606.5867
1773849600,351.82,351.82,350.26,351.02,153.4194
1773853200,350.97,355.54,350.79,354.95,46.8413
1773856800,355.99,357.81,353.06,353.1,32.8135
1773860400,353.78,354.78,353.73,353.73,43.4008
1773864000,353.91,355.46,351.36,355.46,118.9483
1773867600,355.17,357.0,355.17,357.0,31.5851
1773871200,357.01,357.01,356.01,356.01,52.1011
1773874800,356.01,356.01,355.01,355.49,93.6905
1773878400,355.55,356.5,355.49,356.46,28.2091
1773882000,356.17,357.08,356.07,357.05,196.5807
1773885600,356.03,357.24,356.03,356.09,39.3084
1773889200,356.1,360.97,356.1,359.57,316.4798
1773892800,358.78,358.78,355.55,355.8,101.0899
1773896400,355.8,360.21,355.32,355.32,333.3596
1773900000,355.24,356.26,355.23,355.96,92.2604
1773903600,356.11,356.66,352.05,354.65,214.8355
1773907200,354.75,354.75,353.65,353.9,171.3956
1773910800,353.9,357.29,353.23,356.95,132.0265
1773914400,356.63,357.95,355.8,355.8,46.342
1773918000,355.8,356.16,354.75,354.82,20.2146
1773921600,354.83,354.83,350.05,350.05,153.6558
1773925200,350.06,351.54,348.01,351.21,532.7875
1773928800,351.55,351.55,348.01,349.99,195.6774
1773932400,349.99,351.15,347.01,348.19,199.7076
1773936000,347.44,348.22,346.08,347.87,241.2136
1773939600,347.41,350.32,346.44,349.95,113.3697
1773943200,349.87,350.21,348.21,349.39,39.8331
1773946800,350.19,352.99,350.19,352.21,31.8286
1773950400,351.64,352.78,351.64,352.55,43.9487
1773954000,352.55,353.46,352.04,352.99,103.8504
1773957600,353.07,353.07,351.04,351.26,77.1114
1773961200,351.69,352.76,351.25,351.25,7.6064
1773964800,351.97,353.55,351.97,353.15,129.7015
1773968400,354.03,354.8,353.82,353.82,20.7405
1773972000,353.88,354.21,351.94,353.44,119.3428
1773975600,353.27,354.55,353.27,354.46,115.5652
1773979200,354.36,354.82,352.0,353.19,186.674
1773982800,353.13,353.95,352.54,353.95,8.3399
1773986400,353.15,353.15,352.41,352.87,50.0526
1773990000,352.4,354.16,351.01,354.16,75.9807
1773993600,354.13,357.53,354.13,355.69,251.91
1773997200,355.38,355.38,351.43,352.53,76.5188
1774000800,352.18,354.44,351.88,354.43,7.5303
1774004400,354.09,354.57,352.47,352.47,29.3218
1774008000,353.51,354.14,353.11,353.2,61.2762
1774011600,353.49,354.64,351.94,352.19,49.1129
1774015200,352.19,355.66,351.53,354.01,106.9667
1774018800,354.01,354.01,351.78,352.58,52.5882
1774022400,353.26,353.77,352.5,352.79,37.0978
1774026000,352.95,353.08,350.52,352.98,1082.6288
1774029600,352.84,352.96,350.63,351.2,13.5338
1774033200,351.87,352.21,350.86,352.21,11.8144
1774036800,352.79,353.45,352.37,353.2,7.5542
1774040400,353.22,356.2,353.21,355.47,20.3177
1774044000,355.73,357.44,355.73,357.39,48.1329
1774047600,357.24,357.24,356.13,356.13,30.5671
1774051200,356.25,357.14,356.25,356.85,39.3448
1774054800,357.0,357.29,356.31,356.31,106.6675
1774058400,356.17,358.0,356.17,358.0,51.6357
1774062000,358.0,358.96,358.0,358.96,288.0568
1774065600,358.97,359.98,358.04,358.04,42.1593
1774069200,358.84,359.55,357.56,357.61,25.4877
1774072800,358.31,358.62,358.04,358.61,43.8677
1774076400,358.62,358.66,358.61,358.62,40.2991
1774080000,358.62,358.65,357.41,357.74,86.9701
1774083600,357.74,359.24,357.74,359.14,92.272
1774087200,359.05,359.06,356.78,358.07,42.4118
1774090800,358.06,358.06,357.83,357.91,54.6994
1774094400,357.97,358.78,357.92,358.78,24.364
1774098000,358.8,358.82,358.21,358.21,259.5667
1774101600,358.05,359.05,356.89,356.89,40.3556
1774105200,356.52,357.56,355.69,357.23,72.3893
1774108800,357.24,357.79,356.32,356.35,43.2287
1774112400,356.6,356.6,355.95,356.12,63.4356
1774116000,356.16,357.35,356.08,356.94,69.3659
1774119600,356.98,357.03,356.49,356.49,10.7617
1774123200,356.59,358.27,356.59,357.84,47.8042
1774126800,357.8,357.89,357.17,357.17,15.9029
1774130400,356.88,357.36,356.88,356.99,45.0847
1774134000,356.28,356.55,347.82,347.82,328.6024
1774137600,347.53,348.51,345.23,347.4,376.8104
1774141200,347.48,348.54,346.82,347.64,174.7016
1774144800,348.28,351.04,348.14,350.85,141.8
1774148400,350.69,353.37,349.54,352.89,112.6654
1774152000,353.69,354.54,353.12,354.27,53.0957
1774155600,353.42,353.5,352.59,352.59,71.5973
1774159200,352.43,352.43,351.61,351.92,65.6431
1774162800,351.91,352.25,351.0,351.01,24.0592
1774166400,351.0,351.0,347.79,348.65,119.3936
1774170000,349.04,349.71,348.59,348.7,20.9875
1774173600,348.62,349.51,348.62,349.19,24.2576
1774177200,349.18,349.28,347.37,347.37,52.9072
1774180800,347.56,348.46,347.12,348.14,67.5652
1774184400,349.74,349.74,347.81,348.13,15.1966
1774188000,347.87,349.17,347.67,348.08,42.5349
1774191600,347.92,348.41,347.68,348.41,18.9637
1774195200,348.41,349.85,348.41,349.09,342.3725
1774198800,348.81,349.09,348.15,348.37,18.9271
1774202400,348.36,348.36,346.65,346.65,59.3633
1774206000,347.44,347.54,346.13,346.95,155.9495
1774209600,347.9,347.98,346.1,346.1,22.9407
1774213200,346.0,346.0,341.38,342.54,326.7808
1774216800,342.1,346.49,342.08,346.35,31.3164
1774220400,346.35,347.06,342.52,344.13,400.1496
1774224000,344.13,345.49,341.73,342.68,481.2213
1774227600,342.34,344.66,342.34,343.49,135.9596
1774231200,343.1,346.22,342.7,345.03,103.6056
1774234800,346.58,346.58,344.35,344.46,184.8949
1774238400,344.71,345.88,344.27,345.81,406.3694
1774242000,345.95,347.32,345.95,347.32,26.2379
1774245600,346.84,346.84,343.03,343.03,116.3744
1774249200,343.03,344.23,341.55,343.99,413.2764
1774252800,344.14,345.32,344.14,344.59,33.7038
1774256400,344.13,344.13,340.28,341.71,464.6688
1774260000,341.94,343.0,341.52,342.98,113.5463
1774263600,342.99,364.32,342.68,353.05,904.2442
1774267200,352.76,358.84,352.05,358.84,75.4978
1774270800,358.59,362.0,357.64,361.99,236.3385
1774274400,362.0,362.99,361.55,362.91,78.1563
1774278000,362.92,364.99,356.72,357.03,411.7034
1774281600,357.21,358.49,355.07,358.22,260.8353
1774285200,358.57,361.73,356.0,361.73,89.2368
1774288800,361.75,362.98,360.75,362.98,28.3671
1774292400,362.52,363.39,362.52,363.26,247.1647
1774296000,361.7,364.0,361.7,364.0,39.5443
1774299600,363.7,363.88,362.6,363.88,10.5165
1774303200,363.13,363.13,360.43,362.11,245.6141
1774306800,362.01,362.01,360.46,361.29,36.0619
1774310400,361.2,361.2,358.35,359.58,202.1627
1774314000,359.21,359.48,356.99,357.77,429.6564
1774317600,357.77,357.77,357.1,357.1,38.989
1774321200,356.48,356.98,355.87,356.98,103.4765
1774324800,357.36,358.65,356.43,357.44,239.4231
1774328400,357.31,357.31,356.04,356.58,213.3371
1774332000,356.65,357.9,356.65,357.85,25.7021
1774335600,358.7,363.3,358.7,363.3,98.9317
1774339200,363.3,363.31,361.68,363.31,221.304
1774342800,362.69,364.49,361.45,364.49,133.0195
1774346400,364.49,364.98,363.94,364.02,13.1024
1774350000,363.6,364.99,362.83,362.93,218.7226
1774353600,363.46,363.46,363.02,363.02,1.7029
1774357200,363.08,363.28,356.05,356.05,63.6344
1774360800,356.62,356.62,352.7,353.52,235.1744
1774364400,355.84,357.44,355.53,355.92,137.7604
1774368000,355.76,356.13,353.87,354.32,59.5305
1774371600,354.0,354.0,352.71,353.21,142.7584
1774375200,353.58,354.31,353.11,353.44,97.6562
1774378800,352.73,353.31,351.66,351.66,36.2598
1774382400,352.74,357.07,352.74,357.07,116.2125
1774386000,357.4,358.0,356.99,358.0,1.5802
1774389600,358.48,358.8,357.92,358.34,45.4954
1774393200,358.34,360.97,357.96,360.54,96.7859
1774396800,360.18,362.23,360.01,362.0,75.779
1774400400,361.52,361.53,360.43,360.71,47.7995
1774404000,360.36,361.94,360.36,361.94,35.415
1774407600,361.16,364.31,360.13,364.25,114.1499
1774411200,363.45,364.12,363.13,364.12,75.7521
1774414800,364.59,367.53,364.59,366.08,231.3544
1774418400,366.1,367.76,366.06,367.0,89.9154
1774422000,366.39,366.39,363.88,363.88,80.3663
1774425600,364.02,366.99,363.76,365.92,225.7721
1774429200,365.9,367.38,365.72,365.72,131.8369
1774432800,366.76,367.23,366.44,367.23,25.317
1774436400,367.38,370.98,366.86,369.0,1074.4914
1774440000,369.75,370.98,366.57,370.98,106.6807
1774443600,370.37,370.37,369.27,369.27,30.7866
1774447200,368.24,368.48,365.89,366.03,147.5555
1774450800,365.84,365.85,362.88,364.86,127.586
1774454400,364.8,367.76,364.37,366.92,439.466
1774458000,366.63,366.66,365.53,365.67,10.9097
1774461600,365.02,365.99,364.18,364.19,230.5923
1774465200,365.11,365.11,364.38,364.79,5.2947
1774468800,364.0,364.0,362.89,363.98,10.3265
1774472400,363.61,363.61,362.82,363.18,38.4007
1774476000,362.61,364.8,362.07,364.63,43.2782
1774479600,364.59,364.7,364.13,364.55,93.0303
1774483200,364.51,365.49,364.07,365.49,26.0796
1774486800,365.13,365.81,364.69,365.81,92.6314
1774490400,364.79,364.82,362.3,362.97,99.4983
1774494000,362.88,363.88,362.33,363.85,54.6003
1774497600,363.26,363.26,362.71,362.93,16.6987
1774501200,362.87,362.87,358.05,358.06,189.0288
1774504800,358.06,358.06,356.05,356.59,70.72
1774508400,356.51,357.14,356.5,356.98,1063.1562
1774512000,356.62,356.62,355.09,355.79,66.1027
1774515600,355.73,356.2,352.62,353.41,154.8636
1774519200,353.17,353.81,352.62,352.62,72.6267
1774522800,352.62,352.78,351.26,351.26,142.3694
1774526400,351.26,352.19,351.25,351.25,264.6605
1774530000,351.44,353.53,351.0,352.09,264.4289
1774533600,352.67,353.27,350.79,350.79,332.8044
1774537200,350.67,351.54,348.8,351.48,810.0999
1774540800,351.48,351.68,350.01,350.01,112.3846
1774544400,350.01,350.93,347.5,347.88,152.2277
1774548000,348.21,348.22,345.06,345.54,654.8448
1774551600,345.27,345.51,344.0,344.0,172.2041
1774555200,343.26,348.53,343.26,346.56,279.0623
1774558800,346.46,349.35,346.46,349.0,27.3414
1774562400,349.0,349.0,346.22,348.28,20.0117
1774566000,348.82,348.91,346.3,347.24,130.1387
1774569600,347.29,348.29,346.29,347.46,115.2853
1774573200,348.52,349.47,347.27,349.47,293.7963
1774576800,349.22,349.42,348.18,348.82,124.0182
1774580400,348.59,348.59,347.14,347.52,149.6524
1774584000,347.01,347.01,345.79,346.73,332.7015
1774587600,346.59,348.67,346.21,346.51,257.1757
1774591200,346.48,347.28,346.48,346.87,74.2251
1774594800,346.83,347.49,346.01,346.03,86.0752
1774598400,346.48,346.48,341.1,343.07,910.4283
1774602000,342.92,343.43,341.1,342.99,529.3518
1774605600,342.11,343.0,336.18,336.18,675.8935
1774609200,336.18,337.66,335.0,337.44,454.122
1774612800,337.25,337.5,336.46,336.65,346.4328
1774616400,336.89,338.4,335.66,336.64,316.4261
1774620000,337.17,338.37,336.01,337.84,166.721
1774623600,338.01,341.0,337.38,338.58,195.6823
1774627200,339.16,339.16,336.01,338.13,133.6687
1774630800,338.13,338.33,335.0,335.01,150.557
1774634400,335.0,335.65,334.41,335.02,41.9695
1774638000,334.17,335.94,334.14,335.94,29.3425
1774641600,336.28,336.29,334.51,335.94,53.1939
1774645200,335.87,336.74,335.23,335.53,71.8599
1774648800,335.02,335.77,334.67,335.42,27.303
1774652400,335.43,337.03,335.0,337.03,36.1614
1774656000,336.83,336.86,335.03,335.75,145.8688
1774659600,335.73,335.96,334.51,335.43,88.2426
1774663200,335.46,336.31,334.53,335.1,137.7672
1774666800,335.12,335.66,334.9,335.08,24.6197
1774670400,335.14,335.8,334.51,334.85,136.433
1774674000,335.04,335.68,334.35,335.12,113.6855
1774677600,335.19,337.34,334.96,337.18,79.572
1774681200,337.16,338.82,336.98,338.82,121.601
1774684800,338.83,339.05,338.02,338.21,374.4288
1774688400,338.21,338.21,336.62,336.74,123.7999
1774692000,336.74,337.92,335.01,336.52,111.5747
1774695600,336.52,336.67,335.03,335.53,295.0529
1774699200,336.2,337.11,335.0,335.0,156.488
1774702800,335.01,339.8,335.01,338.0,167.6428
1774706400,337.45,337.99,335.52,336.82,15.1068
1774710000,337.0,339.99,336.35,338.56,141.7001
1774713600,338.95,339.14,337.78,337.78,7.5258
1774717200,337.95,337.95,336.27,336.62,32.0496
1774720800,337.04,337.23,337.03,337.04,12.4306
1774724400,337.03,337.03,335.56,335.89,49.8981
1774728000,335.89,337.43,335.89,337.43,23.0727
1774731600,336.59,336.59,333.6,333.6,165.7069
1774735200,333.77,334.9,333.77,334.78,1.1671
1774738800,333.95,333.95,330.9,331.4,259.5249
1774742400,331.59,332.19,331.0,331.89,119.4269
1774746000,332.08,333.32,331.9,333.32,50.6313
1774749600,334.2,334.2,334.18,334.18,4.4816
1774753200,334.33,335.89,334.3,335.27,131.152
1774756800,335.0,335.01,334.49,334.74,41.6846
1774760400,334.04,334.04,333.01,334.02,2.2618
1774764000,334.19,334.4,332.83,332.83,59.4836
1774767600,333.06,333.06,332.82,333.06,38.9538
1774771200,333.01,333.06,332.87,333.06,28.1532
1774774800,333.0,333.04,332.11,332.84,39.333
1774778400,332.65,332.65,332.0,332.09,92.8607
1774782000,332.09,334.65,332.09,333.91,116.8854
1774785600,333.82,333.82,332.45,333.09,56.4646
1774789200,333.12,333.12,331.02,331.14,452.5446
1774792800,331.04,331.73,331.0,331.15,62.5648
1774796400,331.27,331.66,330.36,330.94,35.8742
1774800000,330.85,331.73,330.53,330.53,41.7149
1774803600,330.54,330.94,329.0,329.77,540.4863
1774807200,330.0,331.11,329.77,330.87,47.7253
1774810800,331.06,331.06,330.54,330.54,2.7346
1774814400,330.53,331.96,330.49,331.96,8.9346
1774818000,331.96,331.96,331.96,331.96,0.0
1774821600,330.49,330.79,321.05,327.08,764.8097
1774825200,327.6,329.93,327.6,329.82,182.4038
1774828800,329.04,333.99,328.02,331.67,271.2668
1774832400,331.99,334.39,331.99,334.32,15.3692
1774836000,334.18,337.94,333.17,337.94,118.9359
1774839600,335.93,336.58,335.69,336.41,251.995
1774843200,336.5,341.92,336.5,338.37,269.3412
1774846800,338.94,339.7,337.1,337.1,49.9209
1774850400,337.88,337.88,337.01,337.01,11.675
1774854000,337.48,339.59,337.12,338.94,57.6302
1774857600,339.54,341.88,339.54,340.93,39.0254
1774861200,340.8,340.95,340.02,340.02,32.9456
1774864800,340.01,340.01,338.32,338.96,240.9327
1774868400,338.99,341.12,338.98,340.05,420.9436
1774872000,340.66,341.44,340.21,341.44,18.875
1774875600,341.25,342.92,340.0,340.0,42.6695
1774879200,340.0,342.85,338.78,340.45,89.8384
1774882800,340.52,342.03,339.78,341.35,64.6416
1774886400,341.34,341.34,339.53,339.94,44.9499
1774890000,339.98,340.0,336.42,336.43,339.5905
1774893600,336.44,336.44,334.12,334.12,72.9894
1774897200,334.06,334.06,332.5,332.5,48.2021
1774900800,334.85,334.85,333.87,334.56,16.3343
1774904400,335.02,337.32,335.02,335.93,29.7183
1774908000,335.48,335.48,334.65,334.65,19.5946
1774911600,333.79,333.79,333.06,333.21,105.0395
1774915200,333.59,334.61,332.76,334.05,28.7661
1774918800,334.48,340.59,334.46,338.25,71.2809
1774922400,338.59,339.27,337.84,338.3,88.2326
1774926000,337.8,337.91,336.37,336.76,146.6663
1774929600,336.91,337.51,336.36,336.36,97.1856
1774933200,336.34,337.0,335.0,337.0,37.3687
1774936800,337.16,337.16,335.18,336.63,51.9578
1774940400,336.41,336.49,334.49,335.49,73.2713
1774944000,335.07,335.46,333.01,333.08,46.5569
1774947600,333.0,333.01,325.06,325.87,473.3811
1774951200,325.87,327.45,325.87,327.27,145.9745
1774954800,327.27,327.99,326.22,327.99,111.1824
1774958400,328.46,328.88,326.42,328.09,77.0698
1774962000,328.11,331.94,328.11,331.91,180.6884
1774965600,332.3,334.16,326.5,326.5,738.6262
1774969200,327.17,330.26,327.17,327.86,30.805
1774972800,328.0,333.54,327.8,333.08,14.0146
1774976400,333.07,336.87,333.0,333.0,128.8575
1774980000,335.37,335.37,334.77,334.77,9.6283
1774983600,334.38,334.66,334.38,334.66,1.4539
1774987200,335.38,335.7,335.1,335.7,3.1886
1774990800,335.69,335.69,334.37,335.18,53.0683
1774994400,334.81,334.81,334.1,334.51,6.3262
1774998000,334.3,336.1,334.3,336.1,103.9665
1775001600,336.03,336.32,335.01,336.32,65.5246
1775005200,336.39,336.44,334.69,334.69,179.1508
1775008800,334.45,334.45,333.44,333.61,40.3548
1775012400,333.9,336.46,333.9,336.32,162.3214
1775016000,336.89,338.0,336.38,337.99,96.2822
1775019600,337.42,339.95,337.42,339.68,154.4282
1775023200,339.95,341.0,339.5,340.73,218.8204
1775026800,340.71,340.91,338.58,338.59,52.4356
1775030400,338.58,338.58,336.96,336.96,86.7948
1775034000,336.95,336.98,335.14,336.0,282.3466
1775037600,335.76,336.02,335.04,336.02,14.8552
1775041200,335.82,336.4,335.19,335.91,47.0306
1775044800,335.73,336.47,334.01,334.8,81.8497
1775048400,334.69,336.13,333.0,333.52,428.5957
1775052000,333.31,336.0,333.08,336.0,44.5811
1775055600,336.21,336.67,335.13,336.67,9.9759
1775059200,337.1,343.06,336.19,341.94,264.2778
1775062800,343.86,347.48,340.39,341.48,342.5261
1775066400,339.11,339.11,337.77,337.77,1.4161
1775070000,338.2,339.05,338.2,339.05,26.8389
1775073600,337.19,337.19,332.31,332.94,729.6744
1775077200,332.82,333.95,328.03,329.26,260.2756
1775080800,329.32,329.56,325.73,326.44,167.7871
1775084400,326.75,328.18,326.55,327.18,152.3791
1775088000,327.15,328.91,326.57,328.49,414.5734
1775091600,328.12,328.12,319.01,320.03,1065.7568
1775095200,319.75,319.76,317.0,318.26,344.8082
1775098800,318.14,320.58,318.04,319.2,205.9338
1775102400,319.51,320.16,319.22,319.71,168.3736
1775106000,319.72,320.84,318.41,320.84,137.738
1775109600,320.77,321.54,320.15,320.37,81.6036
1775113200,320.38,322.74,320.35,322.74,40.5249
1775116800,322.73,322.96,320.77,320.89,134.2073
1775120400,320.94,321.56,320.76,321.55,14.4161
1775124000,321.41,321.47,320.0,320.05,134.219
1775127600,320.06,320.46,317.95,317.96,297.2299
1775131200,318.01,318.49,316.65,316.65,363.7033
1775134800,316.94,317.29,311.78,315.58,1099.9204
1775138400,315.07,322.85,315.01,321.77,115.2901
1775142000,320.86,320.93,318.3,320.06,74.2695
1775145600,321.02,323.02,320.0,322.88,118.1067
1775149200,322.88,323.2,319.99,319.99,14.887
1775152800,319.46,320.33,319.07,319.07,4.4044
1775156400,320.94,320.94,320.42,320.42,4.4714
1775160000,321.02,321.89,321.02,321.11,18.5575
1775163600,321.0,321.0,320.0,320.0,39.7537
1775167200,320.15,320.93,320.15,320.65,20.2008
1775170800,320.39,320.39,320.15,320.27,3.9654
1775174400,320.34,321.43,320.14,320.97,137.2182
1775178000,321.3,322.97,320.32,320.77,143.0973
1775181600,320.73,322.37,320.15,321.7,52.1029
1775185200,321.85,321.85,320.71,320.71,12.8012
1775188800,320.22,322.02,320.22,321.1,101.902
1775192400,321.33,321.98,320.69,321.17,32.8963
1775196000,320.64,322.43,320.64,322.24,57.9071
1775199600,321.82,323.17,321.62,323.11,38.5656
1775203200,323.11,323.88,322.93,322.93,97.8272
1775206800,322.94,323.95,322.94,323.54,102.6768
1775210400,323.5,324.41,323.04,323.52,39.8624
1775214000,324.46,325.0,323.91,323.91,94.7379
1775217600,324.27,326.0,321.17,321.17,156.0829
1775221200,321.05,321.75,321.01,321.38,68.1049
1775224800,323.03,324.0,322.88,324.0,37.539
1775228400,324.27,325.7,324.27,325.31,46.0674
1775232000,325.0,325.23,324.23,325.23,7.1073
1775235600,325.01,325.01,323.01,323.5,48.1961
1775239200,323.99,324.56,323.75,323.76,2.5539
1775242800,323.51,323.59,323.51,323.59,18.7682
1775246400,323.99,323.99,323.99,323.99,15.3309
1775250000,324.0,325.0,324.0,324.86,1.4206
1775253600,324.14,324.14,323.08,323.68,32.2417
1775257200,324.03,324.03,324.03,324.03,0.5597
1775260800,323.93,324.24,323.93,324.01,1.737
1775264400,324.0,324.0,323.79,323.79,31.8499
1775268000,323.81,324.43,323.81,324.01,37.9521
1775271600,324.49,324.49,324.13,324.14,38.8151
1775275200,324.22,324.64,324.22,324.58,9.2014
1775278800,324.26,324.56,324.26,324.38,46.8985
1775282400,324.34,325.0,324.26,325.0,20.8558
1775286000,325.23,325.24,324.62,324.68,20.4713
1775289600,324.68,324.7,323.78,323.78,17.9255
1775293200,323.65,324.11,323.63,324.11,2.5617
1775296800,324.31,324.75,324.19,324.74,12.4276
1775300400,324.57,324.71,324.53,324.58,137.3948
1775304000,324.53,324.53,324.17,324.17,31.986
1775307600,324.23,324.39,324.16,324.24,92.6234
1775311200,324.16,324.53,323.0,324.53,46.9563
1775314800,324.9,329.1,324.89,328.17,119.9243
1775318400,328.41,329.2,327.44,327.44,21.2222
1775322000,326.78,327.63,326.78,327.63,12.0906
1775325600,327.97,327.97,327.97,327.97,0.4731
1775329200,327.29,328.45,327.29,327.52,5.0395
1775332800,327.03,327.03,327.02,327.02,3.3673
1775336400,327.36,327.43,327.36,327.43,0.2076
1775340000,327.46,327.72,327.45,327.72,20.4585
1775343600,327.08,327.23,326.89,327.23,2.3911
1775347200,326.89,326.89,326.77,326.77,1.2597
1775350800,326.58,326.78,326.58,326.65,3.9757
1775354400,326.0,326.23,325.74,326.23,69.6007
1775358000,326.34,326.34,325.9,326.12,26.8265
1775361600,325.89,326.07,325.84,326.07,80.5189
1775365200,325.59,325.66,325.08,325.19,48.2932
1775368800,325.76,325.76,322.24,323.2,128.5156
1775372400,323.3,323.51,322.71,322.73,38.9614
1775376000,322.73,323.09,322.72,322.72,33.3473
1775379600,322.87,323.67,322.87,323.52,26.2259
1775383200,323.55,324.43,323.51,323.51,100.6525
1775386800,323.64,323.68,323.64,323.68,1.2866
1775390400,323.72,323.72,320.0,320.0,101.811
1775394000,320.63,320.63,319.38,320.45,112.4971
1775397600,321.0,322.0,321.0,321.42,218.0952
1775401200,321.39,324.41,320.6,323.0,60.9977
1775404800,322.48,322.84,322.47,322.47,3.7405
1775408400,321.98,323.19,321.77,323.19,11.3551
1775412000,322.99,323.19,322.99,323.19,0.5434
1775415600,324.19,324.19,324.19,324.19,2.0598
1775419200,323.36,323.36,323.0,323.0,6.3893
1775422800,322.81,322.81,322.38,322.38,0.3547
1775426400,321.47,325.0,320.95,325.0,12.333
1775430000,325.0,330.54,325.0,330.48,221.8407
1775433600,330.69,333.54,330.69,332.26,233.9158
1775437200,331.9,331.9,328.98,329.68,258.2474
1775440800,329.98,332.34,329.98,332.34,42.0552
1775444400,332.05,332.05,329.85,330.21,23.9286
1775448000,330.66,330.68,329.66,330.01,29.8861
1775451600,330.0,330.01,329.67,329.74,33.4536
1775455200,329.75,329.75,326.7,328.19,144.7979
1775458800,328.18,329.68,327.43,329.34,25.3528
1775462400,329.09,330.45,329.03,329.8,81.3027
1775466000,330.12,333.32,330.12,331.6,241.4034
1775469600,331.62,332.97,331.62,332.16,44.8251
1775473200,332.16,332.16,331.42,331.42,60.3625
1775476800,331.37,331.59,330.66,330.99,191.3645
1775480400,330.99,331.97,330.65,331.12,33.3739
1775484000,331.99,331.99,329.03,330.24,87.9005
1775487600,330.11,331.01,330.0,330.96,36.0142
1775491200,330.94,330.94,328.5,328.5,7.9871
1775494800,327.35,328.04,326.74,328.0,121.08
1775498400,327.88,329.91,327.88,329.06,0.8713
1775502000,329.05,329.05,328.23,328.37,1.4965
1775505600,329.21,329.67,329.21,329.67,1.304
1775509200,329.65,329.65,327.71,327.71,8.5249
1775512800,327.21,327.21,323.18,323.18,36.1267
1775516400,323.0,323.0,320.6,322.93,200.5059
1775520000,322.77,322.89,321.16,322.16,94.0501
1775523600,322.16,322.9,320.81,320.81,154.3713
1775527200,321.06,322.18,321.06,322.0,52.5584
1775530800,322.09,322.41,321.82,322.1,59.4608
1775534400,322.11,323.47,322.11,322.75,9.0495
1775538000,322.75,322.75,321.85,321.86,157.8866
1775541600,321.87,321.87,321.43,321.44,27.3544
1775545200,321.92,322.59,321.92,322.52,18.2327
1775548800,322.59,323.6,322.59,323.44,105.3438
1775552400,323.44,324.76,323.44,324.52,43.6121
1775556000,324.1,324.1,320.61,320.7,85.6807
1775559600,320.7,320.97,319.51,320.01,196.093
1775563200,320.23,320.23,318.55,319.86,199.115
1775566800,319.76,320.03,319.09,320.03,27.0511
1775570400,319.34,319.34,317.24,318.5,123.8804
1775574000,318.01,318.95,317.5,318.87,233.4087
1775577600,318.78,319.51,318.77,319.12,25.4466
1775581200,319.15,326.34,319.01,323.91,51.7641
1775584800,323.74,323.74,323.74,323.74,7.0451
1775588400,322.56,330.0,322.56,329.99,43.8797
1775592000,330.0,331.82,330.0,330.82,77.9791
1775595600,331.0,334.92,331.0,333.87,100.513
1775599200,334.6,341.94,334.6,341.94,539.2104
1775602800,341.62,348.95,341.62,344.54,825.5476
1775606400,344.29,344.4,337.02,338.27,1153.1146
1775610000,338.1,338.92,337.16,338.13,224.6739
1775613600,338.15,338.75,336.85,337.71,208.0668
1775617200,337.7,337.7,336.89,337.01,50.8661
1775620800,337.24,338.6,337.17,337.17,70.0856
1775624400,337.16,337.39,335.65,335.65,90.1287
1775628000,335.6,336.44,334.31,336.44,134.4149
1775631600,336.43,336.43,335.22,335.51,109.2944
1775635200,336.04,337.14,335.6,337.14,106.7673
1775638800,337.45,337.46,335.97,336.41,58.9724
1775642400,336.51,336.51,336.5,336.51,8.2046
1775646000,336.5,337.21,335.0,335.76,144.3068
1775649600,335.68,336.1,334.69,336.1,139.2829
1775653200,336.1,336.77,334.29,334.29,231.8021
1775656800,334.06,334.06,328.01,328.64,394.3964
1775660400,329.91,331.77,329.89,331.66,133.4222
1775664000,331.83,332.12,331.5,332.12,40.4322
1775667600,332.35,334.83,330.91,334.54,69.8019
1775671200,334.44,334.66,331.27,331.27,6.2876
1775674800,330.5,331.19,330.32,330.83,24.3807
1775678400,331.9,331.9,331.9,331.9,3.012
1775682000,331.78,332.58,331.78,332.58,3.3146
1775685600,331.78,331.78,329.59,329.59,120.6995
1775689200,329.5,330.42,328.5,329.47,33.7608
1775692800,329.42,329.99,327.94,328.5,19.8943
1775696400,327.44,328.63,327.22,328.63,96.1111
1775700000,328.6,329.0,328.19,328.19,41.4672
1775703600,328.02,328.1,327.23,327.56,129.5615
1775707200,327.22,327.6,327.04,327.57,111.5762
1775710800,327.2,328.61,326.6,327.72,55.4727
1775714400,327.72,328.43,327.27,328.15,22.5518
1775718000,328.51,328.65,328.51,328.55,28.9474
1775721600,329.09,329.95,328.51,329.58,13.9535
1775725200,329.55,329.99,328.67,329.99,48.7831
1775728800,329.99,330.26,329.21,330.03,59.4831
1775732400,329.0,329.0,328.55,328.58,38.3378
1775736000,328.8,328.88,328.35,328.75,19.1271
1775739600,328.47,328.9,327.01,327.01,54.5026
1775743200,326.7,328.55,325.95,328.54,72.8918
1775746800,328.67,334.79,328.67,334.73,98.7959
1775750400,334.91,335.5,331.57,332.09,160.2514
1775754000,335.6,337.0,334.92,337.0,38.3597
1775757600,336.62,336.62,333.74,333.74,60.484
1775761200,334.28,335.74,333.59,335.3,46.8034
1775764800,336.66,336.66,335.78,335.78,45.8401
1775768400,336.01,336.8,336.01,336.8,2.938
1775772000,336.13,341.64,334.9,334.9,255.8593
1775775600,334.87,334.88,332.02,332.39,28.3083
1775779200,332.21,332.21,331.01,331.01,75.9468
1775782800,331.02,332.61,330.72,331.89,31.967
1775786400,331.89,331.96,331.5,331.5,7.9472
1775790000,330.79,331.18,330.0,330.29,19.1381
1775793600,330.11,331.94,330.11,331.39,50.4249
1775797200,331.22,331.94,330.59,331.3,142.5238
1775800800,331.41,331.85,330.71,330.77,65.3677
1775804400,330.96,331.15,330.01,330.01,154.8387
1775808000,330.65,330.75,329.35,329.97,405.3775
1775811600,331.04,332.51,331.04,332.4,217.5693
1775815200,332.2,332.32,330.92,331.54,120.5034
1775818800,331.6,333.09,331.6,332.72,65.1872
1775822400,332.27,335.53,332.01,335.08,69.3434
1775826000,334.88,335.41,332.6,335.41,70.9041
1775829600,335.42,338.98,335.42,338.2,894.247
1775833200,338.64,339.0,335.41,335.41,284.2509
1775836800,335.15,336.74,335.15,336.7,112.4319
1775840400,337.07,337.15,336.54,336.54,18.5671
1775844000,336.54,337.16,336.39,337.16,97.1178
1775847600,338.38,338.99,338.13,338.82,22.9398
1775851200,338.8,339.15,338.6,339.15,17.7321
1775854800,338.0,338.0,337.7,337.7,3.9823
1775858400,337.39,337.39,336.22,336.6,6.428
1775862000,336.6,336.91,336.58,336.62,33.1056
1775865600,336.5,336.5,335.83,336.24,32.474
1775869200,336.44,336.55,335.26,336.55,1.4878
1775872800,336.71,336.72,336.55,336.55,11.4979
1775876400,336.75,336.99,335.5,335.5,20.9252
1775880000,335.67,335.67,334.98,335.35,88.0834
1775883600,335.07,335.13,334.97,334.97,34.2761
1775887200,334.95,334.96,333.86,334.55,41.2841
1775890800,334.56,335.37,334.56,335.23,198.0645
1775894400,335.3,335.88,335.13,335.31,133.5268
1775898000,335.01,337.43,335.01,337.37,141.8414
1775901600,336.43,336.43,334.54,334.64,57.8761
1775905200,334.74,335.26,334.01,335.26,31.3353
1775908800,335.48,336.4,335.38,335.45,92.9573
1775912400,335.0,335.16,334.12,335.11,28.9201
1775916000,334.97,336.03,334.97,335.79,173.8797
1775919600,336.09,337.54,336.09,336.89,13.7213
1775923200,337.28,339.0,336.96,338.56,49.2563
1775926800,338.3,338.3,337.14,337.54,23.0648
1775930400,337.48,340.53,337.48,339.71,34.8612
1775934000,339.77,342.3,339.77,342.3,35.6355
1775937600,342.03,342.03,338.48,338.48,33.5808
1775941200,339.08,339.08,339.08,339.08,2.665
1775944800,339.97,340.63,338.12,338.5,121.6336
1775948400,339.09,339.09,337.0,337.75,130.4886
1775952000,337.75,337.75,337.5,337.5,12.4395
1775955600,337.51,337.51,327.54,327.54,368.8502
1775959200,327.54,329.8,327.0,329.12,225.2097
1775962800,329.33,329.33,328.5,328.5,60.0088
1775966400,328.5,328.58,327.67,327.67,41.8884
1775970000,327.88,328.45,327.48,328.45,278.884
1775973600,328.41,328.41,328.04,328.05,23.5954
1775977200,328.16,328.55,328.03,328.29,232.118
1775980800,328.13,328.13,327.76,327.78,54.4611
1775984400,327.8,327.99,327.71,327.71,129.3478
1775988000,327.71,328.01,327.28,327.28,75.7656
1775991600,327.28,327.92,327.28,327.84,88.1178
1775995200,327.34,328.38,327.01,327.01,9.823
1775998800,327.01,327.44,326.18,326.27,40.1322
1776002400,326.27,326.95,324.06,325.06,206.3051
1776006000,324.99,325.85,324.86,324.86,18.7595
1776009600,324.86,325.83,324.86,325.83,103.3021
1776013200,325.83,327.23,325.48,327.04,15.1371
1776016800,327.1,327.1,326.64,326.64,57.2853
1776020400,327.26,327.5,326.97,327.14,2.5599
1776024000,326.99,329.85,326.99,329.85,5.0929
1776027600,329.29,329.47,329.13,329.47,15.0606
1776031200,328.88,328.88,325.0,326.12,85.9251
1776034800,326.01,326.01,324.52,325.16,122.0666
1776038400,325.16,327.78,325.15,327.44,146.3397
1776042000,327.67,327.88,327.01,327.88,54.3602
1776045600,327.98,328.72,327.01,327.01,55.9325
1776049200,327.01,327.01,326.17,326.17,261.9612
1776052800,327.02,327.63,326.55,327.24,11.3002
1776056400,327.01,327.01,326.01,326.28,54.0712
1776060000,326.28,329.33,326.28,328.85,119.553
1776063600,327.98,327.98,327.01,327.82,70.6032
1776067200,327.77,328.46,327.0,327.0,51.0778
1776070800,327.01,327.65,327.01,327.11,99.6394
1776074400,327.24,327.24,326.77,326.81,63.9035
1776078000,327.0,327.14,326.73,326.73,17.4443
1776081600,326.76,330.26,326.76,330.26,93.5732
1776085200,330.1,333.5,329.54,333.5,183.7277
1776088800,334.13,334.98,331.86,334.98,99.8957
1776092400,334.58,334.58,329.59,330.52,136.4798
1776096000,330.11,333.61,330.11,333.61,263.2296
1776099600,332.61,334.54,331.78,331.78,26.0455
1776103200,330.48,331.99,330.15,331.99,25.3778
1776106800,332.11,335.0,332.09,335.0,14.8164
1776110400,334.99,335.0,334.52,334.64,50.2746
1776114000,334.71,334.98,334.42,334.82,93.2747
1776117600,334.99,341.5,334.99,341.5,426.9456
1776121200,341.5,342.94,340.79,342.24,484.1759
1776124800,342.24,342.54,338.94,338.94,545.4112
1776128400,339.2,340.11,338.74,339.77,127.0269
1776132000,339.83,341.41,339.82,341.41,142.117
1776135600,341.4,341.4,340.41,340.41,398.3359
1776139200,340.66,340.66,339.02,339.5,52.3666
1776142800,339.49,339.87,339.0,339.0,107.5896
1776146400,339.06,340.18,339.06,340.18,39.694
1776150000,340.46,341.27,339.61,339.83,43.5174
1776153600,339.69,341.02,339.22,340.49,34.0703
1776157200,340.57,340.99,340.3,340.41,31.4748
1776160800,340.4,341.23,340.4,340.56,84.1874
1776164400,340.55,340.55,339.02,339.39,17.0158
1776168000,339.66,339.88,339.42,339.88,22.2756
1776171600,339.88,344.98,339.88,344.98,376.226
1776175200,344.98,345.95,341.0,341.0,611.732
1776178800,340.78,340.85,338.0,340.58,162.6527
1776182400,340.52,340.52,335.72,335.72,61.0131
1776186000,336.19,337.94,336.19,337.61,242.1637
1776189600,337.84,337.84,333.01,333.06,173.4615
1776193200,333.0,333.93,332.12,332.12,12.6839
1776196800,332.55,332.55,331.11,331.11,11.4419
1776200400,331.68,332.15,331.68,332.15,47.9522
1776204000,332.16,332.31,331.1,331.43,64.9868
1776207600,331.29,332.92,331.29,332.54,60.6067
1776211200,332.54,332.91,331.89,332.08,103.6764
1776214800,331.89,332.98,331.89,332.34,175.7005
1776218400,332.33,332.33,330.06,330.56,155.2055
1776222000,330.51,331.0,330.38,331.0,234.3256
1776225600,331.69,331.69,330.81,330.95,40.7665
1776229200,331.4,332.21,329.43,329.43,97.5936
1776232800,329.57,329.57,329.5,329.51,72.5648
1776236400,329.51,330.2,328.61,329.01,53.1404
1776240000,328.81,330.23,328.81,329.96,39.3813
1776243600,329.98,329.99,329.51,329.99,26.1838
1776247200,330.34,331.41,329.21,330.27,146.5435
1776250800,330.08,331.6,330.08,331.6,13.4214
1776254400,331.56,332.27,331.07,332.25,179.1691
1776258000,332.24,332.24,330.88,330.9,61.3897
1776261600,331.6,335.0,331.23,334.41,86.8813
1776265200,334.21,334.21,332.0,333.1,52.629
1776268800,333.78,335.25,333.78,335.25,20.4181
1776272400,335.25,337.38,334.95,335.74,142.1928
1776276000,335.75,337.06,335.75,337.06,1.1359
1776279600,337.08,338.99,337.07,338.65,84.6851
1776283200,337.0,337.0,335.75,336.17,24.2517
1776286800,335.48,335.81,333.81,335.81,25.2884
1776290400,336.13,337.74,336.12,336.89,90.8659
1776294000,336.14,336.48,336.0,336.42,18.052
1776297600,335.96,336.82,334.57,336.04,67.0999
1776301200,336.15,336.15,334.66,335.61,213.5239
1776304800,335.62,337.4,335.61,336.71,96.1868
1776308400,336.76,337.96,336.76,337.19,41.6016
1776312000,337.5,337.5,336.5,336.72,8.6077
1776315600,336.65,337.66,336.65,337.6,40.6286
1776319200,337.77,337.79,337.23,337.76,110.7166
1776322800,337.98,338.29,336.94,336.94,120.6054
1776326400,336.94,337.19,336.64,336.66,156.2757
1776330000,336.6,337.85,336.6,337.46,15.9845
1776333600,337.15,337.53,335.2,336.9,60.5109
1776337200,336.9,337.14,336.43,337.14,96.9506
1776340800,337.89,338.2,337.44,337.65,48.863
1776344400,337.89,340.71,332.01,334.34,515.0967
1776348000,334.7,339.26,333.13,337.94,339.7657
1776351600,338.86,344.83,338.86,342.76,285.6732
1776355200,343.65,343.99,340.01,340.01,89.898
1776358800,340.33,341.92,339.72,341.92,13.4337
1776362400,343.37,350.93,343.37,350.93,583.6891
1776366000,350.95,354.92,350.53,354.92,250.9073
1776369600,354.93,355.55,352.76,353.64,384.5278
1776373200,353.2,353.22,350.61,351.34,139.6279
1776376800,351.35,352.47,351.02,351.55,143.2076
1776380400,351.28,351.62,350.83,351.0,108.0634
1776384000,351.57,351.57,349.96,350.0,262.7134
1776387600,350.0,350.98,348.39,348.39,151.0978
1776391200,348.92,348.92,346.56,346.99,146.9679
1776394800,346.99,347.3,346.44,347.04,62.1216
1776398400,346.67,348.5,346.67,347.99,38.7326
1776402000,347.98,347.98,345.89,346.21,11.3234
1776405600,346.28,347.68,346.28,347.65,214.8201
1776409200,348.2,349.55,348.2,348.5,237.0896
1776412800,348.65,351.56,348.65,351.56,69.7605
1776416400,351.5,352.84,349.43,349.67,324.7505
1776420000,350.08,350.08,345.5,345.71,161.9248
1776423600,345.71,348.76,345.71,348.76,32.1419
1776427200,348.56,351.03,348.0,350.53,35.6441
1776430800,351.01,355.95,350.65,355.34,629.3405
1776434400,355.94,356.48,353.16,355.39,336.1983
1776438000,355.39,355.39,353.02,355.31,266.9477
1776441600,355.18,356.68,355.02,356.31,436.2116
1776445200,356.31,356.31,352.14,354.37,242.5705
1776448800,354.29,354.29,353.0,353.0,29.9692
1776452400,353.02,353.02,353.02,353.02,18.7043
1776456000,352.21,352.67,350.64,351.33,92.0706
1776459600,352.14,352.14,351.84,352.14,23.7167
1776463200,352.14,352.94,351.65,352.87,36.3684
1776466800,352.87,352.87,350.02,350.96,107.2252
1776470400,351.38,351.39,350.8,351.19,27.9116
1776474000,351.44,352.16,350.87,350.96,70.9401
1776477600,350.85,352.0,350.85,351.4,10.2294
1776481200,351.04,351.32,349.88,349.88,151.3748
1776484800,349.7,350.18,349.52,349.77,52.2478
1776488400,349.77,350.0,349.17,349.7,11.5398
1776492000,350.06,350.55,349.54,350.48,230.4834
1776495600,350.2,350.27,349.78,349.78,33.1565
1776499200,349.77,349.77,345.0,345.72,470.201
1776502800,346.26,346.71,345.05,346.19,90.4455
1776506400,346.44,346.44,344.0,344.02,82.249
1776510000,344.0,344.0,342.11,342.5,424.1452
1776513600,342.6,343.73,342.6,343.73,101.5141
1776517200,343.77,343.79,343.0,343.41,9.6339
1776520800,342.9,343.64,342.82,343.48,13.6417
1776524400,343.43,343.68,343.24,343.59,19.1738
1776528000,343.42,344.08,339.5,342.95,913.4333
1776531600,343.02,343.65,342.93,343.61,17.1842
1776535200,343.12,343.12,340.49,340.52,36.6075
1776538800,340.74,341.54,340.74,341.46,44.9554
1776542400,341.19,341.7,341.17,341.7,3.0912
1776546000,341.47,341.63,341.47,341.63,7.6201
1776549600,341.35,342.01,341.35,342.01,20.181
1776553200,342.1,342.1,341.56,341.56,18.7261
1776556800,342.22,342.22,341.11,341.11,47.968
1776560400,341.15,341.6,340.02,340.3,249.5548
1776564000,340.3,340.3,339.05,339.46,463.3191
1776567600,339.13,340.0,339.1,339.66,686.4431
1776571200,339.66,340.58,338.22,338.9,97.1066
1776574800,338.9,339.76,338.9,339.22,14.5818
1776578400,339.22,339.22,337.7,338.77,170.6207
1776582000,338.49,338.49,335.06,336.7,308.7118
1776585600,336.22,337.18,333.78,336.18,402.2924
1776589200,336.42,336.73,335.8,336.14,30.7651
1776592800,336.13,336.34,335.74,336.27,45.7566
1776596400,337.3,339.76,337.3,339.39,97.4249
1776600000,339.47,340.18,339.47,340.18,69.0396
1776603600,340.32,344.17,340.32,342.71,180.4684
1776607200,342.7,345.27,341.7,344.0,361.2965
1776610800,344.0,344.0,341.23,342.24,698.6065
1776614400,342.24,342.54,341.21,341.21,103.5193
1776618000,340.72,341.24,337.79,338.08,605.1521
1776621600,338.15,338.35,337.32,337.87,540.5694
1776625200,338.6,338.78,338.53,338.53,4.7954
1776628800,337.65,338.05,337.0,337.12,101.6161
1776632400,337.38,338.13,337.0,337.0,103.1464
1776636000,336.2,336.2,329.53,332.81,577.1171
1776639600,332.51,332.51,331.06,331.9,125.2271
1776643200,331.9,334.23,331.9,334.03,270.2471
1776646800,333.84,335.99,333.84,335.7,195.9555
1776650400,335.69,335.69,333.68,334.96,89.7641
1776654000,334.78,336.37,334.72,335.99,62.1006
1776657600,335.98,336.67,335.76,336.67,76.0474
1776661200,336.53,336.53,333.75,333.82,27.3704
1776664800,333.82,336.99,333.82,335.6,44.409
1776668400,335.92,340.41,335.92,336.35,149.3681
1776672000,336.94,338.31,336.81,337.0,22.9662
1776675600,337.62,338.6,337.62,338.17,96.7224
1776679200,339.18,339.57,338.26,338.26,9.1102
1776682800,338.01,339.51,337.61,339.51,443.0492
1776686400,339.5,340.69,338.37,339.88,919.9353
1776690000,340.21,340.94,339.39,339.93,390.2431
1776693600,339.39,341.94,337.69,337.69,113.6339
1776697200,337.69,341.68,337.22,341.59,88.242
1776700800,341.88,341.88,339.91,339.96,88.7994
1776704400,339.71,343.0,339.71,341.86,1034.2597
1776708000,341.22,342.83,341.22,341.71,204.739
1776711600,342.25,342.25,341.71,341.71,16.6449
1776715200,341.7,341.88,340.97,341.54,225.1604
1776718800,341.26,342.55,341.26,341.84,38.0306
1776722400,341.66,342.19,340.73,340.73,65.6695
1776726000,340.32,340.32,339.11,339.11,45.6013
1776729600,339.03,339.8,338.89,338.89,437.4172
1776733200,339.69,339.94,338.84,338.84,412.6543
1776736800,338.83,338.83,338.01,338.32,76.3771
1776740400,338.32,339.34,338.0,338.0,185.2889
1776744000,338.08,338.6,338.0,338.37,210.4401
1776747600,338.38,341.02,338.38,339.92,66.9342
1776751200,339.63,340.0,338.7,339.8,78.9537
1776754800,339.73,340.76,339.16,340.27,15.4429
1776758400,340.16,340.95,339.91,340.83,124.707
1776762000,341.09,341.5,329.5,340.9,129.1899
1776765600,340.54,341.5,340.54,341.49,34.9691
1776769200,341.0,341.47,340.41,340.41,28.1609
1776772800,340.8,340.8,338.29,338.81,70.5881
1776776400,339.14,340.09,338.6,340.06,114.2091
1776780000,340.06,343.78,339.58,340.59,207.963
1776783600,340.51,341.94,339.3,340.18,48.8506
1776787200,341.49,341.5,341.05,341.16,5.4351
1776790800,340.07,340.07,337.19,339.62,132.5717
1776794400,337.77,337.77,337.01,337.28,8.845
1776798000,338.87,339.07,335.28,335.69,8.0898
1776801600,335.84,340.11,335.84,339.23,73.3084
1776805200,339.23,339.23,339.23,339.23,0.0
1776808800,338.15,338.61,337.81,338.38,24.2921
1776812400,338.63,341.44,338.63,341.42,44.0909
1776816000,341.78,342.68,341.53,342.68,25.8975
1776819600,342.9,342.9,342.01,342.3,9.1743
1776823200,342.74,346.94,342.74,346.67,237.7481
1776826800,346.61,347.13,345.29,345.73,81.5676
1776830400,345.57,345.57,344.55,344.82,48.5844
1776834000,344.49,348.88,344.49,347.99,275.3407
1776837600,347.88,347.98,347.01,347.01,68.5357
1776841200,347.22,348.0,347.0,347.85,170.2664
1776844800,347.98,348.0,346.12,346.5,197.327
1776848400,348.0,350.13,348.0,349.08,139.0295
1776852000,349.13,349.24,348.66,348.9,13.5623
1776855600,348.9,349.09,348.71,348.92,35.4978
1776859200,348.92,349.99,348.92,349.97,61.0245
1776862800,349.99,351.94,349.99,351.75,174.3195
1776866400,351.95,352.25,350.05,350.56,351.5697
1776870000,350.09,350.09,347.15,349.07,434.1752
1776873600,348.71,348.71,346.02,346.02,57.2486
1776877200,347.0,347.33,346.93,347.22,3.9275
1776880800,347.21,348.75,346.81,348.21,19.66
1776884400,347.13,347.13,341.06,344.79,437.5738
1776888000,344.8,344.8,344.21,344.21,40.488
1776891600,344.34,344.71,344.34,344.71,30.4302
1776895200,345.56,345.56,344.8,345.4,163.3411
1776898800,345.66,345.66,343.28,343.74,65.6216
1776902400,343.68,344.59,341.0,343.87,178.0994
1776906000,343.87,343.87,341.42,342.32,152.5841
1776909600,342.05,342.05,340.47,341.34,97.7704
1776913200,341.02,341.02,340.02,340.27,70.4565
1776916800,340.59,341.64,340.5,341.62,14.9874
1776920400,342.21,342.22,341.02,341.02,22.0016
1776924000,341.02,342.78,341.02,342.65,71.6366
1776927600,342.64,342.89,341.96,341.96,13.4897
1776931200,341.76,341.97,341.0,341.23,94.6413
1776934800,341.06,341.06,340.09,340.48,154.2421
1776938400,340.48,340.48,339.84,339.86,177.8004
1776942000,340.04,341.65,340.04,341.65,88.4261
1776945600,341.65,342.16,341.61,341.61,34.0872
1776949200,341.78,341.78,341.0,341.29,38.4342
1776952800,341.3,342.21,341.0,342.21,44.036
1776956400,342.2,343.0,341.5,342.78,127.3647
1776960000,343.03,343.03,341.84,341.84,9.2597
1776963600,341.49,341.49,336.41,338.68,212.6069
1776967200,340.01,340.36,340.01,340.36,2.9019
1776970800,340.0,340.0,339.25,339.36,51.2084
1776974400,340.42,340.82,340.42,340.82,1.0325
1776978000,340.41,341.88,340.19,341.75,30.7675
1776981600,341.73,342.46,341.73,342.02,22.4229
1776985200,342.0,342.39,340.46,342.13,104.8418
1776988800,342.35,342.74,342.15,342.73,31.4996
1776992400,342.73,343.09,341.41,343.09,125.3657
1776996000,343.06,343.18,341.5,341.5,148.1392
1776999600,341.67,341.78,340.13,340.8,26.7212
1777003200,340.76,341.04,339.38,340.09,186.983
1777006800,339.86,340.83,339.37,340.83,6.6624
1777010400,341.45,341.45,340.0,340.57,27.9665
1777014000,340.57,340.58,340.14,340.14,21.6843
1777017600,340.02,340.71,340.01,340.01,36.0018
1777021200,340.01,340.01,338.66,339.2,307.1218
1777024800,339.55,340.67,339.55,340.66,68.1458
1777028400,341.0,343.28,341.0,342.87,235.4711
1777032000,343.0,344.99,342.64,342.83,162.9278
1777035600,343.36,343.85,341.77,341.81,70.5735
1777039200,341.81,342.86,341.31,342.05,40.533
1777042800,341.33,344.02,341.14,343.71,43.7796
1777046400,344.06,344.06,343.34,343.84,45.3132
1777050000,344.28,344.28,343.0,343.43,988.7322
1777053600,343.54,343.54,343.1,343.51,0.5389
1777057200,343.84,344.04,343.5,343.51,0.8056
1777060800,343.5,344.5,342.82,344.5,48.8783
1777064400,345.0,345.0,343.79,343.79,2.0186
1777068000,343.28,343.28,343.0,343.0,100.058
1777071600,342.71,343.01,342.66,342.66,8.4049
1777075200,342.71,342.97,342.61,342.97,25.7222
1777078800,343.01,343.15,342.96,342.98,36.8339
1777082400,342.95,343.13,342.63,343.0,7.2855
1777086000,343.04,343.8,341.94,343.78,98.1451
1777089600,343.85,343.85,343.05,343.3,20.9203
1777093200,343.17,343.17,343.17,343.17,78.0969
1777096800,343.45,343.91,343.45,343.91,20.9966
1777100400,343.41,343.82,343.33,343.44,10.7358
1777104000,343.77,344.92,343.72,344.17,9.9047
1777107600,344.22,344.4,344.01,344.4,14.3028
1777111200,344.12,344.39,344.01,344.07,131.6408
1777114800,344.06,344.06,343.33,343.33,5.4424
1777118400,343.78,343.78,343.5,343.5,0.3228
1777122000,343.83,344.67,343.82,344.6,49.2885
1777125600,344.68,344.82,344.26,344.26,53.5355
1777129200,344.09,344.7,343.38,343.38,41.1101
1777132800,343.49,343.49,341.44,341.97,107.7493
1777136400,341.57,341.58,341.57,341.58,6.8977
1777140000,341.58,341.64,341.55,341.62,119.5849
1777143600,341.35,341.35,341.35,341.35,0.2324
1777147200,341.35,341.9,341.35,341.9,14.6901
1777150800,342.42,342.6,342.42,342.6,2.0461
1777154400,342.04,342.53,342.04,342.53,1.0337
1777158000,342.7,342.7,342.7,342.7,0.3898
1777161600,342.7,342.83,342.66,342.83,17.6178
1777165200,342.66,342.94,342.66,342.74,38.5833
1777168800,342.98,343.75,342.98,343.75,15.382
1777172400,343.38,343.71,342.65,342.66,218.733
1777176000,342.66,344.81,342.66,344.43,75.744
1777179600,344.0,344.89,343.85,344.21,62.2702
1777183200,344.0,344.0,343.7,343.86,16.1576
1777186800,343.94,344.0,343.89,344.0,77.5468
1777190400,344.0,344.0,343.99,344.0,20.4507
1777194000,344.0,344.0,343.76,343.91,3.4128
1777197600,343.94,343.99,343.62,343.7,31.0403
1777201200,343.91,343.91,343.64,343.67,39.2112
1777204800,343.68,343.68,342.0,342.13,49.1796
1777208400,342.14,342.86,341.92,342.5,6.2794
1777212000,342.2,343.21,342.2,343.21,20.6074
1777215600,343.47,343.71,343.24,343.62,37.306
1777219200,343.62,343.63,343.47,343.51,14.7028
1777222800,343.45,343.54,343.29,343.39,2.5883
1777226400,343.39,344.5,343.39,344.5,68.1201
1777230000,344.39,344.9,344.39,344.76,4.9616
1777233600,344.59,344.59,344.33,344.33,0.5002
1777237200,344.78,344.78,342.59,344.16,39.7001
1777240800,344.31,345.45,342.85,342.85,357.705
1777244400,343.96,344.73,343.96,344.73,12.9203
1777248000,344.62,345.42,343.56,345.42,40.3592
1777251600,345.49,347.56,345.33,347.0,309.728
1777255200,347.42,347.6,346.07,347.6,99.9931
1777258800,347.58,347.59,346.79,346.79,52.6419
1777262400,346.92,347.15,346.48,346.48,117.6724
1777266000,346.48,346.48,340.88,340.94,169.6212
1777269600,340.9,341.04,339.55,339.95,233.2064
1777273200,340.42,340.42,339.55,339.55,153.9494
1777276800,339.55,339.55,338.52,338.81,108.131
1777280400,339.99,339.99,339.05,339.36,51.612
1777284000,339.44,339.94,338.67,338.68,137.7372
1777287600,338.67,338.94,338.17,338.88,81.9966
1777291200,338.87,338.87,337.79,338.29,218.4927
1777294800,338.28,338.59,337.4,338.59,207.861
1777298400,338.27,340.85,338.01,339.16,113.42
1777302000,339.15,339.15,334.0,335.12,385.8919
1777305600,335.12,335.9,335.11,335.6,97.6706
1777309200,335.83,337.3,335.76,336.57,20.2065
1777312800,337.05,337.39,336.76,337.09,14.9994
1777316400,337.31,337.31,334.98,335.38,41.4759
1777320000,335.57,336.12,335.03,335.62,30.0647
1777323600,335.26,336.58,335.26,335.84,23.1638
1777327200,335.78,337.0,335.53,336.73,102.3699
1777330800,336.66,337.4,336.65,337.4,65.994
1777334400,337.16,337.4,337.0,337.4,41.771
1777338000,337.4,337.4,336.0,336.0,102.8017
1777341600,336.01,336.01,334.21,334.21,286.2268
1777345200,334.22,334.22,334.0,334.01,54.7565
1777348800,334.01,334.25,333.08,333.65,90.9717
1777352400,333.51,334.42,333.51,334.42,109.9473
1777356000,334.12,334.12,332.49,333.15,145.3128
1777359600,333.16,333.51,332.77,333.51,17.175
1777363200,333.22,333.76,333.01,333.01,128.295
1777366800,333.01,333.03,331.52,331.52,89.7422
1777370400,332.08,332.66,332.08,332.6,122.5657
1777374000,332.59,332.59,331.16,331.18,131.0652
1777377600,331.12,332.31,331.1,332.22,130.9452
1777381200,332.01,332.6,330.67,331.49,127.4618
1777384800,331.42,331.42,330.02,330.82,134.322
1777388400,330.82,331.34,330.82,331.16,117.7571
1777392000,331.46,331.7,331.21,331.49,30.6755
1777395600,331.64,332.38,331.43,332.01,11.0395
1777399200,332.2,332.2,332.06,332.06,2.0615
1777402800,332.53,332.95,332.53,332.95,3.0709
1777406400,332.56,332.56,332.5,332.5,0.491
1777410000,332.51,332.51,332.49,332.5,2.7656
1777413600,332.5,332.5,332.07,332.15,63.8787
1777417200,332.48,333.55,332.39,333.55,53.3294
1777420800,333.49,333.5,332.52,333.42,154.2464
1777424400,333.37,333.37,332.41,332.73,628.7237
1777428000,333.21,333.43,332.45,332.99,83.5048
1777431600,333.01,335.0,333.01,334.65,28.5809
1777435200,334.52,336.45,334.52,336.45,171.3997
1777438800,336.36,336.36,335.6,335.74,186.0993
1777442400,335.9,336.14,335.08,335.08,35.872
1777446000,335.25,335.5,335.08,335.19,86.2377
1777449600,335.12,335.14,334.5,334.51,155.4946
1777453200,334.62,338.05,334.53,336.85,193.3224
1777456800,337.48,338.2,337.27,337.58,89.301
1777460400,336.51,336.92,336.22,336.22,16.5018
1777464000,335.61,335.61,333.01,333.74,45.9421
1777467600,333.46,333.7,332.27,332.82,371.2784
1777471200,332.32,332.95,332.32,332.5,41.1919
1777474800,332.49,332.49,330.6,330.82,110.4734
1777478400,330.85,331.7,330.6,330.6,78.0487
1777482000,330.7,330.7,330.02,330.55,23.877
1777485600,330.83,330.83,326.0,327.01,441.2742
1777489200,327.06,327.44,327.06,327.39,1.0644
1777492800,327.65,328.96,327.61,328.96,13.8726
1777496400,329.4,330.51,329.4,330.47,44.1509
1777500000,329.72,330.74,329.72,330.74,16.3494
1777503600,330.29,331.42,330.01,330.53,141.037
1777507200,331.11,334.24,330.75,333.85,71.6267
1777510800,333.38,334.2,333.27,333.8,78.783
1777514400,334.04,334.04,330.13,330.78,119.4094
1777518000,330.9,331.42,330.54,331.11,214.5267
1777521600,331.02,331.02,328.88,328.88,63.2206
1777525200,328.67,329.94,328.3,329.69,33.9944
1777528800,329.69,330.84,329.69,330.67,39.9345
1777532400,330.57,331.89,330.57,331.89,81.7384
1777536000,331.85,331.85,331.13,331.13,94.75
1777539600,331.25,332.41,331.07,331.8,101.149
1777543200,331.76,331.76,330.68,330.74,141.9607
1777546800,330.86,331.97,330.67,330.81,32.3966
1777550400,330.81,332.28,330.81,331.61,28.3053
1777554000,331.63,332.56,331.02,332.28,111.7838
1777557600,331.4,332.08,330.53,331.64,135.1809
1777561200,331.95,333.29,331.92,332.65,85.2522
1777564800,332.16,332.38,331.65,331.65,7.656
1777568400,331.59,331.77,331.27,331.47,54.8685
1777572000,332.01,332.11,332.0,332.01,15.2171
1777575600,332.0,332.0,331.48,331.61,2.0393
1777579200,331.69,331.69,331.13,331.67,0.9675
1777582800,331.21,331.21,331.02,331.02,0.4529
1777586400,330.81,330.81,330.79,330.8,9.1034
1777590000,330.8,331.42,330.8,331.41,3.5109
1777593600,331.75,332.12,331.75,332.11,25.3782
1777597200,331.82,333.53,331.82,333.53,84.6968
1777600800,333.48,333.48,332.97,333.34,20.8615
1777604400,334.65,335.71,334.65,334.73,39.029
1777608000,334.86,334.86,334.48,334.48,11.2042
1777611600,334.12,335.46,334.12,335.46,30.9018
1777615200,335.09,335.15,334.11,334.49,21.2605
1777618800,334.23,334.6,334.1,334.45,7.8791
1777622400,334.29,335.51,334.29,335.0,135.5689
1777626000,335.0,335.0,334.22,334.22,48.0109
1777629600,334.21,334.68,333.96,334.54,37.3275
1777633200,334.16,334.31,334.03,334.11,34.4718
1777636800,334.14,335.5,334.14,335.5,386.1044
1777640400,335.32,336.81,334.88,336.81,117.5594
1777644000,335.63,335.77,334.0,334.29,27.8865
1777647600,334.02,335.62,334.02,334.79,61.3871
1777651200,334.48,334.57,334.42,334.52,16.1512
1777654800,334.0,334.25,333.67,334.25,40.6302
1777658400,333.7,333.7,333.7,333.7,0.8947
1777662000,333.79,333.79,333.66,333.66,3.9821
1777665600,333.66,333.66,331.67,331.67,14.9947
1777669200,331.99,332.0,331.99,332.0,14.8001
1777672800,332.69,332.86,332.3,332.63,13.996
1777676400,333.34,333.34,332.5,332.81,12.3017
1777680000,333.07,333.07,332.01,332.9,25.0817
1777683600,332.91,333.92,332.91,333.85,5.6683
1777687200,334.51,334.51,333.61,334.12,40.4937
1777690800,333.83,333.83,333.01,333.07,23.9447
1777694400,333.0,333.01,333.0,333.01,2.681
1777698000,333.01,333.01,333.0,333.01,95.993
1777701600,333.16,333.16,333.01,333.02,25.4144
1777705200,333.16,333.33,333.02,333.02,8.9706
1777708800,333.09,333.56,333.09,333.45,6.8969
1777712400,333.49,333.92,333.49,333.92,17.5722
1777716000,333.89,333.89,333.78,333.81,5.5149
1777719600,333.81,333.81,333.02,333.02,23.2147
1777723200,333.35,333.96,333.31,333.35,39.375
1777726800,333.86,333.86,333.78,333.79,16.5805
1777730400,333.79,333.8,333.78,333.8,18.5215
1777734000,333.8,333.8,333.78,333.79,8.081
1777737600,333.82,334.0,333.79,334.0,31.9311
1777741200,333.83,333.83,333.78,333.78,4.9714
1777744800,333.79,334.0,333.79,334.0,5.7275
1777748400,333.99,334.0,333.99,334.0,53.7027
1777752000,333.99,333.99,333.79,333.79,5.2033
1777755600,333.91,336.67,333.9,336.1,246.3507
1777759200,336.09,336.09,334.43,335.09,5.9337
1777762800,334.72,335.27,334.58,335.25,182.5885
1777766400,334.01,334.63,333.51,333.57,10.8305
1777770000,333.6,333.6,333.0,333.01,3.5199
1777773600,333.0,333.0,332.35,332.53,72.9741
1777777200,332.56,332.62,332.42,332.62,73.5912
1777780800,332.66,332.73,332.65,332.67,5.893
1777784400,332.91,333.17,332.81,332.81,5.5802
1777788000,332.8,333.25,332.5,333.24,35.7105
1777791600,333.34,333.59,333.24,333.24,33.9023
1777795200,333.24,333.74,333.05,333.39,12.852
1777798800,333.4,333.88,333.4,333.88,6.9911
1777802400,333.75,333.75,333.3,333.3,164.2346
1777806000,333.29,333.82,333.02,333.82,52.4847
1777809600,333.53,333.93,333.53,333.78,6.7392
1777813200,333.77,334.68,333.77,334.24,325.4047
1777816800,334.61,335.0,334.59,335.0,26.6743
1777820400,335.0,335.0,334.46,334.46,1.2902
1777824000,334.46,334.46,333.85,334.23,89.85
1777827600,333.87,334.33,333.77,334.29,4.3854
1777831200,334.29,334.29,334.29,334.29,0.5049
1777834800,334.99,334.99,334.99,334.99,1.194
1777838400,335.0,335.83,334.51,334.51,18.2624
1777842000,334.71,335.12,333.33,333.33,13.1881
1777845600,334.46,336.18,334.46,336.18,92.72
1777849200,335.99,335.99,332.67,332.69,156.2502
1777852800,332.7,332.7,330.21,330.21,295.9715
1777856400,331.72,335.54,330.51,335.54,106.5926
1777860000,335.15,337.75,335.15,337.53,494.5161
1777863600,337.0,337.5,336.79,336.82,120.2314
1777867200,336.99,338.47,336.79,338.22,211.1502
1777870800,338.21,338.22,336.87,337.1,55.5796
1777874400,337.07,337.07,333.73,334.86,150.6851
1777878000,334.85,335.55,334.2,335.08,183.5664
1777881600,335.0,335.37,334.26,335.0,204.8995
1777885200,334.85,335.9,334.51,335.89,77.0585
1777888800,335.26,335.26,330.14,332.6,391.1402
1777892400,332.6,332.6,332.31,332.36,18.0759
1777896000,332.31,332.76,332.31,332.43,21.0619
1777899600,332.3,333.37,332.0,332.99,48.7093
1777903200,332.99,337.09,332.98,336.36,96.1056
1777906800,336.94,336.95,333.57,334.55,52.6359
1777910400,334.43,335.34,333.14,334.55,27.695
1777914000,334.54,336.0,334.54,336.0,77.3874
1777917600,336.11,336.11,336.11,336.11,0.5652
1777921200,335.06,335.06,334.58,334.58,3.9068
1777924800,334.0,334.0,333.8,333.8,3.204
1777928400,333.33,333.39,333.25,333.39,23.4253
1777932000,333.88,333.88,333.09,333.18,11.4808
1777935600,333.04,333.04,333.0,333.01,22.8767
1777939200,333.3,334.04,333.04,333.77,29.1567
1777942800,333.9,334.12,333.52,334.04,123.8239
1777946400,334.03,334.98,334.03,334.06,53.2309
1777950000,334.18,335.0,334.18,335.0,101.1604
1777953600,335.53,335.62,334.98,335.38,470.618
1777957200,335.7,336.24,335.7,336.12,113.727
1777960800,335.99,335.99,334.71,335.87,109.5703
1777964400,335.87,336.11,335.51,335.59,72.5408
1777968000,335.43,335.43,334.94,335.21,115.873
1777971600,334.97,334.98,334.37,334.61,18.0541
1777975200,334.27,335.73,334.27,335.32,44.2961
1777978800,335.65,335.91,335.46,335.68,18.9617
1777982400,335.98,337.67,335.98,337.67,535.8059
1777986000,337.77,339.2,337.61,337.91,471.0092
1777989600,338.38,338.43,336.92,337.63,103.9783
1777993200,337.74,339.07,337.74,338.34,163.2259
1777996800,338.34,338.37,336.95,337.44,147.2393
1778000400,337.45,338.0,337.45,338.0,70.2332
1778004000,338.0,338.99,338.0,338.99,157.3888
1778007600,339.0,341.63,339.0,341.61,224.6651
1778011200,341.99,342.94,341.99,342.32,59.0093
1778014800,342.84,342.84,340.86,342.56,275.1064
1778018400,342.94,342.94,340.82,342.15,60.122
1778022000,342.14,342.14,341.03,341.16,82.577
1778025600,341.16,341.28,340.55,341.28,86.5093
1778029200,341.49,342.69,341.49,342.69,169.1205
1778032800,342.69,342.7,341.47,342.7,93.7235
1778036400,342.7,344.93,342.7,344.74,279.0871
1778040000,344.93,344.93,342.76,342.76,166.3447
1778043600,342.99,344.92,342.9,344.92,19.6695
1778047200,344.94,345.0,344.34,345.0,30.8902
1778050800,345.0,346.3,344.99,346.06,90.3637
1778054400,346.11,350.62,346.11,350.1,767.1677
1778058000,350.04,350.95,348.56,350.95,149.535
1778061600,350.95,351.5,349.98,350.6,307.7471
1778065200,351.0,352.0,351.0,351.98,254.7955
1778068800,351.97,351.98,350.59,351.95,197.032
1778072400,351.02,351.02,345.98,346.78,380.7131
1778076000,346.62,348.84,343.01,347.26,348.3198
1778079600,347.55,349.65,347.36,349.65,108.3488
1778083200,349.64,351.55,348.91,351.55,116.3644
1778086800,351.25,351.26,348.73,349.05,6.5231
1778090400,349.05,350.21,348.32,350.12,58.9347
1778094000,350.43,350.5,350.09,350.1,32.7628
1778097600,350.49,351.66,349.95,349.95,6.2667
1778101200,351.27,351.96,351.27,351.96,96.9233
1778104800,351.16,351.24,350.42,350.42,7.541
1778108400,350.24,350.57,349.4,350.57,30.8333
1778112000,350.5,350.5,347.55,347.67,314.0064
1778115600,347.36,347.36,345.04,345.04,239.2846
1778119200,346.14,346.14,344.74,345.18,42.5414
1778122800,345.27,345.52,344.5,344.57,112.3617
1778126400,344.55,345.95,344.55,345.95,29.7556
1778130000,347.39,347.42,347.1,347.29,29.0937
1778133600,347.31,349.45,346.59,349.45,113.2906
1778137200,350.0,353.5,349.99,353.03,680.9115
1778140800,353.01,353.02,350.93,350.93,54.9325
1778144400,350.9,350.99,350.13,350.71,19.1554
1778148000,350.13,350.13,348.87,349.71,131.1999
1778151600,350.0,351.0,350.0,350.71,50.5158
1778155200,350.99,352.67,350.99,351.73,99.782
1778158800,351.38,351.38,347.5,347.5,77.9184
1778162400,347.72,348.75,345.39,346.53,192.0796
1778166000,346.22,347.62,345.28,347.37,52.3198
1778169600,346.72,348.3,346.3,347.9,68.5153
1778173200,347.28,348.0,345.89,348.0,21.0069
1778176800,348.47,348.47,346.72,346.73,7.1011
1778180400,347.01,348.36,346.64,348.03,116.6463
1778184000,347.16,347.75,347.16,347.35,1.8141
1778187600,346.55,346.55,345.0,345.83,50.2932
1778191200,345.28,345.9,344.81,345.9,44.6032
1778194800,345.89,347.32,345.89,347.24,43.9373
1778198400,347.36,348.54,346.86,347.07,23.3694
1778202000,347.42,347.42,346.53,346.81,31.3888
1778205600,346.76,346.77,345.45,346.29,143.6662
1778209200,346.14,347.26,345.14,347.02,18.8153
1778212800,347.3,347.38,346.53,346.99,16.4756
1778216400,346.92,347.68,346.62,347.0,94.5658
1778220000,346.5,347.01,345.56,345.99,61.3053
1778223600,345.88,346.43,345.6,346.43,99.9216
1778227200,346.43,348.24,346.43,347.72,77.8479
1778230800,347.92,348.34,347.11,347.11,244.2377
1778234400,347.93,348.5,347.22,348.47,21.1463
1778238000,348.36,348.36,347.68,348.23,29.1695
1778241600,348.2,348.49,348.0,348.0,43.4851
1778245200,347.59,347.79,347.06,347.63,73.7036
1778248800,348.48,351.0,348.48,350.85,127.5099
1778252400,350.8,352.42,348.63,352.42,106.9086
1778256000,352.12,352.84,352.01,352.75,27.032
1778259600,352.84,360.88,352.84,360.13,1854.2484
1778263200,360.22,362.62,360.22,362.62,341.6125
1778266800,361.9,363.93,361.59,363.49,297.3512
1778270400,363.72,363.72,361.69,361.7,108.2765
1778274000,361.53,361.98,360.49,361.98,334.5275
1778277600,361.99,362.64,361.99,362.15,46.2787
1778281200,361.91,361.97,360.16,360.27,75.2284
1778284800,360.27,362.53,360.26,362.53,113.2276
1778288400,362.53,367.44,362.53,367.28,355.0692
1778292000,366.76,367.77,366.01,366.31,179.2596
1778295600,366.32,367.55,366.32,367.17,51.2582
1778299200,367.32,368.9,366.0,366.0,206.5932
1778302800,366.0,367.0,365.0,367.0,151.3177
1778306400,367.0,368.4,365.73,366.81,19.4891
1778310000,367.11,368.27,366.8,367.81,45.7395
1778313600,368.01,368.49,367.71,368.14,51.6868
1778317200,368.11,368.11,365.34,366.04,169.8578
1778320800,365.77,367.0,365.77,366.62,108.8932
1778324400,366.57,367.67,366.57,367.62,115.2121
1778328000,367.41,367.52,366.52,366.92,11.5503
1778331600,366.92,366.97,365.72,366.97,14.8353
1778335200,366.5,366.5,365.34,365.34,21.7723
1778338800,365.34,365.47,364.57,365.47,25.0033
1778342400,365.87,366.29,365.01,365.02,58.8157
1778346000,365.33,366.9,365.33,366.18,11.2789
1778349600,366.41,367.87,366.39,366.72,5.144
1778353200,366.78,367.1,366.73,367.1,69.356
1778356800,366.88,366.88,366.35,366.56,155.236
1778360400,367.28,367.28,367.28,367.28,3.9103
1778364000,367.0,367.0,366.64,366.8,0.8793
1778367600,366.78,366.78,366.01,366.01,4.7069
1778371200,366.01,366.5,366.0,366.0,13.906
1778374800,366.0,366.0,364.9,365.3,171.9289
1778378400,365.29,365.91,365.03,365.91,146.963
1778382000,365.98,367.07,365.83,367.05,31.3222
1778385600,366.47,366.95,366.47,366.88,17.4409
1778389200,366.85,367.22,366.85,367.01,74.3404
1778392800,367.02,367.11,366.59,367.11,20.8555
1778396400,367.25,367.5,366.65,367.5,624.5343
1778400000,367.12,368.88,367.12,368.86,186.1018
1778403600,368.87,371.58,368.87,370.15,356.3722
1778407200,370.22,370.22,368.02,368.23,113.4755
1778410800,368.37,368.66,365.51,367.18,72.5789
1778414400,367.09,367.51,366.55,366.71,87.7815
1778418000,366.72,368.59,366.71,368.36,31.8056
1778421600,368.58,369.13,368.57,368.92,91.9733
1778425200,368.92,371.09,368.92,370.87,122.9433
1778428800,370.58,371.5,369.99,371.5,74.2249
1778432400,371.75,376.99,371.75,376.99,642.7429
1778436000,376.98,378.81,376.98,378.06,66.6908
1778439600,378.05,378.71,374.92,377.71,261.772
1778443200,377.59,377.59,367.13,369.44,144.6904
1778446800,369.83,374.08,369.83,373.01,356.1554
1778450400,373.0,376.85,373.0,376.32,120.9096
1778454000,376.93,378.53,376.01,378.05,101.1162
1778457600,377.54,377.84,373.37,373.91,259.3146
1778461200,374.48,376.93,373.98,375.88,361.2007
1778464800,375.82,375.82,373.24,373.25,175.4812
1778468400,373.02,373.02,369.65,369.65,330.6271
1778472000,371.19,373.25,370.12,373.0,100.8776
1778475600,373.37,375.86,373.37,375.86,38.0417
1778479200,375.68,377.49,375.24,375.28,212.6595
1778482800,375.21,375.21,374.23,375.19,108.0859
1778486400,374.48,374.48,372.0,373.0,86.5091
1778490000,373.01,374.58,373.01,374.35,10.355
1778493600,374.99,375.0,374.17,374.18,12.3189
1778497200,374.17,375.0,374.17,374.28,11.9225
1778500800,374.3,374.39,373.02,373.28,59.5793
1778504400,374.46,375.0,372.33,374.55,284.2589
1778508000,374.56,376.65,371.31,373.42,266.2853
1778511600,373.81,379.45,373.81,379.45,82.5739
1778515200,379.94,384.69,379.94,383.45,461.4933
1778518800,383.44,384.0,381.67,383.99,207.2103
1778522400,383.99,384.69,382.34,382.34,29.3803
1778526000,382.78,385.39,382.78,385.06,86.2708
1778529600,385.39,385.5,383.74,383.74,12.2497
1778533200,382.92,383.0,382.79,382.79,6.126
1778536800,382.5,383.58,382.44,383.22,36.5468
1778540400,383.22,383.22,381.69,381.99,65.2684
1778544000,382.15,382.75,381.97,382.64,27.2042
1778547600,383.25,383.25,376.01,378.46,427.8696
1778551200,378.74,379.92,378.51,379.58,152.1633
1778554800,379.57,379.67,377.82,378.14,162.6612
1778558400,378.78,379.65,378.78,379.13,168.7057
1778562000,379.27,380.52,379.27,380.51,92.6789
1778565600,380.5,381.16,379.05,379.05,27.4705
1778569200,379.03,379.03,378.02,378.96,60.2596
1778572800,378.02,378.02,376.52,376.83,177.9712
1778576400,376.8,377.58,376.19,377.3,454.5179
1778580000,377.26,377.52,373.99,374.17,299.0856
1778583600,373.83,373.98,373.65,373.98,64.4865
1778587200,374.31,375.85,373.52,375.17,375.8371
1778590800,375.75,375.75,373.17,373.99,54.7136
1778594400,373.42,375.2,373.05,373.05,68.6627
1778598000,372.67,373.53,370.29,371.44,278.3682
1778601600,371.22,371.5,370.06,370.3,114.0401
1778605200,370.3,373.07,370.3,373.03,960.1244
1778608800,373.17,373.32,372.74,373.32,39.7334
1778612400,373.76,374.12,373.46,373.94,65.0376
1778616000,374.43,374.66,373.69,373.78,17.8451
1778619600,374.09,374.09,373.84,373.84,28.3332
1778623200,373.85,374.85,373.71,373.94,101.0857
1778626800,373.04,373.04,373.0,373.0,137.6673
1778630400,373.0,373.46,372.01,372.73,159.621
1778634000,372.73,376.0,372.73,375.35,73.1242
1778637600,375.63,376.5,375.09,375.62,266.9791
1778641200,375.61,376.68,375.54,376.68,29.6439
1778644800,376.89,377.87,376.53,376.88,37.9437
1778648400,376.24,376.28,375.02,375.64,62.9081
1778652000,375.49,376.52,375.31,375.32,28.8969
1778655600,375.32,375.44,374.6,374.6,18.6468
1778659200,375.4,376.69,374.68,376.33,132.0265
1778662800,376.77,377.53,376.61,376.87,238.4571
1778666400,375.4,375.64,373.36,373.37,29.8082
1778670000,373.0,373.0,371.81,371.81,92.3809
1778673600,372.52,372.52,364.06,367.44,347.2442
1778677200,367.25,368.27,363.59,363.59,95.8222
1778680800,363.79,364.26,361.65,362.74,171.7914
1778684400,362.73,362.77,357.05,357.8,744.5856
1778688000,357.9,360.39,357.9,360.02,534.0022
1778691600,359.68,359.88,358.85,359.75,105.9311
1778695200,360.16,360.94,359.69,360.35,6.714
1778698800,359.26,359.61,358.86,359.61,2.2265
1778702400,360.05,361.35,360.05,361.18,67.7608
1778706000,360.97,361.21,359.59,360.48,48.303
1778709600,360.16,360.98,359.36,360.98,69.6647
1778713200,360.97,360.99,360.56,360.62,32.1173
1778716800,360.98,361.0,360.5,360.51,53.2985
1778720400,360.51,360.51,359.3,359.82,815.0817
1778724000,359.62,359.68,357.96,357.96,53.262
1778727600,357.62,357.62,355.11,355.15,90.213
1778731200,355.15,357.26,355.15,357.1,24.545
1778734800,356.98,360.3,356.98,360.01,31.6108
1778738400,360.2,360.59,360.0,360.46,50.2164
1778742000,361.0,361.21,358.05,359.26,147.9998
1778745600,358.18,360.25,358.18,359.65,827.8888
1778749200,359.56,359.56,358.05,358.3,155.2351
1778752800,358.59,359.71,358.34,359.71,33.905
1778756400,359.3,359.48,358.41,358.51,14.2729
1778760000,359.1,360.36,359.08,360.28,255.7699
1778763600,360.33,360.59,359.41,359.74,203.0536
1778767200,358.48,364.29,358.21,364.21,101.3715
1778770800,364.44,367.94,362.75,367.94,146.6158
1778774400,367.94,368.95,364.85,366.33,84.5151
1778778000,367.69,368.65,364.59,367.31,52.6589
1778781600,367.16,368.37,366.94,367.6,231.2381
1778785200,368.04,368.04,366.01,366.16,32.9925
1778788800,366.0,366.0,363.44,363.95,34.9272
1778792400,364.39,364.39,364.39,364.39,24.33
1778796000,364.23,364.99,364.23,364.31,30.9442
1778799600,364.01,364.01,362.33,362.33,81.3741
1778803200,362.46,364.31,362.46,363.38,13.7898
1778806800,363.84,363.84,361.47,361.47,90.94
1778810400,361.43,362.12,360.89,362.03,126.072
1778814000,364.06,364.16,362.2,362.84,96.8526
1778817600,362.84,362.84,360.3,360.3,173.8942
1778821200,360.03,360.92,356.73,357.87,60.3105
1778824800,357.75,359.52,357.28,359.31,41.6184
1778828400,359.32,362.21,359.32,361.7,26.387
1778832000,361.41,361.69,359.91,360.57,77.1937
1778835600,360.56,360.91,359.64,360.21,599.6781
1778839200,360.26,361.11,359.9,361.11,11.9009
1778842800,361.22,361.49,360.63,360.9,381.16
1778846400,360.01,360.01,358.88,358.89,67.0702
1778850000,358.88,358.88,352.23,352.48,519.8044
1778853600,352.23,354.61,352.23,352.93,78.3614
1778857200,353.79,353.87,352.8,353.01,92.5148
1778860800,353.34,355.73,352.82,354.94,159.197
1778864400,354.95,356.56,354.95,356.02,24.5663
1778868000,356.71,356.8,355.5,356.8,76.1412
1778871600,355.68,355.68,355.19,355.19,5.6473
1778875200,355.5,355.5,354.3,354.3,13.4654
1778878800,354.56,354.56,353.85,353.85,2.0053
1778882400,354.01,354.25,354.01,354.25,1.3061
1778886000,354.4,354.41,354.11,354.11,1.1697
1778889600,354.03,354.48,354.03,354.17,12.2171
1778893200,354.17,354.31,353.26,354.31,15.8755
1778896800,354.31,354.31,353.43,353.78,32.4109
1778900400,354.18,354.18,354.02,354.02,77.035
1778904000,354.02,354.02,351.0,352.66,152.4695
1778907600,352.16,352.17,351.24,351.25,106.6115
1778911200,352.14,352.14,350.0,350.01,300.9708
1778914800,350.0,350.0,346.22,348.54,424.2196
1778918400,348.53,349.1,348.03,348.76,20.6605
1778922000,348.51,348.59,342.21,343.1,218.1938
1778925600,343.0,343.0,341.84,342.71,127.6549
1778929200,343.46,343.89,343.16,343.58,10.2479
1778932800,343.23,344.35,343.0,344.35,44.9696
1778936400,344.0,344.25,343.59,344.0,20.4938
1778940000,343.99,345.02,343.35,344.5,73.3939
1778943600,344.68,345.13,344.48,344.64,192.6156
1778947200,345.7,345.91,344.49,345.91,64.9053
1778950800,345.78,346.41,345.61,345.89,32.3837
1778954400,346.17,346.17,346.17,346.17,2.8888
1778958000,345.97,346.15,345.5,345.5,2.99
1778961600,345.82,345.83,345.82,345.82,5.843
1778965200,345.82,345.82,345.42,345.42,29.9015
1778968800,345.0,345.23,344.97,345.04,119.313
1778972400,345.01,345.02,345.01,345.01,16.823
1778976000,345.02,345.13,343.0,343.0,59.6453
1778979600,343.0,343.37,341.45,341.45,17.2685
1778983200,341.76,343.14,341.72,342.05,143.2485
1778986800,342.57,343.99,342.57,343.87,59.0902
1778990400,343.74,345.05,343.71,345.05,78.5083
1778994000,345.9,345.9,345.29,345.66,102.9221
1778997600,345.66,345.66,344.86,344.87,42.4302
1779001200,344.77,345.66,344.77,345.66,4.9065
1779004800,345.38,345.38,344.04,344.75,112.4481
1779008400,344.71,344.94,344.65,344.9,18.7752
1779012000,345.07,346.46,345.07,345.51,69.6085
1779015600,345.56,345.83,345.51,345.65,69.4153
1779019200,345.61,345.7,345.05,345.17,40.0374
1779022800,345.15,345.19,344.0,344.0,55.2027
1779026400,344.01,344.01,342.9,343.5,118.0262
1779030000,343.37,343.89,343.37,343.82,55.6002
1779033600,343.99,344.0,343.76,343.76,158.1482
1779037200,343.38,343.55,342.98,343.34,23.1264
1779040800,343.2,343.38,342.52,342.93,8.9907
1779044400,344.0,344.19,344.0,344.13,37.5249
1779048000,345.18,345.18,345.18,345.18,0.3216
1779051600,344.52,344.66,344.52,344.58,4.0589
1779055200,344.5,344.5,342.58,342.7,87.6415
1779058800,342.3,342.37,333.3,338.84,1026.8408
1779062400,338.85,339.23,336.59,339.14,221.5009
1779066000,339.47,339.8,337.41,337.73,72.2066
1779069600,338.5,339.88,337.79,337.79,269.4221
1779073200,338.33,338.78,337.86,338.38,27.3652
1779076800,337.96,338.91,337.28,338.79,306.5382
1779080400,338.98,339.33,337.24,337.84,217.2499
1779084000,337.84,338.23,336.23,337.37,27.3977
1779087600,337.87,337.97,336.51,337.06,48.4358
1779091200,336.8,338.01,336.8,337.64,30.8715
1779094800,337.59,337.59,336.34,336.65,159.3224
1779098400,336.65,336.65,335.62,335.85,142.0256
1779102000,335.84,339.0,335.6,338.41,82.5558
1779105600,338.63,341.09,338.63,340.51,575.2865
1779109200,340.1,340.1,336.02,338.14,53.6814
1779112800,336.47,336.72,334.03,334.14,676.5232
1779116400,334.37,335.52,333.72,335.52,83.8371
1779120000,335.51,336.14,334.91,336.02,76.8771
1779123600,335.75,336.19,335.75,335.88,5.5677
1779127200,335.48,335.48,333.06,333.09,99.0894
1779130800,333.62,338.75,333.62,338.75,6.8826
1779134400,338.73,339.0,337.85,337.85,184.5234
1779138000,338.36,340.53,338.36,340.3,239.4893
1779141600,340.67,340.74,339.59,339.59,29.5334
1779145200,340.27,340.27,339.64,339.64,37.7585
1779148800,339.55,341.15,339.55,340.3,23.7643
1779152400,340.01,340.47,338.5,338.5,78.1808
1779156000,338.5,338.5,336.72,338.2,54.5332
1779159600,337.9,338.69,337.9,338.69,10.071
1779163200,338.84,338.94,337.95,338.93,7.6276
1779166800,338.93,338.93,336.27,338.79,183.8421
1779170400,338.7,339.37,338.7,339.36,99.4152
1779174000,338.96,340.24,338.27,340.24,39.4398
1779177600,340.24,340.24,338.39,339.53,367.299
1779181200,339.36,339.36,336.73,337.22,31.1676
1779184800,337.49,337.74,337.01,337.67,468.1851
1779188400,337.53,337.83,336.71,336.71,27.4784
1779192000,337.29,337.76,337.25,337.64,17.6615
1779195600,337.33,338.92,337.08,338.67,93.4703
1779199200,337.57,337.57,334.48,335.8,283.7786
1779202800,336.24,336.78,335.68,336.31,10.121
1779206400,336.39,338.57,336.02,338.57,175.8943
1779210000,338.57,338.7,338.0,338.0,79.7406
1779213600,338.0,338.0,337.06,337.2,1.1716
1779217200,337.08,338.02,336.83,337.11,39.0958
1779220800,337.11,337.11,337.11,337.11,0.0
1779224400,337.49,337.49,337.49,337.49,5.9262
1779228000,337.06,337.06,336.11,336.11,25.61
1779231600,337.28,337.28,337.0,337.0,4.3872
1779235200,337.0,337.03,335.43,336.56,126.1608
1779238800,336.39,337.13,335.25,336.99,50.1966
1779242400,337.07,337.08,335.54,335.55,22.5837
1779246000,335.5,336.4,335.14,335.96,163.7081
1779249600,336.19,336.19,335.48,335.94,84.1071
1779253200,336.34,338.81,336.34,338.18,52.935
1779256800,338.63,338.87,338.46,338.86,49.5192
1779260400,338.62,339.36,338.0,338.0,44.8405
1779264000,338.0,339.1,337.99,339.0,15.1176
1779267600,338.64,338.86,338.55,338.56,47.0236
1779271200,338.61,339.33,338.59,338.59,17.9227
1779274800,338.56,338.56,338.01,338.01,100.4232
1779278400,338.05,339.5,337.74,339.5,27.5399
1779282000,339.35,339.35,336.58,337.71,16.7405
1779285600,338.01,343.07,336.7,343.07,149.9984
1779289200,341.23,343.74,340.91,343.17,170.1566
1779292800,343.2,346.12,342.0,344.88,96.0919
1779296400,344.79,346.37,344.63,345.17,16.9725
1779300000,344.95,344.95,342.04,342.04,77.2386
1779303600,343.23,343.83,343.23,343.83,178.4773
1779307200,342.47,342.47,342.21,342.27,39.3125
1779310800,342.27,342.27,342.27,342.27,0.0
1779314400,342.72,343.13,341.34,342.5,47.4122
1779318000,342.43,342.43,342.41,342.42,16.2522
1779321600,343.19,344.58,342.73,344.25,119.5849
1779325200,344.13,344.27,343.3,343.99,157.637
1779328800,343.84,344.66,343.52,344.14,23.5174
1779332400,344.01,344.9,344.01,344.8,32.7174
1779336000,344.96,345.96,344.96,345.02,41.1396
1779339600,345.95,345.95,343.52,343.8,24.9654
1779343200,343.65,343.65,343.01,343.29,45.5482
1779346800,343.16,344.4,343.0,344.4,40.4398
1779350400,344.97,345.39,344.72,344.72,9.7775
1779354000,345.26,345.26,343.34,343.47,147.2
1779357600,343.4,343.63,340.73,340.76,628.7155
1779361200,340.45,340.71,340.14,340.14,22.6751
1779364800,340.11,340.62,339.63,340.59,26.5395
1779368400,341.1,341.7,339.62,340.73,67.6848
1779372000,342.3,343.34,341.04,342.04,30.3646
1779375600,342.06,344.98,342.06,343.73,68.1736
1779379200,344.04,344.04,342.44,342.5,29.5604
1779382800,343.46,349.4,343.05,349.39,213.7853
1779386400,348.09,348.75,345.08,345.08,55.5719
1779390000,346.64,348.99,346.64,348.99,12.5171
1779393600,348.99,348.99,348.99,348.99,0.2845
1779397200,348.22,348.22,347.24,347.24,3.9346
1779400800,347.23,347.23,346.77,346.77,18.5595
1779404400,346.07,347.06,346.07,346.62,64.8356
1779408000,346.35,346.36,345.48,345.68,20.1873
1779411600,345.05,345.91,344.53,345.91,46.8127
1779415200,346.38,346.48,345.92,346.48,108.8379
1779418800,346.66,346.66,345.75,345.86,10.1216
1779422400,346.12,346.94,345.9,345.98,27.813
1779426000,345.88,346.47,345.5,345.5,190.3811
1779429600,345.5,345.5,344.37,345.0,59.0565
1779433200,345.0,346.73,344.75,346.41,161.6217
1779436800,346.51,348.1,346.16,346.91,59.8029
1779440400,346.89,347.14,346.89,347.14,4.767
1779444000,347.05,347.05,346.01,346.57,14.9875
1779447600,346.05,346.73,345.5,346.73,82.5459
1779451200,346.9,348.93,346.9,348.45,669.9051
1779454800,348.95,348.95,346.93,347.31,23.9639
1779458400,346.72,346.72,344.36,345.01,353.3583
1779462000,345.69,346.06,344.8,345.46,39.6564
1779465600,345.43,346.19,345.43,346.19,0.6097
1779469200,346.07,346.48,345.37,346.48,3.4159
1779472800,345.05,345.05,338.02,340.44,1067.3825
1779476400,340.84,340.84,336.0,337.6,112.7331
1779480000,338.0,338.89,337.6,337.6,1.3306
1779483600,338.62,339.84,338.47,339.73,36.2166
1779487200,339.34,339.4,338.43,338.66,13.0181
1779490800,339.25,339.25,335.61,336.68,185.4888
1779494400,336.73,336.83,336.05,336.74,76.3741
1779498000,337.16,337.71,336.89,337.32,104.2255
1779501600,337.31,337.38,336.58,337.38,125.3514
1779505200,337.49,337.86,337.37,337.83,126.0954
1779508800,337.86,337.86,337.01,337.02,103.383
1779512400,337.01,337.01,336.39,337.01,20.5302
1779516000,336.96,337.05,336.23,336.23,68.5377
1779519600,336.29,336.38,327.22,328.49,1023.3777
1779523200,328.49,329.01,327.07,328.51,899.1508
1779526800,328.59,328.66,328.32,328.61,265.9521
1779530400,328.63,329.93,328.63,329.6,320.6838
1779534000,329.59,330.24,329.59,330.0,581.1138
1779537600,329.85,330.24,329.45,330.16,401.0149
1779541200,330.16,333.34,330.16,332.88,185.9294
1779544800,332.77,337.17,332.69,336.8,79.1921
1779548400,336.15,337.63,335.01,335.4,30.3175
1779552000,335.69,336.39,335.49,336.22,10.7262
1779555600,336.3,336.3,336.05,336.05,3.2709
1779559200,337.01,339.05,337.01,338.27,169.0478
1779562800,337.79,339.66,337.79,339.07,95.5842
1779566400,338.87,346.5,338.87,346.5,159.7795
1779570000,346.6,348.0,343.22,343.22,20.6942
1779573600,344.33,344.33,342.18,342.31,123.4048
1779577200,342.2,342.61,341.74,341.9,88.9099
1779580800,341.81,342.39,341.74,341.82,3.0336
1779584400,342.29,343.53,342.29,342.88,60.2544
1779588000,342.57,342.57,341.66,342.29,9.1077
1779591600,342.3,342.3,341.21,341.71,101.9344
1779595200,342.24,342.6,342.13,342.48,28.0212
1779598800,342.48,342.91,341.3,342.91,78.397
1779602400,342.91,344.29,342.7,344.24,60.485
1779606000,344.8,344.8,342.91,342.91,59.3357
1779609600,343.12,344.58,343.12,344.58,20.0475
1779613200,344.6,345.7,344.6,345.0,22.1726
1779616800,344.46,344.62,344.02,344.04,28.5944
1779620400,344.2,346.31,344.2,345.64,5.2865
1779624000,345.09,345.09,344.0,344.1,46.8753
1779627600,344.31,344.35,342.01,342.01,46.1086
1779631200,342.01,342.03,337.1,340.1,65.842
1779634800,339.97,340.0,339.96,340.0,60.0906
1779638400,340.0,342.04,340.0,340.59,113.0536
1779642000,341.21,341.61,340.71,341.2,12.6845
1779645600,341.16,341.16,340.02,340.14,10.0365
1779649200,340.43,340.43,339.89,340.04,53.9967
1779652800,339.38,339.38,337.31,337.31,27.0867
1779656400,338.08,338.38,334.66,334.98,87.4731
1779660000,335.41,339.53,335.41,338.65,65.6878
1779663600,338.91,340.26,338.65,339.91,17.5483
1779667200,339.76,340.01,338.76,339.02,301.7696
1779670800,339.05,339.07,337.0,337.0,71.8936
1779674400,337.01,339.51,337.01,337.05,63.6039
1779678000,337.07,337.07,336.53,336.58,13.1865
1779681600,336.58,339.66,336.4,339.66,159.5275
1779685200,339.76,340.71,339.76,340.12,179.4635
1779688800,340.23,340.38,339.13,339.99,34.1198
1779692400,340.43,340.8,339.07,340.1,13.788
1779696000,339.76,340.19,339.28,340.19,14.6218
1779699600,340.37,340.37,339.78,339.78,6.224
1779703200,339.72,340.58,339.72,340.41,20.4157
1779706800,340.41,340.41,339.41,339.41,22.8342
1779710400,339.28,340.24,339.28,339.81,32.707
1779714000,339.72,340.0,339.72,340.0,6.2411
1779717600,339.99,341.79,339.99,341.49,72.2164
1779721200,341.58,341.84,341.09,341.26,32.222
1779724800,341.18,341.74,340.62,341.3,38.0263
1779728400,341.44,341.63,340.89,341.06,8.0077
1779732000,341.21,341.21,340.03,340.03,22.2745
1779735600,340.0,340.0,339.07,339.08,12.575
1779739200,339.41,339.41,338.34,338.34,2.5305
1779742800,338.58,338.58,338.01,338.03,20.5229
1779746400,338.01,338.46,335.86,336.23,46.0323
1779750000,336.78,336.93,336.59,336.59,22.6798
1779753600,336.52,336.52,333.0,333.0,142.4172
1779757200,334.56,334.96,333.08,333.93,56.4665
1779760800,333.74,334.06,333.61,333.77,79.0627
1779764400,333.77,334.48,333.35,334.48,137.7162
1779768000,334.27,335.44,334.02,335.04,117.0569
1779771600,335.03,337.02,335.03,335.93,33.0629
1779775200,335.49,336.17,335.49,336.17,16.7603
1779778800,335.79,335.79,334.1,334.77,47.6345
1779782400,335.15,335.48,335.15,335.46,9.5582
1779786000,335.45,335.93,335.41,335.45,156.6567
1779789600,335.45,340.47,335.45,339.63,204.3368
1779793200,339.85,339.85,338.84,339.13,18.913
1779796800,338.84,338.84,337.35,338.51,46.1891
1779800400,338.96,340.0,336.73,339.75,15.4968
1779804000,339.47,341.66,337.5,337.5,227.8682
1779807600,338.24,338.7,334.1,334.95,116.5096
1779811200,335.25,335.25,334.0,334.44,46.1547
1779814800,334.43,334.43,330.67,332.89,217.7748
1779818400,332.01,333.41,331.99,332.81,26.3947
1779822000,332.44,333.57,332.43,333.45,10.7792
1779825600,333.4,333.4,333.32,333.32,0.4587
1779829200,333.13,333.56,333.13,333.56,1.4736
1779832800,333.29,333.29,333.01,333.03,21.0287
1779836400,333.33,333.56,333.33,333.49,6.0072
1779840000,333.36,334.64,333.36,334.29,156.3333
1779843600,334.85,335.04,334.06,334.74,38.7695
1779847200,334.31,334.36,333.6,334.0,169.6116
1779850800,334.64,335.06,333.38,333.53,179.6614
1779854400,333.41,333.64,331.27,333.39,52.7892
1779858000,333.66,334.39,333.59,334.39,25.6183
1779861600,334.69,335.03,333.67,334.9,46.0109
1779865200,334.99,335.23,334.46,335.23,19.5396
1779868800,335.65,336.0,334.63,334.63,26.7421
1779872400,333.91,334.22,333.91,334.21,11.4183
1779876000,333.9,334.65,333.78,334.65,73.5173
1779879600,335.0,335.45,334.99,335.26,21.3735
1779883200,334.09,336.9,333.91,334.72,42.8084
1779886800,333.79,333.94,331.45,332.51,38.0318
1779890400,333.46,334.88,332.61,334.88,71.1555
1779894000,335.39,337.0,335.35,336.3,21.0751
1779897600,337.24,337.24,335.01,335.97,59.7747
1779901200,335.8,335.8,332.57,332.57,90.9766
1779904800,333.28,333.28,333.28,333.28,1.0
1779908400,333.28,333.28,333.28,333.28,0.0
1779912000,333.28,333.28,333.28,333.28,0.0
1779915600,333.28,333.28,333.28,333.28,0.0
1779919200,333.28,333.28,333.28,333.28,0.0
1779922800,331.0,334.2,330.0,330.16,64.3356
1779926400,330.17,331.16,330.0,330.36,393.2112
1779930000,330.36,330.76,328.34,328.49,196.8821
1779933600,329.79,330.0,328.37,328.64,450.4252
1779937200,328.48,328.48,324.06,325.0,463.9335
1779940800,324.77,324.77,321.71,323.08,1184.4165
1779944400,323.08,323.75,322.72,323.01,350.1641
1779948000,323.01,323.54,320.7,323.53,1615.0358
1779951600,323.53,324.51,323.34,324.31,269.0736
1779955200,324.05,324.05,323.34,323.63,38.5913
1779958800,323.62,324.54,323.34,324.3,129.8207
1779962400,324.53,324.55,323.0,323.0,49.2846
1779966000,322.46,322.92,322.01,322.92,9.8623
1779969600,323.05,324.5,322.19,324.13,82.5467
1779973200,324.56,324.56,322.1,322.67,168.7242
1779976800,322.04,325.97,320.22,323.41,120.8293
1779980400,324.28,324.48,322.41,323.93,102.002
1779984000,323.77,327.62,323.77,327.62,176.4667
1779987600,327.61,329.01,327.53,329.01,114.4959
1779991200,328.66,330.75,328.66,330.75,17.6782
1779994800,328.87,329.85,328.8,328.8,22.0911
1779998400,328.0,328.49,327.0,328.04,5.6955
1780002000,328.05,329.01,328.05,328.36,19.3019
1780005600,328.05,328.05,326.41,326.86,5.4159
1780009200,326.97,327.43,326.97,327.11,14.1154
1780012800,327.1,327.17,326.83,327.17,44.9183
1780016400,327.38,327.38,325.85,326.7,146.3691
1780020000,326.48,326.62,324.14,324.14,47.0775
1780023600,324.34,325.0,324.28,324.51,124.4929
1780027200,324.51,324.82,324.02,324.82,68.1179
1780030800,325.0,325.95,325.0,325.66,160.0563
1780034400,325.96,326.75,325.81,326.56,65.4787
1780038000,326.66,327.15,325.28,325.95,132.721
1780041600,326.54,327.44,326.54,326.97,146.0226
1780045200,326.97,327.99,326.68,327.31,55.8094
1780048800,327.27,327.27,327.0,327.01,25.166
1780052400,327.0,327.01,325.14,325.38,55.5585
1780056000,325.36,325.5,324.38,324.97,77.9307
1780059600,324.39,325.05,324.0,324.53,52.712
1780063200,324.51,324.79,321.0,324.79,482.0419
1780066800,324.31,330.68,324.31,328.67,300.8113
1780070400,328.7,330.57,327.81,330.11,95.4143
1780074000,330.25,331.25,329.65,329.65,16.5514
1780077600,330.33,330.41,326.04,326.82,7.7692
1780081200,326.15,327.97,326.0,327.01,6.2663
1780084800,327.1,327.71,326.64,327.01,18.5438
1780088400,327.29,327.79,325.75,325.75,7.673
1780092000,325.77,326.3,325.28,326.06,7.5439
1780095600,326.49,326.74,326.01,326.74,37.1594
1780099200,327.02,327.63,326.89,327.55,30.9939
1780102800,327.65,329.76,327.65,329.46,193.5357
1780106400,329.53,330.21,329.43,329.99,33.0019
1780110000,329.98,330.0,329.01,329.01,88.1927
1780113600,329.33,329.33,326.49,327.41,64.1549
1780117200,328.08,328.83,328.08,328.83,3.7706
1780120800,328.83,328.85,328.48,328.48,40.3547
1780124400,328.47,328.47,328.08,328.09,7.2645
1780128000,328.09,328.09,327.58,327.58,19.1462
1780131600,327.57,327.85,327.57,327.85,17.1456
1780135200,327.98,328.31,327.95,328.05,22.4604
1780138800,328.04,328.41,327.62,327.79,16.2381
1780142400,327.81,327.85,327.71,327.8,24.1479
1780146000,328.14,328.56,327.7,328.4,22.6776
1780149600,328.48,329.28,328.47,328.98,38.6571
1780153200,329.09,329.75,328.94,329.28,23.595
1780156800,329.86,330.0,329.64,329.96,26.3601
1780160400,330.0,330.67,329.62,330.67,69.6184
1780164000,330.8,330.8,330.51,330.56,13.92
1780167600,330.68,330.68,329.8,329.8,16.7422
1780171200,330.8,330.8,330.3,330.3,6.054
1780174800,330.64,330.64,330.64,330.64,0.0907
1780178400,330.01,330.01,328.97,329.02,122.8473
1780182000,329.22,329.64,329.06,329.39,17.0227
1780185600,329.41,330.32,329.41,330.32,56.375
1780189200,330.81,331.3,330.81,330.95,21.0283
1780192800,331.5,332.03,330.63,331.03,87.3596
1780196400,331.08,331.69,331.08,331.68,13.7457
1780200000,331.68,331.68,331.5,331.62,31.096
1780203600,331.51,331.52,330.97,330.97,58.1598
1780207200,330.75,330.75,330.69,330.69,0.8769
1780210800,330.63,330.63,329.32,329.5,88.2886
1780214400,329.5,330.04,329.5,330.04,11.1375
1780218000,329.66,330.75,329.66,330.0,21.4789
1780221600,329.55,329.68,329.01,329.38,48.9836
1780225200,329.95,330.16,329.72,329.72,11.1723
1780228800,329.72,329.96,329.39,329.92,23.0589
1780232400,330.04,330.8,329.82,329.82,18.5317
1780236000,329.82,329.82,326.27,326.93,141.5504
1780239600,326.64,327.77,326.54,326.54,22.4338
1780243200,326.98,327.02,324.82,325.01,262.9289
1780246800,325.01,326.2,325.0,326.12,106.2036
1780250400,326.06,326.06,325.43,326.03,23.2169
1780254000,325.97,325.97,324.8,325.35,20.4388
1780257600,326.16,326.82,325.77,326.82,5.4472
1780261200,326.79,326.96,326.51,326.96,1.5152
1780264800,327.82,328.83,327.39,328.83,23.0413
1780268400,329.59,330.1,327.56,328.2,43.0029
1780272000,329.54,330.65,328.89,329.95,13.4648
1780275600,329.34,329.34,326.59,326.59,51.9564
1780279200,326.12,329.99,325.51,329.58,85.9645
1780282800,329.68,330.34,329.16,329.16,236.5881
1780286400,329.61,329.61,326.01,326.4,72.8263
1780290000,326.84,326.95,325.53,326.72,232.543
1780293600,326.16,326.16,324.0,324.0,121.8652
1780297200,324.63,324.7,320.0,321.72,566.1043
1780300800,321.61,322.44,321.61,321.92,23.8496
1780304400,323.02,323.8,323.02,323.1,47.8801
1780308000,323.1,323.38,321.64,323.38,95.7413
1780311600,323.49,323.56,322.28,322.28,97.5494
1780315200,321.99,323.0,320.51,322.45,18.8137
1780318800,321.6,321.6,317.05,318.51,288.0467
1780322400,318.07,319.23,317.42,317.58,115.9111
1780326000,317.62,319.0,317.0,317.94,120.729
1780329600,318.06,320.31,316.16,320.31,155.3505
1780333200,321.0,323.23,321.0,322.98,9.998
1780336800,322.98,323.24,321.86,322.54,30.4972
1780340400,322.12,323.93,322.12,323.42,4.2514
1780344000,323.48,323.56,323.48,323.56,5.0092
1780347600,322.15,322.27,321.17,321.17,16.0732
1780351200,320.88,324.0,320.88,324.0,31.76
1780354800,323.86,324.99,323.8,323.8,23.4874
1780358400,323.86,323.86,322.8,322.8,19.2231
1780362000,322.56,322.56,319.92,319.92,91.681
1780365600,318.84,321.06,317.07,321.06,134.9977
1780369200,321.6,322.77,321.6,322.75,46.4997
1780372800,322.86,322.93,320.91,320.91,84.9569
1780376400,320.15,320.52,317.64,317.64,110.66
1780380000,317.6,317.9,317.25,317.83,130.2535
1780383600,317.78,319.78,316.81,318.62,223.8272
1780387200,318.22,318.52,317.93,317.93,31.0314
1780390800,317.94,317.94,315.0,315.82,249.345
1780394400,315.84,316.99,315.84,316.99,146.3691
1780398000,316.79,316.79,315.01,315.32,96.9481
1780401600,315.31,315.87,315.0,315.59,110.9334
1780405200,315.51,316.22,315.01,315.01,55.7848
1780408800,315.02,315.19,309.05,310.51,415.2914
1780412400,310.51,310.51,304.51,306.02,339.0684
1780416000,305.53,311.99,305.53,307.44,213.2603
1780419600,307.43,308.94,306.99,308.01,73.4368
1780423200,308.33,308.33,305.0,305.01,84.115
1780426800,305.01,305.02,300.51,302.85,256.9534
1780430400,303.58,303.58,300.3,302.37,72.4344
1780434000,303.54,304.17,302.48,302.91,93.4513
1780437600,303.05,303.05,295.01,296.7,855.2678
1780441200,295.85,298.07,292.97,298.07,345.0444
1780444800,297.78,300.0,297.52,300.0,408.4876
1780448400,299.99,301.01,298.01,299.12,1010.3624
1780452000,299.01,299.01,298.06,298.27,285.362
1780455600,298.27,298.96,290.0,292.08,1339.0528
1780459200,292.09,297.01,292.09,297.01,340.1548
1780462800,297.35,299.75,297.02,299.39,104.6753
1780466400,299.5,301.85,299.5,300.47,118.2344
1780470000,300.34,302.39,300.34,301.95,148.478
1780473600,302.03,302.03,300.65,301.17,159.5258
1780477200,301.17,302.35,300.34,301.9,113.0593
1780480800,301.41,303.17,301.41,302.71,62.7362
1780484400,302.7,303.62,301.0,301.45,275.0516
1780488000,301.61,301.8,300.34,301.78,90.2855
1780491600,301.76,302.0,299.03,299.18,158.8176
1780495200,299.0,299.0,297.02,298.68,199.4972
1780498800,298.37,298.54,294.17,294.17,113.0642
1780502400,294.4,294.46,290.0,292.79,467.1693
1780506000,293.08,296.36,291.01,293.6,56.7623
1780509600,294.16,294.16,291.36,292.99,29.161
1780513200,293.18,293.4,288.02,288.99,223.332
1780516800,288.74,289.86,285.02,285.32,171.7605
1780520400,285.55,292.1,285.55,292.08,128.3607
1780524000,292.24,292.47,289.05,289.73,104.9133
1780527600,288.9,288.97,288.0,288.0,131.9729
1780531200,288.14,289.36,282.52,282.87,831.8945
1780534800,283.6,284.47,275.22,275.86,1047.1718
1780538400,275.94,284.2,270.01,282.76,1050.9013
1780542000,282.79,289.94,282.79,288.44,556.94
1780545600,288.44,289.3,286.28,286.28,307.0943
1780549200,286.28,286.28,282.88,286.27,502.4732
1780552800,283.86,286.3,283.86,283.89,273.4524
1780556400,283.88,283.88,279.77,279.77,431.9802
1780560000,279.27,280.41,276.01,279.46,236.1893
1780563600,279.46,279.46,273.89,277.07,405.1852
1780567200,276.97,277.0,273.4,273.98,170.1417
1780570800,273.95,276.64,272.9,276.64,224.6424
1780574400,277.23,283.41,276.46,283.02,275.1663
1780578000,282.34,284.21,279.37,283.28,202.4515
1780581600,283.86,284.32,280.64,281.29,286.5424
1780585200,280.73,283.89,280.07,280.26,770.2528
1780588800,280.75,280.75,278.62,279.67,128.5272
1780592400,279.97,280.5,276.4,279.56,175.9917
1780596000,277.92,281.22,277.13,281.22,195.2516
1780599600,279.47,280.46,278.64,278.84,306.733
1780603200,277.23,278.2,276.22,276.55,99.9453
1780606800,277.24,277.24,273.28,273.49,79.4288
1780610400,274.33,274.94,273.0,274.94,35.0105
1780614000,276.05,277.63,274.29,277.63,119.0483
1780617600,277.65,278.03,275.35,275.35,98.3304
1780621200,275.4,277.08,273.15,276.97,219.2752
1780624800,276.91,276.91,271.94,271.94,290.1873
1780628400,271.95,273.39,271.07,271.58,243.8109
1780632000,271.48,275.0,268.0,274.91,1780.7249
1780635600,275.0,275.0,268.17,268.17,148.1214
1780639200,268.4,269.38,260.46,264.54,1299.5682
1780642800,264.13,268.76,261.0,267.92,630.4514
1780646400,267.25,267.42,264.23,264.58,209.9892
1780650000,265.77,269.75,265.77,269.74,391.8315
1780653600,269.97,270.5,268.26,268.93,243.1349
1780657200,268.56,270.29,267.48,268.45,278.361
1780660800,268.13,268.78,265.82,267.2,153.2396
1780664400,267.45,271.11,262.0,262.01,349.0931
1780668000,262.32,267.14,261.61,265.78,407.0134
1780671600,265.52,265.54,261.02,262.35,814.827
1780675200,261.01,270.24,260.0,270.24,557.0353
1780678800,269.96,270.31,265.16,266.0,77.512
1780682400,266.74,269.99,258.0,263.99,265.2094
1780686000,258.75,270.0,253.05,260.44,147.2008
1780689600,262.51,270.0,257.0,270.0,12.9657
1780693200,262.13,266.07,262.13,266.07,294.8843
1780696800,264.92,264.92,260.62,263.16,15.5272
1780700400,264.83,265.43,257.0,259.95,33.885
1780704000,260.25,265.45,260.25,265.0,82.1479
1780707600,265.41,265.62,261.84,262.46,338.1703
1780711200,261.66,261.94,260.14,260.52,120.5502
1780714800,260.27,260.27,257.06,257.62,360.3938
1780718400,257.66,257.66,248.0,249.47,1286.9716
1780722000,249.4,256.87,247.31,255.86,249.8313
1780725600,256.24,258.5,253.76,253.82,44.4615
1780729200,254.01,257.83,253.39,256.47,76.8651
1780732800,256.68,259.47,255.94,258.5,104.5843
1780736400,258.0,259.19,255.65,256.15,91.4194
1780740000,256.15,256.15,250.11,252.37,406.5924
1780743600,252.17,255.79,252.17,254.99,210.5468
1780747200,255.43,257.67,253.56,257.64,47.2521
1780750800,256.93,257.49,254.3,255.38,40.7493
1780754400,255.04,257.23,255.04,255.81,225.3598
1780758000,255.0,255.0,251.5,254.24,61.0553
1780761600,253.91,254.59,252.19,254.3,23.0825
1780765200,254.49,254.87,251.77,251.77,152.553
1780768800,252.66,254.48,252.06,252.97,30.3281
1780772400,252.86,254.52,251.71,251.96,942.5331
1780776000,251.94,253.16,251.23,252.77,23.1063
1780779600,252.77,254.36,252.35,253.45,6.3744
1780783200,252.55,253.23,250.86,252.49,24.7781
1780786800,252.84,254.03,252.78,253.85,187.4463
1780790400,254.36,255.47,253.0,253.65,86.5969
1780794000,253.76,260.34,253.76,260.0,152.2216
1780797600,259.66,260.11,257.82,259.32,147.8084
1780801200,259.32,261.53,259.11,260.47,281.3783
1780804800,260.47,261.91,258.64,261.48,130.7678
1780808400,261.44,262.95,261.01,262.67,299.887
1780812000,262.53,265.61,262.01,264.82,211.303
1780815600,264.69,265.81,264.06,265.13,264.7589
1780819200,265.17,268.34,263.29,268.34,201.347
1780822800,268.74,269.41,265.1,265.25,199.7249
1780826400,265.49,265.49,263.18,263.31,88.2977
1780830000,263.58,265.55,263.58,265.15,13.2064
1780833600,265.04,265.04,260.03,262.61,182.0365
1780837200,262.58,262.85,261.9,262.63,86.554
1780840800,262.64,266.69,262.64,265.11,64.5659
1780844400,265.15,266.23,263.62,265.21,86.7865
1780848000,265.47,266.57,265.2,265.2,51.2846
1780851600,266.03,267.44,266.03,266.4,52.5899
1780855200,266.61,267.87,265.0,265.0,14.4566
1780858800,264.66,264.66,260.0,261.06,104.4188
1780862400,261.97,263.75,261.97,263.75,2.5967
1780866000,263.99,264.15,263.99,264.15,0.094
1780869600,263.26,274.99,263.26,268.41,615.2539
1780873200,269.15,270.97,268.22,269.83,127.7383
1780876800,269.34,272.5,269.22,272.0,58.6576
1780880400,272.19,272.19,267.03,269.47,1414.268
1780884000,270.0,271.39,269.78,270.95,31.2332
1780887600,271.21,272.24,270.38,271.14,201.1217
1780891200,271.06,271.1,267.51,267.51,75.4945
1780894800,267.5,267.5,265.77,266.7,374.5501
1780898400,267.39,268.98,267.3,268.24,123.918
1780902000,268.2,270.67,267.09,270.07,1445.9014
1780905600,269.86,269.86,268.0,268.15,114.737
1780909200,268.36,271.07,268.36,271.06,113.9574
1780912800,271.47,271.47,269.1,270.63,28.3681
1780916400,270.66,273.84,270.66,272.89,96.8907
1780920000,271.99,274.28,270.35,274.21,108.5783
1780923600,274.95,275.19,272.33,273.58,121.906
1780927200,272.73,275.36,272.73,275.34,182.4965
1780930800,275.38,277.1,275.0,275.0,164.078
1780934400,274.55,276.97,274.5,274.5,22.2796
1780938000,273.67,275.25,272.82,275.1,113.717
1780941600,276.0,276.54,274.94,276.0,116.8592
1780945200,275.58,275.95,274.91,275.06,5.3808
1780948800,273.76,274.35,273.75,274.35,5.9936
1780952400,277.0,277.41,275.93,277.41,3.8395
1780956000,275.0,275.0,273.03,273.03,18.1074
1780959600,274.61,274.61,272.5,272.6,175.8298
1780963200,272.6,272.6,266.51,266.94,162.7738
1780966800,266.99,269.16,266.99,268.96,225.191
1780970400,268.84,269.16,267.28,268.44,92.5611
1780974000,268.36,268.85,267.99,268.85,51.3928
1780977600,268.45,273.71,268.45,273.28,83.0474
1780981200,272.98,274.07,271.89,273.58,55.1795
1780984800,273.51,274.0,273.5,273.5,115.0698
1780988400,273.53,274.06,271.39,272.56,114.5215
1780992000,271.59,271.63,270.68,271.32,83.5597
1780995600,271.2,271.67,269.3,269.34,75.6528
1780999200,269.31,269.71,269.01,269.71,69.3142
1781002800,270.26,270.26,268.62,268.93,203.7185
1781006400,270.31,270.31,269.11,269.11,21.3217
1781010000,269.48,269.48,267.79,268.91,147.12
1781013600,268.0,268.0,263.01,264.6,574.1566
1781017200,264.72,265.99,262.29,262.29,1747.4797
1781020800,262.3,262.79,259.89,261.39,1083.8029
1781024400,261.57,265.41,261.57,264.0,41.9062
1781028000,264.5,266.25,264.5,265.29,14.7509
1781031600,266.07,267.47,265.72,267.47,8.7653
1781035200,267.06,267.17,267.06,267.17,25.3966
1781038800,267.45,267.45,264.67,264.67,12.4754
1781042400,264.55,265.82,264.55,265.78,63.4902
1781046000,265.2,265.2,264.77,264.94,4.7258
1781049600,265.07,265.23,262.11,264.41,2383.0865
1781053200,265.62,265.62,263.37,265.44,787.4183
1781056800,265.44,265.44,261.88,261.88,15.082
1781060400,262.38,263.3,262.38,262.72,68.1898
1781064000,262.21,262.51,261.17,261.52,27.0072
1781067600,261.36,261.63,260.36,261.13,12.4219
1781071200,260.66,261.77,260.23,261.77,57.2674
1781074800,261.24,263.27,261.24,262.99,12.7344
1781078400,262.74,262.74,259.05,259.16,132.3104
1781082000,259.47,259.63,257.8,258.8,105.7369
1781085600,258.8,259.29,258.47,259.11,84.2763
1781089200,258.99,259.26,257.06,259.26,134.1194
1781092800,259.26,262.65,258.39,262.0,67.5803
1781096400,261.2,266.55,261.2,265.63,161.4726
1781100000,264.9,265.55,263.4,264.56,306.4432
1781103600,265.7,267.29,263.43,266.66,112.9242
1781107200,266.1,266.75,262.03,263.32,261.4554
1781110800,263.63,264.18,259.99,261.27,52.0617
1781114400,260.39,260.67,259.0,259.49,7.4821
1781118000,259.98,260.55,259.11,259.37,3.4339
1781121600,259.26,259.36,257.82,257.82,15.5921
1781125200,257.8,257.8,254.96,255.23,219.8241
1781128800,255.01,256.77,254.69,256.52,75.8226
1781132400,256.17,257.91,255.32,257.91,6.5941
1781136000,258.45,260.01,258.45,260.0,14.9187
1781139600,260.43,265.36,260.43,264.96,126.1291
1781143200,264.78,264.88,263.26,263.4,29.0297
1781146800,263.62,266.82,262.98,266.17,192.3319
1781150400,265.73,266.51,265.01,265.89,67.7267
1781154000,265.83,265.83,265.22,265.23,13.0569
1781157600,265.0,266.2,264.7,265.5,12.997
1781161200,265.11,265.53,264.3,265.07,99.0286
1781164800,265.16,266.32,265.16,266.03,87.1545
1781168400,265.77,266.61,265.02,266.61,171.0129
1781172000,266.47,267.13,266.05,267.13,531.509
1781175600,266.97,268.77,266.66,268.77,28.8327
1781179200,267.8,267.97,264.75,265.63,93.6115
1781182800,265.42,267.51,265.42,267.51,122.7454
1781186400,266.9,267.58,265.73,267.58,6.3943
1781190000,266.03,268.1,265.5,266.69,20.8985
1781193600,267.36,267.94,266.62,266.89,29.4742
1781197200,266.38,273.0,265.59,272.72,418.9057
1781200800,272.96,273.61,272.0,272.29,95.829
1781204400,272.46,272.97,271.65,272.77,14.1565
1781208000,272.78,272.78,271.35,271.35,1.4461
1781211600,271.54,273.13,271.54,272.99,4.9909
1781215200,273.04,273.08,272.6,272.6,15.4571
1781218800,272.1,272.75,271.91,272.75,32.4637
1781222400,272.07,272.73,272.01,272.73,88.963
1781226000,272.38,272.38,270.81,270.83,73.0463
1781229600,271.02,273.48,271.02,273.04,205.2399
1781233200,272.7,272.7,271.93,272.45,128.8865
1781236800,272.23,272.8,272.22,272.49,47.7728
1781240400,272.24,272.24,271.03,271.6,80.935
1781244000,270.96,271.37,268.64,268.72,39.3777
1781247600,269.39,269.59,269.12,269.12,7.6461
1781251200,269.7,272.18,269.7,271.62,52.8488
1781254800,272.1,273.64,272.1,273.15,108.2148
1781258400,272.91,272.95,271.59,271.76,148.9936
1781262000,272.0,272.3,271.73,272.04,72.0764
1781265600,271.7,272.53,271.48,271.63,195.9601
1781269200,271.69,272.36,270.85,270.85,36.0677
1781272800,272.58,276.05,272.14,276.05,126.31
1781276400,276.43,279.71,273.51,273.51,725.5184
1781280000,274.11,276.61,273.83,276.54,62.8399
1781283600,276.57,277.0,273.82,273.82,44.9739
1781287200,274.27,274.27,273.16,273.86,1.0761
1781290800,273.49,273.69,272.02,272.02,3.6506
1781294400,271.69,271.79,270.94,271.68,28.4367
1781298000,272.09,272.33,272.09,272.33,2.1537
1781301600,271.0,271.52,270.96,271.35,20.7125
1781305200,271.42,272.12,271.37,272.12,5.4799
1781308800,272.72,273.11,272.56,273.11,39.6104
1781312400,273.42,274.9,273.41,274.54,21.2254
1781316000,274.38,274.46,272.58,272.75,41.6482
1781319600,273.11,273.11,272.56,272.56,75.7154
1781323200,272.54,272.61,272.01,272.01,44.0092
1781326800,272.0,272.18,271.68,271.68,88.283
1781330400,272.03,273.52,272.03,273.52,167.1737
1781334000,273.67,274.02,273.05,273.77,361.6507
1781337600,274.2,274.54,274.13,274.38,381.6414
1781341200,274.54,274.54,274.37,274.46,27.9082
1781344800,274.53,275.01,274.47,274.73,38.923
1781348400,274.78,276.57,274.74,276.23,110.2071
1781352000,276.45,276.72,276.27,276.72,24.5671
1781355600,276.75,277.84,276.48,277.1,55.0832
1781359200,277.04,278.17,277.04,277.99,37.0449
1781362800,278.5,279.63,278.5,279.46,70.5524
1781366400,278.5,278.5,276.81,277.08,22.8109
1781370000,276.96,278.06,276.7,277.91,16.7788
1781373600,277.69,278.32,277.69,278.3,1.7527
1781377200,277.56,278.06,277.19,278.06,24.2907
1781380800,277.62,277.99,277.62,277.73,1.4316
1781384400,278.44,282.78,278.44,282.78,146.3803
1781388000,281.66,281.67,280.77,281.0,5.3916
1781391600,280.62,281.77,280.53,280.53,182.4572
1781395200,280.42,280.6,280.03,280.16,32.2972
1781398800,281.05,281.28,280.63,280.63,53.8418
1781402400,280.55,281.45,280.55,280.91,39.1232
1781406000,280.9,281.1,280.59,280.9,22.8847
1781409600,281.01,281.13,279.29,279.29,82.2759
1781413200,279.43,279.43,277.74,278.37,688.7623
1781416800,278.27,278.91,277.76,277.77,23.5075
1781420400,277.78,277.83,277.52,277.79,23.7473
1781424000,277.83,278.24,277.62,277.84,23.4153
1781427600,277.83,278.67,277.02,278.67,55.0979
1781431200,278.75,278.98,278.27,278.27,11.2716
1781434800,278.0,278.0,277.04,277.66,4.1791
1781438400,277.31,277.31,275.88,275.95,58.833
1781442000,276.01,276.01,275.5,275.6,73.3619
1781445600,275.71,276.16,273.05,273.1,135.8366
1781449200,274.21,274.51,274.21,274.51,8.6998
1781452800,275.04,275.51,274.93,274.93,1.6888
1781456400,274.6,275.4,274.47,274.47,93.3096
1781460000,274.38,274.41,274.29,274.29,1.7174
1781463600,274.52,275.1,274.52,275.1,1.9899
1781467200,274.9,276.43,274.9,276.43,2.4785
1781470800,276.74,285.95,276.74,285.94,103.6102
1781474400,285.0,286.52,283.84,286.51,117.1776
1781478000,285.81,289.13,285.68,289.0,304.9306
1781481600,289.77,291.34,288.03,288.05,272.8803
1781485200,288.01,289.14,287.23,288.95,108.9896
1781488800,288.14,290.45,288.12,288.13,20.0905
1781492400,288.17,289.5,288.17,289.5,86.1201
1781496000,289.42,289.42,288.13,288.13,161.7774
1781499600,288.12,289.91,288.0,289.25,226.392
1781503200,288.99,290.05,288.99,290.05,37.7325
1781506800,289.25,289.99,289.25,289.85,24.3755
1781510400,289.4,290.44,289.4,289.51,80.0745
1781514000,289.59,289.92,288.5,289.31,49.9411
1781517600,289.52,292.07,289.52,291.56,50.653
1781521200,291.02,295.09,291.02,294.79,175.3889
1781524800,294.78,296.02,293.67,295.11,61.0393
1781528400,295.6,300.93,295.01,299.01,454.7349
1781532000,299.06,300.41,297.82,300.07,110.075
1781535600,300.07,305.53,300.07,305.51,146.5657
1781539200,305.5,308.87,305.5,307.52,147.9422
1781542800,306.31,306.31,304.17,305.88,149.8732
1781546400,305.88,307.25,305.88,306.8,1.7824
1781550000,306.0,307.32,303.24,305.11,12.8061
1781553600,305.0,305.0,304.45,304.45,11.3226
1781557200,304.43,304.62,302.55,303.06,12.9626
1781560800,302.68,302.68,300.0,300.11,138.6394
1781564400,300.16,300.96,299.84,300.96,51.0464
1781568000,300.91,301.94,300.42,301.36,79.3631
1781571600,300.81,302.15,300.81,301.59,39.3887
1781575200,301.0,301.0,297.04,297.25,293.836
1781578800,297.14,300.0,297.03,300.0,98.9397
1781582400,300.0,300.38,298.22,298.53,56.6398
1781586000,298.86,301.01,298.86,300.34,182.3754
1781589600,300.28,302.83,300.28,302.53,227.1429
1781593200,302.5,303.82,302.38,303.82,143.9347
1781596800,304.0,308.2,304.0,307.23,399.2188
1781600400,307.01,307.01,305.28,305.28,111.1023
1781604000,305.19,305.91,305.19,305.72,20.2843
1781607600,304.59,305.71,303.68,303.87,131.3989
1781611200,304.8,307.5,304.8,305.31,99.7342
1781614800,305.0,305.0,301.87,302.48,69.4482
1781618400,302.07,302.8,296.05,297.66,305.4251
1781622000,298.9,299.93,298.07,299.3,78.4028
1781625600,299.02,299.02,297.96,298.03,31.5981
1781629200,298.34,300.01,298.34,300.01,3.9205
1781632800,300.61,302.95,300.61,302.22,19.1194
1781636400,300.15,301.82,300.15,301.82,3.8318
1781640000,300.55,302.23,300.55,302.23,1.262
1781643600,300.92,301.24,300.92,301.24,4.0246
1781647200,300.92,301.95,300.56,300.56,12.1175
1781650800,300.91,300.91,299.45,299.45,9.9852
1781654400,299.78,300.12,299.07,299.07,5.6517
1781658000,299.87,300.23,299.0,300.23,101.7964
1781661600,301.32,303.16,300.21,301.8,96.6159
1781665200,301.81,302.33,300.12,301.06,118.1575
1781668800,300.59,301.3,300.55,301.2,43.6735
1781672400,301.53,301.53,300.38,300.38,13.6828
1781676000,301.02,301.02,299.06,299.68,101.8755
1781679600,299.5,300.06,297.75,298.03,31.2855
1781683200,298.01,298.01,295.09,295.09,132.9421
1781686800,295.59,296.07,295.11,295.79,28.7769
1781690400,295.85,295.99,294.51,294.51,240.7687
1781694000,294.22,294.76,293.22,294.53,173.307
1781697600,294.18,295.07,292.57,295.07,295.5124
1781701200,294.13,296.21,294.13,295.71,41.0032
1781704800,295.16,295.99,294.0,295.99,23.5878
1781708400,295.34,301.22,295.34,300.36,100.7413
1781712000,301.0,303.94,300.9,300.9,298.2292
1781715600,300.69,301.88,300.14,301.88,202.2562
1781719200,301.94,302.32,294.78,302.32,163.275
1781722800,299.61,299.61,292.35,292.65,119.856
1781726400,292.33,294.55,292.33,293.63,52.0444
1781730000,293.55,293.64,291.73,291.77,52.183
1781733600,291.77,292.9,289.46,292.9,423.728
1781737200,293.01,294.11,293.01,293.78,30.7079
1781740800,295.23,295.23,295.23,295.23,0.2348
1781744400,296.08,297.16,295.82,295.82,112.0691
1781748000,295.97,297.31,295.91,297.15,160.3661
1781751600,296.49,296.49,293.84,294.76,239.9494
1781755200,293.5,293.5,291.49,291.49,63.7481
1781758800,290.75,291.58,290.28,291.32,136.1581
1781762400,292.0,293.04,292.0,292.99,219.2864
1781766000,292.08,294.69,292.08,294.69,127.5906
1781769600,294.53,295.88,293.58,295.68,196.743
1781773200,295.33,297.14,295.22,295.63,125.701
1781776800,295.69,295.69,292.77,294.64,174.7179
1781780400,295.08,295.08,292.34,292.34,16.7159
1781784000,292.73,294.93,292.47,294.85,93.4371
1781787600,295.18,295.61,293.0,294.21,84.6028
1781791200,293.01,294.91,292.55,292.83,97.9954
1781794800,292.53,292.53,283.04,283.04,371.4767
1781798400,283.03,285.46,283.0,285.3,378.4212
1781802000,285.01,285.42,283.58,283.58,219.4045
1781805600,283.57,284.0,282.87,283.54,114.5693
1781809200,283.6,286.53,283.56,285.95,19.3282
1781812800,287.23,288.18,287.23,288.18,9.8225
1781816400,287.0,287.55,286.85,286.86,4.6315
1781820000,286.86,287.05,286.06,287.01,66.0918
1781823600,287.14,287.43,286.05,287.41,200.3427
1781827200,287.42,288.0,287.35,287.71,132.0053
1781830800,287.78,288.23,286.71,288.23,25.2709
1781834400,288.81,288.81,286.59,287.15,10.8756
1781838000,287.3,287.3,283.51,285.33,495.1321
1781841600,285.04,285.5,282.36,282.85,154.8346
1781845200,283.57,284.33,283.14,284.33,34.7043
1781848800,284.2,284.86,283.87,283.91,173.7971
1781852400,284.74,284.91,282.1,283.46,545.1196
1781856000,283.43,284.67,283.43,284.51,101.5172
1781859600,284.7,284.7,282.87,283.3,36.9882
1781863200,283.31,283.58,282.36,282.69,286.9709
1781866800,283.12,283.33,282.55,283.29,186.6765
1781870400,283.1,283.67,282.0,283.67,34.2223
1781874000,284.26,287.9,283.91,287.11,21.2359
1781877600,286.76,287.73,285.51,286.5,86.064
1781881200,285.87,288.13,285.87,287.22,71.9184
1781884800,287.04,287.85,285.5,285.5,5.0437
1781888400,285.74,287.86,285.74,287.86,133.3677
1781892000,287.47,287.47,286.24,286.24,3.1933
1781895600,285.89,286.37,285.51,286.37,7.9999
1781899200,285.5,285.81,285.5,285.81,2.248
1781902800,287.2,287.2,286.23,286.23,2.2571
1781906400,286.66,287.37,286.66,287.22,2.9492
1781910000,287.41,288.55,287.41,288.55,47.9369
1781913600,289.2,289.88,288.58,288.95,127.2689
1781917200,288.67,289.78,288.19,289.25,81.4141
1781920800,288.65,288.68,288.24,288.68,78.7049
1781924400,288.99,290.23,288.99,290.16,190.0169
1781928000,290.0,294.32,290.0,293.38,226.6525
1781931600,293.99,299.94,293.99,297.79,575.309
1781935200,298.21,299.71,297.74,298.93,156.4238
1781938800,298.97,298.97,296.93,296.98,133.2725
1781942400,297.0,297.12,296.25,296.29,43.8199
1781946000,296.32,296.32,296.0,296.15,1.0956
1781949600,297.18,297.44,296.42,297.44,271.2224
1781953200,297.6,298.33,296.77,298.33,11.8258
1781956800,298.04,298.45,296.67,296.92,60.6555
1781960400,296.88,296.89,294.41,295.66,9.8898
1781964000,295.65,299.1,292.8,298.65,147.2324
1781967600,298.46,300.42,298.01,298.88,260.5376
1781971200,298.11,298.11,296.85,297.5,131.8245
1781974800,296.93,297.22,295.88,295.88,56.3246
1781978400,297.38,298.29,297.38,298.11,2.1906
1781982000,298.13,298.29,297.62,298.29,3.167
1781985600,298.44,298.44,298.44,298.44,1.7036
1781989200,300.1,300.1,299.98,300.1,14.7512
1781992800,300.6,307.48,300.6,305.25,123.2986
1781996400,305.18,305.18,304.09,304.09,19.4927
1782000000,303.82,304.1,303.16,303.59,16.3945
1782003600,303.6,304.01,302.67,304.01,8.8545
1782007200,303.69,304.31,303.63,304.31,59.3364
1782010800,304.09,306.4,304.09,305.47,259.2636
1782014400,305.67,306.07,305.1,305.1,18.8945
1782018000,305.0,305.0,303.51,303.59,26.9811
1782021600,303.56,304.73,303.56,304.17,30.3596
1782025200,304.15,304.57,304.15,304.21,6.895
1782028800,304.04,304.04,302.43,303.42,201.1473
1782032400,304.13,307.0,303.72,307.0,130.1218
1782036000,307.4,308.78,307.1,307.93,95.4109
1782039600,306.9,307.22,304.0,304.0,18.2352
1782043200,303.67,305.84,303.12,305.76,82.5963
1782046800,306.17,306.17,305.14,306.09,37.6197
1782050400,306.87,307.36,306.18,307.32,39.5974
1782054000,307.37,307.97,307.16,307.37,101.8558
1782057600,307.37,309.79,306.79,309.45,341.5299
1782061200,309.03,309.35,308.65,308.76,11.1784
1782064800,306.96,308.71,306.96,308.71,3.2782
1782068400,308.0,308.45,308.0,308.45,13.5352
1782072000,308.83,308.83,305.0,305.04,6.8503
1782075600,303.89,303.89,300.92,303.84,45.0685
1782079200,303.44,303.44,302.07,303.26,29.4357
1782082800,302.67,302.67,300.5,300.62,148.9783
1782086400,300.85,304.9,300.85,303.28,203.3365
1782090000,304.46,309.87,304.13,308.35,72.4488
1782093600,308.24,310.0,305.34,306.07,390.9712
1782097200,305.12,306.71,304.31,304.69,185.3632
1782100800,304.7,305.47,304.62,304.74,29.3594
1782104400,307.0,307.0,306.59,306.59,48.7333
1782108000,306.42,307.09,305.68,305.96,173.6128
1782111600,306.11,308.43,306.11,307.64,94.1451
1782115200,307.88,308.17,306.03,307.0,54.3977
1782118800,307.0,307.28,306.05,306.58,65.0286
1782122400,306.35,306.35,305.84,305.84,33.5638
1782126000,307.02,308.66,306.45,308.15,306.1283
1782129600,308.04,308.72,308.02,308.72,8.4771
1782133200,308.55,310.94,308.55,310.94,192.1912
1782136800,310.5,310.5,304.46,305.23,77.2655
1782140400,305.84,306.35,303.85,303.85,82.9111
1782144000,303.58,303.58,302.02,303.3,319.446
1782147600,303.31,304.8,302.55,304.64,35.0219
1782151200,305.29,305.58,302.26,302.26,25.1985
1782154800,302.25,302.48,302.25,302.48,40.238
1782158400,302.87,303.24,302.41,302.53,20.808
1782162000,302.84,302.84,301.5,302.18,41.8184
1782165600,302.73,302.73,298.36,299.47,233.4695
1782169200,299.88,299.93,299.36,299.56,12.0939
1782172800,299.54,299.54,297.56,298.96,353.4851
1782176400,298.81,299.42,296.42,297.47,299.0218
1782180000,297.39,298.87,297.39,298.77,21.3526
1782183600,298.34,298.76,298.02,298.76,23.0574
1782187200,298.76,298.76,297.3,297.3,76.4147
1782190800,297.28,297.28,295.06,295.11,29.9292
1782194400,295.08,295.08,290.19,292.62,157.3477
1782198000,293.31,293.31,292.0,292.0,15.7882
1782201600,291.01,291.42,284.34,286.19,643.8904
1782205200,286.15,287.11,286.12,286.63,35.4216
1782208800,287.77,287.77,286.0,286.27,200.5622
1782212400,286.54,288.29,286.54,288.29,665.1642
1782216000,288.28,288.28,286.89,286.89,130.8883
1782219600,286.92,288.33,286.5,287.41,111.4043
1782223200,288.07,289.35,287.84,287.84,59.3501
1782226800,287.71,287.71,285.02,286.44,107.6144
1782230400,286.75,288.28,286.75,287.33,57.5767
1782234000,286.03,286.88,286.0,286.0,209.7129
1782237600,286.37,286.37,286.01,286.21,21.4853
1782241200,286.48,286.49,286.48,286.49,1.0208
1782244800,286.08,286.95,286.08,286.4,2.2932
1782248400,286.95,287.58,286.95,287.58,1.1921
1782252000,287.87,289.16,287.87,288.4,12.0748
1782255600,288.01,289.32,288.01,289.32,7.2028
1782259200,289.46,291.08,289.46,290.69,81.0191
1782262800,290.21,291.32,289.34,290.91,23.8335
1782266400,290.53,290.53,288.53,288.54,167.1021
1782270000,288.43,289.56,287.52,288.83,64.6579
1782273600,288.35,289.04,286.91,288.68,202.2934
1782277200,288.71,290.98,288.7,290.23,42.473
1782280800,289.8,290.36,289.47,289.47,62.3108
1782284400,289.52,289.52,287.81,287.81,37.2586
1782288000,288.25,288.49,287.89,288.32,49.2466
1782291600,287.95,288.21,287.55,287.81,29.7358
1782295200,287.55,287.55,287.0,287.09,7.9747
1782298800,287.03,291.9,286.36,290.59,70.3438
1782302400,290.0,290.26,288.78,288.78,9.0668
1782306000,288.66,288.66,285.0,286.66,327.4631
1782309600,286.59,288.34,285.94,286.29,147.1474
1782313200,286.12,286.12,280.51,280.51,390.3183
1782316800,280.51,282.69,276.53,277.41,960.2097
1782320400,277.41,278.19,270.02,270.07,1426.6147
1782324000,270.07,276.34,270.07,275.21,294.2681
1782327600,275.15,275.65,273.41,275.65,221.2404
1782331200,275.64,282.77,275.64,282.77,58.061
1782334800,282.25,283.26,282.25,283.26,6.0162
1782338400,284.2,285.27,283.03,283.36,16.5259
1782342000,283.58,284.17,283.19,283.66,3.5861
1782345600,284.22,284.75,282.53,282.53,19.0512
1782349200,282.02,283.04,280.06,280.06,259.8049
1782352800,281.21,282.13,280.0,280.33,238.6198
1782356400,280.34,280.34,279.49,279.9,63.2861
1782360000,279.9,283.63,279.66,283.63,206.9656
1782363600,282.79,287.33,282.79,285.49,93.7288
1782367200,285.41,287.49,285.41,286.96,84.2351
1782370800,287.0,287.11,286.46,287.11,40.5731
1782374400,286.86,286.91,285.63,285.69,160.411
1782378000,285.67,286.28,285.3,285.43,27.5983
1782381600,285.01,285.01,282.47,283.03,107.3117
1782385200,282.82,282.82,281.81,281.81,44.2958
1782388800,282.18,284.51,280.8,282.46,73.2229
1782392400,282.54,282.77,266.85,266.85,1314.5989
1782396000,266.86,278.52,266.86,275.73,917.3615
1782399600,275.93,275.93,271.41,274.74,297.8516
1782403200,274.73,278.12,273.0,273.37,422.233
1782406800,273.98,278.99,273.57,277.75,322.3102
1782410400,278.31,278.31,273.16,274.3,159.3504
1782414000,274.15,274.22,272.69,273.57,895.2715
1782417600,275.46,275.84,275.0,275.0,633.5465
1782421200,274.94,277.88,274.94,277.87,92.5524
1782424800,277.12,277.89,277.12,277.66,4.0173
1782428400,277.89,283.5,277.45,280.01,766.5916
1782432000,280.1,281.3,279.87,280.0,45.328
1782435600,279.93,280.24,276.77,277.35,1232.9838
1782439200,277.5,277.5,272.7,273.09,990.9564
1782442800,273.58,281.44,273.58,281.44,317.8295
1782446400,281.03,281.09,280.58,280.89,257.659
1782450000,280.73,282.15,280.6,282.15,192.258
1782453600,281.67,287.56,280.82,287.33,391.8353
1782457200,287.69,291.54,287.69,290.69,88.0624
1782460800,291.1,291.1,286.86,287.18,49.9069
1782464400,287.12,287.12,284.43,284.56,44.2492
1782468000,284.05,284.25,282.19,282.81,123.0103
1782471600,283.04,283.07,281.64,281.64,20.7117
1782475200,282.53,286.11,281.67,283.69,91.8325
1782478800,283.65,291.76,281.26,290.7,116.9189
1782482400,290.8,295.44,289.56,290.38,528.3317
1782486000,289.95,296.95,289.95,296.48,215.0277
1782489600,296.95,301.75,296.95,298.61,464.9159
1782493200,298.13,299.14,297.21,297.8,79.38
1782496800,298.75,300.0,298.0,298.23,74.4823
1782500400,298.69,303.19,298.69,301.5,64.1799
1782504000,301.95,302.38,297.8,297.8,78.1865
1782507600,296.31,296.59,295.5,296.2,33.4257
1782511200,295.0,295.5,294.8,295.5,1.3755
1782514800,295.15,296.14,294.85,295.88,111.808
1782518400,295.84,297.71,294.82,295.48,90.7756
1782522000,294.99,294.99,294.0,294.0,4.8486
1782525600,293.85,297.16,293.85,296.74,87.3257
1782529200,296.17,297.69,295.66,297.33,71.8324
1782532800,297.2,297.81,295.86,295.86,23.3531
1782536400,295.73,295.97,293.98,295.23,255.3896
1782540000,295.12,296.96,295.12,296.96,49.4532
1782543600,296.3,297.0,296.04,296.98,8.3698
1782547200,296.85,296.96,296.0,296.08,10.4968
1782550800,296.0,296.0,294.99,294.99,25.7101
1782554400,295.46,296.0,295.33,295.89,17.6777
1782558000,295.45,295.45,294.19,295.11,73.7631
1782561600,295.04,296.32,294.77,296.32,4.4199
1782565200,296.44,297.73,296.44,297.51,23.1468
1782568800,297.95,299.0,297.95,298.82,4.9632
1782572400,298.81,300.0,298.81,299.28,5.0449
1782576000,299.05,299.13,298.64,298.86,115.2097
1782579600,298.02,298.02,296.26,296.6,75.7658
1782583200,296.5,296.56,295.07,295.76,4.0849
1782586800,295.0,295.0,292.05,292.05,52.293
1782590400,292.05,292.05,292.05,292.05,0.0
1782594000,293.76,294.02,291.5,291.5,25.7901
1782597600,291.5,291.5,289.19,291.15,54.1841
1782601200,291.85,291.92,290.0,290.0,21.4683
1782604800,289.91,290.8,289.38,290.8,44.9309
1782608400,290.48,291.41,289.87,291.15,21.8141
1782612000,291.5,291.5,290.0,290.67,22.3186
1782615600,291.34,291.34,290.82,291.12,17.386
1782619200,290.83,291.31,290.13,290.53,51.5467
1782622800,290.55,290.55,288.47,289.62,35.6997
1782626400,289.83,289.83,288.78,288.78,33.1918
1782630000,290.32,291.93,290.32,291.93,29.5413
1782633600,292.09,295.76,292.08,295.2,96.1947
1782637200,295.5,295.5,293.98,294.0,37.2201
1782640800,293.86,293.86,292.89,292.9,152.4709
1782644400,292.9,295.54,292.9,295.54,207.0033
1782648000,294.92,296.36,294.5,294.86,54.3784
1782651600,293.29,294.64,293.18,294.64,11.5175
1782655200,295.5,295.5,294.67,294.7,9.8018
1782658800,294.0,295.0,293.69,294.8,35.3667
1782662400,294.94,295.08,292.66,292.66,5.3435
1782666000,293.8,294.7,292.55,293.99,34.0857
1782669600,292.92,292.92,291.82,291.88,247.6517
1782673200,291.81,291.81,289.05,289.05,35.8142
1782676800,290.56,291.93,290.56,291.72,275.3819
1782680400,291.34,291.34,290.52,290.52,0.3386
1782684000,290.97,293.06,287.05,287.37,99.5717
1782687600,288.42,293.95,288.42,293.95,68.2294
1782691200,293.08,293.08,289.76,293.02,572.0373
1782694800,292.48,292.64,290.83,292.25,54.7484
1782698400,292.28,293.96,288.54,293.96,334.6032
1782702000,294.0,298.3,294.0,295.9,103.8989
1782705600,295.54,295.54,292.34,292.34,30.1959
1782709200,291.99,294.1,290.0,294.1,46.8837
1782712800,295.17,296.63,295.1,295.1,17.3504
1782716400,294.29,296.7,294.08,296.39,33.7139
1782720000,295.9,296.99,295.55,296.68,856.8399
1782723600,297.02,297.05,297.0,297.05,3.351
1782727200,297.61,299.93,297.61,298.34,122.695
1782730800,298.0,298.0,294.73,294.73,88.5893
1782734400,294.57,302.0,294.24,299.87,297.7129
1782738000,300.1,302.15,298.0,300.18,843.8579
1782741600,300.4,301.2,295.94,301.2,102.7043
1782745200,300.48,303.05,297.71,301.63,107.5612
1782748800,301.21,302.17,298.39,302.17,83.2202
1782752400,302.08,310.49,302.08,307.12,724.9784
1782756000,306.54,308.16,306.5,307.6,36.3238
1782759600,307.43,309.58,307.43,308.75,179.8231
1782763200,307.86,307.86,307.15,307.15,10.7766
1782766800,306.72,307.66,306.72,307.57,5.3794
1782770400,307.45,307.62,305.62,306.17,88.4978
1782774000,306.37,306.71,305.13,305.5,129.0023
1782777600,305.43,305.43,302.11,303.0,337.8101
1782781200,302.53,303.2,301.12,302.45,530.8746
1782784800,301.84,304.14,301.55,303.9,12.2883
1782788400,303.86,304.57,302.46,302.46,103.4874
1782792000,302.47,302.47,300.72,302.0,107.9758
1782795600,302.12,302.76,301.57,302.76,72.9583
1782799200,302.77,302.77,302.26,302.55,40.3285
1782802800,302.85,302.85,301.62,302.48,95.6019
1782806400,302.49,302.71,299.05,300.77,260.8258
1782810000,301.3,301.69,300.87,301.69,48.0227
1782813600,301.75,301.88,300.16,301.78,104.1582
1782817200,301.42,301.5,300.47,301.46,21.027
1782820800,300.46,300.46,296.06,296.12,156.2503
1782824400,296.11,298.55,295.51,298.55,558.827
1782828000,298.75,302.32,298.75,299.0,327.9608
1782831600,299.0,303.0,298.04,300.97,211.6804
1782835200,300.63,301.1,298.35,301.1,17.2005
1782838800,300.91,301.16,300.07,300.07,6.8118
1782842400,300.12,301.75,299.93,301.61,12.5494
1782846000,301.95,302.77,301.01,301.94,15.0197
1782849600,302.91,302.91,301.93,301.93,2.191
1782853200,300.86,300.95,300.81,300.95,70.6313
1782856800,301.0,302.05,301.0,301.15,80.7282
1782860400,301.0,302.13,301.0,301.96,103.0543
1782864000,302.12,302.12,301.02,301.65,290.8879
1782867600,301.02,303.41,296.17,303.29,163.8752
1782871200,303.65,306.95,302.5,306.8,73.8857
1782874800,306.7,309.88,305.01,309.71,91.581
1782878400,309.22,310.5,308.99,310.06,379.0591
1782882000,309.87,310.36,308.47,308.62,47.8223
1782885600,308.32,308.32,303.83,304.61,134.7593
1782889200,304.78,307.0,304.78,307.0,169.9204
1782892800,306.92,309.68,306.44,309.68,250.1921
1782896400,308.89,309.8,308.3,309.8,114.3897
1782900000,308.88,309.87,308.0,308.0,77.0787
1782903600,308.0,308.46,306.69,307.14,78.0175
1782907200,306.89,306.89,305.39,305.5,112.6527
1782910800,306.88,312.01,306.88,311.43,191.4307
1782914400,311.43,316.0,311.29,315.65,658.9261
1782918000,315.7,318.26,315.7,317.0,275.317
1782921600,316.95,319.51,316.17,316.17,55.4903
1782925200,316.77,319.27,316.77,318.81,142.5368
1782928800,318.81,319.01,316.96,317.11,124.8583
1782932400,316.51,316.51,316.5,316.5,109.2537
1782936000,315.0,317.18,314.82,317.18,90.323
1782939600,318.11,321.68,318.11,321.39,282.6944
1782943200,320.75,322.47,318.55,318.6,164.0005
1782946800,318.18,318.3,316.96,317.26,12.3776
1782950400,316.85,316.95,315.33,316.45,175.5325
1782954000,316.78,321.0,316.78,319.64,106.7702
1782957600,319.22,321.2,319.22,320.86,47.3724
1782961200,320.86,322.0,319.0,321.55,215.7257
1782964800,321.15,321.28,318.96,319.92,19.7628
1782968400,319.9,319.9,318.4,319.23,64.9707
1782972000,319.58,320.0,318.09,318.33,126.8411
1782975600,318.33,318.4,317.49,318.16,141.2973
1782979200,317.99,319.65,317.99,319.64,173.9588
1782982800,319.55,324.61,319.43,324.39,241.6877
1782986400,324.32,334.2,324.32,334.2,302.5325
1782990000,333.44,336.95,332.68,335.0,320.589
1782993600,335.4,335.95,331.07,331.7,429.332
1782997200,331.48,334.22,330.01,332.11,185.8027
1783000800,331.96,331.96,327.35,327.4,165.505
1783004400,327.38,329.41,327.38,329.41,20.7571
1783008000,329.68,330.17,327.33,328.44,104.0528
1783011600,328.63,330.77,328.63,329.36,31.6324
1783015200,329.35,330.05,329.35,330.05,29.0051
1783018800,330.0,330.0,330.0,330.0,23.0472
1783022400,328.72,328.72,328.67,328.67,6.136
1783026000,329.71,329.71,328.0,328.0,70.8548
1783029600,328.23,328.84,328.0,328.59,13.6067
1783033200,328.0,328.7,328.0,328.09,24.2769
1783036800,328.46,328.8,328.01,328.8,11.2304
1783040400,328.8,332.25,328.8,331.9,106.7938
1783044000,331.39,331.64,328.87,328.93,97.2234
1783047600,328.85,329.23,327.36,328.8,270.9349
1783051200,328.36,329.34,327.79,327.79,221.8189
1783054800,328.14,330.0,328.14,329.98,55.1502
1783058400,329.92,330.0,328.67,328.95,137.063
1783062000,329.17,330.96,328.9,330.95,186.7819
1783065600,330.41,330.41,329.15,329.15,11.9691
1783069200,329.27,330.24,329.0,330.24,243.8156
1783072800,330.42,333.09,329.77,333.09,119.4198
1783076400,332.4,332.6,331.44,332.39,30.4779
1783080000,332.41,332.96,331.17,332.05,38.5793
1783083600,332.05,332.96,331.8,332.4,9.754
1783087200,331.59,332.88,330.34,332.88,42.5166
1783090800,332.84,333.62,331.06,331.06,30.7235
1783094400,331.06,331.36,330.49,331.36,24.6985
1783098000,331.98,332.82,331.98,332.17,4.8599
1783101600,333.0,334.0,332.65,333.93,24.3756
1783105200,333.74,337.48,333.74,335.43,231.907
1783108800,335.22,336.86,334.97,336.86,5.8066
1783112400,336.43,336.43,334.51,336.0,20.2398
1783116000,335.02,335.74,334.72,334.82,20.2851
1783119600,334.36,334.72,334.11,334.72,3.0455
1783123200,335.66,335.88,335.2,335.2,163.0945
1783126800,335.2,335.2,333.4,333.4,86.7344
1783130400,333.79,335.53,333.58,334.89,54.1002
1783134000,334.74,336.9,334.7,336.59,9.2426
1783137600,336.85,340.66,336.85,340.0,294.0585
1783141200,338.88,339.96,337.86,339.41,92.7948
1783144800,339.21,339.48,336.17,336.17,49.0386
1783148400,336.03,336.14,335.43,335.57,30.6536
1783152000,336.56,336.56,335.12,335.12,76.4128
1783155600,335.1,335.1,332.45,332.94,191.5122
1783159200,332.76,333.03,332.03,332.58,38.9464
1783162800,332.16,333.0,332.13,333.0,26.9053
1783166400,333.0,333.1,331.51,331.95,143.0179
1783170000,332.17,332.58,331.72,331.84,63.542
1783173600,332.55,332.75,332.32,332.75,59.0716
1783177200,332.74,334.79,332.74,334.55,55.1939
1783180800,334.29,334.7,334.0,334.34,106.9161
1783184400,334.44,336.53,334.0,335.94,96.334
1783188000,335.94,335.94,334.27,334.67,25.6431
1783191600,333.94,333.94,333.0,333.02,21.0585
1783195200,333.39,333.98,332.83,333.68,51.4911
1783198800,333.69,333.7,333.69,333.7,36.2851
1783202400,333.5,333.56,332.68,333.56,186.6298
1783206000,333.37,333.37,332.5,332.68,49.006
1783209600,332.51,332.51,331.05,331.05,19.8958
1783213200,331.6,331.6,328.36,329.0,322.2859
1783216800,328.95,328.95,326.86,326.86,146.8409
1783220400,327.63,328.21,327.49,327.82,107.8303
1783224000,327.51,328.9,327.51,328.28,26.8447
1783227600,328.15,328.15,327.11,327.81,17.4174
1783231200,327.63,327.9,327.56,327.9,10.7737
1783234800,327.89,328.67,327.88,328.67,24.8355
1783238400,328.7,329.03,328.21,328.35,42.0303
1783242000,328.34,328.34,325.3,325.57,201.5021
1783245600,325.86,327.74,325.86,327.71,121.5154
1783249200,327.59,328.61,327.59,328.5,26.2047
1783252800,328.46,330.78,328.05,329.58,195.87
1783256400,329.9,330.79,328.96,330.75,115.6628
1783260000,330.8,331.5,330.53,331.5,25.6975
1783263600,331.59,332.2,330.87,331.57,31.9298
1783267200,331.84,331.84,330.15,330.18,44.862
1783270800,330.65,330.65,330.65,330.65,1.4749
1783274400,330.8,331.08,330.54,331.07,6.0658
1783278000,330.1,330.1,329.76,330.0,4.2163
1783281600,330.23,330.38,330.17,330.38,19.3293
1783285200,329.76,333.76,329.76,333.73,74.805
1783288800,333.36,335.4,332.68,333.1,114.9456
1783292400,333.11,333.87,332.88,332.88,18.4972
1783296000,332.06,333.88,331.08,333.88,73.1307
1783299600,334.48,335.01,332.61,332.61,79.1601
1783303200,332.09,332.24,329.62,330.1,98.736
1783306800,329.88,329.88,328.14,328.85,111.8724
1783310400,329.09,329.81,328.97,329.81,99.0657
1783314000,329.12,329.12,327.12,328.15,306.0537
1783317600,328.15,328.15,327.36,327.67,48.6502
1783321200,327.59,329.57,327.26,329.52,17.4434
1783324800,329.8,330.32,327.58,328.02,44.3059
1783328400,327.95,328.06,327.34,327.34,12.4822
1783332000,327.07,329.12,327.07,329.12,95.2496
1783335600,329.32,330.51,329.31,329.31,34.2002
1783339200,328.42,328.95,324.55,325.0,528.7214
1783342800,324.78,330.0,324.05,330.0,152.9539
1783346400,328.14,329.23,327.58,328.31,186.3181
1783350000,328.41,332.98,328.41,332.96,554.3919
1783353600,332.56,335.81,332.56,335.08,134.2595
1783357200,335.08,335.37,333.1,333.15,45.6957
1783360800,333.38,335.13,333.03,335.13,17.4362
1783364400,334.41,334.6,334.35,334.6,1.4942
1783368000,333.97,335.14,333.76,335.14,72.532
1783371600,335.55,340.0,335.21,336.85,280.4776
1783375200,337.12,337.35,336.3,336.3,87.8074
1783378800,336.31,336.31,334.52,334.54,24.1496
1783382400,334.54,336.28,334.52,336.16,221.8732
1783386000,335.96,335.96,332.43,334.97,375.9233
1783389600,334.36,334.36,332.69,332.7,383.4102
1783393200,332.7,332.79,331.25,331.44,157.7172
1783396800,331.06,331.11,330.28,330.3,59.475
1783400400,330.32,331.49,329.46,331.49,108.2068
1783404000,331.59,333.3,330.87,333.3,123.7791
1783407600,333.44,333.93,332.5,333.35,29.866
1783411200,332.25,333.09,332.25,332.32,23.0843
1783414800,332.0,332.34,331.63,332.0,36.7339
1783418400,332.0,332.28,330.64,330.98,55.5377
1783422000,330.68,331.99,330.14,331.96,55.5603
1783425600,332.5,334.25,332.5,332.58,14.2657
1783429200,332.32,332.32,330.0,331.84,19.562
1783432800,330.15,333.97,329.55,333.97,287.2481
1783436400,333.76,335.74,332.92,335.6,628.956
1783440000,335.45,336.88,334.22,335.99,63.1963
1783443600,336.63,337.22,336.63,337.22,1.2656
1783447200,336.54,336.54,332.29,332.29,15.3207
1783450800,332.01,332.21,330.3,332.21,24.852
1783454400,331.58,331.58,331.01,331.01,0.6806
1783458000,331.85,331.85,330.0,330.0,1.388
1783461600,329.94,331.05,329.05,330.52,175.1676
1783465200,330.82,331.18,329.92,329.92,3.8311
1783468800,329.6,329.93,329.37,329.4,58.5271
1783472400,329.4,329.4,323.31,323.89,136.9032
1783476000,323.05,323.64,321.0,323.33,304.8517
1783479600,323.91,324.28,321.78,321.79,357.5099
1783483200,321.81,322.61,321.06,321.56,110.8309
1783486800,321.62,321.75,320.54,320.73,125.3642
1783490400,320.5,320.5,319.06,319.48,188.1559
1783494000,319.14,319.56,318.27,319.56,231.3242
1783497600,319.63,319.77,315.05,316.59,286.9113
1783501200,315.93,315.99,315.11,315.84,97.6813
1783504800,315.65,316.23,315.07,316.22,9.7008
1783508400,316.22,317.0,315.13,316.92,122.6785
1783512000,316.76,317.04,315.4,315.4,59.0538
1783515600,315.4,316.35,314.09,315.97,86.9116
1783519200,316.39,316.39,314.37,315.22,331.7998
1783522800,314.92,315.22,312.38,313.35,81.1408
1783526400,314.02,315.99,314.02,315.93,57.4437
1783530000,315.78,317.21,315.32,315.35,207.6571
1783533600,316.04,316.16,314.53,315.59,7.2346
1783537200,314.94,315.89,314.94,315.89,1.9768
1783540800,316.6,316.69,315.25,315.32,33.6939
1783544400,315.37,316.32,314.92,316.32,15.7957
1783548000,316.1,316.8,316.1,316.8,8.5005
1783551600,316.85,317.77,316.79,317.77,49.4111
1783555200,318.16,318.16,317.26,317.53,84.406
1783558800,317.74,321.0,316.53,316.53,109.6449
1783562400,316.13,317.9,315.13,315.28,153.0793
1783566000,315.01,316.22,314.03,316.17,191.5453
1783569600,316.18,318.51,315.97,318.51,107.1985
1783573200,318.28,319.64,318.28,319.48,642.6396
1783576800,319.57,320.43,319.57,320.35,6.9736
1783580400,320.51,320.74,319.39,319.47,133.98
1783584000,319.31,319.94,318.7,319.01,14.8937
1783587600,319.0,319.23,318.44,319.23,25.2722
1783591200,319.24,319.24,316.85,316.85,21.6905
1783594800,317.5,317.5,316.14,316.64,10.7775
1783598400,316.73,318.82,316.73,317.23,8.015
1783602000,317.2,320.32,316.16,319.87,584.9252
1783605600,319.87,320.09,317.93,318.49,32.4603
1783609200,318.85,319.05,317.55,317.7,32.4974
1783612800,317.64,318.07,317.09,318.07,97.913
1783616400,318.54,319.05,318.42,319.05,1.4454
1783620000,320.5,320.5,319.67,319.67,38.8042
1783623600,319.65,320.14,319.34,319.65,48.2255
1783627200,319.37,320.04,319.37,320.04,3.3093
1783630800,319.98,319.98,319.24,319.24,27.9574
1783634400,319.2,320.0,319.02,319.91,11.0777
1783638000,319.65,319.69,318.66,319.53,33.7262
1783641600,319.16,319.45,318.63,318.78,69.7604
1783645200,318.79,323.45,318.79,322.24,358.0959
1783648800,321.42,322.11,320.89,322.11,186.741
1783652400,321.84,321.84,320.76,321.5,51.2422
1783656000,321.75,321.88,321.45,321.81,379.3463
1783659600,321.82,322.3,321.71,322.23,49.7183
1783663200,322.08,322.12,321.5,321.5,158.8973
1783666800,321.22,321.51,320.65,320.89,28.5122
1783670400,320.88,322.92,320.88,322.87,60.6858
1783674000,322.13,322.64,321.16,322.26,135.7712
1783677600,322.8,323.44,322.8,323.44,36.0242
1783681200,323.24,323.24,322.75,322.95,147.0297
1783684800,322.87,322.95,321.57,321.57,117.0027
1783688400,321.57,322.7,320.96,321.75,149.4761
1783692000,321.02,321.02,315.05,317.83,261.3498
1783695600,317.61,319.25,317.61,318.4,14.6175
1783699200,318.01,318.28,317.65,318.28,96.2819
1783702800,318.39,318.39,316.12,316.12,65.6752
1783706400,316.66,317.0,315.63,315.65,3.1929
1783710000,316.37,317.21,316.37,317.21,2.2822
1783713600,317.58,317.58,317.0,317.14,5.1204
1783717200,316.67,317.48,316.67,317.33,7.7031
1783720800,317.85,318.17,317.28,317.97,13.9384
1783724400,317.34,317.96,317.34,317.95,17.33
1783728000,317.69,317.69,317.18,317.32,38.4573
1783731600,317.15,317.69,316.31,316.31,16.8599
1783735200,316.01,316.43,315.38,316.43,214.4212
1783738800,316.8,316.98,316.74,316.98,62.2966
1783742400,316.94,317.02,316.52,317.02,115.6296
1783746000,316.97,317.61,316.72,317.29,84.3031
1783749600,317.26,318.23,317.26,318.0,13.037
1783753200,317.91,318.12,317.91,317.91,35.7819
1783756800,317.91,318.21,317.91,318.21,15.2943
1783760400,318.69,318.7,317.9,317.91,29.4204
1783764000,317.9,318.38,317.36,318.38,4.5168
1783767600,318.39,318.62,318.14,318.39,16.0998
1783771200,318.31,318.43,318.19,318.39,134.8582
1783774800,318.23,319.17,318.23,318.77,13.0333
1783778400,318.77,320.2,318.77,320.09,39.2361
1783782000,320.0,321.04,318.76,319.36,160.3254
1783785600,318.8,318.8,317.34,317.68,26.007
1783789200,317.61,318.21,317.36,318.02,26.3524
1783792800,318.44,318.5,318.23,318.23,10.5125
1783796400,318.22,318.22,317.37,317.76,8.9167
1783800000,318.34,318.63,318.31,318.37,7.6724
1783803600,318.64,318.78,318.64,318.67,15.1218
1783807200,318.5,318.5,317.66,317.67,25.3064
1783810800,317.24,317.47,313.6,313.61,258.9083
1783814400,313.6,313.6,309.06,310.29,202.3315
1783818000,310.43,312.44,310.43,312.27,62.6956
1783821600,312.96,313.0,312.28,313.0,20.2367
1783825200,313.01,313.42,313.01,313.42,18.3475
1783828800,313.44,313.48,312.03,312.03,32.5241
1783832400,312.63,312.63,311.47,311.47,48.6326
1783836000,311.44,311.44,309.65,311.05,49.6919
1783839600,311.34,312.33,311.34,311.74,15.7393
1783843200,312.04,312.62,311.83,312.48,57.897
1783846800,312.41,312.75,311.83,312.75,9.3622
1783850400,312.46,312.92,312.46,312.7,15.8597
1783854000,312.77,314.25,312.24,314.22,41.6913
1783857600,313.03,314.53,313.03,314.37,5.8381
1783861200,315.0,315.03,314.86,314.99,15.148
1783864800,314.99,316.38,314.01,316.38,19.7137
1783868400,316.0,316.0,315.44,315.61,14.9279
1783872000,315.93,316.46,315.91,316.1,9.6341
1783875600,315.82,315.82,315.29,315.29,14.4311
1783879200,315.45,316.24,315.19,316.11,3.148
1783882800,316.16,316.27,315.86,316.27,10.8322
1783886400,316.15,316.15,315.8,315.8,15.3289
1783890000,316.12,316.12,315.0,315.0,5.7225
1783893600,314.0,314.0,312.12,312.12,8.5066
1783897200,312.61,313.07,312.61,313.0,12.7414
1783900800,313.42,317.98,313.42,316.57,47.8594
1783904400,315.69,315.69,311.89,311.89,34.6938
1783908000,311.58,312.54,311.2,312.26,64.3737
1783911600,312.01,312.01,308.52,309.73,167.3237
1783915200,309.68,310.98,309.68,310.4,25.6385
1783918800,310.11,312.17,310.11,312.08,94.6519
1783922400,312.14,312.76,311.92,312.37,15.7668
1783926000,311.86,312.99,311.86,312.47,57.6995
1783929600,312.46,313.66,312.24,313.66,121.83
1783933200,313.13,313.13,312.89,313.13,9.5707
1783936800,313.05,313.05,311.01,311.82,148.6116
1783940400,312.48,312.7,312.24,312.55,81.6165
1783944000,312.56,312.56,310.11,310.13,45.5149
1783947600,310.18,310.29,307.91,308.34,184.8511
1783951200,308.96,311.18,308.62,311.18,184.6314
1783954800,310.83,311.6,310.01,310.01,21.3539
1783958400,310.01,310.44,307.75,307.75,19.4685
1783962000,308.04,308.21,305.66,305.66,208.8558
1783965600,305.8,306.36,305.8,306.16,25.9236
1783969200,306.14,307.08,306.06,307.08,26.0061
1783972800,306.21,306.21,305.19,305.19,1.7973
1783976400,305.61,305.61,303.64,304.32,104.5057
1783980000,304.6,305.13,304.6,305.12,9.659
1783983600,304.51,306.13,304.51,306.13,20.1252
1783987200,306.29,308.03,306.04,308.03,188.5912
1783990800,307.84,308.29,307.49,307.78,70.4059
1783994400,307.41,307.66,306.65,307.06,60.8948
1783998000,307.01,307.01,305.53,306.88,49.3194
1784001600,306.88,307.54,306.7,306.96,63.8845
1784005200,306.95,308.29,306.95,308.12,25.0009
1784008800,308.12,308.12,307.24,307.25,47.6549
1784012400,307.24,307.48,306.7,306.7,28.9879
1784016000,306.73,308.1,306.73,307.23,142.1727
1784019600,307.55,307.63,306.68,306.99,53.8026
1784023200,307.35,308.5,306.97,308.45,4.0013
1784026800,308.13,308.8,308.13,308.21,5.5718
1784030400,308.01,313.45,307.51,313.45,207.8456
1784034000,313.61,316.59,312.65,314.53,55.5761
1784037600,314.48,315.97,313.53,315.97,59.7149
1784041200,315.58,317.4,315.27,316.11,209.4615
1784044800,315.85,316.34,315.5,315.91,18.0507
1784048400,315.13,315.19,314.04,314.11,22.9553
1784052000,314.74,315.05,314.26,314.98,32.5284
1784055600,315.26,315.41,314.7,314.99,54.5467
1784059200,314.33,314.43,313.89,314.43,7.417
1784062800,314.76,315.43,314.76,315.42,1.5618
1784066400,315.06,317.26,315.0,317.13,28.2824
1784070000,316.61,317.01,316.61,317.01,5.4755
1784073600,316.71,316.71,316.01,316.16,30.255
1784077200,316.16,316.18,315.06,316.15,91.5029
1784080800,315.02,315.1,314.01,314.02,69.0772
1784084400,314.51,316.47,314.47,316.4,83.6539
1784088000,316.14,317.15,315.86,317.15,43.8787
1784091600,317.12,318.0,316.32,317.5,30.1287
1784095200,317.99,319.0,317.65,317.65,75.9554
1784098800,317.29,317.29,315.18,315.18,72.7349
1784102400,316.11,316.38,315.0,315.81,89.8469
1784106000,316.59,316.8,316.0,316.0,6.1736
1784109600,315.55,316.29,315.05,315.24,82.6148
1784113200,315.43,315.94,315.32,315.78,40.1902
1784116800,315.81,318.72,315.18,318.39,65.4096
1784120400,319.0,321.26,317.03,317.65,217.6927
1784124000,318.55,319.14,317.04,318.52,83.7341
1784127600,318.54,318.54,317.5,317.72,94.2102
1784131200,317.56,317.56,314.56,316.03,161.3934
1784134800,316.71,316.91,316.12,316.91,21.856
1784138400,317.05,317.46,316.97,316.97,16.9797
1784142000,316.07,316.07,314.43,314.43,55.4198
1784145600,314.64,315.39,314.64,315.39,2.7604
1784149200,315.44,315.45,315.01,315.06,21.5985
1784152800,315.76,316.17,315.55,315.55,67.7281
1784156400,315.89,315.89,314.89,314.89,23.557
1784160000,314.72,315.19,312.92,313.24,55.6411
1784163600,313.83,313.99,312.93,313.98,184.3006
1784167200,313.99,314.23,313.98,314.0,158.9594
1784170800,314.11,314.91,313.4,313.41,73.5405
1784174400,313.8,313.82,313.0,313.1,87.7733
1784178000,313.21,315.44,312.92,315.29,39.2206
1784181600,315.3,315.92,314.49,315.09,167.0484
1784185200,315.07,315.07,310.23,311.2,244.795
1784188800,311.22,311.5,309.05,310.46,270.4425
1784192400,310.66,310.78,310.33,310.33,4.5054
1784196000,310.49,311.33,310.49,310.84,42.0267
1784199600,310.85,311.3,310.7,311.14,23.0404
1784203200,311.27,311.28,309.51,310.24,145.9373
1784206800,310.13,312.8,310.13,311.66,44.4525
1784210400,312.08,313.23,311.77,311.77,190.4066
1784214000,311.36,313.32,310.84,312.9,142.1729
1784217600,312.47,312.47,311.43,311.43,28.8106
1784221200,311.36,311.36,308.6,308.74,165.0627
1784224800,308.78,309.99,308.55,309.15,43.9374
1784228400,309.1,310.03,309.1,310.03,3.5255
1784232000,309.58,309.96,309.53,309.96,6.9909
1784235600,310.03,310.41,310.03,310.2,30.7425
1784239200,310.0,310.0,307.91,307.91,36.7731
1784242800,307.72,308.01,307.21,308.01,50.1532
1784246400,308.03,308.7,307.05,308.7,30.7402
1784250000,309.0,309.0,307.08,307.19,130.3138
1784253600,307.63,307.63,306.46,306.46,133.0744
1784257200,307.7,308.48,307.7,307.77,29.9016
1784260800,307.71,307.99,306.7,307.87,52.516
1784264400,307.23,307.4,305.0,305.01,110.5405
1784268000,305.01,305.77,305.01,305.35,45.5466
1784271600,305.22,305.95,305.02,305.95,55.8321
1784275200,305.5,305.5,304.69,305.27,230.4057
1784278800,305.26,306.28,305.22,306.28,17.5982
1784282400,306.45,306.79,306.45,306.79,10.0847
1784286000,306.74,307.41,306.29,307.21,34.4084
1784289600,306.89,306.9,305.8,305.8,44.4852
1784293200,305.74,305.74,302.21,305.2,328.8496
1784296800,305.47,307.03,305.26,305.61,83.5485
1784300400,305.48,306.21,303.77,306.16,85.4111
1784304000,307.36,308.13,306.87,308.0,19.067
1784307600,309.07,309.65,308.87,308.97,368.6782
1784311200,308.85,308.85,307.95,308.78,15.4276
1784314800,308.19,308.19,308.07,308.07,1.2784
1784318400,307.73,307.73,307.73,307.73,1.449
1784322000,308.11,308.11,307.27,307.39,89.27
1784325600,306.88,307.34,306.88,307.34,9.9031
1784329200,306.98,307.71,306.98,307.71,114.9251
1784332800,308.1,308.1,307.56,307.56,35.1052
1784336400,307.53,308.09,307.53,308.09,62.7471
1784340000,308.1,309.21,308.01,308.01,312.4163
1784343600,308.01,308.11,308.01,308.02,10.6282
1784347200,308.86,308.95,308.01,308.38,1076.1287
1784350800,308.51,308.73,308.19,308.19,11.7723
1784354400,308.37,308.8,308.37,308.7,111.4816
1784358000,308.71,308.72,308.71,308.71,27.8919
1784361600,308.7,308.7,308.01,308.55,26.9767
1784365200,308.49,308.49,307.56,307.93,33.4326
1784368800,308.1,308.1,307.98,308.06,6.5401
1784372400,308.25,308.26,308.25,308.26,38.2539
1784376000,308.26,308.79,308.0,308.5,34.8477
1784379600,308.7,308.7,307.19,307.53,40.936
1784383200,307.6,308.68,307.46,308.68,28.4252
1784386800,308.64,308.96,308.28,308.69,10.9819
1784390400,308.58,309.69,308.58,309.69,7.6108
1784394000,309.34,309.98,309.16,309.98,77.2983
1784397600,310.0,310.66,309.98,310.12,16.4393
1784401200,309.98,310.52,309.97,310.52,36.3037
1784404800,310.81,311.15,310.36,310.36,25.7613
1784408400,310.92,310.95,310.4,310.95,9.8167
1784412000,310.66,310.93,310.64,310.84,2.0397
1784415600,311.05,311.05,310.79,310.79,3.2369
1784419200,310.86,311.0,310.85,311.0,31.8871
1784422800,311.02,311.52,311.01,311.51,22.1029
1784426400,311.99,314.45,311.99,313.62,23.0097
1784430000,313.06,313.06,312.27,312.4,27.387
1784433600,312.44,312.76,312.3,312.65,60.8928
1784437200,312.73,312.94,312.49,312.92,2.5282
1784440800,312.62,313.07,312.62,312.96,23.0712
1784444400,313.17,313.57,312.82,313.12,21.1831
1784448000,313.3,314.0,313.3,314.0,37.2108
1784451600,314.0,314.0,312.5,312.7,65.2498
1784455200,312.72,314.08,312.72,313.89,17.8614
1784458800,314.0,314.0,313.26,313.26,23.3563
1784462400,313.25,313.25,312.18,312.99,48.7703
1784466000,312.4,312.89,312.4,312.88,22.5231
1784469600,312.88,314.45,312.5,314.21,371.0801
1784473200,313.47,313.47,313.0,313.04,55.6075
1784476800,312.66,312.86,312.01,312.01,31.3914
1784480400,312.0,312.81,311.28,312.81,21.3652
1784484000,310.23,310.89,310.0,310.48,13.3652
1784487600,310.76,310.89,310.76,310.89,1.498
1784491200,310.9,311.0,310.9,311.0,2.037
1784494800,311.35,311.4,310.36,310.36,125.6619
1784498400,311.7,312.78,311.7,312.28,35.2228
1784502000,312.0,313.69,311.72,313.34,134.3107
1784505600,314.0,315.97,314.0,314.01,293.9829
1784509200,314.2,316.8,313.99,313.99,435.4058
1784512800,315.41,316.2,314.14,315.78,65.7849
1784516400,315.86,315.86,314.55,315.0,6.5486
1784520000,314.35,315.14,313.9,314.21,37.7307
1784523600,313.48,313.48,311.67,312.07,65.4388
1784527200,311.88,311.99,310.84,311.0,37.9702
1784530800,310.84,312.0,310.73,312.0,36.3147
1784534400,312.53,312.87,311.66,311.82,9.0553
1784538000,313.0,314.15,313.0,313.98,11.0164
1784541600,313.3,313.89,313.2,313.2,63.6708
1784545200,313.79,316.07,313.44,316.02,73.5304
1784548800,316.17,316.17,314.9,314.9,47.4513
1784552400,314.74,316.15,314.21,314.42,35.2057
1784556000,312.92,313.05,311.58,312.76,48.2024
1784559600,312.38,318.45,312.38,318.45,143.3063
1784563200,318.44,318.44,317.7,318.07,105.6637
1784566800,317.68,318.39,317.3,318.39,12.8812
1784570400,318.45,320.41,318.42,318.42,167.8198
1784574000,317.03,317.43,317.03,317.21,38.7577
1784577600,317.8,318.74,317.8,318.74,25.2378
1784581200,319.06,319.25,318.64,318.64,14.3086
1784584800,318.0,318.0,317.28,317.28,11.0431
1784588400,317.29,318.61,317.29,318.61,18.6415
1784592000,318.43,319.9,318.43,319.59,30.3915
1784595600,319.34,319.59,319.0,319.0,55.6258
1784599200,319.01,319.96,318.19,319.17,67.5966
1784602800,319.61,320.7,319.52,319.52,89.6312
1784606400,320.15,320.15,319.09,319.19,23.723
1784610000,319.35,320.67,319.35,320.25,297.2805
1784613600,320.55,321.47,320.01,321.43,415.3051
1784617200,321.47,321.49,321.11,321.49,20.2249
1784620800,321.36,321.5,320.55,320.56,49.8164
1784624400,320.5,320.5,320.04,320.34,19.6764
1784628000,320.91,320.91,319.42,319.42,80.324
1784631600,319.68,320.05,319.43,320.02,70.4952
1784635200,319.78,320.37,319.74,320.21,9.0071
1784638800,320.6,320.88,319.55,320.7,78.2358
1784642400,320.53,320.53,318.28,318.53,236.4867
1784646000,318.16,318.59,317.76,318.48,162.316
1784649600,318.75,319.23,318.4,319.22,199.392
1784653200,319.23,319.23,317.27,317.34,185.3104
1784656800,318.3,318.3,318.3,318.3,0.1535
1784660400,317.99,318.04,317.5,317.5,3.9431
1784664000,318.07,318.13,317.95,317.95,1.312
1784667600,318.64,318.64,318.43,318.43,4.3151
1784671200,318.45,318.45,318.2,318.2,3.5609
1784674800,318.15,318.56,318.0,318.56,18.0342
1784678400,318.99,320.17,318.99,320.17,23.3405
1784682000,320.02,320.22,319.46,319.84,116.496
1784685600,319.41,320.04,319.01,319.01,59.3074
1784689200,319.01,319.01,318.3,318.3,35.5468
1784692800,318.95,319.3,318.89,318.96,24.957
1784696400,318.87,318.87,316.24,316.24,231.4519
1784700000,316.7,316.73,315.58,315.81,20.2989
1784703600,316.07,316.09,315.43,315.6,76.3825
1784707200,315.55,316.76,315.55,316.76,14.2263
1784710800,316.66,316.81,316.25,316.71,18.7323
1784714400,316.93,317.35,316.88,317.21,35.608
1784718000,317.35,317.53,316.95,316.95,14.567
1784721600,316.52,316.52,315.59,315.96,8.4391
1784725200,315.51,318.39,315.51,318.39,50.0857
1784728800,318.91,319.97,317.73,318.31,17.0435
1784732400,319.0,321.9,319.0,320.68,72.254
1784736000,320.92,321.49,320.02,321.04,39.036
1784739600,321.01,321.01,320.03,320.03,7.7257
1784743200,320.0,320.0,317.15,318.03,121.6304
1784746800,318.0,318.0,317.18,317.18,30.8682
1784750400,318.46,318.46,318.24,318.24,1.471
1784754000,318.17,318.76,317.82,318.76,22.984
1784757600,318.47,319.05,318.01,318.01,44.0049
1784761200,318.0,318.52,317.73,318.52,1.3442
1784764800,318.94,320.07,318.94,319.66,535.5749
1784768400,319.72,319.95,318.5,318.5,43.4185
1784772000,318.51,318.51,316.91,317.48,79.1794
1784775600,317.49,317.49,316.76,317.25,45.1658
1784779200,317.13,317.61,317.13,317.61,32.0978
1784782800,317.0,317.24,316.8,317.0,189.2805
1784786400,317.24,317.24,316.65,316.97,44.2083
1784790000,316.65,316.65,315.53,315.95,34.0564
1784793600,315.7,316.9,315.7,316.86,5.1016
1784797200,317.0,317.57,317.0,317.18,44.1528
1784800800,317.34,318.12,317.34,318.07,7.3599
1784804400,318.05,318.43,317.92,317.92,36.6026
1784808000,317.92,317.92,313.52,315.12,185.6498
1784811600,315.19,315.22,313.89,314.69,65.1642
1784815200,314.13,314.59,313.06,313.12,40.1482
1784818800,313.05,313.05,311.57,312.55,56.6234
1784822400,312.46,312.46,311.17,311.44,116.8129
1784826000,311.48,311.54,310.08,310.08,72.1864
1784829600,310.08,310.45,310.08,310.45,18.2415
1784833200,310.05,310.05,309.43,309.43,37.1835
1784836800,310.86,311.85,310.86,311.85,20.5777
1784840400,311.4,311.4,311.33,311.33,1.0529
1784844000,311.29,312.11,311.29,312.11,16.1529
1784847600,312.05,312.25,311.18,311.18,41.909
1784851200,310.91,311.48,310.73,311.13,89.2695
1784854800,311.65,311.71,311.14,311.14,65.4823
1784858400,311.24,311.53,309.86,310.15,97.049
1784862000,310.35,311.56,310.35,311.17,157.9974
1784865600,311.1,311.1,310.38,310.38,68.1087
1784869200,310.44,311.47,310.44,311.2,51.1293
1784872800,311.19,311.6,311.19,311.4,54.9987
1784876400,311.41,313.03,311.26,311.95,160.1328
1784880000,312.05,312.05,311.06,311.12,33.4067
1784883600,311.17,311.17,309.68,310.43,72.963
1784887200,310.42,310.42,309.87,309.93,21.8336
1784890800,309.61,309.88,308.12,308.25,67.488
1784894400,308.59,309.08,307.52,307.53,40.9101
1784898000,307.58,307.58,304.5,304.72,165.1555
1784901600,304.51,304.92,302.87,302.87,106.0944
1784905200,303.8,305.07,303.04,304.41,75.2391
1784908800,303.94,304.61,303.04,303.04,71.1075
1784912400,303.81,304.73,303.75,304.3,34.6282
1784916000,304.11,304.26,304.01,304.01,10.5221
1784919600,304.01,304.01,303.56,303.57,171.8333
1784923200,304.11,304.14,303.56,303.56,3.3798
1784926800,303.56,303.56,302.5,302.96,132.3607
1784930400,303.09,304.11,303.09,303.97,44.5493
1784934000,304.06,304.14,304.02,304.02,8.9391
1784937600,304.12,304.64,304.11,304.56,8.6824
1784941200,304.68,305.14,304.68,304.89,177.2057
1784944800,304.78,305.02,304.78,304.96,282.7523
1784948400,304.95,305.27,304.95,304.99,118.6306
1784952000,304.99,305.5,304.99,305.42,4.6263
1784955600,305.22,305.22,304.67,304.68,65.7084
1784959200,304.67,304.67,303.95,303.95,51.8043
1784962800,304.41,304.43,303.86,303.86,171.7112
1784966400,303.86,303.86,303.0,303.41,108.842
1784970000,303.45,304.22,303.32,304.17,67.3552
1784973600,304.16,304.16,304.01,304.01,1.919
1784977200,304.08,304.08,304.0,304.01,9.592
1784980800,304.0,304.06,304.0,304.06,2.5079
1784984400,304.1,305.06,304.05,304.49,143.6186
1784988000,304.49,304.49,303.79,304.45,111.964
1784991600,305.17,305.34,305.16,305.16,9.0423
1784995200,305.16,305.82,305.16,305.82,7.2119
1784998800,305.73,306.68,305.68,306.68,7.5628
1785002400,306.41,307.0,306.26,306.85,2.7691
1785006000,306.97,306.97,306.61,306.8,12.9402
1785009600,306.22,306.22,306.22,306.22,0.0305
1785013200,306.01,306.41,305.94,306.41,4.5968
1785016800,305.8,305.81,305.8,305.81,98.9143
1785020400,306.3,306.55,306.3,306.55,9.2232
1785024000,306.73,308.0,306.73,307.2,80.4059
1785027600,307.3,307.31,307.3,307.3,45.6854
1785031200,307.31,307.64,307.3,307.57,97.4127
1785034800,308.0,308.0,307.99,308.0,93.8124
1785038400,308.0,308.8,308.0,308.53,173.2383
1785042000,308.49,308.91,308.49,308.66,70.4792
1785045600,308.65,308.66,307.8,308.66,59.4768
1785049200,308.67,308.67,308.01,308.01,46.9501
1785052800,308.01,308.22,308.01,308.19,4.7719
1785056400,308.46,309.2,308.41,308.56,181.2487
1785060000,308.56,308.83,308.56,308.73,81.8759
1785063600,308.91,308.91,308.05,308.07,26.1126
1785067200,308.04,308.41,308.01,308.01,19.7372
1785070800,308.0,308.11,307.41,308.04,28.7559
1785074400,308.17,308.65,308.05,308.61,12.9386
1785078000,308.46,309.88,308.23,309.87,8.4232
1785081600,309.87,311.32,309.87,310.65,39.3869
1785085200,310.17,310.17,309.78,309.79,12.0787
1785088800,309.79,310.0,309.79,309.94,18.0818
1785092400,309.8,309.8,309.56,309.56,1.7781
1785096000,309.78,309.78,309.78,309.78,0.3228
1785099600,309.77,310.55,309.77,310.55,49.3143
1785103200,311.1,313.98,311.1,313.98,241.1258
1785106800,313.99,314.98,313.72,314.13,71.4986
1785110400,313.85,313.85,312.01,312.45,67.3801
1785114000,312.09,312.09,311.16,311.6,64.2237
1785117600,311.81,312.72,311.81,312.0,230.2066
1785121200,312.13,312.15,311.7,311.92,51.1812
1785124800,311.72,312.14,311.51,311.57,97.7762
1785128400,311.29,312.12,311.29,312.12,11.5945
1785132000,312.15,313.69,312.15,312.87,44.6227
1785135600,312.94,312.94,312.08,312.6,56.6185
1785139200,312.01,312.01,311.58,311.75,30.0517
1785142800,311.09,312.26,311.09,312.2,47.9443
1785146400,312.18,312.7,312.06,312.68,58.3656
1785150000,312.68,313.0,312.54,312.92,146.9503
1785153600,312.61,314.62,311.76,313.95,347.3863
1785157200,314.06,315.98,312.71,315.6,53.6249
1785160800,314.2,314.4,308.01,308.77,356.9531
1785164400,309.09,309.33,308.56,308.73,149.6802
1785168000,308.57,310.73,308.57,310.6,157.9028
1785171600,311.27,311.77,311.07,311.07,10.9208
1785175200,310.07,310.07,309.26,309.26,5.0006
1785178800,310.52,310.7,310.52,310.7,1.8032
1785182400,310.7,310.7,310.7,310.7,0.0
1785186000,310.74,310.74,309.9,309.9,64.4569
1785189600,309.75,309.75,304.07,304.3,477.6164
1785193200,304.07,305.21,300.93,304.45,659.025
1785196800,304.11,304.11,302.82,302.82,58.7264
1785200400,302.81,302.81,299.12,300.58,862.0877
1785204000,300.57,301.0,300.11,301.0,41.2913
1785207600,301.0,301.0,300.55,300.81,65.5804
1785211200,300.81,300.81,300.09,300.24,43.1848
1785214800,300.75,301.43,300.75,300.94,120.3836
1785218400,300.93,301.33,300.61,301.26,71.2033
1785222000,301.27,301.27,300.55,300.55,51.3032
1785225600,300.73,301.18,300.56,300.99,17.5974
1785229200,301.03,301.52,300.69,300.69,50.0798
1785232800,300.69,300.94,300.51,300.51,90.9746
1785236400,300.5,300.76,300.01,300.45,135.0012
1785240000,300.52,301.19,300.5,301.19,237.0334
1785243600,301.35,301.35,298.0,298.65,395.0804
1785247200,299.29,301.68,298.29,301.52,199.5482
1785250800,301.67,305.49,301.28,304.26,246.8122
1785254400,304.36,304.88,303.97,304.88,1.4973
1785258000,304.55,304.55,301.81,301.81,44.6153
1785261600,302.68,302.68,302.38,302.46,50.3672
1785265200,302.55,303.08,302.55,303.08,2.1399
1785268800,304.0,304.0,302.9,302.9,0.4512
1785272400,302.9,302.9,302.9,302.9,0.0
1785276000,303.45,303.45,301.04,301.04,23.5105
1785279600,301.03,301.98,300.12,301.98,40.6714
1785283200,302.0,302.84,301.89,302.46,61.3596
1785286800,302.01,302.01,300.5,300.5,23.7343
1785290400,300.02,301.97,299.49,301.39,85.3261
1785294000,300.85,301.04,299.01,299.01,291.6791
1785297600,299.0,300.22,298.0,300.02,312.5449
1785301200,300.18,301.56,300.18,301.56,17.5536
1785304800,300.69,302.54,300.69,302.54,8.9572
1785308400,302.74,302.83,302.51,302.64,172.4007
1785312000,302.78,303.15,302.22,303.15,20.1381
1785315600,302.66,303.41,302.66,303.41,14.9729
1785319200,303.31,303.31,302.34,302.43,10.3622
1785322800,302.86,303.0,302.66,302.79,5.9333
1785326400,302.74,302.74,301.35,301.56,190.4936
1785330000,301.6,301.97,301.13,301.96,20.0691
1785333600,302.48,302.76,300.23,300.61,148.8593
1785337200,300.98,300.98,300.0,300.0,93.8727
1785340800,299.5,300.25,299.18,299.79,55.4132
1785344400,300.4,302.2,300.01,302.2,45.4313
1785348000,302.4,304.37,302.4,304.37,37.3538
1785351600,301.82,301.82,298.35,298.35,93.6465
1785355200,298.3,299.02,297.07,297.41,39.9344
1785358800,297.05,298.95,296.89,298.9,12.7508
1785362400,299.56,301.8,299.56,301.29,9.7629
1785366000,301.36,301.75,300.86,301.7,20.6071
1785369600,301.68,301.84,300.16,300.16,4.9038
1785373200,300.09,303.23,300.09,303.23,48.6416
1785376800,303.25,303.25,302.71,302.72,54.245
1785380400,302.14,302.56,301.75,301.75,71.6074
1785384000,301.71,301.71,301.1,301.33,17.9077
1785387600,300.66,301.7,300.65,301.42,8.3482
1785391200,301.37,301.4,301.03,301.03,23.5203
1785394800,301.36,301.37,300.91,300.99,16.4437
1785398400,300.08,301.36,300.0,301.36,60.751
1785402000,301.36,302.64,301.36,302.64,76.2738
1785405600,302.51,302.92,301.77,301.77,182.211
1785409200,302.1,303.0,302.1,303.0,6.2825
1785412800,303.0,303.74,302.76,303.74,33.6074
1785416400,303.8,305.47,303.52,305.47,60.9776
1785420000,304.5,305.0,304.17,304.55,9.8582
1785423600,304.5,305.59,304.5,304.83,64.4174
1785427200,305.07,305.58,304.43,304.43,12.0063
1785430800,304.63,305.36,304.09,305.19,25.8096
1785434400,305.6,305.6,304.84,304.84,1.3679
1785438000,305.33,305.39,305.33,305.39,1.4657
1785441600,305.55,305.55,305.14,305.14,0.4387
1785445200,304.53,304.53,304.53,304.53,0.4002
1785448800,305.34,305.87,305.34,305.79,29.2464
1785452400,305.38,305.99,304.82,304.82,204.0197
1785456000,304.65,304.65,304.38,304.38,33.2971
1785459600,304.29,307.0,304.26,304.26,100.5907
1785463200,304.01,304.5,303.1,303.15,56.5439
1785466800,303.0,303.5,302.65,303.49,145.3202
1785470400,303.23,303.23,302.0,302.01,41.7575
1785474000,302.01,303.82,302.01,303.51,100.8719
1785477600,303.52,305.77,303.52,303.73,189.4617
1785481200,302.99,302.99,301.36,302.03,30.0072
1785484800,301.93,302.0,301.79,301.79,12.6977
1785488400,301.79,301.87,301.21,301.3,24.2238
1785492000,301.3,301.79,301.18,301.7,31.4212
1785495600,301.98,302.0,301.21,301.46,185.4218
1785499200,301.53,301.81,301.45,301.5,10.6674
1785502800,301.5,302.0,300.51,300.51,66.7796
1785506400,300.51,301.75,299.02,299.32,392.2083
1785510000,299.35,300.03,299.06,299.97,81.3892
1785513600,300.0,300.72,299.91,300.72,94.3099
1785517200,300.48,300.86,300.48,300.86,28.5946
1785520800,300.87,300.87,299.9,300.0,28.2135
1785524400,299.9,299.95,299.77,299.95,3.1204
1785528000,300.13,300.13,300.13,300.13,0.1499
1785531600,299.98,299.98,299.0,299.0,272.4351
1785535200,298.39,299.2,298.39,299.04,3.128
1785538800,299.02,299.25,299.02,299.11,17.2493
1785542400,299.27,299.74,299.27,299.55,29.3521
1785546000,299.52,299.98,299.52,299.84,26.8909
1785549600,299.78,300.05,299.78,299.95,8.3606
1785553200,299.92,299.97,299.34,299.61,64.5845
1785556800,299.61,300.13,299.61,300.13,8.6928
1785560400,300.12,300.12,299.69,299.76,28.8428
1785564000,299.22,299.66,299.22,299.54,4.573
1785567600,299.55,299.84,299.4,299.4,371.5184
1785571200,299.52,299.69,299.42,299.59,16.483
1785574800,299.82,299.82,299.3,299.3,49.0446
1785578400,299.3,299.3,298.65,299.04,257.9624
1785582000,298.9,299.08,298.9,299.08,13.2164
1785585600,299.11,299.22,299.11,299.13,13.4527
1785589200,299.22,299.32,299.22,299.26,36.3336
1785592800,299.34,299.36,299.17,299.23,61.1804
1785596400,299.33,299.34,298.5,298.71,32.6063
1785600000,298.64,299.0,298.0,298.0,33.8905
1785603600,297.43,297.43,294.26,295.05,126.8099
1785607200,294.79,295.19,290.38,290.7,83.3987
1785610800,292.51,292.57,292.41,292.5,17.2924
1785614400,292.75,293.25,292.75,293.25,2.9108
1785618000,293.95,294.47,293.95,294.47,3.8162
1785621600,294.98,295.0,294.98,294.99,4.4149
1785625200,295.2,295.2,294.99,295.05,15.1667
1785628800,295.76,295.76,295.45,295.7,3.5901
1785632400,296.17,298.25,296.17,297.93,35.4683
1785636000,298.46,300.32,298.46,299.84,69.9651
1785639600,299.89,300.04,299.72,300.03,14.7088
1785643200,300.05,300.84,300.05,300.46,50.919
1785646800,301.0,301.58,301.0,301.58,68.5359
1785650400,301.28,301.48,301.1,301.1,3.3598
1785654000,301.11,301.11,301.1,301.1,0.9876
1785657600,301.11,301.11,300.35,300.35,70.1808
1785661200,300.13,300.72,299.73,300.72,78.3442
1785664800,300.61,300.61,299.71,299.74,113.7302
1785668400,299.75,299.75,298.5,298.5,209.1556
1785672000,298.92,299.31,298.46,298.46,69.97
1785675600,298.31,298.46,297.56,298.38,12.6366
1785679200,298.38,299.2,298.38,299.02,19.2343
1785682800,299.0,299.17,298.54,298.56,15.5865
1785686400,298.5,298.9,298.15,298.9,1.4632
1785690000,298.88,299.5,298.88,299.5,7.3747
1785693600,299.5,299.75,299.42,299.75,29.7837
1785697200,300.87,300.87,300.87,300.87,1.6231
1785700800,300.74,300.99,300.74,300.99,11.6001
1785704400,301.0,302.15,301.0,302.03,11.8605
1785708000,302.67,302.82,302.0,302.0,2.681
1785711600,301.12,301.12,300.39,300.7,25.8451
1785715200,300.45,300.45,299.13,299.13,14.4845
1785718800,299.13,299.13,298.02,298.07,162.0697
1785722400,298.13,298.68,298.13,298.68,4.2238
1785726000,298.68,298.73,297.9,298.31,28.2987
1785729600,298.1,298.68,298.1,298.5,38.5694
1785733200,298.38,298.57,298.18,298.18,22.6989
1785736800,298.18,298.25,297.03,297.26,122.9985
1785740400,297.12,297.3,296.77,296.81,8.3381
1785744000,296.77,296.87,295.24,296.2,82.1688
1785747600,296.34,297.57,296.34,297.57,29.3918
1785751200,297.66,297.83,297.44,297.67,14.1283
1785754800,297.47,297.75,297.05,297.05,25.4081
1785758400,297.17,297.46,297.16,297.31,35.0251
1785762000,297.12,300.22,297.09,300.22,183.7561
1785765600,300.22,301.87,299.73,301.87,130.4031
1785769200,301.98,301.99,301.29,301.29,49.3305
1785772800,301.78,301.78,300.31,300.61,5.6451
1785776400,300.21,301.5,300.21,301.28,48.9477
1785780000,301.52,303.29,301.52,302.79,211.9606
1785783600,302.68,303.0,302.68,302.77,5.0975
1785787200,302.5,302.5,302.46,302.46,2.7478
1785790800,302.46,302.46,302.46,302.46,0.0
1785794400,301.02,301.02,300.53,300.82,11.9399
1785798000,300.71,300.87,300.36,300.87,51.2128
1785801600,300.86,300.99,299.21,299.21,16.533
1785805200,299.21,301.67,299.21,301.67,90.756
1785808800,301.9,302.72,301.68,302.28,61.7531
1785812400,302.0,302.0,300.89,301.43,14.0282
1785816000,301.31,302.48,301.07,301.86,54.8236
1785819600,301.7,301.7,300.1,301.62,312.5843
1785823200,301.62,301.77,300.41,300.41,39.4521
1785826800,300.41,301.22,300.03,301.22,14.2483
1785830400,300.75,300.79,300.0,300.08,5.9441
1785834000,300.0,300.0,299.52,299.66,46.3924
1785837600,299.54,300.93,299.22,300.93,6.2173
1785841200,301.09,302.06,301.03,302.0,14.7181
1785844800,301.99,302.5,301.89,302.21,36.9651
1785848400,302.13,302.83,301.88,301.88,13.3487
1785852000,301.57,302.0,300.63,301.84,17.1873
1785855600,302.69,303.41,301.35,303.29,33.9228
1785859200,303.08,303.2,302.4,302.4,24.5862
1785862800,303.61,303.71,303.2,303.2,2.5662
1785866400,303.35,304.5,303.35,303.86,7.3317
1785870000,304.44,304.44,304.3,304.35,64.0481
1785873600,304.31,304.85,303.33,304.69,4.7088
1785877200,304.29,304.29,303.7,303.7,3.5381
1785880800,304.06,304.06,303.74,303.74,10.9688
1785884400,303.91,304.11,302.64,302.64,25.8372
1785888000,302.39,302.4,301.59,301.59,22.2823
1785891600,301.58,303.47,301.56,303.39,14.6546
1785895200,303.4,304.33,303.4,304.0,56.3131
1785898800,304.08,304.08,302.01,302.01,31.7037
1785902400,302.01,302.01,301.35,301.74,65.4006
1785906000,301.6,303.29,301.59,303.29,258.9199
1785909600,303.07,303.24,302.58,302.58,12.2597
1785913200,302.23,302.23,301.5,302.11,6.1799
1785916800,302.69,302.93,302.69,302.91,33.2735
1785920400,302.87,303.3,302.83,302.83,43.2091
1785924000,302.82,302.82,302.1,302.15,51.4513
1785927600,302.07,302.57,302.0,302.0,60.7008
1785931200,302.01,303.99,302.01,302.96,62.5797
1785934800,303.19,303.19,300.65,302.6,96.3223
1785938400,303.29,303.29,301.89,302.46,44.02
1785942000,302.94,303.66,302.65,302.91,72.2281
1785945600,303.0,304.0,303.0,303.86,7.6503
1785949200,303.73,304.85,303.22,304.76,19.4594
1785952800,304.73,305.15,304.68,304.68,184.3246
1785956400,304.93,304.93,304.54,304.7,18.7221
1785960000,304.19,304.19,304.19,304.19,0.3288
1785963600,304.0,304.0,303.11,303.11,1.5821
1785967200,303.16,303.17,302.59,302.63,11.328
1785970800,302.59,302.6,302.5,302.6,57.9328
1785974400,302.6,303.19,302.59,302.78,94.306
1785978000,302.71,302.71,301.88,301.88,218.7832
1785981600,301.88,301.88,300.41,300.77,169.3279
1785985200,300.82,300.89,300.82,300.82,38.6131
1785988800,300.82,302.0,300.82,302.0,6.5436
1785992400,302.0,303.8,302.0,303.35,21.7983
1785996000,303.49,303.49,302.7,302.7,21.0061
1785999600,302.65,302.86,302.15,302.15,20.2203
1786003200,302.0,302.48,301.56,302.48,36.8036
1786006800,302.13,302.13,299.57,299.73,54.0964
1786010400,299.75,300.04,299.57,300.01,42.4545
1786014000,299.72,300.57,299.63,300.57,20.0565
1786017600,300.24,300.24,299.99,299.99,33.9068
1786021200,299.63,299.99,298.88,299.99,123.1503
1786024800,299.95,300.85,299.42,300.77,28.9689
1786028400,300.78,301.0,300.15,300.15,100.8705
1786032000,300.01,300.16,299.62,300.11,31.5588
1786035600,299.83,299.83,299.09,299.09,5.8041
1786039200,299.08,299.08,297.93,297.93,35.8737
1786042800,297.92,297.92,297.01,297.01,37.539
1786046400,297.77,297.77,297.77,297.77,0.3359
1786050000,297.85,298.04,297.85,297.88,49.5118
1786053600,297.84,297.84,297.03,297.06,5.3842
1786057200,297.05,297.06,296.06,296.9,61.5234
1786060800,297.42,297.42,296.78,296.89,106.739
1786064400,297.1,297.31,296.87,297.02,42.9018
1786068000,297.18,297.87,296.51,297.42,163.7817
1786071600,297.37,297.46,297.28,297.28,42.9261
1786075200,297.25,297.53,297.05,297.32,125.8344
1786078800,297.4,297.7,297.0,297.7,8.2304
1786082400,297.9,298.49,297.8,297.81,210.2169
1786086000,297.95,298.3,297.95,298.05,24.3976
1786089600,298.13,298.51,298.13,298.51,1.9242
1786093200,300.72,301.0,300.72,300.81,23.8099
1786096800,300.99,301.0,300.56,300.56,30.4074
1786100400,301.01,301.15,300.74,300.91,60.9887
1786104000,300.92,302.99,300.92,301.94,117.7594
1786107600,301.82,303.67,301.81,303.67,30.9783
1786111200,303.01,303.02,301.4,302.73,87.7899
1786114800,301.59,302.38,301.59,302.13,41.9888
1786118400,302.29,302.46,301.5,301.5,15.0785
1786122000,301.35,301.35,300.0,300.01,22.6749
1786125600,300.01,300.01,300.01,300.01,2.1382
1786129200,300.52,302.0,300.52,302.0,7.5061
1786132800,302.66,302.66,301.87,301.87,12.2027
1786136400,300.97,300.97,300.97,300.97,0.0166
1786140000,301.19,301.28,300.96,300.96,3.2782
1786143600,301.38,301.38,301.03,301.24,11.0652
1786147200,301.03,301.32,301.01,301.32,19.9169
1786150800,301.33,302.0,301.33,302.0,18.3048
1786154400,302.06,302.35,302.06,302.06,24.2903
1786158000,302.06,305.26,302.06,305.26,281.6937
1786161600,305.88,306.18,304.83,305.08,38.9499
1786165200,305.01,305.26,304.96,305.0,52.5266
1786168800,305.08,305.73,305.01,305.54,53.0588
1786172400,305.54,305.85,305.54,305.61,29.4668
1786176000,305.61,305.99,305.6,305.91,35.3374
1786179600,306.0,306.58,305.99,306.28,22.3555
1786183200,306.36,307.0,306.36,307.0,18.2022
1786186800,307.15,309.15,307.15,309.15,213.5797
1786190400,309.53,309.53,308.44,309.0,12.2571
1786194000,308.99,308.99,308.75,308.99,54.6254
1786197600,308.99,312.9,308.99,312.9,170.8787
1786201200,312.99,313.51,312.05,312.3,153.9192
1786204800,312.58,312.68,312.2,312.68,99.8991
1786208400,312.6,312.85,312.25,312.84,197.2623
1786212000,312.38,312.38,311.89,311.89,7.9643
1786215600,311.86,312.2,311.65,312.2,6.8857
1786219200,312.19,312.27,312.1,312.16,3.8119
1786222800,312.35,312.49,312.35,312.49,0.8002
1786226400,312.22,312.35,311.17,311.17,39.1504
1786230000,311.17,311.87,310.89,311.63,145.3861
1786233600,311.62,311.63,311.25,311.55,58.7713
1786237200,311.56,311.58,311.01,311.15,159.212
1786240800,311.05,311.52,311.04,311.1,8.5464
1786244400,311.01,311.3,311.0,311.3,42.1788
1786248000,311.3,311.74,311.29,311.3,319.2114
1786251600,311.37,311.54,311.15,311.51,59.7452
1786255200,311.5,312.9,311.49,312.9,72.2034
1786258800,312.9,312.9,312.47,312.47,40.8429
1786262400,312.9,313.0,312.1,312.39,168.3238
1786266000,312.4,313.0,312.4,312.99,139.3021
1786269600,313.0,313.48,312.98,312.99,19.3845
1786273200,312.99,313.34,312.98,313.34,36.4998
1786276800,313.34,313.51,312.75,312.85,20.7568
1786280400,313.08,314.15,313.08,313.66,104.5722
1786284000,313.93,314.87,313.83,314.87,6.2911
1786287600,314.97,316.59,314.71,316.59,67.0355
1786291200,316.66,316.99,315.82,316.25,10.7364
1786294800,316.2,316.41,316.01,316.01,48.4943
1786298400,316.02,316.13,316.01,316.03,13.6759
1786302000,316.14,316.27,316.14,316.27,0.7875
1786305600,316.03,316.23,316.01,316.23,6.0179
1786309200,316.49,316.99,316.49,316.71,17.0127
1786312800,316.99,317.76,314.22,314.58,82.4529
1786316400,314.51,314.51,312.5,312.5,105.2799
1786320000,312.71,314.7,312.71,313.56,156.1252
1786323600,313.74,314.88,312.97,314.42,43.0587
1786327200,313.84,314.18,313.11,313.77,83.2861
1786330800,313.52,313.88,312.69,313.59,159.6155
1786334400,313.59,313.59,312.59,312.91,68.3123
1786338000,312.92,313.98,312.9,313.85,55.2832
1786341600,313.82,314.21,313.59,314.17,57.1852
1786345200,314.14,314.33,314.13,314.15,39.3624
1786348800,314.15,314.54,313.72,314.24,96.4567
1786352400,314.41,314.53,313.19,313.19,33.0241
1786356000,313.38,314.14,313.26,314.14,8.2534
1786359600,313.74,314.49,313.73,314.49,7.0858
1786363200,314.49,314.98,313.22,313.22,127.5156
1786366800,313.53,313.85,312.01,312.48,247.5106
1786370400,313.67,313.67,312.64,312.64,6.7135
1786374000,312.63,312.8,311.02,311.06,109.7613
1786377600,311.38,311.76,310.11,310.11,119.4968
1786381200,311.0,311.67,311.0,311.67,45.6067
1786384800,311.67,311.67,310.66,310.89,174.385
1786388400,310.89,311.98,310.89,311.98,19.9043
1786392000,311.98,312.88,311.98,312.88,7.1117
1786395600,312.86,312.86,312.86,312.86,0.6241
1786399200,312.74,312.74,312.07,312.27,45.543
1786402800,312.07,312.07,312.06,312.06,14.0839
1786406400,312.06,312.06,311.14,311.14,40.5263
1786410000,311.14,311.61,310.5,311.61,106.1183
1786413600,311.61,311.61,311.51,311.51,2.5135
1786417200,311.86,311.96,311.71,311.71,21.1471
1786420800,311.84,312.0,311.84,311.86,24.0546
1786424400,311.81,311.81,311.17,311.19,51.4621
1786428000,311.01,311.53,311.0,311.01,202.9506
1786431600,310.86,310.86,309.6,310.05,52.5951
1786435200,310.14,310.81,310.14,310.81,3.5216
1786438800,310.69,310.72,310.0,310.0,7.5784
1786442400,310.56,310.69,310.13,310.69,10.8494
1786446000,310.6,311.88,310.6,311.67,9.1788
1786449600,311.34,311.41,310.13,310.44,62.6921
1786453200,310.35,311.0,310.35,310.81,20.0453
1786456800,311.23,311.62,308.2,308.2,136.3521
1786460400,308.25,308.42,306.7,306.83,79.2253
1786464000,306.76,307.49,306.76,307.21,22.4151
1786467600,307.46,307.97,307.46,307.97,2.8633
1786471200,308.5,308.93,308.5,308.81,5.023
1786474800,308.97,310.01,308.4,310.01,25.2593
1786478400,310.32,312.04,310.32,312.01,20.0154
1786482000,311.93,311.93,311.93,311.93,0.5863
1786485600,313.0,314.06,312.99,313.21,61.4052
1786489200,313.0,313.0,312.75,312.77,18.7063
1786492800,312.86,312.86,312.81,312.82,83.7125
1786496400,313.01,313.51,313.01,313.05,6.6002
1786500000,313.39,313.62,313.28,313.37,28.1921
1786503600,313.18,313.18,313.0,313.0,75.9699
1786507200,313.33,313.33,313.0,313.0,173.2247
1786510800,312.9,312.9,312.57,312.57,63.7671
1786514400,312.6,312.6,311.8,311.81,84.477
1786518000,311.81,311.87,311.34,311.34,25.3434
1786521600,312.32,312.92,312.07,312.07,23.1748
1786525200,312.3,314.12,312.3,314.12,18.9657
1786528800,313.58,313.95,313.58,313.75,20.3724
1786532400,313.63,313.99,313.62,313.92,5.8783
1786536000,314.15,315.0,312.01,313.15,557.7921
1786539600,312.92,312.92,311.82,311.82,97.9232
1786543200,311.8,311.8,309.04,309.04,76.441
1786546800,309.51,310.13,309.51,309.94,32.8809
1786550400,309.65,310.04,309.37,309.37,17.5793
1786554000,309.98,310.88,309.89,310.88,6.1749
1786557600,310.74,310.74,310.7,310.7,0.6792
1786561200,310.39,310.39,310.39,310.39,0.9665
1786564800,310.56,311.11,310.56,311.11,1.0594
1786568400,310.81,310.81,309.05,309.46,21.7109
1786572000,309.0,309.51,309.0,309.05,11.5903
1786575600,309.07,309.43,309.04,309.43,76.4249
1786579200,309.59,310.36,309.58,309.74,23.6689
1786582800,309.88,310.18,309.44,310.02,11.3898
1786586400,309.78,310.63,309.55,310.63,20.8226
1786590000,311.58,312.28,311.58,312.28,3.9292
1786593600,312.25,312.25,311.51,311.63,71.1655
1786597200,311.54,313.0,311.54,313.0,9.8453
1786600800,313.0,313.0,312.99,312.99,58.7076
1786604400,312.99,313.1,312.91,313.1,16.5471
1786608000,313.09,313.09,312.15,312.16,21.1773
1786611600,312.16,312.17,311.22,311.64,13.7757
1786615200,311.63,311.63,310.23,310.23,9.2805
1786618800,310.12,310.12,310.0,310.0,21.9464
1786622400,310.01,311.48,310.01,311.45,20.7642
1786626000,311.48,311.96,311.33,311.85,8.9835
1786629600,311.63,313.07,311.63,312.88,37.9918
1786633200,312.89,313.03,310.12,310.12,8.8993
1786636800,310.02,310.44,309.0,309.34,407.5021
1786640400,310.25,310.56,310.25,310.47,0.5306
1786644000,310.71,310.71,310.58,310.58,1.8525
1786647600,311.71,311.79,311.71,311.79,3.7419
1786651200,311.79,311.79,311.79,311.79,0.0
1786654800,312.0,312.0,311.92,311.98,2.6226
1786658400,312.27,312.75,312.27,312.6,4.072
1786662000,312.22,312.22,312.19,312.19,1.1458
1786665600,311.9,311.9,311.22,311.22,2.27
1786669200,311.44,311.57,311.02,311.57,24.7545
1786672800,311.52,311.63,311.35,311.46,25.4895
1786676400,311.07,311.2,310.25,310.25,76.408
1786680000,310.7,311.09,310.67,310.67,70.9275
1786683600,310.82,310.98,310.63,310.67,15.9876
1786687200,310.5,310.5,309.55,309.55,10.9857
1786690800,309.6,309.98,309.43,309.57,32.6261
1786694400,309.66,310.49,309.66,310.49,15.7544
1786698000,310.49,310.5,309.43,309.43,7.0378
1786701600,309.94,309.94,309.33,309.41,20.3193
1786705200,309.42,309.5,309.32,309.5,22.9388
1786708800,309.5,309.75,309.23,309.66,76.7358
1786712400,309.5,309.5,309.06,309.23,10.5062
1786716000,309.23,309.23,308.71,309.2,51.8737
1786719600,308.86,310.53,308.86,310.53,784.332
1786723200,310.45,310.45,309.79,309.79,53.554
1786726800,309.59,310.21,308.85,308.85,11.1603
1786730400,308.2,308.2,307.89,307.89,14.8991
1786734000,307.88,307.93,306.99,307.93,39.548
1786737600,308.15,308.15,308.15,308.15,1.4583
1786741200,308.29,308.45,308.23,308.23,5.1644
1786744800,308.01,308.32,308.01,308.32,19.1939
1786748400,308.37,308.96,308.37,308.96,27.192
1786752000,308.85,309.0,308.82,308.99,44.1851
1786755600,308.89,309.2,308.89,309.1,43.0249
1786759200,309.1,310.0,309.1,309.83,77.2922
1786762800,310.13,310.24,310.0,310.0,47.8176
1786766400,309.43,309.65,309.43,309.65,4.8278
1786770000,309.49,309.65,309.17,309.18,69.6925
1786773600,309.12,309.58,309.0,309.58,18.8972
1786777200,309.31,309.31,309.0,309.0,7.1319
1786780800,309.01,309.01,308.5,308.5,17.4688
1786784400,308.5,308.72,308.4,308.71,69.8094
1786788000,308.81,309.02,308.67,309.01,5.878
1786791600,309.01,309.01,309.0,309.01,4.9312
1786795200,309.01,309.01,309.0,309.01,11.4588
1786798800,309.23,309.65,309.23,309.65,12.85
1786802400,309.65,309.65,309.64,309.65,5.8561
1786806000,309.63,309.65,309.54,309.65,104.928
1786809600,309.65,309.65,309.4,309.64,37.6209
1786813200,309.65,309.65,309.65,309.65,90.8299
1786816800,309.99,310.0,309.85,310.0,3.5134
1786820400,310.0,310.0,310.0,310.0,5.927
1786824000,309.69,309.69,309.69,309.69,0.0081
1786827600,309.85,310.56,309.85,310.49,3.1234
1786831200,310.11,310.11,309.9,309.9,2.5415
1786834800,309.51,309.53,309.51,309.51,0.7906
1786838400,309.5,309.54,309.25,309.54,15.7781
1786842000,309.68,309.68,309.26,309.51,17.8716
1786845600,309.26,310.0,309.26,310.0,5.4888
1786849200,310.12,310.34,310.12,310.19,10.2422
1786852800,310.11,310.11,309.73,309.73,3.2688
1786856400,309.74,309.74,309.27,309.27,27.4426
1786860000,309.27,309.48,309.26,309.48,19.6528
1786863600,309.26,309.59,309.26,309.59,2.7073
1786867200,309.45,309.62,309.45,309.62,63.1968
1786870800,309.49,309.49,309.07,309.07,4.0375
1786874400,309.02,309.02,308.59,308.85,26.754
1786878000,308.85,308.85,308.82,308.84,11.8365
1786881600,308.87,308.87,308.64,308.64,3.4282
1786885200,308.65,308.8,308.65,308.8,12.486
1786888800,308.8,309.0,308.7,309.0,102.2655
1786892400,309.0,309.88,308.99,309.52,118.4627
1786896000,309.5,309.63,309.13,309.13,23.0526
1786899600,309.11,309.11,308.9,308.9,47.0781
1786903200,308.58,308.58,308.0,308.0,257.8831
1786906800,308.11,308.58,308.11,308.17,2.4329
1786910400,308.04,308.04,307.65,307.65,197.3179
1786914000,307.47,307.47,304.28,304.75,97.9412
1786917600,304.27,305.02,304.27,304.69,3.532
1786921200,305.02,305.02,305.0,305.02,22.9151
1786924800,305.02,305.28,304.91,305.28,4.58
1786928400,306.35,307.75,306.35,307.62,89.512
1786932000,306.99,308.39,306.99,308.39,64.3343
1786935600,308.42,308.47,308.17,308.17,91.6902
1786939200,308.54,308.54,308.06,308.1,107.007
1786942800,308.2,308.2,307.73,307.73,43.58
1786946400,307.81,309.1,307.59,309.1,64.5594
1786950000,308.95,308.95,308.6,308.6,41.6116
1786953600,308.67,308.67,306.37,306.37,20.1745
1786957200,307.02,307.03,306.57,306.79,25.7297
1786960800,306.81,308.0,306.81,308.0,15.2582
1786964400,308.05,308.2,307.9,308.01,19.0501
1786968000,308.01,308.01,306.76,306.85,35.367
1786971600,306.83,307.88,306.49,307.33,185.4206
1786975200,307.54,308.67,307.38,308.67,26.4163
1786978800,308.78,309.0,308.33,309.0,11.6605
1786982400,309.0,309.0,308.69,309.0,9.2123
1786986000,309.0,309.0,308.0,308.0,7.2576
1786989600,308.21,308.83,308.21,308.83,0.4696
1786993200,308.83,308.83,308.83,308.83,0.0
1786996800,307.6,308.34,307.6,308.34,5.3973
1787000400,308.81,308.81,308.81,308.81,15.5002
1787004000,308.29,308.29,308.01,308.01,3.287
1787007600,308.01,308.89,308.01,308.79,5.6393
1787011200,308.52,308.83,308.29,308.53,16.9787
1787014800,308.46,308.46,307.38,307.43,55.7869
1787018400,307.28,307.28,306.35,306.48,50.3243
1787022000,306.41,307.04,306.34,307.01,139.1618
1787025600,306.87,308.04,306.87,308.04,12.354
1787029200,308.08,308.39,307.58,307.76,44.7585
1787032800,307.64,308.73,307.63,308.41,34.9949
1787036400,309.0,309.32,308.83,308.83,54.4416
1787040000,308.63,309.29,308.49,309.29,60.0636
1787043600,309.28,309.29,308.53,308.65,17.7946
1787047200,308.59,308.64,308.57,308.57,11.1428
1787050800,308.75,310.57,308.58,310.19,64.6411
1787054400,310.67,310.68,310.15,310.4,45.7826
1787058000,310.4,310.4,309.6,309.62,31.7753
1787061600,310.43,313.48,310.43,312.82,124.9861
1787065200,312.52,313.5,312.52,313.5,50.5463
1787068800,313.55,314.0,313.01,313.29,39.3086
1787072400,313.02,313.02,312.78,312.78,12.073
1787076000,312.83,313.74,312.83,313.74,3.71
1787079600,313.74,313.74,313.74,313.74,0.0017
1787083200,313.73,313.73,312.56,312.56,1.1062
1787086800,313.03,313.03,312.88,312.88,0.5432
1787090400,313.17,313.39,312.94,312.94,83.0373
1787094000,313.01,313.47,313.01,313.23,29.8957
1787097600,312.97,312.99,312.31,312.99,29.0808
1787101200,312.89,312.89,312.06,312.13,114.248
1787104800,312.18,312.37,312.01,312.04,51.0508
1787108400,312.09,313.06,312.01,313.06,25.4708
1787112000,312.86,313.0,312.48,312.48,26.2702
1787115600,312.59,313.12,312.2,312.2,45.3201
1787119200,312.23,313.3,312.02,313.3,81.9243
1787122800,313.43,313.43,313.08,313.08,46.6104
1787126400,313.08,314.88,313.07,314.88,61.176
1787130000,314.62,314.71,314.07,314.25,24.9136
1787133600,314.18,314.51,314.06,314.51,18.1991
1787137200,314.63,315.0,314.63,315.0,4.8905
1787140800,315.0,319.21,314.83,318.59,254.8696
1787144400,317.92,319.5,317.92,318.79,101.1259
1787148000,318.86,328.0,318.78,328.0,1164.7984
1787151600,328.0,334.49,327.99,331.85,1539.1771
1787155200,331.86,333.0,331.14,331.22,198.8948
1787158800,330.63,330.64,328.81,330.45,198.9377
1787162400,329.8,333.0,329.8,332.96,35.1882
1787166000,333.0,333.62,332.91,333.62,137.2518
1787169600,333.53,339.83,333.53,338.48,758.712
1787173200,339.8,351.95,339.8,350.25,1493.3698
1787176800,350.3,350.3,343.78,344.98,408.3783
1787180400,344.51,345.89,343.28,344.6,165.2217
1787184000,344.6,344.99,343.0,343.0,320.8477
1787187600,342.69,343.26,335.01,343.0,481.5411
1787191200,343.02,343.37,341.08,341.08,194.5611
1787194800,341.05,341.05,338.62,340.37,140.1876
1787198400,340.38,341.42,340.38,341.42,67.9086
1787202000,341.45,341.7,341.45,341.66,39.1434
1787205600,341.58,345.15,341.43,345.0,160.4822
1787209200,345.0,346.56,345.0,346.51,205.658
1787212800,346.76,352.97,346.76,352.61,351.5408
1787216400,352.42,353.45,351.04,351.04,166.67
1787220000,351.02,352.99,350.29,351.25,180.4143
1787223600,351.39,353.0,350.56,351.22,476.9354
1787227200,350.76,351.1,348.08,349.25,271.4913
1787230800,349.26,350.9,347.0,347.9,219.2623
1787234400,348.0,349.04,346.71,347.69,101.0842
1787238000,347.69,349.99,347.69,349.99,424.7159
1787241600,349.99,350.23,348.75,349.06,32.117
1787245200,349.9,349.99,348.5,349.2,92.8255
1787248800,349.19,349.72,346.66,347.78,44.3454
1787252400,346.87,348.0,346.87,347.55,26.9727
1787256000,348.0,348.68,348.0,348.68,3.8945
1787259600,348.69,349.52,347.04,347.04,20.3302
1787263200,349.13,349.13,347.01,347.02,37.6395
1787266800,347.08,351.67,347.01,351.66,191.4768
1787270400,351.67,354.98,351.66,354.54,130.9545
1787274000,354.0,357.2,353.37,356.31,926.636
1787277600,356.37,360.44,355.9,358.2,513.784
1787281200,358.39,358.39,356.57,357.98,123.8515
1787284800,357.98,357.99,356.66,357.97,72.661
1787288400,357.88,361.94,357.88,360.97,381.3389
1787292000,360.97,363.78,360.0,361.2,197.2391
1787295600,361.99,363.78,360.01,362.02,753.6397
1787299200,362.01,369.95,362.01,369.9,397.4064
1787302800,369.95,369.95,360.01,366.51,954.9423
1787306400,366.44,366.44,363.6,365.7,267.3314
1787310000,365.05,365.69,361.11,362.19,402.7004
1787313600,361.24,364.84,361.24,363.95,195.6774
1787317200,364.13,365.64,360.47,364.56,415.8067
1787320800,364.68,368.45,361.06,368.45,755.1946
1787324400,368.9,368.9,366.39,366.42,188.7557
1787328000,366.43,368.49,365.0,367.75,63.9199
1787331600,367.5,368.5,366.19,367.99,91.1784
1787335200,368.0,368.57,366.57,366.8,30.6351
1787338800,366.92,366.92,363.93,364.34,106.2958
1787342400,363.72,368.04,363.72,367.55,35.7207
1787346000,367.26,372.47,367.06,372.47,292.9535
1787349600,372.47,375.0,372.39,375.0,382.3771
1787353200,374.98,376.94,372.79,373.21,191.1951
1787356800,373.47,375.21,371.0,372.9,98.7896
1787360400,373.0,375.66,372.96,373.89,281.0311
1787364000,374.24,379.56,374.24,379.0,136.3628
1787367600,379.56,386.0,379.56,386.0,469.0867
1787371200,386.0,406.0,383.75,395.3,1646.8746
1787374800,394.9,397.6,353.42,377.0,1842.0167
1787378400,376.85,380.34,374.39,377.97,403.6517
1787382000,378.75,382.45,377.92,379.51,794.4692
1787385600,379.51,381.08,374.7,376.74,473.7771
1787389200,377.2,379.26,365.0,376.86,471.0049
1787392800,377.11,377.11,365.0,372.17,288.1089
1787396400,372.16,372.65,370.37,372.0,32.0677
1787400000,372.14,376.53,371.23,375.45,33.9382
1787403600,375.51,375.83,374.88,374.98,57.5223
1787407200,375.0,375.0,371.84,371.84,49.854
1787410800,372.6,373.19,370.0,370.0,124.7369
1787414400,370.03,378.55,370.03,375.3,516.9897
1787418000,375.26,375.31,373.47,374.21,29.2464
1787421600,374.61,374.94,374.53,374.53,25.178
1787425200,375.38,375.9,374.68,375.9,0.5316
1787428800,376.15,376.15,375.08,375.09,10.1264
1787432400,375.0,375.0,370.0,370.0,78.668
1787436000,370.0,373.3,370.0,373.06,132.2025
1787439600,372.95,373.18,371.98,372.65,8.3858
1787443200,373.36,385.15,372.37,384.27,196.5218
1787446800,383.08,383.08,381.18,381.7,160.5398
1787450400,382.41,382.79,375.14,379.52,382.5737
1787454000,378.37,378.37,372.05,373.05,142.4396
1787457600,373.05,373.86,368.05,369.19,608.7972
1787461200,368.51,370.45,365.13,368.17,563.0368
1787464800,368.18,368.71,365.05,367.5,151.708
1787468400,368.0,369.77,368.0,369.32,78.9958
1787472000,369.29,372.2,369.28,372.12,71.5356
1787475600,372.54,373.59,362.05,372.59,283.101
1787479200,372.6,374.49,372.6,374.06,77.7989
1787482800,374.16,376.99,373.72,376.99,167.9712
1787486400,376.98,378.0,376.06,377.65,65.7867
1787490000,377.52,381.37,377.52,381.36,160.7292
1787493600,381.48,381.97,375.65,380.97,322.6861
1787497200,381.0,384.13,380.16,382.88,364.2508
1787500800,382.87,383.46,382.36,382.36,35.8777
1787504400,382.55,382.61,380.96,381.1,106.7192
1787508000,381.52,381.52,381.23,381.23,9.1875
1787511600,381.12,381.37,380.86,380.95,16.749
1787515200,380.8,380.8,380.36,380.65,5.1157
1787518800,381.28,384.0,381.28,382.34,141.3186
1787522400,381.0,382.22,380.0,381.73,90.4149
1787526000,382.31,382.99,380.02,381.84,53.5583
1787529600,381.33,382.0,377.7,382.0,200.7998
1787533200,382.26,382.26,377.5,377.5,177.4983
1787536800,377.4,380.8,376.87,379.11,133.6336
1787540400,379.78,379.78,376.82,377.57,94.5587
1787544000,376.86,378.99,376.86,377.97,230.5907
1787547600,378.98,380.14,377.5,378.69,202.2888
1787551200,378.3,380.26,378.04,379.67,105.8724
1787554800,380.81,383.8,378.47,378.67,91.8117
1787558400,378.44,379.48,376.49,378.34,65.1062
1787562000,379.42,381.91,379.42,381.54,49.4162
1787565600,381.83,382.97,381.49,381.67,113.2508
1787569200,380.05,387.49,380.05,385.78,266.8167
1787572800,385.49,388.51,381.01,387.9,241.1397
1787576400,387.61,388.44,381.14,383.01,161.2002
1787580000,383.49,388.65,382.87,386.91,218.251
1787583600,386.91,392.0,386.91,388.0,290.7354
1787587200,390.47,392.48,387.0,387.0,315.5043
1787590800,386.17,386.17,382.16,383.61,101.7236
1787594400,385.73,387.31,385.73,387.27,12.0704
1787598000,384.85,387.99,384.81,387.99,5.4206
1787601600,388.0,388.5,385.98,388.39,29.3177
1787605200,389.0,391.29,389.0,391.29,18.3372
1787608800,392.0,396.85,391.8,392.27,161.2971
1787612400,392.24,397.15,392.24,397.15,194.7537
1787616000,397.48,412.2,397.48,409.13,1668.5975
1787619600,409.5,411.5,403.09,404.02,264.3248
1787623200,404.17,409.8,403.58,405.68,272.021
1787626800,405.92,409.99,405.75,408.13,222.8633
1787630400,408.51,408.7,406.17,407.0,203.8024
1787634000,407.95,413.15,407.95,409.96,193.9237
1787637600,408.75,409.99,405.53,405.53,109.5306
1787641200,405.36,409.8,401.94,404.3,169.5903
1787644800,404.4,407.19,402.93,404.42,93.0306
1787648400,404.21,404.76,401.11,401.8,117.4414
1787652000,401.64,402.87,400.43,402.0,224.1495
1787655600,401.67,401.67,398.07,398.42,307.3971
1787659200,398.06,398.06,395.0,397.54,318.7866
1787662800,398.0,398.0,389.06,389.94,392.3202
1787666400,391.88,396.34,391.88,396.02,96.1651
1787670000,395.7,396.51,394.55,396.36,71.0653
1787673600,396.71,397.0,395.54,396.56,16.4509
1787677200,396.45,396.45,394.0,396.14,24.5968
1787680800,395.92,398.29,395.92,397.9,25.9035
1787684400,397.35,397.35,394.5,394.5,5.6261
1787688000,394.17,394.98,390.71,390.81,13.7893
1787691600,390.95,392.24,387.0,392.03,290.7223
1787695200,392.71,393.65,392.62,392.85,31.4503
1787698800,392.73,392.73,390.26,390.26,94.1302
1787702400,390.01,390.99,388.88,390.94,198.3834
1787706000,391.0,391.99,390.74,391.07,91.5006
1787709600,390.27,392.42,390.27,391.53,402.3162
1787713200,391.52,391.52,390.41,390.73,238.4052
1787716800,390.28,391.39,389.42,389.42,41.4369
1787720400,389.4,390.91,388.03,390.74,49.4551
1787724000,390.79,391.0,389.02,389.55,53.3156
1787727600,389.64,390.63,389.64,390.03,32.2495
1787731200,390.18,391.02,389.46,389.46,135.2433
1787734800,388.03,388.03,386.05,386.78,172.5704
1787738400,386.5,393.0,386.28,391.91,110.2946
1787742000,391.86,392.28,389.16,390.21,79.8405
1787745600,390.19,391.56,386.78,390.55,164.988
1787749200,390.64,390.64,386.1,386.86,61.0625
1787752800,387.89,389.31,384.05,384.05,282.268
1787756400,384.05,385.95,382.5,385.93,153.0994
1787760000,385.36,385.81,384.0,385.3,65.1888
1787763600,386.98,389.91,386.98,389.91,218.5904
1787767200,389.43,389.79,388.58,388.59,4.0921
1787770800,388.52,388.54,388.52,388.54,3.0369
1787774400,388.93,388.93,388.11,388.11,5.221
1787778000,388.77,394.13,388.77,394.13,36.525
1787781600,394.15,403.65,394.15,400.01,595.6396
1787785200,400.01,410.15,400.0,409.42,649.5742
1787788800,409.1,409.1,404.69,404.69,668.5237
1787792400,404.38,408.98,404.29,408.34,66.4917
1787796000,407.84,408.99,405.42,406.87,167.1294
1787799600,406.56,408.13,402.97,405.88,444.8569
1787803200,405.88,407.52,405.51,406.4,76.1958
1787806800,406.56,410.15,405.68,410.15,515.5963
1787810400,409.26,409.26,405.89,406.99,13.2425
1787814000,406.99,409.81,406.68,409.81,196.0446
1787817600,410.0,421.38,410.0,420.3,675.0212
1787821200,419.86,424.14,418.3,419.21,583.0321
1787824800,419.48,421.74,415.67,418.37,593.0622
1787828400,419.14,421.03,416.38,417.65,82.2704
1787832000,417.65,420.12,417.65,420.01,115.826
1787835600,420.14,426.77,419.24,426.77,302.1878
1787839200,425.1,432.72,423.45,428.41,478.873
1787842800,429.46,433.0,428.59,431.28,350.1177
1787846400,430.92,438.94,430.01,438.23,714.7984
1787850000,436.69,439.86,434.0,435.01,867.6892
1787853600,435.08,435.08,430.0,434.51,512.4778
1787857200,435.07,440.5,435.07,439.38,126.6305
1787860800,438.09,440.0,436.78,436.78,9.628
1787864400,437.27,438.16,435.36,435.97,10.8748
1787868000,437.88,443.15,437.88,438.88,243.6027
1787871600,438.13,441.91,438.13,438.6,114.7624
1787875200,437.93,441.76,437.31,438.21,72.8403
1787878800,438.01,439.29,432.95,433.39,281.0519
1787882400,433.12,433.12,426.05,426.8,487.8187
1787886000,426.07,430.33,425.51,428.85,285.9825
1787889600,429.14,432.73,427.76,428.93,388.2948
1787893200,429.63,431.57,429.63,431.22,46.7502
1787896800,431.28,432.9,431.28,432.54,77.3737
1787900400,432.54,432.54,428.02,428.02,97.9644
1787904000,428.53,429.52,426.05,426.47,236.85
1787907600,426.47,427.99,425.05,425.99,131.5221
1787911200,425.79,426.23,421.06,426.23,230.8194
1787914800,426.34,428.64,425.0,425.01,400.4122
1787918400,425.01,425.55,421.5,421.6,157.6226
1787922000,422.0,423.96,421.36,423.69,222.0024
1787925600,423.31,427.54,417.23,425.8,473.5901
1787929200,427.55,432.45,423.53,423.53,142.0111
1787932800,423.76,424.56,415.4,423.32,628.7229
1787936400,423.0,423.0,420.07,421.61,146.0281
1787940000,421.16,421.16,412.96,414.9,337.911
1787943600,416.12,417.36,415.95,416.55,173.3908
1787947200,415.61,418.85,415.42,417.84,291.5831
1787950800,417.51,418.28,416.27,416.27,48.0008
1787954400,417.0,419.22,417.0,418.6,94.0933
1787958000,418.91,419.39,418.64,418.93,43.0732
1787961600,418.93,420.49,418.69,418.69,55.5775
1787965200,418.6,419.46,417.92,419.46,116.4794
1787968800,419.8,419.91,418.36,419.33,51.8805
1787972400,419.12,419.82,419.12,419.35,45.2169
1787976000,419.35,419.35,418.0,418.85,69.4788
1787979600,418.79,419.77,418.79,419.06,169.3387
1787983200,418.73,418.73,417.01,417.75,152.3125
1787986800,418.02,418.68,418.02,418.45,63.0673
1787990400,418.44,418.44,417.0,417.0,79.3829
1787994000,417.36,417.37,416.92,417.25,24.1286
1787997600,417.05,417.43,416.46,417.43,7.2714
1788001200,417.53,418.09,417.53,418.09,18.8098
1788004800,417.85,419.24,417.76,418.1,50.3989
1788008400,418.1,418.87,418.1,418.87,8.3065
1788012000,418.76,424.71,418.71,424.71,97.8083
1788015600,425.0,425.0,423.18,423.69,237.0598
1788019200,423.75,424.41,423.52,423.6,39.4373
1788022800,423.52,423.84,423.0,423.0,57.1919
1788026400,423.02,424.24,423.02,424.24,67.0149
1788030000,423.92,425.89,423.92,425.0,21.2232
1788033600,424.23,424.23,424.23,424.23,0.1155
1788037200,423.45,423.45,423.45,423.45,0.5904
1788040800,423.2,424.9,423.2,424.9,1.7729
1788044400,424.89,425.97,424.89,425.76,74.9814
1788048000,425.52,425.52,424.59,424.59,18.2156
1788051600,424.36,424.71,424.25,424.65,39.7817
1788055200,424.61,425.11,424.51,424.85,24.2234
1788058800,424.5,424.5,423.53,423.53,157.9953
1788062400,423.64,423.64,422.49,422.5,23.8441
1788066000,423.78,423.84,423.13,423.45,91.7087
1788069600,423.42,423.6,423.21,423.6,60.2105
1788073200,424.0,424.52,422.75,422.75,117.783
1788076800,422.75,423.16,422.12,422.48,34.1076
1788080400,422.91,423.28,422.55,422.56,40.2167
1788084000,422.56,424.0,422.36,424.0,20.5059
1788087600,423.99,424.62,423.71,423.72,8.4628
1788091200,424.61,428.05,424.52,428.05,233.7444
1788094800,427.93,432.62,427.44,432.32,221.54
1788098400,432.0,432.33,430.84,430.84,135.0805
1788102000,430.82,430.82,428.56,429.0,72.2429
1788105600,429.2,431.72,429.2,431.04,108.36
1788109200,431.38,431.38,425.09,428.53,225.2602
1788112800,429.0,429.48,428.47,429.48,6.8767
1788116400,429.21,430.17,425.9,426.23,17.1381
1788120000,425.96,425.96,422.52,422.52,23.3811
1788123600,422.5,422.5,418.32,420.74,336.9798
1788127200,421.12,421.66,417.36,418.84,61.2784
1788130800,418.35,418.41,406.07,411.6,1085.4557
1788134400,411.59,413.78,409.03,413.01,313.0805
1788138000,413.0,413.0,410.17,410.17,75.8636
1788141600,410.47,412.86,409.65,409.98,76.1505
1788145200,410.17,412.99,409.99,412.65,263.6179
1788148800,412.12,412.12,408.3,410.23,330.9771
1788152400,410.09,414.96,409.92,414.32,169.4709
1788156000,414.65,415.15,413.94,415.0,54.0839
1788159600,414.96,415.88,414.89,415.88,34.0071
1788163200,415.58,417.08,414.03,416.4,296.0195
1788166800,416.61,416.95,415.96,416.83,93.223
1788170400,416.16,420.0,415.08,418.83,203.9941
