timestamp,open,high,low,close,volume
1780560000,257335.0,257923.0,255657.0,256929.0,1.262341
1780563600,256679.0,260000.0,253500.0,255036.0,3.110929
1780567200,255011.0,255169.0,251711.0,252016.0,2.64536
1780570800,251997.0,253140.0,251500.0,252497.0,2.535146
1780574400,252496.0,257886.0,252496.0,257133.0,3.179861
1780578000,257133.0,258500.0,254824.0,258500.0,3.925085
1780581600,258500.0,259998.0,257577.0,257845.0,1.312298
1780585200,257975.0,259603.0,257008.0,257902.0,1.412689
1780588800,257901.0,257902.0,256000.0,256352.0,0.603817
1780592400,256112.0,256783.0,254002.0,256119.0,0.6944
1780596000,256242.0,258217.0,254793.0,257413.0,0.57555
1780599600,257146.0,258192.0,256262.0,256621.0,0.106288
1780603200,256035.0,256534.0,254799.0,256534.0,0.157943
1780606800,256574.0,257440.0,255000.0,255217.0,0.866983
1780610400,255188.0,257041.0,255090.0,257023.0,0.265543
1780614000,257036.0,257701.0,255733.0,257633.0,1.443008
1780617600,257599.0,257646.0,256000.0,256001.0,1.380945
1780621200,256001.0,256326.0,254760.0,255784.0,1.955057
1780624800,255854.0,255988.0,253107.0,253263.0,1.579956
1780628400,253263.0,254384.0,252258.0,254206.0,2.024056
1780632000,254206.0,257710.0,253511.0,257684.0,1.22037
1780635600,257809.0,257809.0,253002.0,253002.0,1.176016
1780639200,253002.0,255499.0,250000.0,251392.0,7.069117
1780642800,251392.0,255878.0,249700.0,255834.0,5.767043
1780646400,255885.0,256000.0,252849.0,253335.0,2.316845
1780650000,253341.0,256089.0,253341.0,255020.0,1.364918
1780653600,255110.0,255546.0,253505.0,253663.0,1.708681
1780657200,253685.0,253951.0,251703.0,251703.0,1.004408
1780660800,251701.0,253401.0,250500.0,251499.0,1.11713
1780664400,251500.0,253377.0,248120.0,248120.0,4.134929
1780668000,248120.0,251499.0,246300.0,247685.0,6.760266
1780671600,247684.0,249000.0,246088.0,247243.0,4.583688
1780675200,247243.0,251497.0,245600.0,250790.0,3.068138
1780678800,251496.0,251497.0,248500.0,249075.0,0.963803
1780682400,249075.0,249412.0,244000.0,244000.0,4.692016
1780686000,244000.0,253555.0,243000.0,250295.0,0.693719
1780689600,250295.0,250295.0,242766.0,243100.0,0.361449
1780693200,250295.0,252500.0,250291.0,252000.0,0.264172
1780696800,252000.0,252555.0,250490.0,252291.0,0.389872
1780700400,252290.0,252555.0,248889.0,249612.0,0.64822
1780704000,249612.0,251677.0,249424.0,250991.0,1.454757
1780707600,250991.0,251382.0,250001.0,250419.0,0.863816
1780711200,250355.0,250365.0,249289.0,249562.0,1.666317
1780714800,249954.0,249954.0,248130.0,248461.0,2.01302
1780718400,248461.0,248888.0,244050.0,246023.0,3.662368
1780722000,246023.0,249668.0,244788.0,249281.0,1.582686
1780725600,249281.0,250521.0,248199.0,248643.0,1.148681
1780729200,248666.0,250171.0,248259.0,249690.0,0.912869
1780732800,249690.0,251000.0,248999.0,250341.0,1.476048
1780736400,250341.0,250415.0,249007.0,249034.0,0.679329
1780740000,249034.0,250749.0,246418.0,247545.0,1.686962
1780743600,247555.0,249000.0,247358.0,248449.0,1.700681
1780747200,248536.0,250828.0,248071.0,249546.0,0.640568
1780750800,249880.0,253368.0,248336.0,249004.0,2.244186
1780754400,249004.0,249555.0,248802.0,248802.0,1.098595
1780758000,248928.0,249266.0,247581.0,249134.0,1.090538
1780761600,249134.0,249512.0,248015.0,248968.0,0.870119
1780765200,248992.0,249199.0,248132.0,248177.0,0.794693
1780768800,248257.0,248693.0,247661.0,248489.0,0.360616
1780772400,248409.0,248725.0,247501.0,248002.0,0.34345
1780776000,248002.0,248388.0,247501.0,248037.0,0.151211
1780779600,248003.0,249636.0,248001.0,248860.0,0.266625
1780783200,248025.0,249130.0,247001.0,247225.0,0.209083
1780786800,247222.0,249479.0,247221.0,248350.0,0.279004
1780790400,249372.0,249672.0,247950.0,248083.0,0.467296
1780794000,248000.0,251999.0,248000.0,250867.0,0.808881
1780797600,250867.0,251083.0,250000.0,250966.0,1.269035
1780801200,250965.0,251997.0,250725.0,251694.0,1.129679
1780804800,251694.0,252379.0,251027.0,252376.0,1.380987
1780808400,252376.0,253044.0,252002.0,252471.0,1.641956
1780812000,252408.0,254187.0,252003.0,253878.0,0.790336
1780815600,253879.0,254910.0,253567.0,254905.0,0.897574
1780819200,254906.0,257360.0,254164.0,256865.0,2.652814
1780822800,256874.0,256874.0,255000.0,255193.0,1.091417
1780826400,255193.0,255418.0,254164.0,254499.0,0.781955
1780830000,254499.0,256409.0,254015.0,255341.0,0.777867
1780833600,255288.0,255310.0,251218.0,253132.0,1.140255
1780837200,252448.0,252887.0,251598.0,251909.0,1.044398
1780840800,252084.0,254854.0,251727.0,252461.0,1.036271
1780844400,252918.0,253607.0,252002.0,253421.0,0.884807
1780848000,253422.0,254326.0,253001.0,253008.0,0.545064
1780851600,253276.0,254020.0,253276.0,253709.0,0.154991
1780855200,253247.0,253951.0,253000.0,253000.0,0.145634
1780858800,253000.0,253000.0,250001.0,250002.0,0.420305
1780862400,250034.0,252289.0,250001.0,252193.0,0.320328
1780866000,252149.0,252816.0,251432.0,251432.0,0.21079
1780869600,252551.0,260000.0,251701.0,256051.0,0.829963
1780873200,256627.0,259165.0,255495.0,257784.0,1.164912
1780876800,257783.0,259942.0,257402.0,259457.0,0.920474
1780880400,259444.0,259463.0,256000.0,257511.0,0.677101
1780884000,257512.0,257799.0,256959.0,257635.0,0.886707
1780887600,257593.0,258718.0,257201.0,257740.0,2.325728
1780891200,257740.0,257955.0,256024.0,256400.0,1.503351
1780894800,256168.0,256446.0,255001.0,256428.0,1.589097
1780898400,256351.0,259320.0,256351.0,257270.0,1.117489
1780902000,257270.0,258704.0,256654.0,258616.0,0.718414
1780905600,258317.0,258343.0,257865.0,258229.0,0.586157
1780909200,258074.0,259720.0,258067.0,258998.0,0.897117
1780912800,258998.0,259519.0,258005.0,258459.0,1.032773
1780916400,258374.0,261000.0,258373.0,259605.0,0.891761
1780920000,259606.0,261334.0,257002.0,261317.0,1.474081
1780923600,261333.0,261398.0,259518.0,261099.0,1.281095
1780927200,260923.0,261998.0,260569.0,261994.0,1.03309
1780930800,261905.0,262998.0,261114.0,261400.0,1.781208
1780934400,261096.0,262000.0,260046.0,260104.0,0.40772
1780938000,260062.0,260289.0,259134.0,259578.0,2.408835
1780941600,259577.0,259578.0,259109.0,259110.0,0.347105
1780945200,259378.0,259378.0,258890.0,258890.0,0.043286
1780948800,258888.0,258889.0,257697.0,258118.0,0.164754
1780952400,258550.0,259843.0,258550.0,259801.0,0.065698
1780956000,259206.0,259206.0,258062.0,258710.0,0.494275
1780959600,258679.0,259314.0,256999.0,257000.0,1.628183
1780963200,257000.0,257536.0,255006.0,255222.0,0.528937
1780966800,255231.0,256248.0,255145.0,255909.0,0.826543
1780970400,255879.0,256031.0,255074.0,255946.0,1.73488
1780974000,255945.0,256582.0,255513.0,255781.0,1.436673
1780977600,255782.0,257926.0,255751.0,257924.0,0.745744
1780981200,257924.0,258553.0,257218.0,257961.0,0.551377
1780984800,257928.0,258040.0,257246.0,257460.0,0.711567
1780988400,257500.0,257984.0,256508.0,256999.0,1.525695
1780992000,256999.0,257190.0,255691.0,255692.0,1.803295
1780995600,255998.0,255998.0,255051.0,255334.0,0.654782
1780999200,255334.0,255638.0,255146.0,255638.0,0.4054
1781002800,255638.0,255638.0,254773.0,255049.0,1.172465
1781006400,255049.0,256008.0,254700.0,254801.0,0.372045
1781010000,254838.0,255000.0,253222.0,254001.0,1.216755
1781013600,254001.0,254004.0,249750.0,250681.0,3.477989
1781017200,250898.0,251714.0,249334.0,249367.0,2.360216
1781020800,249638.0,250601.0,248252.0,250601.0,1.808642
1781024400,250601.0,252038.0,250573.0,251505.0,0.404271
1781028000,251590.0,252381.0,251501.0,251977.0,0.095402
1781031600,251839.0,253054.0,251787.0,253022.0,0.565415
1781035200,253041.0,253645.0,252540.0,253323.0,0.325066
1781038800,253323.0,253567.0,251553.0,251732.0,0.366965
1781042400,251545.0,252090.0,251352.0,251465.0,0.235467
1781046000,251394.0,252083.0,251005.0,251279.0,0.494595
1781049600,251279.0,252089.0,250518.0,252041.0,0.510627
1781053200,252090.0,252090.0,250676.0,251573.0,0.897542
1781056800,251273.0,251547.0,249500.0,249500.0,0.629411
1781060400,249501.0,250643.0,249227.0,250643.0,0.798239
1781064000,250459.0,250661.0,249000.0,249260.0,0.595235
1781067600,249512.0,249835.0,248644.0,249672.0,0.691113
1781071200,249672.0,250648.0,249076.0,250264.0,0.565136
1781074800,250263.0,251602.0,250263.0,251393.0,0.941585
1781078400,251393.0,251393.0,249350.0,249611.0,1.124111
1781082000,249608.0,250443.0,248363.0,250019.0,0.891185
1781085600,250019.0,250255.0,249669.0,250255.0,0.313958
1781089200,250254.0,250257.0,248501.0,248693.0,0.308057
1781092800,248693.0,251750.0,248500.0,251221.0,0.940794
1781096400,251153.0,254396.0,250806.0,253199.0,0.858238
1781100000,253242.0,253657.0,252178.0,253109.0,0.515846
1781103600,253383.0,256008.0,252244.0,255250.0,0.573927
1781107200,255251.0,255251.0,252360.0,253149.0,0.297916
1781110800,253149.0,254236.0,251647.0,252276.0,0.470294
1781114400,252276.0,252674.0,251646.0,251912.0,0.349921
1781118000,251912.0,253108.0,251912.0,252722.0,0.053689
1781121600,252123.0,252435.0,251912.0,251982.0,0.095114
1781125200,251912.0,251912.0,250007.0,250285.0,0.105102
1781128800,250011.0,251091.0,249556.0,250481.0,0.377637
1781132400,250480.0,251377.0,249574.0,251112.0,0.423119
1781136000,251381.0,253146.0,251380.0,252903.0,0.436696
1781139600,252571.0,254382.0,252571.0,254089.0,0.587768
1781143200,254078.0,254316.0,253079.0,253658.0,0.340755
1781146800,253797.0,255999.0,253176.0,255994.0,0.811689
1781150400,255995.0,257987.0,254897.0,257984.0,7.969477
1781154000,257984.0,257984.0,255001.0,255285.0,1.267727
1781157600,255285.0,256910.0,255001.0,255920.0,0.732006
1781161200,255920.0,255920.0,255017.0,255656.0,0.296372
1781164800,255656.0,256372.0,255656.0,256372.0,0.505755
1781168400,256372.0,256372.0,255677.0,256283.0,0.662759
1781172000,256354.0,257153.0,255844.0,257153.0,0.411634
1781175600,257033.0,257387.0,257033.0,257052.0,0.240238
1781179200,257051.0,257267.0,255234.0,256609.0,0.451479
1781182800,256556.0,257388.0,255764.0,257024.0,0.370186
1781186400,257025.0,257025.0,256001.0,256001.0,0.720794
1781190000,256002.0,256052.0,255272.0,255607.0,0.962657
1781193600,255865.0,256000.0,255500.0,255500.0,0.316646
1781197200,255501.0,258852.0,254245.0,258852.0,0.781856
1781200800,258852.0,259243.0,258221.0,258804.0,0.249675
1781204400,258983.0,259999.0,258608.0,259419.0,0.226558
1781208000,259398.0,259398.0,258153.0,258428.0,0.127811
1781211600,258469.0,258998.0,258468.0,258997.0,0.3367
1781215200,258998.0,259300.0,258998.0,259016.0,0.282423
1781218800,258997.0,259466.0,258272.0,259316.0,0.517827
1781222400,259315.0,259487.0,258948.0,259091.0,0.368236
1781226000,259087.0,259087.0,257845.0,257899.0,0.903672
1781229600,257899.0,259121.0,257898.0,258646.0,1.0837
1781233200,258647.0,258647.0,258000.0,258183.0,0.465643
1781236800,258188.0,259138.0,258107.0,258800.0,0.416185
1781240400,258801.0,258801.0,257640.0,257641.0,0.410877
1781244000,257641.0,257651.0,255616.0,256099.0,0.540711
1781247600,256098.0,256932.0,256083.0,256932.0,1.172337
1781251200,256931.0,258379.0,256699.0,257961.0,0.46498
1781254800,257961.0,259660.0,257961.0,259339.0,0.462547
1781258400,259339.0,259339.0,258540.0,258947.0,0.543866
1781262000,258947.0,259487.0,258898.0,259369.0,0.494786
1781265600,259301.0,259301.0,258002.0,258115.0,0.312909
1781269200,258114.0,258364.0,257007.0,257105.0,0.412142
1781272800,258000.0,259999.0,257822.0,259999.0,0.438766
1781276400,259999.0,261798.0,258998.0,258998.0,0.994549
1781280000,258953.0,260001.0,258919.0,260001.0,0.229843
1781283600,260001.0,260576.0,259600.0,259621.0,0.167312
1781287200,259621.0,260025.0,259354.0,259385.0,0.141754
1781290800,259386.0,259585.0,259138.0,259138.0,0.046225
1781294400,259144.0,259144.0,258501.0,258501.0,0.031952
1781298000,258542.0,259156.0,258500.0,258500.0,0.140606
1781301600,258501.0,258807.0,258501.0,258690.0,0.024343
1781305200,258690.0,258964.0,257363.0,258964.0,0.525075
1781308800,258964.0,259201.0,258713.0,259176.0,0.48597
1781312400,259169.0,259897.0,259166.0,259895.0,0.152749
1781316000,259896.0,259898.0,259315.0,259315.0,0.318631
1781319600,259373.0,259586.0,258812.0,258890.0,0.524271
1781323200,258889.0,259237.0,258740.0,258999.0,0.202105
1781326800,259000.0,259109.0,258999.0,259046.0,0.148657
1781330400,259047.0,259793.0,259046.0,259793.0,0.467278
1781334000,259793.0,260236.0,259518.0,259984.0,0.373126
1781337600,260044.0,260183.0,259922.0,260001.0,0.275937
1781341200,260001.0,260096.0,259903.0,259903.0,0.11309
1781344800,259903.0,260267.0,259887.0,260027.0,0.175204
1781348400,260073.0,260555.0,260073.0,260555.0,0.35853
1781352000,260487.0,261464.0,260481.0,261337.0,0.362237
1781355600,261189.0,261668.0,261189.0,261401.0,0.524363
1781359200,261401.0,261671.0,261400.0,261670.0,0.551453
1781362800,261671.0,261999.0,261621.0,261935.0,0.391322
1781366400,261936.0,261936.0,260591.0,260638.0,0.130143
1781370000,260905.0,261196.0,260681.0,260733.0,0.099179
1781373600,260733.0,261500.0,260733.0,261227.0,0.198306
1781377200,261303.0,261500.0,261212.0,261500.0,0.053541
1781380800,261500.0,261885.0,261500.0,261633.0,0.034229
1781384400,261880.0,263379.0,261612.0,262690.0,0.237113
1781388000,262384.0,262725.0,262192.0,262710.0,0.059013
1781391600,262710.0,262928.0,262706.0,262706.0,0.180586
1781395200,262706.0,262998.0,262473.0,262998.0,0.279519
1781398800,262997.0,263499.0,262997.0,263388.0,1.156757
1781402400,263389.0,263389.0,263141.0,263142.0,0.570166
1781406000,263139.0,263235.0,263068.0,263072.0,0.113927
1781409600,263071.0,263072.0,262500.0,262501.0,0.290598
1781413200,262501.0,262501.0,262212.0,262294.0,0.319523
1781416800,262437.0,262665.0,262002.0,262002.0,0.369328
1781420400,262000.0,262454.0,261894.0,262454.0,0.39291
1781424000,262455.0,262455.0,262453.0,262454.0,0.339785
1781427600,262454.0,262999.0,262019.0,262997.0,1.320244
1781431200,262998.0,262998.0,262186.0,262186.0,0.333672
1781434800,262692.0,262849.0,262024.0,262685.0,0.648771
1781438400,262684.0,262685.0,261889.0,261889.0,0.149003
1781442000,261992.0,261992.0,261525.0,261767.0,0.717585
1781445600,261863.0,261863.0,260000.0,260348.0,1.719013
1781449200,260470.0,260887.0,260470.0,260852.0,0.158105
1781452800,260852.0,260853.0,260548.0,260548.0,0.127352
1781456400,260547.0,260547.0,259802.0,259802.0,0.32731
1781460000,259801.0,259801.0,259599.0,259599.0,0.164164
1781463600,259600.0,259847.0,259600.0,259735.0,0.157114
1781467200,259856.0,260707.0,259806.0,260707.0,0.045532
1781470800,260706.0,266000.0,260705.0,265742.0,1.14056
1781474400,265743.0,266000.0,264119.0,265825.0,0.655198
1781478000,265824.0,266936.0,265502.0,266936.0,1.102386
1781481600,266928.0,267707.0,265952.0,266001.0,2.15506
1781485200,266000.0,266555.0,265503.0,265948.0,1.699845
1781488800,265948.0,267049.0,265672.0,265672.0,0.911349
1781492400,265673.0,267843.0,265673.0,267711.0,0.674286
1781496000,267711.0,267711.0,266650.0,266650.0,0.686905
1781499600,266650.0,267356.0,266589.0,267355.0,0.394582
1781503200,267356.0,267851.0,267338.0,267399.0,0.553701
1781506800,267399.0,267904.0,266737.0,266738.0,1.315631
1781510400,266722.0,266999.0,266500.0,266548.0,2.349664
1781514000,266500.0,266962.0,266208.0,266315.0,0.26479
1781517600,266314.0,266856.0,266236.0,266835.0,0.357729
1781521200,266834.0,268798.0,266834.0,268690.0,0.556002
1781524800,268708.0,270000.0,268560.0,270000.0,1.520009
1781528400,270000.0,271587.0,269909.0,270001.0,3.310427
1781532000,270002.0,270998.0,269751.0,270506.0,1.335159
1781535600,270506.0,273399.0,270505.0,273399.0,1.197272
1781539200,273393.0,273407.0,272995.0,273230.0,0.940962
1781542800,272995.0,272995.0,271406.0,271696.0,0.473325
1781546400,271665.0,271999.0,271500.0,271601.0,0.283946
1781550000,271600.0,271741.0,270151.0,270560.0,0.175055
1781553600,270560.0,270854.0,270560.0,270560.0,0.092279
1781557200,270560.0,270560.0,270000.0,270000.0,0.081958
1781560800,270001.0,270174.0,269004.0,269252.0,0.637037
1781564400,269171.0,269654.0,269100.0,269654.0,0.265459
1781568000,269594.0,269930.0,269422.0,269501.0,0.488863
1781571600,269501.0,270176.0,269432.0,269975.0,0.638407
1781575200,269976.0,270119.0,267777.0,267777.0,1.249316
1781578800,267777.0,269390.0,267552.0,269252.0,1.16995
1781582400,269251.0,269662.0,268120.0,268341.0,0.570867
1781586000,268255.0,271999.0,268254.0,269269.0,1.980936
1781589600,269268.0,270999.0,269268.0,270715.0,0.481429
1781593200,270984.0,270984.0,270600.0,270603.0,0.298272
1781596800,270603.0,272803.0,270573.0,272803.0,1.072038
1781600400,272802.0,272802.0,271251.0,271251.0,1.080212
1781604000,271251.0,271911.0,271167.0,271320.0,0.490137
1781607600,271320.0,271677.0,271000.0,271052.0,0.77771
1781611200,271022.0,271999.0,271000.0,271001.0,0.453389
1781614800,271001.0,271001.0,269254.0,269784.0,1.09415
1781618400,269704.0,270366.0,267017.0,267792.0,1.413896
1781622000,267824.0,269211.0,267793.0,269064.0,1.010779
1781625600,269060.0,269078.0,268108.0,268175.0,0.482646
1781629200,268133.0,269051.0,268001.0,268800.0,0.219392
1781632800,268928.0,269733.0,268191.0,268319.0,0.545356
1781636400,268052.0,268054.0,267500.0,267500.0,0.047812
1781640000,267502.0,268417.0,267502.0,268397.0,0.04915
1781643600,268433.0,268663.0,267501.0,268072.0,0.021022
1781647200,268046.0,268603.0,267748.0,268073.0,0.160909
1781650800,268301.0,268351.0,267600.0,267951.0,0.435825
1781654400,267934.0,268540.0,267852.0,268020.0,0.307404
1781658000,268019.0,268698.0,267172.0,268698.0,0.758019
1781661600,268699.0,269373.0,268340.0,268715.0,0.40227
1781665200,268715.0,268779.0,268001.0,268412.0,0.671403
1781668800,268412.0,269173.0,268002.0,268702.0,0.462091
1781672400,268702.0,269088.0,268142.0,268680.0,0.365404
1781676000,268681.0,268777.0,267764.0,267775.0,0.483237
1781679600,267776.0,267979.0,266666.0,267015.0,0.58135
1781683200,267012.0,267015.0,265000.0,265001.0,1.382911
1781686800,265000.0,265425.0,264928.0,265001.0,0.626221
1781690400,265001.0,265169.0,264724.0,264801.0,0.235408
1781694000,264801.0,264801.0,263881.0,264665.0,0.577245
1781697600,264129.0,265396.0,264016.0,265381.0,0.459394
1781701200,265380.0,266540.0,265001.0,266301.0,0.643638
1781704800,265977.0,266991.0,264552.0,265983.0,0.340426
1781708400,265983.0,268025.0,265299.0,267796.0,0.607141
1781712000,268314.0,270701.0,268176.0,268656.0,0.986724
1781715600,268560.0,269286.0,268544.0,269191.0,0.291659
1781719200,269276.0,269276.0,264584.0,266824.0,0.614256
1781722800,267679.0,267679.0,261780.0,261817.0,1.924192
1781726400,262057.0,262940.0,262056.0,262906.0,0.029532
1781730000,262724.0,262946.0,262246.0,262246.0,0.069826
1781733600,262221.0,262879.0,261500.0,262522.0,0.3704
1781737200,262522.0,264001.0,262500.0,263253.0,4.658332
1781740800,263752.0,264733.0,263403.0,264002.0,0.439048
1781744400,264001.0,265236.0,264001.0,264085.0,0.955331
1781748000,264085.0,265197.0,264084.0,264898.0,0.533076
1781751600,264860.0,264860.0,264000.0,264001.0,0.396384
1781755200,264000.0,264001.0,262004.0,262167.0,1.371823
1781758800,262165.0,262698.0,262000.0,262698.0,0.441756
1781762400,262584.0,263245.0,262264.0,263184.0,0.623297
1781766000,263078.0,264884.0,263040.0,264858.0,0.824206
1781769600,264857.0,265987.0,264782.0,264804.0,1.811539
1781773200,264804.0,265499.0,264091.0,265006.0,0.629621
1781776800,264722.0,264739.0,263621.0,264614.0,0.462643
1781780400,264200.0,264898.0,263642.0,263958.0,0.162848
1781784000,263978.0,265656.0,263883.0,265573.0,0.302915
1781787600,265590.0,265656.0,263801.0,263801.0,0.447603
1781791200,263832.0,264499.0,262567.0,263516.0,0.8201
1781794800,263094.0,263094.0,258000.0,258001.0,1.903347
1781798400,258000.0,259277.0,258000.0,259010.0,1.189669
1781802000,259009.0,259009.0,257695.0,258570.0,0.597261
1781805600,258572.0,259657.0,258572.0,258938.0,0.211707
1781809200,258902.0,259869.0,258688.0,259857.0,0.057236
1781812800,259858.0,260500.0,259858.0,260286.0,0.035503
1781816400,260322.0,260322.0,259480.0,259791.0,0.094388
1781820000,259591.0,259715.0,259266.0,259366.0,0.096349
1781823600,259349.0,259469.0,259283.0,259469.0,0.929748
1781827200,259469.0,259872.0,259287.0,259825.0,0.299714
1781830800,259825.0,259826.0,259503.0,259640.0,0.443467
1781834400,259641.0,259824.0,259532.0,259744.0,0.23174
1781838000,259743.0,259745.0,258001.0,259404.0,1.768133
1781841600,259213.0,259830.0,258618.0,258619.0,0.509229
1781845200,258619.0,259499.0,258618.0,259499.0,0.313613
1781848800,259498.0,260730.0,259498.0,260701.0,0.656203
1781852400,260701.0,261003.0,259018.0,259766.0,1.535359
1781856000,259844.0,259999.0,259671.0,259712.0,0.419847
1781859600,259687.0,259687.0,258577.0,258578.0,0.276182
1781863200,258578.0,259300.0,258577.0,259300.0,0.363002
1781866800,259299.0,259607.0,259076.0,259539.0,0.473095
1781870400,259539.0,260399.0,258768.0,260218.0,0.321557
1781874000,260218.0,262541.0,260115.0,262012.0,0.643899
1781877600,261979.0,262549.0,261230.0,261930.0,0.624301
1781881200,261575.0,262251.0,261253.0,262144.0,0.100558
1781884800,262144.0,262794.0,261561.0,261587.0,0.388083
1781888400,261588.0,262033.0,260816.0,262025.0,0.114228
1781892000,262081.0,262081.0,261232.0,261278.0,0.034691
1781895600,261526.0,261526.0,261084.0,261297.0,0.188227
1781899200,261388.0,262166.0,261388.0,262166.0,0.025924
1781902800,262062.0,262212.0,261534.0,261534.0,0.020348
1781906400,261476.0,262555.0,261375.0,262387.0,0.431697
1781910000,262541.0,263398.0,262274.0,263340.0,0.388124
1781913600,263400.0,263733.0,263011.0,263453.0,0.19913
1781917200,263326.0,263656.0,262955.0,263447.0,0.472292
1781920800,263363.0,263439.0,262658.0,262659.0,0.21609
1781924400,262565.0,263201.0,262565.0,262979.0,0.099002
1781928000,263106.0,263615.0,262889.0,263395.0,0.167396
1781931600,263550.0,270399.0,263373.0,264100.0,8.928581
1781935200,264100.0,264355.0,264069.0,264355.0,0.291009
1781938800,264355.0,264739.0,264249.0,264525.0,0.320362
1781942400,264525.0,264525.0,263071.0,263391.0,0.774236
1781946000,263353.0,264599.0,263353.0,264534.0,0.215818
1781949600,264486.0,264566.0,264003.0,264153.0,0.134674
1781953200,264345.0,264624.0,264100.0,264298.0,0.111833
1781956800,264299.0,264661.0,264001.0,264011.0,0.39544
1781960400,264011.0,264105.0,263149.0,263484.0,0.287612
1781964000,263484.0,266000.0,263000.0,265506.0,0.440495
1781967600,265408.0,267292.0,265401.0,266090.0,0.567626
1781971200,266318.0,266318.0,265409.0,265747.0,0.140281
1781974800,265602.0,265784.0,265038.0,265166.0,0.143863
1781978400,265409.0,265410.0,265027.0,265128.0,0.076456
1781982000,265128.0,265509.0,265128.0,265505.0,0.19723
1781985600,265521.0,265529.0,265201.0,265362.0,0.009658
1781989200,265430.0,267596.0,265371.0,265975.0,0.015114
1781992800,265654.0,266998.0,265614.0,266826.0,0.291103
1781996400,266693.0,266767.0,266643.0,266766.0,0.309735
1782000000,266767.0,266992.0,266736.0,266992.0,0.435439
1782003600,266876.0,266998.0,266625.0,266789.0,0.186054
1782007200,266740.0,266834.0,266608.0,266789.0,0.109911
1782010800,266789.0,267504.0,266766.0,267445.0,0.343632
1782014400,267445.0,267985.0,266786.0,266892.0,0.239275
1782018000,266892.0,267243.0,266767.0,266954.0,0.165153
1782021600,266954.0,267200.0,266494.0,267131.0,0.242509
1782025200,267130.0,267131.0,266472.0,266554.0,0.478054
1782028800,266655.0,266655.0,265567.0,265897.0,0.115213
1782032400,265889.0,266500.0,265637.0,266500.0,0.602255
1782036000,266500.0,267000.0,266500.0,266999.0,0.079786
1782039600,267128.0,267497.0,266498.0,266498.0,0.602557
1782043200,266397.0,266617.0,265570.0,266557.0,0.257319
1782046800,266470.0,266470.0,266000.0,266264.0,0.315582
1782050400,266265.0,266265.0,265863.0,265967.0,0.177663
1782054000,265966.0,266825.0,265966.0,266501.0,0.342513
1782057600,266500.0,266501.0,266013.0,266223.0,0.251134
1782061200,266203.0,266373.0,265850.0,266016.0,0.149475
1782064800,266016.0,266018.0,265501.0,266018.0,0.04942
1782068400,266018.0,266325.0,266018.0,266210.0,0.058573
1782072000,266211.0,266372.0,264235.0,264869.0,0.048413
1782075600,264793.0,264992.0,263657.0,264638.0,0.03754
1782079200,264250.0,264926.0,263743.0,264025.0,0.356543
1782082800,264025.0,264027.0,262505.0,262507.0,0.826701
1782086400,262527.0,265319.0,262527.0,265191.0,0.742227
1782090000,264521.0,267900.0,264521.0,267484.0,1.761141
1782093600,267769.0,267769.0,266402.0,266402.0,0.551157
1782097200,266228.0,267074.0,264762.0,265267.0,0.680736
1782100800,265065.0,265955.0,264378.0,265706.0,0.961956
1782104400,265765.0,266432.0,265764.0,266260.0,0.222869
1782108000,266357.0,266381.0,265389.0,265650.0,0.257056
1782111600,266015.0,267023.0,265613.0,266434.0,0.413867
1782115200,266569.0,267064.0,265746.0,266400.0,0.366821
1782118800,266117.0,266479.0,266000.0,266243.0,0.384417
1782122400,266239.0,266479.0,265966.0,266210.0,0.117481
1782126000,266204.0,268499.0,266038.0,268413.0,1.108618
1782129600,268500.0,270696.0,268500.0,270345.0,1.450136
1782133200,270345.0,271999.0,270001.0,271999.0,1.193647
1782136800,271999.0,271999.0,269710.0,269998.0,0.655204
1782140400,269998.0,270554.0,269219.0,269219.0,0.896972
1782144000,269220.0,269220.0,268625.0,269195.0,0.224793
1782147600,269117.0,269176.0,268003.0,268743.0,0.202831
1782151200,268743.0,268952.0,268000.0,268000.0,0.305944
1782154800,267791.0,268084.0,267676.0,268084.0,0.085088
1782158400,268117.0,268328.0,267928.0,268013.0,0.024656
1782162000,268030.0,268030.0,267301.0,267335.0,0.095361
1782165600,267335.0,267645.0,265709.0,265983.0,0.324202
1782169200,265983.0,266000.0,265982.0,266000.0,0.225877
1782172800,266000.0,266752.0,266000.0,266640.0,0.112508
1782176400,266640.0,266944.0,265302.0,266140.0,1.032749
1782180000,266140.0,266655.0,266139.0,266468.0,0.607513
1782183600,266472.0,266472.0,265723.0,265974.0,0.274442
1782187200,265974.0,265989.0,264703.0,264703.0,0.266778
1782190800,264704.0,264758.0,263534.0,263534.0,1.460951
1782194400,263534.0,263534.0,260505.0,261807.0,1.351997
1782198000,261735.0,262230.0,261706.0,261860.0,0.497528
1782201600,261860.0,261860.0,258373.0,259848.0,1.634539
1782205200,259849.0,260112.0,259796.0,259796.0,0.892206
1782208800,259797.0,260023.0,259253.0,259474.0,0.823098
1782212400,259474.0,260521.0,259474.0,260231.0,0.524578
1782216000,260231.0,260231.0,259252.0,259252.0,0.556974
1782219600,259253.0,260075.0,258203.0,260075.0,1.073536
1782223200,260075.0,261525.0,260031.0,260050.0,0.680802
1782226800,260031.0,260031.0,259076.0,259674.0,0.995098
1782230400,259770.0,261024.0,259684.0,260045.0,0.506078
1782234000,260016.0,260284.0,259506.0,259506.0,0.100508
1782237600,259506.0,259506.0,258601.0,258601.0,0.264949
1782241200,258602.0,259370.0,258602.0,259122.0,0.094913
1782244800,259122.0,259628.0,259122.0,259182.0,0.027799
1782248400,259182.0,260000.0,259182.0,259999.0,0.138392
1782252000,259999.0,260272.0,259796.0,259796.0,0.117019
1782255600,259557.0,260283.0,259557.0,260283.0,0.153097
1782259200,260283.0,261566.0,260282.0,261314.0,0.413133
1782262800,261314.0,261620.0,260735.0,261184.0,0.648881
1782266400,261189.0,261189.0,260274.0,260509.0,0.387513
1782270000,260508.0,260792.0,259687.0,260573.0,0.501981
1782273600,260573.0,260573.0,259750.0,260531.0,0.388879
1782277200,260531.0,261323.0,260366.0,260985.0,0.284548
1782280800,261019.0,261019.0,260643.0,260645.0,0.403442
1782284400,260646.0,260829.0,260366.0,260366.0,0.389766
1782288000,260366.0,260478.0,260000.0,260478.0,0.897249
1782291600,260477.0,260625.0,260151.0,260215.0,0.225561
1782295200,260215.0,260215.0,259564.0,259564.0,0.499166
1782298800,259551.0,262078.0,259122.0,261535.0,0.346
1782302400,261535.0,261535.0,260262.0,260262.0,0.518734
1782306000,260262.0,260262.0,255555.0,255556.0,2.79765
1782309600,255556.0,255556.0,254000.0,254001.0,2.391915
1782313200,254001.0,254169.0,251339.0,251339.0,1.823929
1782316800,251493.0,252255.0,250000.0,250001.0,4.954418
1782320400,250001.0,250983.0,247218.0,247824.0,5.219189
1782324000,247824.0,249994.0,247801.0,249580.0,1.455939
1782327600,249285.0,250000.0,248751.0,250000.0,0.578726
1782331200,250037.0,255003.0,249651.0,254363.0,0.367727
1782334800,254643.0,254999.0,253415.0,254997.0,0.239225
1782338400,255000.0,255236.0,254014.0,254036.0,0.748125
1782342000,254126.0,255155.0,254036.0,255018.0,0.554221
1782345600,255018.0,255233.0,253327.0,253327.0,1.076243
1782349200,253323.0,260500.0,252545.0,252545.0,5.277073
1782352800,252545.0,252545.0,251479.0,251823.0,0.741606
1782356400,251823.0,251899.0,251500.0,251899.0,0.456225
1782360000,251899.0,253702.0,251500.0,253702.0,0.787578
1782363600,253701.0,256500.0,253619.0,254614.0,0.630166
1782367200,254655.0,255374.0,254601.0,255240.0,0.685517
1782370800,255089.0,255985.0,255015.0,255826.0,0.442546
1782374400,255821.0,255880.0,255210.0,255236.0,1.536131
1782378000,255225.0,255546.0,255212.0,255373.0,0.442282
1782381600,255373.0,255373.0,253810.0,253915.0,0.700357
1782385200,253914.0,254206.0,253003.0,253469.0,0.548512
1782388800,253470.0,255005.0,253004.0,253408.0,0.872825
1782392400,253598.0,253789.0,243477.0,243477.0,10.305946
1782396000,243477.0,252691.0,243282.0,247405.0,4.878889
1782399600,247409.0,247798.0,245301.0,247577.0,2.513006
1782403200,247577.0,249672.0,245603.0,245784.0,0.631022
1782406800,246087.0,247802.0,245312.0,247429.0,0.35263
1782410400,247502.0,247653.0,246279.0,246804.0,0.295592
1782414000,246564.0,246564.0,245501.0,245781.0,0.335396
1782417600,245650.0,247090.0,245650.0,245904.0,0.029259
1782421200,246038.0,249126.0,246038.0,249126.0,0.893677
1782424800,248715.0,248725.0,247138.0,247528.0,0.652283
1782428400,247590.0,248795.0,247393.0,247393.0,1.747151
1782432000,247394.0,247597.0,246749.0,246762.0,1.659793
1782435600,246761.0,246761.0,244266.0,244936.0,4.124889
1782439200,245160.0,245160.0,242101.0,242125.0,6.153784
1782442800,242120.0,247609.0,242007.0,247471.0,3.624386
1782446400,247709.0,247999.0,246990.0,247117.0,1.641394
1782450000,247125.0,247565.0,246751.0,247318.0,0.61466
1782453600,247309.0,249226.0,246690.0,248408.0,1.619901
1782457200,248408.0,249791.0,248222.0,249262.0,0.809684
1782460800,249261.0,249261.0,247504.0,247504.0,0.573389
1782464400,247502.0,247502.0,245025.0,245590.0,1.10919
1782468000,245590.0,245893.0,244002.0,244002.0,0.729311
1782471600,244001.0,245107.0,244001.0,244378.0,0.493665
1782475200,244416.0,246306.0,243020.0,244014.0,0.918342
1782478800,244001.0,247923.0,242000.0,247847.0,2.118487
1782482400,247996.0,247996.0,245333.0,245662.0,1.242476
1782486000,245334.0,248987.0,245334.0,248201.0,1.015588
1782489600,248407.0,249391.0,247016.0,247126.0,0.777075
1782493200,247198.0,247974.0,246742.0,246978.0,0.549346
1782496800,246989.0,247422.0,245333.0,245370.0,0.121675
1782500400,245506.0,247138.0,245506.0,246101.0,0.159527
1782504000,246333.0,246365.0,245392.0,245721.0,0.086909
1782507600,245670.0,246857.0,245518.0,246567.0,0.090678
1782511200,246396.0,246991.0,246072.0,246991.0,0.587007
1782514800,246933.0,247217.0,246637.0,247217.0,0.35678
1782518400,247217.0,247375.0,246394.0,247040.0,0.677344
1782522000,246981.0,247072.0,246619.0,246671.0,0.595729
1782525600,246563.0,248187.0,246563.0,248047.0,0.318965
1782529200,247840.0,248295.0,247676.0,247967.0,0.436592
1782532800,248052.0,248582.0,247642.0,247642.0,0.727585
1782536400,247642.0,247922.0,247347.0,247597.0,0.233622
1782540000,247604.0,248453.0,247263.0,248122.0,0.390621
1782543600,248122.0,248903.0,247827.0,248820.0,0.317202
1782547200,248819.0,248820.0,248156.0,248485.0,0.439936
1782550800,248473.0,248473.0,248004.0,248190.0,0.1758
1782554400,248191.0,248483.0,248191.0,248337.0,0.251553
1782558000,248337.0,248338.0,247400.0,248095.0,0.305515
1782561600,247979.0,248252.0,247716.0,248231.0,0.318971
1782565200,248259.0,248999.0,248145.0,248718.0,0.73758
1782568800,248719.0,248999.0,248568.0,248998.0,0.454766
1782572400,248998.0,249880.0,248915.0,249801.0,0.235457
1782576000,249801.0,249801.0,249500.0,249568.0,0.253096
1782579600,249520.0,249520.0,248696.0,248982.0,0.472822
1782583200,248741.0,248891.0,248543.0,248875.0,0.06863
1782586800,248890.0,248999.0,247140.0,247229.0,0.592108
1782590400,247540.0,247792.0,247540.0,247719.0,0.022622
1782594000,247825.0,248418.0,247310.0,247342.0,0.170374
1782597600,247139.0,247542.0,246202.0,247541.0,0.214255
1782601200,247542.0,247735.0,246501.0,246770.0,0.164719
1782604800,246770.0,247349.0,246770.0,247292.0,0.302479
1782608400,247292.0,247686.0,246770.0,247542.0,0.51735
1782612000,247541.0,247705.0,247002.0,247037.0,0.372285
1782615600,247037.0,247550.0,247036.0,247147.0,0.607149
1782619200,247056.0,247339.0,247056.0,247064.0,0.087
1782622800,247064.0,247064.0,245900.0,246347.0,0.448852
1782626400,246443.0,246537.0,245253.0,246443.0,0.881216
1782630000,246743.0,247514.0,246743.0,247311.0,0.307764
1782633600,247310.0,248346.0,247310.0,248341.0,0.33859
1782637200,248341.0,248341.0,247802.0,247802.0,0.112223
1782640800,247800.0,247800.0,246901.0,246902.0,0.331051
1782644400,246902.0,247731.0,246902.0,247578.0,0.588863
1782648000,247586.0,247803.0,247018.0,247368.0,0.279098
1782651600,247359.0,247359.0,246080.0,246485.0,0.299549
1782655200,246470.0,246993.0,246470.0,246502.0,0.544141
1782658800,246502.0,247968.0,245597.0,245598.0,1.088002
1782662400,245598.0,245928.0,245000.0,245009.0,0.6218
1782666000,245009.0,245516.0,244323.0,244747.0,1.986828
1782669600,244657.0,244996.0,244410.0,244659.0,0.050023
1782673200,244729.0,244985.0,243807.0,244108.0,0.251642
1782676800,244310.0,245184.0,244308.0,245012.0,0.038276
1782680400,245008.0,245160.0,243807.0,243902.0,0.021991
1782684000,244199.0,245827.0,242409.0,242609.0,0.78532
1782687600,242599.0,245587.0,242598.0,245001.0,0.219611
1782691200,245000.0,245128.0,242599.0,243985.0,1.310002
1782694800,243986.0,243991.0,242001.0,243015.0,0.769011
1782698400,243001.0,243494.0,241677.0,243494.0,2.602849
1782702000,243701.0,245224.0,243701.0,244564.0,1.68008
1782705600,244725.0,244725.0,244000.0,244014.0,0.24437
1782709200,244014.0,244554.0,242506.0,244554.0,0.884952
1782712800,244996.0,245758.0,244617.0,244767.0,0.665771
1782716400,244739.0,245102.0,244312.0,244613.0,0.458573
1782720000,244588.0,244677.0,244011.0,244012.0,1.757848
1782723600,244011.0,244580.0,244006.0,244580.0,0.359166
1782727200,244580.0,245656.0,244580.0,245120.0,0.266929
1782730800,245121.0,245121.0,243677.0,244065.0,0.388344
1782734400,244224.0,247396.0,243253.0,243994.0,0.700263
1782738000,243995.0,245491.0,242000.0,242474.0,0.907137
1782741600,242475.0,243178.0,241015.0,243057.0,2.053225
1782745200,243058.0,244200.0,241457.0,244026.0,1.261187
1782748800,244026.0,244200.0,243340.0,244199.0,0.303481
1782752400,244199.0,246888.0,244199.0,246371.0,0.853721
1782756000,246034.0,246364.0,244928.0,245361.0,0.353844
1782759600,245027.0,245954.0,244752.0,245743.0,0.275432
1782763200,245957.0,245965.0,245415.0,245416.0,0.048571
1782766800,245415.0,245999.0,245326.0,245999.0,0.230064
1782770400,246000.0,246076.0,245696.0,245747.0,0.210825
1782774000,245747.0,245747.0,245056.0,245101.0,0.480079
1782777600,245102.0,245102.0,243200.0,243492.0,0.397234
1782781200,243457.0,243793.0,243003.0,243566.0,0.97711
1782784800,243566.0,244396.0,243156.0,244017.0,0.931988
1782788400,244016.0,244017.0,243156.0,243156.0,0.345889
1782792000,243156.0,243444.0,242556.0,242760.0,0.808133
1782795600,242760.0,243359.0,242528.0,243357.0,0.504195
1782799200,243358.0,243388.0,243033.0,243113.0,0.77897
1782802800,243118.0,243309.0,243000.0,243082.0,1.139975
1782806400,243074.0,243594.0,242255.0,242467.0,1.266113
1782810000,242467.0,242710.0,242467.0,242708.0,0.7419
1782813600,242709.0,242996.0,242709.0,242996.0,0.621567
1782817200,242995.0,242998.0,242641.0,242641.0,0.745493
1782820800,242642.0,242642.0,240011.0,240012.0,3.109259
1782824400,240011.0,240631.0,239265.0,240499.0,7.699236
1782828000,240491.0,242795.0,239900.0,239901.0,1.96115
1782831600,239901.0,240747.0,239000.0,239568.0,1.620492
1782835200,239567.0,240210.0,239014.0,239915.0,1.778936
1782838800,239682.0,240177.0,239318.0,239476.0,0.378728
1782842400,239479.0,240422.0,239422.0,240422.0,0.156959
1782846000,240460.0,241001.0,240219.0,241001.0,0.403035
1782849600,241002.0,241285.0,240613.0,240775.0,0.100897
1782853200,240918.0,240918.0,240179.0,240435.0,0.313287
1782856800,240436.0,240816.0,240150.0,240356.0,0.419777
1782860400,240356.0,240486.0,240355.0,240486.0,0.46824
1782864000,240486.0,240488.0,239418.0,239868.0,1.681955
1782867600,239873.0,241599.0,237351.0,241343.0,3.611956
1782871200,241342.0,242499.0,241105.0,242381.0,1.094173
1782874800,242380.0,242910.0,241731.0,242830.0,1.191287
1782878400,242430.0,243522.0,242368.0,243301.0,0.960928
1782882000,243299.0,243307.0,242888.0,242889.0,0.789479
1782885600,242888.0,242888.0,240598.0,240890.0,0.352841
1782889200,240890.0,241137.0,240630.0,240904.0,0.53223
1782892800,240904.0,241595.0,240500.0,241595.0,1.552453
1782896400,241596.0,242002.0,241596.0,241745.0,0.20374
1782900000,241745.0,241745.0,240704.0,240749.0,0.5976
1782903600,240705.0,240810.0,240437.0,240438.0,0.918979
1782907200,240438.0,240438.0,239900.0,240002.0,0.767806
1782910800,240022.0,243977.0,240022.0,243903.0,0.958932
1782914400,243846.0,245976.0,243389.0,244509.0,1.27974
1782918000,244509.0,247662.0,244508.0,246642.0,1.000877
1782921600,246620.0,246770.0,245518.0,245688.0,0.279084
1782925200,245625.0,246572.0,245500.0,246569.0,0.059223
1782928800,246568.0,246568.0,246043.0,246343.0,0.113884
1782932400,246345.0,246543.0,245753.0,245757.0,0.094162
1782936000,245757.0,246142.0,245501.0,246142.0,0.084635
1782939600,246142.0,248706.0,246142.0,248705.0,0.371144
1782943200,248706.0,250399.0,247275.0,247503.0,1.065666
1782946800,247406.0,247406.0,245773.0,246015.0,0.600486
1782950400,246015.0,246015.0,244510.0,244616.0,0.360664
1782954000,244687.0,246711.0,244687.0,246073.0,0.570528
1782957600,246216.0,247225.0,245993.0,247225.0,0.288481
1782961200,247224.0,249231.0,246823.0,249231.0,0.790086
1782964800,249232.0,249251.0,248149.0,248444.0,0.509968
1782968400,248300.0,248474.0,247364.0,247364.0,0.473749
1782972000,247308.0,247845.0,246800.0,246801.0,0.547771
1782975600,246800.0,246801.0,245556.0,245556.0,0.807564
1782979200,245555.0,246734.0,245555.0,246600.0,0.332564
1782982800,246599.0,250000.0,246599.0,249993.0,2.000858
1782986400,249311.0,250000.0,249039.0,249933.0,1.123375
1782990000,249933.0,249999.0,248494.0,249855.0,1.061818
1782993600,249925.0,250946.0,249520.0,250905.0,1.235928
1782997200,250958.0,252755.0,250958.0,252520.0,1.256822
1783000800,252527.0,253326.0,250409.0,251439.0,1.836646
1783004400,251543.0,251725.0,250817.0,251237.0,0.432923
1783008000,251373.0,251687.0,249501.0,251431.0,0.328474
1783011600,251381.0,251725.0,251355.0,251371.0,3.119022
1783015200,251364.0,251725.0,251364.0,251725.0,0.15315
1783018800,251717.0,251717.0,250859.0,250859.0,0.18247
1783022400,250459.0,250735.0,250109.0,250588.0,0.04518
1783026000,250588.0,250844.0,250541.0,250724.0,0.03576
1783029600,250737.0,250738.0,250427.0,250429.0,0.2022
1783033200,250190.0,250439.0,250082.0,250439.0,0.159741
1783036800,250439.0,250439.0,249798.0,249864.0,0.596754
1783040400,249865.0,250931.0,249858.0,250930.0,0.760015
1783044000,250931.0,250931.0,249857.0,249967.0,0.700117
1783047600,249967.0,250481.0,249730.0,250158.0,0.560355
1783051200,250158.0,250195.0,249837.0,250103.0,0.485888
1783054800,250103.0,250970.0,250100.0,250878.0,1.022677
1783058400,250878.0,251391.0,250877.0,251033.0,0.914871
1783062000,251033.0,251496.0,251033.0,251496.0,0.518106
1783065600,251496.0,251670.0,250949.0,251392.0,1.117503
1783069200,251186.0,251464.0,250949.0,251445.0,0.25532
1783072800,251444.0,252475.0,251444.0,252474.0,0.442495
1783076400,252474.0,252590.0,252106.0,252590.0,0.345936
1783080000,252589.0,253005.0,252500.0,252500.0,0.872097
1783083600,252515.0,253199.0,252505.0,252962.0,0.373127
1783087200,252875.0,253311.0,251809.0,253301.0,0.829543
1783090800,253202.0,253685.0,252047.0,252099.0,0.415727
1783094400,252099.0,252790.0,252098.0,252745.0,0.318353
1783098000,252795.0,253500.0,252733.0,253500.0,0.055951
1783101600,253499.0,253500.0,252733.0,253006.0,0.06776
1783105200,253007.0,253246.0,253006.0,253245.0,0.065962
1783108800,253246.0,255000.0,253245.0,254999.0,0.893845
1783112400,255000.0,255000.0,254560.0,255000.0,1.040227
1783116000,255000.0,255000.0,254556.0,254557.0,0.193073
1783119600,254557.0,254761.0,254556.0,254557.0,0.20408
1783123200,254557.0,255209.0,254556.0,255148.0,0.341968
1783126800,254980.0,254980.0,254071.0,254206.0,0.348623
1783130400,254303.0,254744.0,254202.0,254337.0,0.153136
1783134000,254413.0,255000.0,254285.0,254876.0,0.555676
1783137600,254956.0,255065.0,254824.0,255065.0,0.220079
1783141200,255065.0,255065.0,254441.0,254530.0,0.358549
1783144800,254531.0,254704.0,254155.0,254483.0,0.347389
1783148400,254483.0,255032.0,254482.0,254749.0,0.285264
1783152000,254749.0,255009.0,254749.0,254870.0,0.157432
1783155600,254869.0,254869.0,254347.0,254348.0,0.363352
1783159200,254347.0,254465.0,254347.0,254465.0,0.160445
1783162800,254465.0,254654.0,254464.0,254566.0,0.061058
1783166400,254565.0,255000.0,254565.0,255000.0,0.133609
1783170000,255000.0,255000.0,254900.0,254998.0,0.15335
1783173600,254997.0,255122.0,254997.0,255048.0,0.403426
1783177200,255120.0,255997.0,255120.0,255997.0,1.22618
1783180800,255997.0,256000.0,255434.0,256000.0,0.402964
1783184400,255999.0,257885.0,255727.0,257358.0,0.838952
1783188000,257358.0,257877.0,257015.0,257016.0,0.148503
1783191600,257015.0,257885.0,257015.0,257734.0,0.164865
1783195200,257734.0,257885.0,257272.0,257381.0,0.03751
1783198800,257381.0,257934.0,257381.0,257626.0,0.020181
1783202400,257626.0,257626.0,257505.0,257505.0,0.04637
1783206000,257506.0,257506.0,256536.0,257058.0,0.072214
1783209600,257058.0,257171.0,256501.0,256501.0,0.562296
1783213200,256501.0,256502.0,256001.0,256092.0,0.29529
1783216800,256228.0,256228.0,255155.0,255361.0,0.800491
1783220400,255391.0,255715.0,255391.0,255626.0,0.850245
1783224000,255625.0,256308.0,255526.0,256124.0,0.241947
1783227600,256123.0,256123.0,255542.0,255682.0,0.306226
1783231200,255568.0,255942.0,255526.0,255807.0,0.787504
1783234800,255807.0,256813.0,255555.0,256813.0,0.751126
1783238400,256813.0,256955.0,256628.0,256635.0,0.180995
1783242000,256635.0,256635.0,255125.0,255347.0,0.552652
1783245600,255148.0,255723.0,255126.0,255708.0,0.089384
1783249200,255755.0,255820.0,255181.0,255435.0,0.143943
1783252800,255435.0,255777.0,255202.0,255656.0,0.788574
1783256400,255658.0,255951.0,255465.0,255718.0,0.25981
1783260000,255718.0,255718.0,255452.0,255456.0,0.160756
1783263600,255717.0,256416.0,255511.0,255646.0,0.386267
1783267200,255646.0,255733.0,255646.0,255646.0,0.478007
1783270800,255646.0,255648.0,255646.0,255646.0,0.110628
1783274400,255647.0,256066.0,255646.0,256012.0,0.036061
1783278000,256012.0,256249.0,255826.0,255841.0,0.041103
1783281600,255882.0,255882.0,255685.0,255694.0,0.014019
1783285200,255671.0,257089.0,255658.0,257089.0,0.09802
1783288800,257299.0,259815.0,256917.0,259001.0,0.773317
1783292400,259099.0,260257.0,259012.0,259014.0,0.641046
1783296000,259014.0,259458.0,258496.0,259417.0,0.836392
1783299600,259418.0,259857.0,258859.0,258860.0,0.486232
1783303200,258860.0,259015.0,258230.0,258231.0,0.415522
1783306800,258231.0,258233.0,257156.0,257679.0,0.636734
1783310400,257678.0,258016.0,257678.0,257764.0,0.47645
1783314000,257764.0,257764.0,256865.0,257178.0,0.519369
1783317600,257286.0,257286.0,256852.0,256853.0,0.307302
1783321200,256852.0,257197.0,256557.0,257197.0,0.515634
1783324800,257197.0,257617.0,256561.0,256561.0,0.400597
1783328400,256561.0,256562.0,255657.0,255679.0,0.294237
1783332000,255681.0,256868.0,255681.0,256313.0,0.395125
1783335600,256542.0,256771.0,255646.0,255646.0,0.712765
1783339200,255557.0,255557.0,252101.0,252461.0,1.801138
1783342800,252108.0,253323.0,251000.0,252683.0,1.574739
1783346400,252619.0,254958.0,252615.0,253606.0,0.568042
1783350000,253619.0,259490.0,253619.0,259490.0,0.634054
1783353600,259496.0,260257.0,258487.0,260121.0,1.359784
1783357200,260121.0,260500.0,259970.0,259970.0,0.475512
1783360800,259970.0,260500.0,259970.0,260284.0,0.361159
1783364400,260166.0,260500.0,260124.0,260480.0,0.105292
1783368000,260108.0,260479.0,259960.0,260479.0,0.531593
1783371600,260479.0,263000.0,260478.0,263000.0,0.713607
1783375200,262999.0,263000.0,262025.0,262100.0,0.413336
1783378800,262226.0,262531.0,261361.0,261362.0,0.443018
1783382400,261362.0,262216.0,261362.0,262156.0,0.713447
1783386000,262155.0,262155.0,260844.0,260844.0,1.094966
1783389600,260845.0,260845.0,259001.0,259001.0,0.483053
1783393200,259001.0,259049.0,258038.0,258346.0,0.659314
1783396800,258347.0,258668.0,256688.0,257995.0,0.81563
1783400400,257983.0,258455.0,256883.0,258333.0,0.622759
1783404000,258333.0,258997.0,257904.0,258865.0,0.185356
1783407600,258866.0,258975.0,258001.0,258001.0,0.33795
1783411200,258002.0,258028.0,257592.0,257676.0,0.456829
1783414800,257675.0,258412.0,257675.0,258274.0,0.267838
1783418400,258274.0,258879.0,258274.0,258559.0,0.658223
1783422000,258558.0,258827.0,257893.0,258827.0,1.004659
1783425600,258827.0,260400.0,258827.0,259119.0,0.873719
1783429200,259120.0,259120.0,257556.0,257600.0,1.148942
1783432800,257577.0,259342.0,256471.0,259342.0,0.920952
1783436400,259518.0,261500.0,259006.0,260909.0,0.252843
1783440000,261047.0,262000.0,260566.0,261439.0,0.68047
1783443600,261435.0,262000.0,261145.0,262000.0,0.312741
1783447200,262000.0,262000.0,260355.0,260355.0,0.163183
1783450800,260285.0,260570.0,259157.0,260570.0,0.165066
1783454400,260698.0,260698.0,259798.0,259799.0,0.058565
1783458000,260339.0,260622.0,259041.0,259041.0,0.062982
1783461600,259001.0,259907.0,258635.0,259901.0,0.197259
1783465200,259900.0,260151.0,259178.0,259179.0,0.274498
1783468800,259179.0,260506.0,259058.0,260207.0,0.238804
1783472400,260071.0,260236.0,257657.0,257916.0,0.226593
1783476000,257727.0,257810.0,256143.0,257634.0,0.484246
1783479600,257634.0,257917.0,256744.0,256745.0,0.587185
1783483200,256689.0,257118.0,256351.0,256881.0,0.262613
1783486800,256881.0,256882.0,256000.0,256000.0,0.410131
1783490400,256001.0,256194.0,255670.0,256014.0,0.807568
1783494000,255940.0,256788.0,255705.0,256683.0,0.747309
1783497600,256639.0,256735.0,253005.0,253323.0,0.789917
1783501200,253324.0,253968.0,252627.0,253633.0,0.831224
1783504800,253510.0,254090.0,251574.0,254090.0,0.555084
1783508400,253991.0,254727.0,253651.0,254653.0,0.311927
1783512000,254652.0,254890.0,253502.0,253503.0,0.212179
1783515600,253502.0,253766.0,251866.0,253191.0,0.531745
1783519200,253471.0,253999.0,252521.0,252638.0,0.814523
1783522800,252637.0,252940.0,252058.0,252320.0,0.524806
1783526400,252459.0,253999.0,252366.0,253999.0,0.220691
1783530000,253940.0,254960.0,253815.0,254016.0,0.061884
1783533600,254016.0,254813.0,254009.0,254197.0,0.054551
1783537200,254513.0,254525.0,254005.0,254431.0,0.083571
1783540800,254448.0,254493.0,254251.0,254251.0,0.016923
1783544400,254250.0,254443.0,253674.0,254245.0,0.065926
1783548000,254255.0,254671.0,254110.0,254671.0,0.316579
1783551600,254671.0,254764.0,254655.0,254734.0,0.132274
1783555200,254735.0,254735.0,253788.0,253843.0,0.338303
1783558800,253989.0,255810.0,253118.0,253118.0,0.665518
1783562400,253119.0,253795.0,252376.0,252656.0,0.433342
1783566000,252656.0,253740.0,252610.0,253560.0,0.185018
1783569600,253552.0,255152.0,253552.0,255151.0,0.174255
1783573200,255152.0,255909.0,254579.0,255650.0,0.345622
1783576800,255669.0,256957.0,255669.0,256957.0,0.373486
1783580400,257000.0,257983.0,256956.0,257375.0,0.536501
1783584000,257375.0,257375.0,256951.0,256952.0,0.446186
1783587600,256951.0,257082.0,256662.0,257082.0,0.148606
1783591200,257082.0,257090.0,256086.0,256402.0,0.626001
1783594800,256262.0,256541.0,255612.0,256060.0,0.23342
1783598400,256060.0,256826.0,255494.0,256053.0,0.573796
1783602000,256088.0,257941.0,255963.0,257497.0,0.356975
1783605600,257497.0,257748.0,256304.0,257746.0,0.609012
1783609200,257742.0,258299.0,257383.0,257394.0,0.33908
1783612800,257486.0,257597.0,256551.0,256555.0,0.21394
1783616400,256730.0,258250.0,256701.0,258220.0,0.088129
1783620000,258250.0,259440.0,258250.0,258782.0,0.233319
1783623600,258783.0,258900.0,258630.0,258885.0,0.083329
1783627200,258874.0,258874.0,258556.0,258867.0,0.086144
1783630800,258921.0,258921.0,258578.0,258579.0,0.26202
1783634400,258699.0,259174.0,258612.0,258617.0,0.178186
1783638000,258617.0,258965.0,258400.0,258839.0,0.110029
1783641600,258838.0,258838.0,257770.0,257821.0,0.191477
1783645200,257821.0,260534.0,257300.0,259878.0,0.858923
1783648800,260162.0,260283.0,259336.0,260281.0,1.177157
1783652400,260281.0,260281.0,259614.0,259925.0,0.587836
1783656000,259927.0,261000.0,259927.0,260999.0,0.654384
1783659600,260996.0,261000.0,260418.0,260743.0,0.649128
1783663200,260765.0,260783.0,259812.0,259825.0,0.229476
1783666800,259953.0,260507.0,259719.0,260467.0,0.320542
1783670400,260376.0,261853.0,260376.0,261331.0,0.974977
1783674000,261330.0,261998.0,261109.0,261925.0,0.502707
1783677600,261925.0,262000.0,261529.0,261992.0,0.878621
1783681200,262000.0,262000.0,261883.0,261998.0,0.683126
1783684800,261999.0,262500.0,261998.0,262053.0,0.525987
1783688400,262053.0,262936.0,261326.0,262574.0,0.937908
1783692000,262460.0,262521.0,260399.0,260528.0,1.013938
1783695600,260527.0,261188.0,260527.0,260862.0,0.216644
1783699200,260862.0,261187.0,260558.0,261050.0,0.258726
1783702800,261187.0,261188.0,259999.0,260256.0,0.936234
1783706400,260276.0,260576.0,260119.0,260119.0,0.061051
1783710000,259974.0,260960.0,259868.0,260396.0,0.06778
1783713600,260236.0,260236.0,259719.0,259989.0,0.078361
1783717200,259924.0,260453.0,259924.0,260435.0,0.025551
1783720800,260513.0,260912.0,260325.0,260912.0,0.451486
1783724400,260912.0,261282.0,260683.0,261281.0,0.135248
1783728000,261280.0,261284.0,261278.0,261284.0,0.06624
1783731600,261283.0,261760.0,260889.0,261080.0,0.23851
1783735200,261080.0,261080.0,261079.0,261080.0,0.090997
1783738800,261080.0,261534.0,261079.0,261512.0,0.362968
1783742400,261410.0,261516.0,261206.0,261316.0,0.183804
1783746000,261315.0,261600.0,260589.0,261506.0,0.816492
1783749600,261260.0,261793.0,261260.0,261638.0,0.298531
1783753200,261638.0,261747.0,261545.0,261672.0,0.199783
1783756800,261671.0,261792.0,261671.0,261792.0,0.165009
1783760400,261792.0,261794.0,261675.0,261681.0,0.186633
1783764000,261682.0,261794.0,261681.0,261794.0,0.200057
1783767600,261794.0,261800.0,261794.0,261799.0,0.188964
1783771200,261799.0,261800.0,261739.0,261740.0,0.125994
1783774800,261740.0,261773.0,261740.0,261773.0,0.202908
1783778400,261773.0,262732.0,261772.0,262707.0,0.415396
1783782000,262706.0,262717.0,261183.0,261471.0,0.512753
1783785600,261685.0,261751.0,261435.0,261611.0,0.133607
1783789200,261610.0,262166.0,261610.0,262000.0,0.058297
1783792800,261909.0,262155.0,261850.0,261850.0,0.018081
1783796400,261948.0,262108.0,261757.0,261757.0,0.008227
1783800000,261919.0,262265.0,261919.0,262181.0,0.017404
1783803600,262181.0,262233.0,262086.0,262086.0,0.208705
1783807200,262029.0,262226.0,261546.0,261546.0,0.113001
1783810800,261546.0,261656.0,260552.0,260627.0,0.227028
1783814400,260626.0,260626.0,260001.0,260012.0,0.638584
1783818000,260012.0,260624.0,260012.0,260624.0,0.778202
1783821600,260624.0,260998.0,260623.0,260962.0,0.222607
1783825200,260907.0,261000.0,260885.0,261000.0,0.144741
1783828800,261000.0,261261.0,260460.0,260486.0,0.198713
1783832400,260462.0,260619.0,260432.0,260526.0,0.180246
1783836000,260527.0,260527.0,259500.0,259855.0,0.177339
1783839600,259865.0,260311.0,259864.0,260260.0,0.29253
1783843200,260451.0,260988.0,260433.0,260622.0,0.120704
1783846800,260622.0,260785.0,260242.0,260661.0,0.189556
1783850400,260630.0,260630.0,260297.0,260346.0,0.125035
1783854000,260347.0,260922.0,260293.0,260921.0,0.272064
1783857600,260869.0,261097.0,260869.0,261001.0,0.107606
1783861200,261001.0,261170.0,261001.0,261011.0,0.323534
1783864800,261011.0,261702.0,260188.0,261675.0,0.801253
1783868400,261554.0,261846.0,261480.0,261585.0,0.115171
1783872000,261586.0,261616.0,261199.0,261597.0,0.092522
1783875600,261596.0,261596.0,261328.0,261434.0,0.047631
1783879200,261220.0,261357.0,261100.0,261357.0,0.015376
1783882800,261356.0,261547.0,261356.0,261433.0,0.017018
1783886400,261433.0,261593.0,261409.0,261593.0,0.010147
1783890000,261520.0,261612.0,260358.0,260358.0,0.041655
1783893600,260223.0,260324.0,259925.0,260324.0,0.448254
1783897200,260323.0,260497.0,259905.0,259995.0,0.210042
1783900800,259934.0,262060.0,259600.0,261105.0,0.455275
1783904400,261105.0,261105.0,259327.0,259327.0,0.901634
1783908000,259063.0,259133.0,258501.0,258680.0,0.736978
1783911600,258619.0,258658.0,256600.0,256602.0,0.56571
1783915200,256601.0,256938.0,256324.0,256324.0,0.359987
1783918800,256217.0,256680.0,255794.0,256455.0,0.35899
1783922400,256633.0,256807.0,256455.0,256708.0,0.231708
1783926000,256708.0,257465.0,256707.0,257322.0,0.694296
1783929600,257322.0,258015.0,257215.0,258005.0,0.555446
1783933200,257973.0,258042.0,257702.0,257806.0,0.903646
1783936800,257806.0,257994.0,257403.0,257403.0,0.440678
1783940400,257101.0,257866.0,257101.0,257186.0,0.530333
1783944000,257186.0,257290.0,256111.0,256112.0,0.18823
1783947600,256112.0,256369.0,254555.0,254856.0,0.837863
1783951200,254787.0,256001.0,254398.0,256000.0,0.979097
1783954800,256205.0,256814.0,256008.0,256009.0,0.174182
1783958400,256008.0,256008.0,254577.0,254691.0,0.330975
1783962000,254690.0,254775.0,253588.0,253588.0,0.85162
1783965600,253502.0,253752.0,253174.0,253752.0,0.203064
1783969200,253752.0,254334.0,253751.0,254334.0,0.097454
1783972800,254335.0,254495.0,253998.0,254018.0,0.037857
1783976400,254226.0,254226.0,253401.0,253861.0,0.061445
1783980000,253861.0,254236.0,253424.0,253424.0,0.212398
1783983600,253424.0,254657.0,253424.0,254657.0,0.363
1783987200,254658.0,255523.0,254656.0,255522.0,0.312377
1783990800,255523.0,255548.0,255318.0,255526.0,0.215783
1783994400,255526.0,255883.0,255169.0,255776.0,0.732907
1783998000,255776.0,255816.0,255126.0,255538.0,0.4638
1784001600,255538.0,256300.0,255538.0,256299.0,0.353316
1784005200,256299.0,256880.0,256299.0,256511.0,0.403382
1784008800,256511.0,256511.0,256004.0,256005.0,0.313117
1784012400,256044.0,256074.0,255952.0,255953.0,0.244697
1784016000,255953.0,256355.0,255824.0,256336.0,0.363118
1784019600,256336.0,256336.0,255825.0,255835.0,0.334425
1784023200,255834.0,256767.0,255834.0,256767.0,0.137353
1784026800,256659.0,256982.0,256290.0,256881.0,0.272853
1784030400,256881.0,260826.0,256547.0,260826.0,1.010534
1784034000,260994.0,261500.0,260197.0,260653.0,1.880648
1784037600,260700.0,262038.0,260065.0,262038.0,1.187285
1784041200,262119.0,264484.0,262119.0,263999.0,2.760468
1784044800,263999.0,264494.0,263738.0,264243.0,0.208103
1784048400,264185.0,264186.0,263001.0,263299.0,0.409212
1784052000,263299.0,263299.0,263049.0,263285.0,0.075844
1784055600,263285.0,263286.0,263285.0,263285.0,0.085965
1784059200,263285.0,263286.0,263049.0,263241.0,0.099185
1784062800,263241.0,264000.0,263240.0,263630.0,0.337407
1784066400,263629.0,264898.0,263269.0,264789.0,0.668621
1784070000,264788.0,264906.0,264519.0,264906.0,0.286502
1784073600,264906.0,264906.0,263849.0,264102.0,1.261233
1784077200,264102.0,264102.0,263333.0,263334.0,0.626972
1784080800,263334.0,263455.0,262000.0,262582.0,0.569327
1784084400,262690.0,263567.0,262549.0,263512.0,0.447123
1784088000,263512.0,263660.0,263511.0,263582.0,0.476994
1784091600,263582.0,263599.0,263069.0,263599.0,0.920002
1784095200,263600.0,264990.0,263600.0,263971.0,1.238249
1784098800,263970.0,263970.0,262807.0,262809.0,1.048615
1784102400,262809.0,263589.0,262809.0,263589.0,0.248884
1784106000,263589.0,263999.0,263441.0,263442.0,0.632264
1784109600,263442.0,263990.0,263441.0,263517.0,0.385676
1784113200,263516.0,263903.0,263516.0,263903.0,0.391361
1784116800,263903.0,265430.0,263713.0,265430.0,1.403383
1784120400,265431.0,266567.0,265000.0,265133.0,2.234806
1784124000,265433.0,266666.0,265433.0,266344.0,1.43241
1784127600,266200.0,266665.0,266199.0,266549.0,0.774396
1784131200,266550.0,266550.0,264283.0,265257.0,0.683679
1784134800,265258.0,265395.0,264811.0,265103.0,0.310364
1784138400,264936.0,265165.0,264884.0,264884.0,0.034591
1784142000,264378.0,264667.0,264136.0,264543.0,0.042655
1784145600,264622.0,264984.0,264583.0,264681.0,0.120057
1784149200,264599.0,264817.0,264090.0,264091.0,0.1468
1784152800,264082.0,264149.0,264005.0,264055.0,0.151909
1784156400,264056.0,264056.0,263907.0,263908.0,0.488183
1784160000,263908.0,263908.0,263001.0,263153.0,0.272797
1784163600,263152.0,264048.0,262581.0,264019.0,0.936259
1784167200,264020.0,264020.0,263258.0,263339.0,0.485376
1784170800,263340.0,263566.0,263251.0,263262.0,0.256409
1784174400,263262.0,263288.0,263261.0,263288.0,0.134908
1784178000,263288.0,264484.0,263287.0,264460.0,0.399848
1784181600,264461.0,264461.0,263355.0,263872.0,0.298854
1784185200,263871.0,263872.0,261501.0,261882.0,0.956073
1784188800,261882.0,262336.0,260840.0,261383.0,0.331396
1784192400,261382.0,261651.0,261219.0,261307.0,0.364942
1784196000,261374.0,261931.0,261371.0,261824.0,0.112452
1784199600,261824.0,262282.0,261824.0,262282.0,0.075497
1784203200,262377.0,262377.0,261001.0,261283.0,0.321349
1784206800,261283.0,263109.0,261283.0,262798.0,0.531476
1784210400,262798.0,264674.0,262742.0,263542.0,0.566747
1784214000,263617.0,264836.0,262904.0,264299.0,0.480592
1784217600,264092.0,264117.0,263207.0,263583.0,0.262692
1784221200,263375.0,263375.0,262000.0,262001.0,0.188132
1784224800,262001.0,262740.0,262000.0,262632.0,0.120257
1784228400,262692.0,262692.0,262418.0,262489.0,0.065575
1784232000,262528.0,262528.0,261990.0,261990.0,0.060408
1784235600,261969.0,262336.0,261965.0,261965.0,0.089656
1784239200,262232.0,262232.0,261500.0,261500.0,0.145551
1784242800,261501.0,261502.0,260900.0,261028.0,0.699208
1784246400,261027.0,261280.0,260521.0,261236.0,0.354419
1784250000,261489.0,261819.0,260011.0,260012.0,0.561384
1784253600,260012.0,260335.0,259464.0,259735.0,0.761517
1784257200,259791.0,260551.0,259791.0,260169.0,0.339823
1784260800,260044.0,260044.0,259268.0,259751.0,0.332141
1784264400,259712.0,259712.0,257582.0,257583.0,0.984352
1784268000,257583.0,257583.0,256834.0,257519.0,0.941453
1784271600,257519.0,257583.0,257382.0,257570.0,0.890652
1784275200,257569.0,257569.0,256933.0,257499.0,0.357596
1784278800,257500.0,258435.0,257500.0,258344.0,0.479832
1784282400,258343.0,258632.0,258271.0,258630.0,0.519262
1784286000,258629.0,259910.0,258629.0,259679.0,1.712645
1784289600,259594.0,259885.0,259215.0,259216.0,0.205976
1784293200,259216.0,259217.0,257501.0,259216.0,0.810708
1784296800,259217.0,260715.0,259217.0,260002.0,1.019762
1784300400,260001.0,260443.0,256235.0,260443.0,2.563276
1784304000,260443.0,261530.0,260443.0,261301.0,0.119557
1784307600,261448.0,263520.0,261230.0,262936.0,2.924344
1784311200,262861.0,263481.0,262513.0,263332.0,0.241738
1784314800,263306.0,263448.0,262638.0,262842.0,0.052589
1784318400,262524.0,262843.0,262513.0,262843.0,0.08344
1784322000,262795.0,262824.0,262780.0,262781.0,0.028436
1784325600,262781.0,262781.0,261922.0,262018.0,0.174865
1784329200,262012.0,262074.0,261782.0,261871.0,0.028559
1784332800,261945.0,262074.0,261829.0,261830.0,0.31774
1784336400,261830.0,262171.0,261829.0,262070.0,0.247783
1784340000,262077.0,262078.0,261762.0,261925.0,0.148439
1784343600,261925.0,261927.0,261925.0,261926.0,0.224743
1784347200,261926.0,275000.0,261926.0,263784.0,16.598168
1784350800,263785.0,263785.0,263121.0,263196.0,0.462302
1784354400,263197.0,263299.0,263196.0,263249.0,0.278993
1784358000,263250.0,263347.0,263249.0,263347.0,0.320858
1784361600,263337.0,263358.0,263306.0,263323.0,0.228438
1784365200,263323.0,263486.0,263322.0,263486.0,0.754238
1784368800,263470.0,263470.0,263467.0,263468.0,0.591629
1784372400,263468.0,263470.0,263468.0,263470.0,0.296356
1784376000,263470.0,264350.0,263469.0,264349.0,0.503574
1784379600,264308.0,264309.0,263493.0,263986.0,0.999062
1784383200,263986.0,264205.0,263985.0,264169.0,0.848954
1784386800,264169.0,264169.0,263981.0,263981.0,0.093837
1784390400,263982.0,264751.0,263981.0,264751.0,0.169646
1784394000,264751.0,265000.0,264738.0,265000.0,0.539139
1784397600,265000.0,266457.0,265000.0,265583.0,0.769538
1784401200,265823.0,266020.0,265759.0,265861.0,0.134144
1784404800,266012.0,266401.0,265862.0,266246.0,0.593333
1784408400,266384.0,266665.0,266231.0,266537.0,0.424103
1784412000,266558.0,266921.0,266558.0,266920.0,0.238975
1784415600,266909.0,267021.0,266596.0,266917.0,0.074789
1784419200,267001.0,267204.0,266739.0,266802.0,0.071915
1784422800,266803.0,266803.0,266726.0,266726.0,0.358515
1784426400,266727.0,267394.0,266700.0,266862.0,0.515813
1784430000,266752.0,266752.0,266234.0,266246.0,0.36772
1784433600,266246.0,266266.0,266232.0,266266.0,0.088091
1784437200,266268.0,266604.0,266267.0,266378.0,0.391899
1784440800,266378.0,266415.0,266288.0,266298.0,0.175795
1784444400,266297.0,266298.0,266296.0,266296.0,0.398732
1784448000,266297.0,266298.0,265980.0,266298.0,0.326584
1784451600,266298.0,266298.0,265500.0,265502.0,0.598966
1784455200,265502.0,266103.0,265501.0,265840.0,0.214254
1784458800,265839.0,265839.0,265501.0,265524.0,0.204623
1784462400,265524.0,265524.0,264576.0,264999.0,0.476352
1784466000,264999.0,265001.0,264667.0,265001.0,0.183181
1784469600,265001.0,265548.0,264500.0,265140.0,1.34034
1784473200,265375.0,265375.0,264434.0,265275.0,0.493413
1784476800,265275.0,265366.0,264888.0,265026.0,0.224372
1784480400,265102.0,265561.0,264307.0,265075.0,0.171348
1784484000,265075.0,265075.0,264000.0,264002.0,0.196446
1784487600,264002.0,264324.0,264000.0,264305.0,0.03944
1784491200,264351.0,264397.0,264322.0,264367.0,0.067168
1784494800,264405.0,264407.0,264000.0,264001.0,0.074541
1784498400,264001.0,267000.0,264001.0,266000.0,4.030918
1784502000,266001.0,266476.0,265531.0,265663.0,0.932921
1784505600,265663.0,266904.0,264409.0,264876.0,0.201414
1784509200,264876.0,266365.0,264697.0,265165.0,0.299024
1784512800,265674.0,266324.0,265100.0,266248.0,0.460991
1784516400,266248.0,266248.0,265301.0,265922.0,0.815836
1784520000,265973.0,265973.0,265253.0,265253.0,0.259112
1784523600,265250.0,265250.0,263308.0,263314.0,0.757106
1784527200,263314.0,263439.0,262066.0,262238.0,0.903897
1784530800,262239.0,263419.0,262238.0,263419.0,0.585542
1784534400,263419.0,263529.0,262057.0,262361.0,0.72143
1784538000,262492.0,263402.0,262492.0,263351.0,0.801081
1784541600,263351.0,263826.0,263163.0,263826.0,0.35134
1784545200,263821.0,266671.0,263786.0,266671.0,0.274008
1784548800,266520.0,266520.0,265021.0,265178.0,1.95725
1784552400,265299.0,265499.0,263574.0,263574.0,0.58184
1784556000,263575.0,264603.0,263000.0,263805.0,0.500379
1784559600,264132.0,268822.0,264132.0,268451.0,0.803991
1784563200,268800.0,268800.0,267821.0,268041.0,0.25713
1784566800,268048.0,268049.0,267822.0,268048.0,0.313119
1784570400,268049.0,268888.0,267312.0,267312.0,0.146396
1784574000,267312.0,267312.0,266457.0,266547.0,0.137899
1784577600,266421.0,267550.0,266421.0,267550.0,0.184422
1784581200,267418.0,267801.0,267107.0,267171.0,0.307264
1784584800,267257.0,267257.0,266600.0,266683.0,0.078046
1784588400,266683.0,267176.0,266683.0,267030.0,0.352681
1784592000,266866.0,268103.0,266627.0,268102.0,1.122316
1784595600,268102.0,268189.0,267012.0,267019.0,0.445136
1784599200,267019.0,267660.0,266757.0,267425.0,0.588759
1784602800,267425.0,268339.0,267391.0,268042.0,1.023327
1784606400,268042.0,268473.0,267917.0,268000.0,0.301313
1784610000,267999.0,268621.0,267770.0,268473.0,0.366851
1784613600,268500.0,270001.0,268500.0,269465.0,3.003987
1784617200,269440.0,271394.0,269440.0,271039.0,2.457063
1784620800,271008.0,271399.0,271000.0,271003.0,1.755908
1784624400,271003.0,271140.0,271000.0,271139.0,0.850104
1784628000,271139.0,271374.0,270664.0,270664.0,0.710826
1784631600,270638.0,270894.0,270608.0,270893.0,0.328657
1784635200,270867.0,271691.0,270735.0,271602.0,0.543667
1784638800,271611.0,272000.0,271038.0,272000.0,1.384433
1784642400,272000.0,272860.0,271999.0,272847.0,4.481317
1784646000,272671.0,272671.0,272000.0,272209.0,0.551918
1784649600,272093.0,272305.0,271601.0,271920.0,0.115721
1784653200,271714.0,271726.0,270317.0,270359.0,0.152232
1784656800,270217.0,270828.0,270217.0,270686.0,0.085531
1784660400,270686.0,271177.0,270685.0,271102.0,0.144066
1784664000,271095.0,271252.0,270972.0,271112.0,0.15754
1784667600,270773.0,271033.0,270644.0,270867.0,0.393558
1784671200,270848.0,270848.0,270302.0,270566.0,0.214243
1784674800,270566.0,271466.0,270380.0,271466.0,0.17185
1784678400,271466.0,272053.0,271466.0,271856.0,0.204289
1784682000,271857.0,271857.0,271000.0,271143.0,0.409639
1784685600,271144.0,271177.0,270822.0,270928.0,0.207268
1784689200,270929.0,270986.0,270501.0,270501.0,0.572568
1784692800,270501.0,271080.0,270500.0,271044.0,0.505244
1784696400,271046.0,271046.0,270000.0,270001.0,0.389047
1784700000,270001.0,270001.0,269868.0,269883.0,0.341674
1784703600,269998.0,269998.0,269108.0,269366.0,0.443387
1784707200,269365.0,270355.0,269365.0,269849.0,1.413811
1784710800,269735.0,270178.0,269320.0,269539.0,0.311216
1784714400,269685.0,270043.0,269557.0,269878.0,0.323021
1784718000,269878.0,269878.0,269602.0,269789.0,0.645113
1784721600,269789.0,269789.0,268387.0,268387.0,0.86295
1784725200,268418.0,269596.0,268227.0,269534.0,0.429921
1784728800,269534.0,270337.0,268500.0,268707.0,0.42617
1784732400,268763.0,270151.0,268763.0,270028.0,0.437297
1784736000,270028.0,270899.0,269642.0,270867.0,0.35897
1784739600,270868.0,270868.0,270155.0,270529.0,0.299196
1784743200,270361.0,270361.0,269306.0,269484.0,0.13371
1784746800,269531.0,269686.0,269165.0,269685.0,0.265514
1784750400,269678.0,269678.0,269274.0,269527.0,0.039586
1784754000,269518.0,270058.0,269492.0,269959.0,0.07388
1784757600,269904.0,270003.0,269529.0,270003.0,0.176854
1784761200,269863.0,269987.0,269481.0,269922.0,0.124576
1784764800,270217.0,270678.0,270011.0,270011.0,0.293756
1784768400,270011.0,270225.0,268867.0,268963.0,0.365891
1784772000,268963.0,268964.0,268801.0,268953.0,0.136564
1784775600,268954.0,268954.0,268300.0,268434.0,0.293231
1784779200,268434.0,268544.0,268300.0,268301.0,0.203848
1784782800,268300.0,268698.0,268300.0,268572.0,0.259975
1784786400,268573.0,268855.0,268302.0,268854.0,0.463511
1784790000,268855.0,268855.0,267580.0,267580.0,0.80504
1784793600,267581.0,268492.0,267581.0,268488.0,0.801542
1784797200,268481.0,268802.0,268481.0,268788.0,0.236962
1784800800,268788.0,268860.0,268701.0,268825.0,0.460763
1784804400,268825.0,268825.0,268649.0,268649.0,0.106649
1784808000,268650.0,268650.0,266581.0,266714.0,0.758263
1784811600,266890.0,266890.0,266001.0,266013.0,0.506085
1784815200,266012.0,266858.0,265690.0,265690.0,0.375573
1784818800,265754.0,266202.0,265151.0,266078.0,0.467416
1784822400,266035.0,266035.0,265150.0,265336.0,0.283456
1784826000,265316.0,265610.0,265301.0,265301.0,0.119704
1784829600,265301.0,265822.0,265164.0,265749.0,0.073955
1784833200,265816.0,265822.0,265277.0,265401.0,0.21443
1784836800,265760.0,266885.0,265760.0,266831.0,0.161165
1784840400,266831.0,266886.0,266430.0,266778.0,0.07431
1784844000,266811.0,267043.0,266595.0,266975.0,0.064545
1784847600,266975.0,267138.0,266966.0,267025.0,0.217366
1784851200,267025.0,267026.0,266086.0,266249.0,0.466795
1784854800,266249.0,267328.0,266249.0,267325.0,0.347443
1784858400,267321.0,267405.0,266696.0,267206.0,0.415053
1784862000,267206.0,268416.0,267205.0,268415.0,0.689019
1784865600,268415.0,268416.0,268281.0,268281.0,0.365097
1784869200,268280.0,268281.0,268220.0,268237.0,0.078475
1784872800,268237.0,268781.0,268236.0,268781.0,0.50949
1784876400,268799.0,269680.0,268123.0,268627.0,0.757495
1784880000,268626.0,268657.0,268193.0,268404.0,0.511731
1784883600,268404.0,268404.0,267001.0,267322.0,0.42456
1784887200,267323.0,267418.0,266686.0,266723.0,0.27248
1784890800,266724.0,267224.0,266252.0,267136.0,0.221159
1784894400,267231.0,267356.0,266201.0,266201.0,0.351808
1784898000,266201.0,266201.0,262840.0,263312.0,0.685492
1784901600,263381.0,263551.0,262168.0,262942.0,1.0077
1784905200,262979.0,263931.0,262406.0,263400.0,0.54182
1784908800,263400.0,263527.0,262540.0,262990.0,0.27068
1784912400,262821.0,263576.0,262775.0,263575.0,0.115639
1784916000,263576.0,263822.0,263515.0,263822.0,0.098809
1784919600,263822.0,263960.0,263635.0,263865.0,0.134169
1784923200,263865.0,263865.0,263704.0,263704.0,0.057988
1784926800,263704.0,263704.0,263703.0,263704.0,0.00731
1784930400,263704.0,263853.0,263703.0,263777.0,0.026225
1784934000,263714.0,263767.0,263714.0,263764.0,0.047205
1784937600,263764.0,263764.0,263700.0,263701.0,0.217342
1784941200,263701.0,263701.0,263341.0,263529.0,0.236895
1784944800,263530.0,263530.0,263340.0,263341.0,0.094606
1784948400,263340.0,263442.0,263340.0,263442.0,0.235296
1784952000,263442.0,263811.0,263442.0,263724.0,0.092014
1784955600,263763.0,263823.0,263341.0,263341.0,0.195922
1784959200,263342.0,263342.0,263201.0,263201.0,0.296849
1784962800,263202.0,263202.0,263200.0,263200.0,0.402337
1784966400,263201.0,263201.0,262400.0,262527.0,0.633689
1784970000,262528.0,263064.0,262429.0,263064.0,0.208425
1784973600,263063.0,263259.0,263063.0,263259.0,0.137315
1784977200,263269.0,263455.0,263258.0,263414.0,0.117553
1784980800,263342.0,263660.0,263312.0,263660.0,0.173794
1784984400,263660.0,264000.0,263660.0,263721.0,0.108212
1784988000,263798.0,264077.0,263670.0,264077.0,0.153761
1784991600,264072.0,264260.0,264020.0,264028.0,0.207578
1784995200,264028.0,264064.0,263885.0,264064.0,0.177478
1784998800,264064.0,264381.0,264064.0,264267.0,0.032967
1785002400,264311.0,264853.0,264311.0,264808.0,0.045314
1785006000,264861.0,264861.0,264840.0,264840.0,0.00565
1785009600,264814.0,264814.0,264566.0,264648.0,0.04788
1785013200,264567.0,264706.0,264403.0,264704.0,0.013009
1785016800,264705.0,264863.0,264705.0,264863.0,0.027029
1785020400,264863.0,264875.0,264862.0,264874.0,0.03677
1785024000,264874.0,265287.0,264864.0,265274.0,0.157247
1785027600,265348.0,265348.0,265062.0,265106.0,0.524275
1785031200,265106.0,265228.0,265009.0,265227.0,0.144003
1785034800,265246.0,265320.0,265168.0,265318.0,0.084636
1785038400,265319.0,265319.0,265301.0,265301.0,0.310158
1785042000,265302.0,265302.0,265122.0,265122.0,0.164952
1785045600,265123.0,265123.0,264559.0,265063.0,0.296629
1785049200,265063.0,265063.0,264831.0,264832.0,0.08604
1785052800,264832.0,265091.0,264831.0,265090.0,0.15014
1785056400,265090.0,265312.0,265090.0,265311.0,0.231638
1785060000,265254.0,265320.0,265253.0,265318.0,0.111459
1785063600,265319.0,265319.0,265318.0,265318.0,0.206998
1785067200,265318.0,265756.0,265168.0,265168.0,0.156079
1785070800,265168.0,265377.0,265087.0,265343.0,0.363429
1785074400,265344.0,266000.0,265344.0,265983.0,0.43551
1785078000,265991.0,266000.0,265983.0,266000.0,0.238618
1785081600,266000.0,266459.0,265998.0,266032.0,0.219432
1785085200,265986.0,266181.0,265985.0,265989.0,0.060084
1785088800,265989.0,266179.0,265988.0,266127.0,0.050757
1785092400,266127.0,266127.0,265993.0,265993.0,0.047479
1785096000,265993.0,265994.0,265983.0,265983.0,0.095585
1785099600,265984.0,266222.0,265983.0,266222.0,0.082233
1785103200,266847.0,268000.0,266847.0,267879.0,0.216435
1785106800,267931.0,268000.0,267649.0,267753.0,0.199483
1785110400,267817.0,267817.0,266219.0,266311.0,0.367062
1785114000,266289.0,266535.0,265505.0,266186.0,0.484879
1785117600,266187.0,266266.0,265934.0,266193.0,0.442775
1785121200,266189.0,266758.0,266189.0,266525.0,0.258664
1785124800,266525.0,266878.0,266443.0,266603.0,0.937117
1785128400,266604.0,266999.0,266466.0,266997.0,0.907071
1785132000,266998.0,267898.0,266916.0,266916.0,0.351589
1785135600,266927.0,266961.0,266462.0,266463.0,0.405995
1785139200,266316.0,266408.0,266315.0,266317.0,0.306451
1785142800,266316.0,266458.0,266316.0,266458.0,0.261835
1785146400,266458.0,267000.0,266405.0,266998.0,0.454349
1785150000,266998.0,266999.0,266200.0,266201.0,0.181633
1785153600,266201.0,266300.0,265339.0,266058.0,0.448677
1785157200,266058.0,268000.0,265744.0,266502.0,0.466459
1785160800,266502.0,266947.0,264319.0,264622.0,0.679535
1785164400,264622.0,265093.0,264065.0,264584.0,0.415232
1785168000,264585.0,265804.0,264527.0,265803.0,0.376186
1785171600,265804.0,266239.0,265386.0,266238.0,0.128044
1785175200,266239.0,266239.0,265547.0,265547.0,0.044241
1785178800,265548.0,266359.0,265548.0,266358.0,0.007849
1785182400,266358.0,266358.0,266063.0,266064.0,0.013337
1785186000,266064.0,266064.0,265948.0,265949.0,0.015721
1785189600,265948.0,265948.0,262188.0,262188.0,0.994439
1785193200,262187.0,262301.0,261316.0,261624.0,1.238671
1785196800,261624.0,261801.0,260857.0,260858.0,0.894627
1785200400,260850.0,260850.0,259016.0,259415.0,3.597552
1785204000,259311.0,259533.0,259294.0,259294.0,0.599966
1785207600,259295.0,259881.0,259294.0,259743.0,0.356494
1785211200,259743.0,259947.0,259743.0,259947.0,0.213382
1785214800,259947.0,260747.0,259947.0,260731.0,0.562857
1785218400,260731.0,260904.0,260601.0,260904.0,0.636973
1785222000,260904.0,260996.0,260556.0,260562.0,0.743629
1785225600,260563.0,260563.0,260376.0,260398.0,0.649071
1785229200,260398.0,260712.0,260397.0,260417.0,0.529876
1785232800,260417.0,260708.0,260397.0,260708.0,0.287364
1785236400,260707.0,260974.0,260417.0,260726.0,0.52178
1785240000,260726.0,260962.0,260613.0,260782.0,0.520114
1785243600,260782.0,260928.0,258495.0,259108.0,1.368448
1785247200,259107.0,260752.0,258893.0,260752.0,0.375165
1785250800,260751.0,262374.0,260001.0,261841.0,0.786509
1785254400,261841.0,261841.0,261173.0,261800.0,0.504825
1785258000,261800.0,261905.0,260474.0,260772.0,0.360878
1785261600,260772.0,261154.0,260772.0,260880.0,0.037288
1785265200,260880.0,261167.0,260780.0,260976.0,0.074923
1785268800,260976.0,261496.0,260976.0,261321.0,0.06237
1785272400,261321.0,261636.0,261320.0,261635.0,0.060994
1785276000,261636.0,261636.0,261315.0,261316.0,0.067625
1785279600,261316.0,261573.0,260700.0,261573.0,0.23951
1785283200,261573.0,262037.0,261478.0,261601.0,0.723788
1785286800,261504.0,261686.0,261001.0,261002.0,0.399851
1785290400,261002.0,262140.0,261000.0,261644.0,0.349556
1785294000,261643.0,261644.0,260615.0,260802.0,0.837176
1785297600,260802.0,261164.0,260289.0,261164.0,0.479353
1785301200,261164.0,261643.0,261114.0,261643.0,0.457108
1785304800,261642.0,263340.0,261642.0,263268.0,0.420936
1785308400,263268.0,263387.0,263267.0,263325.0,0.185399
1785312000,263386.0,263697.0,263214.0,263429.0,0.187293
1785315600,263429.0,264613.0,263427.0,264613.0,0.350415
1785319200,264613.0,264613.0,263657.0,263843.0,0.307428
1785322800,263843.0,264320.0,263842.0,264068.0,0.441651
1785326400,264068.0,264068.0,263360.0,263360.0,0.261766
1785330000,263359.0,264769.0,263008.0,264682.0,0.460694
1785333600,264683.0,264812.0,263022.0,263165.0,0.382208
1785337200,263165.0,263165.0,262274.0,262274.0,0.860973
1785340800,262274.0,262467.0,260896.0,261292.0,0.975821
1785344400,261011.0,262812.0,261011.0,262812.0,0.359953
1785348000,262812.0,264253.0,261442.0,263849.0,0.76072
1785351600,263849.0,264036.0,260372.0,260539.0,0.252764
1785355200,260538.0,260575.0,259797.0,260287.0,0.377176
1785358800,260235.0,260902.0,259113.0,260902.0,0.153943
1785362400,261077.0,262188.0,261077.0,261718.0,0.756995
1785366000,261718.0,262088.0,261716.0,261944.0,0.091121
1785369600,261943.0,262126.0,260868.0,260869.0,0.629306
1785373200,260869.0,262988.0,260869.0,262987.0,0.320765
1785376800,262988.0,263172.0,261630.0,262701.0,1.170011
1785380400,262700.0,262945.0,261037.0,262532.0,0.733621
1785384000,262532.0,262532.0,262500.0,262500.0,0.349199
1785387600,262501.0,262501.0,261237.0,261847.0,0.532395
1785391200,261863.0,261902.0,261623.0,261712.0,0.284047
1785394800,261769.0,261900.0,261684.0,261714.0,0.147336
1785398400,261714.0,262752.0,261713.0,262677.0,2.304085
1785402000,262591.0,263909.0,262439.0,263909.0,0.713881
1785405600,263908.0,263909.0,263795.0,263900.0,0.527889
1785409200,263900.0,264500.0,263871.0,264500.0,0.206528
1785412800,264500.0,265000.0,264500.0,265000.0,0.505296
1785416400,265000.0,265658.0,264463.0,265657.0,1.405998
1785420000,265658.0,265658.0,264132.0,264132.0,0.513097
1785423600,264133.0,264859.0,264000.0,264390.0,0.590425
1785427200,264391.0,264843.0,264391.0,264613.0,0.193708
1785430800,264613.0,265380.0,264613.0,264912.0,0.210778
1785434400,264912.0,264912.0,264800.0,264800.0,0.101422
1785438000,264801.0,264892.0,264800.0,264892.0,0.01975
1785441600,264892.0,264892.0,264800.0,264801.0,0.282669
1785445200,264801.0,264801.0,264606.0,264608.0,0.075604
1785448800,264608.0,265380.0,264607.0,264923.0,0.075275
1785452400,264922.0,265496.0,264610.0,264614.0,0.119695
1785456000,264614.0,264894.0,264284.0,264284.0,0.456508
1785459600,264305.0,266660.0,263835.0,263835.0,0.655207
1785463200,263727.0,263829.0,262583.0,262768.0,0.559198
1785466800,262767.0,263396.0,262502.0,263132.0,0.499982
1785470400,263133.0,263375.0,263106.0,263195.0,0.419976
1785474000,263195.0,263536.0,263194.0,263536.0,0.48749
1785477600,263535.0,263776.0,263001.0,263002.0,0.497454
1785481200,263000.0,263001.0,262001.0,262030.0,0.391353
1785484800,262010.0,262010.0,261716.0,261716.0,0.498345
1785488400,261715.0,261716.0,260500.0,261202.0,0.907167
1785492000,261202.0,261804.0,260946.0,261804.0,0.113918
1785495600,261804.0,262077.0,261804.0,261805.0,0.1409
1785499200,261805.0,261805.0,261000.0,261271.0,0.315598
1785502800,261271.0,261606.0,259549.0,259549.0,1.148979
1785506400,259465.0,259465.0,256588.0,257225.0,2.562096
1785510000,257069.0,257413.0,256651.0,257318.0,0.607206
1785513600,257317.0,257992.0,257317.0,257832.0,0.261367
1785517200,257826.0,259490.0,257673.0,259378.0,0.386022
1785520800,259568.0,259568.0,258808.0,259048.0,0.213084
1785524400,259033.0,259060.0,258526.0,258626.0,0.052061
1785528000,258627.0,258627.0,258501.0,258511.0,0.0587
1785531600,258510.0,258633.0,258308.0,258354.0,0.220077
1785535200,258349.0,258632.0,258268.0,258400.0,0.220346
1785538800,258349.0,258593.0,258281.0,258281.0,0.273995
1785542400,258281.0,258610.0,258281.0,258469.0,0.414141
1785546000,258469.0,258469.0,258356.0,258365.0,0.296773
1785549600,258366.0,258949.0,258366.0,258903.0,0.240069
1785553200,258904.0,258904.0,258542.0,258830.0,0.197296
1785556800,258830.0,258830.0,258679.0,258739.0,0.251913
1785560400,258739.0,258948.0,258707.0,258707.0,0.375111
1785564000,258708.0,258869.0,258642.0,258864.0,0.161689
1785567600,258864.0,258974.0,258655.0,258695.0,0.159845
1785571200,258816.0,258999.0,258815.0,258999.0,0.08755
1785574800,258999.0,259108.0,258864.0,258865.0,0.67587
1785578400,258865.0,258865.0,258816.0,258824.0,0.271636
1785582000,258823.0,258928.0,258822.0,258855.0,0.163934
1785585600,258856.0,258922.0,258835.0,258835.0,0.152185
1785589200,258835.0,258835.0,258816.0,258817.0,0.102084
1785592800,258817.0,258817.0,258655.0,258740.0,0.255003
1785596400,258740.0,258740.0,258500.0,258501.0,0.202259
1785600000,258501.0,258501.0,258036.0,258036.0,0.169231
1785603600,258231.0,258231.0,257371.0,257371.0,0.201576
1785607200,257370.0,257370.0,256001.0,256592.0,0.422705
1785610800,256748.0,256839.0,256616.0,256746.0,0.043717
1785614400,256746.0,257025.0,256746.0,257025.0,0.090839
1785618000,257262.0,257539.0,257262.0,257539.0,0.011174
1785621600,257552.0,257662.0,257552.0,257625.0,0.220846
1785625200,257661.0,257661.0,257391.0,257659.0,0.157876
1785628800,257775.0,258069.0,257774.0,257911.0,0.186397
1785632400,257911.0,258488.0,257910.0,258236.0,0.137749
1785636000,258237.0,260330.0,258236.0,260032.0,0.199474
1785639600,260084.0,260306.0,259893.0,260229.0,0.15111
1785643200,260253.0,260399.0,259762.0,260399.0,0.685057
1785646800,260399.0,260399.0,259771.0,259891.0,0.262233
1785650400,259891.0,260105.0,259888.0,260045.0,0.214006
1785654000,260045.0,260125.0,260044.0,260125.0,0.201773
1785657600,260125.0,260125.0,259022.0,259022.0,0.293577
1785661200,259023.0,259354.0,258577.0,259251.0,0.211451
1785664800,259251.0,259251.0,258539.0,258704.0,0.188496
1785668400,258692.0,258733.0,257900.0,257901.0,0.195215
1785672000,258019.0,258576.0,258019.0,258333.0,0.157817
1785675600,258334.0,258334.0,258000.0,258042.0,0.251755
1785679200,258042.0,258079.0,258000.0,258050.0,0.27592
1785682800,258051.0,258079.0,258001.0,258001.0,0.270983
1785686400,258001.0,258328.0,257900.0,257988.0,0.389655
1785690000,258145.0,258708.0,258145.0,258707.0,0.103154
1785693600,258708.0,259255.0,258580.0,258806.0,0.251392
1785697200,258812.0,259042.0,258788.0,259042.0,0.022506
1785700800,259042.0,259205.0,259042.0,259205.0,0.024056
1785704400,259205.0,260000.0,259205.0,259734.0,0.166443
1785708000,260027.0,260071.0,259153.0,259153.0,0.100029
1785711600,259153.0,259500.0,258975.0,259499.0,0.471933
1785715200,259500.0,259500.0,258399.0,258399.0,0.398298
1785718800,258315.0,258392.0,258048.0,258100.0,0.23951
1785722400,258213.0,258275.0,258100.0,258132.0,0.197617
1785726000,258105.0,258106.0,257500.0,257501.0,0.929932
1785729600,257501.0,257501.0,257200.0,257201.0,0.664353
1785733200,257201.0,257201.0,257000.0,257060.0,0.553737
1785736800,257060.0,257100.0,256342.0,256343.0,0.48406
1785740400,256316.0,256599.0,256166.0,256382.0,0.580074
1785744000,256383.0,256427.0,255580.0,256202.0,1.870437
1785747600,256244.0,257337.0,256201.0,257337.0,0.338766
1785751200,257399.0,257399.0,256992.0,257234.0,0.352207
1785754800,257234.0,257395.0,256686.0,256686.0,0.311128
1785758400,256686.0,257399.0,256685.0,257381.0,0.437846
1785762000,257381.0,259691.0,257190.0,259691.0,1.436761
1785765600,259501.0,261500.0,259086.0,261500.0,0.548064
1785769200,261522.0,261998.0,260801.0,260801.0,0.290254
1785772800,260947.0,261302.0,260812.0,261016.0,0.194291
1785776400,260770.0,261470.0,260770.0,261328.0,0.278236
1785780000,261328.0,261461.0,261030.0,261205.0,0.094942
1785783600,261272.0,261460.0,261272.0,261459.0,0.055291
1785787200,261133.0,261373.0,260860.0,260931.0,0.044444
1785790800,260931.0,260931.0,260271.0,260271.0,0.045624
1785794400,260272.0,260316.0,259677.0,259896.0,0.098893
1785798000,259896.0,259898.0,259633.0,259761.0,0.185556
1785801600,259760.0,260000.0,259293.0,259294.0,1.274022
1785805200,259354.0,261096.0,259354.0,261095.0,0.738643
1785808800,261096.0,261489.0,260587.0,261079.0,0.63334
1785812400,261043.0,261043.0,260662.0,260919.0,0.29679
1785816000,260918.0,261989.0,260860.0,261853.0,1.338819
1785819600,261691.0,261692.0,261015.0,261016.0,0.250256
1785823200,261016.0,261016.0,260365.0,260365.0,0.589288
1785826800,260365.0,260366.0,260006.0,260348.0,0.226712
1785830400,260345.0,260347.0,259459.0,259941.0,1.869653
1785834000,259889.0,260075.0,259836.0,260074.0,0.452937
1785837600,260075.0,260962.0,259660.0,260731.0,0.364842
1785841200,260730.0,261221.0,260626.0,261221.0,0.655013
1785844800,261220.0,261741.0,261220.0,261554.0,0.142169
1785848400,261507.0,261998.0,261178.0,261178.0,0.414204
1785852000,261179.0,262616.0,261001.0,262616.0,1.645757
1785855600,262741.0,262932.0,261794.0,262816.0,0.312296
1785859200,262733.0,262733.0,262069.0,262069.0,0.267072
1785862800,262498.0,262876.0,262366.0,262367.0,0.033772
1785866400,262276.0,263820.0,262276.0,263642.0,0.180305
1785870000,263642.0,263743.0,263642.0,263658.0,0.019328
1785873600,263648.0,263898.0,262804.0,263741.0,0.087959
1785877200,263761.0,263761.0,263216.0,263217.0,0.040874
1785880800,263237.0,263482.0,263162.0,263481.0,0.170216
1785884400,263481.0,264266.0,263000.0,263000.0,0.687425
1785888000,263001.0,263076.0,261167.0,262587.0,0.550602
1785891600,262587.0,263399.0,262489.0,263398.0,0.457834
1785895200,263399.0,263871.0,263399.0,263601.0,0.726369
1785898800,263602.0,263707.0,262416.0,262624.0,0.423576
1785902400,262624.0,262706.0,262253.0,262381.0,0.732431
1785906000,262381.0,263470.0,262380.0,263002.0,0.44659
1785909600,263022.0,263022.0,262750.0,262751.0,0.148889
1785913200,262750.0,262750.0,261693.0,262100.0,0.362569
1785916800,262101.0,262699.0,262101.0,262207.0,0.379576
1785920400,262207.0,262490.0,262206.0,262273.0,0.351797
1785924000,262273.0,262584.0,261826.0,261956.0,0.20432
1785927600,261956.0,262101.0,261956.0,262101.0,0.198035
1785931200,262101.0,263794.0,262101.0,263675.0,0.655641
1785934800,263676.0,263677.0,262088.0,263677.0,0.370108
1785938400,263676.0,263968.0,263408.0,263865.0,0.921084
1785942000,263994.0,264500.0,263674.0,263692.0,1.203376
1785945600,263692.0,264549.0,263692.0,264548.0,0.260893
1785949200,264549.0,264845.0,264074.0,264826.0,0.205664
1785952800,264817.0,264945.0,264585.0,264801.0,0.196383
1785956400,264801.0,265000.0,264800.0,265000.0,0.220558
1785960000,265000.0,265399.0,265000.0,265399.0,0.654444
1785963600,265076.0,265076.0,264589.0,264670.0,0.034408
1785967200,264650.0,264650.0,264584.0,264584.0,0.114017
1785970800,264585.0,264585.0,264303.0,264359.0,0.085959
1785974400,264359.0,264438.0,264126.0,264372.0,0.235179
1785978000,264372.0,264373.0,264000.0,264149.0,0.180227
1785981600,264059.0,264255.0,263802.0,264044.0,0.333028
1785985200,264095.0,264221.0,264045.0,264082.0,0.448201
1785988800,264082.0,264500.0,264082.0,264500.0,0.565416
1785992400,264500.0,265595.0,264499.0,265202.0,2.455481
1785996000,265202.0,265229.0,264467.0,264993.0,0.515451
1785999600,264983.0,265179.0,264827.0,265010.0,0.258107
1786003200,265010.0,265180.0,264994.0,265179.0,0.239333
1786006800,265179.0,265180.0,264347.0,264417.0,0.261297
1786010400,264398.0,264398.0,264135.0,264231.0,0.360713
1786014000,264208.0,264256.0,264014.0,264225.0,0.119457
1786017600,264224.0,264224.0,264000.0,264001.0,0.324023
1786021200,264000.0,264027.0,262734.0,263878.0,0.742576
1786024800,263775.0,265000.0,263751.0,264999.0,0.485594
1786028400,265000.0,265500.0,264494.0,264495.0,0.74933
1786032000,264493.0,264494.0,264187.0,264210.0,0.236443
1786035600,264209.0,264449.0,263967.0,263967.0,0.257006
1786039200,263949.0,263949.0,263167.0,263591.0,0.142098
1786042800,263224.0,263380.0,263183.0,263283.0,0.041319
1786046400,263521.0,263558.0,263256.0,263481.0,0.026317
1786050000,263203.0,263380.0,263183.0,263184.0,0.016266
1786053600,263184.0,263184.0,262742.0,262755.0,0.087573
1786057200,262786.0,262790.0,262248.0,262780.0,0.209592
1786060800,262779.0,262940.0,262597.0,262811.0,0.411671
1786064400,262997.0,263348.0,262896.0,263348.0,0.126258
1786068000,263349.0,263556.0,262802.0,263280.0,0.779031
1786071600,263219.0,263219.0,262675.0,262972.0,0.612896
1786075200,262973.0,263105.0,262603.0,262693.0,0.290071
1786078800,262734.0,263018.0,262501.0,262943.0,0.43187
1786082400,262952.0,263159.0,262868.0,262939.0,0.34968
1786086000,262939.0,262939.0,262833.0,262939.0,0.232738
1786089600,262939.0,263998.0,262938.0,263980.0,0.276785
1786093200,263980.0,265365.0,263979.0,264920.0,0.516533
1786096800,264927.0,265185.0,264920.0,265185.0,0.754903
1786100400,265185.0,265998.0,265185.0,265908.0,0.4273
1786104000,265907.0,266600.0,265800.0,266600.0,0.575427
1786107600,266599.0,266736.0,266410.0,266435.0,0.5795
1786111200,266435.0,266499.0,265235.0,265718.0,0.890439
1786114800,265718.0,265895.0,265435.0,265583.0,0.570077
1786118400,265583.0,265831.0,265010.0,265134.0,0.45961
1786122000,265134.0,265134.0,264263.0,264709.0,0.280927
1786125600,264888.0,265083.0,264888.0,265002.0,0.034636
1786129200,265021.0,265592.0,265021.0,265541.0,0.012231
1786132800,265532.0,265581.0,265424.0,265494.0,0.031957
1786136400,265494.0,265600.0,265457.0,265457.0,0.026324
1786140000,265457.0,265533.0,265271.0,265289.0,0.148462
1786143600,265289.0,265359.0,265288.0,265359.0,0.084384
1786147200,265359.0,265429.0,265289.0,265331.0,0.245768
1786150800,265349.0,265514.0,265348.0,265386.0,0.095807
1786154400,265386.0,265530.0,265349.0,265405.0,0.528291
1786158000,265406.0,265680.0,265405.0,265680.0,0.505295
1786161600,265700.0,265749.0,265626.0,265749.0,0.446688
1786165200,265749.0,265796.0,265723.0,265723.0,0.520683
1786168800,265795.0,265990.0,265731.0,265990.0,0.138495
1786172400,265923.0,265993.0,265857.0,265858.0,0.214921
1786176000,265858.0,266000.0,265857.0,266000.0,0.213574
1786179600,266000.0,266196.0,265999.0,266052.0,0.144482
1786183200,266051.0,266197.0,266051.0,266197.0,0.149234
1786186800,266197.0,266197.0,266054.0,266054.0,0.169542
1786190400,266053.0,266054.0,265921.0,265999.0,0.118683
1786194000,265998.0,265999.0,265998.0,265999.0,0.136046
1786197600,265998.0,266355.0,265998.0,266354.0,0.556444
1786201200,266354.0,266355.0,266352.0,266353.0,0.313288
1786204800,266352.0,266400.0,266352.0,266400.0,0.306688
1786208400,266400.0,266450.0,266399.0,266450.0,0.140145
1786212000,266450.0,266494.0,266449.0,266494.0,0.02274
1786215600,266494.0,266494.0,266493.0,266494.0,0.057632
1786219200,266494.0,266495.0,266494.0,266495.0,0.0372
1786222800,266494.0,266495.0,266494.0,266495.0,0.005056
1786226400,266495.0,266495.0,266322.0,266328.0,0.222808
1786230000,266327.0,266328.0,266327.0,266328.0,0.041297
1786233600,266327.0,266402.0,266327.0,266401.0,0.138203
1786237200,266402.0,266451.0,266084.0,266085.0,0.177523
1786240800,266001.0,266001.0,265905.0,265906.0,0.194337
1786244400,265905.0,265905.0,265552.0,265621.0,0.273849
1786248000,265621.0,265621.0,265620.0,265621.0,0.221701
1786251600,265621.0,265621.0,265489.0,265534.0,0.172165
1786255200,265534.0,265651.0,265533.0,265648.0,0.687586
1786258800,265648.0,265648.0,265615.0,265615.0,0.128983
1786262400,265616.0,265907.0,265615.0,265837.0,0.236679
1786266000,265837.0,265837.0,265801.0,265802.0,0.124747
1786269600,265802.0,266000.0,265801.0,266000.0,0.167904
1786273200,266099.0,266228.0,266098.0,266134.0,0.410444
1786276800,266134.0,266134.0,266098.0,266099.0,0.264242
1786280400,266158.0,266999.0,266158.0,266999.0,0.473157
1786284000,266999.0,266999.0,266832.0,266990.0,0.486693
1786287600,266989.0,266999.0,266989.0,266999.0,0.547644
1786291200,266998.0,267000.0,266998.0,266999.0,0.267796
1786294800,266999.0,266999.0,266998.0,266998.0,0.056886
1786298400,266998.0,266999.0,266998.0,266999.0,0.032472
1786302000,266999.0,266999.0,266998.0,266999.0,0.007819
1786305600,266998.0,266999.0,266997.0,266997.0,0.005122
1786309200,266998.0,266998.0,266997.0,266998.0,0.022507
1786312800,266997.0,267499.0,266405.0,266497.0,0.787843
1786316400,266451.0,266567.0,266000.0,266000.0,0.170888
1786320000,266000.0,267059.0,265830.0,265832.0,0.609216
1786323600,265831.0,266792.0,265617.0,266507.0,0.779178
1786327200,266507.0,266507.0,265532.0,266173.0,0.529045
1786330800,266172.0,266173.0,265556.0,265822.0,0.284566
1786334400,265821.0,265822.0,265528.0,265595.0,0.399282
1786338000,265594.0,265760.0,265500.0,265760.0,0.308419
1786341600,265760.0,266250.0,265760.0,266250.0,0.441053
1786345200,266250.0,266448.0,266249.0,266448.0,0.376466
1786348800,266447.0,266448.0,266387.0,266388.0,0.528581
1786352400,266387.0,266388.0,265966.0,265966.0,0.378188
1786356000,265966.0,265966.0,265856.0,265962.0,0.196811
1786359600,265962.0,265999.0,265962.0,265999.0,0.11385
1786363200,265999.0,266497.0,265315.0,265400.0,0.398026
1786366800,265400.0,265400.0,264376.0,264376.0,0.701128
1786370400,264376.0,265200.0,264376.0,265012.0,0.443938
1786374000,265012.0,265012.0,262502.0,263217.0,1.276435
1786377600,263217.0,263564.0,262046.0,262046.0,0.513764
1786381200,262047.0,262047.0,262008.0,262009.0,0.18272
1786384800,262008.0,262152.0,262008.0,262079.0,0.386446
1786388400,262079.0,262310.0,262079.0,262309.0,0.216055
1786392000,262310.0,262664.0,262309.0,262664.0,0.114342
1786395600,262768.0,262768.0,262413.0,262413.0,0.046642
1786399200,262401.0,262401.0,262333.0,262334.0,0.112068
1786402800,262333.0,262334.0,262330.0,262331.0,0.112444
1786406400,262330.0,262331.0,262330.0,262331.0,0.35654
1786410000,262331.0,262331.0,262124.0,262125.0,0.608485
1786413600,262124.0,262126.0,262110.0,262110.0,0.568243
1786417200,262111.0,262618.0,262110.0,262611.0,0.478874
1786420800,262610.0,262611.0,262610.0,262611.0,0.143808
1786424400,262611.0,262611.0,262518.0,262519.0,0.218738
1786428000,262519.0,262519.0,262195.0,262197.0,0.848555
1786431600,262197.0,262197.0,262196.0,262197.0,0.984917
1786435200,262197.0,262197.0,262196.0,262197.0,0.502056
1786438800,262196.0,262612.0,262196.0,262612.0,0.549569
1786442400,262695.0,262956.0,262653.0,262653.0,0.258649
1786446000,263000.0,263205.0,263000.0,263205.0,0.191273
1786449600,263206.0,263396.0,263148.0,263154.0,0.51115
1786453200,263154.0,263162.0,262296.0,262614.0,0.229521
1786456800,262614.0,262974.0,261551.0,261551.0,1.506027
1786460400,261550.0,261608.0,260544.0,260544.0,1.604859
1786464000,260544.0,260747.0,260544.0,260691.0,0.57659
1786467600,260691.0,260974.0,260614.0,260973.0,0.067817
1786471200,260974.0,260975.0,260122.0,260123.0,0.287958
1786474800,260123.0,260212.0,260100.0,260212.0,0.090323
1786478400,260439.0,261143.0,260439.0,261143.0,0.044216
1786482000,261143.0,261240.0,261143.0,261170.0,0.096601
1786485600,261170.0,261282.0,261150.0,261150.0,0.141553
1786489200,261151.0,261151.0,261026.0,261027.0,0.153757
1786492800,261027.0,261093.0,260917.0,261093.0,0.235899
1786496400,261093.0,261595.0,261092.0,261532.0,0.253973
1786500000,261531.0,261608.0,261523.0,261523.0,0.309508
1786503600,261523.0,261524.0,261210.0,261437.0,0.504333
1786507200,261437.0,261454.0,261412.0,261412.0,0.214387
1786510800,261412.0,261448.0,261412.0,261447.0,0.314125
1786514400,261447.0,261447.0,260891.0,260983.0,0.319308
1786518000,260982.0,261189.0,260982.0,261121.0,0.198742
1786521600,261123.0,261356.0,261108.0,261143.0,0.410226
1786525200,261143.0,261962.0,261129.0,261962.0,0.722132
1786528800,261998.0,262146.0,261930.0,262101.0,0.158089
1786532400,262319.0,262366.0,262048.0,262366.0,0.236127
1786536000,262366.0,263134.0,261738.0,262063.0,0.350755
1786539600,262178.0,262178.0,261244.0,261244.0,0.337336
1786543200,261090.0,261110.0,259360.0,259360.0,1.208502
1786546800,259329.0,259923.0,259261.0,259618.0,0.770652
1786550400,259601.0,259699.0,259502.0,259699.0,0.14064
1786554000,259698.0,259902.0,259605.0,259736.0,0.080314
1786557600,259616.0,259750.0,259604.0,259636.0,0.057671
1786561200,259636.0,259636.0,259579.0,259580.0,0.012028
1786564800,259832.0,259980.0,259815.0,259979.0,0.026953
1786568400,259980.0,259980.0,259789.0,259910.0,0.151224
1786572000,259910.0,259910.0,259580.0,259581.0,0.301206
1786575600,259580.0,259581.0,259553.0,259554.0,0.260062
1786579200,259554.0,260453.0,259554.0,260169.0,0.212744
1786582800,260031.0,260258.0,260000.0,260000.0,0.196213
1786586400,260000.0,260184.0,259878.0,260183.0,1.085765
1786590000,260183.0,260500.0,260183.0,260500.0,0.703449
1786593600,260500.0,260500.0,260433.0,260500.0,0.176951
1786597200,260500.0,261534.0,260499.0,261371.0,0.389965
1786600800,261371.0,261468.0,261215.0,261468.0,0.391139
1786604400,261468.0,261515.0,261369.0,261370.0,0.103576
1786608000,261370.0,261520.0,261370.0,261476.0,0.201867
1786611600,261477.0,261477.0,260715.0,260979.0,0.28417
1786615200,260979.0,260979.0,260593.0,260659.0,0.132394
1786618800,260659.0,260660.0,259897.0,259986.0,0.709809
1786622400,259986.0,260506.0,259986.0,260506.0,0.242011
1786626000,260508.0,260998.0,260108.0,260621.0,0.639533
1786629600,260663.0,261441.0,259999.0,261318.0,0.671156
1786633200,261311.0,261490.0,260006.0,260006.0,0.432537
1786636800,260006.0,260006.0,257878.0,258363.0,1.265112
1786640400,258393.0,258990.0,258393.0,258793.0,0.093698
1786644000,258715.0,259302.0,258715.0,259302.0,0.123333
1786647600,259837.0,259837.0,259610.0,259614.0,0.032484
1786651200,259615.0,259668.0,259388.0,259425.0,0.040645
1786654800,259455.0,259824.0,259455.0,259703.0,0.115287
1786658400,259786.0,260289.0,259786.0,260039.0,0.141843
1786662000,260040.0,260040.0,259739.0,259764.0,0.131915
1786665600,259763.0,259783.0,259751.0,259752.0,0.166603
1786669200,259752.0,259999.0,259751.0,259999.0,0.215102
1786672800,259998.0,260343.0,259834.0,259834.0,1.052056
1786676400,259834.0,260105.0,259500.0,259500.0,0.185532
1786680000,259500.0,259704.0,259500.0,259668.0,0.367733
1786683600,259667.0,259667.0,259336.0,259440.0,0.420466
1786687200,259440.0,259440.0,258251.0,258251.0,0.287535
1786690800,258252.0,258332.0,258002.0,258002.0,0.204005
1786694400,258002.0,258002.0,257391.0,257656.0,0.687228
1786698000,257655.0,257656.0,257318.0,257319.0,0.288614
1786701600,257318.0,257763.0,257318.0,257680.0,0.274583
1786705200,257680.0,257830.0,257679.0,257767.0,0.200838
1786708800,257766.0,257767.0,257601.0,257601.0,0.218691
1786712400,257601.0,257601.0,257060.0,257127.0,0.428734
1786716000,257127.0,257434.0,256869.0,256870.0,0.781677
1786719600,256998.0,258631.0,256998.0,258493.0,0.421024
1786723200,258444.0,259006.0,258381.0,259005.0,0.040029
1786726800,258999.0,259174.0,258935.0,258935.0,0.047905
1786730400,258743.0,258743.0,258331.0,258332.0,0.036347
1786734000,258331.0,258332.0,258049.0,258271.0,0.116977
1786737600,258271.0,258299.0,258116.0,258116.0,0.052998
1786741200,258116.0,258116.0,258051.0,258051.0,0.021733
1786744800,258052.0,258148.0,257842.0,257875.0,0.122784
1786748400,257875.0,258363.0,257875.0,258363.0,0.171846
1786752000,258363.0,258363.0,258351.0,258352.0,0.156255
1786755600,258352.0,258352.0,258351.0,258351.0,0.252348
1786759200,258352.0,258696.0,258352.0,258696.0,0.423406
1786762800,258695.0,258774.0,258695.0,258710.0,0.189632
1786766400,258710.0,258875.0,258709.0,258875.0,0.098823
1786770000,258875.0,258875.0,258742.0,258743.0,0.237466
1786773600,258743.0,258899.0,258742.0,258899.0,0.303471
1786777200,258899.0,258899.0,257875.0,258765.0,0.6237
1786780800,258766.0,258766.0,258485.0,258487.0,0.231559
1786784400,258487.0,258488.0,258313.0,258330.0,0.185052
1786788000,258330.0,258433.0,258329.0,258433.0,0.166823
1786791600,258439.0,258490.0,258439.0,258489.0,0.140266
1786795200,258490.0,258490.0,258443.0,258443.0,0.152217
1786798800,258444.0,258605.0,258444.0,258605.0,0.319499
1786802400,258605.0,258605.0,258604.0,258605.0,0.109758
1786806000,258605.0,258818.0,258604.0,258818.0,0.092483
1786809600,258818.0,258840.0,258817.0,258840.0,0.294622
1786813200,258840.0,258840.0,258819.0,258829.0,0.260446
1786816800,258830.0,258830.0,258828.0,258829.0,0.018442
1786820400,258828.0,258829.0,258828.0,258829.0,0.028658
1786824000,258829.0,258829.0,258828.0,258829.0,0.135143
1786827600,258828.0,258829.0,258828.0,258829.0,0.019741
1786831200,258829.0,258829.0,258828.0,258829.0,0.193307
1786834800,258829.0,258839.0,258828.0,258839.0,0.153115
1786838400,258838.0,258839.0,258838.0,258839.0,0.103872
1786842000,258839.0,258839.0,258828.0,258829.0,0.240913
1786845600,258829.0,258990.0,258828.0,258990.0,0.197667
1786849200,258990.0,258991.0,258989.0,258991.0,0.289
1786852800,258990.0,259168.0,258990.0,259075.0,0.30568
1786856400,259074.0,259075.0,258828.0,258828.0,0.232893
1786860000,258828.0,258829.0,258828.0,258829.0,0.198843
1786863600,258829.0,258829.0,258828.0,258828.0,0.111949
1786867200,258829.0,258829.0,258605.0,258693.0,0.5747
1786870800,258694.0,258694.0,258604.0,258605.0,0.142945
1786874400,258605.0,258605.0,258600.0,258600.0,0.123337
1786878000,258600.0,258601.0,258451.0,258452.0,0.325288
1786881600,258452.0,258503.0,258451.0,258503.0,0.14868
1786885200,258503.0,258664.0,258502.0,258664.0,0.406063
1786888800,258663.0,258698.0,258612.0,258694.0,0.36638
1786892400,258693.0,258694.0,258626.0,258627.0,1.706617
1786896000,258626.0,259187.0,258551.0,258672.0,1.229415
1786899600,258671.0,258671.0,258552.0,258552.0,0.057182
1786903200,258552.0,258552.0,258503.0,258504.0,0.018529
1786906800,258504.0,258518.0,258503.0,258503.0,0.061743
1786910400,258503.0,258503.0,258439.0,258439.0,0.046796
1786914000,258400.0,258400.0,257688.0,257893.0,0.096839
1786917600,257687.0,257687.0,257100.0,257289.0,0.236111
1786921200,257289.0,257710.0,257263.0,257393.0,0.254706
1786924800,257392.0,257436.0,257001.0,257326.0,0.372623
1786928400,257327.0,258512.0,257327.0,258162.0,0.296569
1786932000,258162.0,259131.0,258000.0,259131.0,0.580562
1786935600,259130.0,259131.0,258782.0,258955.0,0.128878
1786939200,259031.0,259136.0,258958.0,259135.0,0.256877
1786942800,259135.0,259177.0,258602.0,259017.0,0.816987
1786946400,258957.0,259447.0,258940.0,259200.0,0.552863
1786950000,259074.0,259074.0,258836.0,258868.0,0.171306
1786953600,258867.0,258867.0,258000.0,258001.0,0.393217
1786957200,258000.0,258130.0,257018.0,257609.0,1.335911
1786960800,257609.0,258814.0,257276.0,258814.0,0.214305
1786964400,258873.0,259000.0,258782.0,258809.0,0.531584
1786968000,258810.0,258810.0,258630.0,258693.0,0.171031
1786971600,258693.0,259168.0,258526.0,258868.0,0.767616
1786975200,258869.0,259038.0,258522.0,259038.0,1.19332
1786978800,259351.0,260892.0,259350.0,260656.0,0.821629
1786982400,260813.0,260813.0,260319.0,260442.0,0.114132
1786986000,260460.0,261255.0,260001.0,261255.0,0.072337
1786989600,261256.0,261996.0,261256.0,261758.0,0.080728
1786993200,261552.0,261661.0,261302.0,261302.0,0.017002
1786996800,261321.0,261642.0,261267.0,261635.0,0.043213
1787000400,261636.0,261636.0,261323.0,261612.0,0.012341
1787004000,261545.0,261566.0,261296.0,261297.0,0.11948
1787007600,261297.0,262000.0,261296.0,262000.0,0.328939
1787011200,262000.0,262000.0,261440.0,261446.0,0.227265
1787014800,261434.0,261434.0,260996.0,260996.0,0.361682
1787018400,260996.0,260996.0,260645.0,260645.0,0.25322
1787022000,260645.0,260646.0,260644.0,260646.0,0.350656
1787025600,260646.0,260839.0,260645.0,260838.0,0.439515
1787029200,260839.0,260999.0,260813.0,260964.0,0.275669
1787032800,260965.0,261550.0,260964.0,261235.0,0.686432
1787036400,261236.0,261262.0,261204.0,261205.0,0.506625
1787040000,261203.0,261203.0,260919.0,261183.0,0.300705
1787043600,261183.0,261183.0,260916.0,260917.0,0.534803
1787047200,260917.0,260986.0,260916.0,260985.0,0.270524
1787050800,260985.0,261569.0,260985.0,261496.0,0.234012
1787054400,261495.0,261496.0,261490.0,261490.0,0.151947
1787058000,261490.0,261490.0,261000.0,261125.0,0.371566
1787061600,261150.0,264000.0,261150.0,263204.0,1.077298
1787065200,263201.0,263649.0,262856.0,263562.0,0.806939
1787068800,263625.0,263625.0,263000.0,263315.0,0.152801
1787072400,263316.0,263316.0,263002.0,263002.0,0.106205
1787076000,263001.0,263307.0,262662.0,263171.0,0.07981
1787079600,263012.0,263043.0,262854.0,262855.0,0.014009
1787083200,262854.0,262854.0,262600.0,262601.0,0.030721
1787086800,262707.0,262707.0,262299.0,262412.0,0.152224
1787090400,262455.0,262556.0,262225.0,262512.0,0.179838
1787094000,262545.0,262971.0,262530.0,262784.0,0.166213
1787097600,262784.0,262784.0,262233.0,262234.0,0.298954
1787101200,262234.0,262234.0,261648.0,261829.0,0.530064
1787104800,261784.0,261785.0,261556.0,261556.0,0.438037
1787108400,261555.0,261739.0,261494.0,261495.0,0.398143
1787112000,261495.0,261549.0,261487.0,261487.0,0.160984
1787115600,261488.0,261550.0,261488.0,261490.0,0.530937
1787119200,261490.0,261536.0,261451.0,261536.0,0.628143
1787122800,261536.0,261578.0,261535.0,261577.0,0.423727
1787126400,261577.0,261996.0,261501.0,261996.0,0.25969
1787130000,261995.0,262008.0,261819.0,261868.0,0.219476
1787133600,261953.0,261974.0,261893.0,261974.0,0.201279
1787137200,262065.0,262332.0,262065.0,262227.0,0.163229
1787140800,262227.0,263864.0,262226.0,263687.0,1.067152
1787144400,263594.0,264849.0,263378.0,264396.0,0.978329
1787148000,264395.0,267000.0,264395.0,267000.0,1.761473
1787151600,267000.0,280720.0,267000.0,277517.0,10.565111
1787155200,277552.0,278997.0,277552.0,277990.0,2.973027
1787158800,277990.0,277991.0,275406.0,276694.0,1.335944
1787162400,276584.0,277361.0,276200.0,277073.0,0.266425
1787166000,277118.0,277153.0,276230.0,276982.0,0.229926
1787169600,276981.0,280500.0,276981.0,279717.0,1.192814
1787173200,279183.0,282298.0,279183.0,281752.0,1.941342
1787176800,281866.0,281866.0,279038.0,279398.0,1.275085
1787180400,279399.0,280000.0,279171.0,279471.0,1.437267
1787184000,279470.0,280499.0,279470.0,279551.0,1.329776
1787187600,279551.0,280691.0,279400.0,279916.0,1.079221
1787191200,280180.0,280265.0,278888.0,278915.0,1.713542
1787194800,278888.0,278889.0,277794.0,278426.0,1.269329
1787198400,278417.0,279694.0,278403.0,279512.0,0.686025
1787202000,279512.0,279898.0,279346.0,279347.0,0.582216
1787205600,279346.0,280997.0,279346.0,280899.0,1.20139
1787209200,280830.0,281000.0,280236.0,280858.0,0.812235
1787212800,280858.0,288688.0,280857.0,288245.0,2.955403
1787216400,288245.0,289799.0,287627.0,288793.0,2.571311
1787220000,288775.0,290999.0,288766.0,289419.0,3.078123
1787223600,289420.0,290501.0,287563.0,288952.0,2.22278
1787227200,288941.0,289196.0,287276.0,288415.0,1.393342
1787230800,288415.0,289186.0,286307.0,287959.0,1.096522
1787234400,287960.0,288723.0,287011.0,288141.0,1.635956
1787238000,288344.0,291000.0,288172.0,290291.0,1.702994
1787241600,290292.0,290992.0,288518.0,290058.0,1.099519
1787245200,289897.0,290994.0,288000.0,289998.0,1.720699
1787248800,289561.0,290000.0,288001.0,288685.0,0.426557
1787252400,288681.0,289998.0,288000.0,289996.0,0.405922
1787256000,289996.0,290999.0,288725.0,289080.0,0.234448
1787259600,290980.0,290980.0,288001.0,288564.0,0.556022
1787263200,289623.0,289623.0,288014.0,289007.0,0.765464
1787266800,289008.0,293270.0,289007.0,293270.0,2.365298
1787270400,293278.0,296160.0,293277.0,295889.0,3.04963
1787274000,295651.0,302296.0,295651.0,300714.0,4.999786
1787277600,300714.0,301352.0,298676.0,298677.0,1.863918
1787281200,298677.0,299998.0,298000.0,299627.0,1.354948
1787284800,299304.0,300967.0,299000.0,300398.0,1.654602
1787288400,300398.0,301999.0,300004.0,301997.0,1.726046
1787292000,301998.0,302716.0,300941.0,302693.0,1.490088
1787295600,302690.0,307441.0,302081.0,305563.0,4.416319
1787299200,306319.0,314000.0,306266.0,313998.0,4.940163
1787302800,314000.0,314000.0,308202.0,310500.0,2.80448
1787306400,310500.0,311996.0,309164.0,311151.0,2.073842
1787310000,311381.0,311464.0,307065.0,307477.0,2.360355
1787313600,307478.0,309999.0,306999.0,309240.0,2.172462
1787317200,309247.0,310979.0,305000.0,309774.0,2.483822
1787320800,309397.0,309999.0,306987.0,309999.0,1.654801
1787324400,309999.0,311500.0,309476.0,309476.0,2.041334
1787328000,309592.0,310785.0,306371.0,310778.0,1.244479
1787331600,310777.0,311488.0,310070.0,310544.0,0.662956
1787335200,310400.0,310823.0,307662.0,308602.0,0.537346
1787338800,309317.0,309877.0,308410.0,308946.0,0.19007
1787342400,308437.0,310353.0,308437.0,309993.0,0.078287
1787346000,310001.0,312000.0,309879.0,311833.0,0.685597
1787349600,311792.0,313000.0,310000.0,312100.0,2.217273
1787353200,312034.0,312487.0,311466.0,312185.0,0.727539
1787356800,312195.0,312487.0,309310.0,310029.0,1.74039
1787360400,310029.0,311399.0,309753.0,310336.0,1.240218
1787364000,310292.0,310999.0,309753.0,310998.0,1.17281
1787367600,311000.0,313498.0,310222.0,312299.0,3.308067
1787371200,312268.0,312745.0,311301.0,312736.0,1.508265
1787374800,312735.0,312746.0,307500.0,309997.0,6.871482
1787378400,309998.0,311352.0,308305.0,310455.0,3.318731
1787382000,310454.0,311184.0,310231.0,310496.0,0.984948
1787385600,310495.0,310982.0,310000.0,310126.0,1.434643
1787389200,310126.0,310868.0,309104.0,309246.0,1.269864
1787392800,309560.0,309560.0,305000.0,308218.0,2.324934
1787396400,308218.0,308218.0,306303.0,306953.0,0.886511
1787400000,307565.0,308883.0,307279.0,308883.0,0.479472
1787403600,308882.0,309000.0,307018.0,308075.0,1.305049
1787407200,308075.0,308075.0,300000.0,307108.0,1.342134
1787410800,307181.0,307386.0,298500.0,305190.0,1.713743
1787414400,305189.0,306998.0,303860.0,306834.0,0.45124
1787418000,306997.0,307001.0,306060.0,307000.0,0.302168
1787421600,307210.0,307499.0,306080.0,307131.0,0.357305
1787425200,307131.0,307299.0,306782.0,307119.0,0.159421
1787428800,307120.0,307120.0,307075.0,307119.0,0.025207
1787432400,306633.0,307118.0,300250.0,305065.0,0.504648
1787436000,305065.0,307118.0,305065.0,306407.0,0.12317
1787439600,306087.0,306087.0,305711.0,305831.0,0.219954
1787443200,305838.0,307120.0,305711.0,307117.0,0.787851
1787446800,307115.0,307300.0,305891.0,307299.0,0.595309
1787450400,307299.0,307300.0,301024.0,306268.0,1.289319
1787454000,306268.0,306981.0,303888.0,306226.0,0.941479
1787457600,306148.0,306148.0,305006.0,305250.0,0.544008
1787461200,305250.0,305310.0,302100.0,302881.0,1.375186
1787464800,302792.0,304217.0,300000.0,303525.0,1.397368
1787468400,303525.0,304280.0,302632.0,304001.0,1.153869
1787472000,304001.0,305110.0,303267.0,305109.0,0.836467
1787475600,305110.0,306267.0,305110.0,306155.0,0.898332
1787479200,306156.0,306980.0,305884.0,306980.0,0.627756
1787482800,306980.0,308076.0,306374.0,308076.0,0.649401
1787486400,308076.0,308385.0,307061.0,308126.0,0.360416
1787490000,308384.0,309999.0,307805.0,309919.0,1.399977
1787493600,309920.0,310000.0,308500.0,309562.0,1.836711
1787497200,309561.0,310000.0,309300.0,309710.0,0.708868
1787500800,309709.0,310098.0,309709.0,310098.0,1.076877
1787504400,310097.0,310097.0,309276.0,309570.0,0.863144
1787508000,309570.0,309979.0,309407.0,309720.0,0.08907
1787511600,309683.0,310000.0,309683.0,309987.0,0.034058
1787515200,309828.0,310000.0,309707.0,309999.0,0.080373
1787518800,310000.0,311934.0,310000.0,310871.0,0.212815
1787522400,311200.0,311200.0,309833.0,310430.0,0.21619
1787526000,310640.0,311002.0,309078.0,311002.0,0.375554
1787529600,311197.0,311200.0,309608.0,310615.0,0.509539
1787533200,310980.0,311199.0,309300.0,309300.0,1.104164
1787536800,309301.0,310999.0,309022.0,310437.0,0.728012
1787540400,310437.0,310437.0,309232.0,309579.0,0.828342
1787544000,309649.0,310396.0,309000.0,309001.0,0.56896
1787547600,309050.0,310435.0,309050.0,310291.0,0.577006
1787551200,310291.0,311810.0,310124.0,311751.0,1.631012
1787554800,311808.0,312506.0,311156.0,311157.0,1.06293
1787558400,311157.0,311385.0,309761.0,310337.0,0.495853
1787562000,310337.0,312500.0,310336.0,312500.0,0.739998
1787565600,312500.0,313888.0,312500.0,312636.0,1.318875
1787569200,312636.0,316000.0,312475.0,315810.0,3.274336
1787572800,315622.0,319000.0,314456.0,318889.0,1.709432
1787576400,318889.0,319200.0,314277.0,316479.0,2.090232
1787580000,316479.0,321000.0,316479.0,320012.0,3.606053
1787583600,320079.0,321606.0,317835.0,318239.0,1.82146
1787587200,318658.0,321098.0,317407.0,318481.0,1.61607
1787590800,318481.0,318586.0,316289.0,316290.0,1.669595
1787594400,316290.0,318136.0,316290.0,317600.0,0.162487
1787598000,318040.0,318040.0,316802.0,316862.0,0.06863
1787601600,316664.0,317748.0,316105.0,317583.0,0.111337
1787605200,317584.0,317861.0,317575.0,317860.0,0.13878
1787608800,317814.0,317815.0,316001.0,317002.0,0.235595
1787612400,317002.0,317690.0,316477.0,317638.0,0.168066
1787616000,317638.0,320817.0,317006.0,320816.0,0.668656
1787619600,320817.0,320999.0,319887.0,320778.0,1.134705
1787623200,320778.0,325000.0,320777.0,324042.0,5.739913
1787626800,324043.0,324979.0,323500.0,323507.0,1.340991
1787630400,323707.0,323858.0,323000.0,323269.0,0.800087
1787634000,323322.0,324876.0,323118.0,324872.0,0.480746
1787637600,324873.0,325000.0,324243.0,324243.0,0.795609
1787641200,324244.0,324997.0,320001.0,321144.0,1.091005
1787644800,321144.0,322974.0,321062.0,321845.0,0.739233
1787648400,321846.0,321846.0,318685.0,318688.0,1.018421
1787652000,319088.0,319999.0,318560.0,319782.0,0.300918
1787655600,319781.0,319998.0,319005.0,319450.0,0.558437
1787659200,319450.0,319450.0,318001.0,318697.0,0.950299
1787662800,318698.0,319165.0,316000.0,316890.0,1.472516
1787666400,317149.0,319999.0,317149.0,319839.0,0.792945
1787670000,319834.0,320250.0,319228.0,320250.0,0.615416
1787673600,320396.0,320718.0,319274.0,319487.0,0.326344
1787677200,319486.0,319559.0,318027.0,319554.0,0.160718
1787680800,319554.0,319832.0,319297.0,319506.0,0.125277
1787684400,319506.0,319507.0,317852.0,318413.0,0.161889
1787688000,318524.0,318524.0,316258.0,316258.0,0.212639
1787691600,316258.0,317450.0,315501.0,317450.0,0.386808
1787695200,317447.0,318486.0,317446.0,318472.0,0.198393
1787698800,318473.0,318609.0,316895.0,317139.0,0.362269
1787702400,317139.0,317500.0,316254.0,317500.0,0.990576
1787706000,317500.0,318123.0,317499.0,317706.0,1.090987
1787709600,317706.0,318875.0,317002.0,318556.0,1.343807
1787713200,318555.0,318556.0,318008.0,318171.0,1.084263
1787716800,318171.0,318447.0,317628.0,317628.0,0.519998
1787720400,317629.0,318283.0,317022.0,318126.0,0.582647
1787724000,318154.0,318283.0,317598.0,317654.0,0.478905
1787727600,317625.0,317948.0,317551.0,317699.0,0.169732
1787731200,317641.0,317919.0,314932.0,316467.0,2.303994
1787734800,316405.0,316928.0,315095.0,315616.0,0.844926
1787738400,315617.0,316799.0,315260.0,316634.0,0.718968
1787742000,316633.0,316633.0,315287.0,315610.0,0.333307
1787745600,315609.0,316228.0,314022.0,315099.0,0.761052
1787749200,314814.0,315933.0,313766.0,315355.0,1.760989
1787752800,315355.0,315986.0,312556.0,312648.0,1.181664
1787756400,312631.0,313727.0,312203.0,313346.0,1.329129
1787760000,313346.0,313725.0,313199.0,313367.0,0.622937
1787763600,313363.0,315005.0,313363.0,314999.0,0.584759
1787767200,314998.0,315366.0,314645.0,314785.0,0.122582
1787770800,314980.0,315216.0,314507.0,315212.0,0.045205
1787774400,315204.0,315204.0,314271.0,314859.0,0.118556
1787778000,314860.0,316001.0,314860.0,315966.0,0.117156
1787781600,315966.0,316424.0,315642.0,315642.0,0.574939
1787785200,315742.0,317555.0,315742.0,317300.0,0.207489
1787788800,317301.0,317301.0,316520.0,316521.0,0.45579
1787792400,316500.0,317328.0,316231.0,317304.0,0.337215
1787796000,317148.0,317244.0,316444.0,316456.0,0.465869
1787799600,316451.0,317042.0,316275.0,316876.0,0.675559
1787803200,316876.0,316968.0,316660.0,316661.0,0.445617
1787806800,316661.0,316885.0,316300.0,316881.0,0.372103
1787810400,317015.0,317015.0,316379.0,316699.0,0.454139
1787814000,316699.0,317699.0,316695.0,317699.0,1.139197
1787817600,317699.0,321345.0,317699.0,320545.0,2.56561
1787821200,320545.0,322800.0,320332.0,321419.0,1.092457
1787824800,321421.0,321832.0,319452.0,319971.0,0.848737
1787828400,319972.0,320426.0,318864.0,319227.0,0.985294
1787832000,319227.0,319363.0,318589.0,318751.0,0.325968
1787835600,318751.0,319330.0,317719.0,319330.0,0.393136
1787839200,319486.0,322604.0,319100.0,322390.0,1.678681
1787842800,322388.0,324000.0,322033.0,322862.0,1.263335
1787846400,322861.0,323632.0,322584.0,323150.0,0.705171
1787850000,323067.0,324500.0,322581.0,323549.0,0.459877
1787853600,323500.0,323501.0,320982.0,321902.0,0.542364
1787857200,322047.0,322365.0,321571.0,321571.0,0.066698
1787860800,321394.0,321783.0,321394.0,321658.0,0.040848
1787864400,321769.0,321888.0,321750.0,321888.0,0.065212
1787868000,321888.0,322898.0,321888.0,322595.0,0.473178
1787871600,322595.0,322655.0,320023.0,322456.0,0.849377
1787875200,322456.0,323500.0,322346.0,323484.0,0.864427
1787878800,323441.0,325998.0,323177.0,323180.0,3.23499
1787882400,323106.0,323106.0,320627.0,320869.0,0.60144
1787886000,320869.0,321306.0,320144.0,320507.0,0.922551
1787889600,320508.0,320869.0,320000.0,320197.0,0.912269
1787893200,320189.0,320741.0,320094.0,320739.0,0.291567
1787896800,320740.0,321212.0,320740.0,321206.0,0.839236
1787900400,321207.0,321207.0,320240.0,320241.0,0.605415
1787904000,320241.0,320852.0,320007.0,320007.0,0.571551
1787907600,320007.0,320007.0,319016.0,319016.0,0.655272
1787911200,319016.0,319415.0,318400.0,319415.0,0.693842
1787914800,319415.0,320300.0,319415.0,319913.0,0.165093
1787918400,319913.0,320148.0,318000.0,319167.0,0.964767
1787922000,319167.0,319350.0,318001.0,319350.0,0.608039
1787925600,319350.0,320038.0,316000.0,319885.0,1.101901
1787929200,319743.0,320717.0,315655.0,315655.0,0.881553
1787932800,315655.0,315655.0,310101.0,313301.0,3.801561
1787936400,313301.0,314119.0,312693.0,313490.0,0.285688
1787940000,313491.0,313491.0,311166.0,311871.0,0.544745
1787943600,312129.0,312811.0,311850.0,312092.0,0.124713
1787947200,312105.0,312183.0,311699.0,311700.0,0.088714
1787950800,311699.0,311700.0,311331.0,311332.0,0.275217
1787954400,311332.0,312764.0,311332.0,312631.0,0.303878
1787958000,312743.0,312747.0,312729.0,312747.0,0.502862
1787961600,312747.0,313452.0,312747.0,313402.0,0.459063
1787965200,313402.0,313402.0,312910.0,313243.0,0.312178
1787968800,313242.0,313243.0,313025.0,313026.0,0.371337
1787972400,313025.0,313026.0,313024.0,313024.0,0.275134
1787976000,313024.0,313025.0,313024.0,313025.0,0.214491
1787979600,313025.0,313025.0,313024.0,313025.0,0.357575
1787983200,313025.0,313025.0,312701.0,312701.0,0.33061
1787986800,312702.0,312778.0,312701.0,312778.0,0.222012
1787990400,312778.0,313240.0,312777.0,313238.0,0.871429
1787994000,313237.0,313356.0,313237.0,313332.0,0.401441
1787997600,313332.0,313373.0,313331.0,313372.0,0.247684
1788001200,313373.0,313373.0,313371.0,313371.0,0.315321
1788004800,313371.0,313372.0,313301.0,313302.0,0.208807
1788008400,313302.0,313368.0,313301.0,313368.0,0.299105
1788012000,313368.0,314799.0,313367.0,314799.0,0.371113
1788015600,314799.0,314799.0,314002.0,314002.0,0.620722
1788019200,314002.0,314792.0,314002.0,314707.0,0.651982
1788022800,314707.0,314707.0,314705.0,314706.0,0.053942
1788026400,314706.0,315000.0,314706.0,315000.0,0.182303
1788030000,315000.0,315327.0,315000.0,315261.0,0.540705
1788033600,315261.0,315261.0,315260.0,315260.0,0.006362
1788037200,315260.0,315261.0,315260.0,315261.0,0.009127
1788040800,315260.0,315261.0,314973.0,315219.0,0.161734
1788044400,315218.0,315397.0,315218.0,315397.0,0.09323
1788048000,315397.0,315397.0,315363.0,315395.0,0.23481
1788051600,315395.0,315395.0,312005.0,314988.0,0.877072
1788055200,314989.0,314989.0,314917.0,314928.0,0.197208
1788058800,314927.0,314999.0,314927.0,314999.0,0.621743
1788062400,314999.0,315000.0,314918.0,314919.0,0.421637
1788066000,314919.0,314985.0,314918.0,314985.0,0.52278
1788069600,314985.0,315648.0,314984.0,315520.0,1.073043
1788073200,315519.0,315520.0,315401.0,315402.0,0.358907
1788076800,315401.0,315401.0,315174.0,315175.0,0.247691
1788080400,315174.0,315175.0,314509.0,314895.0,0.46156
1788084000,314894.0,315158.0,314803.0,315158.0,0.356381
1788087600,315174.0,315403.0,315174.0,315352.0,0.250666
1788091200,315352.0,317463.0,315352.0,317399.0,0.773017
1788094800,317398.0,318563.0,317398.0,318563.0,0.856779
1788098400,318562.0,318563.0,318064.0,318064.0,0.609283
1788102000,318063.0,318251.0,318001.0,318250.0,0.650447
1788105600,318251.0,319915.0,318248.0,319914.0,0.764836
1788109200,319915.0,319915.0,318069.0,318716.0,0.766775
1788112800,318614.0,318615.0,318072.0,318614.0,0.175653
1788116400,318614.0,318614.0,318039.0,318040.0,0.096281
1788120000,318040.0,318334.0,317001.0,317356.0,0.20029
1788123600,317355.0,317400.0,316066.0,317046.0,0.089795
1788127200,317047.0,317607.0,316038.0,316623.0,0.292703
1788130800,316623.0,316623.0,311527.0,313726.0,1.58649
1788134400,313726.0,315544.0,313294.0,315164.0,1.211965
1788138000,315163.0,315163.0,313519.0,314006.0,1.430343
1788141600,314006.0,314889.0,313264.0,313264.0,0.826995
1788145200,313034.0,314758.0,313005.0,314455.0,0.417979
1788148800,314442.0,314442.0,313034.0,313857.0,0.602447
1788152400,313857.0,315000.0,313673.0,315000.0,0.439575
1788156000,314999.0,315431.0,314800.0,315226.0,0.324685
1788159600,315226.0,315930.0,315050.0,315930.0,0.268485
1788163200,315930.0,316429.0,315076.0,316429.0,0.403655
1788166800,316429.0,317777.0,316429.0,317439.0,0.212924
1788170400,317242.0,317243.0,316761.0,317243.0,0.347121
1788174000,317555.0,317555.0,316821.0,316822.0,0.332229
1788177600,316786.0,316825.0,314532.0,314819.0,0.407045
1788181200,314970.0,315860.0,314600.0,314690.0,0.618222
1788184800,314689.0,317071.0,314200.0,316834.0,0.593517
1788188400,316834.0,317196.0,316179.0,317026.0,0.342537
1788192000,317027.0,317493.0,316976.0,317493.0,0.234828
1788195600,317492.0,318000.0,316974.0,317999.0,0.297913
1788199200,317999.0,318200.0,317998.0,318200.0,0.167129
1788202800,318201.0,318603.0,318201.0,318486.0,0.123591
1788206400,318281.0,318500.0,318070.0,318072.0,0.127321
1788210000,318073.0,318160.0,317728.0,318160.0,0.166637
1788213600,318160.0,318160.0,316833.0,316837.0,0.18922
1788217200,316837.0,316837.0,316244.0,316614.0,0.325328
1788220800,316614.0,317245.0,316614.0,317143.0,0.628672
1788224400,317143.0,317143.0,316266.0,316424.0,0.651956
1788228000,316424.0,316424.0,315674.0,316157.0,0.414063
1788231600,316158.0,317323.0,314652.0,317323.0,1.364784
1788235200,317323.0,317666.0,317301.0,317337.0,0.607922
1788238800,317338.0,318977.0,317337.0,318977.0,0.53818
1788242400,318978.0,318978.0,317764.0,317765.0,0.494304
1788246000,317764.0,317936.0,317538.0,317540.0,0.657734
1788249600,317539.0,317540.0,314801.0,315015.0,1.432171
1788253200,315015.0,315196.0,314901.0,315186.0,0.70966
1788256800,315187.0,315864.0,315000.0,315863.0,0.698731
1788260400,315864.0,315999.0,315504.0,315962.0,0.49843
1788264000,315961.0,315961.0,315105.0,315675.0,0.327478
1788267600,315675.0,315999.0,314367.0,315678.0,0.730312
1788271200,315678.0,316999.0,315678.0,316676.0,0.472856
1788274800,316449.0,316449.0,315009.0,315881.0,0.480439
1788278400,315881.0,315881.0,313555.0,314161.0,1.739341
1788282000,314161.0,314510.0,313279.0,313279.0,0.195623
1788285600,313294.0,313294.0,310219.0,311964.0,1.623655
1788289200,312313.0,313528.0,312313.0,313234.0,0.213163
1788292800,313326.0,314206.0,313250.0,313605.0,0.303169
1788296400,313605.0,313608.0,311899.0,312844.0,0.124984
1788300000,312844.0,313161.0,312565.0,313161.0,0.214031
1788303600,313160.0,314010.0,313132.0,314010.0,0.589664
1788307200,314010.0,314010.0,313150.0,313152.0,0.324923
1788310800,313151.0,313410.0,311503.0,312165.0,0.811433
1788314400,312181.0,313303.0,312123.0,313203.0,0.727591
1788318000,313204.0,314788.0,313204.0,313929.0,0.362953
1788321600,313929.0,313929.0,313205.0,313250.0,0.413723
1788325200,313250.0,314110.0,313249.0,313990.0,0.40773
1788328800,313990.0,314001.0,313449.0,313691.0,0.344759
