timestamp,open,high,low,close,volume
1772622000,281005.0,281865.0,280000.0,280654.0,1.496714
1772625600,280655.0,281401.0,278539.0,280996.0,1.379062
1772629200,280995.0,283000.0,280995.0,281799.0,0.554687
1772632800,281799.0,284999.0,280706.0,282098.0,4.16122
1772636400,282098.0,288459.0,282098.0,288459.0,4.663607
1772640000,288459.0,289000.0,286000.0,288347.0,1.519584
1772643600,288347.0,289628.0,287046.0,288082.0,1.488319
1772647200,288082.0,289452.0,287004.0,289452.0,0.834131
1772650800,289453.0,290500.0,289110.0,289814.0,1.640625
1772654400,289815.0,289815.0,287609.0,287609.0,0.306602
1772658000,287608.0,288015.0,287001.0,287808.0,0.831475
1772661600,287809.0,288809.0,286002.0,286002.0,1.191352
1772665200,286002.0,286459.0,284555.0,285839.0,1.00505
1772668800,286077.0,286551.0,285601.0,286250.0,0.668721
1772672400,286251.0,287917.0,285008.0,285009.0,2.092793
1772676000,285009.0,286533.0,284637.0,284899.0,1.165481
1772679600,284898.0,285854.0,284726.0,284998.0,0.962758
1772683200,284999.0,286893.0,284999.0,286603.0,2.291788
1772686800,286603.0,286603.0,284566.0,285429.0,0.776598
1772690400,284706.0,285691.0,284000.0,285691.0,0.756288
1772694000,285690.0,286000.0,283001.0,283607.0,0.807116
1772697600,283607.0,286059.0,283158.0,285775.0,1.115553
1772701200,285621.0,287037.0,285471.0,286350.0,1.145355
1772704800,286350.0,289998.0,286350.0,289472.0,0.843221
1772708400,289466.0,289466.0,287351.0,287743.0,1.92747
1772712000,287743.0,288196.0,286939.0,288196.0,0.984058
1772715600,288196.0,288196.0,285556.0,286115.0,2.564581
1772719200,286115.0,287060.0,284555.0,287019.0,0.976464
1772722800,287019.0,287104.0,280555.0,283300.0,2.560646
1772726400,280555.0,285555.0,280001.0,285555.0,0.281137
1772730000,285555.0,285555.0,279556.0,279556.0,0.694498
1772733600,279556.0,280318.0,279505.0,280009.0,0.144249
1772737200,280028.0,281379.0,279209.0,279242.0,0.800321
1772740800,279201.0,281312.0,279201.0,280855.0,0.807775
1772744400,280856.0,281759.0,279804.0,280041.0,0.378787
1772748000,279962.0,281141.0,279961.0,280483.0,0.214333
1772751600,280345.0,280751.0,278801.0,279406.0,0.384478
1772755200,279405.0,280117.0,279000.0,279295.0,0.425765
1772758800,279296.0,280844.0,277541.0,280817.0,0.65166
1772762400,280818.0,282000.0,280517.0,281501.0,3.090038
1772766000,281501.0,281636.0,280802.0,280965.0,1.59238
1772769600,280965.0,281060.0,278859.0,279413.0,0.871288
1772773200,279417.0,279586.0,278003.0,279137.0,0.210727
1772776800,279137.0,280492.0,278350.0,279750.0,0.288372
1772780400,279750.0,281549.0,278783.0,281334.0,0.800957
1772784000,281290.0,281291.0,280079.0,280079.0,0.543855
1772787600,280080.0,280080.0,278500.0,279222.0,0.964085
1772791200,279221.0,279906.0,279039.0,279049.0,0.482468
1772794800,279049.0,279050.0,277801.0,277802.0,3.550433
1772798400,277802.0,277802.0,276000.0,276939.0,0.677693
1772802000,276940.0,277953.0,274316.0,274316.0,2.811412
1772805600,274316.0,274316.0,270480.0,270819.0,1.791191
1772809200,270951.0,273500.0,270763.0,271510.0,1.483729
1772812800,271510.0,272363.0,270654.0,271350.0,2.017488
1772816400,271350.0,272032.0,269000.0,269615.0,1.562754
1772820000,269615.0,271121.0,269615.0,270502.0,0.327094
1772823600,270502.0,271036.0,270000.0,270000.0,1.214811
1772827200,269951.0,270386.0,269002.0,269967.0,0.058375
1772830800,269967.0,270686.0,269472.0,270631.0,0.223071
1772834400,270631.0,271025.0,270630.0,271025.0,0.2996
1772838000,271024.0,271024.0,270205.0,270648.0,0.565649
1772841600,270648.0,271151.0,270303.0,270955.0,0.474631
1772845200,270955.0,271137.0,270431.0,271136.0,0.487909
1772848800,271137.0,271137.0,270035.0,270967.0,0.671884
1772852400,271265.0,271694.0,270235.0,270371.0,0.917863
1772856000,270371.0,270371.0,268050.0,270145.0,1.12447
1772859600,270145.0,270199.0,269541.0,269998.0,0.755044
1772863200,269998.0,269998.0,268881.0,268881.0,0.614299
1772866800,268881.0,269143.0,267977.0,269143.0,0.689697
1772870400,269143.0,269807.0,269063.0,269063.0,0.443284
1772874000,269063.0,269990.0,269062.0,269990.0,0.73038
1772877600,269990.0,270199.0,269794.0,269794.0,0.963751
1772881200,269600.0,270844.0,269600.0,270007.0,0.224948
1772884800,270007.0,270190.0,269790.0,270143.0,0.28388
1772888400,270143.0,270349.0,269602.0,269792.0,0.442322
1772892000,269792.0,270303.0,268502.0,270276.0,0.480469
1772895600,270190.0,270190.0,269348.0,269660.0,0.254936
1772899200,269659.0,269660.0,269182.0,269410.0,0.763841
1772902800,269410.0,269660.0,269355.0,269660.0,0.100064
1772906400,269051.0,269088.0,268195.0,268513.0,0.58799
1772910000,268484.0,268484.0,266415.0,266640.0,0.573971
1772913600,266640.0,267645.0,266640.0,267645.0,0.132434
1772917200,267645.0,268047.0,267645.0,267739.0,0.92967
1772920800,267739.0,267962.0,267262.0,267263.0,0.144055
1772924400,267262.0,267732.0,267262.0,267368.0,0.15071
1772928000,267368.0,268047.0,267368.0,267814.0,0.3234
1772931600,267814.0,267814.0,267500.0,267813.0,0.292421
1772935200,267813.0,268000.0,266564.0,266616.0,0.768165
1772938800,266590.0,267009.0,266552.0,267008.0,0.65475
1772942400,267008.0,267008.0,266000.0,266001.0,0.523383
1772946000,266000.0,268000.0,266000.0,267889.0,0.618049
1772949600,267592.0,268274.0,267592.0,268274.0,0.318132
1772953200,268273.0,269133.0,267879.0,268800.0,0.531068
1772956800,268953.0,269660.0,268596.0,269660.0,0.625821
1772960400,269660.0,271295.0,269446.0,270610.0,0.752336
1772964000,270610.0,272292.0,270610.0,271195.0,0.455318
1772967600,271294.0,271294.0,269640.0,269641.0,0.715169
1772971200,269641.0,270156.0,267668.0,268481.0,0.690385
1772974800,268481.0,269226.0,267001.0,267999.0,0.813486
1772978400,267999.0,269142.0,267619.0,267998.0,0.754518
1772982000,267998.0,268627.0,267756.0,267989.0,0.280996
1772985600,267989.0,268297.0,266522.0,266522.0,0.206075
1772989200,266529.0,267766.0,266528.0,267001.0,0.180278
1772992800,267001.0,267204.0,266213.0,266213.0,0.366093
1772996400,266214.0,268179.0,266013.0,267884.0,0.104788
1773000000,267884.0,268307.0,265000.0,267816.0,2.051185
1773003600,267189.0,267715.0,265456.0,265980.0,0.114578
1773007200,265801.0,265801.0,261079.0,263359.0,2.339989
1773010800,263359.0,264556.0,262542.0,262543.0,0.788052
1773014400,262543.0,266002.0,262542.0,264551.0,1.475752
1773018000,264349.0,265761.0,264171.0,264171.0,0.582887
1773021600,264170.0,265727.0,263090.0,265653.0,0.894434
1773025200,265122.0,269895.0,265121.0,267659.0,1.017168
1773028800,267660.0,269983.0,267659.0,267822.0,1.233142
1773032400,267651.0,271000.0,267651.0,270599.0,0.956448
1773036000,270598.0,270598.0,268011.0,268011.0,0.454144
1773039600,268002.0,268960.0,266811.0,268960.0,0.905095
1773043200,268994.0,270000.0,268702.0,269999.0,0.524482
1773046800,270000.0,273000.0,269089.0,269999.0,1.358472
1773050400,269999.0,270243.0,269011.0,269011.0,0.608821
1773054000,269012.0,269534.0,268332.0,269533.0,0.261561
1773057600,269534.0,271720.0,269503.0,270874.0,0.733432
1773061200,270774.0,274999.0,270774.0,274047.0,2.305043
1773064800,274014.0,275935.0,273189.0,274693.0,0.924519
1773068400,274706.0,275094.0,273037.0,273799.0,1.042404
1773072000,273772.0,274473.0,273000.0,273924.0,0.467772
1773075600,274030.0,274347.0,271733.0,272648.0,0.202195
1773079200,272604.0,272680.0,271268.0,271596.0,0.084249
1773082800,271937.0,275424.0,271836.0,273736.0,0.147123
1773086400,273952.0,274214.0,273222.0,273617.0,0.226983
1773090000,273586.0,274204.0,272760.0,273577.0,0.160646
1773093600,273923.0,273923.0,272534.0,272534.0,0.14159
1773097200,272534.0,272633.0,271898.0,271898.0,0.340277
1773100800,271728.0,274219.0,271605.0,273784.0,0.832036
1773104400,274056.0,274220.0,272650.0,273978.0,0.647776
1773108000,274206.0,278554.0,273350.0,277470.0,2.19705
1773111600,277566.0,277596.0,273682.0,274029.0,0.623903
1773115200,274005.0,276472.0,273853.0,276100.0,0.514424
1773118800,276100.0,277210.0,276001.0,276003.0,0.565179
1773122400,276066.0,276674.0,275155.0,275698.0,1.346718
1773126000,275557.0,277640.0,275257.0,277438.0,0.800365
1773129600,277529.0,279732.0,277439.0,278322.0,2.094566
1773133200,278479.0,280696.0,278149.0,279722.0,1.919582
1773136800,279994.0,279994.0,278081.0,278767.0,0.637047
1773140400,278767.0,278890.0,278002.0,278139.0,0.863069
1773144000,278129.0,278129.0,277002.0,277680.0,2.27759
1773147600,277997.0,279161.0,275001.0,275049.0,1.439672
1773151200,275471.0,281500.0,273301.0,281219.0,1.260693
1773154800,281470.0,282000.0,278875.0,280392.0,1.472928
1773158400,280392.0,281700.0,279096.0,280163.0,0.302537
1773162000,280372.0,281025.0,277384.0,278452.0,0.674933
1773165600,279058.0,279149.0,275404.0,275621.0,0.094958
1773169200,275449.0,276679.0,275100.0,275444.0,0.139885
1773172800,276118.0,276811.0,276117.0,276656.0,0.020216
1773176400,276741.0,277210.0,274556.0,276631.0,0.422904
1773180000,275043.0,276996.0,274002.0,276409.0,1.179172
1773183600,276422.0,276426.0,274388.0,275664.0,0.441591
1773187200,275627.0,276585.0,275502.0,276378.0,0.613969
1773190800,276378.0,276707.0,275785.0,276499.0,0.274231
1773194400,276469.0,276921.0,275001.0,275325.0,0.547897
1773198000,275347.0,275620.0,274366.0,274719.0,0.491403
1773201600,274719.0,277000.0,274340.0,276999.0,0.942358
1773205200,277000.0,277000.0,274501.0,274739.0,0.285457
1773208800,274738.0,275962.0,274555.0,275925.0,0.324656
1773212400,275925.0,276092.0,274364.0,274908.0,0.436859
1773216000,274909.0,275252.0,274304.0,274595.0,1.384041
1773219600,274595.0,274706.0,273751.0,273980.0,1.078157
1773223200,273752.0,274858.0,273701.0,274285.0,0.332781
1773226800,274279.0,274678.0,273001.0,273001.0,0.811466
1773230400,273000.0,274998.0,272380.0,273425.0,1.1496
1773234000,273420.0,279977.0,273417.0,276608.0,0.871528
1773237600,276705.0,279550.0,275967.0,277783.0,0.868744
1773241200,278126.0,278172.0,275002.0,275986.0,0.595927
1773244800,276624.0,278989.0,276624.0,277711.0,0.440353
1773248400,277965.0,280000.0,277250.0,278396.0,1.258945
1773252000,278501.0,278838.0,277002.0,277644.0,0.109429
1773255600,277003.0,278242.0,277001.0,278242.0,0.04099
1773259200,277748.0,277748.0,277000.0,277130.0,0.061401
1773262800,277399.0,277875.0,277028.0,277837.0,0.21222
1773266400,277996.0,278000.0,276058.0,276188.0,0.428795
1773270000,277072.0,277376.0,275557.0,275758.0,0.226066
1773273600,275759.0,276970.0,275614.0,276285.0,0.161857
1773277200,276170.0,276170.0,275001.0,275003.0,0.446214
1773280800,275003.0,275004.0,273012.0,273261.0,0.666425
1773284400,273305.0,274504.0,273043.0,273768.0,0.618015
1773288000,273884.0,274621.0,273884.0,273889.0,0.226447
1773291600,273889.0,274288.0,273651.0,274201.0,0.357309
1773295200,274202.0,274520.0,274001.0,274262.0,0.261929
1773298800,274262.0,275550.0,274261.0,275415.0,0.502332
1773302400,275635.0,276028.0,274836.0,275458.0,0.394988
1773306000,275459.0,277373.0,274465.0,275757.0,0.844701
1773309600,275757.0,280035.0,275564.0,279500.0,7.764485
1773313200,279499.0,279499.0,277929.0,277944.0,0.972774
1773316800,278011.0,278952.0,277475.0,278043.0,0.798781
1773320400,278187.0,278394.0,275556.0,276147.0,1.12624
1773324000,276431.0,278911.0,274262.0,274826.0,1.331119
1773327600,274894.0,278462.0,274664.0,277702.0,1.135755
1773331200,277540.0,278127.0,276031.0,277802.0,0.505889
1773334800,277861.0,278258.0,276930.0,277230.0,0.192738
1773338400,277113.0,277269.0,275689.0,275689.0,0.191451
1773342000,275689.0,278110.0,275597.0,278011.0,0.175332
1773345600,278004.0,278004.0,276900.0,276900.0,0.093652
1773349200,276929.0,277802.0,276911.0,277460.0,0.380975
1773352800,277000.0,277400.0,276401.0,276759.0,0.106249
1773356400,276903.0,278711.0,276903.0,278001.0,0.463141
1773360000,278002.0,283000.0,278000.0,281000.0,2.489427
1773363600,281267.0,282334.0,280179.0,281548.0,1.184134
1773367200,281514.0,281514.0,279543.0,279778.0,1.022148
1773370800,279778.0,280887.0,278927.0,280661.0,0.592585
1773374400,280662.0,280799.0,280329.0,280458.0,0.642585
1773378000,280603.0,281502.0,280256.0,281501.0,0.901795
1773381600,281502.0,281534.0,280196.0,280620.0,0.897778
1773385200,280450.0,281999.0,280450.0,281999.0,0.533602
1773388800,281997.0,283500.0,281402.0,282731.0,1.673958
1773392400,283000.0,283500.0,282356.0,283500.0,0.631988
1773396000,283500.0,285333.0,283500.0,285236.0,1.397072
1773399600,285329.0,285332.0,284433.0,284501.0,1.284459
1773403200,284502.0,286289.0,284501.0,286288.0,1.221591
1773406800,286288.0,288998.0,286288.0,288733.0,3.214979
1773410400,288997.0,290000.0,284848.0,284878.0,2.947547
1773414000,284883.0,286159.0,282534.0,282633.0,1.643444
1773417600,282636.0,283867.0,280502.0,283124.0,0.591728
1773421200,282800.0,284000.0,280005.0,280006.0,0.466639
1773424800,280005.0,280841.0,279777.0,279948.0,0.089086
1773428400,279703.0,280713.0,279631.0,280291.0,0.158827
1773432000,280313.0,280999.0,280193.0,280956.0,0.18143
1773435600,280996.0,280999.0,280048.0,280435.0,0.318078
1773439200,280435.0,280435.0,279001.0,279269.0,0.73089
1773442800,279261.0,279999.0,279002.0,279822.0,0.144691
1773446400,279755.0,279832.0,279001.0,279001.0,0.474505
1773450000,279002.0,279717.0,279001.0,279697.0,0.450495
1773453600,279697.0,279900.0,279616.0,279620.0,0.230299
1773457200,279620.0,280577.0,279620.0,280577.0,0.44237
1773460800,280629.0,281596.0,280566.0,280855.0,0.335058
1773464400,280855.0,281217.0,280538.0,280768.0,0.131884
1773468000,280617.0,280617.0,278500.0,279498.0,0.912553
1773471600,279498.0,279762.0,279099.0,279099.0,0.561404
1773475200,279100.0,280916.0,279100.0,279198.0,0.556396
1773478800,279198.0,279631.0,278892.0,279125.0,0.522797
1773482400,279083.0,279306.0,278911.0,279057.0,0.213212
1773486000,279056.0,279941.0,279056.0,279712.0,0.327721
1773489600,279754.0,280109.0,279556.0,279795.0,0.227601
1773493200,279917.0,280226.0,279911.0,280049.0,0.480732
1773496800,280050.0,280056.0,279556.0,279557.0,0.58815
1773500400,279557.0,279557.0,279300.0,279301.0,0.299484
1773504000,279301.0,279301.0,279156.0,279298.0,0.323954
1773507600,279299.0,279299.0,279297.0,279297.0,0.124454
1773511200,279298.0,279299.0,279254.0,279299.0,0.039901
1773514800,279299.0,279299.0,279196.0,279299.0,0.047096
1773518400,279299.0,279949.0,279198.0,279813.0,0.540856
1773522000,279732.0,279817.0,279269.0,279817.0,0.120556
1773525600,279816.0,279879.0,279200.0,279595.0,0.042804
1773529200,279770.0,281646.0,279770.0,281523.0,0.313523
1773532800,281523.0,281578.0,280889.0,280917.0,0.212726
1773536400,281093.0,281093.0,280439.0,280882.0,0.335132
1773540000,280882.0,282972.0,280882.0,282615.0,0.312619
1773543600,282769.0,282802.0,281746.0,282124.0,0.410361
1773547200,282296.0,283379.0,282289.0,282885.0,0.435707
1773550800,282880.0,283663.0,282861.0,282862.0,0.441851
1773554400,282861.0,283120.0,282548.0,282724.0,0.443512
1773558000,282723.0,283424.0,282723.0,282724.0,0.185001
1773561600,282954.0,283510.0,282791.0,283403.0,0.146969
1773565200,283998.0,284500.0,283997.0,284002.0,0.609153
1773568800,284002.0,284002.0,283536.0,283925.0,0.094616
1773572400,283926.0,284182.0,283922.0,284164.0,0.237207
1773576000,284342.0,284342.0,283288.0,283289.0,0.314716
1773579600,283443.0,283444.0,282121.0,283288.0,0.300463
1773583200,283224.0,283224.0,282297.0,283206.0,0.239038
1773586800,283206.0,283206.0,282422.0,282697.0,0.540559
1773590400,282697.0,282850.0,282201.0,282367.0,0.163028
1773594000,282379.0,283921.0,282379.0,283745.0,0.194091
1773597600,283823.0,283889.0,282503.0,282503.0,0.104802
1773601200,282390.0,283053.0,282201.0,282531.0,0.032919
1773604800,282639.0,283802.0,282431.0,283501.0,0.146362
1773608400,283501.0,284650.0,283500.0,284562.0,0.26781
1773612000,284561.0,287000.0,283263.0,286929.0,0.694389
1773615600,287000.0,287599.0,285744.0,286300.0,0.529217
1773619200,286299.0,287598.0,285000.0,285711.0,2.113068
1773622800,285716.0,286970.0,284745.0,286632.0,0.553074
1773626400,286559.0,286575.0,285163.0,285647.0,0.516551
1773630000,285620.0,291412.0,285435.0,290000.0,2.454471
1773633600,289676.0,291994.0,289524.0,290399.0,2.09583
1773637200,290340.0,291196.0,290011.0,291099.0,2.654373
1773640800,291199.0,291199.0,289900.0,290001.0,0.866085
1773644400,290002.0,290890.0,288246.0,288796.0,1.234516
1773648000,288754.0,289906.0,287000.0,287534.0,2.357915
1773651600,287466.0,288312.0,287206.0,288022.0,1.172098
1773655200,288021.0,289500.0,288002.0,289500.0,0.413658
1773658800,289500.0,289998.0,289500.0,289501.0,0.61579
1773662400,289502.0,290995.0,289288.0,290474.0,0.471214
1773666000,290558.0,292000.0,290435.0,290775.0,5.777878
1773669600,290913.0,291999.0,287015.0,288349.0,1.962268
1773673200,288999.0,290603.0,288112.0,288150.0,0.582644
1773676800,288144.0,290562.0,288112.0,290136.0,0.447994
1773680400,290292.0,290999.0,290150.0,290943.0,0.231233
1773684000,290943.0,292000.0,289969.0,290477.0,1.512995
1773687600,289999.0,291797.0,289874.0,290143.0,0.106673
1773691200,291023.0,291728.0,290006.0,291728.0,0.036517
1773694800,291691.0,292799.0,291287.0,292181.0,1.461608
1773698400,292181.0,293867.0,292181.0,293722.0,1.435629
1773702000,293722.0,293889.0,291568.0,293889.0,0.822313
1773705600,293889.0,295983.0,293359.0,295613.0,5.699424
1773709200,295650.0,298389.0,295200.0,297169.0,2.099652
1773712800,297169.0,297169.0,295207.0,295351.0,1.727334
1773716400,295476.0,296034.0,293000.0,293001.0,2.436762
1773720000,293001.0,294162.0,291183.0,291934.0,2.675644
1773723600,291933.0,294163.0,290569.0,291405.0,2.589763
1773727200,291211.0,292391.0,291211.0,291539.0,0.825184
1773730800,291539.0,292872.0,291539.0,292012.0,0.703515
1773734400,292013.0,292806.0,291900.0,292001.0,1.11889
1773738000,292001.0,292575.0,290592.0,290845.0,0.507704
1773741600,290781.0,290821.0,289068.0,289952.0,1.55876
1773745200,290079.0,291900.0,289974.0,291392.0,0.545667
1773748800,291391.0,291391.0,290001.0,290098.0,0.484566
1773752400,290131.0,291499.0,289019.0,289864.0,0.690312
1773756000,290027.0,292760.0,289604.0,292668.0,0.671818
1773759600,292892.0,294464.0,290296.0,291139.0,1.110946
1773763200,291140.0,292760.0,291140.0,291887.0,0.439251
1773766800,292563.0,293516.0,291725.0,293453.0,0.422705
1773770400,293338.0,294213.0,292998.0,293903.0,0.157519
1773774000,293969.0,294317.0,293085.0,293281.0,0.169919
1773777600,293182.0,294001.0,293027.0,293378.0,0.086274
1773781200,293292.0,293999.0,293049.0,293822.0,0.172803
1773784800,293626.0,293999.0,291313.0,292483.0,0.183996
1773788400,292345.0,292691.0,291000.0,291001.0,0.20874
1773792000,291260.0,291267.0,289080.0,289920.0,0.994796
1773795600,289920.0,291347.0,289920.0,290703.0,0.662344
1773799200,290713.0,292000.0,290713.0,291602.0,0.438264
1773802800,291469.0,292689.0,291054.0,292196.0,0.560477
1773806400,292196.0,292196.0,291181.0,291182.0,0.600801
1773810000,291181.0,291525.0,290502.0,290503.0,0.887044
1773813600,290530.0,291332.0,290502.0,290661.0,0.895559
1773817200,290701.0,290742.0,290101.0,290501.0,0.63032
1773820800,290501.0,291796.0,290100.0,291394.0,1.303554
1773824400,291394.0,292126.0,291393.0,291753.0,0.447044
1773828000,291754.0,292522.0,291181.0,291332.0,0.695739
1773831600,291331.0,291764.0,287699.0,287699.0,1.173137
1773835200,287700.0,287700.0,285555.0,285556.0,1.725397
1773838800,285556.0,285753.0,284800.0,284800.0,1.232586
1773842400,284800.0,284801.0,282000.0,282000.0,0.967457
1773846000,281819.0,281820.0,280000.0,281795.0,1.466274
1773849600,281795.0,281811.0,280602.0,281779.0,1.994734
1773853200,281779.0,282876.0,281453.0,282876.0,0.407401
1773856800,282876.0,284323.0,281000.0,281000.0,0.900408
1773860400,281001.0,281926.0,281000.0,281020.0,0.940567
1773864000,281019.0,281188.0,279203.0,281188.0,1.004456
1773867600,281188.0,281517.0,281181.0,281517.0,0.28598
1773871200,281516.0,281517.0,280653.0,280758.0,0.292104
1773874800,280758.0,281906.0,280758.0,281824.0,0.197093
1773878400,281824.0,282338.0,281001.0,281001.0,0.554934
1773882000,281002.0,281550.0,280900.0,281311.0,0.873558
1773885600,281311.0,281654.0,280901.0,281501.0,0.650998
1773889200,281501.0,282887.0,281500.0,281881.0,0.737011
1773892800,281881.0,281881.0,280113.0,280409.0,1.021288
1773896400,280409.0,280489.0,280179.0,280349.0,0.973535
1773900000,280349.0,280737.0,280005.0,280005.0,0.40098
1773903600,280005.0,280005.0,276000.0,278579.0,2.771022
1773907200,278090.0,279680.0,277187.0,277316.0,0.613598
1773910800,277316.0,279267.0,277315.0,278945.0,0.899285
1773914400,278945.0,279222.0,278002.0,278003.0,0.498748
1773918000,278003.0,278003.0,277361.0,277361.0,0.779593
1773921600,277361.0,277361.0,275000.0,275001.0,1.204422
1773925200,275001.0,277574.0,274520.0,277573.0,1.189398
1773928800,277573.0,277678.0,274680.0,275672.0,0.70269
1773932400,275672.0,277049.0,273889.0,275674.0,1.146235
1773936000,275551.0,276206.0,274738.0,275607.0,0.212488
1773939600,275607.0,277279.0,275002.0,277278.0,0.413974
1773943200,277278.0,277279.0,276177.0,276355.0,0.081981
1773946800,276656.0,279540.0,276656.0,278275.0,0.470305
1773950400,278276.0,279771.0,278276.0,279155.0,0.336359
1773954000,279155.0,279774.0,278729.0,279264.0,0.674883
1773957600,279264.0,279927.0,277147.0,277604.0,0.287496
1773961200,277765.0,278152.0,276238.0,276744.0,0.293045
1773964800,276744.0,277839.0,276387.0,277722.0,0.690909
1773968400,277721.0,279079.0,277721.0,278756.0,0.662603
1773972000,278756.0,278811.0,277483.0,278811.0,0.80676
1773975600,278810.0,279971.0,278699.0,279857.0,0.359831
1773979200,279857.0,280612.0,279341.0,279982.0,1.07656
1773982800,279982.0,279999.0,279401.0,279402.0,0.277332
1773986400,279401.0,279402.0,278889.0,279115.0,2.537431
1773990000,278896.0,280709.0,278870.0,280696.0,0.257142
1773993600,280630.0,282460.0,280601.0,281314.0,1.12513
1773997200,281346.0,281346.0,279085.0,279593.0,1.058541
1774000800,279593.0,279946.0,278872.0,279946.0,0.985808
1774004400,279895.0,280213.0,278866.0,279266.0,0.173327
1774008000,279267.0,280200.0,278800.0,278801.0,0.469725
1774011600,278801.0,279822.0,277950.0,277950.0,1.762726
1774015200,277950.0,278582.0,277000.0,277002.0,1.292557
1774018800,277001.0,277466.0,276451.0,277465.0,1.16459
1774022400,277466.0,278021.0,276649.0,277330.0,0.394512
1774026000,277330.0,277714.0,276001.0,277714.0,0.81778
1774029600,277713.0,277913.0,276367.0,277086.0,0.622703
1774033200,277087.0,278049.0,276630.0,278049.0,0.064423
1774036800,278247.0,278580.0,276999.0,278000.0,0.063685
1774040400,278000.0,280000.0,277808.0,279769.0,0.166582
1774044000,279769.0,281058.0,279769.0,280686.0,0.126791
1774047600,280685.0,280685.0,279351.0,279616.0,0.233931
1774051200,279615.0,280344.0,279564.0,279989.0,0.32299
1774054800,280263.0,280269.0,279493.0,279493.0,0.27869
1774058400,279453.0,280120.0,279339.0,280120.0,0.138078
1774062000,280120.0,283999.0,280119.0,281083.0,2.912312
1774065600,281004.0,281592.0,281000.0,281001.0,0.605603
1774069200,281000.0,283879.0,281000.0,281241.0,0.582929
1774072800,281372.0,283745.0,281146.0,281581.0,0.255657
1774076400,281580.0,282324.0,281244.0,281372.0,0.083699
1774080000,281373.0,282311.0,281000.0,281068.0,0.416637
1774083600,281068.0,282164.0,281029.0,281209.0,0.436366
1774087200,281210.0,281210.0,281103.0,281112.0,0.154676
1774090800,281113.0,281113.0,281112.0,281112.0,0.208408
1774094400,281113.0,281502.0,281113.0,281390.0,0.398286
1774098000,281389.0,281481.0,281389.0,281476.0,0.238687
1774101600,281477.0,282490.0,281111.0,281111.0,0.65879
1774105200,281112.0,281446.0,280501.0,281008.0,0.668198
1774108800,281008.0,281009.0,279569.0,279569.0,0.400744
1774112400,279569.0,279914.0,279076.0,279565.0,0.467893
1774116000,279564.0,279913.0,279233.0,279740.0,0.060538
1774119600,279740.0,279740.0,279156.0,279464.0,0.044445
1774123200,279464.0,279719.0,279423.0,279696.0,0.042562
1774126800,279695.0,279695.0,279078.0,279236.0,0.082805
1774130400,279235.0,279235.0,279001.0,279057.0,0.171747
1774134000,279057.0,279057.0,274100.0,274100.0,1.854121
1774137600,274102.0,274625.0,273202.0,273968.0,1.577499
1774141200,273968.0,274764.0,273968.0,274403.0,0.491316
1774144800,274403.0,276806.0,274403.0,275799.0,1.02456
1774148400,275650.0,276476.0,275452.0,276001.0,0.881928
1774152000,276001.0,276427.0,276000.0,276000.0,0.238138
1774155600,276000.0,276001.0,276000.0,276000.0,0.307731
1774159200,276000.0,276001.0,276000.0,276000.0,0.393375
1774162800,276001.0,277002.0,275598.0,275598.0,2.77976
1774166400,275596.0,276001.0,274501.0,274745.0,2.049472
1774170000,274745.0,274745.0,274701.0,274702.0,0.338425
1774173600,274702.0,274702.0,274442.0,274443.0,1.02685
1774177200,274443.0,274443.0,273001.0,273001.0,0.708077
1774180800,273002.0,274302.0,273000.0,273928.0,0.846069
1774184400,274087.0,274500.0,274000.0,274155.0,0.281237
1774188000,274155.0,274499.0,274001.0,274029.0,0.653722
1774191600,274029.0,274499.0,274029.0,274492.0,0.293421
1774195200,274491.0,274492.0,274139.0,274140.0,0.200162
1774198800,274140.0,274140.0,274033.0,274034.0,0.11189
1774202400,274032.0,274032.0,274000.0,274000.0,1.068398
1774206000,274001.0,274001.0,273000.0,273000.0,0.432696
1774209600,273000.0,273001.0,272510.0,272510.0,0.304815
1774213200,272503.0,272503.0,270222.0,271065.0,0.782623
1774216800,271064.0,272728.0,270501.0,272728.0,1.051352
1774220400,272728.0,272728.0,271018.0,271052.0,0.588297
1774224000,271049.0,271649.0,270002.0,270003.0,2.142287
1774227600,270002.0,271206.0,270001.0,270555.0,0.727823
1774231200,270554.0,271929.0,270201.0,271916.0,0.741918
1774234800,271916.0,272480.0,271130.0,271130.0,0.601916
1774238400,271130.0,275001.0,271129.0,274974.0,4.261001
1774242000,274857.0,274857.0,273310.0,274253.0,0.270429
1774245600,274252.0,274253.0,271485.0,271486.0,4.476925
1774249200,271486.0,273346.0,271300.0,273288.0,1.200001
1774252800,273285.0,274153.0,273069.0,273890.0,0.351737
1774256400,273890.0,273890.0,271301.0,272015.0,1.057637
1774260000,272015.0,273510.0,272014.0,272998.0,0.295379
1774263600,272998.0,283447.0,272997.0,278964.0,4.482904
1774267200,278674.0,280998.0,277347.0,280881.0,2.653616
1774270800,280881.0,283881.0,280761.0,283777.0,1.601768
1774274400,283729.0,284987.0,282171.0,283451.0,1.847965
1774278000,283337.0,283866.0,278334.0,278334.0,1.760005
1774281600,278334.0,279999.0,278333.0,279984.0,0.816488
1774285200,279984.0,281815.0,278984.0,281740.0,1.034951
1774288800,281740.0,281967.0,280895.0,281723.0,0.393745
1774292400,281440.0,281934.0,280053.0,280053.0,0.376779
1774296000,279782.0,281254.0,279702.0,280831.0,0.251701
1774299600,280831.0,281412.0,280830.0,281020.0,0.055269
1774303200,281021.0,281021.0,279271.0,279977.0,0.58826
1774306800,279977.0,280640.0,278877.0,280250.0,0.37462
1774310400,280250.0,281012.0,278876.0,279210.0,1.391358
1774314000,279211.0,279988.0,278333.0,278674.0,0.943198
1774317600,278482.0,279578.0,278239.0,278522.0,0.95468
1774321200,278522.0,279263.0,278349.0,278855.0,0.836884
1774324800,278856.0,279547.0,278156.0,278157.0,0.297324
1774328400,278157.0,278308.0,277295.0,278308.0,0.99951
1774332000,278308.0,278917.0,278149.0,278899.0,0.576819
1774335600,278899.0,282267.0,278855.0,282267.0,0.815809
1774339200,282267.0,282267.0,280508.0,280684.0,0.455519
1774342800,280903.0,282498.0,280894.0,282498.0,0.608817
1774346400,282498.0,282498.0,282035.0,282080.0,0.309364
1774350000,282080.0,282158.0,281355.0,281913.0,1.043937
1774353600,281912.0,281912.0,280885.0,281043.0,0.552997
1774357200,281043.0,281468.0,278000.0,278003.0,0.569851
1774360800,278002.0,279154.0,276262.0,277030.0,0.725494
1774364400,277030.0,278361.0,277030.0,277201.0,0.59571
1774368000,277201.0,277405.0,275709.0,275923.0,0.393573
1774371600,275923.0,275923.0,274003.0,274727.0,0.531042
1774375200,274727.0,276266.0,274726.0,275560.0,0.541596
1774378800,275560.0,276065.0,275002.0,275002.0,0.132725
1774382400,275002.0,278567.0,275002.0,277962.0,0.070619
1774386000,277962.0,278830.0,277638.0,278829.0,0.017307
1774389600,278830.0,279822.0,278487.0,279015.0,0.058627
1774393200,279015.0,280917.0,278814.0,279835.0,1.015634
1774396800,279835.0,281186.0,279246.0,280476.0,0.888522
1774400400,280476.0,280948.0,279903.0,280189.0,0.243174
1774404000,280190.0,280190.0,279900.0,279901.0,0.493898
1774407600,279901.0,280713.0,279650.0,280657.0,0.303807
1774411200,280658.0,281000.0,280277.0,281000.0,0.579923
1774414800,280996.0,282421.0,280996.0,281913.0,1.109541
1774418400,281913.0,282256.0,281267.0,281825.0,0.854265
1774422000,281417.0,281945.0,281400.0,281401.0,0.635965
1774425600,281401.0,282887.0,280818.0,282302.0,0.849781
1774429200,282302.0,282874.0,282022.0,282555.0,0.989766
1774432800,282555.0,283300.0,282554.0,283299.0,0.839654
1774436400,283300.0,284999.0,283300.0,284099.0,1.210929
1774440000,284099.0,284999.0,282806.0,284999.0,0.609936
1774443600,285000.0,285448.0,283949.0,284186.0,0.850597
1774447200,284149.0,284149.0,283191.0,283284.0,0.783132
1774450800,283284.0,283284.0,280581.0,281826.0,0.93268
1774454400,281826.0,284999.0,281582.0,283665.0,0.589309
1774458000,283665.0,283665.0,281336.0,281337.0,0.673914
1774461600,281337.0,282266.0,281274.0,281274.0,0.438545
1774465200,281275.0,282266.0,280739.0,281447.0,0.892323
1774468800,281446.0,282265.0,280912.0,282265.0,0.090056
1774472400,282265.0,282266.0,282264.0,282266.0,0.193197
1774476000,282266.0,284000.0,281952.0,283611.0,0.058534
1774479600,283611.0,283810.0,283066.0,283651.0,0.379165
1774483200,283651.0,283651.0,283067.0,283493.0,0.258675
1774486800,283492.0,283968.0,283492.0,283715.0,0.373366
1774490400,283715.0,283715.0,282250.0,283087.0,0.915509
1774494000,282933.0,283863.0,282001.0,283240.0,0.605449
1774497600,283203.0,283588.0,282440.0,282891.0,0.350736
1774501200,283210.0,283210.0,280500.0,280501.0,0.677311
1774504800,280501.0,280607.0,280255.0,280606.0,0.490404
1774508400,280606.0,280607.0,280080.0,280607.0,0.836713
1774512000,280547.0,281135.0,280001.0,280583.0,0.968624
1774515600,280358.0,280708.0,278611.0,278885.0,0.838929
1774519200,278882.0,279624.0,278559.0,278559.0,0.856478
1774522800,278559.0,279009.0,278000.0,278002.0,1.549892
1774526400,278002.0,278471.0,278001.0,278289.0,1.6752
1774530000,278290.0,280036.0,278011.0,279022.0,0.817521
1774533600,279030.0,279842.0,278010.0,278444.0,0.966253
1774537200,278598.0,278598.0,276288.0,277119.0,1.146285
1774540800,277072.0,277072.0,276382.0,276751.0,0.711818
1774544400,276751.0,277532.0,275000.0,275000.0,0.64773
1774548000,275000.0,275290.0,274570.0,274967.0,1.154939
1774551600,274967.0,275577.0,274576.0,275514.0,0.071456
1774555200,275103.0,279924.0,274737.0,277241.0,0.647091
1774558800,277241.0,277479.0,276659.0,276998.0,0.099252
1774562400,276863.0,276977.0,276000.0,276363.0,0.098498
1774566000,276710.0,276793.0,275894.0,276269.0,0.573511
1774569600,276269.0,276962.0,275506.0,276148.0,0.434997
1774573200,276298.0,277842.0,276001.0,277247.0,0.500733
1774576800,277727.0,277871.0,276757.0,277001.0,0.271778
1774580400,277001.0,277001.0,276401.0,276508.0,0.458838
1774584000,276560.0,276560.0,275362.0,275832.0,0.771341
1774587600,275832.0,276893.0,275801.0,275886.0,0.392792
1774591200,275970.0,276994.0,275970.0,276764.0,0.514085
1774594800,276765.0,277729.0,276000.0,276001.0,0.326012
1774598400,276000.0,276258.0,273919.0,273919.0,2.252954
1774602000,273913.0,274004.0,273202.0,273303.0,1.073281
1774605600,273302.0,273353.0,270100.0,270152.0,3.573427
1774609200,270101.0,270102.0,269890.0,270001.0,2.684928
1774612800,270002.0,271804.0,269000.0,269757.0,2.930322
1774616400,269756.0,270882.0,268740.0,268773.0,2.083528
1774620000,268740.0,270153.0,267504.0,268695.0,2.55421
1774623600,268695.0,270331.0,268432.0,269500.0,1.337977
1774627200,269500.0,269501.0,268000.0,268003.0,1.088959
1774630800,268003.0,268589.0,267503.0,267504.0,1.071319
1774634400,267504.0,268155.0,267503.0,267950.0,0.584444
1774638000,267950.0,268293.0,267667.0,267668.0,0.614708
1774641600,268070.0,268070.0,267666.0,267667.0,0.429901
1774645200,267666.0,268440.0,267666.0,267916.0,0.291986
1774648800,267848.0,267931.0,267505.0,267798.0,0.795757
1774652400,267798.0,269444.0,267532.0,269324.0,0.460679
1774656000,269236.0,269661.0,269000.0,269395.0,0.792458
1774659600,269396.0,269396.0,268389.0,268390.0,0.8634
1774663200,268390.0,268675.0,267982.0,267983.0,0.727464
1774666800,267983.0,268453.0,267983.0,268452.0,0.314935
1774670400,268452.0,268892.0,268451.0,268728.0,1.146454
1774674000,268728.0,269281.0,268621.0,269189.0,0.794343
1774677600,269189.0,270481.0,268761.0,268932.0,1.085158
1774681200,268932.0,269541.0,268931.0,269541.0,0.25498
1774684800,269475.0,269735.0,269201.0,269305.0,1.162997
1774688400,269305.0,269305.0,268664.0,268776.0,0.704691
1774692000,268777.0,268777.0,268359.0,268362.0,0.457319
1774695600,268362.0,268764.0,268361.0,268764.0,0.244988
1774699200,268764.0,269166.0,268406.0,269114.0,0.302207
1774702800,269114.0,271398.0,269000.0,270007.0,0.417121
1774706400,270007.0,270549.0,270000.0,270000.0,0.723954
1774710000,270000.0,271822.0,269895.0,270700.0,0.708844
1774713600,270500.0,271293.0,270043.0,270416.0,0.364244
1774717200,270416.0,270812.0,270000.0,270093.0,0.264031
1774720800,270011.0,270887.0,270001.0,270161.0,0.043831
1774724400,270162.0,270662.0,269919.0,270515.0,0.096191
1774728000,270507.0,270947.0,270507.0,270583.0,0.006572
1774731600,270140.0,270147.0,269500.0,269500.0,0.018945
1774735200,269013.0,269823.0,269001.0,269429.0,0.126702
1774738800,269419.0,269419.0,268000.0,268171.0,0.574836
1774742400,268170.0,268710.0,268001.0,268453.0,0.331631
1774746000,268453.0,269179.0,268184.0,268719.0,0.264614
1774749600,268833.0,270227.0,268717.0,269788.0,1.322861
1774753200,269787.0,270950.0,269742.0,270310.0,0.586661
1774756800,270310.0,270536.0,269594.0,269594.0,0.705561
1774760400,269594.0,269927.0,269081.0,269408.0,0.166236
1774764000,269881.0,270227.0,269298.0,269780.0,0.636642
1774767600,269780.0,269780.0,269000.0,269397.0,1.015329
1774771200,269396.0,269880.0,269311.0,269507.0,0.457893
1774774800,269507.0,269881.0,269102.0,269226.0,0.429867
1774778400,269103.0,269103.0,268904.0,268904.0,0.654189
1774782000,268905.0,270401.0,268904.0,270031.0,0.302056
1774785600,270008.0,270213.0,269801.0,270121.0,0.355914
1774789200,270120.0,270120.0,269112.0,269237.0,0.265324
1774792800,269237.0,269516.0,268913.0,269202.0,0.366176
1774796400,269202.0,269516.0,268913.0,269081.0,0.441619
1774800000,269080.0,269512.0,269005.0,269005.0,0.335654
1774803600,269006.0,269006.0,268106.0,268349.0,0.526256
1774807200,268349.0,268715.0,268349.0,268715.0,0.533548
1774810800,268715.0,268721.0,268369.0,268369.0,0.446246
1774814400,268369.0,269255.0,268369.0,269255.0,0.193245
1774818000,269254.0,269498.0,268846.0,269498.0,0.075846
1774821600,269498.0,269498.0,264500.0,266063.0,3.068344
1774825200,266444.0,267891.0,266376.0,266997.0,0.908868
1774828800,266997.0,270980.0,266237.0,267820.0,1.875254
1774832400,267820.0,269709.0,267820.0,269354.0,1.148034
1774836000,269354.0,271998.0,269005.0,271205.0,1.098522
1774839600,271205.0,271723.0,270480.0,271405.0,1.359626
1774843200,271406.0,272707.0,271318.0,272707.0,0.606465
1774846800,272707.0,273399.0,272170.0,272171.0,0.934936
1774850400,272171.0,272705.0,271196.0,271608.0,0.781432
1774854000,271608.0,272958.0,271289.0,272638.0,0.420108
1774857600,272779.0,273800.0,272779.0,273030.0,0.879544
1774861200,273030.0,273198.0,272447.0,272946.0,0.276409
1774864800,272945.0,272945.0,272370.0,272595.0,0.339016
1774868400,272596.0,274000.0,272596.0,273184.0,0.727335
1774872000,273184.0,274716.0,273184.0,274327.0,0.371406
1774875600,274327.0,274999.0,272801.0,272801.0,0.666447
1774879200,272801.0,274997.0,271800.0,274058.0,0.749559
1774882800,274059.0,274470.0,272663.0,273350.0,0.468622
1774886400,273351.0,273351.0,271822.0,271975.0,0.675204
1774890000,271975.0,271975.0,269556.0,269848.0,0.946719
1774893600,269881.0,269934.0,269058.0,269059.0,0.100444
1774897200,269059.0,269059.0,268002.0,268727.0,0.053938
1774900800,268727.0,269270.0,268727.0,269270.0,0.025981
1774904400,269269.0,270545.0,269269.0,270309.0,0.125511
1774908000,270309.0,270309.0,269605.0,269742.0,0.081608
1774911600,269743.0,269743.0,268501.0,269658.0,0.546854
1774915200,269657.0,271954.0,269189.0,271693.0,0.681395
1774918800,271584.0,275999.0,271365.0,274421.0,1.417824
1774922400,274336.0,274661.0,273489.0,273930.0,0.770816
1774926000,273643.0,273927.0,272663.0,272973.0,0.271774
1774929600,272973.0,273437.0,272530.0,272689.0,0.995869
1774933200,272689.0,273440.0,272049.0,273071.0,0.758329
1774936800,273072.0,273234.0,272001.0,272008.0,0.4536
1774940400,272009.0,272009.0,271441.0,272008.0,1.021691
1774944000,272009.0,272189.0,270006.0,270248.0,0.998319
1774947600,270248.0,270249.0,268112.0,268113.0,0.814321
1774951200,268113.0,269304.0,268113.0,269188.0,0.567853
1774954800,269188.0,271136.0,268944.0,270485.0,0.69061
1774958400,270485.0,271666.0,270313.0,270730.0,0.367912
1774962000,270609.0,273495.0,270597.0,272832.0,1.540956
1774965600,272832.0,274381.0,269210.0,269225.0,1.328599
1774969200,269436.0,272626.0,269436.0,270159.0,0.890867
1774972800,270159.0,274380.0,270159.0,273680.0,0.822466
1774976400,273680.0,276300.0,273265.0,273265.0,1.479012
1774980000,273000.0,274614.0,273000.0,274302.0,0.246545
1774983600,274302.0,275126.0,273875.0,274023.0,0.525778
1774987200,274236.0,275816.0,274236.0,275525.0,0.118602
1774990800,275526.0,275999.0,274448.0,275998.0,0.283749
1774994400,275991.0,275991.0,275000.0,275280.0,0.220799
1774998000,275280.0,275997.0,275280.0,275772.0,0.793382
1775001600,275772.0,275772.0,274015.0,275408.0,1.105008
1775005200,275408.0,275554.0,273846.0,273846.0,0.932746
1775008800,273810.0,274140.0,273002.0,273058.0,0.758353
1775012400,273271.0,275000.0,273271.0,274996.0,0.406947
1775016000,274999.0,276165.0,274801.0,275864.0,0.515487
1775019600,275867.0,277376.0,275123.0,276701.0,0.639483
1775023200,276702.0,278887.0,276701.0,278853.0,0.756789
1775026800,278884.0,278887.0,277001.0,277001.0,0.823915
1775030400,277002.0,277003.0,276501.0,276685.0,0.480331
1775034000,276529.0,276813.0,275259.0,276425.0,1.033496
1775037600,276407.0,276412.0,276089.0,276089.0,0.258121
1775041200,276088.0,276784.0,276001.0,276784.0,0.378828
1775044800,276784.0,276784.0,275263.0,275303.0,0.655509
1775048400,275642.0,276489.0,274001.0,274582.0,0.72205
1775052000,274338.0,276674.0,273565.0,276406.0,2.176248
1775055600,276408.0,277735.0,275596.0,277588.0,0.415858
1775059200,277518.0,277751.0,276378.0,277054.0,0.236795
1775062800,277640.0,277751.0,275002.0,275002.0,0.236888
1775066400,275001.0,275001.0,274000.0,274002.0,0.221999
1775070000,274858.0,274858.0,274002.0,274312.0,0.123278
1775073600,274286.0,274635.0,273761.0,274635.0,0.077072
1775077200,274374.0,275481.0,274373.0,274821.0,0.075811
1775080800,274915.0,274915.0,274119.0,274227.0,0.405925
1775084400,274268.0,274817.0,274001.0,274121.0,0.490986
1775088000,274120.0,276002.0,274003.0,276001.0,0.531569
1775091600,276002.0,276002.0,270751.0,271378.0,1.822523
1775095200,271062.0,271237.0,269210.0,269956.0,1.573994
1775098800,270100.0,270519.0,269201.0,269202.0,0.797263
1775102400,269202.0,269339.0,268111.0,268374.0,1.337861
1775106000,268374.0,269609.0,268373.0,269609.0,0.98485
1775109600,269605.0,270524.0,269603.0,270013.0,0.601803
1775113200,270001.0,271244.0,269870.0,271244.0,0.947871
1775116800,271241.0,271241.0,269243.0,269243.0,0.554159
1775120400,269693.0,269788.0,269010.0,269575.0,0.766143
1775124000,269342.0,269930.0,269001.0,269833.0,0.509378
1775127600,269775.0,269775.0,268905.0,268905.0,0.558783
1775131200,268836.0,268836.0,268050.0,268370.0,1.374275
1775134800,268371.0,268830.0,267301.0,268830.0,1.441802
1775138400,268829.0,271988.0,268739.0,271512.0,0.764502
1775142000,271307.0,271683.0,270550.0,271213.0,0.814249
1775145600,271213.0,272701.0,270915.0,272330.0,0.357353
1775149200,272183.0,273239.0,270917.0,270917.0,0.375199
1775152800,270917.0,272097.0,270453.0,272097.0,0.073082
1775156400,272295.0,272321.0,271573.0,271991.0,0.116988
1775160000,271284.0,272124.0,270974.0,271611.0,0.044201
1775163600,271737.0,271737.0,271008.0,271009.0,0.042204
1775167200,271009.0,271981.0,271009.0,271980.0,0.221597
1775170800,271814.0,272142.0,271262.0,271262.0,0.097132
1775174400,271263.0,271263.0,270851.0,270851.0,0.303247
1775178000,270727.0,271197.0,269551.0,269882.0,0.331306
1775181600,269810.0,270337.0,269162.0,269544.0,0.573478
1775185200,269545.0,270347.0,269545.0,269770.0,0.685938
1775188800,269770.0,270053.0,269665.0,269854.0,0.255918
1775192400,269813.0,270016.0,269259.0,269500.0,0.208688
1775196000,269482.0,270199.0,269450.0,270199.0,0.4007
1775199600,270199.0,271599.0,270198.0,271597.0,0.483525
1775203200,271596.0,271999.0,270949.0,271011.0,0.926753
1775206800,271003.0,271134.0,270431.0,270743.0,0.221382
1775210400,270743.0,270747.0,270432.0,270433.0,0.27314
1775214000,270433.0,271147.0,270432.0,271147.0,0.16577
1775217600,271147.0,271986.0,270001.0,270007.0,0.283394
1775221200,270002.0,270044.0,269171.0,269852.0,0.485825
1775224800,269852.0,270626.0,269804.0,270257.0,1.910002
1775228400,270135.0,270258.0,269774.0,269775.0,0.112747
1775232000,269774.0,271194.0,269774.0,270765.0,0.226427
1775235600,270765.0,270766.0,269771.0,269959.0,0.193289
1775239200,269959.0,270602.0,269799.0,269802.0,0.174886
1775242800,269803.0,269803.0,269800.0,269801.0,0.037949
1775246400,269801.0,270008.0,269800.0,269830.0,0.03099
1775250000,269841.0,270226.0,269806.0,270225.0,0.033538
1775253600,270297.0,270297.0,270296.0,270296.0,0.037842
1775257200,270297.0,270319.0,270296.0,270319.0,0.048922
1775260800,270354.0,270354.0,270296.0,270297.0,0.136119
1775264400,270297.0,270297.0,270103.0,270103.0,0.371534
1775268000,270103.0,270299.0,270102.0,270184.0,0.316758
1775271600,270299.0,270452.0,270227.0,270451.0,0.337184
1775275200,270452.0,270453.0,270451.0,270453.0,0.374027
1775278800,270453.0,270671.0,270326.0,270671.0,0.45316
1775282400,270775.0,271099.0,270774.0,271075.0,0.25778
1775286000,271083.0,271500.0,270810.0,270877.0,0.484276
1775289600,270877.0,271224.0,270876.0,271003.0,0.244143
1775293200,271002.0,271499.0,271002.0,271099.0,0.615382
1775296800,271099.0,271741.0,271025.0,271740.0,0.246025
1775300400,271755.0,271854.0,271680.0,271822.0,0.585464
1775304000,271811.0,271812.0,271510.0,271511.0,0.64944
1775307600,271511.0,271854.0,271511.0,271854.0,0.23764
1775311200,271854.0,271898.0,271853.0,271898.0,0.268538
1775314800,271898.0,272750.0,271897.0,272749.0,0.392821
1775318400,272755.0,272859.0,272754.0,272858.0,0.25829
1775322000,272859.0,272859.0,272599.0,272648.0,0.081167
1775325600,272598.0,272598.0,272502.0,272552.0,0.021338
1775329200,272552.0,272859.0,272551.0,272588.0,0.098393
1775332800,272552.0,272552.0,272140.0,272141.0,0.016795
1775336400,272141.0,272285.0,272008.0,272285.0,0.036662
1775340000,272285.0,272857.0,272285.0,272856.0,0.052611
1775343600,272857.0,272857.0,272355.0,272444.0,0.073344
1775347200,272444.0,272444.0,272160.0,272241.0,0.137939
1775350800,272241.0,272241.0,271889.0,271890.0,0.2933
1775354400,271889.0,271900.0,271500.0,271900.0,0.088478
1775358000,271900.0,271984.0,271693.0,271830.0,0.194079
1775361600,271831.0,271995.0,271831.0,271995.0,0.091739
1775365200,271994.0,271995.0,271501.0,271502.0,0.08553
1775368800,271501.0,271502.0,270145.0,270883.0,0.676296
1775372400,270883.0,271056.0,270800.0,270896.0,0.192895
1775376000,270895.0,271240.0,270895.0,271176.0,0.290673
1775379600,271176.0,271646.0,271176.0,271539.0,0.257364
1775383200,271539.0,271991.0,271320.0,271448.0,0.496952
1775386800,271447.0,271812.0,271343.0,271411.0,0.118598
1775390400,271411.0,271411.0,270574.0,270761.0,0.498256
1775394000,270761.0,271155.0,270504.0,271155.0,0.217974
1775397600,271151.0,271426.0,270884.0,271289.0,0.263839
1775401200,271290.0,273899.0,271289.0,272864.0,3.776024
1775404800,272864.0,272865.0,272011.0,272157.0,0.12415
1775408400,272013.0,272671.0,272010.0,272526.0,0.483429
1775412000,272498.0,272498.0,271464.0,272058.0,0.534499
1775415600,272058.0,272800.0,271986.0,272185.0,0.078721
1775419200,272458.0,273392.0,272403.0,273392.0,0.153269
1775422800,273212.0,273375.0,272726.0,273131.0,0.061196
1775426400,273646.0,275499.0,272498.0,275498.0,0.563385
1775430000,275500.0,278000.0,275499.0,277998.0,2.160924
1775433600,277999.0,279799.0,277999.0,278467.0,1.650642
1775437200,278467.0,278467.0,276585.0,277146.0,1.078515
1775440800,276945.0,278602.0,276945.0,278405.0,1.55176
1775444400,278337.0,278479.0,277873.0,277949.0,0.567382
1775448000,278020.0,278403.0,277693.0,278169.0,0.651175
1775451600,278168.0,278169.0,278131.0,278165.0,1.279388
1775455200,278166.0,278481.0,277311.0,277905.0,1.216358
1775458800,277905.0,278456.0,277500.0,278107.0,0.69742
1775462400,278124.0,278573.0,277950.0,278528.0,1.232983
1775466000,278502.0,281747.0,278501.0,280000.0,3.201325
1775469600,280000.0,280734.0,279999.0,280246.0,0.556129
1775473200,280247.0,280247.0,280001.0,280002.0,0.613854
1775476800,280002.0,280002.0,279001.0,279001.0,0.601828
1775480400,279002.0,279331.0,278500.0,278922.0,0.388889
1775484000,278999.0,280100.0,278025.0,279889.0,1.38007
1775487600,279888.0,280996.0,279831.0,280995.0,0.362814
1775491200,280995.0,281972.0,280049.0,280816.0,1.091971
1775494800,280816.0,280816.0,278444.0,279530.0,0.245788
1775498400,279530.0,280814.0,279529.0,280451.0,0.079826
1775502000,280452.0,280500.0,279747.0,280048.0,0.103539
1775505600,280049.0,280815.0,280048.0,280814.0,0.059764
1775509200,280803.0,280803.0,279309.0,279487.0,0.156055
1775512800,279486.0,279486.0,277320.0,277320.0,0.589476
1775516400,277320.0,277403.0,275700.0,277403.0,1.458354
1775520000,277403.0,278267.0,277001.0,277456.0,0.403216
1775523600,277001.0,277479.0,276201.0,276202.0,0.376233
1775527200,276202.0,277372.0,276201.0,277100.0,0.270171
1775530800,277100.0,277678.0,277074.0,277592.0,0.320323
1775534400,277658.0,278457.0,277059.0,278116.0,0.56393
1775538000,278116.0,278116.0,277449.0,277603.0,0.350028
1775541600,277560.0,277560.0,277086.0,277186.0,0.458231
1775545200,277185.0,277505.0,277056.0,277328.0,0.367919
1775548800,277218.0,278253.0,277064.0,278253.0,0.324691
1775552400,278253.0,279399.0,278253.0,279034.0,0.51219
1775556000,279034.0,279243.0,275703.0,275703.0,0.845272
1775559600,275702.0,276646.0,275356.0,276226.0,0.658551
1775563200,276168.0,276676.0,275483.0,276582.0,1.270721
1775566800,276488.0,277323.0,276001.0,276002.0,0.684174
1775570400,276002.0,276002.0,274407.0,274746.0,1.899511
1775574000,274436.0,275914.0,274407.0,275674.0,0.287524
1775577600,275674.0,276466.0,275454.0,276242.0,0.461255
1775581200,276242.0,278500.0,276240.0,277952.0,0.328168
1775584800,277822.0,277992.0,276545.0,276699.0,0.274612
1775588400,276699.0,278900.0,276550.0,278899.0,0.047951
1775592000,278900.0,280500.0,278900.0,280085.0,0.347253
1775595600,280134.0,282313.0,280093.0,281998.0,0.55209
1775599200,281998.0,286998.0,281998.0,286998.0,3.542127
1775602800,286999.0,291248.0,286806.0,289303.0,3.983016
1775606400,289282.0,289282.0,286132.0,286313.0,2.648125
1775610000,286695.0,286702.0,285218.0,285218.0,0.873565
1775613600,285219.0,285997.0,284219.0,284439.0,1.488946
1775617200,284440.0,284957.0,284122.0,284122.0,0.876185
1775620800,284134.0,285099.0,284127.0,285019.0,0.510237
1775624400,285019.0,285805.0,285018.0,285386.0,0.83712
1775628000,285412.0,285998.0,284909.0,285204.0,1.560337
1775631600,285203.0,285386.0,284588.0,284658.0,0.740993
1775635200,285261.0,285479.0,284824.0,285235.0,0.548575
1775638800,285322.0,285992.0,284586.0,284821.0,0.345415
1775642400,284852.0,285094.0,284158.0,284158.0,0.352897
1775646000,284156.0,285073.0,284156.0,285057.0,0.984969
1775649600,284559.0,286509.0,284559.0,286469.0,0.460049
1775653200,286469.0,289156.0,285002.0,285005.0,2.41559
1775656800,285432.0,285434.0,282001.0,282002.0,0.570236
1775660400,282065.0,283686.0,282065.0,283686.0,0.414958
1775664000,283686.0,284999.0,283678.0,284999.0,0.265031
1775667600,285000.0,286615.0,284788.0,286483.0,0.288641
1775671200,286401.0,286401.0,283597.0,283597.0,0.04099
1775674800,283596.0,284311.0,283385.0,284031.0,0.078008
1775678400,284657.0,285116.0,284085.0,284322.0,0.26373
1775682000,284339.0,285665.0,284282.0,285081.0,0.155419
1775685600,285010.0,285010.0,283460.0,283460.0,0.297981
1775689200,283394.0,283820.0,283003.0,283701.0,0.227473
1775692800,283701.0,283701.0,282093.0,282551.0,0.621872
1775696400,282551.0,283075.0,281663.0,283075.0,0.454076
1775700000,283075.0,283999.0,283029.0,283995.0,0.713982
1775703600,283995.0,283996.0,283001.0,283400.0,0.363354
1775707200,283400.0,283400.0,282580.0,282945.0,0.424781
1775710800,282511.0,283400.0,282511.0,283398.0,0.567056
1775714400,283400.0,283499.0,283237.0,283498.0,0.43927
1775718000,283499.0,283578.0,283256.0,283563.0,0.146253
1775721600,283577.0,285138.0,283250.0,284875.0,0.832381
1775725200,284876.0,285688.0,284056.0,285687.0,0.422599
1775728800,285688.0,285688.0,285167.0,285167.0,0.383204
1775732400,285168.0,285168.0,284200.0,284559.0,0.367536
1775736000,284425.0,284864.0,284201.0,284779.0,0.223265
1775739600,284866.0,285005.0,282813.0,282965.0,0.335208
1775743200,282965.0,284558.0,282202.0,283952.0,0.376962
1775746800,284209.0,288699.0,283801.0,288152.0,1.159222
1775750400,288460.0,288885.0,286605.0,287601.0,0.425344
1775754000,287922.0,288886.0,287769.0,288540.0,0.504697
1775757600,288555.0,288555.0,286408.0,286748.0,0.475769
1775761200,286854.0,288098.0,286406.0,287378.0,0.090281
1775764800,287446.0,288798.0,287180.0,288559.0,0.220077
1775768400,288674.0,289415.0,288013.0,288286.0,0.379489
1775772000,288294.0,290700.0,287101.0,287101.0,1.348693
1775775600,287101.0,287101.0,285810.0,286452.0,0.66219
1775779200,286115.0,286976.0,285501.0,286464.0,0.619379
1775782800,286711.0,288292.0,286116.0,287149.0,0.508982
1775786400,287147.0,287629.0,286280.0,286520.0,0.625623
1775790000,286504.0,286660.0,286096.0,286157.0,0.284967
1775793600,286157.0,286892.0,286002.0,286715.0,0.788259
1775797200,286715.0,287214.0,286183.0,286609.0,1.205831
1775800800,286609.0,286864.0,286001.0,286001.0,0.47094
1775804400,286001.0,286001.0,284535.0,284535.0,0.445908
1775808000,284697.0,285662.0,284386.0,285060.0,0.889517
1775811600,285060.0,285979.0,285060.0,285694.0,0.400542
1775815200,285694.0,286176.0,285507.0,286176.0,0.433819
1775818800,286176.0,287467.0,286176.0,287161.0,0.298963
1775822400,287161.0,287922.0,286363.0,287703.0,0.662277
1775826000,287703.0,287703.0,286146.0,287702.0,0.355185
1775829600,287700.0,290749.0,287624.0,289610.0,2.256778
1775833200,289934.0,290996.0,288002.0,288003.0,1.048835
1775836800,288043.0,289999.0,288001.0,289998.0,0.210517
1775840400,289998.0,290567.0,289601.0,290567.0,0.853028
1775844000,290656.0,290656.0,289550.0,289999.0,0.536287
1775847600,290000.0,290354.0,289551.0,290000.0,0.191381
1775851200,290358.0,290818.0,290140.0,290818.0,0.211666
1775854800,290818.0,290818.0,289859.0,290005.0,0.043381
1775858400,290006.0,290006.0,289019.0,289151.0,0.225573
1775862000,289151.0,289545.0,289076.0,289545.0,0.259399
1775865600,289544.0,289545.0,289016.0,289120.0,0.127621
1775869200,289120.0,289809.0,288861.0,289801.0,0.297763
1775872800,289809.0,289997.0,289397.0,289670.0,0.435945
1775876400,289778.0,290000.0,289651.0,289651.0,1.168644
1775880000,289651.0,289789.0,289001.0,289379.0,0.721081
1775883600,289407.0,289647.0,289003.0,289399.0,0.339525
1775887200,289388.0,289525.0,289156.0,289515.0,0.107226
1775890800,289515.0,289589.0,289357.0,289417.0,0.201849
1775894400,289417.0,289600.0,289339.0,289362.0,0.23619
1775898000,289364.0,290209.0,289339.0,290187.0,0.652091
1775901600,290188.0,290214.0,289999.0,290000.0,0.216543
1775905200,289934.0,290000.0,289934.0,289999.0,0.29556
1775908800,289999.0,290498.0,289999.0,290409.0,0.331172
1775912400,290406.0,290406.0,289120.0,289423.0,0.805919
1775916000,289361.0,289690.0,289360.0,289610.0,0.685645
1775919600,289610.0,290001.0,289470.0,289929.0,0.198531
1775923200,289929.0,290818.0,289928.0,290817.0,0.285819
1775926800,290714.0,291000.0,290364.0,290756.0,0.128322
1775930400,290757.0,292800.0,290725.0,292393.0,0.686351
1775934000,292543.0,292800.0,292128.0,292798.0,0.170064
1775937600,292785.0,292785.0,291301.0,291406.0,0.09134
1775941200,291405.0,291948.0,291391.0,291948.0,0.046488
1775944800,291950.0,292391.0,291000.0,291467.0,0.410459
1775948400,291468.0,291468.0,290042.0,290178.0,0.224129
1775952000,290218.0,290300.0,290002.0,290300.0,0.346639
1775955600,290300.0,290601.0,284115.0,284739.0,1.209545
1775959200,284719.0,286323.0,284403.0,285838.0,0.561809
1775962800,285771.0,286123.0,285568.0,285576.0,1.035006
1775966400,285597.0,285610.0,284500.0,285001.0,0.570091
1775970000,285000.0,285949.0,284995.0,285812.0,0.193736
1775973600,285787.0,285915.0,285786.0,285787.0,0.395288
1775977200,285787.0,286034.0,285498.0,285935.0,0.389753
1775980800,285936.0,285989.0,285511.0,285521.0,0.198544
1775984400,285521.0,285530.0,285153.0,285158.0,0.478843
1775988000,285108.0,285595.0,284000.0,284641.0,0.860662
1775991600,284802.0,285014.0,284704.0,284726.0,0.941222
1775995200,284726.0,284837.0,283560.0,283560.0,0.602518
1775998800,283555.0,283555.0,282889.0,282889.0,0.411304
1776002400,282889.0,283169.0,282300.0,282300.0,0.418391
1776006000,282300.0,282300.0,281900.0,282205.0,0.291514
1776009600,282205.0,282364.0,282204.0,282207.0,0.417862
1776013200,282207.0,283370.0,282206.0,282996.0,0.092305
1776016800,283085.0,283431.0,282903.0,283083.0,0.226603
1776020400,283155.0,283261.0,283003.0,283157.0,0.019535
1776024000,282947.0,284326.0,282901.0,283952.0,0.145079
1776027600,283946.0,284242.0,283680.0,283787.0,0.065129
1776031200,283679.0,283679.0,281501.0,282107.0,0.182339
1776034800,281906.0,282064.0,281502.0,282064.0,0.183667
1776038400,282063.0,283870.0,281924.0,283527.0,0.410073
1776042000,283527.0,283967.0,283115.0,283571.0,0.427873
1776045600,283570.0,283572.0,283083.0,283416.0,0.154854
1776049200,283481.0,283571.0,283023.0,283266.0,0.721652
1776052800,283297.0,283572.0,283002.0,283095.0,0.251508
1776056400,283095.0,283095.0,282007.0,282728.0,1.203034
1776060000,282728.0,283787.0,282588.0,283523.0,0.605202
1776063600,283571.0,283571.0,282127.0,282710.0,0.656281
1776067200,282711.0,282788.0,282000.0,282001.0,0.413258
1776070800,282001.0,283061.0,282001.0,282591.0,0.633343
1776074400,282591.0,282653.0,282589.0,282589.0,0.605244
1776078000,282589.0,283402.0,282589.0,283332.0,0.14484
1776081600,283222.0,284000.0,282693.0,283991.0,0.654383
1776085200,284000.0,286000.0,283063.0,285998.0,1.543594
1776088800,286000.0,288888.0,285640.0,288888.0,0.641828
1776092400,288888.0,289212.0,286228.0,287350.0,0.833627
1776096000,287353.0,289214.0,287307.0,288360.0,0.437098
1776099600,288356.0,289827.0,287921.0,287922.0,0.382134
1776103200,287922.0,289013.0,287795.0,289013.0,0.05066
1776106800,288900.0,291990.0,288718.0,291989.0,2.388809
1776110400,291989.0,291990.0,291161.0,291162.0,0.090655
1776114000,291162.0,291649.0,291161.0,291586.0,0.124034
1776117600,291599.0,295498.0,291598.0,295479.0,3.010551
1776121200,295499.0,295990.0,295324.0,295477.0,1.80952
1776124800,295001.0,295002.0,293369.0,293369.0,1.467849
1776128400,293369.0,293987.0,292736.0,293860.0,1.426677
1776132000,293860.0,294492.0,293635.0,293895.0,1.01307
1776135600,293895.0,294848.0,293840.0,294773.0,1.399433
1776139200,294767.0,294949.0,294121.0,294933.0,0.872085
1776142800,294933.0,294933.0,293863.0,293974.0,0.308338
1776146400,293998.0,295406.0,293905.0,295319.0,0.570849
1776150000,295320.0,295599.0,294331.0,294500.0,5.990903
1776153600,294500.0,295954.0,294499.0,295521.0,1.445902
1776157200,295531.0,295939.0,294401.0,294425.0,0.833464
1776160800,294424.0,294930.0,294305.0,294305.0,0.186875
1776164400,294306.0,294494.0,294300.0,294494.0,0.925784
1776168000,294495.0,294496.0,294400.0,294496.0,0.381451
1776171600,294496.0,298000.0,294496.0,298000.0,2.090319
1776175200,298100.0,299991.0,297001.0,297001.0,3.819877
1776178800,297000.0,298299.0,295048.0,297908.0,0.5774
1776182400,298096.0,298999.0,295293.0,295588.0,0.627221
1776186000,295866.0,296366.0,294302.0,295906.0,0.16063
1776189600,296113.0,296159.0,292000.0,293405.0,0.770688
1776193200,293445.0,294677.0,293274.0,294094.0,0.474518
1776196800,294092.0,294683.0,294092.0,294305.0,0.212439
1776200400,294109.0,294383.0,293852.0,294350.0,0.31277
1776204000,294236.0,294702.0,293502.0,293803.0,0.289296
1776207600,293772.0,294742.0,293753.0,294175.0,0.253297
1776211200,294174.0,296035.0,294174.0,295484.0,0.818844
1776214800,295649.0,296227.0,295494.0,295808.0,0.722422
1776218400,295779.0,295857.0,294185.0,294637.0,0.438627
1776222000,294637.0,294785.0,294372.0,294785.0,1.049839
1776225600,294814.0,295000.0,294587.0,294948.0,0.519711
1776229200,294929.0,295000.0,293536.0,293684.0,0.523927
1776232800,293667.0,293667.0,293501.0,293641.0,0.415056
1776236400,293641.0,293738.0,292480.0,292480.0,1.612659
1776240000,292481.0,294151.0,292469.0,293780.0,1.076109
1776243600,293779.0,293896.0,293558.0,293707.0,0.651794
1776247200,293879.0,294499.0,293556.0,293556.0,0.423893
1776250800,293557.0,294500.0,293556.0,294427.0,0.27069
1776254400,294421.0,295000.0,294100.0,294569.0,0.454405
1776258000,294502.0,295000.0,293114.0,293554.0,0.770941
1776261600,293553.0,295439.0,293114.0,294001.0,0.429859
1776265200,294062.0,294520.0,292500.0,292901.0,0.650178
1776268800,292670.0,294085.0,292670.0,293160.0,0.301803
1776272400,293522.0,294000.0,293338.0,293973.0,0.163742
1776276000,293888.0,294200.0,293808.0,294200.0,0.411409
1776279600,294200.0,297657.0,294200.0,297383.0,0.481174
1776283200,297221.0,297221.0,295291.0,296451.0,0.125057
1776286800,296564.0,296564.0,295522.0,296201.0,0.032486
1776290400,296256.0,297999.0,296256.0,296966.0,0.619395
1776294000,296966.0,296966.0,295837.0,296411.0,0.320437
1776297600,296410.0,296581.0,295151.0,296103.0,0.318697
1776301200,296102.0,296102.0,295115.0,295401.0,0.48193
1776304800,295468.0,297400.0,295359.0,296448.0,1.485804
1776308400,296674.0,297319.0,296008.0,296147.0,0.747284
1776312000,295823.0,296440.0,294515.0,296105.0,2.393308
1776315600,296249.0,296250.0,296031.0,296249.0,0.48269
1776319200,296250.0,296508.0,296249.0,296508.0,0.679127
1776322800,296508.0,296696.0,295350.0,295478.0,0.197463
1776326400,295478.0,296091.0,295101.0,295347.0,0.580958
1776330000,295457.0,296099.0,295269.0,295270.0,0.497542
1776333600,295190.0,295550.0,294502.0,294688.0,0.578139
1776337200,294688.0,295413.0,294296.0,295331.0,0.509937
1776340800,295500.0,296064.0,295345.0,295425.0,1.159659
1776344400,295425.0,296599.0,292000.0,292021.0,2.24533
1776348000,292075.0,293877.0,291182.0,293001.0,1.122814
1776351600,293081.0,296217.0,293001.0,295847.0,0.854336
1776355200,296170.0,296170.0,293401.0,293736.0,0.533809
1776358800,293328.0,294528.0,293018.0,294056.0,0.189566
1776362400,294323.0,296000.0,293943.0,296000.0,0.258222
1776366000,296000.0,297000.0,295656.0,297000.0,0.146864
1776369600,297000.0,297000.0,296640.0,296773.0,0.480233
1776373200,296772.0,296773.0,295897.0,296075.0,0.161031
1776376800,296075.0,296516.0,296001.0,296066.0,0.458335
1776380400,296066.0,296499.0,296066.0,296498.0,0.367506
1776384000,296499.0,296499.0,296036.0,296108.0,0.247873
1776387600,296108.0,296441.0,295173.0,295409.0,0.910184
1776391200,295409.0,295410.0,295158.0,295180.0,0.590712
1776394800,295180.0,295797.0,295155.0,295239.0,0.327183
1776398400,295238.0,295806.0,295155.0,295754.0,0.474004
1776402000,295754.0,295755.0,295002.0,295170.0,0.164562
1776405600,295169.0,295904.0,295169.0,295878.0,0.233894
1776409200,295877.0,296499.0,295877.0,296499.0,0.864028
1776412800,296500.0,299323.0,296500.0,299322.0,2.432502
1776416400,299323.0,300544.0,297570.0,299388.0,5.397542
1776420000,299389.0,299390.0,297113.0,297493.0,0.970566
1776423600,297557.0,298687.0,297557.0,298687.0,0.910582
1776427200,298762.0,300836.0,298762.0,300836.0,1.022813
1776430800,300837.0,305000.0,300836.0,305000.0,4.430261
1776434400,305000.0,307499.0,303901.0,307498.0,4.471421
1776438000,307499.0,307800.0,305851.0,307189.0,3.588592
1776441600,307189.0,308763.0,307189.0,307393.0,0.899183
1776445200,307394.0,307394.0,305001.0,306498.0,1.040285
1776448800,306499.0,306499.0,305001.0,305225.0,0.161169
1776452400,305225.0,305809.0,305001.0,305595.0,0.065484
1776456000,305596.0,306499.0,305002.0,305518.0,0.156037
1776459600,305456.0,305979.0,305456.0,305979.0,0.343089
1776463200,305809.0,306202.0,305502.0,305569.0,0.14035
1776466800,305569.0,305569.0,304102.0,304663.0,1.021512
1776470400,304663.0,305000.0,304401.0,304850.0,0.42903
1776474000,304874.0,305468.0,304848.0,305402.0,0.323515
1776477600,305402.0,305924.0,305401.0,305615.0,0.398971
1776481200,305615.0,305615.0,305000.0,305000.0,0.767755
1776484800,305001.0,305001.0,304401.0,304998.0,0.602914
1776488400,304999.0,305329.0,304998.0,305107.0,0.762605
1776492000,305107.0,305481.0,305086.0,305098.0,0.287105
1776495600,305101.0,305101.0,304515.0,304515.0,0.395559
1776499200,304559.0,304694.0,302830.0,303449.0,2.062089
1776502800,303421.0,303421.0,302784.0,302799.0,0.433743
1776506400,302799.0,302799.0,301559.0,301796.0,2.880748
1776510000,301795.0,301795.0,300101.0,300864.0,1.381244
1776513600,301176.0,301690.0,301116.0,301537.0,0.512805
1776517200,301504.0,301520.0,300355.0,300799.0,0.367265
1776520800,300798.0,301756.0,300798.0,301658.0,0.599205
1776524400,301800.0,301892.0,301268.0,301478.0,0.423877
1776528000,301421.0,301421.0,300270.0,300687.0,0.49017
1776531600,300673.0,300673.0,300300.0,300307.0,0.139983
1776535200,300307.0,300307.0,299555.0,299658.0,0.862189
1776538800,299680.0,300251.0,299680.0,300001.0,0.102777
1776542400,300001.0,300523.0,300001.0,300523.0,0.059964
1776546000,300402.0,300421.0,300255.0,300281.0,0.024215
1776549600,300357.0,300357.0,300255.0,300299.0,0.093457
1776553200,300300.0,300572.0,300257.0,300258.0,0.170841
1776556800,300258.0,300489.0,300253.0,300254.0,0.192177
1776560400,300254.0,300296.0,300002.0,300003.0,0.221168
1776564000,300003.0,300009.0,299931.0,299931.0,0.380794
1776567600,299932.0,299932.0,299600.0,299601.0,0.723866
1776571200,299601.0,300311.0,299303.0,299967.0,0.987894
1776574800,299925.0,299925.0,299500.0,299504.0,0.239149
1776578400,299504.0,299504.0,298672.0,299002.0,0.712159
1776582000,299002.0,299002.0,297500.0,298508.0,0.689236
1776585600,298215.0,298471.0,298214.0,298393.0,0.191978
1776589200,298393.0,298396.0,297500.0,297520.0,0.39287
1776592800,297521.0,297999.0,297521.0,297999.0,0.486683
1776596400,297999.0,299877.0,297998.0,299807.0,0.811669
1776600000,299807.0,300000.0,299553.0,299985.0,1.120226
1776603600,299754.0,302454.0,299754.0,301265.0,0.943092
1776607200,301743.0,302137.0,300373.0,301796.0,0.445374
1776610800,301796.0,302138.0,300500.0,301108.0,0.799485
1776614400,301179.0,301188.0,300000.0,300000.0,0.342609
1776618000,300000.0,300000.0,297058.0,297059.0,1.640915
1776621600,297058.0,297136.0,296800.0,296801.0,0.366527
1776625200,296801.0,297698.0,296801.0,297601.0,0.206383
1776628800,297000.0,297087.0,295684.0,296420.0,0.556527
1776632400,296160.0,296869.0,295500.0,295501.0,0.55781
1776636000,295500.0,295500.0,293128.0,294174.0,0.913468
1776639600,294000.0,295001.0,293233.0,293619.0,4.588205
1776643200,293329.0,295823.0,293201.0,295306.0,0.810104
1776646800,295432.0,296997.0,293767.0,296425.0,1.485079
1776650400,296425.0,296523.0,295497.0,296120.0,0.66614
1776654000,296120.0,296918.0,295000.0,296775.0,0.559987
1776657600,296823.0,296839.0,296000.0,296420.0,0.459634
1776661200,296420.0,296420.0,295113.0,295793.0,0.28815
1776664800,295807.0,298392.0,295740.0,297483.0,0.465118
1776668400,297699.0,300000.0,297400.0,297497.0,0.974477
1776672000,297534.0,297988.0,297037.0,297153.0,0.742464
1776675600,297313.0,298879.0,297138.0,298355.0,0.266422
1776679200,298449.0,299865.0,298449.0,299001.0,0.34882
1776682800,299002.0,319000.0,298651.0,300001.0,14.312788
1776686400,300001.0,310000.0,300001.0,300377.0,4.325139
1776690000,300514.0,301479.0,299501.0,300440.0,1.166677
1776693600,299866.0,301850.0,299402.0,299402.0,0.473119
1776697200,299489.0,301908.0,298410.0,301908.0,0.473187
1776700800,301909.0,301909.0,300051.0,300051.0,0.25329
1776704400,300052.0,302099.0,300052.0,301978.0,0.08214
1776708000,301978.0,303929.0,301978.0,303571.0,0.399586
1776711600,303572.0,303572.0,303107.0,303107.0,0.472681
1776715200,303108.0,303999.0,302996.0,303367.0,0.206637
1776718800,303305.0,303305.0,301586.0,302118.0,0.303773
1776722400,302128.0,302746.0,302062.0,302183.0,0.195871
1776726000,302167.0,302167.0,300919.0,301654.0,0.418794
1776729600,301600.0,301824.0,301000.0,301824.0,0.247363
1776733200,301821.0,302446.0,300891.0,300989.0,0.840146
1776736800,300891.0,300891.0,300001.0,300002.0,0.25449
1776740400,300001.0,300270.0,299287.0,300199.0,0.208701
1776744000,300198.0,300200.0,300144.0,300200.0,0.197317
1776747600,300200.0,301071.0,300200.0,300430.0,0.456747
1776751200,300960.0,301889.0,300232.0,301889.0,1.002715
1776754800,301751.0,302463.0,300865.0,301742.0,0.863304
1776758400,301746.0,304497.0,301746.0,302495.0,0.376647
1776762000,303233.0,305499.0,301204.0,303261.0,0.729969
1776765600,303230.0,304188.0,303230.0,304187.0,0.472939
1776769200,304182.0,304183.0,303001.0,303110.0,0.913696
1776772800,303289.0,303289.0,300915.0,301553.0,0.894575
1776776400,301574.0,301999.0,301001.0,301144.0,0.496651
1776780000,301045.0,303828.0,300354.0,300354.0,1.235147
1776783600,300354.0,301414.0,300100.0,300789.0,0.729944
1776787200,301197.0,302000.0,300882.0,301001.0,0.38159
1776790800,301000.0,301000.0,298612.0,299920.0,0.841173
1776794400,299962.0,300057.0,299203.0,299575.0,0.044986
1776798000,300462.0,300696.0,297564.0,297703.0,0.329076
1776801600,297990.0,300955.0,297916.0,300203.0,0.208416
1776805200,300251.0,300381.0,299552.0,299738.0,0.068978
1776808800,299739.0,300071.0,299007.0,300071.0,0.071745
1776812400,300166.0,302999.0,300166.0,302866.0,0.253787
1776816000,302970.0,303569.0,302441.0,302765.0,0.330111
1776819600,303003.0,303003.0,302302.0,302682.0,0.621277
1776823200,302683.0,307001.0,302623.0,307001.0,2.317712
1776826800,307001.0,308000.0,306561.0,307142.0,1.094112
1776830400,307142.0,307142.0,306515.0,306516.0,0.729515
1776834000,306517.0,309441.0,306317.0,308284.0,2.955966
1776837600,308285.0,308285.0,307000.0,308122.0,2.089654
1776841200,308122.0,308433.0,307041.0,308076.0,0.925762
1776844800,308076.0,308820.0,308075.0,308321.0,0.391767
1776848400,308322.0,308917.0,308196.0,308250.0,0.421548
1776852000,308251.0,308911.0,308001.0,308602.0,0.743775
1776855600,308602.0,309999.0,308602.0,309420.0,0.874787
1776859200,309420.0,309916.0,308941.0,309160.0,0.784374
1776862800,309162.0,310999.0,308000.0,310999.0,2.529141
1776866400,310999.0,312000.0,308174.0,311998.0,3.259848
1776870000,312000.0,312999.0,311505.0,312999.0,1.634255
1776873600,312999.0,313400.0,308000.0,311299.0,1.91061
1776877200,311500.0,311500.0,311085.0,311499.0,0.133996
1776880800,311499.0,311999.0,311232.0,311931.0,0.042406
1776884400,311862.0,311974.0,310796.0,311104.0,0.336916
1776888000,311104.0,311542.0,310001.0,310001.0,0.321076
1776891600,310002.0,310500.0,310001.0,310500.0,0.086538
1776895200,310500.0,310500.0,309675.0,310454.0,0.544175
1776898800,310337.0,310389.0,309501.0,309501.0,1.282614
1776902400,309501.0,310499.0,307900.0,310363.0,1.038899
1776906000,310363.0,310480.0,309372.0,310305.0,0.565604
1776909600,310364.0,310364.0,309001.0,309166.0,0.451254
1776913200,309390.0,309499.0,308325.0,308648.0,0.740918
1776916800,308648.0,309823.0,308648.0,309736.0,0.676786
1776920400,309735.0,310399.0,309417.0,310399.0,1.374359
1776924000,310399.0,311597.0,310398.0,311341.0,0.470942
1776927600,311341.0,311341.0,310420.0,310565.0,0.445749
1776931200,310566.0,310995.0,309536.0,309808.0,1.995869
1776934800,309808.0,309809.0,308612.0,309094.0,0.441191
1776938400,309094.0,309314.0,307801.0,308006.0,1.228728
1776942000,308006.0,309231.0,308006.0,309059.0,0.668737
1776945600,309058.0,309551.0,309000.0,309446.0,0.464223
1776949200,309632.0,309798.0,308058.0,308386.0,0.596273
1776952800,308385.0,310344.0,308269.0,310344.0,0.614196
1776956400,310344.0,312259.0,310241.0,311696.0,0.590964
1776960000,311935.0,311998.0,310605.0,310605.0,0.299807
1776963600,310661.0,310891.0,306502.0,309396.0,0.819873
1776967200,309396.0,312935.0,309194.0,309686.0,0.612418
1776970800,309686.0,309838.0,309040.0,309376.0,0.054996
1776974400,309502.0,309551.0,309413.0,309551.0,0.116271
1776978000,309550.0,309551.0,309407.0,309551.0,0.041385
1776981600,309551.0,311504.0,309550.0,310959.0,0.666453
1776985200,310677.0,311487.0,310400.0,310797.0,0.484863
1776988800,311310.0,311662.0,310802.0,311569.0,0.306641
1776992400,311570.0,311999.0,310400.0,311974.0,0.537379
1776996000,311998.0,312000.0,310680.0,310917.0,0.298315
1776999600,310878.0,311049.0,309051.0,309576.0,0.48796
1777003200,309589.0,310346.0,309016.0,309497.0,0.644021
1777006800,309498.0,310441.0,309002.0,310440.0,0.318048
1777010400,310441.0,310441.0,309696.0,310044.0,0.291083
1777014000,309788.0,309976.0,308555.0,308821.0,0.899848
1777017600,308821.0,310181.0,308820.0,309309.0,1.131246
1777021200,309620.0,309620.0,308315.0,308689.0,0.281878
1777024800,308689.0,309433.0,308604.0,309433.0,0.648654
1777028400,309432.0,311500.0,309432.0,311209.0,0.589159
1777032000,311138.0,311486.0,310402.0,311128.0,0.498247
1777035600,311199.0,311500.0,310008.0,310438.0,0.211977
1777039200,310513.0,310513.0,309023.0,310509.0,0.453391
1777042800,310508.0,311000.0,309003.0,310482.0,0.29106
1777046400,310572.0,310572.0,309002.0,309433.0,0.174949
1777050000,309347.0,309447.0,309000.0,309067.0,0.117057
1777053600,309067.0,309067.0,308501.0,308584.0,0.260503
1777057200,308833.0,309093.0,308502.0,308708.0,0.039884
1777060800,308708.0,308869.0,308500.0,308769.0,0.13335
1777064400,308823.0,308901.0,308201.0,308201.0,0.208457
1777068000,308629.0,308729.0,308207.0,308208.0,0.285332
1777071600,308208.0,308268.0,308207.0,308249.0,0.276793
1777075200,308248.0,308358.0,308211.0,308351.0,0.38111
1777078800,308352.0,308980.0,308352.0,308634.0,0.128121
1777082400,308745.0,309128.0,308525.0,309061.0,0.37746
1777086000,309061.0,309335.0,308729.0,308785.0,0.240016
1777089600,309128.0,309204.0,308782.0,308798.0,0.572981
1777093200,309002.0,309002.0,308728.0,308730.0,0.331273
1777096800,308729.0,308730.0,308214.0,308714.0,0.303587
1777100400,308216.0,308636.0,308215.0,308302.0,0.229081
1777104000,308301.0,308718.0,308301.0,308503.0,0.177536
1777107600,308504.0,308781.0,308329.0,308751.0,0.547527
1777111200,308751.0,309710.0,308751.0,309025.0,0.315242
1777114800,309002.0,309002.0,308601.0,308853.0,0.370932
1777118400,308854.0,309024.0,308608.0,308673.0,0.10435
1777122000,308674.0,309025.0,308673.0,309024.0,0.117916
1777125600,309025.0,309328.0,308971.0,309327.0,0.248661
1777129200,309328.0,309328.0,308306.0,308306.0,0.42025
1777132800,308305.0,308305.0,307779.0,308134.0,1.816794
1777136400,308173.0,308173.0,307997.0,307997.0,0.343586
1777140000,307997.0,308077.0,307996.0,308076.0,0.306737
1777143600,308076.0,308076.0,307995.0,307996.0,0.271555
1777147200,307996.0,308349.0,307995.0,308347.0,0.009713
1777150800,308347.0,308866.0,308347.0,308678.0,0.01133
1777154400,308678.0,308999.0,308678.0,308882.0,0.108403
1777158000,308883.0,308999.0,308880.0,308937.0,0.070577
1777161600,308937.0,308990.0,308937.0,308937.0,0.239153
1777165200,308938.0,308938.0,308880.0,308880.0,0.365031
1777168800,308880.0,308997.0,308707.0,308803.0,0.367293
1777172400,308803.0,308803.0,308114.0,308277.0,0.295294
1777176000,308275.0,309647.0,308275.0,309647.0,0.177877
1777179600,309647.0,311204.0,309610.0,310594.0,0.665699
1777183200,310386.0,310794.0,310386.0,310488.0,0.714408
1777186800,310489.0,310489.0,310121.0,310487.0,0.205588
1777190400,310489.0,310699.0,310204.0,310242.0,0.396381
1777194000,310243.0,310255.0,309740.0,310186.0,0.306281
1777197600,310007.0,310217.0,309859.0,310001.0,0.178298
1777201200,310001.0,310256.0,310001.0,310256.0,1.200727
1777204800,310256.0,310256.0,309201.0,309201.0,0.423191
1777208400,309264.0,310195.0,309201.0,309767.0,0.207464
1777212000,309767.0,310256.0,309703.0,310121.0,0.347357
1777215600,310120.0,310121.0,310120.0,310121.0,0.342757
1777219200,310120.0,310121.0,310000.0,310001.0,0.088599
1777222800,310000.0,310072.0,309700.0,310072.0,0.171382
1777226400,310072.0,310236.0,309922.0,310234.0,0.203259
1777230000,310235.0,310687.0,309808.0,310525.0,0.273991
1777233600,310368.0,310686.0,310367.0,310448.0,0.012623
1777237200,310446.0,312500.0,309464.0,310911.0,1.005523
1777240800,310972.0,312424.0,309443.0,311568.0,0.262434
1777244400,310700.0,312795.0,309795.0,311876.0,0.332592
1777248000,311875.0,313536.0,311020.0,313536.0,1.411131
1777251600,313800.0,314366.0,311853.0,313088.0,1.769711
1777255200,313126.0,313127.0,311999.0,313126.0,1.325764
1777258800,313127.0,313424.0,313001.0,313002.0,0.546099
1777262400,313001.0,313002.0,312171.0,312270.0,0.49185
1777266000,312344.0,312344.0,308188.0,308712.0,1.748649
1777269600,308712.0,308743.0,308201.0,308586.0,1.368321
1777273200,308586.0,308766.0,308209.0,308613.0,0.582718
1777276800,308611.0,309377.0,308398.0,309192.0,1.391546
1777280400,309193.0,309677.0,308557.0,309675.0,0.684622
1777284000,309675.0,309675.0,309001.0,309541.0,0.796663
1777287600,309541.0,309595.0,309148.0,309448.0,0.578285
1777291200,309459.0,309459.0,308548.0,308548.0,0.99552
1777294800,308727.0,309698.0,308505.0,309012.0,0.349655
1777298400,309012.0,310849.0,309011.0,309363.0,1.100057
1777302000,309224.0,309224.0,306420.0,306527.0,3.053715
1777305600,306528.0,306528.0,306211.0,306211.0,0.871735
1777309200,306211.0,306211.0,306000.0,306129.0,0.283943
1777312800,306130.0,306211.0,306001.0,306097.0,0.105166
1777316400,306096.0,306360.0,305901.0,306151.0,0.346084
1777320000,306175.0,307188.0,306175.0,306720.0,0.40336
1777323600,306776.0,306788.0,306177.0,306179.0,0.375723
1777327200,306178.0,307325.0,305908.0,306891.0,0.334234
1777330800,307107.0,307999.0,306582.0,307998.0,0.303876
1777334400,307998.0,307999.0,307553.0,307998.0,0.192858
1777338000,307999.0,307999.0,306772.0,306772.0,0.450523
1777341600,306771.0,306772.0,305501.0,305502.0,1.000744
1777345200,305502.0,305547.0,305000.0,305001.0,3.053643
1777348800,305001.0,305014.0,305000.0,305010.0,0.612059
1777352400,305010.0,305431.0,305001.0,305361.0,1.182052
1777356000,305361.0,305367.0,304521.0,304521.0,1.132017
1777359600,304522.0,305216.0,303908.0,305181.0,0.665619
1777363200,305181.0,305374.0,304549.0,304550.0,1.019604
1777366800,304549.0,304949.0,303907.0,304009.0,0.476456
1777370400,304009.0,304419.0,303879.0,304003.0,0.337729
1777374000,304002.0,304003.0,302557.0,302689.0,0.799101
1777377600,302689.0,303268.0,302500.0,303242.0,1.37967
1777381200,303201.0,303375.0,302102.0,302358.0,1.499951
1777384800,302359.0,302359.0,300000.0,301187.0,1.798005
1777388400,301187.0,301950.0,301187.0,301795.0,0.875213
1777392000,301796.0,302206.0,301247.0,302202.0,0.533997
1777395600,302393.0,302393.0,301659.0,302301.0,0.038969
1777399200,302462.0,302488.0,302175.0,302448.0,0.16844
1777402800,302448.0,302494.0,302144.0,302494.0,0.27592
1777406400,302494.0,303224.0,302494.0,303148.0,0.041223
1777410000,303148.0,303287.0,302794.0,303107.0,0.036214
1777413600,303107.0,303107.0,302841.0,302883.0,0.18695
1777417200,302883.0,302930.0,302501.0,302852.0,0.35123
1777420800,302852.0,302999.0,302514.0,302999.0,0.7161
1777424400,302999.0,303578.0,302500.0,303312.0,0.464697
1777428000,303347.0,303675.0,303013.0,303138.0,0.48437
1777431600,303138.0,304999.0,303137.0,304999.0,0.603887
1777435200,304999.0,306267.0,304998.0,305886.0,0.721922
1777438800,305886.0,305908.0,305372.0,305785.0,0.410794
1777442400,305784.0,305785.0,305111.0,305111.0,0.547883
1777446000,305112.0,305425.0,305014.0,305017.0,0.391841
1777449600,305016.0,305322.0,305015.0,305043.0,0.354731
1777453200,305043.0,307555.0,305043.0,307216.0,0.50478
1777456800,307216.0,307935.0,307046.0,307046.0,0.355425
1777460400,307046.0,307499.0,306341.0,307037.0,0.520393
1777464000,307038.0,307202.0,305266.0,305539.0,0.603653
1777467600,305539.0,305874.0,303067.0,304346.0,0.885097
1777471200,304346.0,304393.0,303503.0,303571.0,0.389232
1777474800,303570.0,303571.0,302000.0,302001.0,0.783241
1777478400,302001.0,302197.0,302000.0,302000.0,0.373517
1777482000,302001.0,302686.0,302000.0,302437.0,0.104391
1777485600,302687.0,302687.0,299000.0,300086.0,1.46135
1777489200,300294.0,300639.0,300087.0,300267.0,0.247988
1777492800,300267.0,302092.0,300267.0,301369.0,0.265073
1777496400,301209.0,302495.0,301001.0,302313.0,0.07255
1777500000,302312.0,302312.0,300357.0,302232.0,0.167397
1777503600,302232.0,302256.0,301754.0,301754.0,0.297138
1777507200,301755.0,303782.0,301284.0,303582.0,0.345689
1777510800,303438.0,304000.0,303430.0,303440.0,0.416755
1777514400,303439.0,303881.0,300306.0,301877.0,0.300115
1777518000,301707.0,302500.0,301307.0,302498.0,0.572829
1777521600,302498.0,302499.0,300501.0,301087.0,0.554943
1777525200,301108.0,301525.0,300508.0,301464.0,0.443976
1777528800,301403.0,302265.0,301327.0,302008.0,0.473748
1777532400,302007.0,303200.0,302001.0,303200.0,0.309684
1777536000,303390.0,303398.0,302753.0,302907.0,0.798522
1777539600,302907.0,304000.0,302883.0,303274.0,0.512671
1777543200,303274.0,303357.0,302979.0,302979.0,0.290716
1777546800,302980.0,303672.0,302495.0,303151.0,0.270517
1777550400,303151.0,304398.0,302828.0,304369.0,0.179669
1777554000,304369.0,305043.0,303799.0,304697.0,0.335108
1777557600,304657.0,305323.0,304000.0,304286.0,0.346162
1777561200,304286.0,305266.0,304002.0,304999.0,0.315923
1777564800,304588.0,304920.0,304503.0,304503.0,0.11577
1777568400,304504.0,304745.0,303539.0,304365.0,0.368998
1777572000,304365.0,304749.0,304364.0,304749.0,0.095001
1777575600,304748.0,304795.0,304619.0,304790.0,0.192579
1777579200,304624.0,305100.0,304417.0,305100.0,0.040096
1777582800,305063.0,305099.0,304365.0,304366.0,0.05441
1777586400,304411.0,304860.0,304008.0,304009.0,0.087333
1777590000,304009.0,304700.0,304009.0,304700.0,0.691002
1777593600,304700.0,305298.0,304700.0,305002.0,0.372254
1777597200,305002.0,306000.0,305002.0,305778.0,0.309676
1777600800,305778.0,305778.0,305499.0,305500.0,0.495399
1777604400,305500.0,308200.0,305499.0,307468.0,0.711716
1777608000,307601.0,307601.0,307000.0,307128.0,1.16168
1777611600,307128.0,307449.0,307102.0,307395.0,0.57672
1777615200,307395.0,307395.0,306508.0,307318.0,0.285872
1777618800,306883.0,307421.0,306000.0,307348.0,1.341048
1777622400,307349.0,308000.0,307168.0,307995.0,0.589482
1777626000,307995.0,307995.0,307801.0,307801.0,0.133165
1777629600,307802.0,307809.0,307141.0,307800.0,0.181725
1777633200,307801.0,308200.0,307508.0,308200.0,0.714278
1777636800,308199.0,309999.0,308114.0,309813.0,0.377045
1777640400,309810.0,312798.0,309810.0,312555.0,1.810012
1777644000,312555.0,312785.0,310023.0,311038.0,0.510217
1777647600,311072.0,312398.0,310736.0,311494.0,0.802959
1777651200,311636.0,312357.0,310339.0,310553.0,0.501201
1777654800,310907.0,311999.0,310396.0,311999.0,0.337435
1777658400,311998.0,312000.0,311500.0,311592.0,0.121546
1777662000,311593.0,311915.0,311131.0,311499.0,0.088507
1777665600,311341.0,311341.0,309000.0,309405.0,0.425487
1777669200,309400.0,310786.0,309399.0,310755.0,0.022201
1777672800,310938.0,311497.0,310436.0,310539.0,0.068651
1777676400,310536.0,310825.0,310455.0,310786.0,0.173694
1777680000,310786.0,311367.0,310785.0,311367.0,0.221989
1777683600,311367.0,311499.0,311167.0,311231.0,0.390459
1777687200,311299.0,311300.0,310474.0,311300.0,0.490895
1777690800,311299.0,311400.0,311014.0,311399.0,0.535374
1777694400,311400.0,311400.0,310899.0,310907.0,0.084897
1777698000,310932.0,311199.0,310356.0,311199.0,0.461581
1777701600,311252.0,311400.0,310974.0,311399.0,0.105208
1777705200,311400.0,311400.0,311205.0,311206.0,0.093877
1777708800,311205.0,311500.0,311205.0,311461.0,0.46066
1777712400,311530.0,311550.0,311484.0,311486.0,0.212071
1777716000,311486.0,311486.0,311206.0,311206.0,0.220468
1777719600,311205.0,311205.0,310747.0,310798.0,0.497656
1777723200,310799.0,311298.0,310684.0,311134.0,0.549193
1777726800,311134.0,311497.0,311128.0,311168.0,0.172447
1777730400,311245.0,311250.0,311212.0,311249.0,0.22089
1777734000,311250.0,311500.0,311249.0,311500.0,0.427122
1777737600,311502.0,311880.0,311251.0,311258.0,0.516666
1777741200,311257.0,311339.0,311257.0,311257.0,0.093705
1777744800,311257.0,311339.0,310203.0,311339.0,0.413174
1777748400,311339.0,311339.0,311163.0,311338.0,0.144977
1777752000,311277.0,311277.0,311170.0,311171.0,0.039399
1777755600,311225.0,313100.0,311171.0,312381.0,0.652819
1777759200,312303.0,312829.0,311787.0,312698.0,0.213101
1777762800,312597.0,312597.0,312208.0,312245.0,0.051991
1777766400,312245.0,312399.0,311834.0,311835.0,0.106943
1777770000,311834.0,311834.0,310442.0,311135.0,0.660594
1777773600,311001.0,311009.0,310207.0,310694.0,0.297526
1777777200,310694.0,310944.0,310514.0,310867.0,0.208545
1777780800,310859.0,310932.0,310512.0,310529.0,0.273185
1777784400,310528.0,310529.0,310526.0,310528.0,0.398128
1777788000,310528.0,310999.0,310512.0,310999.0,0.632516
1777791600,310999.0,311807.0,310999.0,311316.0,0.176747
1777795200,311385.0,311798.0,311385.0,311510.0,0.218549
1777798800,311510.0,311999.0,311501.0,311999.0,0.255536
1777802400,311989.0,311990.0,311701.0,311702.0,0.087958
1777806000,311702.0,312400.0,311701.0,312399.0,0.801287
1777809600,312399.0,312727.0,312398.0,312632.0,0.247685
1777813200,312632.0,312714.0,312000.0,312714.0,0.732443
1777816800,312714.0,312858.0,312296.0,312770.0,0.295214
1777820400,312742.0,312854.0,312501.0,312504.0,0.278513
1777824000,312503.0,312587.0,312020.0,312550.0,0.355421
1777827600,312345.0,312587.0,311800.0,312395.0,0.290795
1777831200,312394.0,312567.0,312151.0,312400.0,0.091369
1777834800,312400.0,312400.0,312308.0,312399.0,0.029183
1777838400,312399.0,313700.0,312399.0,312999.0,0.242086
1777842000,313008.0,313699.0,312176.0,312402.0,0.075874
1777845600,313559.0,314299.0,313149.0,314039.0,0.851931
1777849200,314001.0,314296.0,311700.0,311701.0,0.402722
1777852800,311701.0,311701.0,310577.0,310999.0,0.581612
1777856400,310615.0,314400.0,310564.0,314400.0,4.419105
1777860000,314400.0,316699.0,314117.0,316697.0,3.599206
1777863600,316697.0,316968.0,316001.0,316499.0,0.959558
1777867200,316500.0,317250.0,316500.0,316600.0,1.99027
1777870800,316599.0,316756.0,315469.0,315621.0,0.619603
1777874400,315834.0,315834.0,313828.0,315205.0,1.128963
1777878000,315188.0,315312.0,314790.0,314998.0,0.480915
1777881600,314998.0,314998.0,314337.0,314542.0,0.496023
1777885200,314520.0,315522.0,314502.0,315037.0,0.756243
1777888800,315037.0,315038.0,310031.0,312541.0,2.34933
1777892400,312541.0,312827.0,311924.0,311925.0,0.424473
1777896000,311924.0,311925.0,311843.0,311899.0,0.338504
1777899600,311842.0,312852.0,311562.0,311919.0,0.401235
1777903200,311820.0,317888.0,311555.0,317640.0,1.263231
1777906800,317620.0,317635.0,314649.0,316200.0,1.217566
1777910400,316291.0,317398.0,315451.0,316729.0,0.227341
1777914000,317040.0,318100.0,317026.0,318005.0,0.950307
1777917600,318007.0,318007.0,316823.0,316824.0,0.216489
1777921200,316823.0,316824.0,315376.0,316530.0,0.351632
1777924800,316684.0,316753.0,316429.0,316437.0,0.033127
1777928400,316437.0,317574.0,316437.0,317573.0,0.147063
1777932000,317573.0,317574.0,317001.0,317003.0,0.305212
1777935600,317002.0,317002.0,315553.0,315906.0,0.463534
1777939200,315906.0,317088.0,314830.0,317088.0,0.907106
1777942800,317089.0,318000.0,317088.0,317997.0,0.754972
1777946400,317998.0,319400.0,317997.0,318966.0,2.270169
1777950000,318584.0,319879.0,318277.0,319878.0,0.893732
1777953600,319877.0,319999.0,319390.0,319997.0,1.589429
1777957200,319997.0,320999.0,319901.0,320216.0,3.713222
1777960800,320205.0,320264.0,319901.0,320161.0,1.113858
1777964400,320161.0,320500.0,319572.0,319573.0,1.682185
1777968000,319573.0,320079.0,319405.0,319457.0,1.852079
1777971600,319448.0,319686.0,318631.0,318745.0,0.93643
1777975200,318800.0,319797.0,318739.0,319480.0,0.415026
1777978800,319480.0,320499.0,319479.0,320399.0,0.304413
1777982400,320400.0,321000.0,320312.0,321000.0,1.398802
1777986000,321000.0,321810.0,320999.0,321295.0,2.007074
1777989600,321000.0,321809.0,320001.0,321675.0,0.911491
1777993200,321741.0,322589.0,321271.0,322582.0,2.225369
1777996800,322582.0,322587.0,320622.0,321405.0,0.280712
1778000400,321504.0,322000.0,321501.0,321522.0,0.133236
1778004000,321523.0,322482.0,321523.0,322280.0,0.191516
1778007600,322327.0,322589.0,322129.0,322588.0,0.148865
1778011200,322587.0,322589.0,322330.0,322577.0,0.06131
1778014800,322583.0,322589.0,321800.0,321831.0,0.042688
1778018400,322189.0,322463.0,320000.0,320445.0,0.287157
1778022000,320380.0,320445.0,319500.0,319785.0,0.792492
1778025600,319786.0,320834.0,319637.0,319795.0,0.553888
1778029200,320129.0,321567.0,319706.0,321188.0,0.677351
1778032800,321299.0,321402.0,320357.0,321000.0,0.330668
1778036400,320999.0,322499.0,320999.0,322028.0,0.486123
1778040000,322027.0,322234.0,321065.0,321127.0,0.312533
1778043600,321128.0,321184.0,320319.0,321148.0,0.741659
1778047200,321272.0,321763.0,320686.0,321610.0,0.189322
1778050800,321610.0,321974.0,321002.0,321002.0,0.47419
1778054400,321003.0,322499.0,321002.0,322375.0,1.104012
1778058000,322375.0,322375.0,321543.0,321664.0,0.490579
1778061600,321666.0,322500.0,321666.0,322499.0,1.043861
1778065200,322485.0,324249.0,322485.0,323547.0,0.760743
1778068800,323548.0,323548.0,322500.0,322804.0,0.613796
1778072400,322804.0,322805.0,321001.0,321002.0,2.480026
1778076000,321002.0,321718.0,319456.0,320383.0,1.318928
1778079600,320383.0,321237.0,320295.0,321070.0,0.449596
1778083200,321071.0,321499.0,320454.0,321151.0,0.344661
1778086800,321152.0,321152.0,320334.0,320334.0,0.386139
1778090400,320378.0,320574.0,320021.0,320169.0,0.152052
1778094000,320169.0,320491.0,319658.0,320490.0,0.276472
1778097600,320490.0,320908.0,319841.0,319993.0,0.160074
1778101200,319993.0,320909.0,319993.0,320908.0,0.121128
1778104800,320908.0,320909.0,319657.0,320091.0,0.312856
1778108400,320090.0,320235.0,319112.0,320235.0,0.870837
1778112000,320234.0,320323.0,318850.0,318850.0,1.516956
1778115600,318802.0,318802.0,317898.0,317899.0,2.609615
1778119200,317899.0,318081.0,317350.0,317870.0,1.59915
1778122800,317871.0,317871.0,317501.0,317502.0,0.661915
1778126400,317502.0,317502.0,316920.0,317365.0,1.397217
1778130000,317365.0,318006.0,317357.0,317709.0,1.156725
1778133600,317709.0,318999.0,317265.0,318999.0,0.454722
1778137200,318999.0,320168.0,318998.0,319128.0,0.755741
1778140800,319128.0,319461.0,318042.0,318186.0,1.204621
1778144400,318186.0,318187.0,317422.0,317501.0,0.693014
1778148000,317501.0,317501.0,316694.0,317035.0,0.900323
1778151600,317035.0,317419.0,317001.0,317002.0,0.322845
1778155200,317002.0,317994.0,317001.0,317993.0,0.4692
1778158800,317994.0,317994.0,315534.0,316038.0,2.10694
1778162400,316039.0,316687.0,314705.0,314800.0,2.720203
1778166000,314800.0,315003.0,313684.0,313801.0,2.040596
1778169600,313802.0,313954.0,313369.0,313422.0,0.808259
1778173200,313423.0,314300.0,312767.0,314300.0,0.478975
1778176800,314300.0,315065.0,314300.0,315037.0,0.125292
1778180400,315037.0,315038.0,314030.0,314296.0,0.187165
1778184000,314296.0,315018.0,313822.0,313822.0,0.051347
1778187600,313775.0,313862.0,313318.0,313403.0,0.136019
1778191200,313319.0,314030.0,312853.0,313835.0,0.209073
1778194800,313834.0,314385.0,313834.0,314199.0,0.385016
1778198400,314200.0,315473.0,314199.0,314206.0,1.16727
1778202000,314201.0,314201.0,313725.0,313725.0,0.678563
1778205600,313724.0,313725.0,312511.0,312954.0,1.00176
1778209200,312954.0,313102.0,312203.0,313102.0,0.772652
1778212800,313102.0,313657.0,313101.0,313501.0,0.315464
1778216400,313502.0,313719.0,313112.0,313353.0,0.468901
1778220000,313352.0,313352.0,312600.0,312672.0,0.296746
1778223600,312672.0,312860.0,312000.0,312859.0,0.721424
1778227200,312860.0,314346.0,312859.0,314321.0,0.639995
1778230800,314320.0,314373.0,313583.0,313814.0,0.667327
1778234400,313815.0,315376.0,313637.0,315265.0,0.469472
1778238000,315371.0,315551.0,315260.0,315264.0,0.309373
1778241600,315265.0,315997.0,315001.0,315001.0,0.325301
1778245200,315001.0,315001.0,313637.0,313637.0,0.803117
1778248800,313637.0,316400.0,313637.0,315926.0,1.179162
1778252400,315926.0,315926.0,313778.0,315744.0,0.473035
1778256000,315744.0,315869.0,314016.0,314357.0,0.293524
1778259600,314354.0,314981.0,314108.0,314981.0,0.376398
1778263200,314799.0,315562.0,314799.0,314986.0,0.178024
1778266800,314985.0,314986.0,314491.0,314786.0,0.113648
1778270400,314787.0,315487.0,314787.0,315238.0,0.129317
1778274000,315239.0,315386.0,314586.0,314828.0,0.353575
1778277600,314828.0,315295.0,314827.0,315205.0,0.14712
1778281200,315149.0,315205.0,314759.0,314763.0,0.195418
1778284800,314763.0,314764.0,314009.0,314763.0,1.087454
1778288400,314763.0,315296.0,314763.0,315202.0,0.436335
1778292000,315202.0,315296.0,315200.0,315200.0,0.359785
1778295600,315201.0,315296.0,315088.0,315240.0,0.351979
1778299200,315240.0,316000.0,315240.0,315303.0,1.106966
1778302800,315303.0,315603.0,315301.0,315596.0,0.223264
1778306400,315596.0,315597.0,315300.0,315300.0,0.188427
1778310000,315300.0,315301.0,315087.0,315088.0,0.21594
1778313600,315088.0,315752.0,314875.0,315490.0,0.354238
1778317200,315490.0,315515.0,314965.0,314966.0,0.203629
1778320800,314966.0,315369.0,314838.0,315118.0,0.116295
1778324400,315118.0,315378.0,315032.0,315378.0,0.145076
1778328000,315378.0,315850.0,315371.0,315460.0,0.647418
1778331600,315460.0,315781.0,315460.0,315781.0,0.983889
1778335200,315780.0,315799.0,315580.0,315657.0,0.136225
1778338800,315658.0,316499.0,315581.0,316499.0,0.167672
1778342400,316499.0,317156.0,315216.0,316928.0,0.51751
1778346000,316928.0,317990.0,316927.0,317989.0,0.096504
1778349600,317989.0,318418.0,317490.0,317500.0,0.218887
1778353200,317500.0,317864.0,317458.0,317651.0,0.100798
1778356800,317709.0,317774.0,317481.0,317489.0,0.051265
1778360400,317521.0,317698.0,317521.0,317697.0,0.031077
1778364000,317698.0,317698.0,317456.0,317457.0,0.055767
1778367600,317456.0,317489.0,317455.0,317456.0,0.098853
1778371200,317456.0,317505.0,317421.0,317421.0,0.304618
1778374800,317420.0,317421.0,317000.0,317000.0,0.176324
1778378400,317001.0,317002.0,317000.0,317002.0,0.362564
1778382000,317002.0,317501.0,317001.0,317501.0,0.249607
1778385600,317540.0,317600.0,317249.0,317592.0,0.217997
1778389200,317592.0,317592.0,317099.0,317100.0,0.356732
1778392800,317100.0,317132.0,316380.0,317001.0,0.363169
1778396400,317001.0,317888.0,317001.0,317176.0,1.414541
1778400000,317174.0,317713.0,317172.0,317321.0,0.19834
1778403600,317348.0,317618.0,317172.0,317174.0,0.695918
1778407200,317175.0,318002.0,317172.0,317961.0,1.288057
1778410800,317586.0,317949.0,317278.0,317474.0,0.141429
1778414400,317513.0,318075.0,317512.0,317853.0,0.442349
1778418000,317909.0,318075.0,317807.0,317933.0,0.726993
1778421600,317818.0,318002.0,317801.0,317818.0,0.426483
1778425200,317888.0,318600.0,317809.0,318600.0,1.598884
1778428800,318600.0,318600.0,318396.0,318597.0,0.626459
1778432400,318598.0,318988.0,318390.0,318988.0,0.426325
1778436000,318987.0,318988.0,318596.0,318597.0,0.322858
1778439600,318596.0,318996.0,318000.0,318614.0,0.368447
1778443200,318786.0,318834.0,315026.0,316070.0,0.310079
1778446800,316420.0,316997.0,316194.0,316228.0,0.143416
1778450400,317272.0,321008.0,317187.0,321008.0,1.553483
1778454000,321100.0,322016.0,321100.0,321248.0,2.092255
1778457600,321249.0,321664.0,318367.0,318437.0,1.019539
1778461200,318430.0,319475.0,318010.0,318836.0,1.207445
1778464800,318836.0,319418.0,317642.0,318244.0,0.769568
1778468400,318243.0,318244.0,316000.0,316702.0,1.321304
1778472000,316701.0,317304.0,316701.0,317241.0,0.649511
1778475600,317185.0,317999.0,317072.0,317354.0,0.928402
1778479200,317019.0,318002.0,317019.0,317497.0,1.032189
1778482800,317386.0,317386.0,314913.0,317164.0,0.76885
1778486400,317164.0,317661.0,316974.0,317089.0,0.865146
1778490000,317459.0,318236.0,317459.0,318184.0,0.616691
1778493600,318184.0,319169.0,317915.0,318839.0,0.384697
1778497200,318840.0,318980.0,318838.0,318980.0,0.329255
1778500800,318980.0,319783.0,318901.0,318902.0,0.74468
1778504400,318902.0,319736.0,318212.0,318801.0,0.945737
1778508000,318929.0,319346.0,317001.0,318229.0,1.228347
1778511600,318236.0,319799.0,317963.0,319798.0,0.43828
1778515200,319799.0,321606.0,319798.0,320830.0,0.838283
1778518800,320829.0,321999.0,320305.0,321877.0,0.495826
1778522400,321994.0,321998.0,321653.0,321946.0,0.153647
1778526000,321453.0,321999.0,321103.0,321954.0,0.039098
1778529600,321931.0,321999.0,321236.0,321402.0,0.087087
1778533200,321331.0,321331.0,320385.0,321319.0,0.178054
1778536800,321311.0,321497.0,320870.0,321311.0,0.049038
1778540400,321311.0,321311.0,320476.0,320979.0,0.462081
1778544000,320890.0,320999.0,319000.0,320290.0,0.763335
1778547600,320290.0,320463.0,317395.0,319193.0,0.586232
1778551200,319193.0,319624.0,318808.0,319403.0,0.67711
1778554800,319441.0,319485.0,318898.0,318915.0,0.66367
1778558400,319007.0,319499.0,318808.0,319499.0,0.281355
1778562000,319498.0,319833.0,319472.0,319780.0,0.379658
1778565600,319780.0,319999.0,319284.0,319285.0,0.319102
1778569200,319285.0,319452.0,318808.0,318809.0,0.473819
1778572800,318808.0,318847.0,316951.0,318111.0,5.342131
1778576400,318114.0,318717.0,317878.0,318456.0,0.218324
1778580000,318239.0,318283.0,317401.0,317672.0,0.72072
1778583600,317790.0,318326.0,317400.0,318326.0,0.383704
1778587200,318326.0,318887.0,317750.0,318614.0,0.282392
1778590800,318833.0,318870.0,318000.0,318001.0,0.934805
1778594400,318001.0,318800.0,317889.0,317889.0,0.863688
1778598000,317889.0,318093.0,317002.0,317173.0,0.344851
1778601600,317172.0,317297.0,315588.0,315732.0,0.514966
1778605200,315732.0,318001.0,315559.0,317576.0,0.177343
1778608800,317615.0,318466.0,317238.0,318466.0,0.083811
1778612400,318323.0,319073.0,318323.0,319073.0,0.567477
1778616000,318951.0,318996.0,318467.0,318468.0,0.149929
1778619600,318468.0,318514.0,317800.0,318003.0,0.059582
1778623200,318003.0,318740.0,318003.0,318455.0,0.23222
1778626800,318443.0,318582.0,318001.0,318004.0,0.074738
1778630400,318004.0,318733.0,318000.0,318659.0,0.753074
1778634000,318660.0,319997.0,318638.0,319590.0,0.594228
1778637600,319591.0,320000.0,319501.0,319754.0,0.389765
1778641200,319754.0,320000.0,319610.0,320000.0,0.377205
1778644800,320000.0,320000.0,319718.0,319992.0,0.209427
1778648400,319992.0,319997.0,319550.0,319551.0,0.44425
1778652000,319551.0,319736.0,319550.0,319551.0,0.668664
1778655600,319551.0,319551.0,318657.0,319453.0,0.222143
1778659200,319452.0,319799.0,319311.0,319787.0,0.925264
1778662800,319599.0,319934.0,319499.0,319832.0,0.649555
1778666400,319832.0,319832.0,318817.0,318817.0,0.368654
1778670000,318817.0,318818.0,317381.0,317383.0,0.87334
1778673600,317383.0,317383.0,315500.0,316334.0,1.0839
1778677200,316233.0,316774.0,314500.0,314501.0,1.401522
1778680800,314500.0,315048.0,314317.0,314928.0,1.093759
1778684400,314995.0,315262.0,312500.0,312501.0,2.733487
1778688000,312500.0,313267.0,311500.0,312760.0,1.022784
1778691600,313020.0,320474.0,312734.0,315254.0,7.444358
1778695200,314691.0,316115.0,314691.0,316101.0,0.051386
1778698800,315230.0,315822.0,314688.0,315375.0,0.125016
1778702400,315665.0,315775.0,315490.0,315642.0,0.238619
1778706000,315642.0,315642.0,314601.0,314602.0,0.172182
1778709600,314612.0,314719.0,313873.0,314473.0,0.50178
1778713200,314473.0,320998.0,313874.0,314112.0,4.240619
1778716800,314112.0,317646.0,314004.0,314642.0,0.453722
1778720400,314577.0,314629.0,313838.0,314166.0,2.306227
1778724000,314166.0,314350.0,313071.0,313191.0,0.334809
1778727600,313194.0,313550.0,311801.0,311922.0,0.592115
1778731200,311923.0,313527.0,311800.0,313397.0,0.534246
1778734800,313405.0,315256.0,313399.0,315256.0,0.497797
1778738400,315255.0,315460.0,315000.0,315001.0,0.56005
1778742000,315001.0,315436.0,314564.0,315048.0,0.54341
1778745600,315000.0,315481.0,314308.0,315100.0,1.104648
1778749200,315199.0,315199.0,314243.0,314397.0,0.279829
1778752800,314397.0,314692.0,313955.0,313956.0,0.166386
1778756400,313955.0,314153.0,313444.0,313444.0,0.367842
1778760000,313444.0,315000.0,313400.0,314997.0,0.557005
1778763600,314996.0,315870.0,314813.0,315003.0,0.363206
1778767200,315003.0,318999.0,315002.0,318998.0,0.583019
1778770800,318999.0,320554.0,318999.0,320554.0,2.593189
1778774400,320800.0,322000.0,320001.0,322000.0,1.911149
1778778000,322000.0,322888.0,320616.0,322119.0,1.283533
1778781600,321343.0,322201.0,320452.0,321320.0,0.588275
1778785200,321321.0,321499.0,320407.0,320408.0,0.162067
1778788800,320407.0,320767.0,319271.0,320182.0,0.317534
1778792400,320183.0,320461.0,319715.0,319998.0,0.294107
1778796000,319995.0,320364.0,319900.0,320012.0,0.198721
1778799600,320002.0,320002.0,318000.0,318736.0,1.774952
1778803200,318736.0,321167.0,318605.0,320265.0,0.482491
1778806800,320513.0,321123.0,319439.0,319599.0,0.398117
1778810400,319421.0,320451.0,318521.0,320101.0,0.793134
1778814000,320254.0,320254.0,318898.0,319482.0,0.317553
1778817600,319483.0,319574.0,318312.0,318560.0,1.020323
1778821200,318501.0,319068.0,316751.0,317029.0,0.701598
1778824800,317029.0,318698.0,316800.0,317750.0,1.292133
1778828400,318214.0,319853.0,317704.0,319297.0,0.529767
1778832000,319411.0,319411.0,318087.0,318582.0,0.151915
1778835600,318583.0,318703.0,317484.0,317594.0,0.508348
1778839200,317998.0,318994.0,317972.0,318994.0,0.527293
1778842800,318997.0,318999.0,318501.0,318752.0,0.395237
1778846400,318750.0,318772.0,318003.0,318003.0,0.429773
1778850000,318004.0,318004.0,312801.0,312802.0,1.866676
1778853600,312803.0,314635.0,312000.0,314580.0,2.879556
1778857200,314528.0,314726.0,313835.0,314307.0,0.59933
1778860800,314387.0,315136.0,314314.0,314927.0,0.955843
1778864400,314757.0,315215.0,314680.0,315152.0,0.08999
1778868000,315270.0,315361.0,314701.0,314703.0,0.36445
1778871600,314716.0,314716.0,314113.0,314426.0,0.070803
1778875200,314612.0,314613.0,314214.0,314214.0,0.040082
1778878800,314172.0,314247.0,313789.0,313789.0,0.165804
1778882400,313789.0,314076.0,313788.0,313988.0,0.711001
1778886000,313988.0,314040.0,313872.0,314000.0,0.104512
1778889600,314000.0,314183.0,313981.0,314025.0,0.104713
1778893200,314025.0,314150.0,314008.0,314150.0,0.159101
1778896800,314150.0,314270.0,314150.0,314269.0,0.301087
1778900400,314270.0,314290.0,314201.0,314202.0,0.416284
1778904000,314201.0,314238.0,313620.0,313858.0,0.56822
1778907600,313858.0,313888.0,313857.0,313888.0,0.328064
1778911200,313888.0,314128.0,312502.0,312575.0,0.4978
1778914800,312575.0,312575.0,310879.0,312170.0,1.583802
1778918400,312170.0,312795.0,312083.0,312511.0,0.246337
1778922000,312490.0,312599.0,310900.0,311493.0,1.00968
1778925600,311492.0,311492.0,310098.0,310770.0,1.096036
1778929200,310914.0,311552.0,310914.0,311213.0,0.30376
1778932800,311213.0,311625.0,310827.0,311507.0,1.251234
1778936400,311524.0,311529.0,310461.0,311151.0,0.423547
1778940000,311186.0,311998.0,310642.0,311509.0,0.306237
1778943600,311655.0,311966.0,311353.0,311834.0,0.207261
1778947200,311834.0,312164.0,311633.0,311633.0,0.227967
1778950800,311634.0,312368.0,311633.0,311861.0,0.18789
1778954400,311669.0,311793.0,311633.0,311791.0,0.111001
1778958000,311792.0,312157.0,311787.0,311817.0,0.134403
1778961600,311817.0,311817.0,311640.0,311804.0,0.074009
1778965200,311801.0,311817.0,311800.0,311817.0,0.133578
1778968800,311816.0,311817.0,311634.0,311636.0,0.367431
1778972400,311636.0,311636.0,311633.0,311634.0,0.167231
1778976000,311634.0,311634.0,310301.0,310301.0,0.382314
1778979600,310301.0,310791.0,310008.0,310009.0,0.285745
1778983200,310008.0,310009.0,310000.0,310001.0,1.150258
1778986800,310000.0,310164.0,310000.0,310135.0,0.526966
1778990400,310135.0,310499.0,310130.0,310440.0,0.264192
1778994000,310439.0,310840.0,310439.0,310669.0,0.221237
1778997600,310669.0,310669.0,310284.0,310285.0,0.667047
1779001200,310285.0,310666.0,310241.0,310552.0,0.370048
1779004800,310551.0,310552.0,310500.0,310501.0,0.679474
1779008400,310501.0,310669.0,310500.0,310669.0,0.293402
1779012000,310669.0,312138.0,310668.0,311744.0,0.3826
1779015600,311720.0,311720.0,311389.0,311671.0,0.130751
1779019200,311671.0,312669.0,311671.0,311844.0,0.694181
1779022800,311590.0,311618.0,311325.0,311377.0,0.361996
1779026400,311377.0,311377.0,310266.0,310424.0,0.632307
1779030000,310425.0,310839.0,310421.0,310585.0,0.716118
1779033600,310585.0,310995.0,310584.0,310751.0,0.289195
1779037200,310750.0,310857.0,310218.0,310857.0,0.188249
1779040800,310857.0,311000.0,310857.0,311000.0,0.131046
1779044400,311000.0,311428.0,310999.0,311428.0,0.232062
1779048000,311911.0,311911.0,311186.0,311187.0,0.033915
1779051600,311186.0,311698.0,311050.0,311698.0,0.045238
1779055200,311697.0,311697.0,310009.0,310010.0,0.381699
1779058800,310009.0,310009.0,306500.0,308189.0,2.84807
1779062400,308189.0,308194.0,305674.0,307014.0,2.392102
1779066000,307017.0,307017.0,306007.0,306881.0,0.765303
1779069600,306881.0,307503.0,306028.0,306029.0,1.376778
1779073200,306029.0,306439.0,306028.0,306386.0,0.593342
1779076800,306422.0,306440.0,306200.0,306437.0,0.483884
1779080400,306437.0,306564.0,306437.0,306501.0,0.227449
1779084000,306501.0,306501.0,305101.0,305987.0,0.927988
1779087600,306104.0,306520.0,306001.0,306406.0,0.45383
1779091200,306405.0,306657.0,306272.0,306275.0,0.783994
1779094800,306276.0,306352.0,306001.0,306241.0,0.299512
1779098400,306242.0,306242.0,305501.0,305981.0,0.564064
1779102000,305981.0,308459.0,305540.0,307801.0,0.510514
1779105600,307884.0,309762.0,307883.0,309080.0,0.866254
1779109200,309019.0,309019.0,306009.0,306501.0,0.999257
1779112800,306501.0,306501.0,303865.0,304265.0,2.314952
1779116400,304115.0,304332.0,303000.0,304179.0,1.628394
1779120000,303932.0,305098.0,303719.0,304300.0,0.611252
1779123600,304251.0,305398.0,304091.0,305398.0,0.320416
1779127200,305367.0,305367.0,302696.0,303674.0,0.84924
1779130800,303674.0,306096.0,303674.0,306095.0,0.199617
1779134400,306182.0,306835.0,306090.0,306090.0,0.05698
1779138000,305968.0,306693.0,305900.0,306692.0,0.055071
1779141600,306878.0,307027.0,306406.0,306407.0,0.258508
1779145200,306407.0,306551.0,306134.0,306259.0,0.36386
1779148800,306259.0,307057.0,306257.0,306721.0,0.337804
1779152400,306722.0,306722.0,305140.0,305307.0,0.337698
1779156000,305306.0,306000.0,304566.0,305001.0,0.660908
1779159600,305000.0,305639.0,305000.0,305315.0,0.504728
1779163200,305311.0,305899.0,305303.0,305852.0,0.376762
1779166800,305874.0,305997.0,305312.0,305927.0,1.150504
1779170400,305926.0,306435.0,305926.0,306361.0,0.563888
1779174000,306361.0,306998.0,306360.0,306997.0,0.333248
1779177600,306997.0,307000.0,306504.0,306683.0,0.451181
1779181200,306503.0,306581.0,305479.0,305884.0,0.430009
1779184800,305683.0,306937.0,305683.0,306937.0,0.285036
1779188400,306938.0,306998.0,306000.0,306001.0,0.560907
1779192000,305916.0,306656.0,305782.0,306656.0,0.428576
1779195600,306656.0,306939.0,305601.0,306621.0,0.495123
1779199200,306621.0,306621.0,304201.0,304510.0,1.387278
1779202800,304614.0,305810.0,304612.0,305280.0,0.36826
1779206400,305389.0,306870.0,305257.0,306870.0,0.180397
1779210000,306870.0,307000.0,306436.0,306825.0,0.083825
1779213600,306813.0,306978.0,306601.0,306601.0,0.090356
1779217200,306934.0,307670.0,306934.0,307059.0,0.168136
1779220800,306770.0,307546.0,306769.0,307546.0,0.049225
1779224400,307546.0,307546.0,307443.0,307454.0,0.050245
1779228000,307443.0,307443.0,306154.0,306499.0,0.105778
1779231600,306332.0,307262.0,306331.0,307261.0,0.341181
1779235200,307262.0,307262.0,306009.0,306835.0,0.330512
1779238800,306835.0,307000.0,305888.0,306943.0,1.141681
1779242400,306943.0,306949.0,306172.0,306354.0,0.242136
1779246000,306355.0,306749.0,306208.0,306749.0,0.269471
1779249600,306749.0,306749.0,306667.0,306668.0,0.283026
1779253200,306667.0,308453.0,306667.0,308005.0,0.605253
1779256800,308005.0,308684.0,308004.0,308684.0,0.664107
1779260400,308731.0,308731.0,308350.0,308350.0,0.499165
1779264000,308351.0,309170.0,308002.0,308914.0,1.055195
1779267600,308914.0,309037.0,308482.0,309001.0,0.749876
1779271200,309001.0,309376.0,308983.0,309025.0,0.541968
1779274800,309025.0,309025.0,308523.0,308601.0,0.769966
1779278400,308601.0,309630.0,308601.0,309630.0,0.255074
1779282000,309630.0,309630.0,307503.0,307636.0,1.080402
1779285600,307890.0,309211.0,307503.0,308999.0,0.325514
1779289200,308948.0,309880.0,308313.0,308915.0,0.77311
1779292800,309036.0,309339.0,307503.0,308379.0,0.336466
1779296400,308491.0,309864.0,308236.0,309384.0,0.233934
1779300000,309300.0,309463.0,308731.0,308742.0,0.087285
1779303600,308780.0,309692.0,308725.0,309692.0,0.06031
1779307200,309873.0,309873.0,309094.0,309659.0,0.065144
1779310800,309699.0,309854.0,309120.0,309120.0,0.026533
1779314400,309119.0,309119.0,307944.0,308454.0,0.106332
1779318000,308454.0,308455.0,308162.0,308455.0,0.362422
1779321600,308643.0,309860.0,308634.0,309820.0,0.481583
1779325200,309821.0,309880.0,308920.0,308961.0,0.56685
1779328800,308961.0,309879.0,308960.0,309778.0,0.417822
1779332400,309779.0,310000.0,309501.0,309999.0,0.399229
1779336000,310000.0,310310.0,309781.0,309974.0,0.342505
1779339600,309974.0,309975.0,309052.0,309169.0,0.404372
1779343200,309256.0,309451.0,308580.0,308581.0,0.258213
1779346800,308551.0,309493.0,308231.0,309247.0,0.831081
1779350400,309343.0,310000.0,309154.0,309164.0,0.336461
1779354000,309155.0,309687.0,308039.0,308326.0,0.295493
1779357600,308154.0,308154.0,307031.0,307032.0,0.42551
1779361200,307031.0,307122.0,306494.0,306691.0,0.135053
1779364800,306692.0,307218.0,306236.0,307217.0,0.302753
1779368400,307040.0,307202.0,305500.0,306209.0,0.778253
1779372000,306313.0,306639.0,305612.0,305914.0,0.482369
1779375600,305914.0,307501.0,305900.0,307127.0,0.225548
1779379200,307272.0,307272.0,306503.0,306504.0,0.050221
1779382800,306504.0,310000.0,306504.0,309814.0,0.420245
1779386400,309693.0,309693.0,307245.0,307357.0,0.042154
1779390000,307766.0,308578.0,307739.0,308512.0,0.011595
1779393600,308940.0,309156.0,308761.0,308761.0,0.03934
1779397200,309049.0,309177.0,308584.0,308697.0,0.063801
1779400800,308463.0,308463.0,308406.0,308449.0,0.079209
1779404400,308449.0,308961.0,308425.0,308501.0,0.150314
1779408000,308501.0,308501.0,307533.0,307533.0,0.264135
1779411600,307444.0,308449.0,307379.0,308447.0,0.384178
1779415200,308447.0,308970.0,308421.0,308422.0,0.467212
1779418800,308422.0,309231.0,308421.0,309168.0,0.298096
1779422400,309192.0,309487.0,308700.0,308729.0,0.33907
1779426000,308729.0,309090.0,308349.0,308349.0,0.679137
1779429600,308349.0,308416.0,308002.0,308054.0,0.892066
1779433200,308054.0,308570.0,307888.0,308032.0,0.452669
1779436800,308169.0,308458.0,307506.0,307506.0,0.191456
1779440400,307500.0,307846.0,307205.0,307846.0,0.606416
1779444000,307846.0,307846.0,307380.0,307479.0,0.180269
1779447600,307479.0,307990.0,307478.0,307817.0,0.24182
1779451200,307840.0,308414.0,307776.0,308026.0,0.383204
1779454800,308213.0,308229.0,307001.0,307014.0,0.267093
1779458400,307001.0,307001.0,305500.0,305672.0,0.478286
1779462000,305672.0,306409.0,305500.0,305552.0,0.193461
1779465600,305552.0,306405.0,305551.0,306223.0,0.365228
1779469200,306223.0,306744.0,306201.0,306201.0,0.205545
1779472800,306201.0,306201.0,304000.0,304846.0,0.958604
1779476400,304824.0,304825.0,302291.0,302291.0,0.741274
1779480000,302292.0,303015.0,302292.0,302802.0,0.194756
1779483600,303001.0,303154.0,302971.0,303046.0,0.190211
1779487200,303045.0,303045.0,301501.0,301989.0,0.803353
1779490800,301989.0,302659.0,301203.0,301377.0,0.729655
1779494400,301377.0,301629.0,300255.0,300773.0,0.826051
1779498000,300800.0,301244.0,300000.0,301172.0,1.813204
1779501600,301173.0,301526.0,300993.0,301525.0,1.000729
1779505200,301526.0,301737.0,301526.0,301683.0,0.171102
1779508800,301683.0,301831.0,301511.0,301526.0,0.687444
1779512400,301527.0,301534.0,301311.0,301311.0,0.560528
1779516000,301312.0,301370.0,301036.0,301098.0,0.192091
1779519600,301099.0,301151.0,297689.0,297929.0,1.915904
1779523200,298129.0,298990.0,297669.0,298988.0,1.234709
1779526800,298988.0,300001.0,298405.0,299014.0,0.410104
1779530400,299015.0,300114.0,299015.0,299464.0,0.268593
1779534000,299464.0,299899.0,299439.0,299801.0,0.508335
1779537600,299801.0,299899.0,299280.0,299339.0,0.473911
1779541200,299340.0,300834.0,299340.0,300834.0,0.441273
1779544800,300833.0,301899.0,300691.0,301868.0,0.280588
1779548400,301869.0,302192.0,301342.0,301635.0,0.133032
1779552000,301971.0,301971.0,301244.0,301367.0,0.095017
1779555600,301574.0,301574.0,301084.0,301385.0,0.101907
1779559200,301385.0,302993.0,301385.0,302993.0,0.430314
1779562800,302962.0,303000.0,302400.0,303000.0,0.09582
1779566400,302999.0,307418.0,302999.0,307418.0,0.13179
1779570000,307710.0,308000.0,305408.0,306009.0,0.962241
1779573600,306135.0,306442.0,304699.0,305267.0,0.044213
1779577200,305271.0,306325.0,305171.0,305754.0,0.372909
1779580800,306231.0,306259.0,304998.0,306050.0,0.729732
1779584400,306275.0,306459.0,305704.0,306088.0,0.316642
1779588000,306203.0,306450.0,305454.0,305948.0,0.261316
1779591600,305948.0,306666.0,305850.0,306001.0,0.135775
1779595200,306001.0,306106.0,305561.0,305887.0,0.215854
1779598800,305887.0,305898.0,305289.0,305898.0,0.438605
1779602400,305898.0,306728.0,305898.0,306728.0,0.427831
1779606000,306904.0,306946.0,306075.0,306076.0,0.189927
1779609600,306326.0,306400.0,306010.0,306228.0,0.266182
1779613200,306272.0,306994.0,306272.0,306960.0,0.525885
1779616800,306954.0,308499.0,306666.0,307498.0,0.401289
1779620400,307498.0,308233.0,307498.0,308076.0,0.144698
1779624000,308076.0,308076.0,307370.0,307513.0,0.373478
1779627600,307513.0,307513.0,306000.0,306000.0,1.448443
1779631200,306000.0,306023.0,304026.0,304869.0,1.060567
1779634800,304868.0,304995.0,304490.0,304583.0,0.568989
1779638400,304489.0,305500.0,304489.0,305467.0,0.419193
1779642000,305498.0,305498.0,305148.0,305497.0,0.074637
1779645600,305497.0,305497.0,305119.0,305345.0,0.065283
1779649200,305495.0,305499.0,305383.0,305483.0,0.051451
1779652800,305498.0,305498.0,305295.0,305296.0,0.059272
1779656400,305407.0,305471.0,303800.0,303801.0,0.161543
1779660000,303800.0,306683.0,303800.0,306005.0,0.159522
1779663600,306408.0,307465.0,305589.0,307039.0,0.265817
1779667200,307039.0,307273.0,305199.0,305834.0,1.077842
1779670800,305789.0,306089.0,305094.0,305250.0,0.483909
1779674400,305030.0,306771.0,305000.0,305631.0,0.304096
1779678000,305577.0,305804.0,305085.0,305302.0,0.336981
1779681600,305302.0,306214.0,305002.0,306213.0,0.74716
1779685200,306201.0,306399.0,306012.0,306210.0,0.505932
1779688800,306207.0,306718.0,305532.0,306344.0,0.511588
1779692400,306344.0,306627.0,305421.0,306021.0,0.141688
1779696000,305943.0,306295.0,305593.0,306199.0,0.369922
1779699600,306217.0,306800.0,306128.0,306800.0,0.376951
1779703200,306800.0,306800.0,306515.0,306632.0,0.810463
1779706800,306632.0,306632.0,306005.0,306006.0,0.49941
1779710400,306006.0,306093.0,306000.0,306093.0,0.41529
1779714000,306093.0,306093.0,306091.0,306092.0,0.306432
1779717600,306091.0,307557.0,306091.0,307466.0,0.569852
1779721200,307523.0,307800.0,307020.0,307188.0,0.232535
1779724800,307188.0,307712.0,307009.0,307638.0,0.241373
1779728400,307715.0,307779.0,307117.0,307177.0,0.186258
1779732000,307177.0,307178.0,307177.0,307178.0,0.083472
1779735600,307177.0,307177.0,306505.0,306570.0,0.103627
1779739200,306570.0,306687.0,306339.0,306340.0,0.092595
1779742800,306340.0,306340.0,306338.0,306338.0,0.034487
1779746400,306339.0,306445.0,305532.0,305532.0,0.884374
1779750000,305531.0,306196.0,305531.0,306161.0,0.18283
1779753600,306138.0,306138.0,304001.0,304353.0,2.17182
1779757200,304211.0,304657.0,304007.0,304629.0,0.425387
1779760800,304601.0,304739.0,304217.0,304218.0,0.499451
1779764400,304254.0,304509.0,304011.0,304508.0,0.627361
1779768000,304509.0,304839.0,304305.0,304837.0,0.429638
1779771600,304838.0,305299.0,304837.0,305293.0,0.586017
1779775200,305293.0,305298.0,305156.0,305297.0,0.175827
1779778800,305296.0,305297.0,304457.0,304662.0,0.317315
1779782400,304663.0,305037.0,304662.0,304865.0,0.27699
1779786000,304866.0,304953.0,304668.0,304674.0,0.200582
1779789600,304675.0,307602.0,304674.0,307504.0,0.728088
1779793200,307503.0,307503.0,306651.0,306669.0,0.314961
1779796800,306669.0,306669.0,305426.0,306184.0,0.616691
1779800400,306271.0,306999.0,304682.0,306559.0,0.67518
1779804000,306667.0,309215.0,305000.0,305694.0,1.680266
1779807600,305693.0,305693.0,303071.0,303404.0,0.462291
1779811200,303626.0,304549.0,303035.0,303901.0,0.356157
1779814800,303900.0,304098.0,301660.0,301961.0,0.435052
1779818400,301959.0,302803.0,301500.0,302155.0,0.514528
1779822000,301944.0,302182.0,301812.0,302182.0,0.032304
1779825600,302182.0,302512.0,302182.0,302420.0,0.025568
1779829200,302427.0,302427.0,302003.0,302003.0,0.056593
1779832800,302002.0,302003.0,301789.0,301789.0,0.113413
1779836400,301789.0,303001.0,301788.0,302301.0,0.648018
1779840000,302277.0,303999.0,302272.0,303006.0,0.562624
1779843600,303006.0,303006.0,302112.0,302461.0,0.24991
1779847200,302461.0,302461.0,302019.0,302245.0,0.628332
1779850800,302246.0,302883.0,301852.0,301852.0,0.199513
1779854400,301852.0,301852.0,300501.0,301354.0,0.330837
1779858000,301354.0,301828.0,301353.0,301827.0,0.122536
1779861600,301802.0,302555.0,301802.0,302231.0,0.843331
1779865200,302231.0,302969.0,302180.0,302969.0,0.549386
1779868800,302972.0,303303.0,302476.0,302659.0,0.444471
1779872400,302659.0,302959.0,302031.0,302668.0,0.506308
1779876000,302668.0,303129.0,302506.0,302557.0,0.199802
1779879600,302557.0,302871.0,302170.0,302171.0,0.223574
1779883200,302171.0,303205.0,301581.0,301805.0,0.473155
1779886800,301806.0,302037.0,299000.0,299269.0,1.890634
1779890400,299269.0,300109.0,298802.0,299502.0,0.759129
1779894000,299501.0,300980.0,299501.0,300564.0,0.266449
1779897600,300563.0,300579.0,299501.0,300290.0,0.171444
1779901200,300283.0,300580.0,298667.0,298668.0,0.374738
1779904800,298669.0,298672.0,298667.0,298668.0,0.084891
1779908400,298668.0,298668.0,298668.0,298668.0,0.0
1779912000,298668.0,298668.0,298668.0,298668.0,0.0
1779915600,298668.0,298668.0,298668.0,298668.0,0.0
1779919200,298668.0,298668.0,298668.0,298668.0,0.0
1779922800,307939.0,309000.0,297000.0,300139.0,2.642693
1779926400,300186.0,300186.0,297686.0,297759.0,1.111286
1779930000,297707.0,299441.0,296384.0,297001.0,1.493878
1779933600,297002.0,297691.0,296804.0,297141.0,1.164904
1779937200,297100.0,297238.0,294500.0,294794.0,1.242111
1779940800,294687.0,294687.0,292598.0,292599.0,1.900159
1779944400,292599.0,292990.0,292002.0,292500.0,1.907893
1779948000,292501.0,292501.0,291512.0,292194.0,1.56113
1779951600,292194.0,293744.0,292194.0,293328.0,1.554202
1779955200,293329.0,293329.0,292801.0,292801.0,0.921594
1779958800,292800.0,293669.0,292532.0,293668.0,0.848198
1779962400,293656.0,294064.0,291301.0,293180.0,2.427055
1779966000,293181.0,293537.0,292917.0,293536.0,1.195394
1779969600,293537.0,294069.0,292631.0,293985.0,0.840684
1779973200,293791.0,293986.0,291177.0,291811.0,1.644579
1779976800,291810.0,294032.0,290503.0,291709.0,1.532301
1779980400,291740.0,292231.0,291079.0,291151.0,0.572509
1779984000,291152.0,293000.0,291003.0,292999.0,0.446328
1779987600,293000.0,293884.0,292656.0,293455.0,0.211144
1779991200,293437.0,294041.0,293402.0,293689.0,0.20169
1779994800,293669.0,293669.0,292570.0,293206.0,0.744422
1779998400,292833.0,293947.0,292661.0,293721.0,0.372449
1780002000,293604.0,294077.0,293256.0,294001.0,0.152152
1780005600,294031.0,294031.0,292651.0,292653.0,0.110036
1780009200,293032.0,293353.0,292860.0,293311.0,0.192417
1780012800,293310.0,293355.0,292899.0,292916.0,0.390421
1780016400,292916.0,293040.0,292190.0,292190.0,0.237022
1780020000,292268.0,292426.0,291050.0,291051.0,0.649396
1780023600,291052.0,291750.0,291051.0,291326.0,0.345131
1780027200,291326.0,291827.0,291301.0,291827.0,0.357034
1780030800,291827.0,292679.0,291825.0,292679.0,0.52076
1780034400,292600.0,293276.0,292392.0,292902.0,0.987277
1780038000,292902.0,293042.0,291773.0,291823.0,0.531991
1780041600,291968.0,293249.0,291968.0,292726.0,0.999287
1780045200,292765.0,293344.0,292713.0,292878.0,0.476434
1780048800,292878.0,293053.0,292559.0,292890.0,0.304077
1780052400,292579.0,293020.0,292179.0,292438.0,0.205524
1780056000,292438.0,292512.0,292005.0,292111.0,1.152595
1780059600,292011.0,292087.0,290803.0,291690.0,0.47593
1780063200,291521.0,291521.0,289565.0,291427.0,1.748789
1780066800,291208.0,295000.0,291001.0,293851.0,1.027409
1780070400,293958.0,294992.0,293043.0,294820.0,0.279524
1780074000,294998.0,295888.0,294508.0,294876.0,0.398735
1780077600,294526.0,294845.0,291818.0,292105.0,0.073119
1780081200,292181.0,293480.0,291845.0,292796.0,0.049232
1780084800,292938.0,293697.0,292938.0,293262.0,0.085798
1780088400,293398.0,293875.0,292579.0,292995.0,0.077981
1780092000,292546.0,293022.0,292538.0,292727.0,0.19168
1780095600,292555.0,292660.0,292110.0,292660.0,0.283862
1780099200,292660.0,292888.0,292460.0,292757.0,0.34036
1780102800,292721.0,293054.0,292156.0,293044.0,0.946858
1780106400,293093.0,293422.0,293001.0,293422.0,0.910547
1780110000,293452.0,293498.0,292442.0,292502.0,0.806478
1780113600,292502.0,292725.0,291515.0,292037.0,0.725006
1780117200,292109.0,292789.0,291894.0,292772.0,0.266201
1780120800,292772.0,292980.0,292629.0,292979.0,0.250504
1780124400,292978.0,292979.0,292602.0,292603.0,0.173091
1780128000,292603.0,292971.0,292602.0,292668.0,0.684587
1780131600,292669.0,292914.0,292668.0,292900.0,0.405706
1780135200,292965.0,293109.0,292860.0,293011.0,0.396879
1780138800,293013.0,293158.0,292975.0,293006.0,0.145342
1780142400,293007.0,293245.0,293007.0,293245.0,0.228164
1780146000,293245.0,293878.0,293245.0,293876.0,0.450741
1780149600,293876.0,294749.0,293876.0,294444.0,0.486678
1780153200,294454.0,294741.0,294164.0,294363.0,0.152726
1780156800,294393.0,294522.0,294288.0,294496.0,0.304626
1780160400,294471.0,294520.0,294082.0,294519.0,0.057158
1780164000,294520.0,294860.0,294519.0,294859.0,0.152425
1780167600,294836.0,294858.0,294717.0,294835.0,0.058395
1780171200,294835.0,294835.0,294551.0,294656.0,0.140721
1780174800,294672.0,294778.0,294491.0,294565.0,0.026616
1780178400,294391.0,294393.0,294105.0,294320.0,0.206605
1780182000,294319.0,294739.0,294053.0,294287.0,0.242085
1780185600,294511.0,294860.0,294223.0,294859.0,0.202599
1780189200,294859.0,295884.0,294859.0,295055.0,0.240564
1780192800,295054.0,295606.0,294549.0,294812.0,0.234795
1780196400,294999.0,295610.0,294999.0,295352.0,0.522993
1780200000,295352.0,295602.0,295351.0,295599.0,0.344902
1780203600,295598.0,295609.0,295144.0,295146.0,0.292817
1780207200,295198.0,295206.0,295001.0,295206.0,0.479588
1780210800,295205.0,295205.0,294377.0,294542.0,0.43572
1780214400,294541.0,294829.0,294399.0,294736.0,0.274837
1780218000,294708.0,295000.0,294399.0,294399.0,0.244498
1780221600,294399.0,294399.0,294059.0,294380.0,0.225277
1780225200,294380.0,294738.0,294379.0,294668.0,0.321702
1780228800,294609.0,294778.0,294331.0,294462.0,0.427052
1780232400,294465.0,294783.0,294078.0,294159.0,0.442236
1780236000,294159.0,294159.0,293027.0,293292.0,0.287636
1780239600,293293.0,293943.0,293293.0,293547.0,0.167861
1780243200,293571.0,293847.0,292703.0,293138.0,0.384125
1780246800,293226.0,293793.0,293021.0,293730.0,0.257676
1780250400,293758.0,293758.0,293354.0,293394.0,0.165521
1780254000,293559.0,293559.0,293033.0,293299.0,0.052516
1780257600,293590.0,293812.0,293590.0,293791.0,0.021573
1780261200,293792.0,294483.0,293591.0,294483.0,0.031934
1780264800,294494.0,294802.0,293838.0,294791.0,0.279743
1780268400,294798.0,295138.0,293031.0,293549.0,0.436968
1780272000,293581.0,294968.0,293315.0,294296.0,0.509593
1780275600,294508.0,294508.0,292501.0,292501.0,0.764446
1780279200,292501.0,294431.0,292166.0,294054.0,0.50604
1780282800,294179.0,294968.0,294001.0,294011.0,0.21305
1780286400,294012.0,294291.0,292308.0,293076.0,0.28171
1780290000,293015.0,293106.0,292601.0,292601.0,0.31907
1780293600,292600.0,292601.0,290671.0,291353.0,0.780965
1780297200,291353.0,291598.0,290003.0,290389.0,0.739602
1780300800,290222.0,290678.0,290000.0,290649.0,1.034995
1780304400,290552.0,291281.0,290382.0,290469.0,0.856802
1780308000,290631.0,290631.0,289565.0,290064.0,0.638538
1780311600,290064.0,290064.0,288547.0,288855.0,0.741391
1780315200,289448.0,289448.0,287002.0,287919.0,2.213289
1780318800,288005.0,288152.0,285011.0,286124.0,3.42043
1780322400,286054.0,286996.0,285221.0,285428.0,1.344346
1780326000,285552.0,285914.0,283888.0,283900.0,1.881353
1780329600,283900.0,285618.0,283000.0,285212.0,1.151474
1780333200,285271.0,286186.0,282539.0,285609.0,1.189624
1780336800,285778.0,285778.0,284510.0,284827.0,0.410255
1780340400,285134.0,285587.0,284570.0,285261.0,0.05092
1780344000,285270.0,285752.0,284894.0,284894.0,0.064729
1780347600,284764.0,284764.0,283002.0,283002.0,0.104243
1780351200,283000.0,284636.0,281100.0,284636.0,0.65918
1780354800,284679.0,285036.0,283950.0,284503.0,0.420943
1780358400,284503.0,284503.0,283324.0,283972.0,0.674903
1780362000,283993.0,284412.0,282010.0,282010.0,0.895723
1780365600,282011.0,282534.0,280013.0,282189.0,1.172331
1780369200,282431.0,284055.0,282357.0,282961.0,1.01105
1780372800,282995.0,283190.0,282023.0,282266.0,0.550829
1780376400,282266.0,282382.0,280302.0,280302.0,0.438249
1780380000,280302.0,287000.0,280000.0,280000.0,2.463638
1780383600,280435.0,280499.0,279408.0,280106.0,1.181447
1780387200,280107.0,280129.0,279000.0,279001.0,0.80295
1780390800,279001.0,279001.0,277000.0,277501.0,1.354624
1780394400,277501.0,278100.0,277405.0,278000.0,2.267485
1780398000,278000.0,278000.0,277001.0,277330.0,0.735027
1780401600,277247.0,277526.0,275670.0,275830.0,1.477548
1780405200,275830.0,276201.0,275089.0,275089.0,1.499253
1780408800,275089.0,276000.0,272101.0,273001.0,3.561633
1780412400,273001.0,273001.0,270000.0,270001.0,3.382634
1780416000,270001.0,272999.0,270000.0,270502.0,1.581348
1780419600,270500.0,271526.0,270181.0,270420.0,0.853805
1780423200,270441.0,270967.0,269657.0,269659.0,0.756249
1780426800,269658.0,270349.0,267700.0,269422.0,1.303063
1780430400,269422.0,270965.0,269000.0,270689.0,0.879859
1780434000,270785.0,271939.0,270501.0,270568.0,0.398619
1780437600,270552.0,270552.0,266669.0,266669.0,1.27898
1780441200,266669.0,269310.0,265000.0,268050.0,2.915584
1780444800,268050.0,269147.0,267542.0,268512.0,2.155714
1780448400,268512.0,270735.0,266888.0,267470.0,7.201177
1780452000,267470.0,267676.0,267014.0,267485.0,1.188329
1780455600,267484.0,267485.0,261981.0,263937.0,7.629314
1780459200,263937.0,267094.0,262754.0,266284.0,2.430806
1780462800,266519.0,270000.0,266519.0,270000.0,1.399705
1780466400,270000.0,272450.0,267418.0,268896.0,5.621589
1780470000,268896.0,269799.0,268161.0,269760.0,0.892564
1780473600,269761.0,269761.0,268801.0,268990.0,0.661445
1780477200,268990.0,270757.0,268002.0,269395.0,1.088806
1780480800,269395.0,270984.0,269382.0,270001.0,1.140681
1780484400,270039.0,270500.0,269329.0,269329.0,1.283091
1780488000,269329.0,269626.0,265961.0,269314.0,2.784186
1780491600,269300.0,269881.0,267580.0,268443.0,1.251222
1780495200,268521.0,269015.0,268000.0,268322.0,0.908266
1780498800,268356.0,268358.0,265501.0,265501.0,0.868127
1780502400,265501.0,266372.0,263508.0,265179.0,1.151651
1780506000,265178.0,265550.0,264001.0,264768.0,0.47248
1780509600,264910.0,265188.0,264019.0,265010.0,0.392818
1780513200,264965.0,264966.0,262224.0,262704.0,0.299266
1780516800,262578.0,263179.0,260526.0,260550.0,1.37245
1780520400,260918.0,263967.0,260864.0,263967.0,0.296958
1780524000,263860.0,263908.0,260550.0,260567.0,0.643713
1780527600,260591.0,260810.0,257771.0,257772.0,6.183301
1780531200,257772.0,259783.0,252436.0,253907.0,5.029916
1780534800,254050.0,254608.0,250222.0,250223.0,3.60774
1780538400,250223.0,258399.0,249372.0,255658.0,8.095635
1780542000,255899.0,265447.0,255883.0,259998.0,8.950645
1780545600,259999.0,265448.0,259991.0,260050.0,5.936498
1780549200,260049.0,260049.0,257501.0,258207.0,2.050279
1780552800,258233.0,259981.0,258208.0,258230.0,1.497322
1780556400,258230.0,259803.0,256478.0,257336.0,1.304023
1780560000,257335.0,257923.0,255657.0,256929.0,1.262341
1780563600,256679.0,260000.0,253500.0,255036.0,3.110929
1780567200,255011.0,255169.0,251711.0,252016.0,2.64536
1780570800,251997.0,253140.0,251500.0,252497.0,2.535146
1780574400,252496.0,257886.0,252496.0,257133.0,3.179861
1780578000,257133.0,258500.0,254824.0,258500.0,3.925085
1780581600,258500.0,259998.0,257577.0,257845.0,1.312298
1780585200,257975.0,259603.0,257008.0,257902.0,1.412689
1780588800,257901.0,257902.0,256000.0,256352.0,0.603817
1780592400,256112.0,256783.0,254002.0,256119.0,0.6944
1780596000,256242.0,258217.0,254793.0,257413.0,0.57555
1780599600,257146.0,258192.0,256262.0,256621.0,0.106288
1780603200,256035.0,256534.0,254799.0,256534.0,0.157943
1780606800,256574.0,257440.0,255000.0,255217.0,0.866983
1780610400,255188.0,257041.0,255090.0,257023.0,0.265543
1780614000,257036.0,257701.0,255733.0,257633.0,1.443008
1780617600,257599.0,257646.0,256000.0,256001.0,1.380945
1780621200,256001.0,256326.0,254760.0,255784.0,1.955057
1780624800,255854.0,255988.0,253107.0,253263.0,1.579956
1780628400,253263.0,254384.0,252258.0,254206.0,2.024056
1780632000,254206.0,257710.0,253511.0,257684.0,1.22037
1780635600,257809.0,257809.0,253002.0,253002.0,1.176016
1780639200,253002.0,255499.0,250000.0,251392.0,7.069117
1780642800,251392.0,255878.0,249700.0,255834.0,5.767043
1780646400,255885.0,256000.0,252849.0,253335.0,2.316845
1780650000,253341.0,256089.0,253341.0,255020.0,1.364918
1780653600,255110.0,255546.0,253505.0,253663.0,1.708681
1780657200,253685.0,253951.0,251703.0,251703.0,1.004408
1780660800,251701.0,253401.0,250500.0,251499.0,1.11713
1780664400,251500.0,253377.0,248120.0,248120.0,4.134929
1780668000,248120.0,251499.0,246300.0,247685.0,6.760266
1780671600,247684.0,249000.0,246088.0,247243.0,4.583688
1780675200,247243.0,251497.0,245600.0,250790.0,3.068138
1780678800,251496.0,251497.0,248500.0,249075.0,0.963803
1780682400,249075.0,249412.0,244000.0,244000.0,4.692016
1780686000,244000.0,253555.0,243000.0,250295.0,0.693719
1780689600,250295.0,250295.0,242766.0,243100.0,0.361449
1780693200,250295.0,252500.0,250291.0,252000.0,0.264172
1780696800,252000.0,252555.0,250490.0,252291.0,0.389872
1780700400,252290.0,252555.0,248889.0,249612.0,0.64822
1780704000,249612.0,251677.0,249424.0,250991.0,1.454757
1780707600,250991.0,251382.0,250001.0,250419.0,0.863816
1780711200,250355.0,250365.0,249289.0,249562.0,1.666317
1780714800,249954.0,249954.0,248130.0,248461.0,2.01302
1780718400,248461.0,248888.0,244050.0,246023.0,3.662368
1780722000,246023.0,249668.0,244788.0,249281.0,1.582686
1780725600,249281.0,250521.0,248199.0,248643.0,1.148681
1780729200,248666.0,250171.0,248259.0,249690.0,0.912869
1780732800,249690.0,251000.0,248999.0,250341.0,1.476048
1780736400,250341.0,250415.0,249007.0,249034.0,0.679329
1780740000,249034.0,250749.0,246418.0,247545.0,1.686962
1780743600,247555.0,249000.0,247358.0,248449.0,1.700681
1780747200,248536.0,250828.0,248071.0,249546.0,0.640568
1780750800,249880.0,253368.0,248336.0,249004.0,2.244186
1780754400,249004.0,249555.0,248802.0,248802.0,1.098595
1780758000,248928.0,249266.0,247581.0,249134.0,1.090538
1780761600,249134.0,249512.0,248015.0,248968.0,0.870119
1780765200,248992.0,249199.0,248132.0,248177.0,0.794693
1780768800,248257.0,248693.0,247661.0,248489.0,0.360616
1780772400,248409.0,248725.0,247501.0,248002.0,0.34345
1780776000,248002.0,248388.0,247501.0,248037.0,0.151211
1780779600,248003.0,249636.0,248001.0,248860.0,0.266625
1780783200,248025.0,249130.0,247001.0,247225.0,0.209083
1780786800,247222.0,249479.0,247221.0,248350.0,0.279004
1780790400,249372.0,249672.0,247950.0,248083.0,0.467296
1780794000,248000.0,251999.0,248000.0,250867.0,0.808881
1780797600,250867.0,251083.0,250000.0,250966.0,1.269035
1780801200,250965.0,251997.0,250725.0,251694.0,1.129679
1780804800,251694.0,252379.0,251027.0,252376.0,1.380987
1780808400,252376.0,253044.0,252002.0,252471.0,1.641956
1780812000,252408.0,254187.0,252003.0,253878.0,0.790336
1780815600,253879.0,254910.0,253567.0,254905.0,0.897574
1780819200,254906.0,257360.0,254164.0,256865.0,2.652814
1780822800,256874.0,256874.0,255000.0,255193.0,1.091417
1780826400,255193.0,255418.0,254164.0,254499.0,0.781955
1780830000,254499.0,256409.0,254015.0,255341.0,0.777867
1780833600,255288.0,255310.0,251218.0,253132.0,1.140255
1780837200,252448.0,252887.0,251598.0,251909.0,1.044398
1780840800,252084.0,254854.0,251727.0,252461.0,1.036271
1780844400,252918.0,253607.0,252002.0,253421.0,0.884807
1780848000,253422.0,254326.0,253001.0,253008.0,0.545064
1780851600,253276.0,254020.0,253276.0,253709.0,0.154991
1780855200,253247.0,253951.0,253000.0,253000.0,0.145634
1780858800,253000.0,253000.0,250001.0,250002.0,0.420305
1780862400,250034.0,252289.0,250001.0,252193.0,0.320328
1780866000,252149.0,252816.0,251432.0,251432.0,0.21079
1780869600,252551.0,260000.0,251701.0,256051.0,0.829963
1780873200,256627.0,259165.0,255495.0,257784.0,1.164912
1780876800,257783.0,259942.0,257402.0,259457.0,0.920474
1780880400,259444.0,259463.0,256000.0,257511.0,0.677101
1780884000,257512.0,257799.0,256959.0,257635.0,0.886707
1780887600,257593.0,258718.0,257201.0,257740.0,2.325728
1780891200,257740.0,257955.0,256024.0,256400.0,1.503351
1780894800,256168.0,256446.0,255001.0,256428.0,1.589097
1780898400,256351.0,259320.0,256351.0,257270.0,1.117489
1780902000,257270.0,258704.0,256654.0,258616.0,0.718414
1780905600,258317.0,258343.0,257865.0,258229.0,0.586157
1780909200,258074.0,259720.0,258067.0,258998.0,0.897117
1780912800,258998.0,259519.0,258005.0,258459.0,1.032773
1780916400,258374.0,261000.0,258373.0,259605.0,0.891761
1780920000,259606.0,261334.0,257002.0,261317.0,1.474081
1780923600,261333.0,261398.0,259518.0,261099.0,1.281095
1780927200,260923.0,261998.0,260569.0,261994.0,1.03309
1780930800,261905.0,262998.0,261114.0,261400.0,1.781208
1780934400,261096.0,262000.0,260046.0,260104.0,0.40772
1780938000,260062.0,260289.0,259134.0,259578.0,2.408835
1780941600,259577.0,259578.0,259109.0,259110.0,0.347105
1780945200,259378.0,259378.0,258890.0,258890.0,0.043286
1780948800,258888.0,258889.0,257697.0,258118.0,0.164754
1780952400,258550.0,259843.0,258550.0,259801.0,0.065698
1780956000,259206.0,259206.0,258062.0,258710.0,0.494275
1780959600,258679.0,259314.0,256999.0,257000.0,1.628183
1780963200,257000.0,257536.0,255006.0,255222.0,0.528937
1780966800,255231.0,256248.0,255145.0,255909.0,0.826543
1780970400,255879.0,256031.0,255074.0,255946.0,1.73488
1780974000,255945.0,256582.0,255513.0,255781.0,1.436673
1780977600,255782.0,257926.0,255751.0,257924.0,0.745744
1780981200,257924.0,258553.0,257218.0,257961.0,0.551377
1780984800,257928.0,258040.0,257246.0,257460.0,0.711567
1780988400,257500.0,257984.0,256508.0,256999.0,1.525695
1780992000,256999.0,257190.0,255691.0,255692.0,1.803295
1780995600,255998.0,255998.0,255051.0,255334.0,0.654782
1780999200,255334.0,255638.0,255146.0,255638.0,0.4054
1781002800,255638.0,255638.0,254773.0,255049.0,1.172465
1781006400,255049.0,256008.0,254700.0,254801.0,0.372045
1781010000,254838.0,255000.0,253222.0,254001.0,1.216755
1781013600,254001.0,254004.0,249750.0,250681.0,3.477989
1781017200,250898.0,251714.0,249334.0,249367.0,2.360216
1781020800,249638.0,250601.0,248252.0,250601.0,1.808642
1781024400,250601.0,252038.0,250573.0,251505.0,0.404271
1781028000,251590.0,252381.0,251501.0,251977.0,0.095402
1781031600,251839.0,253054.0,251787.0,253022.0,0.565415
1781035200,253041.0,253645.0,252540.0,253323.0,0.325066
1781038800,253323.0,253567.0,251553.0,251732.0,0.366965
1781042400,251545.0,252090.0,251352.0,251465.0,0.235467
1781046000,251394.0,252083.0,251005.0,251279.0,0.494595
1781049600,251279.0,252089.0,250518.0,252041.0,0.510627
1781053200,252090.0,252090.0,250676.0,251573.0,0.897542
1781056800,251273.0,251547.0,249500.0,249500.0,0.629411
1781060400,249501.0,250643.0,249227.0,250643.0,0.798239
1781064000,250459.0,250661.0,249000.0,249260.0,0.595235
1781067600,249512.0,249835.0,248644.0,249672.0,0.691113
1781071200,249672.0,250648.0,249076.0,250264.0,0.565136
1781074800,250263.0,251602.0,250263.0,251393.0,0.941585
1781078400,251393.0,251393.0,249350.0,249611.0,1.124111
1781082000,249608.0,250443.0,248363.0,250019.0,0.891185
1781085600,250019.0,250255.0,249669.0,250255.0,0.313958
1781089200,250254.0,250257.0,248501.0,248693.0,0.308057
1781092800,248693.0,251750.0,248500.0,251221.0,0.940794
1781096400,251153.0,254396.0,250806.0,253199.0,0.858238
1781100000,253242.0,253657.0,252178.0,253109.0,0.515846
1781103600,253383.0,256008.0,252244.0,255250.0,0.573927
1781107200,255251.0,255251.0,252360.0,253149.0,0.297916
1781110800,253149.0,254236.0,251647.0,252276.0,0.470294
1781114400,252276.0,252674.0,251646.0,251912.0,0.349921
1781118000,251912.0,253108.0,251912.0,252722.0,0.053689
1781121600,252123.0,252435.0,251912.0,251982.0,0.095114
1781125200,251912.0,251912.0,250007.0,250285.0,0.105102
1781128800,250011.0,251091.0,249556.0,250481.0,0.377637
1781132400,250480.0,251377.0,249574.0,251112.0,0.423119
1781136000,251381.0,253146.0,251380.0,252903.0,0.436696
1781139600,252571.0,254382.0,252571.0,254089.0,0.587768
1781143200,254078.0,254316.0,253079.0,253658.0,0.340755
1781146800,253797.0,255999.0,253176.0,255994.0,0.811689
1781150400,255995.0,257987.0,254897.0,257984.0,7.969477
1781154000,257984.0,257984.0,255001.0,255285.0,1.267727
1781157600,255285.0,256910.0,255001.0,255920.0,0.732006
1781161200,255920.0,255920.0,255017.0,255656.0,0.296372
1781164800,255656.0,256372.0,255656.0,256372.0,0.505755
1781168400,256372.0,256372.0,255677.0,256283.0,0.662759
1781172000,256354.0,257153.0,255844.0,257153.0,0.411634
1781175600,257033.0,257387.0,257033.0,257052.0,0.240238
1781179200,257051.0,257267.0,255234.0,256609.0,0.451479
1781182800,256556.0,257388.0,255764.0,257024.0,0.370186
1781186400,257025.0,257025.0,256001.0,256001.0,0.720794
1781190000,256002.0,256052.0,255272.0,255607.0,0.962657
1781193600,255865.0,256000.0,255500.0,255500.0,0.316646
1781197200,255501.0,258852.0,254245.0,258852.0,0.781856
1781200800,258852.0,259243.0,258221.0,258804.0,0.249675
1781204400,258983.0,259999.0,258608.0,259419.0,0.226558
1781208000,259398.0,259398.0,258153.0,258428.0,0.127811
1781211600,258469.0,258998.0,258468.0,258997.0,0.3367
1781215200,258998.0,259300.0,258998.0,259016.0,0.282423
1781218800,258997.0,259466.0,258272.0,259316.0,0.517827
1781222400,259315.0,259487.0,258948.0,259091.0,0.368236
1781226000,259087.0,259087.0,257845.0,257899.0,0.903672
1781229600,257899.0,259121.0,257898.0,258646.0,1.0837
1781233200,258647.0,258647.0,258000.0,258183.0,0.465643
1781236800,258188.0,259138.0,258107.0,258800.0,0.416185
1781240400,258801.0,258801.0,257640.0,257641.0,0.410877
1781244000,257641.0,257651.0,255616.0,256099.0,0.540711
1781247600,256098.0,256932.0,256083.0,256932.0,1.172337
1781251200,256931.0,258379.0,256699.0,257961.0,0.46498
1781254800,257961.0,259660.0,257961.0,259339.0,0.462547
1781258400,259339.0,259339.0,258540.0,258947.0,0.543866
1781262000,258947.0,259487.0,258898.0,259369.0,0.494786
1781265600,259301.0,259301.0,258002.0,258115.0,0.312909
1781269200,258114.0,258364.0,257007.0,257105.0,0.412142
1781272800,258000.0,259999.0,257822.0,259999.0,0.438766
1781276400,259999.0,261798.0,258998.0,258998.0,0.994549
1781280000,258953.0,260001.0,258919.0,260001.0,0.229843
1781283600,260001.0,260576.0,259600.0,259621.0,0.167312
1781287200,259621.0,260025.0,259354.0,259385.0,0.141754
1781290800,259386.0,259585.0,259138.0,259138.0,0.046225
1781294400,259144.0,259144.0,258501.0,258501.0,0.031952
1781298000,258542.0,259156.0,258500.0,258500.0,0.140606
1781301600,258501.0,258807.0,258501.0,258690.0,0.024343
1781305200,258690.0,258964.0,257363.0,258964.0,0.525075
1781308800,258964.0,259201.0,258713.0,259176.0,0.48597
1781312400,259169.0,259897.0,259166.0,259895.0,0.152749
1781316000,259896.0,259898.0,259315.0,259315.0,0.318631
1781319600,259373.0,259586.0,258812.0,258890.0,0.524271
1781323200,258889.0,259237.0,258740.0,258999.0,0.202105
1781326800,259000.0,259109.0,258999.0,259046.0,0.148657
1781330400,259047.0,259793.0,259046.0,259793.0,0.467278
1781334000,259793.0,260236.0,259518.0,259984.0,0.373126
1781337600,260044.0,260183.0,259922.0,260001.0,0.275937
1781341200,260001.0,260096.0,259903.0,259903.0,0.11309
1781344800,259903.0,260267.0,259887.0,260027.0,0.175204
1781348400,260073.0,260555.0,260073.0,260555.0,0.35853
1781352000,260487.0,261464.0,260481.0,261337.0,0.362237
1781355600,261189.0,261668.0,261189.0,261401.0,0.524363
1781359200,261401.0,261671.0,261400.0,261670.0,0.551453
1781362800,261671.0,261999.0,261621.0,261935.0,0.391322
1781366400,261936.0,261936.0,260591.0,260638.0,0.130143
1781370000,260905.0,261196.0,260681.0,260733.0,0.099179
1781373600,260733.0,261500.0,260733.0,261227.0,0.198306
1781377200,261303.0,261500.0,261212.0,261500.0,0.053541
1781380800,261500.0,261885.0,261500.0,261633.0,0.034229
1781384400,261880.0,263379.0,261612.0,262690.0,0.237113
1781388000,262384.0,262725.0,262192.0,262710.0,0.059013
1781391600,262710.0,262928.0,262706.0,262706.0,0.180586
1781395200,262706.0,262998.0,262473.0,262998.0,0.279519
1781398800,262997.0,263499.0,262997.0,263388.0,1.156757
1781402400,263389.0,263389.0,263141.0,263142.0,0.570166
1781406000,263139.0,263235.0,263068.0,263072.0,0.113927
1781409600,263071.0,263072.0,262500.0,262501.0,0.290598
1781413200,262501.0,262501.0,262212.0,262294.0,0.319523
1781416800,262437.0,262665.0,262002.0,262002.0,0.369328
1781420400,262000.0,262454.0,261894.0,262454.0,0.39291
1781424000,262455.0,262455.0,262453.0,262454.0,0.339785
1781427600,262454.0,262999.0,262019.0,262997.0,1.320244
1781431200,262998.0,262998.0,262186.0,262186.0,0.333672
1781434800,262692.0,262849.0,262024.0,262685.0,0.648771
1781438400,262684.0,262685.0,261889.0,261889.0,0.149003
1781442000,261992.0,261992.0,261525.0,261767.0,0.717585
1781445600,261863.0,261863.0,260000.0,260348.0,1.719013
1781449200,260470.0,260887.0,260470.0,260852.0,0.158105
1781452800,260852.0,260853.0,260548.0,260548.0,0.127352
1781456400,260547.0,260547.0,259802.0,259802.0,0.32731
1781460000,259801.0,259801.0,259599.0,259599.0,0.164164
1781463600,259600.0,259847.0,259600.0,259735.0,0.157114
1781467200,259856.0,260707.0,259806.0,260707.0,0.045532
1781470800,260706.0,266000.0,260705.0,265742.0,1.14056
1781474400,265743.0,266000.0,264119.0,265825.0,0.655198
1781478000,265824.0,266936.0,265502.0,266936.0,1.102386
1781481600,266928.0,267707.0,265952.0,266001.0,2.15506
1781485200,266000.0,266555.0,265503.0,265948.0,1.699845
1781488800,265948.0,267049.0,265672.0,265672.0,0.911349
1781492400,265673.0,267843.0,265673.0,267711.0,0.674286
1781496000,267711.0,267711.0,266650.0,266650.0,0.686905
1781499600,266650.0,267356.0,266589.0,267355.0,0.394582
1781503200,267356.0,267851.0,267338.0,267399.0,0.553701
1781506800,267399.0,267904.0,266737.0,266738.0,1.315631
1781510400,266722.0,266999.0,266500.0,266548.0,2.349664
1781514000,266500.0,266962.0,266208.0,266315.0,0.26479
1781517600,266314.0,266856.0,266236.0,266835.0,0.357729
1781521200,266834.0,268798.0,266834.0,268690.0,0.556002
1781524800,268708.0,270000.0,268560.0,270000.0,1.520009
1781528400,270000.0,271587.0,269909.0,270001.0,3.310427
1781532000,270002.0,270998.0,269751.0,270506.0,1.335159
1781535600,270506.0,273399.0,270505.0,273399.0,1.197272
1781539200,273393.0,273407.0,272995.0,273230.0,0.940962
1781542800,272995.0,272995.0,271406.0,271696.0,0.473325
1781546400,271665.0,271999.0,271500.0,271601.0,0.283946
1781550000,271600.0,271741.0,270151.0,270560.0,0.175055
1781553600,270560.0,270854.0,270560.0,270560.0,0.092279
1781557200,270560.0,270560.0,270000.0,270000.0,0.081958
1781560800,270001.0,270174.0,269004.0,269252.0,0.637037
1781564400,269171.0,269654.0,269100.0,269654.0,0.265459
1781568000,269594.0,269930.0,269422.0,269501.0,0.488863
1781571600,269501.0,270176.0,269432.0,269975.0,0.638407
1781575200,269976.0,270119.0,267777.0,267777.0,1.249316
1781578800,267777.0,269390.0,267552.0,269252.0,1.16995
1781582400,269251.0,269662.0,268120.0,268341.0,0.570867
1781586000,268255.0,271999.0,268254.0,269269.0,1.980936
1781589600,269268.0,270999.0,269268.0,270715.0,0.481429
1781593200,270984.0,270984.0,270600.0,270603.0,0.298272
1781596800,270603.0,272803.0,270573.0,272803.0,1.072038
1781600400,272802.0,272802.0,271251.0,271251.0,1.080212
1781604000,271251.0,271911.0,271167.0,271320.0,0.490137
1781607600,271320.0,271677.0,271000.0,271052.0,0.77771
1781611200,271022.0,271999.0,271000.0,271001.0,0.453389
1781614800,271001.0,271001.0,269254.0,269784.0,1.09415
1781618400,269704.0,270366.0,267017.0,267792.0,1.413896
1781622000,267824.0,269211.0,267793.0,269064.0,1.010779
1781625600,269060.0,269078.0,268108.0,268175.0,0.482646
1781629200,268133.0,269051.0,268001.0,268800.0,0.219392
1781632800,268928.0,269733.0,268191.0,268319.0,0.545356
1781636400,268052.0,268054.0,267500.0,267500.0,0.047812
1781640000,267502.0,268417.0,267502.0,268397.0,0.04915
1781643600,268433.0,268663.0,267501.0,268072.0,0.021022
1781647200,268046.0,268603.0,267748.0,268073.0,0.160909
1781650800,268301.0,268351.0,267600.0,267951.0,0.435825
1781654400,267934.0,268540.0,267852.0,268020.0,0.307404
1781658000,268019.0,268698.0,267172.0,268698.0,0.758019
1781661600,268699.0,269373.0,268340.0,268715.0,0.40227
1781665200,268715.0,268779.0,268001.0,268412.0,0.671403
1781668800,268412.0,269173.0,268002.0,268702.0,0.462091
1781672400,268702.0,269088.0,268142.0,268680.0,0.365404
1781676000,268681.0,268777.0,267764.0,267775.0,0.483237
1781679600,267776.0,267979.0,266666.0,267015.0,0.58135
1781683200,267012.0,267015.0,265000.0,265001.0,1.382911
1781686800,265000.0,265425.0,264928.0,265001.0,0.626221
1781690400,265001.0,265169.0,264724.0,264801.0,0.235408
1781694000,264801.0,264801.0,263881.0,264665.0,0.577245
1781697600,264129.0,265396.0,264016.0,265381.0,0.459394
1781701200,265380.0,266540.0,265001.0,266301.0,0.643638
1781704800,265977.0,266991.0,264552.0,265983.0,0.340426
1781708400,265983.0,268025.0,265299.0,267796.0,0.607141
1781712000,268314.0,270701.0,268176.0,268656.0,0.986724
1781715600,268560.0,269286.0,268544.0,269191.0,0.291659
1781719200,269276.0,269276.0,264584.0,266824.0,0.614256
1781722800,267679.0,267679.0,261780.0,261817.0,1.924192
1781726400,262057.0,262940.0,262056.0,262906.0,0.029532
1781730000,262724.0,262946.0,262246.0,262246.0,0.069826
1781733600,262221.0,262879.0,261500.0,262522.0,0.3704
1781737200,262522.0,264001.0,262500.0,263253.0,4.658332
1781740800,263752.0,264733.0,263403.0,264002.0,0.439048
1781744400,264001.0,265236.0,264001.0,264085.0,0.955331
1781748000,264085.0,265197.0,264084.0,264898.0,0.533076
1781751600,264860.0,264860.0,264000.0,264001.0,0.396384
1781755200,264000.0,264001.0,262004.0,262167.0,1.371823
1781758800,262165.0,262698.0,262000.0,262698.0,0.441756
1781762400,262584.0,263245.0,262264.0,263184.0,0.623297
1781766000,263078.0,264884.0,263040.0,264858.0,0.824206
1781769600,264857.0,265987.0,264782.0,264804.0,1.811539
1781773200,264804.0,265499.0,264091.0,265006.0,0.629621
1781776800,264722.0,264739.0,263621.0,264614.0,0.462643
1781780400,264200.0,264898.0,263642.0,263958.0,0.162848
1781784000,263978.0,265656.0,263883.0,265573.0,0.302915
1781787600,265590.0,265656.0,263801.0,263801.0,0.447603
1781791200,263832.0,264499.0,262567.0,263516.0,0.8201
1781794800,263094.0,263094.0,258000.0,258001.0,1.903347
1781798400,258000.0,259277.0,258000.0,259010.0,1.189669
1781802000,259009.0,259009.0,257695.0,258570.0,0.597261
1781805600,258572.0,259657.0,258572.0,258938.0,0.211707
1781809200,258902.0,259869.0,258688.0,259857.0,0.057236
1781812800,259858.0,260500.0,259858.0,260286.0,0.035503
1781816400,260322.0,260322.0,259480.0,259791.0,0.094388
1781820000,259591.0,259715.0,259266.0,259366.0,0.096349
1781823600,259349.0,259469.0,259283.0,259469.0,0.929748
1781827200,259469.0,259872.0,259287.0,259825.0,0.299714
1781830800,259825.0,259826.0,259503.0,259640.0,0.443467
1781834400,259641.0,259824.0,259532.0,259744.0,0.23174
1781838000,259743.0,259745.0,258001.0,259404.0,1.768133
1781841600,259213.0,259830.0,258618.0,258619.0,0.509229
1781845200,258619.0,259499.0,258618.0,259499.0,0.313613
1781848800,259498.0,260730.0,259498.0,260701.0,0.656203
1781852400,260701.0,261003.0,259018.0,259766.0,1.535359
1781856000,259844.0,259999.0,259671.0,259712.0,0.419847
1781859600,259687.0,259687.0,258577.0,258578.0,0.276182
1781863200,258578.0,259300.0,258577.0,259300.0,0.363002
1781866800,259299.0,259607.0,259076.0,259539.0,0.473095
1781870400,259539.0,260399.0,258768.0,260218.0,0.321557
1781874000,260218.0,262541.0,260115.0,262012.0,0.643899
1781877600,261979.0,262549.0,261230.0,261930.0,0.624301
1781881200,261575.0,262251.0,261253.0,262144.0,0.100558
1781884800,262144.0,262794.0,261561.0,261587.0,0.388083
1781888400,261588.0,262033.0,260816.0,262025.0,0.114228
1781892000,262081.0,262081.0,261232.0,261278.0,0.034691
1781895600,261526.0,261526.0,261084.0,261297.0,0.188227
1781899200,261388.0,262166.0,261388.0,262166.0,0.025924
1781902800,262062.0,262212.0,261534.0,261534.0,0.020348
1781906400,261476.0,262555.0,261375.0,262387.0,0.431697
1781910000,262541.0,263398.0,262274.0,263340.0,0.388124
1781913600,263400.0,263733.0,263011.0,263453.0,0.19913
1781917200,263326.0,263656.0,262955.0,263447.0,0.472292
1781920800,263363.0,263439.0,262658.0,262659.0,0.21609
1781924400,262565.0,263201.0,262565.0,262979.0,0.099002
1781928000,263106.0,263615.0,262889.0,263395.0,0.167396
1781931600,263550.0,270399.0,263373.0,264100.0,8.928581
1781935200,264100.0,264355.0,264069.0,264355.0,0.291009
1781938800,264355.0,264739.0,264249.0,264525.0,0.320362
1781942400,264525.0,264525.0,263071.0,263391.0,0.774236
1781946000,263353.0,264599.0,263353.0,264534.0,0.215818
1781949600,264486.0,264566.0,264003.0,264153.0,0.134674
1781953200,264345.0,264624.0,264100.0,264298.0,0.111833
1781956800,264299.0,264661.0,264001.0,264011.0,0.39544
1781960400,264011.0,264105.0,263149.0,263484.0,0.287612
1781964000,263484.0,266000.0,263000.0,265506.0,0.440495
1781967600,265408.0,267292.0,265401.0,266090.0,0.567626
1781971200,266318.0,266318.0,265409.0,265747.0,0.140281
1781974800,265602.0,265784.0,265038.0,265166.0,0.143863
1781978400,265409.0,265410.0,265027.0,265128.0,0.076456
1781982000,265128.0,265509.0,265128.0,265505.0,0.19723
1781985600,265521.0,265529.0,265201.0,265362.0,0.009658
1781989200,265430.0,267596.0,265371.0,265975.0,0.015114
1781992800,265654.0,266998.0,265614.0,266826.0,0.291103
1781996400,266693.0,266767.0,266643.0,266766.0,0.309735
1782000000,266767.0,266992.0,266736.0,266992.0,0.435439
1782003600,266876.0,266998.0,266625.0,266789.0,0.186054
1782007200,266740.0,266834.0,266608.0,266789.0,0.109911
1782010800,266789.0,267504.0,266766.0,267445.0,0.343632
1782014400,267445.0,267985.0,266786.0,266892.0,0.239275
1782018000,266892.0,267243.0,266767.0,266954.0,0.165153
1782021600,266954.0,267200.0,266494.0,267131.0,0.242509
1782025200,267130.0,267131.0,266472.0,266554.0,0.478054
1782028800,266655.0,266655.0,265567.0,265897.0,0.115213
1782032400,265889.0,266500.0,265637.0,266500.0,0.602255
1782036000,266500.0,267000.0,266500.0,266999.0,0.079786
1782039600,267128.0,267497.0,266498.0,266498.0,0.602557
1782043200,266397.0,266617.0,265570.0,266557.0,0.257319
1782046800,266470.0,266470.0,266000.0,266264.0,0.315582
1782050400,266265.0,266265.0,265863.0,265967.0,0.177663
1782054000,265966.0,266825.0,265966.0,266501.0,0.342513
1782057600,266500.0,266501.0,266013.0,266223.0,0.251134
1782061200,266203.0,266373.0,265850.0,266016.0,0.149475
1782064800,266016.0,266018.0,265501.0,266018.0,0.04942
1782068400,266018.0,266325.0,266018.0,266210.0,0.058573
1782072000,266211.0,266372.0,264235.0,264869.0,0.048413
1782075600,264793.0,264992.0,263657.0,264638.0,0.03754
1782079200,264250.0,264926.0,263743.0,264025.0,0.356543
1782082800,264025.0,264027.0,262505.0,262507.0,0.826701
1782086400,262527.0,265319.0,262527.0,265191.0,0.742227
1782090000,264521.0,267900.0,264521.0,267484.0,1.761141
1782093600,267769.0,267769.0,266402.0,266402.0,0.551157
1782097200,266228.0,267074.0,264762.0,265267.0,0.680736
1782100800,265065.0,265955.0,264378.0,265706.0,0.961956
1782104400,265765.0,266432.0,265764.0,266260.0,0.222869
1782108000,266357.0,266381.0,265389.0,265650.0,0.257056
1782111600,266015.0,267023.0,265613.0,266434.0,0.413867
1782115200,266569.0,267064.0,265746.0,266400.0,0.366821
1782118800,266117.0,266479.0,266000.0,266243.0,0.384417
1782122400,266239.0,266479.0,265966.0,266210.0,0.117481
1782126000,266204.0,268499.0,266038.0,268413.0,1.108618
1782129600,268500.0,270696.0,268500.0,270345.0,1.450136
1782133200,270345.0,271999.0,270001.0,271999.0,1.193647
1782136800,271999.0,271999.0,269710.0,269998.0,0.655204
1782140400,269998.0,270554.0,269219.0,269219.0,0.896972
1782144000,269220.0,269220.0,268625.0,269195.0,0.224793
1782147600,269117.0,269176.0,268003.0,268743.0,0.202831
1782151200,268743.0,268952.0,268000.0,268000.0,0.305944
1782154800,267791.0,268084.0,267676.0,268084.0,0.085088
1782158400,268117.0,268328.0,267928.0,268013.0,0.024656
1782162000,268030.0,268030.0,267301.0,267335.0,0.095361
1782165600,267335.0,267645.0,265709.0,265983.0,0.324202
1782169200,265983.0,266000.0,265982.0,266000.0,0.225877
1782172800,266000.0,266752.0,266000.0,266640.0,0.112508
1782176400,266640.0,266944.0,265302.0,266140.0,1.032749
1782180000,266140.0,266655.0,266139.0,266468.0,0.607513
1782183600,266472.0,266472.0,265723.0,265974.0,0.274442
1782187200,265974.0,265989.0,264703.0,264703.0,0.266778
1782190800,264704.0,264758.0,263534.0,263534.0,1.460951
1782194400,263534.0,263534.0,260505.0,261807.0,1.351997
1782198000,261735.0,262230.0,261706.0,261860.0,0.497528
1782201600,261860.0,261860.0,258373.0,259848.0,1.634539
1782205200,259849.0,260112.0,259796.0,259796.0,0.892206
1782208800,259797.0,260023.0,259253.0,259474.0,0.823098
1782212400,259474.0,260521.0,259474.0,260231.0,0.524578
1782216000,260231.0,260231.0,259252.0,259252.0,0.556974
1782219600,259253.0,260075.0,258203.0,260075.0,1.073536
1782223200,260075.0,261525.0,260031.0,260050.0,0.680802
1782226800,260031.0,260031.0,259076.0,259674.0,0.995098
1782230400,259770.0,261024.0,259684.0,260045.0,0.506078
1782234000,260016.0,260284.0,259506.0,259506.0,0.100508
1782237600,259506.0,259506.0,258601.0,258601.0,0.264949
1782241200,258602.0,259370.0,258602.0,259122.0,0.094913
1782244800,259122.0,259628.0,259122.0,259182.0,0.027799
1782248400,259182.0,260000.0,259182.0,259999.0,0.138392
1782252000,259999.0,260272.0,259796.0,259796.0,0.117019
1782255600,259557.0,260283.0,259557.0,260283.0,0.153097
1782259200,260283.0,261566.0,260282.0,261314.0,0.413133
1782262800,261314.0,261620.0,260735.0,261184.0,0.648881
1782266400,261189.0,261189.0,260274.0,260509.0,0.387513
1782270000,260508.0,260792.0,259687.0,260573.0,0.501981
1782273600,260573.0,260573.0,259750.0,260531.0,0.388879
1782277200,260531.0,261323.0,260366.0,260985.0,0.284548
1782280800,261019.0,261019.0,260643.0,260645.0,0.403442
1782284400,260646.0,260829.0,260366.0,260366.0,0.389766
1782288000,260366.0,260478.0,260000.0,260478.0,0.897249
1782291600,260477.0,260625.0,260151.0,260215.0,0.225561
1782295200,260215.0,260215.0,259564.0,259564.0,0.499166
1782298800,259551.0,262078.0,259122.0,261535.0,0.346
1782302400,261535.0,261535.0,260262.0,260262.0,0.518734
1782306000,260262.0,260262.0,255555.0,255556.0,2.79765
1782309600,255556.0,255556.0,254000.0,254001.0,2.391915
1782313200,254001.0,254169.0,251339.0,251339.0,1.823929
1782316800,251493.0,252255.0,250000.0,250001.0,4.954418
1782320400,250001.0,250983.0,247218.0,247824.0,5.219189
1782324000,247824.0,249994.0,247801.0,249580.0,1.455939
1782327600,249285.0,250000.0,248751.0,250000.0,0.578726
1782331200,250037.0,255003.0,249651.0,254363.0,0.367727
1782334800,254643.0,254999.0,253415.0,254997.0,0.239225
1782338400,255000.0,255236.0,254014.0,254036.0,0.748125
1782342000,254126.0,255155.0,254036.0,255018.0,0.554221
1782345600,255018.0,255233.0,253327.0,253327.0,1.076243
1782349200,253323.0,260500.0,252545.0,252545.0,5.277073
1782352800,252545.0,252545.0,251479.0,251823.0,0.741606
1782356400,251823.0,251899.0,251500.0,251899.0,0.456225
1782360000,251899.0,253702.0,251500.0,253702.0,0.787578
1782363600,253701.0,256500.0,253619.0,254614.0,0.630166
1782367200,254655.0,255374.0,254601.0,255240.0,0.685517
1782370800,255089.0,255985.0,255015.0,255826.0,0.442546
1782374400,255821.0,255880.0,255210.0,255236.0,1.536131
1782378000,255225.0,255546.0,255212.0,255373.0,0.442282
1782381600,255373.0,255373.0,253810.0,253915.0,0.700357
1782385200,253914.0,254206.0,253003.0,253469.0,0.548512
1782388800,253470.0,255005.0,253004.0,253408.0,0.872825
1782392400,253598.0,253789.0,243477.0,243477.0,10.305946
1782396000,243477.0,252691.0,243282.0,247405.0,4.878889
1782399600,247409.0,247798.0,245301.0,247577.0,2.513006
1782403200,247577.0,249672.0,245603.0,245784.0,0.631022
1782406800,246087.0,247802.0,245312.0,247429.0,0.35263
1782410400,247502.0,247653.0,246279.0,246804.0,0.295592
1782414000,246564.0,246564.0,245501.0,245781.0,0.335396
1782417600,245650.0,247090.0,245650.0,245904.0,0.029259
1782421200,246038.0,249126.0,246038.0,249126.0,0.893677
1782424800,248715.0,248725.0,247138.0,247528.0,0.652283
1782428400,247590.0,248795.0,247393.0,247393.0,1.747151
1782432000,247394.0,247597.0,246749.0,246762.0,1.659793
1782435600,246761.0,246761.0,244266.0,244936.0,4.124889
1782439200,245160.0,245160.0,242101.0,242125.0,6.153784
1782442800,242120.0,247609.0,242007.0,247471.0,3.624386
1782446400,247709.0,247999.0,246990.0,247117.0,1.641394
1782450000,247125.0,247565.0,246751.0,247318.0,0.61466
1782453600,247309.0,249226.0,246690.0,248408.0,1.619901
1782457200,248408.0,249791.0,248222.0,249262.0,0.809684
1782460800,249261.0,249261.0,247504.0,247504.0,0.573389
1782464400,247502.0,247502.0,245025.0,245590.0,1.10919
1782468000,245590.0,245893.0,244002.0,244002.0,0.729311
1782471600,244001.0,245107.0,244001.0,244378.0,0.493665
1782475200,244416.0,246306.0,243020.0,244014.0,0.918342
1782478800,244001.0,247923.0,242000.0,247847.0,2.118487
1782482400,247996.0,247996.0,245333.0,245662.0,1.242476
1782486000,245334.0,248987.0,245334.0,248201.0,1.015588
1782489600,248407.0,249391.0,247016.0,247126.0,0.777075
1782493200,247198.0,247974.0,246742.0,246978.0,0.549346
1782496800,246989.0,247422.0,245333.0,245370.0,0.121675
1782500400,245506.0,247138.0,245506.0,246101.0,0.159527
1782504000,246333.0,246365.0,245392.0,245721.0,0.086909
1782507600,245670.0,246857.0,245518.0,246567.0,0.090678
1782511200,246396.0,246991.0,246072.0,246991.0,0.587007
1782514800,246933.0,247217.0,246637.0,247217.0,0.35678
1782518400,247217.0,247375.0,246394.0,247040.0,0.677344
1782522000,246981.0,247072.0,246619.0,246671.0,0.595729
1782525600,246563.0,248187.0,246563.0,248047.0,0.318965
1782529200,247840.0,248295.0,247676.0,247967.0,0.436592
1782532800,248052.0,248582.0,247642.0,247642.0,0.727585
1782536400,247642.0,247922.0,247347.0,247597.0,0.233622
1782540000,247604.0,248453.0,247263.0,248122.0,0.390621
1782543600,248122.0,248903.0,247827.0,248820.0,0.317202
1782547200,248819.0,248820.0,248156.0,248485.0,0.439936
1782550800,248473.0,248473.0,248004.0,248190.0,0.1758
1782554400,248191.0,248483.0,248191.0,248337.0,0.251553
1782558000,248337.0,248338.0,247400.0,248095.0,0.305515
1782561600,247979.0,248252.0,247716.0,248231.0,0.318971
1782565200,248259.0,248999.0,248145.0,248718.0,0.73758
1782568800,248719.0,248999.0,248568.0,248998.0,0.454766
1782572400,248998.0,249880.0,248915.0,249801.0,0.235457
1782576000,249801.0,249801.0,249500.0,249568.0,0.253096
1782579600,249520.0,249520.0,248696.0,248982.0,0.472822
1782583200,248741.0,248891.0,248543.0,248875.0,0.06863
1782586800,248890.0,248999.0,247140.0,247229.0,0.592108
1782590400,247540.0,247792.0,247540.0,247719.0,0.022622
1782594000,247825.0,248418.0,247310.0,247342.0,0.170374
1782597600,247139.0,247542.0,246202.0,247541.0,0.214255
1782601200,247542.0,247735.0,246501.0,246770.0,0.164719
1782604800,246770.0,247349.0,246770.0,247292.0,0.302479
1782608400,247292.0,247686.0,246770.0,247542.0,0.51735
1782612000,247541.0,247705.0,247002.0,247037.0,0.372285
1782615600,247037.0,247550.0,247036.0,247147.0,0.607149
1782619200,247056.0,247339.0,247056.0,247064.0,0.087
1782622800,247064.0,247064.0,245900.0,246347.0,0.448852
1782626400,246443.0,246537.0,245253.0,246443.0,0.881216
1782630000,246743.0,247514.0,246743.0,247311.0,0.307764
1782633600,247310.0,248346.0,247310.0,248341.0,0.33859
1782637200,248341.0,248341.0,247802.0,247802.0,0.112223
1782640800,247800.0,247800.0,246901.0,246902.0,0.331051
1782644400,246902.0,247731.0,246902.0,247578.0,0.588863
1782648000,247586.0,247803.0,247018.0,247368.0,0.279098
1782651600,247359.0,247359.0,246080.0,246485.0,0.299549
1782655200,246470.0,246993.0,246470.0,246502.0,0.544141
1782658800,246502.0,247968.0,245597.0,245598.0,1.088002
1782662400,245598.0,245928.0,245000.0,245009.0,0.6218
1782666000,245009.0,245516.0,244323.0,244747.0,1.986828
1782669600,244657.0,244996.0,244410.0,244659.0,0.050023
1782673200,244729.0,244985.0,243807.0,244108.0,0.251642
1782676800,244310.0,245184.0,244308.0,245012.0,0.038276
1782680400,245008.0,245160.0,243807.0,243902.0,0.021991
1782684000,244199.0,245827.0,242409.0,242609.0,0.78532
1782687600,242599.0,245587.0,242598.0,245001.0,0.219611
1782691200,245000.0,245128.0,242599.0,243985.0,1.310002
1782694800,243986.0,243991.0,242001.0,243015.0,0.769011
1782698400,243001.0,243494.0,241677.0,243494.0,2.602849
1782702000,243701.0,245224.0,243701.0,244564.0,1.68008
1782705600,244725.0,244725.0,244000.0,244014.0,0.24437
1782709200,244014.0,244554.0,242506.0,244554.0,0.884952
1782712800,244996.0,245758.0,244617.0,244767.0,0.665771
1782716400,244739.0,245102.0,244312.0,244613.0,0.458573
1782720000,244588.0,244677.0,244011.0,244012.0,1.757848
1782723600,244011.0,244580.0,244006.0,244580.0,0.359166
1782727200,244580.0,245656.0,244580.0,245120.0,0.266929
1782730800,245121.0,245121.0,243677.0,244065.0,0.388344
1782734400,244224.0,247396.0,243253.0,243994.0,0.700263
1782738000,243995.0,245491.0,242000.0,242474.0,0.907137
1782741600,242475.0,243178.0,241015.0,243057.0,2.053225
1782745200,243058.0,244200.0,241457.0,244026.0,1.261187
1782748800,244026.0,244200.0,243340.0,244199.0,0.303481
1782752400,244199.0,246888.0,244199.0,246371.0,0.853721
1782756000,246034.0,246364.0,244928.0,245361.0,0.353844
1782759600,245027.0,245954.0,244752.0,245743.0,0.275432
1782763200,245957.0,245965.0,245415.0,245416.0,0.048571
1782766800,245415.0,245999.0,245326.0,245999.0,0.230064
1782770400,246000.0,246076.0,245696.0,245747.0,0.210825
1782774000,245747.0,245747.0,245056.0,245101.0,0.480079
1782777600,245102.0,245102.0,243200.0,243492.0,0.397234
1782781200,243457.0,243793.0,243003.0,243566.0,0.97711
1782784800,243566.0,244396.0,243156.0,244017.0,0.931988
1782788400,244016.0,244017.0,243156.0,243156.0,0.345889
1782792000,243156.0,243444.0,242556.0,242760.0,0.808133
1782795600,242760.0,243359.0,242528.0,243357.0,0.504195
1782799200,243358.0,243388.0,243033.0,243113.0,0.77897
1782802800,243118.0,243309.0,243000.0,243082.0,1.139975
1782806400,243074.0,243594.0,242255.0,242467.0,1.266113
1782810000,242467.0,242710.0,242467.0,242708.0,0.7419
1782813600,242709.0,242996.0,242709.0,242996.0,0.621567
1782817200,242995.0,242998.0,242641.0,242641.0,0.745493
1782820800,242642.0,242642.0,240011.0,240012.0,3.109259
1782824400,240011.0,240631.0,239265.0,240499.0,7.699236
1782828000,240491.0,242795.0,239900.0,239901.0,1.96115
1782831600,239901.0,240747.0,239000.0,239568.0,1.620492
1782835200,239567.0,240210.0,239014.0,239915.0,1.778936
1782838800,239682.0,240177.0,239318.0,239476.0,0.378728
1782842400,239479.0,240422.0,239422.0,240422.0,0.156959
1782846000,240460.0,241001.0,240219.0,241001.0,0.403035
1782849600,241002.0,241285.0,240613.0,240775.0,0.100897
1782853200,240918.0,240918.0,240179.0,240435.0,0.313287
1782856800,240436.0,240816.0,240150.0,240356.0,0.419777
1782860400,240356.0,240486.0,240355.0,240486.0,0.46824
1782864000,240486.0,240488.0,239418.0,239868.0,1.681955
1782867600,239873.0,241599.0,237351.0,241343.0,3.611956
1782871200,241342.0,242499.0,241105.0,242381.0,1.094173
1782874800,242380.0,242910.0,241731.0,242830.0,1.191287
1782878400,242430.0,243522.0,242368.0,243301.0,0.960928
1782882000,243299.0,243307.0,242888.0,242889.0,0.789479
1782885600,242888.0,242888.0,240598.0,240890.0,0.352841
1782889200,240890.0,241137.0,240630.0,240904.0,0.53223
1782892800,240904.0,241595.0,240500.0,241595.0,1.552453
1782896400,241596.0,242002.0,241596.0,241745.0,0.20374
1782900000,241745.0,241745.0,240704.0,240749.0,0.5976
1782903600,240705.0,240810.0,240437.0,240438.0,0.918979
1782907200,240438.0,240438.0,239900.0,240002.0,0.767806
1782910800,240022.0,243977.0,240022.0,243903.0,0.958932
1782914400,243846.0,245976.0,243389.0,244509.0,1.27974
1782918000,244509.0,247662.0,244508.0,246642.0,1.000877
1782921600,246620.0,246770.0,245518.0,245688.0,0.279084
1782925200,245625.0,246572.0,245500.0,246569.0,0.059223
1782928800,246568.0,246568.0,246043.0,246343.0,0.113884
1782932400,246345.0,246543.0,245753.0,245757.0,0.094162
1782936000,245757.0,246142.0,245501.0,246142.0,0.084635
1782939600,246142.0,248706.0,246142.0,248705.0,0.371144
1782943200,248706.0,250399.0,247275.0,247503.0,1.065666
1782946800,247406.0,247406.0,245773.0,246015.0,0.600486
1782950400,246015.0,246015.0,244510.0,244616.0,0.360664
1782954000,244687.0,246711.0,244687.0,246073.0,0.570528
1782957600,246216.0,247225.0,245993.0,247225.0,0.288481
1782961200,247224.0,249231.0,246823.0,249231.0,0.790086
1782964800,249232.0,249251.0,248149.0,248444.0,0.509968
1782968400,248300.0,248474.0,247364.0,247364.0,0.473749
1782972000,247308.0,247845.0,246800.0,246801.0,0.547771
1782975600,246800.0,246801.0,245556.0,245556.0,0.807564
1782979200,245555.0,246734.0,245555.0,246600.0,0.332564
1782982800,246599.0,250000.0,246599.0,249993.0,2.000858
1782986400,249311.0,250000.0,249039.0,249933.0,1.123375
1782990000,249933.0,249999.0,248494.0,249855.0,1.061818
1782993600,249925.0,250946.0,249520.0,250905.0,1.235928
1782997200,250958.0,252755.0,250958.0,252520.0,1.256822
1783000800,252527.0,253326.0,250409.0,251439.0,1.836646
1783004400,251543.0,251725.0,250817.0,251237.0,0.432923
1783008000,251373.0,251687.0,249501.0,251431.0,0.328474
1783011600,251381.0,251725.0,251355.0,251371.0,3.119022
1783015200,251364.0,251725.0,251364.0,251725.0,0.15315
1783018800,251717.0,251717.0,250859.0,250859.0,0.18247
1783022400,250459.0,250735.0,250109.0,250588.0,0.04518
1783026000,250588.0,250844.0,250541.0,250724.0,0.03576
1783029600,250737.0,250738.0,250427.0,250429.0,0.2022
1783033200,250190.0,250439.0,250082.0,250439.0,0.159741
1783036800,250439.0,250439.0,249798.0,249864.0,0.596754
1783040400,249865.0,250931.0,249858.0,250930.0,0.760015
1783044000,250931.0,250931.0,249857.0,249967.0,0.700117
1783047600,249967.0,250481.0,249730.0,250158.0,0.560355
1783051200,250158.0,250195.0,249837.0,250103.0,0.485888
1783054800,250103.0,250970.0,250100.0,250878.0,1.022677
1783058400,250878.0,251391.0,250877.0,251033.0,0.914871
1783062000,251033.0,251496.0,251033.0,251496.0,0.518106
1783065600,251496.0,251670.0,250949.0,251392.0,1.117503
1783069200,251186.0,251464.0,250949.0,251445.0,0.25532
1783072800,251444.0,252475.0,251444.0,252474.0,0.442495
1783076400,252474.0,252590.0,252106.0,252590.0,0.345936
1783080000,252589.0,253005.0,252500.0,252500.0,0.872097
1783083600,252515.0,253199.0,252505.0,252962.0,0.373127
1783087200,252875.0,253311.0,251809.0,253301.0,0.829543
1783090800,253202.0,253685.0,252047.0,252099.0,0.415727
1783094400,252099.0,252790.0,252098.0,252745.0,0.318353
1783098000,252795.0,253500.0,252733.0,253500.0,0.055951
1783101600,253499.0,253500.0,252733.0,253006.0,0.06776
1783105200,253007.0,253246.0,253006.0,253245.0,0.065962
1783108800,253246.0,255000.0,253245.0,254999.0,0.893845
1783112400,255000.0,255000.0,254560.0,255000.0,1.040227
1783116000,255000.0,255000.0,254556.0,254557.0,0.193073
1783119600,254557.0,254761.0,254556.0,254557.0,0.20408
1783123200,254557.0,255209.0,254556.0,255148.0,0.341968
1783126800,254980.0,254980.0,254071.0,254206.0,0.348623
1783130400,254303.0,254744.0,254202.0,254337.0,0.153136
1783134000,254413.0,255000.0,254285.0,254876.0,0.555676
1783137600,254956.0,255065.0,254824.0,255065.0,0.220079
1783141200,255065.0,255065.0,254441.0,254530.0,0.358549
1783144800,254531.0,254704.0,254155.0,254483.0,0.347389
1783148400,254483.0,255032.0,254482.0,254749.0,0.285264
1783152000,254749.0,255009.0,254749.0,254870.0,0.157432
1783155600,254869.0,254869.0,254347.0,254348.0,0.363352
1783159200,254347.0,254465.0,254347.0,254465.0,0.160445
1783162800,254465.0,254654.0,254464.0,254566.0,0.061058
1783166400,254565.0,255000.0,254565.0,255000.0,0.133609
1783170000,255000.0,255000.0,254900.0,254998.0,0.15335
1783173600,254997.0,255122.0,254997.0,255048.0,0.403426
1783177200,255120.0,255997.0,255120.0,255997.0,1.22618
1783180800,255997.0,256000.0,255434.0,256000.0,0.402964
1783184400,255999.0,257885.0,255727.0,257358.0,0.838952
1783188000,257358.0,257877.0,257015.0,257016.0,0.148503
1783191600,257015.0,257885.0,257015.0,257734.0,0.164865
1783195200,257734.0,257885.0,257272.0,257381.0,0.03751
1783198800,257381.0,257934.0,257381.0,257626.0,0.020181
1783202400,257626.0,257626.0,257505.0,257505.0,0.04637
1783206000,257506.0,257506.0,256536.0,257058.0,0.072214
1783209600,257058.0,257171.0,256501.0,256501.0,0.562296
1783213200,256501.0,256502.0,256001.0,256092.0,0.29529
1783216800,256228.0,256228.0,255155.0,255361.0,0.800491
1783220400,255391.0,255715.0,255391.0,255626.0,0.850245
1783224000,255625.0,256308.0,255526.0,256124.0,0.241947
1783227600,256123.0,256123.0,255542.0,255682.0,0.306226
1783231200,255568.0,255942.0,255526.0,255807.0,0.787504
1783234800,255807.0,256813.0,255555.0,256813.0,0.751126
1783238400,256813.0,256955.0,256628.0,256635.0,0.180995
1783242000,256635.0,256635.0,255125.0,255347.0,0.552652
1783245600,255148.0,255723.0,255126.0,255708.0,0.089384
1783249200,255755.0,255820.0,255181.0,255435.0,0.143943
1783252800,255435.0,255777.0,255202.0,255656.0,0.788574
1783256400,255658.0,255951.0,255465.0,255718.0,0.25981
1783260000,255718.0,255718.0,255452.0,255456.0,0.160756
1783263600,255717.0,256416.0,255511.0,255646.0,0.386267
1783267200,255646.0,255733.0,255646.0,255646.0,0.478007
1783270800,255646.0,255648.0,255646.0,255646.0,0.110628
1783274400,255647.0,256066.0,255646.0,256012.0,0.036061
1783278000,256012.0,256249.0,255826.0,255841.0,0.041103
1783281600,255882.0,255882.0,255685.0,255694.0,0.014019
1783285200,255671.0,257089.0,255658.0,257089.0,0.09802
1783288800,257299.0,259815.0,256917.0,259001.0,0.773317
1783292400,259099.0,260257.0,259012.0,259014.0,0.641046
1783296000,259014.0,259458.0,258496.0,259417.0,0.836392
1783299600,259418.0,259857.0,258859.0,258860.0,0.486232
1783303200,258860.0,259015.0,258230.0,258231.0,0.415522
1783306800,258231.0,258233.0,257156.0,257679.0,0.636734
1783310400,257678.0,258016.0,257678.0,257764.0,0.47645
1783314000,257764.0,257764.0,256865.0,257178.0,0.519369
1783317600,257286.0,257286.0,256852.0,256853.0,0.307302
1783321200,256852.0,257197.0,256557.0,257197.0,0.515634
1783324800,257197.0,257617.0,256561.0,256561.0,0.400597
1783328400,256561.0,256562.0,255657.0,255679.0,0.294237
1783332000,255681.0,256868.0,255681.0,256313.0,0.395125
1783335600,256542.0,256771.0,255646.0,255646.0,0.712765
1783339200,255557.0,255557.0,252101.0,252461.0,1.801138
1783342800,252108.0,253323.0,251000.0,252683.0,1.574739
1783346400,252619.0,254958.0,252615.0,253606.0,0.568042
1783350000,253619.0,259490.0,253619.0,259490.0,0.634054
1783353600,259496.0,260257.0,258487.0,260121.0,1.359784
1783357200,260121.0,260500.0,259970.0,259970.0,0.475512
1783360800,259970.0,260500.0,259970.0,260284.0,0.361159
1783364400,260166.0,260500.0,260124.0,260480.0,0.105292
1783368000,260108.0,260479.0,259960.0,260479.0,0.531593
1783371600,260479.0,263000.0,260478.0,263000.0,0.713607
1783375200,262999.0,263000.0,262025.0,262100.0,0.413336
1783378800,262226.0,262531.0,261361.0,261362.0,0.443018
1783382400,261362.0,262216.0,261362.0,262156.0,0.713447
1783386000,262155.0,262155.0,260844.0,260844.0,1.094966
1783389600,260845.0,260845.0,259001.0,259001.0,0.483053
1783393200,259001.0,259049.0,258038.0,258346.0,0.659314
1783396800,258347.0,258668.0,256688.0,257995.0,0.81563
1783400400,257983.0,258455.0,256883.0,258333.0,0.622759
1783404000,258333.0,258997.0,257904.0,258865.0,0.185356
1783407600,258866.0,258975.0,258001.0,258001.0,0.33795
1783411200,258002.0,258028.0,257592.0,257676.0,0.456829
1783414800,257675.0,258412.0,257675.0,258274.0,0.267838
1783418400,258274.0,258879.0,258274.0,258559.0,0.658223
1783422000,258558.0,258827.0,257893.0,258827.0,1.004659
1783425600,258827.0,260400.0,258827.0,259119.0,0.873719
1783429200,259120.0,259120.0,257556.0,257600.0,1.148942
1783432800,257577.0,259342.0,256471.0,259342.0,0.920952
1783436400,259518.0,261500.0,259006.0,260909.0,0.252843
1783440000,261047.0,262000.0,260566.0,261439.0,0.68047
1783443600,261435.0,262000.0,261145.0,262000.0,0.312741
1783447200,262000.0,262000.0,260355.0,260355.0,0.163183
1783450800,260285.0,260570.0,259157.0,260570.0,0.165066
1783454400,260698.0,260698.0,259798.0,259799.0,0.058565
1783458000,260339.0,260622.0,259041.0,259041.0,0.062982
1783461600,259001.0,259907.0,258635.0,259901.0,0.197259
1783465200,259900.0,260151.0,259178.0,259179.0,0.274498
1783468800,259179.0,260506.0,259058.0,260207.0,0.238804
1783472400,260071.0,260236.0,257657.0,257916.0,0.226593
1783476000,257727.0,257810.0,256143.0,257634.0,0.484246
1783479600,257634.0,257917.0,256744.0,256745.0,0.587185
1783483200,256689.0,257118.0,256351.0,256881.0,0.262613
1783486800,256881.0,256882.0,256000.0,256000.0,0.410131
1783490400,256001.0,256194.0,255670.0,256014.0,0.807568
1783494000,255940.0,256788.0,255705.0,256683.0,0.747309
1783497600,256639.0,256735.0,253005.0,253323.0,0.789917
1783501200,253324.0,253968.0,252627.0,253633.0,0.831224
1783504800,253510.0,254090.0,251574.0,254090.0,0.555084
1783508400,253991.0,254727.0,253651.0,254653.0,0.311927
1783512000,254652.0,254890.0,253502.0,253503.0,0.212179
1783515600,253502.0,253766.0,251866.0,253191.0,0.531745
1783519200,253471.0,253999.0,252521.0,252638.0,0.814523
1783522800,252637.0,252940.0,252058.0,252320.0,0.524806
1783526400,252459.0,253999.0,252366.0,253999.0,0.220691
1783530000,253940.0,254960.0,253815.0,254016.0,0.061884
1783533600,254016.0,254813.0,254009.0,254197.0,0.054551
1783537200,254513.0,254525.0,254005.0,254431.0,0.083571
1783540800,254448.0,254493.0,254251.0,254251.0,0.016923
1783544400,254250.0,254443.0,253674.0,254245.0,0.065926
1783548000,254255.0,254671.0,254110.0,254671.0,0.316579
1783551600,254671.0,254764.0,254655.0,254734.0,0.132274
1783555200,254735.0,254735.0,253788.0,253843.0,0.338303
1783558800,253989.0,255810.0,253118.0,253118.0,0.665518
1783562400,253119.0,253795.0,252376.0,252656.0,0.433342
1783566000,252656.0,253740.0,252610.0,253560.0,0.185018
1783569600,253552.0,255152.0,253552.0,255151.0,0.174255
1783573200,255152.0,255909.0,254579.0,255650.0,0.345622
1783576800,255669.0,256957.0,255669.0,256957.0,0.373486
1783580400,257000.0,257983.0,256956.0,257375.0,0.536501
1783584000,257375.0,257375.0,256951.0,256952.0,0.446186
1783587600,256951.0,257082.0,256662.0,257082.0,0.148606
1783591200,257082.0,257090.0,256086.0,256402.0,0.626001
1783594800,256262.0,256541.0,255612.0,256060.0,0.23342
1783598400,256060.0,256826.0,255494.0,256053.0,0.573796
1783602000,256088.0,257941.0,255963.0,257497.0,0.356975
1783605600,257497.0,257748.0,256304.0,257746.0,0.609012
1783609200,257742.0,258299.0,257383.0,257394.0,0.33908
1783612800,257486.0,257597.0,256551.0,256555.0,0.21394
1783616400,256730.0,258250.0,256701.0,258220.0,0.088129
1783620000,258250.0,259440.0,258250.0,258782.0,0.233319
1783623600,258783.0,258900.0,258630.0,258885.0,0.083329
1783627200,258874.0,258874.0,258556.0,258867.0,0.086144
1783630800,258921.0,258921.0,258578.0,258579.0,0.26202
1783634400,258699.0,259174.0,258612.0,258617.0,0.178186
1783638000,258617.0,258965.0,258400.0,258839.0,0.110029
1783641600,258838.0,258838.0,257770.0,257821.0,0.191477
1783645200,257821.0,260534.0,257300.0,259878.0,0.858923
1783648800,260162.0,260283.0,259336.0,260281.0,1.177157
1783652400,260281.0,260281.0,259614.0,259925.0,0.587836
1783656000,259927.0,261000.0,259927.0,260999.0,0.654384
1783659600,260996.0,261000.0,260418.0,260743.0,0.649128
1783663200,260765.0,260783.0,259812.0,259825.0,0.229476
1783666800,259953.0,260507.0,259719.0,260467.0,0.320542
1783670400,260376.0,261853.0,260376.0,261331.0,0.974977
1783674000,261330.0,261998.0,261109.0,261925.0,0.502707
1783677600,261925.0,262000.0,261529.0,261992.0,0.878621
1783681200,262000.0,262000.0,261883.0,261998.0,0.683126
1783684800,261999.0,262500.0,261998.0,262053.0,0.525987
1783688400,262053.0,262936.0,261326.0,262574.0,0.937908
1783692000,262460.0,262521.0,260399.0,260528.0,1.013938
1783695600,260527.0,261188.0,260527.0,260862.0,0.216644
1783699200,260862.0,261187.0,260558.0,261050.0,0.258726
1783702800,261187.0,261188.0,259999.0,260256.0,0.936234
1783706400,260276.0,260576.0,260119.0,260119.0,0.061051
1783710000,259974.0,260960.0,259868.0,260396.0,0.06778
1783713600,260236.0,260236.0,259719.0,259989.0,0.078361
1783717200,259924.0,260453.0,259924.0,260435.0,0.025551
1783720800,260513.0,260912.0,260325.0,260912.0,0.451486
1783724400,260912.0,261282.0,260683.0,261281.0,0.135248
1783728000,261280.0,261284.0,261278.0,261284.0,0.06624
1783731600,261283.0,261760.0,260889.0,261080.0,0.23851
1783735200,261080.0,261080.0,261079.0,261080.0,0.090997
1783738800,261080.0,261534.0,261079.0,261512.0,0.362968
1783742400,261410.0,261516.0,261206.0,261316.0,0.183804
1783746000,261315.0,261600.0,260589.0,261506.0,0.816492
1783749600,261260.0,261793.0,261260.0,261638.0,0.298531
1783753200,261638.0,261747.0,261545.0,261672.0,0.199783
1783756800,261671.0,261792.0,261671.0,261792.0,0.165009
1783760400,261792.0,261794.0,261675.0,261681.0,0.186633
1783764000,261682.0,261794.0,261681.0,261794.0,0.200057
1783767600,261794.0,261800.0,261794.0,261799.0,0.188964
1783771200,261799.0,261800.0,261739.0,261740.0,0.125994
1783774800,261740.0,261773.0,261740.0,261773.0,0.202908
1783778400,261773.0,262732.0,261772.0,262707.0,0.415396
1783782000,262706.0,262717.0,261183.0,261471.0,0.512753
1783785600,261685.0,261751.0,261435.0,261611.0,0.133607
1783789200,261610.0,262166.0,261610.0,262000.0,0.058297
1783792800,261909.0,262155.0,261850.0,261850.0,0.018081
1783796400,261948.0,262108.0,261757.0,261757.0,0.008227
1783800000,261919.0,262265.0,261919.0,262181.0,0.017404
1783803600,262181.0,262233.0,262086.0,262086.0,0.208705
1783807200,262029.0,262226.0,261546.0,261546.0,0.113001
1783810800,261546.0,261656.0,260552.0,260627.0,0.227028
1783814400,260626.0,260626.0,260001.0,260012.0,0.638584
1783818000,260012.0,260624.0,260012.0,260624.0,0.778202
1783821600,260624.0,260998.0,260623.0,260962.0,0.222607
1783825200,260907.0,261000.0,260885.0,261000.0,0.144741
1783828800,261000.0,261261.0,260460.0,260486.0,0.198713
1783832400,260462.0,260619.0,260432.0,260526.0,0.180246
1783836000,260527.0,260527.0,259500.0,259855.0,0.177339
1783839600,259865.0,260311.0,259864.0,260260.0,0.29253
1783843200,260451.0,260988.0,260433.0,260622.0,0.120704
1783846800,260622.0,260785.0,260242.0,260661.0,0.189556
1783850400,260630.0,260630.0,260297.0,260346.0,0.125035
1783854000,260347.0,260922.0,260293.0,260921.0,0.272064
1783857600,260869.0,261097.0,260869.0,261001.0,0.107606
1783861200,261001.0,261170.0,261001.0,261011.0,0.323534
1783864800,261011.0,261702.0,260188.0,261675.0,0.801253
1783868400,261554.0,261846.0,261480.0,261585.0,0.115171
1783872000,261586.0,261616.0,261199.0,261597.0,0.092522
1783875600,261596.0,261596.0,261328.0,261434.0,0.047631
1783879200,261220.0,261357.0,261100.0,261357.0,0.015376
1783882800,261356.0,261547.0,261356.0,261433.0,0.017018
1783886400,261433.0,261593.0,261409.0,261593.0,0.010147
1783890000,261520.0,261612.0,260358.0,260358.0,0.041655
1783893600,260223.0,260324.0,259925.0,260324.0,0.448254
1783897200,260323.0,260497.0,259905.0,259995.0,0.210042
1783900800,259934.0,262060.0,259600.0,261105.0,0.455275
1783904400,261105.0,261105.0,259327.0,259327.0,0.901634
1783908000,259063.0,259133.0,258501.0,258680.0,0.736978
1783911600,258619.0,258658.0,256600.0,256602.0,0.56571
1783915200,256601.0,256938.0,256324.0,256324.0,0.359987
1783918800,256217.0,256680.0,255794.0,256455.0,0.35899
1783922400,256633.0,256807.0,256455.0,256708.0,0.231708
1783926000,256708.0,257465.0,256707.0,257322.0,0.694296
1783929600,257322.0,258015.0,257215.0,258005.0,0.555446
1783933200,257973.0,258042.0,257702.0,257806.0,0.903646
1783936800,257806.0,257994.0,257403.0,257403.0,0.440678
1783940400,257101.0,257866.0,257101.0,257186.0,0.530333
1783944000,257186.0,257290.0,256111.0,256112.0,0.18823
1783947600,256112.0,256369.0,254555.0,254856.0,0.837863
1783951200,254787.0,256001.0,254398.0,256000.0,0.979097
1783954800,256205.0,256814.0,256008.0,256009.0,0.174182
1783958400,256008.0,256008.0,254577.0,254691.0,0.330975
1783962000,254690.0,254775.0,253588.0,253588.0,0.85162
1783965600,253502.0,253752.0,253174.0,253752.0,0.203064
1783969200,253752.0,254334.0,253751.0,254334.0,0.097454
1783972800,254335.0,254495.0,253998.0,254018.0,0.037857
1783976400,254226.0,254226.0,253401.0,253861.0,0.061445
1783980000,253861.0,254236.0,253424.0,253424.0,0.212398
1783983600,253424.0,254657.0,253424.0,254657.0,0.363
1783987200,254658.0,255523.0,254656.0,255522.0,0.312377
1783990800,255523.0,255548.0,255318.0,255526.0,0.215783
1783994400,255526.0,255883.0,255169.0,255776.0,0.732907
1783998000,255776.0,255816.0,255126.0,255538.0,0.4638
1784001600,255538.0,256300.0,255538.0,256299.0,0.353316
1784005200,256299.0,256880.0,256299.0,256511.0,0.403382
1784008800,256511.0,256511.0,256004.0,256005.0,0.313117
1784012400,256044.0,256074.0,255952.0,255953.0,0.244697
1784016000,255953.0,256355.0,255824.0,256336.0,0.363118
1784019600,256336.0,256336.0,255825.0,255835.0,0.334425
1784023200,255834.0,256767.0,255834.0,256767.0,0.137353
1784026800,256659.0,256982.0,256290.0,256881.0,0.272853
1784030400,256881.0,260826.0,256547.0,260826.0,1.010534
1784034000,260994.0,261500.0,260197.0,260653.0,1.880648
1784037600,260700.0,262038.0,260065.0,262038.0,1.187285
1784041200,262119.0,264484.0,262119.0,263999.0,2.760468
1784044800,263999.0,264494.0,263738.0,264243.0,0.208103
1784048400,264185.0,264186.0,263001.0,263299.0,0.409212
1784052000,263299.0,263299.0,263049.0,263285.0,0.075844
1784055600,263285.0,263286.0,263285.0,263285.0,0.085965
1784059200,263285.0,263286.0,263049.0,263241.0,0.099185
1784062800,263241.0,264000.0,263240.0,263630.0,0.337407
1784066400,263629.0,264898.0,263269.0,264789.0,0.668621
1784070000,264788.0,264906.0,264519.0,264906.0,0.286502
1784073600,264906.0,264906.0,263849.0,264102.0,1.261233
1784077200,264102.0,264102.0,263333.0,263334.0,0.626972
1784080800,263334.0,263455.0,262000.0,262582.0,0.569327
1784084400,262690.0,263567.0,262549.0,263512.0,0.447123
1784088000,263512.0,263660.0,263511.0,263582.0,0.476994
1784091600,263582.0,263599.0,263069.0,263599.0,0.920002
1784095200,263600.0,264990.0,263600.0,263971.0,1.238249
1784098800,263970.0,263970.0,262807.0,262809.0,1.048615
1784102400,262809.0,263589.0,262809.0,263589.0,0.248884
1784106000,263589.0,263999.0,263441.0,263442.0,0.632264
1784109600,263442.0,263990.0,263441.0,263517.0,0.385676
1784113200,263516.0,263903.0,263516.0,263903.0,0.391361
1784116800,263903.0,265430.0,263713.0,265430.0,1.403383
1784120400,265431.0,266567.0,265000.0,265133.0,2.234806
1784124000,265433.0,266666.0,265433.0,266344.0,1.43241
1784127600,266200.0,266665.0,266199.0,266549.0,0.774396
1784131200,266550.0,266550.0,264283.0,265257.0,0.683679
1784134800,265258.0,265395.0,264811.0,265103.0,0.310364
1784138400,264936.0,265165.0,264884.0,264884.0,0.034591
1784142000,264378.0,264667.0,264136.0,264543.0,0.042655
1784145600,264622.0,264984.0,264583.0,264681.0,0.120057
1784149200,264599.0,264817.0,264090.0,264091.0,0.1468
1784152800,264082.0,264149.0,264005.0,264055.0,0.151909
1784156400,264056.0,264056.0,263907.0,263908.0,0.488183
1784160000,263908.0,263908.0,263001.0,263153.0,0.272797
1784163600,263152.0,264048.0,262581.0,264019.0,0.936259
1784167200,264020.0,264020.0,263258.0,263339.0,0.485376
1784170800,263340.0,263566.0,263251.0,263262.0,0.256409
1784174400,263262.0,263288.0,263261.0,263288.0,0.134908
1784178000,263288.0,264484.0,263287.0,264460.0,0.399848
1784181600,264461.0,264461.0,263355.0,263872.0,0.298854
1784185200,263871.0,263872.0,261501.0,261882.0,0.956073
1784188800,261882.0,262336.0,260840.0,261383.0,0.331396
1784192400,261382.0,261651.0,261219.0,261307.0,0.364942
1784196000,261374.0,261931.0,261371.0,261824.0,0.112452
1784199600,261824.0,262282.0,261824.0,262282.0,0.075497
1784203200,262377.0,262377.0,261001.0,261283.0,0.321349
1784206800,261283.0,263109.0,261283.0,262798.0,0.531476
1784210400,262798.0,264674.0,262742.0,263542.0,0.566747
1784214000,263617.0,264836.0,262904.0,264299.0,0.480592
1784217600,264092.0,264117.0,263207.0,263583.0,0.262692
1784221200,263375.0,263375.0,262000.0,262001.0,0.188132
1784224800,262001.0,262740.0,262000.0,262632.0,0.120257
1784228400,262692.0,262692.0,262418.0,262489.0,0.065575
1784232000,262528.0,262528.0,261990.0,261990.0,0.060408
1784235600,261969.0,262336.0,261965.0,261965.0,0.089656
1784239200,262232.0,262232.0,261500.0,261500.0,0.145551
1784242800,261501.0,261502.0,260900.0,261028.0,0.699208
1784246400,261027.0,261280.0,260521.0,261236.0,0.354419
1784250000,261489.0,261819.0,260011.0,260012.0,0.561384
1784253600,260012.0,260335.0,259464.0,259735.0,0.761517
1784257200,259791.0,260551.0,259791.0,260169.0,0.339823
1784260800,260044.0,260044.0,259268.0,259751.0,0.332141
1784264400,259712.0,259712.0,257582.0,257583.0,0.984352
1784268000,257583.0,257583.0,256834.0,257519.0,0.941453
1784271600,257519.0,257583.0,257382.0,257570.0,0.890652
1784275200,257569.0,257569.0,256933.0,257499.0,0.357596
1784278800,257500.0,258435.0,257500.0,258344.0,0.479832
1784282400,258343.0,258632.0,258271.0,258630.0,0.519262
1784286000,258629.0,259910.0,258629.0,259679.0,1.712645
1784289600,259594.0,259885.0,259215.0,259216.0,0.205976
1784293200,259216.0,259217.0,257501.0,259216.0,0.810708
1784296800,259217.0,260715.0,259217.0,260002.0,1.019762
1784300400,260001.0,260443.0,256235.0,260443.0,2.563276
1784304000,260443.0,261530.0,260443.0,261301.0,0.119557
1784307600,261448.0,263520.0,261230.0,262936.0,2.924344
1784311200,262861.0,263481.0,262513.0,263332.0,0.241738
1784314800,263306.0,263448.0,262638.0,262842.0,0.052589
1784318400,262524.0,262843.0,262513.0,262843.0,0.08344
1784322000,262795.0,262824.0,262780.0,262781.0,0.028436
1784325600,262781.0,262781.0,261922.0,262018.0,0.174865
1784329200,262012.0,262074.0,261782.0,261871.0,0.028559
1784332800,261945.0,262074.0,261829.0,261830.0,0.31774
1784336400,261830.0,262171.0,261829.0,262070.0,0.247783
1784340000,262077.0,262078.0,261762.0,261925.0,0.148439
1784343600,261925.0,261927.0,261925.0,261926.0,0.224743
1784347200,261926.0,275000.0,261926.0,263784.0,16.598168
1784350800,263785.0,263785.0,263121.0,263196.0,0.462302
1784354400,263197.0,263299.0,263196.0,263249.0,0.278993
1784358000,263250.0,263347.0,263249.0,263347.0,0.320858
1784361600,263337.0,263358.0,263306.0,263323.0,0.228438
1784365200,263323.0,263486.0,263322.0,263486.0,0.754238
1784368800,263470.0,263470.0,263467.0,263468.0,0.591629
1784372400,263468.0,263470.0,263468.0,263470.0,0.296356
1784376000,263470.0,264350.0,263469.0,264349.0,0.503574
1784379600,264308.0,264309.0,263493.0,263986.0,0.999062
1784383200,263986.0,264205.0,263985.0,264169.0,0.848954
1784386800,264169.0,264169.0,263981.0,263981.0,0.093837
1784390400,263982.0,264751.0,263981.0,264751.0,0.169646
1784394000,264751.0,265000.0,264738.0,265000.0,0.539139
1784397600,265000.0,266457.0,265000.0,265583.0,0.769538
1784401200,265823.0,266020.0,265759.0,265861.0,0.134144
1784404800,266012.0,266401.0,265862.0,266246.0,0.593333
1784408400,266384.0,266665.0,266231.0,266537.0,0.424103
1784412000,266558.0,266921.0,266558.0,266920.0,0.238975
1784415600,266909.0,267021.0,266596.0,266917.0,0.074789
1784419200,267001.0,267204.0,266739.0,266802.0,0.071915
1784422800,266803.0,266803.0,266726.0,266726.0,0.358515
1784426400,266727.0,267394.0,266700.0,266862.0,0.515813
1784430000,266752.0,266752.0,266234.0,266246.0,0.36772
1784433600,266246.0,266266.0,266232.0,266266.0,0.088091
1784437200,266268.0,266604.0,266267.0,266378.0,0.391899
1784440800,266378.0,266415.0,266288.0,266298.0,0.175795
1784444400,266297.0,266298.0,266296.0,266296.0,0.398732
1784448000,266297.0,266298.0,265980.0,266298.0,0.326584
1784451600,266298.0,266298.0,265500.0,265502.0,0.598966
1784455200,265502.0,266103.0,265501.0,265840.0,0.214254
1784458800,265839.0,265839.0,265501.0,265524.0,0.204623
1784462400,265524.0,265524.0,264576.0,264999.0,0.476352
1784466000,264999.0,265001.0,264667.0,265001.0,0.183181
1784469600,265001.0,265548.0,264500.0,265140.0,1.34034
1784473200,265375.0,265375.0,264434.0,265275.0,0.493413
1784476800,265275.0,265366.0,264888.0,265026.0,0.224372
1784480400,265102.0,265561.0,264307.0,265075.0,0.171348
1784484000,265075.0,265075.0,264000.0,264002.0,0.196446
1784487600,264002.0,264324.0,264000.0,264305.0,0.03944
1784491200,264351.0,264397.0,264322.0,264367.0,0.067168
1784494800,264405.0,264407.0,264000.0,264001.0,0.074541
1784498400,264001.0,267000.0,264001.0,266000.0,4.030918
1784502000,266001.0,266476.0,265531.0,265663.0,0.932921
1784505600,265663.0,266904.0,264409.0,264876.0,0.201414
1784509200,264876.0,266365.0,264697.0,265165.0,0.299024
1784512800,265674.0,266324.0,265100.0,266248.0,0.460991
1784516400,266248.0,266248.0,265301.0,265922.0,0.815836
1784520000,265973.0,265973.0,265253.0,265253.0,0.259112
1784523600,265250.0,265250.0,263308.0,263314.0,0.757106
1784527200,263314.0,263439.0,262066.0,262238.0,0.903897
1784530800,262239.0,263419.0,262238.0,263419.0,0.585542
1784534400,263419.0,263529.0,262057.0,262361.0,0.72143
1784538000,262492.0,263402.0,262492.0,263351.0,0.801081
1784541600,263351.0,263826.0,263163.0,263826.0,0.35134
1784545200,263821.0,266671.0,263786.0,266671.0,0.274008
1784548800,266520.0,266520.0,265021.0,265178.0,1.95725
1784552400,265299.0,265499.0,263574.0,263574.0,0.58184
1784556000,263575.0,264603.0,263000.0,263805.0,0.500379
1784559600,264132.0,268822.0,264132.0,268451.0,0.803991
1784563200,268800.0,268800.0,267821.0,268041.0,0.25713
1784566800,268048.0,268049.0,267822.0,268048.0,0.313119
1784570400,268049.0,268888.0,267312.0,267312.0,0.146396
1784574000,267312.0,267312.0,266457.0,266547.0,0.137899
1784577600,266421.0,267550.0,266421.0,267550.0,0.184422
1784581200,267418.0,267801.0,267107.0,267171.0,0.307264
1784584800,267257.0,267257.0,266600.0,266683.0,0.078046
1784588400,266683.0,267176.0,266683.0,267030.0,0.352681
1784592000,266866.0,268103.0,266627.0,268102.0,1.122316
1784595600,268102.0,268189.0,267012.0,267019.0,0.445136
1784599200,267019.0,267660.0,266757.0,267425.0,0.588759
1784602800,267425.0,268339.0,267391.0,268042.0,1.023327
1784606400,268042.0,268473.0,267917.0,268000.0,0.301313
1784610000,267999.0,268621.0,267770.0,268473.0,0.366851
1784613600,268500.0,270001.0,268500.0,269465.0,3.003987
1784617200,269440.0,271394.0,269440.0,271039.0,2.457063
1784620800,271008.0,271399.0,271000.0,271003.0,1.755908
1784624400,271003.0,271140.0,271000.0,271139.0,0.850104
1784628000,271139.0,271374.0,270664.0,270664.0,0.710826
1784631600,270638.0,270894.0,270608.0,270893.0,0.328657
1784635200,270867.0,271691.0,270735.0,271602.0,0.543667
1784638800,271611.0,272000.0,271038.0,272000.0,1.384433
1784642400,272000.0,272860.0,271999.0,272847.0,4.481317
1784646000,272671.0,272671.0,272000.0,272209.0,0.551918
1784649600,272093.0,272305.0,271601.0,271920.0,0.115721
1784653200,271714.0,271726.0,270317.0,270359.0,0.152232
1784656800,270217.0,270828.0,270217.0,270686.0,0.085531
1784660400,270686.0,271177.0,270685.0,271102.0,0.144066
1784664000,271095.0,271252.0,270972.0,271112.0,0.15754
1784667600,270773.0,271033.0,270644.0,270867.0,0.393558
1784671200,270848.0,270848.0,270302.0,270566.0,0.214243
1784674800,270566.0,271466.0,270380.0,271466.0,0.17185
1784678400,271466.0,272053.0,271466.0,271856.0,0.204289
1784682000,271857.0,271857.0,271000.0,271143.0,0.409639
1784685600,271144.0,271177.0,270822.0,270928.0,0.207268
1784689200,270929.0,270986.0,270501.0,270501.0,0.572568
1784692800,270501.0,271080.0,270500.0,271044.0,0.505244
1784696400,271046.0,271046.0,270000.0,270001.0,0.389047
1784700000,270001.0,270001.0,269868.0,269883.0,0.341674
1784703600,269998.0,269998.0,269108.0,269366.0,0.443387
1784707200,269365.0,270355.0,269365.0,269849.0,1.413811
1784710800,269735.0,270178.0,269320.0,269539.0,0.311216
1784714400,269685.0,270043.0,269557.0,269878.0,0.323021
1784718000,269878.0,269878.0,269602.0,269789.0,0.645113
1784721600,269789.0,269789.0,268387.0,268387.0,0.86295
1784725200,268418.0,269596.0,268227.0,269534.0,0.429921
1784728800,269534.0,270337.0,268500.0,268707.0,0.42617
1784732400,268763.0,270151.0,268763.0,270028.0,0.437297
1784736000,270028.0,270899.0,269642.0,270867.0,0.35897
1784739600,270868.0,270868.0,270155.0,270529.0,0.299196
1784743200,270361.0,270361.0,269306.0,269484.0,0.13371
1784746800,269531.0,269686.0,269165.0,269685.0,0.265514
1784750400,269678.0,269678.0,269274.0,269527.0,0.039586
1784754000,269518.0,270058.0,269492.0,269959.0,0.07388
1784757600,269904.0,270003.0,269529.0,270003.0,0.176854
1784761200,269863.0,269987.0,269481.0,269922.0,0.124576
1784764800,270217.0,270678.0,270011.0,270011.0,0.293756
1784768400,270011.0,270225.0,268867.0,268963.0,0.365891
1784772000,268963.0,268964.0,268801.0,268953.0,0.136564
1784775600,268954.0,268954.0,268300.0,268434.0,0.293231
1784779200,268434.0,268544.0,268300.0,268301.0,0.203848
1784782800,268300.0,268698.0,268300.0,268572.0,0.259975
1784786400,268573.0,268855.0,268302.0,268854.0,0.463511
1784790000,268855.0,268855.0,267580.0,267580.0,0.80504
1784793600,267581.0,268492.0,267581.0,268488.0,0.801542
1784797200,268481.0,268802.0,268481.0,268788.0,0.236962
1784800800,268788.0,268860.0,268701.0,268825.0,0.460763
1784804400,268825.0,268825.0,268649.0,268649.0,0.106649
1784808000,268650.0,268650.0,266581.0,266714.0,0.758263
1784811600,266890.0,266890.0,266001.0,266013.0,0.506085
1784815200,266012.0,266858.0,265690.0,265690.0,0.375573
1784818800,265754.0,266202.0,265151.0,266078.0,0.467416
1784822400,266035.0,266035.0,265150.0,265336.0,0.283456
1784826000,265316.0,265610.0,265301.0,265301.0,0.119704
1784829600,265301.0,265822.0,265164.0,265749.0,0.073955
1784833200,265816.0,265822.0,265277.0,265401.0,0.21443
1784836800,265760.0,266885.0,265760.0,266831.0,0.161165
1784840400,266831.0,266886.0,266430.0,266778.0,0.07431
1784844000,266811.0,267043.0,266595.0,266975.0,0.064545
1784847600,266975.0,267138.0,266966.0,267025.0,0.217366
1784851200,267025.0,267026.0,266086.0,266249.0,0.466795
1784854800,266249.0,267328.0,266249.0,267325.0,0.347443
1784858400,267321.0,267405.0,266696.0,267206.0,0.415053
1784862000,267206.0,268416.0,267205.0,268415.0,0.689019
1784865600,268415.0,268416.0,268281.0,268281.0,0.365097
1784869200,268280.0,268281.0,268220.0,268237.0,0.078475
1784872800,268237.0,268781.0,268236.0,268781.0,0.50949
1784876400,268799.0,269680.0,268123.0,268627.0,0.757495
1784880000,268626.0,268657.0,268193.0,268404.0,0.511731
1784883600,268404.0,268404.0,267001.0,267322.0,0.42456
1784887200,267323.0,267418.0,266686.0,266723.0,0.27248
1784890800,266724.0,267224.0,266252.0,267136.0,0.221159
1784894400,267231.0,267356.0,266201.0,266201.0,0.351808
1784898000,266201.0,266201.0,262840.0,263312.0,0.685492
1784901600,263381.0,263551.0,262168.0,262942.0,1.0077
1784905200,262979.0,263931.0,262406.0,263400.0,0.54182
1784908800,263400.0,263527.0,262540.0,262990.0,0.27068
1784912400,262821.0,263576.0,262775.0,263575.0,0.115639
1784916000,263576.0,263822.0,263515.0,263822.0,0.098809
1784919600,263822.0,263960.0,263635.0,263865.0,0.134169
1784923200,263865.0,263865.0,263704.0,263704.0,0.057988
1784926800,263704.0,263704.0,263703.0,263704.0,0.00731
1784930400,263704.0,263853.0,263703.0,263777.0,0.026225
1784934000,263714.0,263767.0,263714.0,263764.0,0.047205
1784937600,263764.0,263764.0,263700.0,263701.0,0.217342
1784941200,263701.0,263701.0,263341.0,263529.0,0.236895
1784944800,263530.0,263530.0,263340.0,263341.0,0.094606
1784948400,263340.0,263442.0,263340.0,263442.0,0.235296
1784952000,263442.0,263811.0,263442.0,263724.0,0.092014
1784955600,263763.0,263823.0,263341.0,263341.0,0.195922
1784959200,263342.0,263342.0,263201.0,263201.0,0.296849
1784962800,263202.0,263202.0,263200.0,263200.0,0.402337
1784966400,263201.0,263201.0,262400.0,262527.0,0.633689
1784970000,262528.0,263064.0,262429.0,263064.0,0.208425
1784973600,263063.0,263259.0,263063.0,263259.0,0.137315
1784977200,263269.0,263455.0,263258.0,263414.0,0.117553
1784980800,263342.0,263660.0,263312.0,263660.0,0.173794
1784984400,263660.0,264000.0,263660.0,263721.0,0.108212
1784988000,263798.0,264077.0,263670.0,264077.0,0.153761
1784991600,264072.0,264260.0,264020.0,264028.0,0.207578
1784995200,264028.0,264064.0,263885.0,264064.0,0.177478
1784998800,264064.0,264381.0,264064.0,264267.0,0.032967
1785002400,264311.0,264853.0,264311.0,264808.0,0.045314
1785006000,264861.0,264861.0,264840.0,264840.0,0.00565
1785009600,264814.0,264814.0,264566.0,264648.0,0.04788
1785013200,264567.0,264706.0,264403.0,264704.0,0.013009
1785016800,264705.0,264863.0,264705.0,264863.0,0.027029
1785020400,264863.0,264875.0,264862.0,264874.0,0.03677
1785024000,264874.0,265287.0,264864.0,265274.0,0.157247
1785027600,265348.0,265348.0,265062.0,265106.0,0.524275
1785031200,265106.0,265228.0,265009.0,265227.0,0.144003
1785034800,265246.0,265320.0,265168.0,265318.0,0.084636
1785038400,265319.0,265319.0,265301.0,265301.0,0.310158
1785042000,265302.0,265302.0,265122.0,265122.0,0.164952
1785045600,265123.0,265123.0,264559.0,265063.0,0.296629
1785049200,265063.0,265063.0,264831.0,264832.0,0.08604
1785052800,264832.0,265091.0,264831.0,265090.0,0.15014
1785056400,265090.0,265312.0,265090.0,265311.0,0.231638
1785060000,265254.0,265320.0,265253.0,265318.0,0.111459
1785063600,265319.0,265319.0,265318.0,265318.0,0.206998
1785067200,265318.0,265756.0,265168.0,265168.0,0.156079
1785070800,265168.0,265377.0,265087.0,265343.0,0.363429
1785074400,265344.0,266000.0,265344.0,265983.0,0.43551
1785078000,265991.0,266000.0,265983.0,266000.0,0.238618
1785081600,266000.0,266459.0,265998.0,266032.0,0.219432
1785085200,265986.0,266181.0,265985.0,265989.0,0.060084
1785088800,265989.0,266179.0,265988.0,266127.0,0.050757
1785092400,266127.0,266127.0,265993.0,265993.0,0.047479
1785096000,265993.0,265994.0,265983.0,265983.0,0.095585
1785099600,265984.0,266222.0,265983.0,266222.0,0.082233
1785103200,266847.0,268000.0,266847.0,267879.0,0.216435
1785106800,267931.0,268000.0,267649.0,267753.0,0.199483
1785110400,267817.0,267817.0,266219.0,266311.0,0.367062
1785114000,266289.0,266535.0,265505.0,266186.0,0.484879
1785117600,266187.0,266266.0,265934.0,266193.0,0.442775
1785121200,266189.0,266758.0,266189.0,266525.0,0.258664
1785124800,266525.0,266878.0,266443.0,266603.0,0.937117
1785128400,266604.0,266999.0,266466.0,266997.0,0.907071
1785132000,266998.0,267898.0,266916.0,266916.0,0.351589
1785135600,266927.0,266961.0,266462.0,266463.0,0.405995
1785139200,266316.0,266408.0,266315.0,266317.0,0.306451
1785142800,266316.0,266458.0,266316.0,266458.0,0.261835
1785146400,266458.0,267000.0,266405.0,266998.0,0.454349
1785150000,266998.0,266999.0,266200.0,266201.0,0.181633
1785153600,266201.0,266300.0,265339.0,266058.0,0.448677
1785157200,266058.0,268000.0,265744.0,266502.0,0.466459
1785160800,266502.0,266947.0,264319.0,264622.0,0.679535
1785164400,264622.0,265093.0,264065.0,264584.0,0.415232
1785168000,264585.0,265804.0,264527.0,265803.0,0.376186
1785171600,265804.0,266239.0,265386.0,266238.0,0.128044
1785175200,266239.0,266239.0,265547.0,265547.0,0.044241
1785178800,265548.0,266359.0,265548.0,266358.0,0.007849
1785182400,266358.0,266358.0,266063.0,266064.0,0.013337
1785186000,266064.0,266064.0,265948.0,265949.0,0.015721
1785189600,265948.0,265948.0,262188.0,262188.0,0.994439
1785193200,262187.0,262301.0,261316.0,261624.0,1.238671
1785196800,261624.0,261801.0,260857.0,260858.0,0.894627
1785200400,260850.0,260850.0,259016.0,259415.0,3.597552
1785204000,259311.0,259533.0,259294.0,259294.0,0.599966
1785207600,259295.0,259881.0,259294.0,259743.0,0.356494
1785211200,259743.0,259947.0,259743.0,259947.0,0.213382
1785214800,259947.0,260747.0,259947.0,260731.0,0.562857
1785218400,260731.0,260904.0,260601.0,260904.0,0.636973
1785222000,260904.0,260996.0,260556.0,260562.0,0.743629
1785225600,260563.0,260563.0,260376.0,260398.0,0.649071
1785229200,260398.0,260712.0,260397.0,260417.0,0.529876
1785232800,260417.0,260708.0,260397.0,260708.0,0.287364
1785236400,260707.0,260974.0,260417.0,260726.0,0.52178
1785240000,260726.0,260962.0,260613.0,260782.0,0.520114
1785243600,260782.0,260928.0,258495.0,259108.0,1.368448
1785247200,259107.0,260752.0,258893.0,260752.0,0.375165
1785250800,260751.0,262374.0,260001.0,261841.0,0.786509
1785254400,261841.0,261841.0,261173.0,261800.0,0.504825
1785258000,261800.0,261905.0,260474.0,260772.0,0.360878
1785261600,260772.0,261154.0,260772.0,260880.0,0.037288
1785265200,260880.0,261167.0,260780.0,260976.0,0.074923
1785268800,260976.0,261496.0,260976.0,261321.0,0.06237
1785272400,261321.0,261636.0,261320.0,261635.0,0.060994
1785276000,261636.0,261636.0,261315.0,261316.0,0.067625
1785279600,261316.0,261573.0,260700.0,261573.0,0.23951
1785283200,261573.0,262037.0,261478.0,261601.0,0.723788
1785286800,261504.0,261686.0,261001.0,261002.0,0.399851
1785290400,261002.0,262140.0,261000.0,261644.0,0.349556
1785294000,261643.0,261644.0,260615.0,260802.0,0.837176
1785297600,260802.0,261164.0,260289.0,261164.0,0.479353
1785301200,261164.0,261643.0,261114.0,261643.0,0.457108
1785304800,261642.0,263340.0,261642.0,263268.0,0.420936
1785308400,263268.0,263387.0,263267.0,263325.0,0.185399
1785312000,263386.0,263697.0,263214.0,263429.0,0.187293
1785315600,263429.0,264613.0,263427.0,264613.0,0.350415
1785319200,264613.0,264613.0,263657.0,263843.0,0.307428
1785322800,263843.0,264320.0,263842.0,264068.0,0.441651
1785326400,264068.0,264068.0,263360.0,263360.0,0.261766
1785330000,263359.0,264769.0,263008.0,264682.0,0.460694
1785333600,264683.0,264812.0,263022.0,263165.0,0.382208
1785337200,263165.0,263165.0,262274.0,262274.0,0.860973
1785340800,262274.0,262467.0,260896.0,261292.0,0.975821
1785344400,261011.0,262812.0,261011.0,262812.0,0.359953
1785348000,262812.0,264253.0,261442.0,263849.0,0.76072
1785351600,263849.0,264036.0,260372.0,260539.0,0.252764
1785355200,260538.0,260575.0,259797.0,260287.0,0.377176
1785358800,260235.0,260902.0,259113.0,260902.0,0.153943
1785362400,261077.0,262188.0,261077.0,261718.0,0.756995
1785366000,261718.0,262088.0,261716.0,261944.0,0.091121
1785369600,261943.0,262126.0,260868.0,260869.0,0.629306
1785373200,260869.0,262988.0,260869.0,262987.0,0.320765
1785376800,262988.0,263172.0,261630.0,262701.0,1.170011
1785380400,262700.0,262945.0,261037.0,262532.0,0.733621
1785384000,262532.0,262532.0,262500.0,262500.0,0.349199
1785387600,262501.0,262501.0,261237.0,261847.0,0.532395
1785391200,261863.0,261902.0,261623.0,261712.0,0.284047
1785394800,261769.0,261900.0,261684.0,261714.0,0.147336
1785398400,261714.0,262752.0,261713.0,262677.0,2.304085
1785402000,262591.0,263909.0,262439.0,263909.0,0.713881
1785405600,263908.0,263909.0,263795.0,263900.0,0.527889
1785409200,263900.0,264500.0,263871.0,264500.0,0.206528
1785412800,264500.0,265000.0,264500.0,265000.0,0.505296
1785416400,265000.0,265658.0,264463.0,265657.0,1.405998
1785420000,265658.0,265658.0,264132.0,264132.0,0.513097
1785423600,264133.0,264859.0,264000.0,264390.0,0.590425
1785427200,264391.0,264843.0,264391.0,264613.0,0.193708
1785430800,264613.0,265380.0,264613.0,264912.0,0.210778
1785434400,264912.0,264912.0,264800.0,264800.0,0.101422
1785438000,264801.0,264892.0,264800.0,264892.0,0.01975
1785441600,264892.0,264892.0,264800.0,264801.0,0.282669
1785445200,264801.0,264801.0,264606.0,264608.0,0.075604
1785448800,264608.0,265380.0,264607.0,264923.0,0.075275
1785452400,264922.0,265496.0,264610.0,264614.0,0.119695
1785456000,264614.0,264894.0,264284.0,264284.0,0.456508
1785459600,264305.0,266660.0,263835.0,263835.0,0.655207
1785463200,263727.0,263829.0,262583.0,262768.0,0.559198
1785466800,262767.0,263396.0,262502.0,263132.0,0.499982
1785470400,263133.0,263375.0,263106.0,263195.0,0.419976
1785474000,263195.0,263536.0,263194.0,263536.0,0.48749
1785477600,263535.0,263776.0,263001.0,263002.0,0.497454
1785481200,263000.0,263001.0,262001.0,262030.0,0.391353
1785484800,262010.0,262010.0,261716.0,261716.0,0.498345
1785488400,261715.0,261716.0,260500.0,261202.0,0.907167
1785492000,261202.0,261804.0,260946.0,261804.0,0.113918
1785495600,261804.0,262077.0,261804.0,261805.0,0.1409
1785499200,261805.0,261805.0,261000.0,261271.0,0.315598
1785502800,261271.0,261606.0,259549.0,259549.0,1.148979
1785506400,259465.0,259465.0,256588.0,257225.0,2.562096
1785510000,257069.0,257413.0,256651.0,257318.0,0.607206
1785513600,257317.0,257992.0,257317.0,257832.0,0.261367
1785517200,257826.0,259490.0,257673.0,259378.0,0.386022
1785520800,259568.0,259568.0,258808.0,259048.0,0.213084
1785524400,259033.0,259060.0,258526.0,258626.0,0.052061
1785528000,258627.0,258627.0,258501.0,258511.0,0.0587
1785531600,258510.0,258633.0,258308.0,258354.0,0.220077
1785535200,258349.0,258632.0,258268.0,258400.0,0.220346
1785538800,258349.0,258593.0,258281.0,258281.0,0.273995
1785542400,258281.0,258610.0,258281.0,258469.0,0.414141
1785546000,258469.0,258469.0,258356.0,258365.0,0.296773
1785549600,258366.0,258949.0,258366.0,258903.0,0.240069
1785553200,258904.0,258904.0,258542.0,258830.0,0.197296
1785556800,258830.0,258830.0,258679.0,258739.0,0.251913
1785560400,258739.0,258948.0,258707.0,258707.0,0.375111
1785564000,258708.0,258869.0,258642.0,258864.0,0.161689
1785567600,258864.0,258974.0,258655.0,258695.0,0.159845
1785571200,258816.0,258999.0,258815.0,258999.0,0.08755
1785574800,258999.0,259108.0,258864.0,258865.0,0.67587
1785578400,258865.0,258865.0,258816.0,258824.0,0.271636
1785582000,258823.0,258928.0,258822.0,258855.0,0.163934
1785585600,258856.0,258922.0,258835.0,258835.0,0.152185
1785589200,258835.0,258835.0,258816.0,258817.0,0.102084
1785592800,258817.0,258817.0,258655.0,258740.0,0.255003
1785596400,258740.0,258740.0,258500.0,258501.0,0.202259
1785600000,258501.0,258501.0,258036.0,258036.0,0.169231
1785603600,258231.0,258231.0,257371.0,257371.0,0.201576
1785607200,257370.0,257370.0,256001.0,256592.0,0.422705
1785610800,256748.0,256839.0,256616.0,256746.0,0.043717
1785614400,256746.0,257025.0,256746.0,257025.0,0.090839
1785618000,257262.0,257539.0,257262.0,257539.0,0.011174
1785621600,257552.0,257662.0,257552.0,257625.0,0.220846
1785625200,257661.0,257661.0,257391.0,257659.0,0.157876
1785628800,257775.0,258069.0,257774.0,257911.0,0.186397
1785632400,257911.0,258488.0,257910.0,258236.0,0.137749
1785636000,258237.0,260330.0,258236.0,260032.0,0.199474
1785639600,260084.0,260306.0,259893.0,260229.0,0.15111
1785643200,260253.0,260399.0,259762.0,260399.0,0.685057
1785646800,260399.0,260399.0,259771.0,259891.0,0.262233
1785650400,259891.0,260105.0,259888.0,260045.0,0.214006
1785654000,260045.0,260125.0,260044.0,260125.0,0.201773
1785657600,260125.0,260125.0,259022.0,259022.0,0.293577
1785661200,259023.0,259354.0,258577.0,259251.0,0.211451
1785664800,259251.0,259251.0,258539.0,258704.0,0.188496
1785668400,258692.0,258733.0,257900.0,257901.0,0.195215
1785672000,258019.0,258576.0,258019.0,258333.0,0.157817
1785675600,258334.0,258334.0,258000.0,258042.0,0.251755
1785679200,258042.0,258079.0,258000.0,258050.0,0.27592
1785682800,258051.0,258079.0,258001.0,258001.0,0.270983
1785686400,258001.0,258328.0,257900.0,257988.0,0.389655
1785690000,258145.0,258708.0,258145.0,258707.0,0.103154
1785693600,258708.0,259255.0,258580.0,258806.0,0.251392
1785697200,258812.0,259042.0,258788.0,259042.0,0.022506
1785700800,259042.0,259205.0,259042.0,259205.0,0.024056
1785704400,259205.0,260000.0,259205.0,259734.0,0.166443
1785708000,260027.0,260071.0,259153.0,259153.0,0.100029
1785711600,259153.0,259500.0,258975.0,259499.0,0.471933
1785715200,259500.0,259500.0,258399.0,258399.0,0.398298
1785718800,258315.0,258392.0,258048.0,258100.0,0.23951
1785722400,258213.0,258275.0,258100.0,258132.0,0.197617
1785726000,258105.0,258106.0,257500.0,257501.0,0.929932
1785729600,257501.0,257501.0,257200.0,257201.0,0.664353
1785733200,257201.0,257201.0,257000.0,257060.0,0.553737
1785736800,257060.0,257100.0,256342.0,256343.0,0.48406
1785740400,256316.0,256599.0,256166.0,256382.0,0.580074
1785744000,256383.0,256427.0,255580.0,256202.0,1.870437
1785747600,256244.0,257337.0,256201.0,257337.0,0.338766
1785751200,257399.0,257399.0,256992.0,257234.0,0.352207
1785754800,257234.0,257395.0,256686.0,256686.0,0.311128
1785758400,256686.0,257399.0,256685.0,257381.0,0.437846
1785762000,257381.0,259691.0,257190.0,259691.0,1.436761
1785765600,259501.0,261500.0,259086.0,261500.0,0.548064
1785769200,261522.0,261998.0,260801.0,260801.0,0.290254
1785772800,260947.0,261302.0,260812.0,261016.0,0.194291
1785776400,260770.0,261470.0,260770.0,261328.0,0.278236
1785780000,261328.0,261461.0,261030.0,261205.0,0.094942
1785783600,261272.0,261460.0,261272.0,261459.0,0.055291
1785787200,261133.0,261373.0,260860.0,260931.0,0.044444
1785790800,260931.0,260931.0,260271.0,260271.0,0.045624
1785794400,260272.0,260316.0,259677.0,259896.0,0.098893
1785798000,259896.0,259898.0,259633.0,259761.0,0.185556
1785801600,259760.0,260000.0,259293.0,259294.0,1.274022
1785805200,259354.0,261096.0,259354.0,261095.0,0.738643
1785808800,261096.0,261489.0,260587.0,261079.0,0.63334
1785812400,261043.0,261043.0,260662.0,260919.0,0.29679
1785816000,260918.0,261989.0,260860.0,261853.0,1.338819
1785819600,261691.0,261692.0,261015.0,261016.0,0.250256
1785823200,261016.0,261016.0,260365.0,260365.0,0.589288
1785826800,260365.0,260366.0,260006.0,260348.0,0.226712
1785830400,260345.0,260347.0,259459.0,259941.0,1.869653
1785834000,259889.0,260075.0,259836.0,260074.0,0.452937
1785837600,260075.0,260962.0,259660.0,260731.0,0.364842
1785841200,260730.0,261221.0,260626.0,261221.0,0.655013
1785844800,261220.0,261741.0,261220.0,261554.0,0.142169
1785848400,261507.0,261998.0,261178.0,261178.0,0.414204
1785852000,261179.0,262616.0,261001.0,262616.0,1.645757
1785855600,262741.0,262932.0,261794.0,262816.0,0.312296
1785859200,262733.0,262733.0,262069.0,262069.0,0.267072
1785862800,262498.0,262876.0,262366.0,262367.0,0.033772
1785866400,262276.0,263820.0,262276.0,263642.0,0.180305
1785870000,263642.0,263743.0,263642.0,263658.0,0.019328
1785873600,263648.0,263898.0,262804.0,263741.0,0.087959
1785877200,263761.0,263761.0,263216.0,263217.0,0.040874
1785880800,263237.0,263482.0,263162.0,263481.0,0.170216
1785884400,263481.0,264266.0,263000.0,263000.0,0.687425
1785888000,263001.0,263076.0,261167.0,262587.0,0.550602
1785891600,262587.0,263399.0,262489.0,263398.0,0.457834
1785895200,263399.0,263871.0,263399.0,263601.0,0.726369
1785898800,263602.0,263707.0,262416.0,262624.0,0.423576
1785902400,262624.0,262706.0,262253.0,262381.0,0.732431
1785906000,262381.0,263470.0,262380.0,263002.0,0.44659
1785909600,263022.0,263022.0,262750.0,262751.0,0.148889
1785913200,262750.0,262750.0,261693.0,262100.0,0.362569
1785916800,262101.0,262699.0,262101.0,262207.0,0.379576
1785920400,262207.0,262490.0,262206.0,262273.0,0.351797
1785924000,262273.0,262584.0,261826.0,261956.0,0.20432
1785927600,261956.0,262101.0,261956.0,262101.0,0.198035
1785931200,262101.0,263794.0,262101.0,263675.0,0.655641
1785934800,263676.0,263677.0,262088.0,263677.0,0.370108
1785938400,263676.0,263968.0,263408.0,263865.0,0.921084
1785942000,263994.0,264500.0,263674.0,263692.0,1.203376
1785945600,263692.0,264549.0,263692.0,264548.0,0.260893
1785949200,264549.0,264845.0,264074.0,264826.0,0.205664
1785952800,264817.0,264945.0,264585.0,264801.0,0.196383
1785956400,264801.0,265000.0,264800.0,265000.0,0.220558
1785960000,265000.0,265399.0,265000.0,265399.0,0.654444
1785963600,265076.0,265076.0,264589.0,264670.0,0.034408
1785967200,264650.0,264650.0,264584.0,264584.0,0.114017
1785970800,264585.0,264585.0,264303.0,264359.0,0.085959
1785974400,264359.0,264438.0,264126.0,264372.0,0.235179
1785978000,264372.0,264373.0,264000.0,264149.0,0.180227
1785981600,264059.0,264255.0,263802.0,264044.0,0.333028
1785985200,264095.0,264221.0,264045.0,264082.0,0.448201
1785988800,264082.0,264500.0,264082.0,264500.0,0.565416
1785992400,264500.0,265595.0,264499.0,265202.0,2.455481
1785996000,265202.0,265229.0,264467.0,264993.0,0.515451
1785999600,264983.0,265179.0,264827.0,265010.0,0.258107
1786003200,265010.0,265180.0,264994.0,265179.0,0.239333
1786006800,265179.0,265180.0,264347.0,264417.0,0.261297
1786010400,264398.0,264398.0,264135.0,264231.0,0.360713
1786014000,264208.0,264256.0,264014.0,264225.0,0.119457
1786017600,264224.0,264224.0,264000.0,264001.0,0.324023
1786021200,264000.0,264027.0,262734.0,263878.0,0.742576
1786024800,263775.0,265000.0,263751.0,264999.0,0.485594
1786028400,265000.0,265500.0,264494.0,264495.0,0.74933
1786032000,264493.0,264494.0,264187.0,264210.0,0.236443
1786035600,264209.0,264449.0,263967.0,263967.0,0.257006
1786039200,263949.0,263949.0,263167.0,263591.0,0.142098
1786042800,263224.0,263380.0,263183.0,263283.0,0.041319
1786046400,263521.0,263558.0,263256.0,263481.0,0.026317
1786050000,263203.0,263380.0,263183.0,263184.0,0.016266
1786053600,263184.0,263184.0,262742.0,262755.0,0.087573
1786057200,262786.0,262790.0,262248.0,262780.0,0.209592
1786060800,262779.0,262940.0,262597.0,262811.0,0.411671
1786064400,262997.0,263348.0,262896.0,263348.0,0.126258
1786068000,263349.0,263556.0,262802.0,263280.0,0.779031
1786071600,263219.0,263219.0,262675.0,262972.0,0.612896
1786075200,262973.0,263105.0,262603.0,262693.0,0.290071
1786078800,262734.0,263018.0,262501.0,262943.0,0.43187
1786082400,262952.0,263159.0,262868.0,262939.0,0.34968
1786086000,262939.0,262939.0,262833.0,262939.0,0.232738
1786089600,262939.0,263998.0,262938.0,263980.0,0.276785
1786093200,263980.0,265365.0,263979.0,264920.0,0.516533
1786096800,264927.0,265185.0,264920.0,265185.0,0.754903
1786100400,265185.0,265998.0,265185.0,265908.0,0.4273
1786104000,265907.0,266600.0,265800.0,266600.0,0.575427
1786107600,266599.0,266736.0,266410.0,266435.0,0.5795
1786111200,266435.0,266499.0,265235.0,265718.0,0.890439
1786114800,265718.0,265895.0,265435.0,265583.0,0.570077
1786118400,265583.0,265831.0,265010.0,265134.0,0.45961
1786122000,265134.0,265134.0,264263.0,264709.0,0.280927
1786125600,264888.0,265083.0,264888.0,265002.0,0.034636
1786129200,265021.0,265592.0,265021.0,265541.0,0.012231
1786132800,265532.0,265581.0,265424.0,265494.0,0.031957
1786136400,265494.0,265600.0,265457.0,265457.0,0.026324
1786140000,265457.0,265533.0,265271.0,265289.0,0.148462
1786143600,265289.0,265359.0,265288.0,265359.0,0.084384
1786147200,265359.0,265429.0,265289.0,265331.0,0.245768
1786150800,265349.0,265514.0,265348.0,265386.0,0.095807
1786154400,265386.0,265530.0,265349.0,265405.0,0.528291
1786158000,265406.0,265680.0,265405.0,265680.0,0.505295
1786161600,265700.0,265749.0,265626.0,265749.0,0.446688
1786165200,265749.0,265796.0,265723.0,265723.0,0.520683
1786168800,265795.0,265990.0,265731.0,265990.0,0.138495
1786172400,265923.0,265993.0,265857.0,265858.0,0.214921
1786176000,265858.0,266000.0,265857.0,266000.0,0.213574
1786179600,266000.0,266196.0,265999.0,266052.0,0.144482
1786183200,266051.0,266197.0,266051.0,266197.0,0.149234
1786186800,266197.0,266197.0,266054.0,266054.0,0.169542
1786190400,266053.0,266054.0,265921.0,265999.0,0.118683
1786194000,265998.0,265999.0,265998.0,265999.0,0.136046
1786197600,265998.0,266355.0,265998.0,266354.0,0.556444
1786201200,266354.0,266355.0,266352.0,266353.0,0.313288
1786204800,266352.0,266400.0,266352.0,266400.0,0.306688
1786208400,266400.0,266450.0,266399.0,266450.0,0.140145
1786212000,266450.0,266494.0,266449.0,266494.0,0.02274
1786215600,266494.0,266494.0,266493.0,266494.0,0.057632
1786219200,266494.0,266495.0,266494.0,266495.0,0.0372
1786222800,266494.0,266495.0,266494.0,266495.0,0.005056
1786226400,266495.0,266495.0,266322.0,266328.0,0.222808
1786230000,266327.0,266328.0,266327.0,266328.0,0.041297
1786233600,266327.0,266402.0,266327.0,266401.0,0.138203
1786237200,266402.0,266451.0,266084.0,266085.0,0.177523
1786240800,266001.0,266001.0,265905.0,265906.0,0.194337
1786244400,265905.0,265905.0,265552.0,265621.0,0.273849
1786248000,265621.0,265621.0,265620.0,265621.0,0.221701
1786251600,265621.0,265621.0,265489.0,265534.0,0.172165
1786255200,265534.0,265651.0,265533.0,265648.0,0.687586
1786258800,265648.0,265648.0,265615.0,265615.0,0.128983
1786262400,265616.0,265907.0,265615.0,265837.0,0.236679
1786266000,265837.0,265837.0,265801.0,265802.0,0.124747
1786269600,265802.0,266000.0,265801.0,266000.0,0.167904
1786273200,266099.0,266228.0,266098.0,266134.0,0.410444
1786276800,266134.0,266134.0,266098.0,266099.0,0.264242
1786280400,266158.0,266999.0,266158.0,266999.0,0.473157
1786284000,266999.0,266999.0,266832.0,266990.0,0.486693
1786287600,266989.0,266999.0,266989.0,266999.0,0.547644
1786291200,266998.0,267000.0,266998.0,266999.0,0.267796
1786294800,266999.0,266999.0,266998.0,266998.0,0.056886
1786298400,266998.0,266999.0,266998.0,266999.0,0.032472
1786302000,266999.0,266999.0,266998.0,266999.0,0.007819
1786305600,266998.0,266999.0,266997.0,266997.0,0.005122
1786309200,266998.0,266998.0,266997.0,266998.0,0.022507
1786312800,266997.0,267499.0,266405.0,266497.0,0.787843
1786316400,266451.0,266567.0,266000.0,266000.0,0.170888
1786320000,266000.0,267059.0,265830.0,265832.0,0.609216
1786323600,265831.0,266792.0,265617.0,266507.0,0.779178
1786327200,266507.0,266507.0,265532.0,266173.0,0.529045
1786330800,266172.0,266173.0,265556.0,265822.0,0.284566
1786334400,265821.0,265822.0,265528.0,265595.0,0.399282
1786338000,265594.0,265760.0,265500.0,265760.0,0.308419
1786341600,265760.0,266250.0,265760.0,266250.0,0.441053
1786345200,266250.0,266448.0,266249.0,266448.0,0.376466
1786348800,266447.0,266448.0,266387.0,266388.0,0.528581
1786352400,266387.0,266388.0,265966.0,265966.0,0.378188
1786356000,265966.0,265966.0,265856.0,265962.0,0.196811
1786359600,265962.0,265999.0,265962.0,265999.0,0.11385
1786363200,265999.0,266497.0,265315.0,265400.0,0.398026
1786366800,265400.0,265400.0,264376.0,264376.0,0.701128
1786370400,264376.0,265200.0,264376.0,265012.0,0.443938
1786374000,265012.0,265012.0,262502.0,263217.0,1.276435
1786377600,263217.0,263564.0,262046.0,262046.0,0.513764
1786381200,262047.0,262047.0,262008.0,262009.0,0.18272
1786384800,262008.0,262152.0,262008.0,262079.0,0.386446
1786388400,262079.0,262310.0,262079.0,262309.0,0.216055
1786392000,262310.0,262664.0,262309.0,262664.0,0.114342
1786395600,262768.0,262768.0,262413.0,262413.0,0.046642
1786399200,262401.0,262401.0,262333.0,262334.0,0.112068
1786402800,262333.0,262334.0,262330.0,262331.0,0.112444
1786406400,262330.0,262331.0,262330.0,262331.0,0.35654
1786410000,262331.0,262331.0,262124.0,262125.0,0.608485
1786413600,262124.0,262126.0,262110.0,262110.0,0.568243
1786417200,262111.0,262618.0,262110.0,262611.0,0.478874
1786420800,262610.0,262611.0,262610.0,262611.0,0.143808
1786424400,262611.0,262611.0,262518.0,262519.0,0.218738
1786428000,262519.0,262519.0,262195.0,262197.0,0.848555
1786431600,262197.0,262197.0,262196.0,262197.0,0.984917
1786435200,262197.0,262197.0,262196.0,262197.0,0.502056
1786438800,262196.0,262612.0,262196.0,262612.0,0.549569
1786442400,262695.0,262956.0,262653.0,262653.0,0.258649
1786446000,263000.0,263205.0,263000.0,263205.0,0.191273
1786449600,263206.0,263396.0,263148.0,263154.0,0.51115
1786453200,263154.0,263162.0,262296.0,262614.0,0.229521
1786456800,262614.0,262974.0,261551.0,261551.0,1.506027
1786460400,261550.0,261608.0,260544.0,260544.0,1.604859
1786464000,260544.0,260747.0,260544.0,260691.0,0.57659
1786467600,260691.0,260974.0,260614.0,260973.0,0.067817
1786471200,260974.0,260975.0,260122.0,260123.0,0.287958
1786474800,260123.0,260212.0,260100.0,260212.0,0.090323
1786478400,260439.0,261143.0,260439.0,261143.0,0.044216
1786482000,261143.0,261240.0,261143.0,261170.0,0.096601
1786485600,261170.0,261282.0,261150.0,261150.0,0.141553
1786489200,261151.0,261151.0,261026.0,261027.0,0.153757
1786492800,261027.0,261093.0,260917.0,261093.0,0.235899
1786496400,261093.0,261595.0,261092.0,261532.0,0.253973
1786500000,261531.0,261608.0,261523.0,261523.0,0.309508
1786503600,261523.0,261524.0,261210.0,261437.0,0.504333
1786507200,261437.0,261454.0,261412.0,261412.0,0.214387
1786510800,261412.0,261448.0,261412.0,261447.0,0.314125
1786514400,261447.0,261447.0,260891.0,260983.0,0.319308
1786518000,260982.0,261189.0,260982.0,261121.0,0.198742
1786521600,261123.0,261356.0,261108.0,261143.0,0.410226
1786525200,261143.0,261962.0,261129.0,261962.0,0.722132
1786528800,261998.0,262146.0,261930.0,262101.0,0.158089
1786532400,262319.0,262366.0,262048.0,262366.0,0.236127
1786536000,262366.0,263134.0,261738.0,262063.0,0.350755
1786539600,262178.0,262178.0,261244.0,261244.0,0.337336
1786543200,261090.0,261110.0,259360.0,259360.0,1.208502
1786546800,259329.0,259923.0,259261.0,259618.0,0.770652
1786550400,259601.0,259699.0,259502.0,259699.0,0.14064
1786554000,259698.0,259902.0,259605.0,259736.0,0.080314
1786557600,259616.0,259750.0,259604.0,259636.0,0.057671
1786561200,259636.0,259636.0,259579.0,259580.0,0.012028
1786564800,259832.0,259980.0,259815.0,259979.0,0.026953
1786568400,259980.0,259980.0,259789.0,259910.0,0.151224
1786572000,259910.0,259910.0,259580.0,259581.0,0.301206
1786575600,259580.0,259581.0,259553.0,259554.0,0.260062
1786579200,259554.0,260453.0,259554.0,260169.0,0.212744
1786582800,260031.0,260258.0,260000.0,260000.0,0.196213
1786586400,260000.0,260184.0,259878.0,260183.0,1.085765
1786590000,260183.0,260500.0,260183.0,260500.0,0.703449
1786593600,260500.0,260500.0,260433.0,260500.0,0.176951
1786597200,260500.0,261534.0,260499.0,261371.0,0.389965
1786600800,261371.0,261468.0,261215.0,261468.0,0.391139
1786604400,261468.0,261515.0,261369.0,261370.0,0.103576
1786608000,261370.0,261520.0,261370.0,261476.0,0.201867
1786611600,261477.0,261477.0,260715.0,260979.0,0.28417
1786615200,260979.0,260979.0,260593.0,260659.0,0.132394
1786618800,260659.0,260660.0,259897.0,259986.0,0.709809
1786622400,259986.0,260506.0,259986.0,260506.0,0.242011
1786626000,260508.0,260998.0,260108.0,260621.0,0.639533
1786629600,260663.0,261441.0,259999.0,261318.0,0.671156
1786633200,261311.0,261490.0,260006.0,260006.0,0.432537
1786636800,260006.0,260006.0,257878.0,258363.0,1.265112
1786640400,258393.0,258990.0,258393.0,258793.0,0.093698
1786644000,258715.0,259302.0,258715.0,259302.0,0.123333
1786647600,259837.0,259837.0,259610.0,259614.0,0.032484
1786651200,259615.0,259668.0,259388.0,259425.0,0.040645
1786654800,259455.0,259824.0,259455.0,259703.0,0.115287
1786658400,259786.0,260289.0,259786.0,260039.0,0.141843
1786662000,260040.0,260040.0,259739.0,259764.0,0.131915
1786665600,259763.0,259783.0,259751.0,259752.0,0.166603
1786669200,259752.0,259999.0,259751.0,259999.0,0.215102
1786672800,259998.0,260343.0,259834.0,259834.0,1.052056
1786676400,259834.0,260105.0,259500.0,259500.0,0.185532
1786680000,259500.0,259704.0,259500.0,259668.0,0.367733
1786683600,259667.0,259667.0,259336.0,259440.0,0.420466
1786687200,259440.0,259440.0,258251.0,258251.0,0.287535
1786690800,258252.0,258332.0,258002.0,258002.0,0.204005
1786694400,258002.0,258002.0,257391.0,257656.0,0.687228
1786698000,257655.0,257656.0,257318.0,257319.0,0.288614
1786701600,257318.0,257763.0,257318.0,257680.0,0.274583
1786705200,257680.0,257830.0,257679.0,257767.0,0.200838
1786708800,257766.0,257767.0,257601.0,257601.0,0.218691
1786712400,257601.0,257601.0,257060.0,257127.0,0.428734
1786716000,257127.0,257434.0,256869.0,256870.0,0.781677
1786719600,256998.0,258631.0,256998.0,258493.0,0.421024
1786723200,258444.0,259006.0,258381.0,259005.0,0.040029
1786726800,258999.0,259174.0,258935.0,258935.0,0.047905
1786730400,258743.0,258743.0,258331.0,258332.0,0.036347
1786734000,258331.0,258332.0,258049.0,258271.0,0.116977
1786737600,258271.0,258299.0,258116.0,258116.0,0.052998
1786741200,258116.0,258116.0,258051.0,258051.0,0.021733
1786744800,258052.0,258148.0,257842.0,257875.0,0.122784
1786748400,257875.0,258363.0,257875.0,258363.0,0.171846
1786752000,258363.0,258363.0,258351.0,258352.0,0.156255
1786755600,258352.0,258352.0,258351.0,258351.0,0.252348
1786759200,258352.0,258696.0,258352.0,258696.0,0.423406
1786762800,258695.0,258774.0,258695.0,258710.0,0.189632
1786766400,258710.0,258875.0,258709.0,258875.0,0.098823
1786770000,258875.0,258875.0,258742.0,258743.0,0.237466
1786773600,258743.0,258899.0,258742.0,258899.0,0.303471
1786777200,258899.0,258899.0,257875.0,258765.0,0.6237
1786780800,258766.0,258766.0,258485.0,258487.0,0.231559
1786784400,258487.0,258488.0,258313.0,258330.0,0.185052
1786788000,258330.0,258433.0,258329.0,258433.0,0.166823
1786791600,258439.0,258490.0,258439.0,258489.0,0.140266
1786795200,258490.0,258490.0,258443.0,258443.0,0.152217
1786798800,258444.0,258605.0,258444.0,258605.0,0.319499
1786802400,258605.0,258605.0,258604.0,258605.0,0.109758
1786806000,258605.0,258818.0,258604.0,258818.0,0.092483
1786809600,258818.0,258840.0,258817.0,258840.0,0.294622
1786813200,258840.0,258840.0,258819.0,258829.0,0.260446
1786816800,258830.0,258830.0,258828.0,258829.0,0.018442
1786820400,258828.0,258829.0,258828.0,258829.0,0.028658
1786824000,258829.0,258829.0,258828.0,258829.0,0.135143
1786827600,258828.0,258829.0,258828.0,258829.0,0.019741
1786831200,258829.0,258829.0,258828.0,258829.0,0.193307
1786834800,258829.0,258839.0,258828.0,258839.0,0.153115
1786838400,258838.0,258839.0,258838.0,258839.0,0.103872
1786842000,258839.0,258839.0,258828.0,258829.0,0.240913
1786845600,258829.0,258990.0,258828.0,258990.0,0.197667
1786849200,258990.0,258991.0,258989.0,258991.0,0.289
1786852800,258990.0,259168.0,258990.0,259075.0,0.30568
1786856400,259074.0,259075.0,258828.0,258828.0,0.232893
1786860000,258828.0,258829.0,258828.0,258829.0,0.198843
1786863600,258829.0,258829.0,258828.0,258828.0,0.111949
1786867200,258829.0,258829.0,258605.0,258693.0,0.5747
1786870800,258694.0,258694.0,258604.0,258605.0,0.142945
1786874400,258605.0,258605.0,258600.0,258600.0,0.123337
1786878000,258600.0,258601.0,258451.0,258452.0,0.325288
1786881600,258452.0,258503.0,258451.0,258503.0,0.14868
1786885200,258503.0,258664.0,258502.0,258664.0,0.406063
1786888800,258663.0,258698.0,258612.0,258694.0,0.36638
1786892400,258693.0,258694.0,258626.0,258627.0,1.706617
1786896000,258626.0,259187.0,258551.0,258672.0,1.229415
1786899600,258671.0,258671.0,258552.0,258552.0,0.057182
1786903200,258552.0,258552.0,258503.0,258504.0,0.018529
1786906800,258504.0,258518.0,258503.0,258503.0,0.061743
1786910400,258503.0,258503.0,258439.0,258439.0,0.046796
1786914000,258400.0,258400.0,257688.0,257893.0,0.096839
1786917600,257687.0,257687.0,257100.0,257289.0,0.236111
1786921200,257289.0,257710.0,257263.0,257393.0,0.254706
1786924800,257392.0,257436.0,257001.0,257326.0,0.372623
1786928400,257327.0,258512.0,257327.0,258162.0,0.296569
1786932000,258162.0,259131.0,258000.0,259131.0,0.580562
1786935600,259130.0,259131.0,258782.0,258955.0,0.128878
1786939200,259031.0,259136.0,258958.0,259135.0,0.256877
1786942800,259135.0,259177.0,258602.0,259017.0,0.816987
1786946400,258957.0,259447.0,258940.0,259200.0,0.552863
1786950000,259074.0,259074.0,258836.0,258868.0,0.171306
1786953600,258867.0,258867.0,258000.0,258001.0,0.393217
1786957200,258000.0,258130.0,257018.0,257609.0,1.335911
1786960800,257609.0,258814.0,257276.0,258814.0,0.214305
1786964400,258873.0,259000.0,258782.0,258809.0,0.531584
1786968000,258810.0,258810.0,258630.0,258693.0,0.171031
1786971600,258693.0,259168.0,258526.0,258868.0,0.767616
1786975200,258869.0,259038.0,258522.0,259038.0,1.19332
1786978800,259351.0,260892.0,259350.0,260656.0,0.821629
1786982400,260813.0,260813.0,260319.0,260442.0,0.114132
1786986000,260460.0,261255.0,260001.0,261255.0,0.072337
1786989600,261256.0,261996.0,261256.0,261758.0,0.080728
1786993200,261552.0,261661.0,261302.0,261302.0,0.017002
1786996800,261321.0,261642.0,261267.0,261635.0,0.043213
1787000400,261636.0,261636.0,261323.0,261612.0,0.012341
1787004000,261545.0,261566.0,261296.0,261297.0,0.11948
1787007600,261297.0,262000.0,261296.0,262000.0,0.328939
1787011200,262000.0,262000.0,261440.0,261446.0,0.227265
1787014800,261434.0,261434.0,260996.0,260996.0,0.361682
1787018400,260996.0,260996.0,260645.0,260645.0,0.25322
1787022000,260645.0,260646.0,260644.0,260646.0,0.350656
1787025600,260646.0,260839.0,260645.0,260838.0,0.439515
1787029200,260839.0,260999.0,260813.0,260964.0,0.275669
1787032800,260965.0,261550.0,260964.0,261235.0,0.686432
1787036400,261236.0,261262.0,261204.0,261205.0,0.506625
1787040000,261203.0,261203.0,260919.0,261183.0,0.300705
1787043600,261183.0,261183.0,260916.0,260917.0,0.534803
1787047200,260917.0,260986.0,260916.0,260985.0,0.270524
1787050800,260985.0,261569.0,260985.0,261496.0,0.234012
1787054400,261495.0,261496.0,261490.0,261490.0,0.151947
1787058000,261490.0,261490.0,261000.0,261125.0,0.371566
1787061600,261150.0,264000.0,261150.0,263204.0,1.077298
1787065200,263201.0,263649.0,262856.0,263562.0,0.806939
1787068800,263625.0,263625.0,263000.0,263315.0,0.152801
1787072400,263316.0,263316.0,263002.0,263002.0,0.106205
1787076000,263001.0,263307.0,262662.0,263171.0,0.07981
1787079600,263012.0,263043.0,262854.0,262855.0,0.014009
1787083200,262854.0,262854.0,262600.0,262601.0,0.030721
1787086800,262707.0,262707.0,262299.0,262412.0,0.152224
1787090400,262455.0,262556.0,262225.0,262512.0,0.179838
1787094000,262545.0,262971.0,262530.0,262784.0,0.166213
1787097600,262784.0,262784.0,262233.0,262234.0,0.298954
1787101200,262234.0,262234.0,261648.0,261829.0,0.530064
1787104800,261784.0,261785.0,261556.0,261556.0,0.438037
1787108400,261555.0,261739.0,261494.0,261495.0,0.398143
1787112000,261495.0,261549.0,261487.0,261487.0,0.160984
1787115600,261488.0,261550.0,261488.0,261490.0,0.530937
1787119200,261490.0,261536.0,261451.0,261536.0,0.628143
1787122800,261536.0,261578.0,261535.0,261577.0,0.423727
1787126400,261577.0,261996.0,261501.0,261996.0,0.25969
1787130000,261995.0,262008.0,261819.0,261868.0,0.219476
1787133600,261953.0,261974.0,261893.0,261974.0,0.201279
1787137200,262065.0,262332.0,262065.0,262227.0,0.163229
1787140800,262227.0,263864.0,262226.0,263687.0,1.067152
1787144400,263594.0,264849.0,263378.0,264396.0,0.978329
1787148000,264395.0,267000.0,264395.0,267000.0,1.761473
1787151600,267000.0,280720.0,267000.0,277517.0,10.565111
1787155200,277552.0,278997.0,277552.0,277990.0,2.973027
1787158800,277990.0,277991.0,275406.0,276694.0,1.335944
1787162400,276584.0,277361.0,276200.0,277073.0,0.266425
1787166000,277118.0,277153.0,276230.0,276982.0,0.229926
1787169600,276981.0,280500.0,276981.0,279717.0,1.192814
1787173200,279183.0,282298.0,279183.0,281752.0,1.941342
1787176800,281866.0,281866.0,279038.0,279398.0,1.275085
1787180400,279399.0,280000.0,279171.0,279471.0,1.437267
1787184000,279470.0,280499.0,279470.0,279551.0,1.329776
1787187600,279551.0,280691.0,279400.0,279916.0,1.079221
1787191200,280180.0,280265.0,278888.0,278915.0,1.713542
1787194800,278888.0,278889.0,277794.0,278426.0,1.269329
1787198400,278417.0,279694.0,278403.0,279512.0,0.686025
1787202000,279512.0,279898.0,279346.0,279347.0,0.582216
1787205600,279346.0,280997.0,279346.0,280899.0,1.20139
1787209200,280830.0,281000.0,280236.0,280858.0,0.812235
1787212800,280858.0,288688.0,280857.0,288245.0,2.955403
1787216400,288245.0,289799.0,287627.0,288793.0,2.571311
1787220000,288775.0,290999.0,288766.0,289419.0,3.078123
1787223600,289420.0,290501.0,287563.0,288952.0,2.22278
1787227200,288941.0,289196.0,287276.0,288415.0,1.393342
1787230800,288415.0,289186.0,286307.0,287959.0,1.096522
1787234400,287960.0,288723.0,287011.0,288141.0,1.635956
1787238000,288344.0,291000.0,288172.0,290291.0,1.702994
1787241600,290292.0,290992.0,288518.0,290058.0,1.099519
1787245200,289897.0,290994.0,288000.0,289998.0,1.720699
1787248800,289561.0,290000.0,288001.0,288685.0,0.426557
1787252400,288681.0,289998.0,288000.0,289996.0,0.405922
1787256000,289996.0,290999.0,288725.0,289080.0,0.234448
1787259600,290980.0,290980.0,288001.0,288564.0,0.556022
1787263200,289623.0,289623.0,288014.0,289007.0,0.765464
1787266800,289008.0,293270.0,289007.0,293270.0,2.365298
1787270400,293278.0,296160.0,293277.0,295889.0,3.04963
1787274000,295651.0,302296.0,295651.0,300714.0,4.999786
1787277600,300714.0,301352.0,298676.0,298677.0,1.863918
1787281200,298677.0,299998.0,298000.0,299627.0,1.354948
1787284800,299304.0,300967.0,299000.0,300398.0,1.654602
1787288400,300398.0,301999.0,300004.0,301997.0,1.726046
1787292000,301998.0,302716.0,300941.0,302693.0,1.490088
1787295600,302690.0,307441.0,302081.0,305563.0,4.416319
1787299200,306319.0,314000.0,306266.0,313998.0,4.940163
1787302800,314000.0,314000.0,308202.0,310500.0,2.80448
1787306400,310500.0,311996.0,309164.0,311151.0,2.073842
1787310000,311381.0,311464.0,307065.0,307477.0,2.360355
1787313600,307478.0,309999.0,306999.0,309240.0,2.172462
1787317200,309247.0,310979.0,305000.0,309774.0,2.483822
1787320800,309397.0,309999.0,306987.0,309999.0,1.654801
1787324400,309999.0,311500.0,309476.0,309476.0,2.041334
1787328000,309592.0,310785.0,306371.0,310778.0,1.244479
1787331600,310777.0,311488.0,310070.0,310544.0,0.662956
1787335200,310400.0,310823.0,307662.0,308602.0,0.537346
1787338800,309317.0,309877.0,308410.0,308946.0,0.19007
1787342400,308437.0,310353.0,308437.0,309993.0,0.078287
1787346000,310001.0,312000.0,309879.0,311833.0,0.685597
1787349600,311792.0,313000.0,310000.0,312100.0,2.217273
1787353200,312034.0,312487.0,311466.0,312185.0,0.727539
1787356800,312195.0,312487.0,309310.0,310029.0,1.74039
1787360400,310029.0,311399.0,309753.0,310336.0,1.240218
1787364000,310292.0,310999.0,309753.0,310998.0,1.17281
1787367600,311000.0,313498.0,310222.0,312299.0,3.308067
1787371200,312268.0,312745.0,311301.0,312736.0,1.508265
1787374800,312735.0,312746.0,307500.0,309997.0,6.871482
1787378400,309998.0,311352.0,308305.0,310455.0,3.318731
1787382000,310454.0,311184.0,310231.0,310496.0,0.984948
1787385600,310495.0,310982.0,310000.0,310126.0,1.434643
1787389200,310126.0,310868.0,309104.0,309246.0,1.269864
1787392800,309560.0,309560.0,305000.0,308218.0,2.324934
1787396400,308218.0,308218.0,306303.0,306953.0,0.886511
1787400000,307565.0,308883.0,307279.0,308883.0,0.479472
1787403600,308882.0,309000.0,307018.0,308075.0,1.305049
1787407200,308075.0,308075.0,300000.0,307108.0,1.342134
1787410800,307181.0,307386.0,298500.0,305190.0,1.713743
1787414400,305189.0,306998.0,303860.0,306834.0,0.45124
1787418000,306997.0,307001.0,306060.0,307000.0,0.302168
1787421600,307210.0,307499.0,306080.0,307131.0,0.357305
1787425200,307131.0,307299.0,306782.0,307119.0,0.159421
1787428800,307120.0,307120.0,307075.0,307119.0,0.025207
1787432400,306633.0,307118.0,300250.0,305065.0,0.504648
1787436000,305065.0,307118.0,305065.0,306407.0,0.12317
1787439600,306087.0,306087.0,305711.0,305831.0,0.219954
1787443200,305838.0,307120.0,305711.0,307117.0,0.787851
1787446800,307115.0,307300.0,305891.0,307299.0,0.595309
1787450400,307299.0,307300.0,301024.0,306268.0,1.289319
1787454000,306268.0,306981.0,303888.0,306226.0,0.941479
1787457600,306148.0,306148.0,305006.0,305250.0,0.544008
1787461200,305250.0,305310.0,302100.0,302881.0,1.375186
1787464800,302792.0,304217.0,300000.0,303525.0,1.397368
1787468400,303525.0,304280.0,302632.0,304001.0,1.153869
1787472000,304001.0,305110.0,303267.0,305109.0,0.836467
1787475600,305110.0,306267.0,305110.0,306155.0,0.898332
1787479200,306156.0,306980.0,305884.0,306980.0,0.627756
1787482800,306980.0,308076.0,306374.0,308076.0,0.649401
1787486400,308076.0,308385.0,307061.0,308126.0,0.360416
1787490000,308384.0,309999.0,307805.0,309919.0,1.399977
1787493600,309920.0,310000.0,308500.0,309562.0,1.836711
1787497200,309561.0,310000.0,309300.0,309710.0,0.708868
1787500800,309709.0,310098.0,309709.0,310098.0,1.076877
1787504400,310097.0,310097.0,309276.0,309570.0,0.863144
1787508000,309570.0,309979.0,309407.0,309720.0,0.08907
1787511600,309683.0,310000.0,309683.0,309987.0,0.034058
1787515200,309828.0,310000.0,309707.0,309999.0,0.080373
1787518800,310000.0,311934.0,310000.0,310871.0,0.212815
1787522400,311200.0,311200.0,309833.0,310430.0,0.21619
1787526000,310640.0,311002.0,309078.0,311002.0,0.375554
1787529600,311197.0,311200.0,309608.0,310615.0,0.509539
1787533200,310980.0,311199.0,309300.0,309300.0,1.104164
1787536800,309301.0,310999.0,309022.0,310437.0,0.728012
1787540400,310437.0,310437.0,309232.0,309579.0,0.828342
1787544000,309649.0,310396.0,309000.0,309001.0,0.56896
1787547600,309050.0,310435.0,309050.0,310291.0,0.577006
1787551200,310291.0,311810.0,310124.0,311751.0,1.631012
1787554800,311808.0,312506.0,311156.0,311157.0,1.06293
1787558400,311157.0,311385.0,309761.0,310337.0,0.495853
1787562000,310337.0,312500.0,310336.0,312500.0,0.739998
1787565600,312500.0,313888.0,312500.0,312636.0,1.318875
1787569200,312636.0,316000.0,312475.0,315810.0,3.274336
1787572800,315622.0,319000.0,314456.0,318889.0,1.709432
1787576400,318889.0,319200.0,314277.0,316479.0,2.090232
1787580000,316479.0,321000.0,316479.0,320012.0,3.606053
1787583600,320079.0,321606.0,317835.0,318239.0,1.82146
1787587200,318658.0,321098.0,317407.0,318481.0,1.61607
1787590800,318481.0,318586.0,316289.0,316290.0,1.669595
1787594400,316290.0,318136.0,316290.0,317600.0,0.162487
1787598000,318040.0,318040.0,316802.0,316862.0,0.06863
1787601600,316664.0,317748.0,316105.0,317583.0,0.111337
1787605200,317584.0,317861.0,317575.0,317860.0,0.13878
1787608800,317814.0,317815.0,316001.0,317002.0,0.235595
1787612400,317002.0,317690.0,316477.0,317638.0,0.168066
1787616000,317638.0,320817.0,317006.0,320816.0,0.668656
1787619600,320817.0,320999.0,319887.0,320778.0,1.134705
1787623200,320778.0,325000.0,320777.0,324042.0,5.739913
1787626800,324043.0,324979.0,323500.0,323507.0,1.340991
1787630400,323707.0,323858.0,323000.0,323269.0,0.800087
1787634000,323322.0,324876.0,323118.0,324872.0,0.480746
1787637600,324873.0,325000.0,324243.0,324243.0,0.795609
1787641200,324244.0,324997.0,320001.0,321144.0,1.091005
1787644800,321144.0,322974.0,321062.0,321845.0,0.739233
1787648400,321846.0,321846.0,318685.0,318688.0,1.018421
1787652000,319088.0,319999.0,318560.0,319782.0,0.300918
1787655600,319781.0,319998.0,319005.0,319450.0,0.558437
1787659200,319450.0,319450.0,318001.0,318697.0,0.950299
1787662800,318698.0,319165.0,316000.0,316890.0,1.472516
1787666400,317149.0,319999.0,317149.0,319839.0,0.792945
1787670000,319834.0,320250.0,319228.0,320250.0,0.615416
1787673600,320396.0,320718.0,319274.0,319487.0,0.326344
1787677200,319486.0,319559.0,318027.0,319554.0,0.160718
1787680800,319554.0,319832.0,319297.0,319506.0,0.125277
1787684400,319506.0,319507.0,317852.0,318413.0,0.161889
1787688000,318524.0,318524.0,316258.0,316258.0,0.212639
1787691600,316258.0,317450.0,315501.0,317450.0,0.386808
1787695200,317447.0,318486.0,317446.0,318472.0,0.198393
1787698800,318473.0,318609.0,316895.0,317139.0,0.362269
1787702400,317139.0,317500.0,316254.0,317500.0,0.990576
1787706000,317500.0,318123.0,317499.0,317706.0,1.090987
1787709600,317706.0,318875.0,317002.0,318556.0,1.343807
1787713200,318555.0,318556.0,318008.0,318171.0,1.084263
1787716800,318171.0,318447.0,317628.0,317628.0,0.519998
1787720400,317629.0,318283.0,317022.0,318126.0,0.582647
1787724000,318154.0,318283.0,317598.0,317654.0,0.478905
1787727600,317625.0,317948.0,317551.0,317699.0,0.169732
1787731200,317641.0,317919.0,314932.0,316467.0,2.303994
1787734800,316405.0,316928.0,315095.0,315616.0,0.844926
1787738400,315617.0,316799.0,315260.0,316634.0,0.718968
1787742000,316633.0,316633.0,315287.0,315610.0,0.333307
1787745600,315609.0,316228.0,314022.0,315099.0,0.761052
1787749200,314814.0,315933.0,313766.0,315355.0,1.760989
1787752800,315355.0,315986.0,312556.0,312648.0,1.181664
1787756400,312631.0,313727.0,312203.0,313346.0,1.329129
1787760000,313346.0,313725.0,313199.0,313367.0,0.622937
1787763600,313363.0,315005.0,313363.0,314999.0,0.584759
1787767200,314998.0,315366.0,314645.0,314785.0,0.122582
1787770800,314980.0,315216.0,314507.0,315212.0,0.045205
1787774400,315204.0,315204.0,314271.0,314859.0,0.118556
1787778000,314860.0,316001.0,314860.0,315966.0,0.117156
1787781600,315966.0,316424.0,315642.0,315642.0,0.574939
1787785200,315742.0,317555.0,315742.0,317300.0,0.207489
1787788800,317301.0,317301.0,316520.0,316521.0,0.45579
1787792400,316500.0,317328.0,316231.0,317304.0,0.337215
1787796000,317148.0,317244.0,316444.0,316456.0,0.465869
1787799600,316451.0,317042.0,316275.0,316876.0,0.675559
1787803200,316876.0,316968.0,316660.0,316661.0,0.445617
1787806800,316661.0,316885.0,316300.0,316881.0,0.372103
1787810400,317015.0,317015.0,316379.0,316699.0,0.454139
1787814000,316699.0,317699.0,316695.0,317699.0,1.139197
1787817600,317699.0,321345.0,317699.0,320545.0,2.56561
1787821200,320545.0,322800.0,320332.0,321419.0,1.092457
1787824800,321421.0,321832.0,319452.0,319971.0,0.848737
1787828400,319972.0,320426.0,318864.0,319227.0,0.985294
1787832000,319227.0,319363.0,318589.0,318751.0,0.325968
1787835600,318751.0,319330.0,317719.0,319330.0,0.393136
1787839200,319486.0,322604.0,319100.0,322390.0,1.678681
1787842800,322388.0,324000.0,322033.0,322862.0,1.263335
1787846400,322861.0,323632.0,322584.0,323150.0,0.705171
1787850000,323067.0,324500.0,322581.0,323549.0,0.459877
1787853600,323500.0,323501.0,320982.0,321902.0,0.542364
1787857200,322047.0,322365.0,321571.0,321571.0,0.066698
1787860800,321394.0,321783.0,321394.0,321658.0,0.040848
1787864400,321769.0,321888.0,321750.0,321888.0,0.065212
1787868000,321888.0,322898.0,321888.0,322595.0,0.473178
1787871600,322595.0,322655.0,320023.0,322456.0,0.849377
1787875200,322456.0,323500.0,322346.0,323484.0,0.864427
1787878800,323441.0,325998.0,323177.0,323180.0,3.23499
1787882400,323106.0,323106.0,320627.0,320869.0,0.60144
1787886000,320869.0,321306.0,320144.0,320507.0,0.922551
1787889600,320508.0,320869.0,320000.0,320197.0,0.912269
1787893200,320189.0,320741.0,320094.0,320739.0,0.291567
1787896800,320740.0,321212.0,320740.0,321206.0,0.839236
1787900400,321207.0,321207.0,320240.0,320241.0,0.605415
1787904000,320241.0,320852.0,320007.0,320007.0,0.571551
1787907600,320007.0,320007.0,319016.0,319016.0,0.655272
1787911200,319016.0,319415.0,318400.0,319415.0,0.693842
1787914800,319415.0,320300.0,319415.0,319913.0,0.165093
1787918400,319913.0,320148.0,318000.0,319167.0,0.964767
1787922000,319167.0,319350.0,318001.0,319350.0,0.608039
1787925600,319350.0,320038.0,316000.0,319885.0,1.101901
1787929200,319743.0,320717.0,315655.0,315655.0,0.881553
1787932800,315655.0,315655.0,310101.0,313301.0,3.801561
1787936400,313301.0,314119.0,312693.0,313490.0,0.285688
1787940000,313491.0,313491.0,311166.0,311871.0,0.544745
1787943600,312129.0,312811.0,311850.0,312092.0,0.124713
1787947200,312105.0,312183.0,311699.0,311700.0,0.088714
1787950800,311699.0,311700.0,311331.0,311332.0,0.275217
1787954400,311332.0,312764.0,311332.0,312631.0,0.303878
1787958000,312743.0,312747.0,312729.0,312747.0,0.502862
1787961600,312747.0,313452.0,312747.0,313402.0,0.459063
1787965200,313402.0,313402.0,312910.0,313243.0,0.312178
1787968800,313242.0,313243.0,313025.0,313026.0,0.371337
1787972400,313025.0,313026.0,313024.0,313024.0,0.275134
1787976000,313024.0,313025.0,313024.0,313025.0,0.214491
1787979600,313025.0,313025.0,313024.0,313025.0,0.357575
1787983200,313025.0,313025.0,312701.0,312701.0,0.33061
1787986800,312702.0,312778.0,312701.0,312778.0,0.222012
1787990400,312778.0,313240.0,312777.0,313238.0,0.871429
1787994000,313237.0,313356.0,313237.0,313332.0,0.401441
1787997600,313332.0,313373.0,313331.0,313372.0,0.247684
1788001200,313373.0,313373.0,313371.0,313371.0,0.315321
1788004800,313371.0,313372.0,313301.0,313302.0,0.208807
1788008400,313302.0,313368.0,313301.0,313368.0,0.299105
1788012000,313368.0,314799.0,313367.0,314799.0,0.371113
1788015600,314799.0,314799.0,314002.0,314002.0,0.620722
1788019200,314002.0,314792.0,314002.0,314707.0,0.651982
1788022800,314707.0,314707.0,314705.0,314706.0,0.053942
1788026400,314706.0,315000.0,314706.0,315000.0,0.182303
1788030000,315000.0,315327.0,315000.0,315261.0,0.540705
1788033600,315261.0,315261.0,315260.0,315260.0,0.006362
1788037200,315260.0,315261.0,315260.0,315261.0,0.009127
1788040800,315260.0,315261.0,314973.0,315219.0,0.161734
1788044400,315218.0,315397.0,315218.0,315397.0,0.09323
1788048000,315397.0,315397.0,315363.0,315395.0,0.23481
1788051600,315395.0,315395.0,312005.0,314988.0,0.877072
1788055200,314989.0,314989.0,314917.0,314928.0,0.197208
1788058800,314927.0,314999.0,314927.0,314999.0,0.621743
1788062400,314999.0,315000.0,314918.0,314919.0,0.421637
1788066000,314919.0,314985.0,314918.0,314985.0,0.52278
1788069600,314985.0,315648.0,314984.0,315520.0,1.073043
1788073200,315519.0,315520.0,315401.0,315402.0,0.358907
1788076800,315401.0,315401.0,315174.0,315175.0,0.247691
1788080400,315174.0,315175.0,314509.0,314895.0,0.46156
1788084000,314894.0,315158.0,314803.0,315158.0,0.356381
1788087600,315174.0,315403.0,315174.0,315352.0,0.250666
1788091200,315352.0,317463.0,315352.0,317399.0,0.773017
1788094800,317398.0,318563.0,317398.0,318563.0,0.856779
1788098400,318562.0,318563.0,318064.0,318064.0,0.609283
1788102000,318063.0,318251.0,318001.0,318250.0,0.650447
1788105600,318251.0,319915.0,318248.0,319914.0,0.764836
1788109200,319915.0,319915.0,318069.0,318716.0,0.766775
1788112800,318614.0,318615.0,318072.0,318614.0,0.175653
1788116400,318614.0,318614.0,318039.0,318040.0,0.096281
1788120000,318040.0,318334.0,317001.0,317356.0,0.20029
1788123600,317355.0,317400.0,316066.0,317046.0,0.089795
1788127200,317047.0,317607.0,316038.0,316623.0,0.292703
1788130800,316623.0,316623.0,311527.0,313726.0,1.58649
1788134400,313726.0,315544.0,313294.0,315164.0,1.211965
1788138000,315163.0,315163.0,313519.0,314006.0,1.430343
1788141600,314006.0,314889.0,313264.0,313264.0,0.826995
1788145200,313034.0,314758.0,313005.0,314455.0,0.417979
1788148800,314442.0,314442.0,313034.0,313857.0,0.602447
1788152400,313857.0,315000.0,313673.0,315000.0,0.439575
1788156000,314999.0,315431.0,314800.0,315226.0,0.324685
1788159600,315226.0,315930.0,315050.0,315930.0,0.268485
1788163200,315930.0,316429.0,315076.0,316429.0,0.403655
1788166800,316429.0,317777.0,316429.0,317439.0,0.212924
